[2025-10-11T14:56:59.005+0000] {processor.py:161} INFO - Started process (PID=2412) to work on /home/airflow/.local/lib/python3.8/site-packages/airflow/example_dags/example_short_circuit_decorator.py
[2025-10-11T14:56:59.013+0000] {processor.py:830} INFO - Processing file /home/airflow/.local/lib/python3.8/site-packages/airflow/example_dags/example_short_circuit_decorator.py for tasks to queue
[2025-10-11T14:56:59.018+0000] {logging_mixin.py:188} INFO - [2025-10-11T14:56:59.017+0000] {dagbag.py:538} INFO - Filling up the DagBag from /home/airflow/.local/lib/python3.8/site-packages/airflow/example_dags/example_short_circuit_decorator.py
[2025-10-11T14:56:59.073+0000] {processor.py:840} INFO - DAG(s) 'example_short_circuit_decorator' retrieved from /home/airflow/.local/lib/python3.8/site-packages/airflow/example_dags/example_short_circuit_decorator.py
[2025-10-11T14:56:59.246+0000] {logging_mixin.py:188} INFO - [2025-10-11T14:56:59.245+0000] {dag.py:3036} INFO - Sync 1 DAGs
[2025-10-11T14:56:59.450+0000] {logging_mixin.py:188} INFO - [2025-10-11T14:56:59.449+0000] {dag.py:3823} INFO - Setting next_dagrun for example_short_circuit_decorator to 2025-10-10 00:00:00+00:00, run_after=2025-10-11 00:00:00+00:00
[2025-10-11T14:56:59.610+0000] {processor.py:183} INFO - Processing /home/airflow/.local/lib/python3.8/site-packages/airflow/example_dags/example_short_circuit_decorator.py took 0.625 seconds
[2025-10-11T14:57:32.123+0000] {processor.py:161} INFO - Started process (PID=2482) to work on /home/airflow/.local/lib/python3.8/site-packages/airflow/example_dags/example_short_circuit_decorator.py
[2025-10-11T14:57:32.125+0000] {processor.py:830} INFO - Processing file /home/airflow/.local/lib/python3.8/site-packages/airflow/example_dags/example_short_circuit_decorator.py for tasks to queue
[2025-10-11T14:57:32.130+0000] {logging_mixin.py:188} INFO - [2025-10-11T14:57:32.130+0000] {dagbag.py:538} INFO - Filling up the DagBag from /home/airflow/.local/lib/python3.8/site-packages/airflow/example_dags/example_short_circuit_decorator.py
[2025-10-11T14:57:32.154+0000] {processor.py:840} INFO - DAG(s) 'example_short_circuit_decorator' retrieved from /home/airflow/.local/lib/python3.8/site-packages/airflow/example_dags/example_short_circuit_decorator.py
[2025-10-11T14:57:32.199+0000] {logging_mixin.py:188} INFO - [2025-10-11T14:57:32.199+0000] {dag.py:3036} INFO - Sync 1 DAGs
[2025-10-11T14:57:32.237+0000] {logging_mixin.py:188} INFO - [2025-10-11T14:57:32.237+0000] {dag.py:3823} INFO - Setting next_dagrun for example_short_circuit_decorator to 2025-10-10 00:00:00+00:00, run_after=2025-10-11 00:00:00+00:00
[2025-10-11T14:57:32.273+0000] {processor.py:183} INFO - Processing /home/airflow/.local/lib/python3.8/site-packages/airflow/example_dags/example_short_circuit_decorator.py took 0.158 seconds
[2025-10-11T14:58:02.846+0000] {processor.py:161} INFO - Started process (PID=2551) to work on /home/airflow/.local/lib/python3.8/site-packages/airflow/example_dags/example_short_circuit_decorator.py
[2025-10-11T14:58:02.847+0000] {processor.py:830} INFO - Processing file /home/airflow/.local/lib/python3.8/site-packages/airflow/example_dags/example_short_circuit_decorator.py for tasks to queue
[2025-10-11T14:58:02.851+0000] {logging_mixin.py:188} INFO - [2025-10-11T14:58:02.850+0000] {dagbag.py:538} INFO - Filling up the DagBag from /home/airflow/.local/lib/python3.8/site-packages/airflow/example_dags/example_short_circuit_decorator.py
[2025-10-11T14:58:02.868+0000] {processor.py:840} INFO - DAG(s) 'example_short_circuit_decorator' retrieved from /home/airflow/.local/lib/python3.8/site-packages/airflow/example_dags/example_short_circuit_decorator.py
[2025-10-11T14:58:02.926+0000] {logging_mixin.py:188} INFO - [2025-10-11T14:58:02.925+0000] {dag.py:3036} INFO - Sync 1 DAGs
[2025-10-11T14:58:02.972+0000] {logging_mixin.py:188} INFO - [2025-10-11T14:58:02.972+0000] {dag.py:3823} INFO - Setting next_dagrun for example_short_circuit_decorator to 2025-10-10 00:00:00+00:00, run_after=2025-10-11 00:00:00+00:00
[2025-10-11T14:58:03.006+0000] {processor.py:183} INFO - Processing /home/airflow/.local/lib/python3.8/site-packages/airflow/example_dags/example_short_circuit_decorator.py took 0.165 seconds
[2025-10-11T14:58:34.131+0000] {processor.py:161} INFO - Started process (PID=2621) to work on /home/airflow/.local/lib/python3.8/site-packages/airflow/example_dags/example_short_circuit_decorator.py
[2025-10-11T14:58:34.132+0000] {processor.py:830} INFO - Processing file /home/airflow/.local/lib/python3.8/site-packages/airflow/example_dags/example_short_circuit_decorator.py for tasks to queue
[2025-10-11T14:58:34.135+0000] {logging_mixin.py:188} INFO - [2025-10-11T14:58:34.135+0000] {dagbag.py:538} INFO - Filling up the DagBag from /home/airflow/.local/lib/python3.8/site-packages/airflow/example_dags/example_short_circuit_decorator.py
[2025-10-11T14:58:34.153+0000] {processor.py:840} INFO - DAG(s) 'example_short_circuit_decorator' retrieved from /home/airflow/.local/lib/python3.8/site-packages/airflow/example_dags/example_short_circuit_decorator.py
[2025-10-11T14:58:34.222+0000] {logging_mixin.py:188} INFO - [2025-10-11T14:58:34.221+0000] {dag.py:3036} INFO - Sync 1 DAGs
[2025-10-11T14:58:34.304+0000] {logging_mixin.py:188} INFO - [2025-10-11T14:58:34.301+0000] {dag.py:3823} INFO - Setting next_dagrun for example_short_circuit_decorator to 2025-10-10 00:00:00+00:00, run_after=2025-10-11 00:00:00+00:00
[2025-10-11T14:58:34.334+0000] {processor.py:183} INFO - Processing /home/airflow/.local/lib/python3.8/site-packages/airflow/example_dags/example_short_circuit_decorator.py took 0.209 seconds
[2025-10-11T14:59:05.643+0000] {processor.py:161} INFO - Started process (PID=2698) to work on /home/airflow/.local/lib/python3.8/site-packages/airflow/example_dags/example_short_circuit_decorator.py
[2025-10-11T14:59:05.645+0000] {processor.py:830} INFO - Processing file /home/airflow/.local/lib/python3.8/site-packages/airflow/example_dags/example_short_circuit_decorator.py for tasks to queue
[2025-10-11T14:59:05.653+0000] {logging_mixin.py:188} INFO - [2025-10-11T14:59:05.652+0000] {dagbag.py:538} INFO - Filling up the DagBag from /home/airflow/.local/lib/python3.8/site-packages/airflow/example_dags/example_short_circuit_decorator.py
[2025-10-11T14:59:05.727+0000] {processor.py:840} INFO - DAG(s) 'example_short_circuit_decorator' retrieved from /home/airflow/.local/lib/python3.8/site-packages/airflow/example_dags/example_short_circuit_decorator.py
[2025-10-11T14:59:05.999+0000] {logging_mixin.py:188} INFO - [2025-10-11T14:59:05.998+0000] {dag.py:3036} INFO - Sync 1 DAGs
[2025-10-11T14:59:06.222+0000] {logging_mixin.py:188} INFO - [2025-10-11T14:59:06.221+0000] {dag.py:3823} INFO - Setting next_dagrun for example_short_circuit_decorator to 2025-10-10 00:00:00+00:00, run_after=2025-10-11 00:00:00+00:00
[2025-10-11T14:59:06.312+0000] {processor.py:183} INFO - Processing /home/airflow/.local/lib/python3.8/site-packages/airflow/example_dags/example_short_circuit_decorator.py took 0.682 seconds
[2025-10-11T14:59:42.850+0000] {processor.py:161} INFO - Started process (PID=2768) to work on /home/airflow/.local/lib/python3.8/site-packages/airflow/example_dags/example_short_circuit_decorator.py
[2025-10-11T14:59:42.852+0000] {processor.py:830} INFO - Processing file /home/airflow/.local/lib/python3.8/site-packages/airflow/example_dags/example_short_circuit_decorator.py for tasks to queue
[2025-10-11T14:59:42.857+0000] {logging_mixin.py:188} INFO - [2025-10-11T14:59:42.856+0000] {dagbag.py:538} INFO - Filling up the DagBag from /home/airflow/.local/lib/python3.8/site-packages/airflow/example_dags/example_short_circuit_decorator.py
[2025-10-11T14:59:42.880+0000] {processor.py:840} INFO - DAG(s) 'example_short_circuit_decorator' retrieved from /home/airflow/.local/lib/python3.8/site-packages/airflow/example_dags/example_short_circuit_decorator.py
[2025-10-11T14:59:42.949+0000] {logging_mixin.py:188} INFO - [2025-10-11T14:59:42.948+0000] {dag.py:3036} INFO - Sync 1 DAGs
[2025-10-11T14:59:43.036+0000] {logging_mixin.py:188} INFO - [2025-10-11T14:59:43.036+0000] {dag.py:3823} INFO - Setting next_dagrun for example_short_circuit_decorator to 2025-10-10 00:00:00+00:00, run_after=2025-10-11 00:00:00+00:00
[2025-10-11T14:59:43.123+0000] {processor.py:183} INFO - Processing /home/airflow/.local/lib/python3.8/site-packages/airflow/example_dags/example_short_circuit_decorator.py took 0.280 seconds
[2025-10-11T15:00:13.550+0000] {processor.py:161} INFO - Started process (PID=2838) to work on /home/airflow/.local/lib/python3.8/site-packages/airflow/example_dags/example_short_circuit_decorator.py
[2025-10-11T15:00:13.555+0000] {processor.py:830} INFO - Processing file /home/airflow/.local/lib/python3.8/site-packages/airflow/example_dags/example_short_circuit_decorator.py for tasks to queue
[2025-10-11T15:00:13.562+0000] {logging_mixin.py:188} INFO - [2025-10-11T15:00:13.561+0000] {dagbag.py:538} INFO - Filling up the DagBag from /home/airflow/.local/lib/python3.8/site-packages/airflow/example_dags/example_short_circuit_decorator.py
[2025-10-11T15:00:13.605+0000] {processor.py:840} INFO - DAG(s) 'example_short_circuit_decorator' retrieved from /home/airflow/.local/lib/python3.8/site-packages/airflow/example_dags/example_short_circuit_decorator.py
[2025-10-11T15:00:13.762+0000] {logging_mixin.py:188} INFO - [2025-10-11T15:00:13.761+0000] {dag.py:3036} INFO - Sync 1 DAGs
[2025-10-11T15:00:13.971+0000] {logging_mixin.py:188} INFO - [2025-10-11T15:00:13.971+0000] {dag.py:3823} INFO - Setting next_dagrun for example_short_circuit_decorator to 2025-10-10 00:00:00+00:00, run_after=2025-10-11 00:00:00+00:00
[2025-10-11T15:00:14.126+0000] {processor.py:183} INFO - Processing /home/airflow/.local/lib/python3.8/site-packages/airflow/example_dags/example_short_circuit_decorator.py took 0.585 seconds
[2025-10-11T15:00:44.858+0000] {processor.py:161} INFO - Started process (PID=2908) to work on /home/airflow/.local/lib/python3.8/site-packages/airflow/example_dags/example_short_circuit_decorator.py
[2025-10-11T15:00:44.860+0000] {processor.py:830} INFO - Processing file /home/airflow/.local/lib/python3.8/site-packages/airflow/example_dags/example_short_circuit_decorator.py for tasks to queue
[2025-10-11T15:00:44.864+0000] {logging_mixin.py:188} INFO - [2025-10-11T15:00:44.864+0000] {dagbag.py:538} INFO - Filling up the DagBag from /home/airflow/.local/lib/python3.8/site-packages/airflow/example_dags/example_short_circuit_decorator.py
[2025-10-11T15:00:44.889+0000] {processor.py:840} INFO - DAG(s) 'example_short_circuit_decorator' retrieved from /home/airflow/.local/lib/python3.8/site-packages/airflow/example_dags/example_short_circuit_decorator.py
[2025-10-11T15:00:44.943+0000] {logging_mixin.py:188} INFO - [2025-10-11T15:00:44.942+0000] {dag.py:3036} INFO - Sync 1 DAGs
[2025-10-11T15:00:44.988+0000] {logging_mixin.py:188} INFO - [2025-10-11T15:00:44.988+0000] {dag.py:3823} INFO - Setting next_dagrun for example_short_circuit_decorator to 2025-10-10 00:00:00+00:00, run_after=2025-10-11 00:00:00+00:00
[2025-10-11T15:00:45.033+0000] {processor.py:183} INFO - Processing /home/airflow/.local/lib/python3.8/site-packages/airflow/example_dags/example_short_circuit_decorator.py took 0.182 seconds
[2025-10-11T15:01:15.428+0000] {processor.py:161} INFO - Started process (PID=2978) to work on /home/airflow/.local/lib/python3.8/site-packages/airflow/example_dags/example_short_circuit_decorator.py
[2025-10-11T15:01:15.432+0000] {processor.py:830} INFO - Processing file /home/airflow/.local/lib/python3.8/site-packages/airflow/example_dags/example_short_circuit_decorator.py for tasks to queue
[2025-10-11T15:01:15.438+0000] {logging_mixin.py:188} INFO - [2025-10-11T15:01:15.437+0000] {dagbag.py:538} INFO - Filling up the DagBag from /home/airflow/.local/lib/python3.8/site-packages/airflow/example_dags/example_short_circuit_decorator.py
[2025-10-11T15:01:15.463+0000] {processor.py:840} INFO - DAG(s) 'example_short_circuit_decorator' retrieved from /home/airflow/.local/lib/python3.8/site-packages/airflow/example_dags/example_short_circuit_decorator.py
[2025-10-11T15:01:15.512+0000] {logging_mixin.py:188} INFO - [2025-10-11T15:01:15.512+0000] {dag.py:3036} INFO - Sync 1 DAGs
[2025-10-11T15:01:15.558+0000] {logging_mixin.py:188} INFO - [2025-10-11T15:01:15.557+0000] {dag.py:3823} INFO - Setting next_dagrun for example_short_circuit_decorator to 2025-10-10 00:00:00+00:00, run_after=2025-10-11 00:00:00+00:00
[2025-10-11T15:01:15.611+0000] {processor.py:183} INFO - Processing /home/airflow/.local/lib/python3.8/site-packages/airflow/example_dags/example_short_circuit_decorator.py took 0.195 seconds
[2025-10-11T15:01:45.690+0000] {processor.py:161} INFO - Started process (PID=3047) to work on /home/airflow/.local/lib/python3.8/site-packages/airflow/example_dags/example_short_circuit_decorator.py
[2025-10-11T15:01:45.693+0000] {processor.py:830} INFO - Processing file /home/airflow/.local/lib/python3.8/site-packages/airflow/example_dags/example_short_circuit_decorator.py for tasks to queue
[2025-10-11T15:01:45.697+0000] {logging_mixin.py:188} INFO - [2025-10-11T15:01:45.696+0000] {dagbag.py:538} INFO - Filling up the DagBag from /home/airflow/.local/lib/python3.8/site-packages/airflow/example_dags/example_short_circuit_decorator.py
[2025-10-11T15:01:45.723+0000] {processor.py:840} INFO - DAG(s) 'example_short_circuit_decorator' retrieved from /home/airflow/.local/lib/python3.8/site-packages/airflow/example_dags/example_short_circuit_decorator.py
[2025-10-11T15:01:45.799+0000] {logging_mixin.py:188} INFO - [2025-10-11T15:01:45.799+0000] {dag.py:3036} INFO - Sync 1 DAGs
[2025-10-11T15:01:45.855+0000] {logging_mixin.py:188} INFO - [2025-10-11T15:01:45.855+0000] {dag.py:3823} INFO - Setting next_dagrun for example_short_circuit_decorator to 2025-10-10 00:00:00+00:00, run_after=2025-10-11 00:00:00+00:00
[2025-10-11T15:01:45.895+0000] {processor.py:183} INFO - Processing /home/airflow/.local/lib/python3.8/site-packages/airflow/example_dags/example_short_circuit_decorator.py took 0.214 seconds
[2025-10-11T15:02:16.723+0000] {processor.py:161} INFO - Started process (PID=3117) to work on /home/airflow/.local/lib/python3.8/site-packages/airflow/example_dags/example_short_circuit_decorator.py
[2025-10-11T15:02:16.725+0000] {processor.py:830} INFO - Processing file /home/airflow/.local/lib/python3.8/site-packages/airflow/example_dags/example_short_circuit_decorator.py for tasks to queue
[2025-10-11T15:02:16.729+0000] {logging_mixin.py:188} INFO - [2025-10-11T15:02:16.728+0000] {dagbag.py:538} INFO - Filling up the DagBag from /home/airflow/.local/lib/python3.8/site-packages/airflow/example_dags/example_short_circuit_decorator.py
[2025-10-11T15:02:16.749+0000] {processor.py:840} INFO - DAG(s) 'example_short_circuit_decorator' retrieved from /home/airflow/.local/lib/python3.8/site-packages/airflow/example_dags/example_short_circuit_decorator.py
[2025-10-11T15:02:16.804+0000] {logging_mixin.py:188} INFO - [2025-10-11T15:02:16.804+0000] {dag.py:3036} INFO - Sync 1 DAGs
[2025-10-11T15:02:16.859+0000] {logging_mixin.py:188} INFO - [2025-10-11T15:02:16.859+0000] {dag.py:3823} INFO - Setting next_dagrun for example_short_circuit_decorator to 2025-10-10 00:00:00+00:00, run_after=2025-10-11 00:00:00+00:00
[2025-10-11T15:02:16.907+0000] {processor.py:183} INFO - Processing /home/airflow/.local/lib/python3.8/site-packages/airflow/example_dags/example_short_circuit_decorator.py took 0.189 seconds
[2025-10-11T15:02:47.291+0000] {processor.py:161} INFO - Started process (PID=3187) to work on /home/airflow/.local/lib/python3.8/site-packages/airflow/example_dags/example_short_circuit_decorator.py
[2025-10-11T15:02:47.293+0000] {processor.py:830} INFO - Processing file /home/airflow/.local/lib/python3.8/site-packages/airflow/example_dags/example_short_circuit_decorator.py for tasks to queue
[2025-10-11T15:02:47.296+0000] {logging_mixin.py:188} INFO - [2025-10-11T15:02:47.296+0000] {dagbag.py:538} INFO - Filling up the DagBag from /home/airflow/.local/lib/python3.8/site-packages/airflow/example_dags/example_short_circuit_decorator.py
[2025-10-11T15:02:47.315+0000] {processor.py:840} INFO - DAG(s) 'example_short_circuit_decorator' retrieved from /home/airflow/.local/lib/python3.8/site-packages/airflow/example_dags/example_short_circuit_decorator.py
[2025-10-11T15:02:47.385+0000] {logging_mixin.py:188} INFO - [2025-10-11T15:02:47.384+0000] {dag.py:3036} INFO - Sync 1 DAGs
[2025-10-11T15:02:47.452+0000] {logging_mixin.py:188} INFO - [2025-10-11T15:02:47.451+0000] {dag.py:3823} INFO - Setting next_dagrun for example_short_circuit_decorator to 2025-10-10 00:00:00+00:00, run_after=2025-10-11 00:00:00+00:00
[2025-10-11T15:02:47.513+0000] {processor.py:183} INFO - Processing /home/airflow/.local/lib/python3.8/site-packages/airflow/example_dags/example_short_circuit_decorator.py took 0.228 seconds
[2025-10-11T15:03:18.117+0000] {processor.py:161} INFO - Started process (PID=3257) to work on /home/airflow/.local/lib/python3.8/site-packages/airflow/example_dags/example_short_circuit_decorator.py
[2025-10-11T15:03:18.119+0000] {processor.py:830} INFO - Processing file /home/airflow/.local/lib/python3.8/site-packages/airflow/example_dags/example_short_circuit_decorator.py for tasks to queue
[2025-10-11T15:03:18.124+0000] {logging_mixin.py:188} INFO - [2025-10-11T15:03:18.123+0000] {dagbag.py:538} INFO - Filling up the DagBag from /home/airflow/.local/lib/python3.8/site-packages/airflow/example_dags/example_short_circuit_decorator.py
[2025-10-11T15:03:18.146+0000] {processor.py:840} INFO - DAG(s) 'example_short_circuit_decorator' retrieved from /home/airflow/.local/lib/python3.8/site-packages/airflow/example_dags/example_short_circuit_decorator.py
[2025-10-11T15:03:18.214+0000] {logging_mixin.py:188} INFO - [2025-10-11T15:03:18.212+0000] {dag.py:3036} INFO - Sync 1 DAGs
[2025-10-11T15:03:18.270+0000] {logging_mixin.py:188} INFO - [2025-10-11T15:03:18.269+0000] {dag.py:3823} INFO - Setting next_dagrun for example_short_circuit_decorator to 2025-10-10 00:00:00+00:00, run_after=2025-10-11 00:00:00+00:00
[2025-10-11T15:03:18.312+0000] {processor.py:183} INFO - Processing /home/airflow/.local/lib/python3.8/site-packages/airflow/example_dags/example_short_circuit_decorator.py took 0.201 seconds
[2025-10-11T15:03:48.942+0000] {processor.py:161} INFO - Started process (PID=3327) to work on /home/airflow/.local/lib/python3.8/site-packages/airflow/example_dags/example_short_circuit_decorator.py
[2025-10-11T15:03:48.944+0000] {processor.py:830} INFO - Processing file /home/airflow/.local/lib/python3.8/site-packages/airflow/example_dags/example_short_circuit_decorator.py for tasks to queue
[2025-10-11T15:03:48.947+0000] {logging_mixin.py:188} INFO - [2025-10-11T15:03:48.946+0000] {dagbag.py:538} INFO - Filling up the DagBag from /home/airflow/.local/lib/python3.8/site-packages/airflow/example_dags/example_short_circuit_decorator.py
[2025-10-11T15:03:48.970+0000] {processor.py:840} INFO - DAG(s) 'example_short_circuit_decorator' retrieved from /home/airflow/.local/lib/python3.8/site-packages/airflow/example_dags/example_short_circuit_decorator.py
[2025-10-11T15:03:49.025+0000] {logging_mixin.py:188} INFO - [2025-10-11T15:03:49.025+0000] {dag.py:3036} INFO - Sync 1 DAGs
[2025-10-11T15:03:49.080+0000] {logging_mixin.py:188} INFO - [2025-10-11T15:03:49.080+0000] {dag.py:3823} INFO - Setting next_dagrun for example_short_circuit_decorator to 2025-10-10 00:00:00+00:00, run_after=2025-10-11 00:00:00+00:00
[2025-10-11T15:03:49.142+0000] {processor.py:183} INFO - Processing /home/airflow/.local/lib/python3.8/site-packages/airflow/example_dags/example_short_circuit_decorator.py took 0.207 seconds
[2025-10-11T15:04:19.685+0000] {processor.py:161} INFO - Started process (PID=3398) to work on /home/airflow/.local/lib/python3.8/site-packages/airflow/example_dags/example_short_circuit_decorator.py
[2025-10-11T15:04:19.687+0000] {processor.py:830} INFO - Processing file /home/airflow/.local/lib/python3.8/site-packages/airflow/example_dags/example_short_circuit_decorator.py for tasks to queue
[2025-10-11T15:04:19.692+0000] {logging_mixin.py:188} INFO - [2025-10-11T15:04:19.691+0000] {dagbag.py:538} INFO - Filling up the DagBag from /home/airflow/.local/lib/python3.8/site-packages/airflow/example_dags/example_short_circuit_decorator.py
[2025-10-11T15:04:19.714+0000] {processor.py:840} INFO - DAG(s) 'example_short_circuit_decorator' retrieved from /home/airflow/.local/lib/python3.8/site-packages/airflow/example_dags/example_short_circuit_decorator.py
[2025-10-11T15:04:19.767+0000] {logging_mixin.py:188} INFO - [2025-10-11T15:04:19.766+0000] {dag.py:3036} INFO - Sync 1 DAGs
[2025-10-11T15:04:19.813+0000] {logging_mixin.py:188} INFO - [2025-10-11T15:04:19.812+0000] {dag.py:3823} INFO - Setting next_dagrun for example_short_circuit_decorator to 2025-10-10 00:00:00+00:00, run_after=2025-10-11 00:00:00+00:00
[2025-10-11T15:04:19.875+0000] {processor.py:183} INFO - Processing /home/airflow/.local/lib/python3.8/site-packages/airflow/example_dags/example_short_circuit_decorator.py took 0.195 seconds
[2025-10-11T15:04:51.455+0000] {processor.py:161} INFO - Started process (PID=3469) to work on /home/airflow/.local/lib/python3.8/site-packages/airflow/example_dags/example_short_circuit_decorator.py
[2025-10-11T15:04:51.457+0000] {processor.py:830} INFO - Processing file /home/airflow/.local/lib/python3.8/site-packages/airflow/example_dags/example_short_circuit_decorator.py for tasks to queue
[2025-10-11T15:04:51.462+0000] {logging_mixin.py:188} INFO - [2025-10-11T15:04:51.461+0000] {dagbag.py:538} INFO - Filling up the DagBag from /home/airflow/.local/lib/python3.8/site-packages/airflow/example_dags/example_short_circuit_decorator.py
[2025-10-11T15:04:51.481+0000] {processor.py:840} INFO - DAG(s) 'example_short_circuit_decorator' retrieved from /home/airflow/.local/lib/python3.8/site-packages/airflow/example_dags/example_short_circuit_decorator.py
[2025-10-11T15:04:51.537+0000] {logging_mixin.py:188} INFO - [2025-10-11T15:04:51.536+0000] {dag.py:3036} INFO - Sync 1 DAGs
[2025-10-11T15:04:51.577+0000] {logging_mixin.py:188} INFO - [2025-10-11T15:04:51.576+0000] {dag.py:3823} INFO - Setting next_dagrun for example_short_circuit_decorator to 2025-10-10 00:00:00+00:00, run_after=2025-10-11 00:00:00+00:00
[2025-10-11T15:04:51.636+0000] {processor.py:183} INFO - Processing /home/airflow/.local/lib/python3.8/site-packages/airflow/example_dags/example_short_circuit_decorator.py took 0.189 seconds
[2025-10-11T15:05:22.890+0000] {processor.py:161} INFO - Started process (PID=3539) to work on /home/airflow/.local/lib/python3.8/site-packages/airflow/example_dags/example_short_circuit_decorator.py
[2025-10-11T15:05:22.892+0000] {processor.py:830} INFO - Processing file /home/airflow/.local/lib/python3.8/site-packages/airflow/example_dags/example_short_circuit_decorator.py for tasks to queue
[2025-10-11T15:05:22.895+0000] {logging_mixin.py:188} INFO - [2025-10-11T15:05:22.895+0000] {dagbag.py:538} INFO - Filling up the DagBag from /home/airflow/.local/lib/python3.8/site-packages/airflow/example_dags/example_short_circuit_decorator.py
[2025-10-11T15:05:22.915+0000] {processor.py:840} INFO - DAG(s) 'example_short_circuit_decorator' retrieved from /home/airflow/.local/lib/python3.8/site-packages/airflow/example_dags/example_short_circuit_decorator.py
[2025-10-11T15:05:22.968+0000] {logging_mixin.py:188} INFO - [2025-10-11T15:05:22.968+0000] {dag.py:3036} INFO - Sync 1 DAGs
[2025-10-11T15:05:23.018+0000] {logging_mixin.py:188} INFO - [2025-10-11T15:05:23.017+0000] {dag.py:3823} INFO - Setting next_dagrun for example_short_circuit_decorator to 2025-10-10 00:00:00+00:00, run_after=2025-10-11 00:00:00+00:00
[2025-10-11T15:05:23.078+0000] {processor.py:183} INFO - Processing /home/airflow/.local/lib/python3.8/site-packages/airflow/example_dags/example_short_circuit_decorator.py took 0.194 seconds
[2025-10-11T15:05:54.009+0000] {processor.py:161} INFO - Started process (PID=3609) to work on /home/airflow/.local/lib/python3.8/site-packages/airflow/example_dags/example_short_circuit_decorator.py
[2025-10-11T15:05:54.011+0000] {processor.py:830} INFO - Processing file /home/airflow/.local/lib/python3.8/site-packages/airflow/example_dags/example_short_circuit_decorator.py for tasks to queue
[2025-10-11T15:05:54.014+0000] {logging_mixin.py:188} INFO - [2025-10-11T15:05:54.013+0000] {dagbag.py:538} INFO - Filling up the DagBag from /home/airflow/.local/lib/python3.8/site-packages/airflow/example_dags/example_short_circuit_decorator.py
[2025-10-11T15:05:54.043+0000] {processor.py:840} INFO - DAG(s) 'example_short_circuit_decorator' retrieved from /home/airflow/.local/lib/python3.8/site-packages/airflow/example_dags/example_short_circuit_decorator.py
[2025-10-11T15:05:54.119+0000] {logging_mixin.py:188} INFO - [2025-10-11T15:05:54.119+0000] {dag.py:3036} INFO - Sync 1 DAGs
[2025-10-11T15:05:54.177+0000] {logging_mixin.py:188} INFO - [2025-10-11T15:05:54.177+0000] {dag.py:3823} INFO - Setting next_dagrun for example_short_circuit_decorator to 2025-10-10 00:00:00+00:00, run_after=2025-10-11 00:00:00+00:00
[2025-10-11T15:05:54.224+0000] {processor.py:183} INFO - Processing /home/airflow/.local/lib/python3.8/site-packages/airflow/example_dags/example_short_circuit_decorator.py took 0.225 seconds
[2025-10-11T15:06:24.689+0000] {processor.py:161} INFO - Started process (PID=3678) to work on /home/airflow/.local/lib/python3.8/site-packages/airflow/example_dags/example_short_circuit_decorator.py
[2025-10-11T15:06:24.691+0000] {processor.py:830} INFO - Processing file /home/airflow/.local/lib/python3.8/site-packages/airflow/example_dags/example_short_circuit_decorator.py for tasks to queue
[2025-10-11T15:06:24.695+0000] {logging_mixin.py:188} INFO - [2025-10-11T15:06:24.694+0000] {dagbag.py:538} INFO - Filling up the DagBag from /home/airflow/.local/lib/python3.8/site-packages/airflow/example_dags/example_short_circuit_decorator.py
[2025-10-11T15:06:24.717+0000] {processor.py:840} INFO - DAG(s) 'example_short_circuit_decorator' retrieved from /home/airflow/.local/lib/python3.8/site-packages/airflow/example_dags/example_short_circuit_decorator.py
[2025-10-11T15:06:24.771+0000] {logging_mixin.py:188} INFO - [2025-10-11T15:06:24.771+0000] {dag.py:3036} INFO - Sync 1 DAGs
[2025-10-11T15:06:24.814+0000] {logging_mixin.py:188} INFO - [2025-10-11T15:06:24.813+0000] {dag.py:3823} INFO - Setting next_dagrun for example_short_circuit_decorator to 2025-10-10 00:00:00+00:00, run_after=2025-10-11 00:00:00+00:00
[2025-10-11T15:06:24.856+0000] {processor.py:183} INFO - Processing /home/airflow/.local/lib/python3.8/site-packages/airflow/example_dags/example_short_circuit_decorator.py took 0.173 seconds
[2025-10-11T15:06:55.358+0000] {processor.py:161} INFO - Started process (PID=3747) to work on /home/airflow/.local/lib/python3.8/site-packages/airflow/example_dags/example_short_circuit_decorator.py
[2025-10-11T15:06:55.360+0000] {processor.py:830} INFO - Processing file /home/airflow/.local/lib/python3.8/site-packages/airflow/example_dags/example_short_circuit_decorator.py for tasks to queue
[2025-10-11T15:06:55.364+0000] {logging_mixin.py:188} INFO - [2025-10-11T15:06:55.364+0000] {dagbag.py:538} INFO - Filling up the DagBag from /home/airflow/.local/lib/python3.8/site-packages/airflow/example_dags/example_short_circuit_decorator.py
[2025-10-11T15:06:55.383+0000] {processor.py:840} INFO - DAG(s) 'example_short_circuit_decorator' retrieved from /home/airflow/.local/lib/python3.8/site-packages/airflow/example_dags/example_short_circuit_decorator.py
[2025-10-11T15:06:55.443+0000] {logging_mixin.py:188} INFO - [2025-10-11T15:06:55.442+0000] {dag.py:3036} INFO - Sync 1 DAGs
[2025-10-11T15:06:55.496+0000] {logging_mixin.py:188} INFO - [2025-10-11T15:06:55.495+0000] {dag.py:3823} INFO - Setting next_dagrun for example_short_circuit_decorator to 2025-10-10 00:00:00+00:00, run_after=2025-10-11 00:00:00+00:00
[2025-10-11T15:06:55.561+0000] {processor.py:183} INFO - Processing /home/airflow/.local/lib/python3.8/site-packages/airflow/example_dags/example_short_circuit_decorator.py took 0.210 seconds
[2025-10-11T15:07:26.054+0000] {processor.py:161} INFO - Started process (PID=3817) to work on /home/airflow/.local/lib/python3.8/site-packages/airflow/example_dags/example_short_circuit_decorator.py
[2025-10-11T15:07:26.056+0000] {processor.py:830} INFO - Processing file /home/airflow/.local/lib/python3.8/site-packages/airflow/example_dags/example_short_circuit_decorator.py for tasks to queue
[2025-10-11T15:07:26.061+0000] {logging_mixin.py:188} INFO - [2025-10-11T15:07:26.060+0000] {dagbag.py:538} INFO - Filling up the DagBag from /home/airflow/.local/lib/python3.8/site-packages/airflow/example_dags/example_short_circuit_decorator.py
[2025-10-11T15:07:26.080+0000] {processor.py:840} INFO - DAG(s) 'example_short_circuit_decorator' retrieved from /home/airflow/.local/lib/python3.8/site-packages/airflow/example_dags/example_short_circuit_decorator.py
[2025-10-11T15:07:26.139+0000] {logging_mixin.py:188} INFO - [2025-10-11T15:07:26.138+0000] {dag.py:3036} INFO - Sync 1 DAGs
[2025-10-11T15:07:26.192+0000] {logging_mixin.py:188} INFO - [2025-10-11T15:07:26.192+0000] {dag.py:3823} INFO - Setting next_dagrun for example_short_circuit_decorator to 2025-10-10 00:00:00+00:00, run_after=2025-10-11 00:00:00+00:00
[2025-10-11T15:07:26.249+0000] {processor.py:183} INFO - Processing /home/airflow/.local/lib/python3.8/site-packages/airflow/example_dags/example_short_circuit_decorator.py took 0.200 seconds
[2025-10-11T15:07:56.543+0000] {processor.py:161} INFO - Started process (PID=3887) to work on /home/airflow/.local/lib/python3.8/site-packages/airflow/example_dags/example_short_circuit_decorator.py
[2025-10-11T15:07:56.545+0000] {processor.py:830} INFO - Processing file /home/airflow/.local/lib/python3.8/site-packages/airflow/example_dags/example_short_circuit_decorator.py for tasks to queue
[2025-10-11T15:07:56.549+0000] {logging_mixin.py:188} INFO - [2025-10-11T15:07:56.548+0000] {dagbag.py:538} INFO - Filling up the DagBag from /home/airflow/.local/lib/python3.8/site-packages/airflow/example_dags/example_short_circuit_decorator.py
[2025-10-11T15:07:56.571+0000] {processor.py:840} INFO - DAG(s) 'example_short_circuit_decorator' retrieved from /home/airflow/.local/lib/python3.8/site-packages/airflow/example_dags/example_short_circuit_decorator.py
[2025-10-11T15:07:56.634+0000] {logging_mixin.py:188} INFO - [2025-10-11T15:07:56.634+0000] {dag.py:3036} INFO - Sync 1 DAGs
[2025-10-11T15:07:56.682+0000] {logging_mixin.py:188} INFO - [2025-10-11T15:07:56.682+0000] {dag.py:3823} INFO - Setting next_dagrun for example_short_circuit_decorator to 2025-10-10 00:00:00+00:00, run_after=2025-10-11 00:00:00+00:00
[2025-10-11T15:07:56.737+0000] {processor.py:183} INFO - Processing /home/airflow/.local/lib/python3.8/site-packages/airflow/example_dags/example_short_circuit_decorator.py took 0.200 seconds
[2025-10-11T15:08:27.296+0000] {processor.py:161} INFO - Started process (PID=3957) to work on /home/airflow/.local/lib/python3.8/site-packages/airflow/example_dags/example_short_circuit_decorator.py
[2025-10-11T15:08:27.299+0000] {processor.py:830} INFO - Processing file /home/airflow/.local/lib/python3.8/site-packages/airflow/example_dags/example_short_circuit_decorator.py for tasks to queue
[2025-10-11T15:08:27.303+0000] {logging_mixin.py:188} INFO - [2025-10-11T15:08:27.302+0000] {dagbag.py:538} INFO - Filling up the DagBag from /home/airflow/.local/lib/python3.8/site-packages/airflow/example_dags/example_short_circuit_decorator.py
[2025-10-11T15:08:27.324+0000] {processor.py:840} INFO - DAG(s) 'example_short_circuit_decorator' retrieved from /home/airflow/.local/lib/python3.8/site-packages/airflow/example_dags/example_short_circuit_decorator.py
[2025-10-11T15:08:27.388+0000] {logging_mixin.py:188} INFO - [2025-10-11T15:08:27.388+0000] {dag.py:3036} INFO - Sync 1 DAGs
[2025-10-11T15:08:27.445+0000] {logging_mixin.py:188} INFO - [2025-10-11T15:08:27.444+0000] {dag.py:3823} INFO - Setting next_dagrun for example_short_circuit_decorator to 2025-10-10 00:00:00+00:00, run_after=2025-10-11 00:00:00+00:00
[2025-10-11T15:08:27.480+0000] {processor.py:183} INFO - Processing /home/airflow/.local/lib/python3.8/site-packages/airflow/example_dags/example_short_circuit_decorator.py took 0.191 seconds
[2025-10-11T15:08:58.338+0000] {processor.py:161} INFO - Started process (PID=4028) to work on /home/airflow/.local/lib/python3.8/site-packages/airflow/example_dags/example_short_circuit_decorator.py
[2025-10-11T15:08:58.340+0000] {processor.py:830} INFO - Processing file /home/airflow/.local/lib/python3.8/site-packages/airflow/example_dags/example_short_circuit_decorator.py for tasks to queue
[2025-10-11T15:08:58.343+0000] {logging_mixin.py:188} INFO - [2025-10-11T15:08:58.342+0000] {dagbag.py:538} INFO - Filling up the DagBag from /home/airflow/.local/lib/python3.8/site-packages/airflow/example_dags/example_short_circuit_decorator.py
[2025-10-11T15:08:58.364+0000] {processor.py:840} INFO - DAG(s) 'example_short_circuit_decorator' retrieved from /home/airflow/.local/lib/python3.8/site-packages/airflow/example_dags/example_short_circuit_decorator.py
[2025-10-11T15:08:58.417+0000] {logging_mixin.py:188} INFO - [2025-10-11T15:08:58.417+0000] {dag.py:3036} INFO - Sync 1 DAGs
[2025-10-11T15:08:58.458+0000] {logging_mixin.py:188} INFO - [2025-10-11T15:08:58.458+0000] {dag.py:3823} INFO - Setting next_dagrun for example_short_circuit_decorator to 2025-10-10 00:00:00+00:00, run_after=2025-10-11 00:00:00+00:00
[2025-10-11T15:08:58.556+0000] {processor.py:183} INFO - Processing /home/airflow/.local/lib/python3.8/site-packages/airflow/example_dags/example_short_circuit_decorator.py took 0.224 seconds
[2025-10-11T15:09:29.447+0000] {processor.py:161} INFO - Started process (PID=4099) to work on /home/airflow/.local/lib/python3.8/site-packages/airflow/example_dags/example_short_circuit_decorator.py
[2025-10-11T15:09:29.450+0000] {processor.py:830} INFO - Processing file /home/airflow/.local/lib/python3.8/site-packages/airflow/example_dags/example_short_circuit_decorator.py for tasks to queue
[2025-10-11T15:09:29.455+0000] {logging_mixin.py:188} INFO - [2025-10-11T15:09:29.454+0000] {dagbag.py:538} INFO - Filling up the DagBag from /home/airflow/.local/lib/python3.8/site-packages/airflow/example_dags/example_short_circuit_decorator.py
[2025-10-11T15:09:29.471+0000] {processor.py:840} INFO - DAG(s) 'example_short_circuit_decorator' retrieved from /home/airflow/.local/lib/python3.8/site-packages/airflow/example_dags/example_short_circuit_decorator.py
[2025-10-11T15:09:29.535+0000] {logging_mixin.py:188} INFO - [2025-10-11T15:09:29.534+0000] {dag.py:3036} INFO - Sync 1 DAGs
[2025-10-11T15:09:29.576+0000] {logging_mixin.py:188} INFO - [2025-10-11T15:09:29.575+0000] {dag.py:3823} INFO - Setting next_dagrun for example_short_circuit_decorator to 2025-10-10 00:00:00+00:00, run_after=2025-10-11 00:00:00+00:00
[2025-10-11T15:09:29.633+0000] {processor.py:183} INFO - Processing /home/airflow/.local/lib/python3.8/site-packages/airflow/example_dags/example_short_circuit_decorator.py took 0.190 seconds
[2025-10-11T15:10:00.574+0000] {processor.py:161} INFO - Started process (PID=4169) to work on /home/airflow/.local/lib/python3.8/site-packages/airflow/example_dags/example_short_circuit_decorator.py
[2025-10-11T15:10:00.576+0000] {processor.py:830} INFO - Processing file /home/airflow/.local/lib/python3.8/site-packages/airflow/example_dags/example_short_circuit_decorator.py for tasks to queue
[2025-10-11T15:10:00.580+0000] {logging_mixin.py:188} INFO - [2025-10-11T15:10:00.579+0000] {dagbag.py:538} INFO - Filling up the DagBag from /home/airflow/.local/lib/python3.8/site-packages/airflow/example_dags/example_short_circuit_decorator.py
[2025-10-11T15:10:00.602+0000] {processor.py:840} INFO - DAG(s) 'example_short_circuit_decorator' retrieved from /home/airflow/.local/lib/python3.8/site-packages/airflow/example_dags/example_short_circuit_decorator.py
[2025-10-11T15:10:00.649+0000] {logging_mixin.py:188} INFO - [2025-10-11T15:10:00.648+0000] {dag.py:3036} INFO - Sync 1 DAGs
[2025-10-11T15:10:00.681+0000] {logging_mixin.py:188} INFO - [2025-10-11T15:10:00.681+0000] {dag.py:3823} INFO - Setting next_dagrun for example_short_circuit_decorator to 2025-10-10 00:00:00+00:00, run_after=2025-10-11 00:00:00+00:00
[2025-10-11T15:10:00.732+0000] {processor.py:183} INFO - Processing /home/airflow/.local/lib/python3.8/site-packages/airflow/example_dags/example_short_circuit_decorator.py took 0.164 seconds
[2025-10-11T15:10:31.453+0000] {processor.py:161} INFO - Started process (PID=4239) to work on /home/airflow/.local/lib/python3.8/site-packages/airflow/example_dags/example_short_circuit_decorator.py
[2025-10-11T15:10:31.456+0000] {processor.py:830} INFO - Processing file /home/airflow/.local/lib/python3.8/site-packages/airflow/example_dags/example_short_circuit_decorator.py for tasks to queue
[2025-10-11T15:10:31.461+0000] {logging_mixin.py:188} INFO - [2025-10-11T15:10:31.460+0000] {dagbag.py:538} INFO - Filling up the DagBag from /home/airflow/.local/lib/python3.8/site-packages/airflow/example_dags/example_short_circuit_decorator.py
[2025-10-11T15:10:31.503+0000] {processor.py:840} INFO - DAG(s) 'example_short_circuit_decorator' retrieved from /home/airflow/.local/lib/python3.8/site-packages/airflow/example_dags/example_short_circuit_decorator.py
[2025-10-11T15:10:31.578+0000] {logging_mixin.py:188} INFO - [2025-10-11T15:10:31.577+0000] {dag.py:3036} INFO - Sync 1 DAGs
[2025-10-11T15:10:31.632+0000] {logging_mixin.py:188} INFO - [2025-10-11T15:10:31.632+0000] {dag.py:3823} INFO - Setting next_dagrun for example_short_circuit_decorator to 2025-10-10 00:00:00+00:00, run_after=2025-10-11 00:00:00+00:00
[2025-10-11T15:10:31.671+0000] {processor.py:183} INFO - Processing /home/airflow/.local/lib/python3.8/site-packages/airflow/example_dags/example_short_circuit_decorator.py took 0.228 seconds
[2025-10-11T15:11:02.397+0000] {processor.py:161} INFO - Started process (PID=4309) to work on /home/airflow/.local/lib/python3.8/site-packages/airflow/example_dags/example_short_circuit_decorator.py
[2025-10-11T15:11:02.401+0000] {processor.py:830} INFO - Processing file /home/airflow/.local/lib/python3.8/site-packages/airflow/example_dags/example_short_circuit_decorator.py for tasks to queue
[2025-10-11T15:11:02.409+0000] {logging_mixin.py:188} INFO - [2025-10-11T15:11:02.408+0000] {dagbag.py:538} INFO - Filling up the DagBag from /home/airflow/.local/lib/python3.8/site-packages/airflow/example_dags/example_short_circuit_decorator.py
[2025-10-11T15:11:02.457+0000] {processor.py:840} INFO - DAG(s) 'example_short_circuit_decorator' retrieved from /home/airflow/.local/lib/python3.8/site-packages/airflow/example_dags/example_short_circuit_decorator.py
[2025-10-11T15:11:02.514+0000] {logging_mixin.py:188} INFO - [2025-10-11T15:11:02.513+0000] {dag.py:3036} INFO - Sync 1 DAGs
[2025-10-11T15:11:02.560+0000] {logging_mixin.py:188} INFO - [2025-10-11T15:11:02.560+0000] {dag.py:3823} INFO - Setting next_dagrun for example_short_circuit_decorator to 2025-10-10 00:00:00+00:00, run_after=2025-10-11 00:00:00+00:00
[2025-10-11T15:11:02.612+0000] {processor.py:183} INFO - Processing /home/airflow/.local/lib/python3.8/site-packages/airflow/example_dags/example_short_circuit_decorator.py took 0.225 seconds
[2025-10-11T15:11:32.971+0000] {processor.py:161} INFO - Started process (PID=4379) to work on /home/airflow/.local/lib/python3.8/site-packages/airflow/example_dags/example_short_circuit_decorator.py
[2025-10-11T15:11:32.973+0000] {processor.py:830} INFO - Processing file /home/airflow/.local/lib/python3.8/site-packages/airflow/example_dags/example_short_circuit_decorator.py for tasks to queue
[2025-10-11T15:11:32.977+0000] {logging_mixin.py:188} INFO - [2025-10-11T15:11:32.976+0000] {dagbag.py:538} INFO - Filling up the DagBag from /home/airflow/.local/lib/python3.8/site-packages/airflow/example_dags/example_short_circuit_decorator.py
[2025-10-11T15:11:32.994+0000] {processor.py:840} INFO - DAG(s) 'example_short_circuit_decorator' retrieved from /home/airflow/.local/lib/python3.8/site-packages/airflow/example_dags/example_short_circuit_decorator.py
[2025-10-11T15:11:33.059+0000] {logging_mixin.py:188} INFO - [2025-10-11T15:11:33.059+0000] {dag.py:3036} INFO - Sync 1 DAGs
[2025-10-11T15:11:33.110+0000] {logging_mixin.py:188} INFO - [2025-10-11T15:11:33.110+0000] {dag.py:3823} INFO - Setting next_dagrun for example_short_circuit_decorator to 2025-10-10 00:00:00+00:00, run_after=2025-10-11 00:00:00+00:00
[2025-10-11T15:11:33.173+0000] {processor.py:183} INFO - Processing /home/airflow/.local/lib/python3.8/site-packages/airflow/example_dags/example_short_circuit_decorator.py took 0.208 seconds
[2025-10-11T15:12:03.541+0000] {processor.py:161} INFO - Started process (PID=4450) to work on /home/airflow/.local/lib/python3.8/site-packages/airflow/example_dags/example_short_circuit_decorator.py
[2025-10-11T15:12:03.543+0000] {processor.py:830} INFO - Processing file /home/airflow/.local/lib/python3.8/site-packages/airflow/example_dags/example_short_circuit_decorator.py for tasks to queue
[2025-10-11T15:12:03.551+0000] {logging_mixin.py:188} INFO - [2025-10-11T15:12:03.550+0000] {dagbag.py:538} INFO - Filling up the DagBag from /home/airflow/.local/lib/python3.8/site-packages/airflow/example_dags/example_short_circuit_decorator.py
[2025-10-11T15:12:03.571+0000] {processor.py:840} INFO - DAG(s) 'example_short_circuit_decorator' retrieved from /home/airflow/.local/lib/python3.8/site-packages/airflow/example_dags/example_short_circuit_decorator.py
[2025-10-11T15:12:03.640+0000] {logging_mixin.py:188} INFO - [2025-10-11T15:12:03.639+0000] {dag.py:3036} INFO - Sync 1 DAGs
[2025-10-11T15:12:03.699+0000] {logging_mixin.py:188} INFO - [2025-10-11T15:12:03.699+0000] {dag.py:3823} INFO - Setting next_dagrun for example_short_circuit_decorator to 2025-10-10 00:00:00+00:00, run_after=2025-10-11 00:00:00+00:00
[2025-10-11T15:12:03.771+0000] {processor.py:183} INFO - Processing /home/airflow/.local/lib/python3.8/site-packages/airflow/example_dags/example_short_circuit_decorator.py took 0.236 seconds
[2025-10-11T15:12:34.115+0000] {processor.py:161} INFO - Started process (PID=4520) to work on /home/airflow/.local/lib/python3.8/site-packages/airflow/example_dags/example_short_circuit_decorator.py
[2025-10-11T15:12:34.118+0000] {processor.py:830} INFO - Processing file /home/airflow/.local/lib/python3.8/site-packages/airflow/example_dags/example_short_circuit_decorator.py for tasks to queue
[2025-10-11T15:12:34.123+0000] {logging_mixin.py:188} INFO - [2025-10-11T15:12:34.122+0000] {dagbag.py:538} INFO - Filling up the DagBag from /home/airflow/.local/lib/python3.8/site-packages/airflow/example_dags/example_short_circuit_decorator.py
[2025-10-11T15:12:34.144+0000] {processor.py:840} INFO - DAG(s) 'example_short_circuit_decorator' retrieved from /home/airflow/.local/lib/python3.8/site-packages/airflow/example_dags/example_short_circuit_decorator.py
[2025-10-11T15:12:34.189+0000] {logging_mixin.py:188} INFO - [2025-10-11T15:12:34.189+0000] {dag.py:3036} INFO - Sync 1 DAGs
[2025-10-11T15:12:34.226+0000] {logging_mixin.py:188} INFO - [2025-10-11T15:12:34.225+0000] {dag.py:3823} INFO - Setting next_dagrun for example_short_circuit_decorator to 2025-10-10 00:00:00+00:00, run_after=2025-10-11 00:00:00+00:00
[2025-10-11T15:12:34.254+0000] {processor.py:183} INFO - Processing /home/airflow/.local/lib/python3.8/site-packages/airflow/example_dags/example_short_circuit_decorator.py took 0.148 seconds
[2025-10-11T15:13:04.491+0000] {processor.py:161} INFO - Started process (PID=4590) to work on /home/airflow/.local/lib/python3.8/site-packages/airflow/example_dags/example_short_circuit_decorator.py
[2025-10-11T15:13:04.494+0000] {processor.py:830} INFO - Processing file /home/airflow/.local/lib/python3.8/site-packages/airflow/example_dags/example_short_circuit_decorator.py for tasks to queue
[2025-10-11T15:13:04.500+0000] {logging_mixin.py:188} INFO - [2025-10-11T15:13:04.499+0000] {dagbag.py:538} INFO - Filling up the DagBag from /home/airflow/.local/lib/python3.8/site-packages/airflow/example_dags/example_short_circuit_decorator.py
[2025-10-11T15:13:04.533+0000] {processor.py:840} INFO - DAG(s) 'example_short_circuit_decorator' retrieved from /home/airflow/.local/lib/python3.8/site-packages/airflow/example_dags/example_short_circuit_decorator.py
[2025-10-11T15:13:04.612+0000] {logging_mixin.py:188} INFO - [2025-10-11T15:13:04.611+0000] {dag.py:3036} INFO - Sync 1 DAGs
[2025-10-11T15:13:04.659+0000] {logging_mixin.py:188} INFO - [2025-10-11T15:13:04.658+0000] {dag.py:3823} INFO - Setting next_dagrun for example_short_circuit_decorator to 2025-10-10 00:00:00+00:00, run_after=2025-10-11 00:00:00+00:00
[2025-10-11T15:13:04.713+0000] {processor.py:183} INFO - Processing /home/airflow/.local/lib/python3.8/site-packages/airflow/example_dags/example_short_circuit_decorator.py took 0.229 seconds
[2025-10-11T15:13:34.927+0000] {processor.py:161} INFO - Started process (PID=4660) to work on /home/airflow/.local/lib/python3.8/site-packages/airflow/example_dags/example_short_circuit_decorator.py
[2025-10-11T15:13:34.930+0000] {processor.py:830} INFO - Processing file /home/airflow/.local/lib/python3.8/site-packages/airflow/example_dags/example_short_circuit_decorator.py for tasks to queue
[2025-10-11T15:13:34.935+0000] {logging_mixin.py:188} INFO - [2025-10-11T15:13:34.935+0000] {dagbag.py:538} INFO - Filling up the DagBag from /home/airflow/.local/lib/python3.8/site-packages/airflow/example_dags/example_short_circuit_decorator.py
[2025-10-11T15:13:34.958+0000] {processor.py:840} INFO - DAG(s) 'example_short_circuit_decorator' retrieved from /home/airflow/.local/lib/python3.8/site-packages/airflow/example_dags/example_short_circuit_decorator.py
[2025-10-11T15:13:35.012+0000] {logging_mixin.py:188} INFO - [2025-10-11T15:13:35.012+0000] {dag.py:3036} INFO - Sync 1 DAGs
[2025-10-11T15:13:35.055+0000] {logging_mixin.py:188} INFO - [2025-10-11T15:13:35.055+0000] {dag.py:3823} INFO - Setting next_dagrun for example_short_circuit_decorator to 2025-10-10 00:00:00+00:00, run_after=2025-10-11 00:00:00+00:00
[2025-10-11T15:13:35.100+0000] {processor.py:183} INFO - Processing /home/airflow/.local/lib/python3.8/site-packages/airflow/example_dags/example_short_circuit_decorator.py took 0.180 seconds
[2025-10-11T15:14:05.157+0000] {processor.py:161} INFO - Started process (PID=4729) to work on /home/airflow/.local/lib/python3.8/site-packages/airflow/example_dags/example_short_circuit_decorator.py
[2025-10-11T15:14:05.160+0000] {processor.py:830} INFO - Processing file /home/airflow/.local/lib/python3.8/site-packages/airflow/example_dags/example_short_circuit_decorator.py for tasks to queue
[2025-10-11T15:14:05.163+0000] {logging_mixin.py:188} INFO - [2025-10-11T15:14:05.163+0000] {dagbag.py:538} INFO - Filling up the DagBag from /home/airflow/.local/lib/python3.8/site-packages/airflow/example_dags/example_short_circuit_decorator.py
[2025-10-11T15:14:05.184+0000] {processor.py:840} INFO - DAG(s) 'example_short_circuit_decorator' retrieved from /home/airflow/.local/lib/python3.8/site-packages/airflow/example_dags/example_short_circuit_decorator.py
[2025-10-11T15:14:05.286+0000] {logging_mixin.py:188} INFO - [2025-10-11T15:14:05.285+0000] {dag.py:3036} INFO - Sync 1 DAGs
[2025-10-11T15:14:05.347+0000] {logging_mixin.py:188} INFO - [2025-10-11T15:14:05.346+0000] {dag.py:3823} INFO - Setting next_dagrun for example_short_circuit_decorator to 2025-10-10 00:00:00+00:00, run_after=2025-10-11 00:00:00+00:00
[2025-10-11T15:14:05.390+0000] {processor.py:183} INFO - Processing /home/airflow/.local/lib/python3.8/site-packages/airflow/example_dags/example_short_circuit_decorator.py took 0.241 seconds
[2025-10-11T15:14:35.504+0000] {processor.py:161} INFO - Started process (PID=4798) to work on /home/airflow/.local/lib/python3.8/site-packages/airflow/example_dags/example_short_circuit_decorator.py
[2025-10-11T15:14:35.506+0000] {processor.py:830} INFO - Processing file /home/airflow/.local/lib/python3.8/site-packages/airflow/example_dags/example_short_circuit_decorator.py for tasks to queue
[2025-10-11T15:14:35.509+0000] {logging_mixin.py:188} INFO - [2025-10-11T15:14:35.509+0000] {dagbag.py:538} INFO - Filling up the DagBag from /home/airflow/.local/lib/python3.8/site-packages/airflow/example_dags/example_short_circuit_decorator.py
[2025-10-11T15:14:35.527+0000] {processor.py:840} INFO - DAG(s) 'example_short_circuit_decorator' retrieved from /home/airflow/.local/lib/python3.8/site-packages/airflow/example_dags/example_short_circuit_decorator.py
[2025-10-11T15:14:35.577+0000] {logging_mixin.py:188} INFO - [2025-10-11T15:14:35.577+0000] {dag.py:3036} INFO - Sync 1 DAGs
[2025-10-11T15:14:35.625+0000] {logging_mixin.py:188} INFO - [2025-10-11T15:14:35.625+0000] {dag.py:3823} INFO - Setting next_dagrun for example_short_circuit_decorator to 2025-10-10 00:00:00+00:00, run_after=2025-10-11 00:00:00+00:00
[2025-10-11T15:14:35.682+0000] {processor.py:183} INFO - Processing /home/airflow/.local/lib/python3.8/site-packages/airflow/example_dags/example_short_circuit_decorator.py took 0.184 seconds
[2025-10-11T15:15:06.204+0000] {processor.py:161} INFO - Started process (PID=4867) to work on /home/airflow/.local/lib/python3.8/site-packages/airflow/example_dags/example_short_circuit_decorator.py
[2025-10-11T15:15:06.206+0000] {processor.py:830} INFO - Processing file /home/airflow/.local/lib/python3.8/site-packages/airflow/example_dags/example_short_circuit_decorator.py for tasks to queue
[2025-10-11T15:15:06.209+0000] {logging_mixin.py:188} INFO - [2025-10-11T15:15:06.209+0000] {dagbag.py:538} INFO - Filling up the DagBag from /home/airflow/.local/lib/python3.8/site-packages/airflow/example_dags/example_short_circuit_decorator.py
[2025-10-11T15:15:06.225+0000] {processor.py:840} INFO - DAG(s) 'example_short_circuit_decorator' retrieved from /home/airflow/.local/lib/python3.8/site-packages/airflow/example_dags/example_short_circuit_decorator.py
[2025-10-11T15:15:06.295+0000] {logging_mixin.py:188} INFO - [2025-10-11T15:15:06.294+0000] {dag.py:3036} INFO - Sync 1 DAGs
[2025-10-11T15:15:06.347+0000] {logging_mixin.py:188} INFO - [2025-10-11T15:15:06.347+0000] {dag.py:3823} INFO - Setting next_dagrun for example_short_circuit_decorator to 2025-10-10 00:00:00+00:00, run_after=2025-10-11 00:00:00+00:00
[2025-10-11T15:15:06.453+0000] {processor.py:183} INFO - Processing /home/airflow/.local/lib/python3.8/site-packages/airflow/example_dags/example_short_circuit_decorator.py took 0.257 seconds
[2025-10-11T15:15:38.017+0000] {processor.py:161} INFO - Started process (PID=4937) to work on /home/airflow/.local/lib/python3.8/site-packages/airflow/example_dags/example_short_circuit_decorator.py
[2025-10-11T15:15:38.020+0000] {processor.py:830} INFO - Processing file /home/airflow/.local/lib/python3.8/site-packages/airflow/example_dags/example_short_circuit_decorator.py for tasks to queue
[2025-10-11T15:15:38.023+0000] {logging_mixin.py:188} INFO - [2025-10-11T15:15:38.022+0000] {dagbag.py:538} INFO - Filling up the DagBag from /home/airflow/.local/lib/python3.8/site-packages/airflow/example_dags/example_short_circuit_decorator.py
[2025-10-11T15:15:38.054+0000] {processor.py:840} INFO - DAG(s) 'example_short_circuit_decorator' retrieved from /home/airflow/.local/lib/python3.8/site-packages/airflow/example_dags/example_short_circuit_decorator.py
[2025-10-11T15:15:38.109+0000] {logging_mixin.py:188} INFO - [2025-10-11T15:15:38.109+0000] {dag.py:3036} INFO - Sync 1 DAGs
[2025-10-11T15:15:38.154+0000] {logging_mixin.py:188} INFO - [2025-10-11T15:15:38.154+0000] {dag.py:3823} INFO - Setting next_dagrun for example_short_circuit_decorator to 2025-10-10 00:00:00+00:00, run_after=2025-10-11 00:00:00+00:00
[2025-10-11T15:15:38.184+0000] {processor.py:183} INFO - Processing /home/airflow/.local/lib/python3.8/site-packages/airflow/example_dags/example_short_circuit_decorator.py took 0.175 seconds
[2025-10-11T15:16:09.094+0000] {processor.py:161} INFO - Started process (PID=5013) to work on /home/airflow/.local/lib/python3.8/site-packages/airflow/example_dags/example_short_circuit_decorator.py
[2025-10-11T15:16:09.096+0000] {processor.py:830} INFO - Processing file /home/airflow/.local/lib/python3.8/site-packages/airflow/example_dags/example_short_circuit_decorator.py for tasks to queue
[2025-10-11T15:16:09.100+0000] {logging_mixin.py:188} INFO - [2025-10-11T15:16:09.099+0000] {dagbag.py:538} INFO - Filling up the DagBag from /home/airflow/.local/lib/python3.8/site-packages/airflow/example_dags/example_short_circuit_decorator.py
[2025-10-11T15:16:09.115+0000] {processor.py:840} INFO - DAG(s) 'example_short_circuit_decorator' retrieved from /home/airflow/.local/lib/python3.8/site-packages/airflow/example_dags/example_short_circuit_decorator.py
[2025-10-11T15:16:09.175+0000] {logging_mixin.py:188} INFO - [2025-10-11T15:16:09.175+0000] {dag.py:3036} INFO - Sync 1 DAGs
[2025-10-11T15:16:09.259+0000] {logging_mixin.py:188} INFO - [2025-10-11T15:16:09.258+0000] {dag.py:3823} INFO - Setting next_dagrun for example_short_circuit_decorator to 2025-10-10 00:00:00+00:00, run_after=2025-10-11 00:00:00+00:00
[2025-10-11T15:16:09.311+0000] {processor.py:183} INFO - Processing /home/airflow/.local/lib/python3.8/site-packages/airflow/example_dags/example_short_circuit_decorator.py took 0.223 seconds
[2025-10-11T15:16:40.435+0000] {processor.py:161} INFO - Started process (PID=5083) to work on /home/airflow/.local/lib/python3.8/site-packages/airflow/example_dags/example_short_circuit_decorator.py
[2025-10-11T15:16:40.437+0000] {processor.py:830} INFO - Processing file /home/airflow/.local/lib/python3.8/site-packages/airflow/example_dags/example_short_circuit_decorator.py for tasks to queue
[2025-10-11T15:16:40.444+0000] {logging_mixin.py:188} INFO - [2025-10-11T15:16:40.443+0000] {dagbag.py:538} INFO - Filling up the DagBag from /home/airflow/.local/lib/python3.8/site-packages/airflow/example_dags/example_short_circuit_decorator.py
[2025-10-11T15:16:40.462+0000] {processor.py:840} INFO - DAG(s) 'example_short_circuit_decorator' retrieved from /home/airflow/.local/lib/python3.8/site-packages/airflow/example_dags/example_short_circuit_decorator.py
[2025-10-11T15:16:40.516+0000] {logging_mixin.py:188} INFO - [2025-10-11T15:16:40.515+0000] {dag.py:3036} INFO - Sync 1 DAGs
[2025-10-11T15:16:40.572+0000] {logging_mixin.py:188} INFO - [2025-10-11T15:16:40.571+0000] {dag.py:3823} INFO - Setting next_dagrun for example_short_circuit_decorator to 2025-10-10 00:00:00+00:00, run_after=2025-10-11 00:00:00+00:00
[2025-10-11T15:16:40.637+0000] {processor.py:183} INFO - Processing /home/airflow/.local/lib/python3.8/site-packages/airflow/example_dags/example_short_circuit_decorator.py took 0.208 seconds
[2025-10-11T15:17:11.753+0000] {processor.py:161} INFO - Started process (PID=5153) to work on /home/airflow/.local/lib/python3.8/site-packages/airflow/example_dags/example_short_circuit_decorator.py
[2025-10-11T15:17:11.755+0000] {processor.py:830} INFO - Processing file /home/airflow/.local/lib/python3.8/site-packages/airflow/example_dags/example_short_circuit_decorator.py for tasks to queue
[2025-10-11T15:17:11.758+0000] {logging_mixin.py:188} INFO - [2025-10-11T15:17:11.758+0000] {dagbag.py:538} INFO - Filling up the DagBag from /home/airflow/.local/lib/python3.8/site-packages/airflow/example_dags/example_short_circuit_decorator.py
[2025-10-11T15:17:11.781+0000] {processor.py:840} INFO - DAG(s) 'example_short_circuit_decorator' retrieved from /home/airflow/.local/lib/python3.8/site-packages/airflow/example_dags/example_short_circuit_decorator.py
[2025-10-11T15:17:11.838+0000] {logging_mixin.py:188} INFO - [2025-10-11T15:17:11.837+0000] {dag.py:3036} INFO - Sync 1 DAGs
[2025-10-11T15:17:11.885+0000] {logging_mixin.py:188} INFO - [2025-10-11T15:17:11.885+0000] {dag.py:3823} INFO - Setting next_dagrun for example_short_circuit_decorator to 2025-10-10 00:00:00+00:00, run_after=2025-10-11 00:00:00+00:00
[2025-10-11T15:17:11.927+0000] {processor.py:183} INFO - Processing /home/airflow/.local/lib/python3.8/site-packages/airflow/example_dags/example_short_circuit_decorator.py took 0.183 seconds
[2025-10-11T15:17:43.158+0000] {processor.py:161} INFO - Started process (PID=5223) to work on /home/airflow/.local/lib/python3.8/site-packages/airflow/example_dags/example_short_circuit_decorator.py
[2025-10-11T15:17:43.161+0000] {processor.py:830} INFO - Processing file /home/airflow/.local/lib/python3.8/site-packages/airflow/example_dags/example_short_circuit_decorator.py for tasks to queue
[2025-10-11T15:17:43.165+0000] {logging_mixin.py:188} INFO - [2025-10-11T15:17:43.164+0000] {dagbag.py:538} INFO - Filling up the DagBag from /home/airflow/.local/lib/python3.8/site-packages/airflow/example_dags/example_short_circuit_decorator.py
[2025-10-11T15:17:43.185+0000] {processor.py:840} INFO - DAG(s) 'example_short_circuit_decorator' retrieved from /home/airflow/.local/lib/python3.8/site-packages/airflow/example_dags/example_short_circuit_decorator.py
[2025-10-11T15:17:43.234+0000] {logging_mixin.py:188} INFO - [2025-10-11T15:17:43.233+0000] {dag.py:3036} INFO - Sync 1 DAGs
[2025-10-11T15:17:43.285+0000] {logging_mixin.py:188} INFO - [2025-10-11T15:17:43.284+0000] {dag.py:3823} INFO - Setting next_dagrun for example_short_circuit_decorator to 2025-10-10 00:00:00+00:00, run_after=2025-10-11 00:00:00+00:00
[2025-10-11T15:17:43.329+0000] {processor.py:183} INFO - Processing /home/airflow/.local/lib/python3.8/site-packages/airflow/example_dags/example_short_circuit_decorator.py took 0.177 seconds
[2025-10-11T15:18:14.202+0000] {processor.py:161} INFO - Started process (PID=5293) to work on /home/airflow/.local/lib/python3.8/site-packages/airflow/example_dags/example_short_circuit_decorator.py
[2025-10-11T15:18:14.204+0000] {processor.py:830} INFO - Processing file /home/airflow/.local/lib/python3.8/site-packages/airflow/example_dags/example_short_circuit_decorator.py for tasks to queue
[2025-10-11T15:18:14.210+0000] {logging_mixin.py:188} INFO - [2025-10-11T15:18:14.208+0000] {dagbag.py:538} INFO - Filling up the DagBag from /home/airflow/.local/lib/python3.8/site-packages/airflow/example_dags/example_short_circuit_decorator.py
[2025-10-11T15:18:14.241+0000] {processor.py:840} INFO - DAG(s) 'example_short_circuit_decorator' retrieved from /home/airflow/.local/lib/python3.8/site-packages/airflow/example_dags/example_short_circuit_decorator.py
[2025-10-11T15:18:14.295+0000] {logging_mixin.py:188} INFO - [2025-10-11T15:18:14.295+0000] {dag.py:3036} INFO - Sync 1 DAGs
[2025-10-11T15:18:14.337+0000] {logging_mixin.py:188} INFO - [2025-10-11T15:18:14.337+0000] {dag.py:3823} INFO - Setting next_dagrun for example_short_circuit_decorator to 2025-10-10 00:00:00+00:00, run_after=2025-10-11 00:00:00+00:00
[2025-10-11T15:18:14.372+0000] {processor.py:183} INFO - Processing /home/airflow/.local/lib/python3.8/site-packages/airflow/example_dags/example_short_circuit_decorator.py took 0.177 seconds
[2025-10-11T15:18:46.620+0000] {processor.py:161} INFO - Started process (PID=5364) to work on /home/airflow/.local/lib/python3.8/site-packages/airflow/example_dags/example_short_circuit_decorator.py
[2025-10-11T15:18:46.622+0000] {processor.py:830} INFO - Processing file /home/airflow/.local/lib/python3.8/site-packages/airflow/example_dags/example_short_circuit_decorator.py for tasks to queue
[2025-10-11T15:18:46.627+0000] {logging_mixin.py:188} INFO - [2025-10-11T15:18:46.627+0000] {dagbag.py:538} INFO - Filling up the DagBag from /home/airflow/.local/lib/python3.8/site-packages/airflow/example_dags/example_short_circuit_decorator.py
[2025-10-11T15:18:46.645+0000] {processor.py:840} INFO - DAG(s) 'example_short_circuit_decorator' retrieved from /home/airflow/.local/lib/python3.8/site-packages/airflow/example_dags/example_short_circuit_decorator.py
[2025-10-11T15:18:46.699+0000] {logging_mixin.py:188} INFO - [2025-10-11T15:18:46.698+0000] {dag.py:3036} INFO - Sync 1 DAGs
[2025-10-11T15:18:46.753+0000] {logging_mixin.py:188} INFO - [2025-10-11T15:18:46.753+0000] {dag.py:3823} INFO - Setting next_dagrun for example_short_circuit_decorator to 2025-10-10 00:00:00+00:00, run_after=2025-10-11 00:00:00+00:00
[2025-10-11T15:18:46.809+0000] {processor.py:183} INFO - Processing /home/airflow/.local/lib/python3.8/site-packages/airflow/example_dags/example_short_circuit_decorator.py took 0.197 seconds
[2025-10-11T15:19:18.252+0000] {processor.py:161} INFO - Started process (PID=5434) to work on /home/airflow/.local/lib/python3.8/site-packages/airflow/example_dags/example_short_circuit_decorator.py
[2025-10-11T15:19:18.254+0000] {processor.py:830} INFO - Processing file /home/airflow/.local/lib/python3.8/site-packages/airflow/example_dags/example_short_circuit_decorator.py for tasks to queue
[2025-10-11T15:19:18.257+0000] {logging_mixin.py:188} INFO - [2025-10-11T15:19:18.257+0000] {dagbag.py:538} INFO - Filling up the DagBag from /home/airflow/.local/lib/python3.8/site-packages/airflow/example_dags/example_short_circuit_decorator.py
[2025-10-11T15:19:18.275+0000] {processor.py:840} INFO - DAG(s) 'example_short_circuit_decorator' retrieved from /home/airflow/.local/lib/python3.8/site-packages/airflow/example_dags/example_short_circuit_decorator.py
[2025-10-11T15:19:18.327+0000] {logging_mixin.py:188} INFO - [2025-10-11T15:19:18.326+0000] {dag.py:3036} INFO - Sync 1 DAGs
[2025-10-11T15:19:18.371+0000] {logging_mixin.py:188} INFO - [2025-10-11T15:19:18.370+0000] {dag.py:3823} INFO - Setting next_dagrun for example_short_circuit_decorator to 2025-10-10 00:00:00+00:00, run_after=2025-10-11 00:00:00+00:00
[2025-10-11T15:19:18.480+0000] {processor.py:183} INFO - Processing /home/airflow/.local/lib/python3.8/site-packages/airflow/example_dags/example_short_circuit_decorator.py took 0.233 seconds
[2025-10-11T15:19:50.287+0000] {processor.py:161} INFO - Started process (PID=5504) to work on /home/airflow/.local/lib/python3.8/site-packages/airflow/example_dags/example_short_circuit_decorator.py
[2025-10-11T15:19:50.289+0000] {processor.py:830} INFO - Processing file /home/airflow/.local/lib/python3.8/site-packages/airflow/example_dags/example_short_circuit_decorator.py for tasks to queue
[2025-10-11T15:19:50.293+0000] {logging_mixin.py:188} INFO - [2025-10-11T15:19:50.292+0000] {dagbag.py:538} INFO - Filling up the DagBag from /home/airflow/.local/lib/python3.8/site-packages/airflow/example_dags/example_short_circuit_decorator.py
[2025-10-11T15:19:50.313+0000] {processor.py:840} INFO - DAG(s) 'example_short_circuit_decorator' retrieved from /home/airflow/.local/lib/python3.8/site-packages/airflow/example_dags/example_short_circuit_decorator.py
[2025-10-11T15:19:50.368+0000] {logging_mixin.py:188} INFO - [2025-10-11T15:19:50.367+0000] {dag.py:3036} INFO - Sync 1 DAGs
[2025-10-11T15:19:50.413+0000] {logging_mixin.py:188} INFO - [2025-10-11T15:19:50.413+0000] {dag.py:3823} INFO - Setting next_dagrun for example_short_circuit_decorator to 2025-10-10 00:00:00+00:00, run_after=2025-10-11 00:00:00+00:00
[2025-10-11T15:19:50.450+0000] {processor.py:183} INFO - Processing /home/airflow/.local/lib/python3.8/site-packages/airflow/example_dags/example_short_circuit_decorator.py took 0.170 seconds
[2025-10-11T15:20:21.981+0000] {processor.py:161} INFO - Started process (PID=5574) to work on /home/airflow/.local/lib/python3.8/site-packages/airflow/example_dags/example_short_circuit_decorator.py
[2025-10-11T15:20:21.985+0000] {processor.py:830} INFO - Processing file /home/airflow/.local/lib/python3.8/site-packages/airflow/example_dags/example_short_circuit_decorator.py for tasks to queue
[2025-10-11T15:20:21.991+0000] {logging_mixin.py:188} INFO - [2025-10-11T15:20:21.989+0000] {dagbag.py:538} INFO - Filling up the DagBag from /home/airflow/.local/lib/python3.8/site-packages/airflow/example_dags/example_short_circuit_decorator.py
[2025-10-11T15:20:22.011+0000] {processor.py:840} INFO - DAG(s) 'example_short_circuit_decorator' retrieved from /home/airflow/.local/lib/python3.8/site-packages/airflow/example_dags/example_short_circuit_decorator.py
[2025-10-11T15:20:22.067+0000] {logging_mixin.py:188} INFO - [2025-10-11T15:20:22.066+0000] {dag.py:3036} INFO - Sync 1 DAGs
[2025-10-11T15:20:22.112+0000] {logging_mixin.py:188} INFO - [2025-10-11T15:20:22.112+0000] {dag.py:3823} INFO - Setting next_dagrun for example_short_circuit_decorator to 2025-10-10 00:00:00+00:00, run_after=2025-10-11 00:00:00+00:00
[2025-10-11T15:20:22.162+0000] {processor.py:183} INFO - Processing /home/airflow/.local/lib/python3.8/site-packages/airflow/example_dags/example_short_circuit_decorator.py took 0.189 seconds
[2025-10-11T15:20:55.597+0000] {processor.py:161} INFO - Started process (PID=5648) to work on /home/airflow/.local/lib/python3.8/site-packages/airflow/example_dags/example_short_circuit_decorator.py
[2025-10-11T15:20:55.600+0000] {processor.py:830} INFO - Processing file /home/airflow/.local/lib/python3.8/site-packages/airflow/example_dags/example_short_circuit_decorator.py for tasks to queue
[2025-10-11T15:20:55.604+0000] {logging_mixin.py:188} INFO - [2025-10-11T15:20:55.604+0000] {dagbag.py:538} INFO - Filling up the DagBag from /home/airflow/.local/lib/python3.8/site-packages/airflow/example_dags/example_short_circuit_decorator.py
[2025-10-11T15:20:55.629+0000] {processor.py:840} INFO - DAG(s) 'example_short_circuit_decorator' retrieved from /home/airflow/.local/lib/python3.8/site-packages/airflow/example_dags/example_short_circuit_decorator.py
[2025-10-11T15:20:55.701+0000] {logging_mixin.py:188} INFO - [2025-10-11T15:20:55.701+0000] {dag.py:3036} INFO - Sync 1 DAGs
[2025-10-11T15:20:55.761+0000] {logging_mixin.py:188} INFO - [2025-10-11T15:20:55.761+0000] {dag.py:3823} INFO - Setting next_dagrun for example_short_circuit_decorator to 2025-10-10 00:00:00+00:00, run_after=2025-10-11 00:00:00+00:00
[2025-10-11T15:20:55.809+0000] {processor.py:183} INFO - Processing /home/airflow/.local/lib/python3.8/site-packages/airflow/example_dags/example_short_circuit_decorator.py took 0.220 seconds
[2025-10-11T15:21:26.750+0000] {processor.py:161} INFO - Started process (PID=5718) to work on /home/airflow/.local/lib/python3.8/site-packages/airflow/example_dags/example_short_circuit_decorator.py
[2025-10-11T15:21:26.753+0000] {processor.py:830} INFO - Processing file /home/airflow/.local/lib/python3.8/site-packages/airflow/example_dags/example_short_circuit_decorator.py for tasks to queue
[2025-10-11T15:21:26.758+0000] {logging_mixin.py:188} INFO - [2025-10-11T15:21:26.757+0000] {dagbag.py:538} INFO - Filling up the DagBag from /home/airflow/.local/lib/python3.8/site-packages/airflow/example_dags/example_short_circuit_decorator.py
[2025-10-11T15:21:26.781+0000] {processor.py:840} INFO - DAG(s) 'example_short_circuit_decorator' retrieved from /home/airflow/.local/lib/python3.8/site-packages/airflow/example_dags/example_short_circuit_decorator.py
[2025-10-11T15:21:26.850+0000] {logging_mixin.py:188} INFO - [2025-10-11T15:21:26.848+0000] {dag.py:3036} INFO - Sync 1 DAGs
[2025-10-11T15:21:26.933+0000] {logging_mixin.py:188} INFO - [2025-10-11T15:21:26.932+0000] {dag.py:3823} INFO - Setting next_dagrun for example_short_circuit_decorator to 2025-10-10 00:00:00+00:00, run_after=2025-10-11 00:00:00+00:00
[2025-10-11T15:21:27.003+0000] {processor.py:183} INFO - Processing /home/airflow/.local/lib/python3.8/site-packages/airflow/example_dags/example_short_circuit_decorator.py took 0.260 seconds
[2025-10-11T15:21:57.078+0000] {processor.py:161} INFO - Started process (PID=5786) to work on /home/airflow/.local/lib/python3.8/site-packages/airflow/example_dags/example_short_circuit_decorator.py
[2025-10-11T15:21:57.080+0000] {processor.py:830} INFO - Processing file /home/airflow/.local/lib/python3.8/site-packages/airflow/example_dags/example_short_circuit_decorator.py for tasks to queue
[2025-10-11T15:21:57.083+0000] {logging_mixin.py:188} INFO - [2025-10-11T15:21:57.083+0000] {dagbag.py:538} INFO - Filling up the DagBag from /home/airflow/.local/lib/python3.8/site-packages/airflow/example_dags/example_short_circuit_decorator.py
[2025-10-11T15:21:57.100+0000] {processor.py:840} INFO - DAG(s) 'example_short_circuit_decorator' retrieved from /home/airflow/.local/lib/python3.8/site-packages/airflow/example_dags/example_short_circuit_decorator.py
[2025-10-11T15:21:57.153+0000] {logging_mixin.py:188} INFO - [2025-10-11T15:21:57.152+0000] {dag.py:3036} INFO - Sync 1 DAGs
[2025-10-11T15:21:57.193+0000] {logging_mixin.py:188} INFO - [2025-10-11T15:21:57.193+0000] {dag.py:3823} INFO - Setting next_dagrun for example_short_circuit_decorator to 2025-10-10 00:00:00+00:00, run_after=2025-10-11 00:00:00+00:00
[2025-10-11T15:21:57.231+0000] {processor.py:183} INFO - Processing /home/airflow/.local/lib/python3.8/site-packages/airflow/example_dags/example_short_circuit_decorator.py took 0.159 seconds
[2025-10-11T15:22:27.758+0000] {processor.py:161} INFO - Started process (PID=5856) to work on /home/airflow/.local/lib/python3.8/site-packages/airflow/example_dags/example_short_circuit_decorator.py
[2025-10-11T15:22:27.760+0000] {processor.py:830} INFO - Processing file /home/airflow/.local/lib/python3.8/site-packages/airflow/example_dags/example_short_circuit_decorator.py for tasks to queue
[2025-10-11T15:22:27.764+0000] {logging_mixin.py:188} INFO - [2025-10-11T15:22:27.763+0000] {dagbag.py:538} INFO - Filling up the DagBag from /home/airflow/.local/lib/python3.8/site-packages/airflow/example_dags/example_short_circuit_decorator.py
[2025-10-11T15:22:27.783+0000] {processor.py:840} INFO - DAG(s) 'example_short_circuit_decorator' retrieved from /home/airflow/.local/lib/python3.8/site-packages/airflow/example_dags/example_short_circuit_decorator.py
[2025-10-11T15:22:27.839+0000] {logging_mixin.py:188} INFO - [2025-10-11T15:22:27.839+0000] {dag.py:3036} INFO - Sync 1 DAGs
[2025-10-11T15:22:27.883+0000] {logging_mixin.py:188} INFO - [2025-10-11T15:22:27.883+0000] {dag.py:3823} INFO - Setting next_dagrun for example_short_circuit_decorator to 2025-10-10 00:00:00+00:00, run_after=2025-10-11 00:00:00+00:00
[2025-10-11T15:22:27.925+0000] {processor.py:183} INFO - Processing /home/airflow/.local/lib/python3.8/site-packages/airflow/example_dags/example_short_circuit_decorator.py took 0.173 seconds
[2025-10-11T15:22:59.502+0000] {processor.py:161} INFO - Started process (PID=5926) to work on /home/airflow/.local/lib/python3.8/site-packages/airflow/example_dags/example_short_circuit_decorator.py
[2025-10-11T15:22:59.504+0000] {processor.py:830} INFO - Processing file /home/airflow/.local/lib/python3.8/site-packages/airflow/example_dags/example_short_circuit_decorator.py for tasks to queue
[2025-10-11T15:22:59.507+0000] {logging_mixin.py:188} INFO - [2025-10-11T15:22:59.506+0000] {dagbag.py:538} INFO - Filling up the DagBag from /home/airflow/.local/lib/python3.8/site-packages/airflow/example_dags/example_short_circuit_decorator.py
[2025-10-11T15:22:59.526+0000] {processor.py:840} INFO - DAG(s) 'example_short_circuit_decorator' retrieved from /home/airflow/.local/lib/python3.8/site-packages/airflow/example_dags/example_short_circuit_decorator.py
[2025-10-11T15:22:59.587+0000] {logging_mixin.py:188} INFO - [2025-10-11T15:22:59.587+0000] {dag.py:3036} INFO - Sync 1 DAGs
[2025-10-11T15:22:59.641+0000] {logging_mixin.py:188} INFO - [2025-10-11T15:22:59.640+0000] {dag.py:3823} INFO - Setting next_dagrun for example_short_circuit_decorator to 2025-10-10 00:00:00+00:00, run_after=2025-10-11 00:00:00+00:00
[2025-10-11T15:22:59.688+0000] {processor.py:183} INFO - Processing /home/airflow/.local/lib/python3.8/site-packages/airflow/example_dags/example_short_circuit_decorator.py took 0.191 seconds
[2025-10-11T15:23:31.807+0000] {processor.py:161} INFO - Started process (PID=5996) to work on /home/airflow/.local/lib/python3.8/site-packages/airflow/example_dags/example_short_circuit_decorator.py
[2025-10-11T15:23:31.808+0000] {processor.py:830} INFO - Processing file /home/airflow/.local/lib/python3.8/site-packages/airflow/example_dags/example_short_circuit_decorator.py for tasks to queue
[2025-10-11T15:23:31.812+0000] {logging_mixin.py:188} INFO - [2025-10-11T15:23:31.811+0000] {dagbag.py:538} INFO - Filling up the DagBag from /home/airflow/.local/lib/python3.8/site-packages/airflow/example_dags/example_short_circuit_decorator.py
[2025-10-11T15:23:31.834+0000] {processor.py:840} INFO - DAG(s) 'example_short_circuit_decorator' retrieved from /home/airflow/.local/lib/python3.8/site-packages/airflow/example_dags/example_short_circuit_decorator.py
[2025-10-11T15:23:31.887+0000] {logging_mixin.py:188} INFO - [2025-10-11T15:23:31.886+0000] {dag.py:3036} INFO - Sync 1 DAGs
[2025-10-11T15:23:31.939+0000] {logging_mixin.py:188} INFO - [2025-10-11T15:23:31.938+0000] {dag.py:3823} INFO - Setting next_dagrun for example_short_circuit_decorator to 2025-10-10 00:00:00+00:00, run_after=2025-10-11 00:00:00+00:00
[2025-10-11T15:23:31.984+0000] {processor.py:183} INFO - Processing /home/airflow/.local/lib/python3.8/site-packages/airflow/example_dags/example_short_circuit_decorator.py took 0.183 seconds
[2025-10-11T15:24:03.233+0000] {processor.py:161} INFO - Started process (PID=6066) to work on /home/airflow/.local/lib/python3.8/site-packages/airflow/example_dags/example_short_circuit_decorator.py
[2025-10-11T15:24:03.235+0000] {processor.py:830} INFO - Processing file /home/airflow/.local/lib/python3.8/site-packages/airflow/example_dags/example_short_circuit_decorator.py for tasks to queue
[2025-10-11T15:24:03.238+0000] {logging_mixin.py:188} INFO - [2025-10-11T15:24:03.237+0000] {dagbag.py:538} INFO - Filling up the DagBag from /home/airflow/.local/lib/python3.8/site-packages/airflow/example_dags/example_short_circuit_decorator.py
[2025-10-11T15:24:03.263+0000] {processor.py:840} INFO - DAG(s) 'example_short_circuit_decorator' retrieved from /home/airflow/.local/lib/python3.8/site-packages/airflow/example_dags/example_short_circuit_decorator.py
[2025-10-11T15:24:03.321+0000] {logging_mixin.py:188} INFO - [2025-10-11T15:24:03.321+0000] {dag.py:3036} INFO - Sync 1 DAGs
[2025-10-11T15:24:03.371+0000] {logging_mixin.py:188} INFO - [2025-10-11T15:24:03.371+0000] {dag.py:3823} INFO - Setting next_dagrun for example_short_circuit_decorator to 2025-10-10 00:00:00+00:00, run_after=2025-10-11 00:00:00+00:00
[2025-10-11T15:24:03.433+0000] {processor.py:183} INFO - Processing /home/airflow/.local/lib/python3.8/site-packages/airflow/example_dags/example_short_circuit_decorator.py took 0.205 seconds
[2025-10-11T15:24:34.133+0000] {processor.py:161} INFO - Started process (PID=6136) to work on /home/airflow/.local/lib/python3.8/site-packages/airflow/example_dags/example_short_circuit_decorator.py
[2025-10-11T15:24:34.135+0000] {processor.py:830} INFO - Processing file /home/airflow/.local/lib/python3.8/site-packages/airflow/example_dags/example_short_circuit_decorator.py for tasks to queue
[2025-10-11T15:24:34.140+0000] {logging_mixin.py:188} INFO - [2025-10-11T15:24:34.139+0000] {dagbag.py:538} INFO - Filling up the DagBag from /home/airflow/.local/lib/python3.8/site-packages/airflow/example_dags/example_short_circuit_decorator.py
[2025-10-11T15:24:34.167+0000] {processor.py:840} INFO - DAG(s) 'example_short_circuit_decorator' retrieved from /home/airflow/.local/lib/python3.8/site-packages/airflow/example_dags/example_short_circuit_decorator.py
[2025-10-11T15:24:34.252+0000] {logging_mixin.py:188} INFO - [2025-10-11T15:24:34.252+0000] {dag.py:3036} INFO - Sync 1 DAGs
[2025-10-11T15:24:34.298+0000] {logging_mixin.py:188} INFO - [2025-10-11T15:24:34.297+0000] {dag.py:3823} INFO - Setting next_dagrun for example_short_circuit_decorator to 2025-10-10 00:00:00+00:00, run_after=2025-10-11 00:00:00+00:00
[2025-10-11T15:24:34.341+0000] {processor.py:183} INFO - Processing /home/airflow/.local/lib/python3.8/site-packages/airflow/example_dags/example_short_circuit_decorator.py took 0.218 seconds
[2025-10-11T15:25:05.747+0000] {processor.py:161} INFO - Started process (PID=6206) to work on /home/airflow/.local/lib/python3.8/site-packages/airflow/example_dags/example_short_circuit_decorator.py
[2025-10-11T15:25:05.749+0000] {processor.py:830} INFO - Processing file /home/airflow/.local/lib/python3.8/site-packages/airflow/example_dags/example_short_circuit_decorator.py for tasks to queue
[2025-10-11T15:25:05.754+0000] {logging_mixin.py:188} INFO - [2025-10-11T15:25:05.753+0000] {dagbag.py:538} INFO - Filling up the DagBag from /home/airflow/.local/lib/python3.8/site-packages/airflow/example_dags/example_short_circuit_decorator.py
[2025-10-11T15:25:05.783+0000] {processor.py:840} INFO - DAG(s) 'example_short_circuit_decorator' retrieved from /home/airflow/.local/lib/python3.8/site-packages/airflow/example_dags/example_short_circuit_decorator.py
[2025-10-11T15:25:05.857+0000] {logging_mixin.py:188} INFO - [2025-10-11T15:25:05.857+0000] {dag.py:3036} INFO - Sync 1 DAGs
[2025-10-11T15:25:05.904+0000] {logging_mixin.py:188} INFO - [2025-10-11T15:25:05.904+0000] {dag.py:3823} INFO - Setting next_dagrun for example_short_circuit_decorator to 2025-10-10 00:00:00+00:00, run_after=2025-10-11 00:00:00+00:00
[2025-10-11T15:25:05.952+0000] {processor.py:183} INFO - Processing /home/airflow/.local/lib/python3.8/site-packages/airflow/example_dags/example_short_circuit_decorator.py took 0.215 seconds
[2025-10-11T15:25:38.311+0000] {processor.py:161} INFO - Started process (PID=6276) to work on /home/airflow/.local/lib/python3.8/site-packages/airflow/example_dags/example_short_circuit_decorator.py
[2025-10-11T15:25:38.313+0000] {processor.py:830} INFO - Processing file /home/airflow/.local/lib/python3.8/site-packages/airflow/example_dags/example_short_circuit_decorator.py for tasks to queue
[2025-10-11T15:25:38.318+0000] {logging_mixin.py:188} INFO - [2025-10-11T15:25:38.317+0000] {dagbag.py:538} INFO - Filling up the DagBag from /home/airflow/.local/lib/python3.8/site-packages/airflow/example_dags/example_short_circuit_decorator.py
[2025-10-11T15:25:38.338+0000] {processor.py:840} INFO - DAG(s) 'example_short_circuit_decorator' retrieved from /home/airflow/.local/lib/python3.8/site-packages/airflow/example_dags/example_short_circuit_decorator.py
[2025-10-11T15:25:38.391+0000] {logging_mixin.py:188} INFO - [2025-10-11T15:25:38.391+0000] {dag.py:3036} INFO - Sync 1 DAGs
[2025-10-11T15:25:38.440+0000] {logging_mixin.py:188} INFO - [2025-10-11T15:25:38.440+0000] {dag.py:3823} INFO - Setting next_dagrun for example_short_circuit_decorator to 2025-10-10 00:00:00+00:00, run_after=2025-10-11 00:00:00+00:00
[2025-10-11T15:25:38.506+0000] {processor.py:183} INFO - Processing /home/airflow/.local/lib/python3.8/site-packages/airflow/example_dags/example_short_circuit_decorator.py took 0.202 seconds
[2025-10-11T15:26:11.382+0000] {processor.py:161} INFO - Started process (PID=6353) to work on /home/airflow/.local/lib/python3.8/site-packages/airflow/example_dags/example_short_circuit_decorator.py
[2025-10-11T15:26:11.384+0000] {processor.py:830} INFO - Processing file /home/airflow/.local/lib/python3.8/site-packages/airflow/example_dags/example_short_circuit_decorator.py for tasks to queue
[2025-10-11T15:26:11.388+0000] {logging_mixin.py:188} INFO - [2025-10-11T15:26:11.387+0000] {dagbag.py:538} INFO - Filling up the DagBag from /home/airflow/.local/lib/python3.8/site-packages/airflow/example_dags/example_short_circuit_decorator.py
[2025-10-11T15:26:11.429+0000] {processor.py:840} INFO - DAG(s) 'example_short_circuit_decorator' retrieved from /home/airflow/.local/lib/python3.8/site-packages/airflow/example_dags/example_short_circuit_decorator.py
[2025-10-11T15:26:11.501+0000] {logging_mixin.py:188} INFO - [2025-10-11T15:26:11.501+0000] {dag.py:3036} INFO - Sync 1 DAGs
[2025-10-11T15:26:11.551+0000] {logging_mixin.py:188} INFO - [2025-10-11T15:26:11.550+0000] {dag.py:3823} INFO - Setting next_dagrun for example_short_circuit_decorator to 2025-10-10 00:00:00+00:00, run_after=2025-10-11 00:00:00+00:00
[2025-10-11T15:26:11.590+0000] {processor.py:183} INFO - Processing /home/airflow/.local/lib/python3.8/site-packages/airflow/example_dags/example_short_circuit_decorator.py took 0.215 seconds
[2025-10-11T15:26:42.841+0000] {processor.py:161} INFO - Started process (PID=6423) to work on /home/airflow/.local/lib/python3.8/site-packages/airflow/example_dags/example_short_circuit_decorator.py
[2025-10-11T15:26:42.845+0000] {processor.py:830} INFO - Processing file /home/airflow/.local/lib/python3.8/site-packages/airflow/example_dags/example_short_circuit_decorator.py for tasks to queue
[2025-10-11T15:26:42.851+0000] {logging_mixin.py:188} INFO - [2025-10-11T15:26:42.850+0000] {dagbag.py:538} INFO - Filling up the DagBag from /home/airflow/.local/lib/python3.8/site-packages/airflow/example_dags/example_short_circuit_decorator.py
[2025-10-11T15:26:42.883+0000] {processor.py:840} INFO - DAG(s) 'example_short_circuit_decorator' retrieved from /home/airflow/.local/lib/python3.8/site-packages/airflow/example_dags/example_short_circuit_decorator.py
[2025-10-11T15:26:43.098+0000] {logging_mixin.py:188} INFO - [2025-10-11T15:26:43.095+0000] {dag.py:3036} INFO - Sync 1 DAGs
[2025-10-11T15:26:43.200+0000] {logging_mixin.py:188} INFO - [2025-10-11T15:26:43.199+0000] {dag.py:3823} INFO - Setting next_dagrun for example_short_circuit_decorator to 2025-10-10 00:00:00+00:00, run_after=2025-10-11 00:00:00+00:00
[2025-10-11T15:26:43.255+0000] {processor.py:183} INFO - Processing /home/airflow/.local/lib/python3.8/site-packages/airflow/example_dags/example_short_circuit_decorator.py took 0.430 seconds
[2025-10-11T15:27:14.252+0000] {processor.py:161} INFO - Started process (PID=6493) to work on /home/airflow/.local/lib/python3.8/site-packages/airflow/example_dags/example_short_circuit_decorator.py
[2025-10-11T15:27:14.254+0000] {processor.py:830} INFO - Processing file /home/airflow/.local/lib/python3.8/site-packages/airflow/example_dags/example_short_circuit_decorator.py for tasks to queue
[2025-10-11T15:27:14.257+0000] {logging_mixin.py:188} INFO - [2025-10-11T15:27:14.257+0000] {dagbag.py:538} INFO - Filling up the DagBag from /home/airflow/.local/lib/python3.8/site-packages/airflow/example_dags/example_short_circuit_decorator.py
[2025-10-11T15:27:14.278+0000] {processor.py:840} INFO - DAG(s) 'example_short_circuit_decorator' retrieved from /home/airflow/.local/lib/python3.8/site-packages/airflow/example_dags/example_short_circuit_decorator.py
[2025-10-11T15:27:14.379+0000] {logging_mixin.py:188} INFO - [2025-10-11T15:27:14.378+0000] {dag.py:3036} INFO - Sync 1 DAGs
[2025-10-11T15:27:14.481+0000] {logging_mixin.py:188} INFO - [2025-10-11T15:27:14.481+0000] {dag.py:3823} INFO - Setting next_dagrun for example_short_circuit_decorator to 2025-10-10 00:00:00+00:00, run_after=2025-10-11 00:00:00+00:00
[2025-10-11T15:27:14.593+0000] {processor.py:183} INFO - Processing /home/airflow/.local/lib/python3.8/site-packages/airflow/example_dags/example_short_circuit_decorator.py took 0.346 seconds
[2025-10-11T15:27:45.625+0000] {processor.py:161} INFO - Started process (PID=6563) to work on /home/airflow/.local/lib/python3.8/site-packages/airflow/example_dags/example_short_circuit_decorator.py
[2025-10-11T15:27:45.627+0000] {processor.py:830} INFO - Processing file /home/airflow/.local/lib/python3.8/site-packages/airflow/example_dags/example_short_circuit_decorator.py for tasks to queue
[2025-10-11T15:27:45.631+0000] {logging_mixin.py:188} INFO - [2025-10-11T15:27:45.630+0000] {dagbag.py:538} INFO - Filling up the DagBag from /home/airflow/.local/lib/python3.8/site-packages/airflow/example_dags/example_short_circuit_decorator.py
[2025-10-11T15:27:45.646+0000] {processor.py:840} INFO - DAG(s) 'example_short_circuit_decorator' retrieved from /home/airflow/.local/lib/python3.8/site-packages/airflow/example_dags/example_short_circuit_decorator.py
[2025-10-11T15:27:45.697+0000] {logging_mixin.py:188} INFO - [2025-10-11T15:27:45.696+0000] {dag.py:3036} INFO - Sync 1 DAGs
[2025-10-11T15:27:45.736+0000] {logging_mixin.py:188} INFO - [2025-10-11T15:27:45.736+0000] {dag.py:3823} INFO - Setting next_dagrun for example_short_circuit_decorator to 2025-10-10 00:00:00+00:00, run_after=2025-10-11 00:00:00+00:00
[2025-10-11T15:27:45.810+0000] {processor.py:183} INFO - Processing /home/airflow/.local/lib/python3.8/site-packages/airflow/example_dags/example_short_circuit_decorator.py took 0.190 seconds
[2025-10-11T15:28:17.258+0000] {processor.py:161} INFO - Started process (PID=6633) to work on /home/airflow/.local/lib/python3.8/site-packages/airflow/example_dags/example_short_circuit_decorator.py
[2025-10-11T15:28:17.261+0000] {processor.py:830} INFO - Processing file /home/airflow/.local/lib/python3.8/site-packages/airflow/example_dags/example_short_circuit_decorator.py for tasks to queue
[2025-10-11T15:28:17.265+0000] {logging_mixin.py:188} INFO - [2025-10-11T15:28:17.264+0000] {dagbag.py:538} INFO - Filling up the DagBag from /home/airflow/.local/lib/python3.8/site-packages/airflow/example_dags/example_short_circuit_decorator.py
[2025-10-11T15:28:17.290+0000] {processor.py:840} INFO - DAG(s) 'example_short_circuit_decorator' retrieved from /home/airflow/.local/lib/python3.8/site-packages/airflow/example_dags/example_short_circuit_decorator.py
[2025-10-11T15:28:17.352+0000] {logging_mixin.py:188} INFO - [2025-10-11T15:28:17.351+0000] {dag.py:3036} INFO - Sync 1 DAGs
[2025-10-11T15:28:17.403+0000] {logging_mixin.py:188} INFO - [2025-10-11T15:28:17.402+0000] {dag.py:3823} INFO - Setting next_dagrun for example_short_circuit_decorator to 2025-10-10 00:00:00+00:00, run_after=2025-10-11 00:00:00+00:00
[2025-10-11T15:28:17.439+0000] {processor.py:183} INFO - Processing /home/airflow/.local/lib/python3.8/site-packages/airflow/example_dags/example_short_circuit_decorator.py took 0.189 seconds
[2025-10-11T15:28:47.925+0000] {processor.py:161} INFO - Started process (PID=6702) to work on /home/airflow/.local/lib/python3.8/site-packages/airflow/example_dags/example_short_circuit_decorator.py
[2025-10-11T15:28:47.927+0000] {processor.py:830} INFO - Processing file /home/airflow/.local/lib/python3.8/site-packages/airflow/example_dags/example_short_circuit_decorator.py for tasks to queue
[2025-10-11T15:28:47.930+0000] {logging_mixin.py:188} INFO - [2025-10-11T15:28:47.929+0000] {dagbag.py:538} INFO - Filling up the DagBag from /home/airflow/.local/lib/python3.8/site-packages/airflow/example_dags/example_short_circuit_decorator.py
[2025-10-11T15:28:47.947+0000] {processor.py:840} INFO - DAG(s) 'example_short_circuit_decorator' retrieved from /home/airflow/.local/lib/python3.8/site-packages/airflow/example_dags/example_short_circuit_decorator.py
[2025-10-11T15:28:47.995+0000] {logging_mixin.py:188} INFO - [2025-10-11T15:28:47.994+0000] {dag.py:3036} INFO - Sync 1 DAGs
[2025-10-11T15:28:48.038+0000] {logging_mixin.py:188} INFO - [2025-10-11T15:28:48.038+0000] {dag.py:3823} INFO - Setting next_dagrun for example_short_circuit_decorator to 2025-10-10 00:00:00+00:00, run_after=2025-10-11 00:00:00+00:00
[2025-10-11T15:28:48.093+0000] {processor.py:183} INFO - Processing /home/airflow/.local/lib/python3.8/site-packages/airflow/example_dags/example_short_circuit_decorator.py took 0.174 seconds
[2025-10-11T15:29:20.730+0000] {processor.py:161} INFO - Started process (PID=6773) to work on /home/airflow/.local/lib/python3.8/site-packages/airflow/example_dags/example_short_circuit_decorator.py
[2025-10-11T15:29:20.733+0000] {processor.py:830} INFO - Processing file /home/airflow/.local/lib/python3.8/site-packages/airflow/example_dags/example_short_circuit_decorator.py for tasks to queue
[2025-10-11T15:29:20.736+0000] {logging_mixin.py:188} INFO - [2025-10-11T15:29:20.735+0000] {dagbag.py:538} INFO - Filling up the DagBag from /home/airflow/.local/lib/python3.8/site-packages/airflow/example_dags/example_short_circuit_decorator.py
[2025-10-11T15:29:20.757+0000] {processor.py:840} INFO - DAG(s) 'example_short_circuit_decorator' retrieved from /home/airflow/.local/lib/python3.8/site-packages/airflow/example_dags/example_short_circuit_decorator.py
[2025-10-11T15:29:20.808+0000] {logging_mixin.py:188} INFO - [2025-10-11T15:29:20.807+0000] {dag.py:3036} INFO - Sync 1 DAGs
[2025-10-11T15:29:20.851+0000] {logging_mixin.py:188} INFO - [2025-10-11T15:29:20.851+0000] {dag.py:3823} INFO - Setting next_dagrun for example_short_circuit_decorator to 2025-10-10 00:00:00+00:00, run_after=2025-10-11 00:00:00+00:00
[2025-10-11T15:29:20.911+0000] {processor.py:183} INFO - Processing /home/airflow/.local/lib/python3.8/site-packages/airflow/example_dags/example_short_circuit_decorator.py took 0.187 seconds
[2025-10-11T15:29:51.939+0000] {processor.py:161} INFO - Started process (PID=6843) to work on /home/airflow/.local/lib/python3.8/site-packages/airflow/example_dags/example_short_circuit_decorator.py
[2025-10-11T15:29:51.941+0000] {processor.py:830} INFO - Processing file /home/airflow/.local/lib/python3.8/site-packages/airflow/example_dags/example_short_circuit_decorator.py for tasks to queue
[2025-10-11T15:29:51.946+0000] {logging_mixin.py:188} INFO - [2025-10-11T15:29:51.945+0000] {dagbag.py:538} INFO - Filling up the DagBag from /home/airflow/.local/lib/python3.8/site-packages/airflow/example_dags/example_short_circuit_decorator.py
[2025-10-11T15:29:51.969+0000] {processor.py:840} INFO - DAG(s) 'example_short_circuit_decorator' retrieved from /home/airflow/.local/lib/python3.8/site-packages/airflow/example_dags/example_short_circuit_decorator.py
[2025-10-11T15:29:52.047+0000] {logging_mixin.py:188} INFO - [2025-10-11T15:29:52.047+0000] {dag.py:3036} INFO - Sync 1 DAGs
[2025-10-11T15:29:52.096+0000] {logging_mixin.py:188} INFO - [2025-10-11T15:29:52.095+0000] {dag.py:3823} INFO - Setting next_dagrun for example_short_circuit_decorator to 2025-10-10 00:00:00+00:00, run_after=2025-10-11 00:00:00+00:00
[2025-10-11T15:29:52.165+0000] {processor.py:183} INFO - Processing /home/airflow/.local/lib/python3.8/site-packages/airflow/example_dags/example_short_circuit_decorator.py took 0.236 seconds
[2025-10-11T15:30:22.413+0000] {processor.py:161} INFO - Started process (PID=6911) to work on /home/airflow/.local/lib/python3.8/site-packages/airflow/example_dags/example_short_circuit_decorator.py
[2025-10-11T15:30:22.415+0000] {processor.py:830} INFO - Processing file /home/airflow/.local/lib/python3.8/site-packages/airflow/example_dags/example_short_circuit_decorator.py for tasks to queue
[2025-10-11T15:30:22.418+0000] {logging_mixin.py:188} INFO - [2025-10-11T15:30:22.418+0000] {dagbag.py:538} INFO - Filling up the DagBag from /home/airflow/.local/lib/python3.8/site-packages/airflow/example_dags/example_short_circuit_decorator.py
[2025-10-11T15:30:22.436+0000] {processor.py:840} INFO - DAG(s) 'example_short_circuit_decorator' retrieved from /home/airflow/.local/lib/python3.8/site-packages/airflow/example_dags/example_short_circuit_decorator.py
[2025-10-11T15:30:22.486+0000] {logging_mixin.py:188} INFO - [2025-10-11T15:30:22.485+0000] {dag.py:3036} INFO - Sync 1 DAGs
[2025-10-11T15:30:22.536+0000] {logging_mixin.py:188} INFO - [2025-10-11T15:30:22.536+0000] {dag.py:3823} INFO - Setting next_dagrun for example_short_circuit_decorator to 2025-10-10 00:00:00+00:00, run_after=2025-10-11 00:00:00+00:00
[2025-10-11T15:30:22.571+0000] {processor.py:183} INFO - Processing /home/airflow/.local/lib/python3.8/site-packages/airflow/example_dags/example_short_circuit_decorator.py took 0.165 seconds
[2025-10-11T15:30:53.259+0000] {processor.py:161} INFO - Started process (PID=6981) to work on /home/airflow/.local/lib/python3.8/site-packages/airflow/example_dags/example_short_circuit_decorator.py
[2025-10-11T15:30:53.261+0000] {processor.py:830} INFO - Processing file /home/airflow/.local/lib/python3.8/site-packages/airflow/example_dags/example_short_circuit_decorator.py for tasks to queue
[2025-10-11T15:30:53.263+0000] {logging_mixin.py:188} INFO - [2025-10-11T15:30:53.263+0000] {dagbag.py:538} INFO - Filling up the DagBag from /home/airflow/.local/lib/python3.8/site-packages/airflow/example_dags/example_short_circuit_decorator.py
[2025-10-11T15:30:53.278+0000] {processor.py:840} INFO - DAG(s) 'example_short_circuit_decorator' retrieved from /home/airflow/.local/lib/python3.8/site-packages/airflow/example_dags/example_short_circuit_decorator.py
[2025-10-11T15:30:53.338+0000] {logging_mixin.py:188} INFO - [2025-10-11T15:30:53.338+0000] {dag.py:3036} INFO - Sync 1 DAGs
[2025-10-11T15:30:53.391+0000] {logging_mixin.py:188} INFO - [2025-10-11T15:30:53.390+0000] {dag.py:3823} INFO - Setting next_dagrun for example_short_circuit_decorator to 2025-10-10 00:00:00+00:00, run_after=2025-10-11 00:00:00+00:00
[2025-10-11T15:30:53.423+0000] {processor.py:183} INFO - Processing /home/airflow/.local/lib/python3.8/site-packages/airflow/example_dags/example_short_circuit_decorator.py took 0.168 seconds
[2025-10-11T15:31:23.781+0000] {processor.py:161} INFO - Started process (PID=7051) to work on /home/airflow/.local/lib/python3.8/site-packages/airflow/example_dags/example_short_circuit_decorator.py
[2025-10-11T15:31:23.783+0000] {processor.py:830} INFO - Processing file /home/airflow/.local/lib/python3.8/site-packages/airflow/example_dags/example_short_circuit_decorator.py for tasks to queue
[2025-10-11T15:31:23.786+0000] {logging_mixin.py:188} INFO - [2025-10-11T15:31:23.785+0000] {dagbag.py:538} INFO - Filling up the DagBag from /home/airflow/.local/lib/python3.8/site-packages/airflow/example_dags/example_short_circuit_decorator.py
[2025-10-11T15:31:23.799+0000] {processor.py:840} INFO - DAG(s) 'example_short_circuit_decorator' retrieved from /home/airflow/.local/lib/python3.8/site-packages/airflow/example_dags/example_short_circuit_decorator.py
[2025-10-11T15:31:23.839+0000] {logging_mixin.py:188} INFO - [2025-10-11T15:31:23.839+0000] {dag.py:3036} INFO - Sync 1 DAGs
[2025-10-11T15:31:23.870+0000] {logging_mixin.py:188} INFO - [2025-10-11T15:31:23.870+0000] {dag.py:3823} INFO - Setting next_dagrun for example_short_circuit_decorator to 2025-10-10 00:00:00+00:00, run_after=2025-10-11 00:00:00+00:00
[2025-10-11T15:31:23.920+0000] {processor.py:183} INFO - Processing /home/airflow/.local/lib/python3.8/site-packages/airflow/example_dags/example_short_circuit_decorator.py took 0.144 seconds
[2025-10-11T15:31:57.164+0000] {processor.py:161} INFO - Started process (PID=7124) to work on /home/airflow/.local/lib/python3.8/site-packages/airflow/example_dags/example_short_circuit_decorator.py
[2025-10-11T15:31:57.166+0000] {processor.py:830} INFO - Processing file /home/airflow/.local/lib/python3.8/site-packages/airflow/example_dags/example_short_circuit_decorator.py for tasks to queue
[2025-10-11T15:31:57.169+0000] {logging_mixin.py:188} INFO - [2025-10-11T15:31:57.169+0000] {dagbag.py:538} INFO - Filling up the DagBag from /home/airflow/.local/lib/python3.8/site-packages/airflow/example_dags/example_short_circuit_decorator.py
[2025-10-11T15:31:57.188+0000] {processor.py:840} INFO - DAG(s) 'example_short_circuit_decorator' retrieved from /home/airflow/.local/lib/python3.8/site-packages/airflow/example_dags/example_short_circuit_decorator.py
[2025-10-11T15:31:57.241+0000] {logging_mixin.py:188} INFO - [2025-10-11T15:31:57.241+0000] {dag.py:3036} INFO - Sync 1 DAGs
[2025-10-11T15:31:57.274+0000] {logging_mixin.py:188} INFO - [2025-10-11T15:31:57.274+0000] {dag.py:3823} INFO - Setting next_dagrun for example_short_circuit_decorator to 2025-10-10 00:00:00+00:00, run_after=2025-10-11 00:00:00+00:00
[2025-10-11T15:31:57.327+0000] {processor.py:183} INFO - Processing /home/airflow/.local/lib/python3.8/site-packages/airflow/example_dags/example_short_circuit_decorator.py took 0.168 seconds
[2025-10-11T15:32:28.005+0000] {processor.py:161} INFO - Started process (PID=7194) to work on /home/airflow/.local/lib/python3.8/site-packages/airflow/example_dags/example_short_circuit_decorator.py
[2025-10-11T15:32:28.007+0000] {processor.py:830} INFO - Processing file /home/airflow/.local/lib/python3.8/site-packages/airflow/example_dags/example_short_circuit_decorator.py for tasks to queue
[2025-10-11T15:32:28.010+0000] {logging_mixin.py:188} INFO - [2025-10-11T15:32:28.010+0000] {dagbag.py:538} INFO - Filling up the DagBag from /home/airflow/.local/lib/python3.8/site-packages/airflow/example_dags/example_short_circuit_decorator.py
[2025-10-11T15:32:28.026+0000] {processor.py:840} INFO - DAG(s) 'example_short_circuit_decorator' retrieved from /home/airflow/.local/lib/python3.8/site-packages/airflow/example_dags/example_short_circuit_decorator.py
[2025-10-11T15:32:28.079+0000] {logging_mixin.py:188} INFO - [2025-10-11T15:32:28.078+0000] {dag.py:3036} INFO - Sync 1 DAGs
[2025-10-11T15:32:28.117+0000] {logging_mixin.py:188} INFO - [2025-10-11T15:32:28.117+0000] {dag.py:3823} INFO - Setting next_dagrun for example_short_circuit_decorator to 2025-10-10 00:00:00+00:00, run_after=2025-10-11 00:00:00+00:00
[2025-10-11T15:32:28.149+0000] {processor.py:183} INFO - Processing /home/airflow/.local/lib/python3.8/site-packages/airflow/example_dags/example_short_circuit_decorator.py took 0.149 seconds
[2025-10-11T15:32:58.776+0000] {processor.py:161} INFO - Started process (PID=7264) to work on /home/airflow/.local/lib/python3.8/site-packages/airflow/example_dags/example_short_circuit_decorator.py
[2025-10-11T15:32:58.778+0000] {processor.py:830} INFO - Processing file /home/airflow/.local/lib/python3.8/site-packages/airflow/example_dags/example_short_circuit_decorator.py for tasks to queue
[2025-10-11T15:32:58.780+0000] {logging_mixin.py:188} INFO - [2025-10-11T15:32:58.780+0000] {dagbag.py:538} INFO - Filling up the DagBag from /home/airflow/.local/lib/python3.8/site-packages/airflow/example_dags/example_short_circuit_decorator.py
[2025-10-11T15:32:58.793+0000] {processor.py:840} INFO - DAG(s) 'example_short_circuit_decorator' retrieved from /home/airflow/.local/lib/python3.8/site-packages/airflow/example_dags/example_short_circuit_decorator.py
[2025-10-11T15:32:58.832+0000] {logging_mixin.py:188} INFO - [2025-10-11T15:32:58.831+0000] {dag.py:3036} INFO - Sync 1 DAGs
[2025-10-11T15:32:58.860+0000] {logging_mixin.py:188} INFO - [2025-10-11T15:32:58.860+0000] {dag.py:3823} INFO - Setting next_dagrun for example_short_circuit_decorator to 2025-10-10 00:00:00+00:00, run_after=2025-10-11 00:00:00+00:00
[2025-10-11T15:32:58.888+0000] {processor.py:183} INFO - Processing /home/airflow/.local/lib/python3.8/site-packages/airflow/example_dags/example_short_circuit_decorator.py took 0.116 seconds
[2025-10-11T15:33:30.899+0000] {processor.py:161} INFO - Started process (PID=7334) to work on /home/airflow/.local/lib/python3.8/site-packages/airflow/example_dags/example_short_circuit_decorator.py
[2025-10-11T15:33:30.901+0000] {processor.py:830} INFO - Processing file /home/airflow/.local/lib/python3.8/site-packages/airflow/example_dags/example_short_circuit_decorator.py for tasks to queue
[2025-10-11T15:33:30.904+0000] {logging_mixin.py:188} INFO - [2025-10-11T15:33:30.903+0000] {dagbag.py:538} INFO - Filling up the DagBag from /home/airflow/.local/lib/python3.8/site-packages/airflow/example_dags/example_short_circuit_decorator.py
[2025-10-11T15:33:30.925+0000] {processor.py:840} INFO - DAG(s) 'example_short_circuit_decorator' retrieved from /home/airflow/.local/lib/python3.8/site-packages/airflow/example_dags/example_short_circuit_decorator.py
[2025-10-11T15:33:30.986+0000] {logging_mixin.py:188} INFO - [2025-10-11T15:33:30.986+0000] {dag.py:3036} INFO - Sync 1 DAGs
[2025-10-11T15:33:31.036+0000] {logging_mixin.py:188} INFO - [2025-10-11T15:33:31.036+0000] {dag.py:3823} INFO - Setting next_dagrun for example_short_circuit_decorator to 2025-10-10 00:00:00+00:00, run_after=2025-10-11 00:00:00+00:00
[2025-10-11T15:33:31.105+0000] {processor.py:183} INFO - Processing /home/airflow/.local/lib/python3.8/site-packages/airflow/example_dags/example_short_circuit_decorator.py took 0.212 seconds
[2025-10-11T15:34:02.934+0000] {processor.py:161} INFO - Started process (PID=7404) to work on /home/airflow/.local/lib/python3.8/site-packages/airflow/example_dags/example_short_circuit_decorator.py
[2025-10-11T15:34:02.935+0000] {processor.py:830} INFO - Processing file /home/airflow/.local/lib/python3.8/site-packages/airflow/example_dags/example_short_circuit_decorator.py for tasks to queue
[2025-10-11T15:34:02.939+0000] {logging_mixin.py:188} INFO - [2025-10-11T15:34:02.938+0000] {dagbag.py:538} INFO - Filling up the DagBag from /home/airflow/.local/lib/python3.8/site-packages/airflow/example_dags/example_short_circuit_decorator.py
[2025-10-11T15:34:02.961+0000] {processor.py:840} INFO - DAG(s) 'example_short_circuit_decorator' retrieved from /home/airflow/.local/lib/python3.8/site-packages/airflow/example_dags/example_short_circuit_decorator.py
[2025-10-11T15:34:03.013+0000] {logging_mixin.py:188} INFO - [2025-10-11T15:34:03.012+0000] {dag.py:3036} INFO - Sync 1 DAGs
[2025-10-11T15:34:03.057+0000] {logging_mixin.py:188} INFO - [2025-10-11T15:34:03.056+0000] {dag.py:3823} INFO - Setting next_dagrun for example_short_circuit_decorator to 2025-10-10 00:00:00+00:00, run_after=2025-10-11 00:00:00+00:00
[2025-10-11T15:34:03.106+0000] {processor.py:183} INFO - Processing /home/airflow/.local/lib/python3.8/site-packages/airflow/example_dags/example_short_circuit_decorator.py took 0.179 seconds
[2025-10-11T15:34:34.312+0000] {processor.py:161} INFO - Started process (PID=7474) to work on /home/airflow/.local/lib/python3.8/site-packages/airflow/example_dags/example_short_circuit_decorator.py
[2025-10-11T15:34:34.315+0000] {processor.py:830} INFO - Processing file /home/airflow/.local/lib/python3.8/site-packages/airflow/example_dags/example_short_circuit_decorator.py for tasks to queue
[2025-10-11T15:34:34.319+0000] {logging_mixin.py:188} INFO - [2025-10-11T15:34:34.319+0000] {dagbag.py:538} INFO - Filling up the DagBag from /home/airflow/.local/lib/python3.8/site-packages/airflow/example_dags/example_short_circuit_decorator.py
[2025-10-11T15:34:34.341+0000] {processor.py:840} INFO - DAG(s) 'example_short_circuit_decorator' retrieved from /home/airflow/.local/lib/python3.8/site-packages/airflow/example_dags/example_short_circuit_decorator.py
[2025-10-11T15:34:34.399+0000] {logging_mixin.py:188} INFO - [2025-10-11T15:34:34.399+0000] {dag.py:3036} INFO - Sync 1 DAGs
[2025-10-11T15:34:34.434+0000] {logging_mixin.py:188} INFO - [2025-10-11T15:34:34.434+0000] {dag.py:3823} INFO - Setting next_dagrun for example_short_circuit_decorator to 2025-10-10 00:00:00+00:00, run_after=2025-10-11 00:00:00+00:00
[2025-10-11T15:34:34.494+0000] {processor.py:183} INFO - Processing /home/airflow/.local/lib/python3.8/site-packages/airflow/example_dags/example_short_circuit_decorator.py took 0.190 seconds
[2025-10-11T15:35:05.061+0000] {processor.py:161} INFO - Started process (PID=7544) to work on /home/airflow/.local/lib/python3.8/site-packages/airflow/example_dags/example_short_circuit_decorator.py
[2025-10-11T15:35:05.062+0000] {processor.py:830} INFO - Processing file /home/airflow/.local/lib/python3.8/site-packages/airflow/example_dags/example_short_circuit_decorator.py for tasks to queue
[2025-10-11T15:35:05.066+0000] {logging_mixin.py:188} INFO - [2025-10-11T15:35:05.065+0000] {dagbag.py:538} INFO - Filling up the DagBag from /home/airflow/.local/lib/python3.8/site-packages/airflow/example_dags/example_short_circuit_decorator.py
[2025-10-11T15:35:05.080+0000] {processor.py:840} INFO - DAG(s) 'example_short_circuit_decorator' retrieved from /home/airflow/.local/lib/python3.8/site-packages/airflow/example_dags/example_short_circuit_decorator.py
[2025-10-11T15:35:05.121+0000] {logging_mixin.py:188} INFO - [2025-10-11T15:35:05.121+0000] {dag.py:3036} INFO - Sync 1 DAGs
[2025-10-11T15:35:05.158+0000] {logging_mixin.py:188} INFO - [2025-10-11T15:35:05.158+0000] {dag.py:3823} INFO - Setting next_dagrun for example_short_circuit_decorator to 2025-10-10 00:00:00+00:00, run_after=2025-10-11 00:00:00+00:00
[2025-10-11T15:35:05.196+0000] {processor.py:183} INFO - Processing /home/airflow/.local/lib/python3.8/site-packages/airflow/example_dags/example_short_circuit_decorator.py took 0.140 seconds
[2025-10-11T15:35:35.678+0000] {processor.py:161} INFO - Started process (PID=7613) to work on /home/airflow/.local/lib/python3.8/site-packages/airflow/example_dags/example_short_circuit_decorator.py
[2025-10-11T15:35:35.680+0000] {processor.py:830} INFO - Processing file /home/airflow/.local/lib/python3.8/site-packages/airflow/example_dags/example_short_circuit_decorator.py for tasks to queue
[2025-10-11T15:35:35.683+0000] {logging_mixin.py:188} INFO - [2025-10-11T15:35:35.682+0000] {dagbag.py:538} INFO - Filling up the DagBag from /home/airflow/.local/lib/python3.8/site-packages/airflow/example_dags/example_short_circuit_decorator.py
[2025-10-11T15:35:35.700+0000] {processor.py:840} INFO - DAG(s) 'example_short_circuit_decorator' retrieved from /home/airflow/.local/lib/python3.8/site-packages/airflow/example_dags/example_short_circuit_decorator.py
[2025-10-11T15:35:35.747+0000] {logging_mixin.py:188} INFO - [2025-10-11T15:35:35.747+0000] {dag.py:3036} INFO - Sync 1 DAGs
[2025-10-11T15:35:35.783+0000] {logging_mixin.py:188} INFO - [2025-10-11T15:35:35.783+0000] {dag.py:3823} INFO - Setting next_dagrun for example_short_circuit_decorator to 2025-10-10 00:00:00+00:00, run_after=2025-10-11 00:00:00+00:00
[2025-10-11T15:35:35.829+0000] {processor.py:183} INFO - Processing /home/airflow/.local/lib/python3.8/site-packages/airflow/example_dags/example_short_circuit_decorator.py took 0.155 seconds
[2025-10-11T15:36:07.915+0000] {processor.py:161} INFO - Started process (PID=7684) to work on /home/airflow/.local/lib/python3.8/site-packages/airflow/example_dags/example_short_circuit_decorator.py
[2025-10-11T15:36:07.916+0000] {processor.py:830} INFO - Processing file /home/airflow/.local/lib/python3.8/site-packages/airflow/example_dags/example_short_circuit_decorator.py for tasks to queue
[2025-10-11T15:36:07.919+0000] {logging_mixin.py:188} INFO - [2025-10-11T15:36:07.919+0000] {dagbag.py:538} INFO - Filling up the DagBag from /home/airflow/.local/lib/python3.8/site-packages/airflow/example_dags/example_short_circuit_decorator.py
[2025-10-11T15:36:07.934+0000] {processor.py:840} INFO - DAG(s) 'example_short_circuit_decorator' retrieved from /home/airflow/.local/lib/python3.8/site-packages/airflow/example_dags/example_short_circuit_decorator.py
[2025-10-11T15:36:07.975+0000] {logging_mixin.py:188} INFO - [2025-10-11T15:36:07.974+0000] {dag.py:3036} INFO - Sync 1 DAGs
[2025-10-11T15:36:08.014+0000] {logging_mixin.py:188} INFO - [2025-10-11T15:36:08.014+0000] {dag.py:3823} INFO - Setting next_dagrun for example_short_circuit_decorator to 2025-10-10 00:00:00+00:00, run_after=2025-10-11 00:00:00+00:00
[2025-10-11T15:36:08.066+0000] {processor.py:183} INFO - Processing /home/airflow/.local/lib/python3.8/site-packages/airflow/example_dags/example_short_circuit_decorator.py took 0.155 seconds
[2025-10-11T15:36:39.080+0000] {processor.py:161} INFO - Started process (PID=7753) to work on /home/airflow/.local/lib/python3.8/site-packages/airflow/example_dags/example_short_circuit_decorator.py
[2025-10-11T15:36:39.082+0000] {processor.py:830} INFO - Processing file /home/airflow/.local/lib/python3.8/site-packages/airflow/example_dags/example_short_circuit_decorator.py for tasks to queue
[2025-10-11T15:36:39.084+0000] {logging_mixin.py:188} INFO - [2025-10-11T15:36:39.084+0000] {dagbag.py:538} INFO - Filling up the DagBag from /home/airflow/.local/lib/python3.8/site-packages/airflow/example_dags/example_short_circuit_decorator.py
[2025-10-11T15:36:39.099+0000] {processor.py:840} INFO - DAG(s) 'example_short_circuit_decorator' retrieved from /home/airflow/.local/lib/python3.8/site-packages/airflow/example_dags/example_short_circuit_decorator.py
[2025-10-11T15:36:39.140+0000] {logging_mixin.py:188} INFO - [2025-10-11T15:36:39.139+0000] {dag.py:3036} INFO - Sync 1 DAGs
[2025-10-11T15:36:39.171+0000] {logging_mixin.py:188} INFO - [2025-10-11T15:36:39.171+0000] {dag.py:3823} INFO - Setting next_dagrun for example_short_circuit_decorator to 2025-10-10 00:00:00+00:00, run_after=2025-10-11 00:00:00+00:00
[2025-10-11T15:36:39.224+0000] {processor.py:183} INFO - Processing /home/airflow/.local/lib/python3.8/site-packages/airflow/example_dags/example_short_circuit_decorator.py took 0.149 seconds
[2025-10-11T15:37:10.110+0000] {processor.py:161} INFO - Started process (PID=7823) to work on /home/airflow/.local/lib/python3.8/site-packages/airflow/example_dags/example_short_circuit_decorator.py
[2025-10-11T15:37:10.111+0000] {processor.py:830} INFO - Processing file /home/airflow/.local/lib/python3.8/site-packages/airflow/example_dags/example_short_circuit_decorator.py for tasks to queue
[2025-10-11T15:37:10.114+0000] {logging_mixin.py:188} INFO - [2025-10-11T15:37:10.114+0000] {dagbag.py:538} INFO - Filling up the DagBag from /home/airflow/.local/lib/python3.8/site-packages/airflow/example_dags/example_short_circuit_decorator.py
[2025-10-11T15:37:10.128+0000] {processor.py:840} INFO - DAG(s) 'example_short_circuit_decorator' retrieved from /home/airflow/.local/lib/python3.8/site-packages/airflow/example_dags/example_short_circuit_decorator.py
[2025-10-11T15:37:10.172+0000] {logging_mixin.py:188} INFO - [2025-10-11T15:37:10.172+0000] {dag.py:3036} INFO - Sync 1 DAGs
[2025-10-11T15:37:10.209+0000] {logging_mixin.py:188} INFO - [2025-10-11T15:37:10.209+0000] {dag.py:3823} INFO - Setting next_dagrun for example_short_circuit_decorator to 2025-10-10 00:00:00+00:00, run_after=2025-10-11 00:00:00+00:00
[2025-10-11T15:37:10.240+0000] {processor.py:183} INFO - Processing /home/airflow/.local/lib/python3.8/site-packages/airflow/example_dags/example_short_circuit_decorator.py took 0.134 seconds
[2025-10-11T15:37:43.626+0000] {processor.py:161} INFO - Started process (PID=7899) to work on /home/airflow/.local/lib/python3.8/site-packages/airflow/example_dags/example_short_circuit_decorator.py
[2025-10-11T15:37:43.628+0000] {processor.py:830} INFO - Processing file /home/airflow/.local/lib/python3.8/site-packages/airflow/example_dags/example_short_circuit_decorator.py for tasks to queue
[2025-10-11T15:37:43.632+0000] {logging_mixin.py:188} INFO - [2025-10-11T15:37:43.631+0000] {dagbag.py:538} INFO - Filling up the DagBag from /home/airflow/.local/lib/python3.8/site-packages/airflow/example_dags/example_short_circuit_decorator.py
[2025-10-11T15:37:43.651+0000] {processor.py:840} INFO - DAG(s) 'example_short_circuit_decorator' retrieved from /home/airflow/.local/lib/python3.8/site-packages/airflow/example_dags/example_short_circuit_decorator.py
[2025-10-11T15:37:43.710+0000] {logging_mixin.py:188} INFO - [2025-10-11T15:37:43.710+0000] {dag.py:3036} INFO - Sync 1 DAGs
[2025-10-11T15:37:43.765+0000] {logging_mixin.py:188} INFO - [2025-10-11T15:37:43.764+0000] {dag.py:3823} INFO - Setting next_dagrun for example_short_circuit_decorator to 2025-10-10 00:00:00+00:00, run_after=2025-10-11 00:00:00+00:00
[2025-10-11T15:37:43.833+0000] {processor.py:183} INFO - Processing /home/airflow/.local/lib/python3.8/site-packages/airflow/example_dags/example_short_circuit_decorator.py took 0.213 seconds
[2025-10-11T15:38:14.900+0000] {processor.py:161} INFO - Started process (PID=7969) to work on /home/airflow/.local/lib/python3.8/site-packages/airflow/example_dags/example_short_circuit_decorator.py
[2025-10-11T15:38:14.902+0000] {processor.py:830} INFO - Processing file /home/airflow/.local/lib/python3.8/site-packages/airflow/example_dags/example_short_circuit_decorator.py for tasks to queue
[2025-10-11T15:38:14.905+0000] {logging_mixin.py:188} INFO - [2025-10-11T15:38:14.904+0000] {dagbag.py:538} INFO - Filling up the DagBag from /home/airflow/.local/lib/python3.8/site-packages/airflow/example_dags/example_short_circuit_decorator.py
[2025-10-11T15:38:14.919+0000] {processor.py:840} INFO - DAG(s) 'example_short_circuit_decorator' retrieved from /home/airflow/.local/lib/python3.8/site-packages/airflow/example_dags/example_short_circuit_decorator.py
[2025-10-11T15:38:14.959+0000] {logging_mixin.py:188} INFO - [2025-10-11T15:38:14.958+0000] {dag.py:3036} INFO - Sync 1 DAGs
[2025-10-11T15:38:15.151+0000] {logging_mixin.py:188} INFO - [2025-10-11T15:38:15.151+0000] {dag.py:3823} INFO - Setting next_dagrun for example_short_circuit_decorator to 2025-10-10 00:00:00+00:00, run_after=2025-10-11 00:00:00+00:00
[2025-10-11T15:38:15.184+0000] {processor.py:183} INFO - Processing /home/airflow/.local/lib/python3.8/site-packages/airflow/example_dags/example_short_circuit_decorator.py took 0.288 seconds
[2025-10-11T15:38:45.482+0000] {processor.py:161} INFO - Started process (PID=8039) to work on /home/airflow/.local/lib/python3.8/site-packages/airflow/example_dags/example_short_circuit_decorator.py
[2025-10-11T15:38:45.484+0000] {processor.py:830} INFO - Processing file /home/airflow/.local/lib/python3.8/site-packages/airflow/example_dags/example_short_circuit_decorator.py for tasks to queue
[2025-10-11T15:38:45.489+0000] {logging_mixin.py:188} INFO - [2025-10-11T15:38:45.489+0000] {dagbag.py:538} INFO - Filling up the DagBag from /home/airflow/.local/lib/python3.8/site-packages/airflow/example_dags/example_short_circuit_decorator.py
[2025-10-11T15:38:45.508+0000] {processor.py:840} INFO - DAG(s) 'example_short_circuit_decorator' retrieved from /home/airflow/.local/lib/python3.8/site-packages/airflow/example_dags/example_short_circuit_decorator.py
[2025-10-11T15:38:45.560+0000] {logging_mixin.py:188} INFO - [2025-10-11T15:38:45.559+0000] {dag.py:3036} INFO - Sync 1 DAGs
[2025-10-11T15:38:45.768+0000] {logging_mixin.py:188} INFO - [2025-10-11T15:38:45.768+0000] {dag.py:3823} INFO - Setting next_dagrun for example_short_circuit_decorator to 2025-10-10 00:00:00+00:00, run_after=2025-10-11 00:00:00+00:00
[2025-10-11T15:38:45.822+0000] {processor.py:183} INFO - Processing /home/airflow/.local/lib/python3.8/site-packages/airflow/example_dags/example_short_circuit_decorator.py took 0.350 seconds
[2025-10-11T15:39:17.430+0000] {processor.py:161} INFO - Started process (PID=8109) to work on /home/airflow/.local/lib/python3.8/site-packages/airflow/example_dags/example_short_circuit_decorator.py
[2025-10-11T15:39:17.432+0000] {processor.py:830} INFO - Processing file /home/airflow/.local/lib/python3.8/site-packages/airflow/example_dags/example_short_circuit_decorator.py for tasks to queue
[2025-10-11T15:39:17.436+0000] {logging_mixin.py:188} INFO - [2025-10-11T15:39:17.435+0000] {dagbag.py:538} INFO - Filling up the DagBag from /home/airflow/.local/lib/python3.8/site-packages/airflow/example_dags/example_short_circuit_decorator.py
[2025-10-11T15:39:17.455+0000] {processor.py:840} INFO - DAG(s) 'example_short_circuit_decorator' retrieved from /home/airflow/.local/lib/python3.8/site-packages/airflow/example_dags/example_short_circuit_decorator.py
[2025-10-11T15:39:17.497+0000] {logging_mixin.py:188} INFO - [2025-10-11T15:39:17.497+0000] {dag.py:3036} INFO - Sync 1 DAGs
[2025-10-11T15:39:17.724+0000] {logging_mixin.py:188} INFO - [2025-10-11T15:39:17.724+0000] {dag.py:3823} INFO - Setting next_dagrun for example_short_circuit_decorator to 2025-10-10 00:00:00+00:00, run_after=2025-10-11 00:00:00+00:00
[2025-10-11T15:39:17.755+0000] {processor.py:183} INFO - Processing /home/airflow/.local/lib/python3.8/site-packages/airflow/example_dags/example_short_circuit_decorator.py took 0.331 seconds
[2025-10-11T15:39:48.611+0000] {processor.py:161} INFO - Started process (PID=8179) to work on /home/airflow/.local/lib/python3.8/site-packages/airflow/example_dags/example_short_circuit_decorator.py
[2025-10-11T15:39:48.615+0000] {processor.py:830} INFO - Processing file /home/airflow/.local/lib/python3.8/site-packages/airflow/example_dags/example_short_circuit_decorator.py for tasks to queue
[2025-10-11T15:39:48.619+0000] {logging_mixin.py:188} INFO - [2025-10-11T15:39:48.618+0000] {dagbag.py:538} INFO - Filling up the DagBag from /home/airflow/.local/lib/python3.8/site-packages/airflow/example_dags/example_short_circuit_decorator.py
[2025-10-11T15:39:48.638+0000] {processor.py:840} INFO - DAG(s) 'example_short_circuit_decorator' retrieved from /home/airflow/.local/lib/python3.8/site-packages/airflow/example_dags/example_short_circuit_decorator.py
[2025-10-11T15:39:48.689+0000] {logging_mixin.py:188} INFO - [2025-10-11T15:39:48.689+0000] {dag.py:3036} INFO - Sync 1 DAGs
[2025-10-11T15:39:48.735+0000] {logging_mixin.py:188} INFO - [2025-10-11T15:39:48.734+0000] {dag.py:3823} INFO - Setting next_dagrun for example_short_circuit_decorator to 2025-10-10 00:00:00+00:00, run_after=2025-10-11 00:00:00+00:00
[2025-10-11T15:39:48.778+0000] {processor.py:183} INFO - Processing /home/airflow/.local/lib/python3.8/site-packages/airflow/example_dags/example_short_circuit_decorator.py took 0.173 seconds
[2025-10-11T15:40:19.490+0000] {processor.py:161} INFO - Started process (PID=8249) to work on /home/airflow/.local/lib/python3.8/site-packages/airflow/example_dags/example_short_circuit_decorator.py
[2025-10-11T15:40:19.493+0000] {processor.py:830} INFO - Processing file /home/airflow/.local/lib/python3.8/site-packages/airflow/example_dags/example_short_circuit_decorator.py for tasks to queue
[2025-10-11T15:40:19.496+0000] {logging_mixin.py:188} INFO - [2025-10-11T15:40:19.495+0000] {dagbag.py:538} INFO - Filling up the DagBag from /home/airflow/.local/lib/python3.8/site-packages/airflow/example_dags/example_short_circuit_decorator.py
[2025-10-11T15:40:19.508+0000] {processor.py:840} INFO - DAG(s) 'example_short_circuit_decorator' retrieved from /home/airflow/.local/lib/python3.8/site-packages/airflow/example_dags/example_short_circuit_decorator.py
[2025-10-11T15:40:19.548+0000] {logging_mixin.py:188} INFO - [2025-10-11T15:40:19.547+0000] {dag.py:3036} INFO - Sync 1 DAGs
[2025-10-11T15:40:19.584+0000] {logging_mixin.py:188} INFO - [2025-10-11T15:40:19.583+0000] {dag.py:3823} INFO - Setting next_dagrun for example_short_circuit_decorator to 2025-10-10 00:00:00+00:00, run_after=2025-10-11 00:00:00+00:00
[2025-10-11T15:40:19.632+0000] {processor.py:183} INFO - Processing /home/airflow/.local/lib/python3.8/site-packages/airflow/example_dags/example_short_circuit_decorator.py took 0.147 seconds
[2025-10-11T15:40:50.065+0000] {processor.py:161} INFO - Started process (PID=8319) to work on /home/airflow/.local/lib/python3.8/site-packages/airflow/example_dags/example_short_circuit_decorator.py
[2025-10-11T15:40:50.067+0000] {processor.py:830} INFO - Processing file /home/airflow/.local/lib/python3.8/site-packages/airflow/example_dags/example_short_circuit_decorator.py for tasks to queue
[2025-10-11T15:40:50.071+0000] {logging_mixin.py:188} INFO - [2025-10-11T15:40:50.070+0000] {dagbag.py:538} INFO - Filling up the DagBag from /home/airflow/.local/lib/python3.8/site-packages/airflow/example_dags/example_short_circuit_decorator.py
[2025-10-11T15:40:50.088+0000] {processor.py:840} INFO - DAG(s) 'example_short_circuit_decorator' retrieved from /home/airflow/.local/lib/python3.8/site-packages/airflow/example_dags/example_short_circuit_decorator.py
[2025-10-11T15:40:50.138+0000] {logging_mixin.py:188} INFO - [2025-10-11T15:40:50.137+0000] {dag.py:3036} INFO - Sync 1 DAGs
[2025-10-11T15:40:50.179+0000] {logging_mixin.py:188} INFO - [2025-10-11T15:40:50.178+0000] {dag.py:3823} INFO - Setting next_dagrun for example_short_circuit_decorator to 2025-10-10 00:00:00+00:00, run_after=2025-10-11 00:00:00+00:00
[2025-10-11T15:40:50.225+0000] {processor.py:183} INFO - Processing /home/airflow/.local/lib/python3.8/site-packages/airflow/example_dags/example_short_circuit_decorator.py took 0.165 seconds
[2025-10-11T15:41:20.439+0000] {processor.py:161} INFO - Started process (PID=8389) to work on /home/airflow/.local/lib/python3.8/site-packages/airflow/example_dags/example_short_circuit_decorator.py
[2025-10-11T15:41:20.440+0000] {processor.py:830} INFO - Processing file /home/airflow/.local/lib/python3.8/site-packages/airflow/example_dags/example_short_circuit_decorator.py for tasks to queue
[2025-10-11T15:41:20.443+0000] {logging_mixin.py:188} INFO - [2025-10-11T15:41:20.442+0000] {dagbag.py:538} INFO - Filling up the DagBag from /home/airflow/.local/lib/python3.8/site-packages/airflow/example_dags/example_short_circuit_decorator.py
[2025-10-11T15:41:20.458+0000] {processor.py:840} INFO - DAG(s) 'example_short_circuit_decorator' retrieved from /home/airflow/.local/lib/python3.8/site-packages/airflow/example_dags/example_short_circuit_decorator.py
[2025-10-11T15:41:20.511+0000] {logging_mixin.py:188} INFO - [2025-10-11T15:41:20.510+0000] {dag.py:3036} INFO - Sync 1 DAGs
[2025-10-11T15:41:20.557+0000] {logging_mixin.py:188} INFO - [2025-10-11T15:41:20.556+0000] {dag.py:3823} INFO - Setting next_dagrun for example_short_circuit_decorator to 2025-10-10 00:00:00+00:00, run_after=2025-10-11 00:00:00+00:00
[2025-10-11T15:41:20.590+0000] {processor.py:183} INFO - Processing /home/airflow/.local/lib/python3.8/site-packages/airflow/example_dags/example_short_circuit_decorator.py took 0.156 seconds
[2025-10-11T15:41:50.954+0000] {processor.py:161} INFO - Started process (PID=8459) to work on /home/airflow/.local/lib/python3.8/site-packages/airflow/example_dags/example_short_circuit_decorator.py
[2025-10-11T15:41:50.956+0000] {processor.py:830} INFO - Processing file /home/airflow/.local/lib/python3.8/site-packages/airflow/example_dags/example_short_circuit_decorator.py for tasks to queue
[2025-10-11T15:41:50.958+0000] {logging_mixin.py:188} INFO - [2025-10-11T15:41:50.958+0000] {dagbag.py:538} INFO - Filling up the DagBag from /home/airflow/.local/lib/python3.8/site-packages/airflow/example_dags/example_short_circuit_decorator.py
[2025-10-11T15:41:50.971+0000] {processor.py:840} INFO - DAG(s) 'example_short_circuit_decorator' retrieved from /home/airflow/.local/lib/python3.8/site-packages/airflow/example_dags/example_short_circuit_decorator.py
[2025-10-11T15:41:51.008+0000] {logging_mixin.py:188} INFO - [2025-10-11T15:41:51.008+0000] {dag.py:3036} INFO - Sync 1 DAGs
[2025-10-11T15:41:51.038+0000] {logging_mixin.py:188} INFO - [2025-10-11T15:41:51.037+0000] {dag.py:3823} INFO - Setting next_dagrun for example_short_circuit_decorator to 2025-10-10 00:00:00+00:00, run_after=2025-10-11 00:00:00+00:00
[2025-10-11T15:41:51.086+0000] {processor.py:183} INFO - Processing /home/airflow/.local/lib/python3.8/site-packages/airflow/example_dags/example_short_circuit_decorator.py took 0.136 seconds
[2025-10-11T15:42:21.783+0000] {processor.py:161} INFO - Started process (PID=8529) to work on /home/airflow/.local/lib/python3.8/site-packages/airflow/example_dags/example_short_circuit_decorator.py
[2025-10-11T15:42:21.784+0000] {processor.py:830} INFO - Processing file /home/airflow/.local/lib/python3.8/site-packages/airflow/example_dags/example_short_circuit_decorator.py for tasks to queue
[2025-10-11T15:42:21.787+0000] {logging_mixin.py:188} INFO - [2025-10-11T15:42:21.787+0000] {dagbag.py:538} INFO - Filling up the DagBag from /home/airflow/.local/lib/python3.8/site-packages/airflow/example_dags/example_short_circuit_decorator.py
[2025-10-11T15:42:21.801+0000] {processor.py:840} INFO - DAG(s) 'example_short_circuit_decorator' retrieved from /home/airflow/.local/lib/python3.8/site-packages/airflow/example_dags/example_short_circuit_decorator.py
[2025-10-11T15:42:21.845+0000] {logging_mixin.py:188} INFO - [2025-10-11T15:42:21.845+0000] {dag.py:3036} INFO - Sync 1 DAGs
[2025-10-11T15:42:21.881+0000] {logging_mixin.py:188} INFO - [2025-10-11T15:42:21.880+0000] {dag.py:3823} INFO - Setting next_dagrun for example_short_circuit_decorator to 2025-10-10 00:00:00+00:00, run_after=2025-10-11 00:00:00+00:00
[2025-10-11T15:42:21.914+0000] {processor.py:183} INFO - Processing /home/airflow/.local/lib/python3.8/site-packages/airflow/example_dags/example_short_circuit_decorator.py took 0.136 seconds
[2025-10-11T15:42:52.998+0000] {processor.py:161} INFO - Started process (PID=8599) to work on /home/airflow/.local/lib/python3.8/site-packages/airflow/example_dags/example_short_circuit_decorator.py
[2025-10-11T15:42:52.999+0000] {processor.py:830} INFO - Processing file /home/airflow/.local/lib/python3.8/site-packages/airflow/example_dags/example_short_circuit_decorator.py for tasks to queue
[2025-10-11T15:42:53.002+0000] {logging_mixin.py:188} INFO - [2025-10-11T15:42:53.001+0000] {dagbag.py:538} INFO - Filling up the DagBag from /home/airflow/.local/lib/python3.8/site-packages/airflow/example_dags/example_short_circuit_decorator.py
[2025-10-11T15:42:53.018+0000] {processor.py:840} INFO - DAG(s) 'example_short_circuit_decorator' retrieved from /home/airflow/.local/lib/python3.8/site-packages/airflow/example_dags/example_short_circuit_decorator.py
[2025-10-11T15:42:53.059+0000] {logging_mixin.py:188} INFO - [2025-10-11T15:42:53.059+0000] {dag.py:3036} INFO - Sync 1 DAGs
[2025-10-11T15:42:53.090+0000] {logging_mixin.py:188} INFO - [2025-10-11T15:42:53.090+0000] {dag.py:3823} INFO - Setting next_dagrun for example_short_circuit_decorator to 2025-10-10 00:00:00+00:00, run_after=2025-10-11 00:00:00+00:00
[2025-10-11T15:42:53.125+0000] {processor.py:183} INFO - Processing /home/airflow/.local/lib/python3.8/site-packages/airflow/example_dags/example_short_circuit_decorator.py took 0.132 seconds
[2025-10-11T15:43:23.461+0000] {processor.py:161} INFO - Started process (PID=8669) to work on /home/airflow/.local/lib/python3.8/site-packages/airflow/example_dags/example_short_circuit_decorator.py
[2025-10-11T15:43:23.463+0000] {processor.py:830} INFO - Processing file /home/airflow/.local/lib/python3.8/site-packages/airflow/example_dags/example_short_circuit_decorator.py for tasks to queue
[2025-10-11T15:43:23.466+0000] {logging_mixin.py:188} INFO - [2025-10-11T15:43:23.466+0000] {dagbag.py:538} INFO - Filling up the DagBag from /home/airflow/.local/lib/python3.8/site-packages/airflow/example_dags/example_short_circuit_decorator.py
[2025-10-11T15:43:23.481+0000] {processor.py:840} INFO - DAG(s) 'example_short_circuit_decorator' retrieved from /home/airflow/.local/lib/python3.8/site-packages/airflow/example_dags/example_short_circuit_decorator.py
[2025-10-11T15:43:23.528+0000] {logging_mixin.py:188} INFO - [2025-10-11T15:43:23.528+0000] {dag.py:3036} INFO - Sync 1 DAGs
[2025-10-11T15:43:23.563+0000] {logging_mixin.py:188} INFO - [2025-10-11T15:43:23.563+0000] {dag.py:3823} INFO - Setting next_dagrun for example_short_circuit_decorator to 2025-10-10 00:00:00+00:00, run_after=2025-10-11 00:00:00+00:00
[2025-10-11T15:43:23.612+0000] {processor.py:183} INFO - Processing /home/airflow/.local/lib/python3.8/site-packages/airflow/example_dags/example_short_circuit_decorator.py took 0.155 seconds
[2025-10-11T15:43:53.866+0000] {processor.py:161} INFO - Started process (PID=8739) to work on /home/airflow/.local/lib/python3.8/site-packages/airflow/example_dags/example_short_circuit_decorator.py
[2025-10-11T15:43:53.868+0000] {processor.py:830} INFO - Processing file /home/airflow/.local/lib/python3.8/site-packages/airflow/example_dags/example_short_circuit_decorator.py for tasks to queue
[2025-10-11T15:43:53.873+0000] {logging_mixin.py:188} INFO - [2025-10-11T15:43:53.873+0000] {dagbag.py:538} INFO - Filling up the DagBag from /home/airflow/.local/lib/python3.8/site-packages/airflow/example_dags/example_short_circuit_decorator.py
[2025-10-11T15:43:53.900+0000] {processor.py:840} INFO - DAG(s) 'example_short_circuit_decorator' retrieved from /home/airflow/.local/lib/python3.8/site-packages/airflow/example_dags/example_short_circuit_decorator.py
[2025-10-11T15:43:53.966+0000] {logging_mixin.py:188} INFO - [2025-10-11T15:43:53.966+0000] {dag.py:3036} INFO - Sync 1 DAGs
[2025-10-11T15:43:53.997+0000] {logging_mixin.py:188} INFO - [2025-10-11T15:43:53.997+0000] {dag.py:3823} INFO - Setting next_dagrun for example_short_circuit_decorator to 2025-10-10 00:00:00+00:00, run_after=2025-10-11 00:00:00+00:00
[2025-10-11T15:43:54.052+0000] {processor.py:183} INFO - Processing /home/airflow/.local/lib/python3.8/site-packages/airflow/example_dags/example_short_circuit_decorator.py took 0.190 seconds
[2025-10-11T15:44:25.482+0000] {processor.py:161} INFO - Started process (PID=8809) to work on /home/airflow/.local/lib/python3.8/site-packages/airflow/example_dags/example_short_circuit_decorator.py
[2025-10-11T15:44:25.483+0000] {processor.py:830} INFO - Processing file /home/airflow/.local/lib/python3.8/site-packages/airflow/example_dags/example_short_circuit_decorator.py for tasks to queue
[2025-10-11T15:44:25.486+0000] {logging_mixin.py:188} INFO - [2025-10-11T15:44:25.486+0000] {dagbag.py:538} INFO - Filling up the DagBag from /home/airflow/.local/lib/python3.8/site-packages/airflow/example_dags/example_short_circuit_decorator.py
[2025-10-11T15:44:25.500+0000] {processor.py:840} INFO - DAG(s) 'example_short_circuit_decorator' retrieved from /home/airflow/.local/lib/python3.8/site-packages/airflow/example_dags/example_short_circuit_decorator.py
[2025-10-11T15:44:25.541+0000] {logging_mixin.py:188} INFO - [2025-10-11T15:44:25.541+0000] {dag.py:3036} INFO - Sync 1 DAGs
[2025-10-11T15:44:25.574+0000] {logging_mixin.py:188} INFO - [2025-10-11T15:44:25.574+0000] {dag.py:3823} INFO - Setting next_dagrun for example_short_circuit_decorator to 2025-10-10 00:00:00+00:00, run_after=2025-10-11 00:00:00+00:00
[2025-10-11T15:44:25.623+0000] {processor.py:183} INFO - Processing /home/airflow/.local/lib/python3.8/site-packages/airflow/example_dags/example_short_circuit_decorator.py took 0.145 seconds
[2025-10-11T15:44:56.101+0000] {processor.py:161} INFO - Started process (PID=8879) to work on /home/airflow/.local/lib/python3.8/site-packages/airflow/example_dags/example_short_circuit_decorator.py
[2025-10-11T15:44:56.103+0000] {processor.py:830} INFO - Processing file /home/airflow/.local/lib/python3.8/site-packages/airflow/example_dags/example_short_circuit_decorator.py for tasks to queue
[2025-10-11T15:44:56.106+0000] {logging_mixin.py:188} INFO - [2025-10-11T15:44:56.105+0000] {dagbag.py:538} INFO - Filling up the DagBag from /home/airflow/.local/lib/python3.8/site-packages/airflow/example_dags/example_short_circuit_decorator.py
[2025-10-11T15:44:56.125+0000] {processor.py:840} INFO - DAG(s) 'example_short_circuit_decorator' retrieved from /home/airflow/.local/lib/python3.8/site-packages/airflow/example_dags/example_short_circuit_decorator.py
[2025-10-11T15:44:56.176+0000] {logging_mixin.py:188} INFO - [2025-10-11T15:44:56.176+0000] {dag.py:3036} INFO - Sync 1 DAGs
[2025-10-11T15:44:56.217+0000] {logging_mixin.py:188} INFO - [2025-10-11T15:44:56.217+0000] {dag.py:3823} INFO - Setting next_dagrun for example_short_circuit_decorator to 2025-10-10 00:00:00+00:00, run_after=2025-10-11 00:00:00+00:00
[2025-10-11T15:44:56.255+0000] {processor.py:183} INFO - Processing /home/airflow/.local/lib/python3.8/site-packages/airflow/example_dags/example_short_circuit_decorator.py took 0.160 seconds
[2025-10-11T15:45:26.642+0000] {processor.py:161} INFO - Started process (PID=8949) to work on /home/airflow/.local/lib/python3.8/site-packages/airflow/example_dags/example_short_circuit_decorator.py
[2025-10-11T15:45:26.645+0000] {processor.py:830} INFO - Processing file /home/airflow/.local/lib/python3.8/site-packages/airflow/example_dags/example_short_circuit_decorator.py for tasks to queue
[2025-10-11T15:45:26.648+0000] {logging_mixin.py:188} INFO - [2025-10-11T15:45:26.647+0000] {dagbag.py:538} INFO - Filling up the DagBag from /home/airflow/.local/lib/python3.8/site-packages/airflow/example_dags/example_short_circuit_decorator.py
[2025-10-11T15:45:26.667+0000] {processor.py:840} INFO - DAG(s) 'example_short_circuit_decorator' retrieved from /home/airflow/.local/lib/python3.8/site-packages/airflow/example_dags/example_short_circuit_decorator.py
[2025-10-11T15:45:26.728+0000] {logging_mixin.py:188} INFO - [2025-10-11T15:45:26.728+0000] {dag.py:3036} INFO - Sync 1 DAGs
[2025-10-11T15:45:26.775+0000] {logging_mixin.py:188} INFO - [2025-10-11T15:45:26.775+0000] {dag.py:3823} INFO - Setting next_dagrun for example_short_circuit_decorator to 2025-10-10 00:00:00+00:00, run_after=2025-10-11 00:00:00+00:00
[2025-10-11T15:45:26.813+0000] {processor.py:183} INFO - Processing /home/airflow/.local/lib/python3.8/site-packages/airflow/example_dags/example_short_circuit_decorator.py took 0.179 seconds
[2025-10-11T15:45:58.307+0000] {processor.py:161} INFO - Started process (PID=9019) to work on /home/airflow/.local/lib/python3.8/site-packages/airflow/example_dags/example_short_circuit_decorator.py
[2025-10-11T15:45:58.309+0000] {processor.py:830} INFO - Processing file /home/airflow/.local/lib/python3.8/site-packages/airflow/example_dags/example_short_circuit_decorator.py for tasks to queue
[2025-10-11T15:45:58.312+0000] {logging_mixin.py:188} INFO - [2025-10-11T15:45:58.312+0000] {dagbag.py:538} INFO - Filling up the DagBag from /home/airflow/.local/lib/python3.8/site-packages/airflow/example_dags/example_short_circuit_decorator.py
[2025-10-11T15:45:58.330+0000] {processor.py:840} INFO - DAG(s) 'example_short_circuit_decorator' retrieved from /home/airflow/.local/lib/python3.8/site-packages/airflow/example_dags/example_short_circuit_decorator.py
[2025-10-11T15:45:58.380+0000] {logging_mixin.py:188} INFO - [2025-10-11T15:45:58.379+0000] {dag.py:3036} INFO - Sync 1 DAGs
[2025-10-11T15:45:58.433+0000] {logging_mixin.py:188} INFO - [2025-10-11T15:45:58.432+0000] {dag.py:3823} INFO - Setting next_dagrun for example_short_circuit_decorator to 2025-10-10 00:00:00+00:00, run_after=2025-10-11 00:00:00+00:00
[2025-10-11T15:45:58.504+0000] {processor.py:183} INFO - Processing /home/airflow/.local/lib/python3.8/site-packages/airflow/example_dags/example_short_circuit_decorator.py took 0.204 seconds
[2025-10-11T15:46:32.689+0000] {processor.py:161} INFO - Started process (PID=9089) to work on /home/airflow/.local/lib/python3.8/site-packages/airflow/example_dags/example_short_circuit_decorator.py
[2025-10-11T15:46:32.690+0000] {processor.py:830} INFO - Processing file /home/airflow/.local/lib/python3.8/site-packages/airflow/example_dags/example_short_circuit_decorator.py for tasks to queue
[2025-10-11T15:46:32.694+0000] {logging_mixin.py:188} INFO - [2025-10-11T15:46:32.693+0000] {dagbag.py:538} INFO - Filling up the DagBag from /home/airflow/.local/lib/python3.8/site-packages/airflow/example_dags/example_short_circuit_decorator.py
[2025-10-11T15:46:32.715+0000] {processor.py:840} INFO - DAG(s) 'example_short_circuit_decorator' retrieved from /home/airflow/.local/lib/python3.8/site-packages/airflow/example_dags/example_short_circuit_decorator.py
[2025-10-11T15:46:32.798+0000] {logging_mixin.py:188} INFO - [2025-10-11T15:46:32.798+0000] {dag.py:3036} INFO - Sync 1 DAGs
[2025-10-11T15:46:32.860+0000] {logging_mixin.py:188} INFO - [2025-10-11T15:46:32.859+0000] {dag.py:3823} INFO - Setting next_dagrun for example_short_circuit_decorator to 2025-10-10 00:00:00+00:00, run_after=2025-10-11 00:00:00+00:00
[2025-10-11T15:46:32.918+0000] {processor.py:183} INFO - Processing /home/airflow/.local/lib/python3.8/site-packages/airflow/example_dags/example_short_circuit_decorator.py took 0.237 seconds
[2025-10-11T15:47:04.002+0000] {processor.py:161} INFO - Started process (PID=9159) to work on /home/airflow/.local/lib/python3.8/site-packages/airflow/example_dags/example_short_circuit_decorator.py
[2025-10-11T15:47:04.004+0000] {processor.py:830} INFO - Processing file /home/airflow/.local/lib/python3.8/site-packages/airflow/example_dags/example_short_circuit_decorator.py for tasks to queue
[2025-10-11T15:47:04.010+0000] {logging_mixin.py:188} INFO - [2025-10-11T15:47:04.008+0000] {dagbag.py:538} INFO - Filling up the DagBag from /home/airflow/.local/lib/python3.8/site-packages/airflow/example_dags/example_short_circuit_decorator.py
[2025-10-11T15:47:04.040+0000] {processor.py:840} INFO - DAG(s) 'example_short_circuit_decorator' retrieved from /home/airflow/.local/lib/python3.8/site-packages/airflow/example_dags/example_short_circuit_decorator.py
[2025-10-11T15:47:04.123+0000] {logging_mixin.py:188} INFO - [2025-10-11T15:47:04.122+0000] {dag.py:3036} INFO - Sync 1 DAGs
[2025-10-11T15:47:04.200+0000] {logging_mixin.py:188} INFO - [2025-10-11T15:47:04.200+0000] {dag.py:3823} INFO - Setting next_dagrun for example_short_circuit_decorator to 2025-10-10 00:00:00+00:00, run_after=2025-10-11 00:00:00+00:00
[2025-10-11T15:47:04.262+0000] {processor.py:183} INFO - Processing /home/airflow/.local/lib/python3.8/site-packages/airflow/example_dags/example_short_circuit_decorator.py took 0.266 seconds
[2025-10-11T15:47:34.888+0000] {processor.py:161} INFO - Started process (PID=9229) to work on /home/airflow/.local/lib/python3.8/site-packages/airflow/example_dags/example_short_circuit_decorator.py
[2025-10-11T15:47:34.891+0000] {processor.py:830} INFO - Processing file /home/airflow/.local/lib/python3.8/site-packages/airflow/example_dags/example_short_circuit_decorator.py for tasks to queue
[2025-10-11T15:47:34.895+0000] {logging_mixin.py:188} INFO - [2025-10-11T15:47:34.895+0000] {dagbag.py:538} INFO - Filling up the DagBag from /home/airflow/.local/lib/python3.8/site-packages/airflow/example_dags/example_short_circuit_decorator.py
[2025-10-11T15:47:34.916+0000] {processor.py:840} INFO - DAG(s) 'example_short_circuit_decorator' retrieved from /home/airflow/.local/lib/python3.8/site-packages/airflow/example_dags/example_short_circuit_decorator.py
[2025-10-11T15:47:34.983+0000] {logging_mixin.py:188} INFO - [2025-10-11T15:47:34.982+0000] {dag.py:3036} INFO - Sync 1 DAGs
[2025-10-11T15:47:35.038+0000] {logging_mixin.py:188} INFO - [2025-10-11T15:47:35.037+0000] {dag.py:3823} INFO - Setting next_dagrun for example_short_circuit_decorator to 2025-10-10 00:00:00+00:00, run_after=2025-10-11 00:00:00+00:00
[2025-10-11T15:47:35.073+0000] {processor.py:183} INFO - Processing /home/airflow/.local/lib/python3.8/site-packages/airflow/example_dags/example_short_circuit_decorator.py took 0.193 seconds
[2025-10-11T15:48:05.786+0000] {processor.py:161} INFO - Started process (PID=9298) to work on /home/airflow/.local/lib/python3.8/site-packages/airflow/example_dags/example_short_circuit_decorator.py
[2025-10-11T15:48:05.787+0000] {processor.py:830} INFO - Processing file /home/airflow/.local/lib/python3.8/site-packages/airflow/example_dags/example_short_circuit_decorator.py for tasks to queue
[2025-10-11T15:48:05.790+0000] {logging_mixin.py:188} INFO - [2025-10-11T15:48:05.790+0000] {dagbag.py:538} INFO - Filling up the DagBag from /home/airflow/.local/lib/python3.8/site-packages/airflow/example_dags/example_short_circuit_decorator.py
[2025-10-11T15:48:05.807+0000] {processor.py:840} INFO - DAG(s) 'example_short_circuit_decorator' retrieved from /home/airflow/.local/lib/python3.8/site-packages/airflow/example_dags/example_short_circuit_decorator.py
[2025-10-11T15:48:05.852+0000] {logging_mixin.py:188} INFO - [2025-10-11T15:48:05.851+0000] {dag.py:3036} INFO - Sync 1 DAGs
[2025-10-11T15:48:05.886+0000] {logging_mixin.py:188} INFO - [2025-10-11T15:48:05.885+0000] {dag.py:3823} INFO - Setting next_dagrun for example_short_circuit_decorator to 2025-10-10 00:00:00+00:00, run_after=2025-10-11 00:00:00+00:00
[2025-10-11T15:48:05.939+0000] {processor.py:183} INFO - Processing /home/airflow/.local/lib/python3.8/site-packages/airflow/example_dags/example_short_circuit_decorator.py took 0.158 seconds
[2025-10-11T15:48:36.557+0000] {processor.py:161} INFO - Started process (PID=9367) to work on /home/airflow/.local/lib/python3.8/site-packages/airflow/example_dags/example_short_circuit_decorator.py
[2025-10-11T15:48:36.565+0000] {processor.py:830} INFO - Processing file /home/airflow/.local/lib/python3.8/site-packages/airflow/example_dags/example_short_circuit_decorator.py for tasks to queue
[2025-10-11T15:48:36.573+0000] {logging_mixin.py:188} INFO - [2025-10-11T15:48:36.571+0000] {dagbag.py:538} INFO - Filling up the DagBag from /home/airflow/.local/lib/python3.8/site-packages/airflow/example_dags/example_short_circuit_decorator.py
[2025-10-11T15:48:36.606+0000] {processor.py:840} INFO - DAG(s) 'example_short_circuit_decorator' retrieved from /home/airflow/.local/lib/python3.8/site-packages/airflow/example_dags/example_short_circuit_decorator.py
[2025-10-11T15:48:36.663+0000] {logging_mixin.py:188} INFO - [2025-10-11T15:48:36.662+0000] {dag.py:3036} INFO - Sync 1 DAGs
[2025-10-11T15:48:36.703+0000] {logging_mixin.py:188} INFO - [2025-10-11T15:48:36.702+0000] {dag.py:3823} INFO - Setting next_dagrun for example_short_circuit_decorator to 2025-10-10 00:00:00+00:00, run_after=2025-10-11 00:00:00+00:00
[2025-10-11T15:48:36.741+0000] {processor.py:183} INFO - Processing /home/airflow/.local/lib/python3.8/site-packages/airflow/example_dags/example_short_circuit_decorator.py took 0.212 seconds
[2025-10-11T15:49:07.766+0000] {processor.py:161} INFO - Started process (PID=9438) to work on /home/airflow/.local/lib/python3.8/site-packages/airflow/example_dags/example_short_circuit_decorator.py
[2025-10-11T15:49:07.768+0000] {processor.py:830} INFO - Processing file /home/airflow/.local/lib/python3.8/site-packages/airflow/example_dags/example_short_circuit_decorator.py for tasks to queue
[2025-10-11T15:49:07.772+0000] {logging_mixin.py:188} INFO - [2025-10-11T15:49:07.771+0000] {dagbag.py:538} INFO - Filling up the DagBag from /home/airflow/.local/lib/python3.8/site-packages/airflow/example_dags/example_short_circuit_decorator.py
[2025-10-11T15:49:07.789+0000] {processor.py:840} INFO - DAG(s) 'example_short_circuit_decorator' retrieved from /home/airflow/.local/lib/python3.8/site-packages/airflow/example_dags/example_short_circuit_decorator.py
[2025-10-11T15:49:07.839+0000] {logging_mixin.py:188} INFO - [2025-10-11T15:49:07.839+0000] {dag.py:3036} INFO - Sync 1 DAGs
[2025-10-11T15:49:07.874+0000] {logging_mixin.py:188} INFO - [2025-10-11T15:49:07.874+0000] {dag.py:3823} INFO - Setting next_dagrun for example_short_circuit_decorator to 2025-10-10 00:00:00+00:00, run_after=2025-10-11 00:00:00+00:00
[2025-10-11T15:49:07.921+0000] {processor.py:183} INFO - Processing /home/airflow/.local/lib/python3.8/site-packages/airflow/example_dags/example_short_circuit_decorator.py took 0.162 seconds
[2025-10-11T15:49:39.630+0000] {processor.py:161} INFO - Started process (PID=9507) to work on /home/airflow/.local/lib/python3.8/site-packages/airflow/example_dags/example_short_circuit_decorator.py
[2025-10-11T15:49:39.631+0000] {processor.py:830} INFO - Processing file /home/airflow/.local/lib/python3.8/site-packages/airflow/example_dags/example_short_circuit_decorator.py for tasks to queue
[2025-10-11T15:49:39.634+0000] {logging_mixin.py:188} INFO - [2025-10-11T15:49:39.634+0000] {dagbag.py:538} INFO - Filling up the DagBag from /home/airflow/.local/lib/python3.8/site-packages/airflow/example_dags/example_short_circuit_decorator.py
[2025-10-11T15:49:39.646+0000] {processor.py:840} INFO - DAG(s) 'example_short_circuit_decorator' retrieved from /home/airflow/.local/lib/python3.8/site-packages/airflow/example_dags/example_short_circuit_decorator.py
[2025-10-11T15:49:39.685+0000] {logging_mixin.py:188} INFO - [2025-10-11T15:49:39.684+0000] {dag.py:3036} INFO - Sync 1 DAGs
[2025-10-11T15:49:39.716+0000] {logging_mixin.py:188} INFO - [2025-10-11T15:49:39.715+0000] {dag.py:3823} INFO - Setting next_dagrun for example_short_circuit_decorator to 2025-10-10 00:00:00+00:00, run_after=2025-10-11 00:00:00+00:00
[2025-10-11T15:49:39.745+0000] {processor.py:183} INFO - Processing /home/airflow/.local/lib/python3.8/site-packages/airflow/example_dags/example_short_circuit_decorator.py took 0.119 seconds
[2025-10-11T15:50:10.505+0000] {processor.py:161} INFO - Started process (PID=9577) to work on /home/airflow/.local/lib/python3.8/site-packages/airflow/example_dags/example_short_circuit_decorator.py
[2025-10-11T15:50:10.506+0000] {processor.py:830} INFO - Processing file /home/airflow/.local/lib/python3.8/site-packages/airflow/example_dags/example_short_circuit_decorator.py for tasks to queue
[2025-10-11T15:50:10.509+0000] {logging_mixin.py:188} INFO - [2025-10-11T15:50:10.509+0000] {dagbag.py:538} INFO - Filling up the DagBag from /home/airflow/.local/lib/python3.8/site-packages/airflow/example_dags/example_short_circuit_decorator.py
[2025-10-11T15:50:10.528+0000] {processor.py:840} INFO - DAG(s) 'example_short_circuit_decorator' retrieved from /home/airflow/.local/lib/python3.8/site-packages/airflow/example_dags/example_short_circuit_decorator.py
[2025-10-11T15:50:10.572+0000] {logging_mixin.py:188} INFO - [2025-10-11T15:50:10.572+0000] {dag.py:3036} INFO - Sync 1 DAGs
[2025-10-11T15:50:10.611+0000] {logging_mixin.py:188} INFO - [2025-10-11T15:50:10.610+0000] {dag.py:3823} INFO - Setting next_dagrun for example_short_circuit_decorator to 2025-10-10 00:00:00+00:00, run_after=2025-10-11 00:00:00+00:00
[2025-10-11T15:50:10.647+0000] {processor.py:183} INFO - Processing /home/airflow/.local/lib/python3.8/site-packages/airflow/example_dags/example_short_circuit_decorator.py took 0.147 seconds
[2025-10-11T15:50:41.699+0000] {processor.py:161} INFO - Started process (PID=9647) to work on /home/airflow/.local/lib/python3.8/site-packages/airflow/example_dags/example_short_circuit_decorator.py
[2025-10-11T15:50:41.705+0000] {processor.py:830} INFO - Processing file /home/airflow/.local/lib/python3.8/site-packages/airflow/example_dags/example_short_circuit_decorator.py for tasks to queue
[2025-10-11T15:50:41.710+0000] {logging_mixin.py:188} INFO - [2025-10-11T15:50:41.710+0000] {dagbag.py:538} INFO - Filling up the DagBag from /home/airflow/.local/lib/python3.8/site-packages/airflow/example_dags/example_short_circuit_decorator.py
[2025-10-11T15:50:41.744+0000] {processor.py:840} INFO - DAG(s) 'example_short_circuit_decorator' retrieved from /home/airflow/.local/lib/python3.8/site-packages/airflow/example_dags/example_short_circuit_decorator.py
[2025-10-11T15:50:41.801+0000] {logging_mixin.py:188} INFO - [2025-10-11T15:50:41.801+0000] {dag.py:3036} INFO - Sync 1 DAGs
[2025-10-11T15:50:41.862+0000] {logging_mixin.py:188} INFO - [2025-10-11T15:50:41.861+0000] {dag.py:3823} INFO - Setting next_dagrun for example_short_circuit_decorator to 2025-10-10 00:00:00+00:00, run_after=2025-10-11 00:00:00+00:00
[2025-10-11T15:50:41.898+0000] {processor.py:183} INFO - Processing /home/airflow/.local/lib/python3.8/site-packages/airflow/example_dags/example_short_circuit_decorator.py took 0.217 seconds
[2025-10-11T15:51:13.556+0000] {processor.py:161} INFO - Started process (PID=9717) to work on /home/airflow/.local/lib/python3.8/site-packages/airflow/example_dags/example_short_circuit_decorator.py
[2025-10-11T15:51:13.558+0000] {processor.py:830} INFO - Processing file /home/airflow/.local/lib/python3.8/site-packages/airflow/example_dags/example_short_circuit_decorator.py for tasks to queue
[2025-10-11T15:51:13.563+0000] {logging_mixin.py:188} INFO - [2025-10-11T15:51:13.561+0000] {dagbag.py:538} INFO - Filling up the DagBag from /home/airflow/.local/lib/python3.8/site-packages/airflow/example_dags/example_short_circuit_decorator.py
[2025-10-11T15:51:13.587+0000] {processor.py:840} INFO - DAG(s) 'example_short_circuit_decorator' retrieved from /home/airflow/.local/lib/python3.8/site-packages/airflow/example_dags/example_short_circuit_decorator.py
[2025-10-11T15:51:13.679+0000] {logging_mixin.py:188} INFO - [2025-10-11T15:51:13.678+0000] {dag.py:3036} INFO - Sync 1 DAGs
[2025-10-11T15:51:13.778+0000] {logging_mixin.py:188} INFO - [2025-10-11T15:51:13.778+0000] {dag.py:3823} INFO - Setting next_dagrun for example_short_circuit_decorator to 2025-10-10 00:00:00+00:00, run_after=2025-10-11 00:00:00+00:00
[2025-10-11T15:51:13.813+0000] {processor.py:183} INFO - Processing /home/airflow/.local/lib/python3.8/site-packages/airflow/example_dags/example_short_circuit_decorator.py took 0.263 seconds
[2025-10-11T15:51:44.456+0000] {processor.py:161} INFO - Started process (PID=9787) to work on /home/airflow/.local/lib/python3.8/site-packages/airflow/example_dags/example_short_circuit_decorator.py
[2025-10-11T15:51:44.458+0000] {processor.py:830} INFO - Processing file /home/airflow/.local/lib/python3.8/site-packages/airflow/example_dags/example_short_circuit_decorator.py for tasks to queue
[2025-10-11T15:51:44.462+0000] {logging_mixin.py:188} INFO - [2025-10-11T15:51:44.461+0000] {dagbag.py:538} INFO - Filling up the DagBag from /home/airflow/.local/lib/python3.8/site-packages/airflow/example_dags/example_short_circuit_decorator.py
[2025-10-11T15:51:44.483+0000] {processor.py:840} INFO - DAG(s) 'example_short_circuit_decorator' retrieved from /home/airflow/.local/lib/python3.8/site-packages/airflow/example_dags/example_short_circuit_decorator.py
[2025-10-11T15:51:44.539+0000] {logging_mixin.py:188} INFO - [2025-10-11T15:51:44.539+0000] {dag.py:3036} INFO - Sync 1 DAGs
[2025-10-11T15:51:44.574+0000] {logging_mixin.py:188} INFO - [2025-10-11T15:51:44.573+0000] {dag.py:3823} INFO - Setting next_dagrun for example_short_circuit_decorator to 2025-10-10 00:00:00+00:00, run_after=2025-10-11 00:00:00+00:00
[2025-10-11T15:51:44.605+0000] {processor.py:183} INFO - Processing /home/airflow/.local/lib/python3.8/site-packages/airflow/example_dags/example_short_circuit_decorator.py took 0.154 seconds
[2025-10-11T15:52:15.449+0000] {processor.py:161} INFO - Started process (PID=9863) to work on /home/airflow/.local/lib/python3.8/site-packages/airflow/example_dags/example_short_circuit_decorator.py
[2025-10-11T15:52:15.450+0000] {processor.py:830} INFO - Processing file /home/airflow/.local/lib/python3.8/site-packages/airflow/example_dags/example_short_circuit_decorator.py for tasks to queue
[2025-10-11T15:52:15.453+0000] {logging_mixin.py:188} INFO - [2025-10-11T15:52:15.452+0000] {dagbag.py:538} INFO - Filling up the DagBag from /home/airflow/.local/lib/python3.8/site-packages/airflow/example_dags/example_short_circuit_decorator.py
[2025-10-11T15:52:15.467+0000] {processor.py:840} INFO - DAG(s) 'example_short_circuit_decorator' retrieved from /home/airflow/.local/lib/python3.8/site-packages/airflow/example_dags/example_short_circuit_decorator.py
[2025-10-11T15:52:15.511+0000] {logging_mixin.py:188} INFO - [2025-10-11T15:52:15.511+0000] {dag.py:3036} INFO - Sync 1 DAGs
[2025-10-11T15:52:15.576+0000] {logging_mixin.py:188} INFO - [2025-10-11T15:52:15.576+0000] {dag.py:3823} INFO - Setting next_dagrun for example_short_circuit_decorator to 2025-10-10 00:00:00+00:00, run_after=2025-10-11 00:00:00+00:00
[2025-10-11T15:52:15.647+0000] {processor.py:183} INFO - Processing /home/airflow/.local/lib/python3.8/site-packages/airflow/example_dags/example_short_circuit_decorator.py took 0.203 seconds
[2025-10-11T15:52:47.072+0000] {processor.py:161} INFO - Started process (PID=9933) to work on /home/airflow/.local/lib/python3.8/site-packages/airflow/example_dags/example_short_circuit_decorator.py
[2025-10-11T15:52:47.074+0000] {processor.py:830} INFO - Processing file /home/airflow/.local/lib/python3.8/site-packages/airflow/example_dags/example_short_circuit_decorator.py for tasks to queue
[2025-10-11T15:52:47.078+0000] {logging_mixin.py:188} INFO - [2025-10-11T15:52:47.077+0000] {dagbag.py:538} INFO - Filling up the DagBag from /home/airflow/.local/lib/python3.8/site-packages/airflow/example_dags/example_short_circuit_decorator.py
[2025-10-11T15:52:47.097+0000] {processor.py:840} INFO - DAG(s) 'example_short_circuit_decorator' retrieved from /home/airflow/.local/lib/python3.8/site-packages/airflow/example_dags/example_short_circuit_decorator.py
[2025-10-11T15:52:47.146+0000] {logging_mixin.py:188} INFO - [2025-10-11T15:52:47.146+0000] {dag.py:3036} INFO - Sync 1 DAGs
[2025-10-11T15:52:47.182+0000] {logging_mixin.py:188} INFO - [2025-10-11T15:52:47.182+0000] {dag.py:3823} INFO - Setting next_dagrun for example_short_circuit_decorator to 2025-10-10 00:00:00+00:00, run_after=2025-10-11 00:00:00+00:00
[2025-10-11T15:52:47.216+0000] {processor.py:183} INFO - Processing /home/airflow/.local/lib/python3.8/site-packages/airflow/example_dags/example_short_circuit_decorator.py took 0.151 seconds
[2025-10-11T15:53:19.832+0000] {processor.py:161} INFO - Started process (PID=10005) to work on /home/airflow/.local/lib/python3.8/site-packages/airflow/example_dags/example_short_circuit_decorator.py
[2025-10-11T15:53:19.834+0000] {processor.py:830} INFO - Processing file /home/airflow/.local/lib/python3.8/site-packages/airflow/example_dags/example_short_circuit_decorator.py for tasks to queue
[2025-10-11T15:53:19.838+0000] {logging_mixin.py:188} INFO - [2025-10-11T15:53:19.837+0000] {dagbag.py:538} INFO - Filling up the DagBag from /home/airflow/.local/lib/python3.8/site-packages/airflow/example_dags/example_short_circuit_decorator.py
[2025-10-11T15:53:19.858+0000] {processor.py:840} INFO - DAG(s) 'example_short_circuit_decorator' retrieved from /home/airflow/.local/lib/python3.8/site-packages/airflow/example_dags/example_short_circuit_decorator.py
[2025-10-11T15:53:19.922+0000] {logging_mixin.py:188} INFO - [2025-10-11T15:53:19.922+0000] {dag.py:3036} INFO - Sync 1 DAGs
[2025-10-11T15:53:19.970+0000] {logging_mixin.py:188} INFO - [2025-10-11T15:53:19.969+0000] {dag.py:3823} INFO - Setting next_dagrun for example_short_circuit_decorator to 2025-10-10 00:00:00+00:00, run_after=2025-10-11 00:00:00+00:00
[2025-10-11T15:53:20.008+0000] {processor.py:183} INFO - Processing /home/airflow/.local/lib/python3.8/site-packages/airflow/example_dags/example_short_circuit_decorator.py took 0.181 seconds
[2025-10-11T15:53:50.747+0000] {processor.py:161} INFO - Started process (PID=10075) to work on /home/airflow/.local/lib/python3.8/site-packages/airflow/example_dags/example_short_circuit_decorator.py
[2025-10-11T15:53:50.749+0000] {processor.py:830} INFO - Processing file /home/airflow/.local/lib/python3.8/site-packages/airflow/example_dags/example_short_circuit_decorator.py for tasks to queue
[2025-10-11T15:53:50.753+0000] {logging_mixin.py:188} INFO - [2025-10-11T15:53:50.752+0000] {dagbag.py:538} INFO - Filling up the DagBag from /home/airflow/.local/lib/python3.8/site-packages/airflow/example_dags/example_short_circuit_decorator.py
[2025-10-11T15:53:50.768+0000] {processor.py:840} INFO - DAG(s) 'example_short_circuit_decorator' retrieved from /home/airflow/.local/lib/python3.8/site-packages/airflow/example_dags/example_short_circuit_decorator.py
[2025-10-11T15:53:50.824+0000] {logging_mixin.py:188} INFO - [2025-10-11T15:53:50.824+0000] {dag.py:3036} INFO - Sync 1 DAGs
[2025-10-11T15:53:50.876+0000] {logging_mixin.py:188} INFO - [2025-10-11T15:53:50.876+0000] {dag.py:3823} INFO - Setting next_dagrun for example_short_circuit_decorator to 2025-10-10 00:00:00+00:00, run_after=2025-10-11 00:00:00+00:00
[2025-10-11T15:53:50.938+0000] {processor.py:183} INFO - Processing /home/airflow/.local/lib/python3.8/site-packages/airflow/example_dags/example_short_circuit_decorator.py took 0.198 seconds
[2025-10-11T15:54:23.078+0000] {processor.py:161} INFO - Started process (PID=10145) to work on /home/airflow/.local/lib/python3.8/site-packages/airflow/example_dags/example_short_circuit_decorator.py
[2025-10-11T15:54:23.080+0000] {processor.py:830} INFO - Processing file /home/airflow/.local/lib/python3.8/site-packages/airflow/example_dags/example_short_circuit_decorator.py for tasks to queue
[2025-10-11T15:54:23.084+0000] {logging_mixin.py:188} INFO - [2025-10-11T15:54:23.083+0000] {dagbag.py:538} INFO - Filling up the DagBag from /home/airflow/.local/lib/python3.8/site-packages/airflow/example_dags/example_short_circuit_decorator.py
[2025-10-11T15:54:23.099+0000] {processor.py:840} INFO - DAG(s) 'example_short_circuit_decorator' retrieved from /home/airflow/.local/lib/python3.8/site-packages/airflow/example_dags/example_short_circuit_decorator.py
[2025-10-11T15:54:23.150+0000] {logging_mixin.py:188} INFO - [2025-10-11T15:54:23.149+0000] {dag.py:3036} INFO - Sync 1 DAGs
[2025-10-11T15:54:23.189+0000] {logging_mixin.py:188} INFO - [2025-10-11T15:54:23.189+0000] {dag.py:3823} INFO - Setting next_dagrun for example_short_circuit_decorator to 2025-10-10 00:00:00+00:00, run_after=2025-10-11 00:00:00+00:00
[2025-10-11T15:54:23.239+0000] {processor.py:183} INFO - Processing /home/airflow/.local/lib/python3.8/site-packages/airflow/example_dags/example_short_circuit_decorator.py took 0.168 seconds
[2025-10-11T15:54:53.816+0000] {processor.py:161} INFO - Started process (PID=10215) to work on /home/airflow/.local/lib/python3.8/site-packages/airflow/example_dags/example_short_circuit_decorator.py
[2025-10-11T15:54:53.818+0000] {processor.py:830} INFO - Processing file /home/airflow/.local/lib/python3.8/site-packages/airflow/example_dags/example_short_circuit_decorator.py for tasks to queue
[2025-10-11T15:54:53.821+0000] {logging_mixin.py:188} INFO - [2025-10-11T15:54:53.821+0000] {dagbag.py:538} INFO - Filling up the DagBag from /home/airflow/.local/lib/python3.8/site-packages/airflow/example_dags/example_short_circuit_decorator.py
[2025-10-11T15:54:53.834+0000] {processor.py:840} INFO - DAG(s) 'example_short_circuit_decorator' retrieved from /home/airflow/.local/lib/python3.8/site-packages/airflow/example_dags/example_short_circuit_decorator.py
[2025-10-11T15:54:53.886+0000] {logging_mixin.py:188} INFO - [2025-10-11T15:54:53.886+0000] {dag.py:3036} INFO - Sync 1 DAGs
[2025-10-11T15:54:53.919+0000] {logging_mixin.py:188} INFO - [2025-10-11T15:54:53.919+0000] {dag.py:3823} INFO - Setting next_dagrun for example_short_circuit_decorator to 2025-10-10 00:00:00+00:00, run_after=2025-10-11 00:00:00+00:00
[2025-10-11T15:54:53.962+0000] {processor.py:183} INFO - Processing /home/airflow/.local/lib/python3.8/site-packages/airflow/example_dags/example_short_circuit_decorator.py took 0.150 seconds
[2025-10-11T15:55:25.524+0000] {processor.py:161} INFO - Started process (PID=10285) to work on /home/airflow/.local/lib/python3.8/site-packages/airflow/example_dags/example_short_circuit_decorator.py
[2025-10-11T15:55:25.527+0000] {processor.py:830} INFO - Processing file /home/airflow/.local/lib/python3.8/site-packages/airflow/example_dags/example_short_circuit_decorator.py for tasks to queue
[2025-10-11T15:55:25.540+0000] {logging_mixin.py:188} INFO - [2025-10-11T15:55:25.538+0000] {dagbag.py:538} INFO - Filling up the DagBag from /home/airflow/.local/lib/python3.8/site-packages/airflow/example_dags/example_short_circuit_decorator.py
[2025-10-11T15:55:25.571+0000] {processor.py:840} INFO - DAG(s) 'example_short_circuit_decorator' retrieved from /home/airflow/.local/lib/python3.8/site-packages/airflow/example_dags/example_short_circuit_decorator.py
[2025-10-11T15:55:25.623+0000] {logging_mixin.py:188} INFO - [2025-10-11T15:55:25.622+0000] {dag.py:3036} INFO - Sync 1 DAGs
[2025-10-11T15:55:25.667+0000] {logging_mixin.py:188} INFO - [2025-10-11T15:55:25.666+0000] {dag.py:3823} INFO - Setting next_dagrun for example_short_circuit_decorator to 2025-10-10 00:00:00+00:00, run_after=2025-10-11 00:00:00+00:00
[2025-10-11T15:55:25.707+0000] {processor.py:183} INFO - Processing /home/airflow/.local/lib/python3.8/site-packages/airflow/example_dags/example_short_circuit_decorator.py took 0.194 seconds
[2025-10-11T15:55:56.281+0000] {processor.py:161} INFO - Started process (PID=10355) to work on /home/airflow/.local/lib/python3.8/site-packages/airflow/example_dags/example_short_circuit_decorator.py
[2025-10-11T15:55:56.282+0000] {processor.py:830} INFO - Processing file /home/airflow/.local/lib/python3.8/site-packages/airflow/example_dags/example_short_circuit_decorator.py for tasks to queue
[2025-10-11T15:55:56.285+0000] {logging_mixin.py:188} INFO - [2025-10-11T15:55:56.285+0000] {dagbag.py:538} INFO - Filling up the DagBag from /home/airflow/.local/lib/python3.8/site-packages/airflow/example_dags/example_short_circuit_decorator.py
[2025-10-11T15:55:56.303+0000] {processor.py:840} INFO - DAG(s) 'example_short_circuit_decorator' retrieved from /home/airflow/.local/lib/python3.8/site-packages/airflow/example_dags/example_short_circuit_decorator.py
[2025-10-11T15:55:56.343+0000] {logging_mixin.py:188} INFO - [2025-10-11T15:55:56.342+0000] {dag.py:3036} INFO - Sync 1 DAGs
[2025-10-11T15:55:56.377+0000] {logging_mixin.py:188} INFO - [2025-10-11T15:55:56.377+0000] {dag.py:3823} INFO - Setting next_dagrun for example_short_circuit_decorator to 2025-10-10 00:00:00+00:00, run_after=2025-10-11 00:00:00+00:00
[2025-10-11T15:55:56.408+0000] {processor.py:183} INFO - Processing /home/airflow/.local/lib/python3.8/site-packages/airflow/example_dags/example_short_circuit_decorator.py took 0.132 seconds
[2025-10-11T15:56:27.054+0000] {processor.py:161} INFO - Started process (PID=10426) to work on /home/airflow/.local/lib/python3.8/site-packages/airflow/example_dags/example_short_circuit_decorator.py
[2025-10-11T15:56:27.055+0000] {processor.py:830} INFO - Processing file /home/airflow/.local/lib/python3.8/site-packages/airflow/example_dags/example_short_circuit_decorator.py for tasks to queue
[2025-10-11T15:56:27.058+0000] {logging_mixin.py:188} INFO - [2025-10-11T15:56:27.058+0000] {dagbag.py:538} INFO - Filling up the DagBag from /home/airflow/.local/lib/python3.8/site-packages/airflow/example_dags/example_short_circuit_decorator.py
[2025-10-11T15:56:27.072+0000] {processor.py:840} INFO - DAG(s) 'example_short_circuit_decorator' retrieved from /home/airflow/.local/lib/python3.8/site-packages/airflow/example_dags/example_short_circuit_decorator.py
[2025-10-11T15:56:27.111+0000] {logging_mixin.py:188} INFO - [2025-10-11T15:56:27.111+0000] {dag.py:3036} INFO - Sync 1 DAGs
[2025-10-11T15:56:27.144+0000] {logging_mixin.py:188} INFO - [2025-10-11T15:56:27.143+0000] {dag.py:3823} INFO - Setting next_dagrun for example_short_circuit_decorator to 2025-10-10 00:00:00+00:00, run_after=2025-10-11 00:00:00+00:00
[2025-10-11T15:56:27.173+0000] {processor.py:183} INFO - Processing /home/airflow/.local/lib/python3.8/site-packages/airflow/example_dags/example_short_circuit_decorator.py took 0.124 seconds
[2025-10-11T15:56:59.387+0000] {processor.py:161} INFO - Started process (PID=10496) to work on /home/airflow/.local/lib/python3.8/site-packages/airflow/example_dags/example_short_circuit_decorator.py
[2025-10-11T15:56:59.389+0000] {processor.py:830} INFO - Processing file /home/airflow/.local/lib/python3.8/site-packages/airflow/example_dags/example_short_circuit_decorator.py for tasks to queue
[2025-10-11T15:56:59.392+0000] {logging_mixin.py:188} INFO - [2025-10-11T15:56:59.392+0000] {dagbag.py:538} INFO - Filling up the DagBag from /home/airflow/.local/lib/python3.8/site-packages/airflow/example_dags/example_short_circuit_decorator.py
[2025-10-11T15:56:59.410+0000] {processor.py:840} INFO - DAG(s) 'example_short_circuit_decorator' retrieved from /home/airflow/.local/lib/python3.8/site-packages/airflow/example_dags/example_short_circuit_decorator.py
[2025-10-11T15:56:59.470+0000] {logging_mixin.py:188} INFO - [2025-10-11T15:56:59.469+0000] {dag.py:3036} INFO - Sync 1 DAGs
[2025-10-11T15:56:59.507+0000] {logging_mixin.py:188} INFO - [2025-10-11T15:56:59.507+0000] {dag.py:3823} INFO - Setting next_dagrun for example_short_circuit_decorator to 2025-10-10 00:00:00+00:00, run_after=2025-10-11 00:00:00+00:00
[2025-10-11T15:56:59.533+0000] {processor.py:183} INFO - Processing /home/airflow/.local/lib/python3.8/site-packages/airflow/example_dags/example_short_circuit_decorator.py took 0.152 seconds
[2025-10-11T15:57:30.709+0000] {processor.py:161} INFO - Started process (PID=10566) to work on /home/airflow/.local/lib/python3.8/site-packages/airflow/example_dags/example_short_circuit_decorator.py
[2025-10-11T15:57:30.710+0000] {processor.py:830} INFO - Processing file /home/airflow/.local/lib/python3.8/site-packages/airflow/example_dags/example_short_circuit_decorator.py for tasks to queue
[2025-10-11T15:57:30.713+0000] {logging_mixin.py:188} INFO - [2025-10-11T15:57:30.713+0000] {dagbag.py:538} INFO - Filling up the DagBag from /home/airflow/.local/lib/python3.8/site-packages/airflow/example_dags/example_short_circuit_decorator.py
[2025-10-11T15:57:30.734+0000] {processor.py:840} INFO - DAG(s) 'example_short_circuit_decorator' retrieved from /home/airflow/.local/lib/python3.8/site-packages/airflow/example_dags/example_short_circuit_decorator.py
[2025-10-11T15:57:30.783+0000] {logging_mixin.py:188} INFO - [2025-10-11T15:57:30.783+0000] {dag.py:3036} INFO - Sync 1 DAGs
[2025-10-11T15:57:30.820+0000] {logging_mixin.py:188} INFO - [2025-10-11T15:57:30.820+0000] {dag.py:3823} INFO - Setting next_dagrun for example_short_circuit_decorator to 2025-10-10 00:00:00+00:00, run_after=2025-10-11 00:00:00+00:00
[2025-10-11T15:57:30.859+0000] {processor.py:183} INFO - Processing /home/airflow/.local/lib/python3.8/site-packages/airflow/example_dags/example_short_circuit_decorator.py took 0.156 seconds
[2025-10-11T15:58:01.570+0000] {processor.py:161} INFO - Started process (PID=10636) to work on /home/airflow/.local/lib/python3.8/site-packages/airflow/example_dags/example_short_circuit_decorator.py
[2025-10-11T15:58:01.572+0000] {processor.py:830} INFO - Processing file /home/airflow/.local/lib/python3.8/site-packages/airflow/example_dags/example_short_circuit_decorator.py for tasks to queue
[2025-10-11T15:58:01.574+0000] {logging_mixin.py:188} INFO - [2025-10-11T15:58:01.574+0000] {dagbag.py:538} INFO - Filling up the DagBag from /home/airflow/.local/lib/python3.8/site-packages/airflow/example_dags/example_short_circuit_decorator.py
[2025-10-11T15:58:01.591+0000] {processor.py:840} INFO - DAG(s) 'example_short_circuit_decorator' retrieved from /home/airflow/.local/lib/python3.8/site-packages/airflow/example_dags/example_short_circuit_decorator.py
[2025-10-11T15:58:01.631+0000] {logging_mixin.py:188} INFO - [2025-10-11T15:58:01.630+0000] {dag.py:3036} INFO - Sync 1 DAGs
[2025-10-11T15:58:01.662+0000] {logging_mixin.py:188} INFO - [2025-10-11T15:58:01.662+0000] {dag.py:3823} INFO - Setting next_dagrun for example_short_circuit_decorator to 2025-10-10 00:00:00+00:00, run_after=2025-10-11 00:00:00+00:00
[2025-10-11T15:58:01.699+0000] {processor.py:183} INFO - Processing /home/airflow/.local/lib/python3.8/site-packages/airflow/example_dags/example_short_circuit_decorator.py took 0.134 seconds
[2025-10-11T15:58:33.325+0000] {processor.py:161} INFO - Started process (PID=10706) to work on /home/airflow/.local/lib/python3.8/site-packages/airflow/example_dags/example_short_circuit_decorator.py
[2025-10-11T15:58:33.326+0000] {processor.py:830} INFO - Processing file /home/airflow/.local/lib/python3.8/site-packages/airflow/example_dags/example_short_circuit_decorator.py for tasks to queue
[2025-10-11T15:58:33.329+0000] {logging_mixin.py:188} INFO - [2025-10-11T15:58:33.328+0000] {dagbag.py:538} INFO - Filling up the DagBag from /home/airflow/.local/lib/python3.8/site-packages/airflow/example_dags/example_short_circuit_decorator.py
[2025-10-11T15:58:33.347+0000] {processor.py:840} INFO - DAG(s) 'example_short_circuit_decorator' retrieved from /home/airflow/.local/lib/python3.8/site-packages/airflow/example_dags/example_short_circuit_decorator.py
[2025-10-11T15:58:33.395+0000] {logging_mixin.py:188} INFO - [2025-10-11T15:58:33.395+0000] {dag.py:3036} INFO - Sync 1 DAGs
[2025-10-11T15:58:33.427+0000] {logging_mixin.py:188} INFO - [2025-10-11T15:58:33.427+0000] {dag.py:3823} INFO - Setting next_dagrun for example_short_circuit_decorator to 2025-10-10 00:00:00+00:00, run_after=2025-10-11 00:00:00+00:00
[2025-10-11T15:58:33.476+0000] {processor.py:183} INFO - Processing /home/airflow/.local/lib/python3.8/site-packages/airflow/example_dags/example_short_circuit_decorator.py took 0.158 seconds
[2025-10-11T15:59:04.607+0000] {processor.py:161} INFO - Started process (PID=10776) to work on /home/airflow/.local/lib/python3.8/site-packages/airflow/example_dags/example_short_circuit_decorator.py
[2025-10-11T15:59:04.609+0000] {processor.py:830} INFO - Processing file /home/airflow/.local/lib/python3.8/site-packages/airflow/example_dags/example_short_circuit_decorator.py for tasks to queue
[2025-10-11T15:59:04.612+0000] {logging_mixin.py:188} INFO - [2025-10-11T15:59:04.612+0000] {dagbag.py:538} INFO - Filling up the DagBag from /home/airflow/.local/lib/python3.8/site-packages/airflow/example_dags/example_short_circuit_decorator.py
[2025-10-11T15:59:04.627+0000] {processor.py:840} INFO - DAG(s) 'example_short_circuit_decorator' retrieved from /home/airflow/.local/lib/python3.8/site-packages/airflow/example_dags/example_short_circuit_decorator.py
[2025-10-11T15:59:04.673+0000] {logging_mixin.py:188} INFO - [2025-10-11T15:59:04.673+0000] {dag.py:3036} INFO - Sync 1 DAGs
[2025-10-11T15:59:04.710+0000] {logging_mixin.py:188} INFO - [2025-10-11T15:59:04.710+0000] {dag.py:3823} INFO - Setting next_dagrun for example_short_circuit_decorator to 2025-10-10 00:00:00+00:00, run_after=2025-10-11 00:00:00+00:00
[2025-10-11T15:59:04.744+0000] {processor.py:183} INFO - Processing /home/airflow/.local/lib/python3.8/site-packages/airflow/example_dags/example_short_circuit_decorator.py took 0.142 seconds
[2025-10-11T15:59:35.030+0000] {processor.py:161} INFO - Started process (PID=10847) to work on /home/airflow/.local/lib/python3.8/site-packages/airflow/example_dags/example_short_circuit_decorator.py
[2025-10-11T15:59:35.033+0000] {processor.py:830} INFO - Processing file /home/airflow/.local/lib/python3.8/site-packages/airflow/example_dags/example_short_circuit_decorator.py for tasks to queue
[2025-10-11T15:59:35.037+0000] {logging_mixin.py:188} INFO - [2025-10-11T15:59:35.037+0000] {dagbag.py:538} INFO - Filling up the DagBag from /home/airflow/.local/lib/python3.8/site-packages/airflow/example_dags/example_short_circuit_decorator.py
[2025-10-11T15:59:35.054+0000] {processor.py:840} INFO - DAG(s) 'example_short_circuit_decorator' retrieved from /home/airflow/.local/lib/python3.8/site-packages/airflow/example_dags/example_short_circuit_decorator.py
[2025-10-11T15:59:35.100+0000] {logging_mixin.py:188} INFO - [2025-10-11T15:59:35.099+0000] {dag.py:3036} INFO - Sync 1 DAGs
[2025-10-11T15:59:35.149+0000] {logging_mixin.py:188} INFO - [2025-10-11T15:59:35.148+0000] {dag.py:3823} INFO - Setting next_dagrun for example_short_circuit_decorator to 2025-10-10 00:00:00+00:00, run_after=2025-10-11 00:00:00+00:00
[2025-10-11T15:59:35.208+0000] {processor.py:183} INFO - Processing /home/airflow/.local/lib/python3.8/site-packages/airflow/example_dags/example_short_circuit_decorator.py took 0.184 seconds
[2025-10-11T16:00:06.183+0000] {processor.py:161} INFO - Started process (PID=10917) to work on /home/airflow/.local/lib/python3.8/site-packages/airflow/example_dags/example_short_circuit_decorator.py
[2025-10-11T16:00:06.184+0000] {processor.py:830} INFO - Processing file /home/airflow/.local/lib/python3.8/site-packages/airflow/example_dags/example_short_circuit_decorator.py for tasks to queue
[2025-10-11T16:00:06.190+0000] {logging_mixin.py:188} INFO - [2025-10-11T16:00:06.189+0000] {dagbag.py:538} INFO - Filling up the DagBag from /home/airflow/.local/lib/python3.8/site-packages/airflow/example_dags/example_short_circuit_decorator.py
[2025-10-11T16:00:06.208+0000] {processor.py:840} INFO - DAG(s) 'example_short_circuit_decorator' retrieved from /home/airflow/.local/lib/python3.8/site-packages/airflow/example_dags/example_short_circuit_decorator.py
[2025-10-11T16:00:06.260+0000] {logging_mixin.py:188} INFO - [2025-10-11T16:00:06.260+0000] {dag.py:3036} INFO - Sync 1 DAGs
[2025-10-11T16:00:06.309+0000] {logging_mixin.py:188} INFO - [2025-10-11T16:00:06.309+0000] {dag.py:3823} INFO - Setting next_dagrun for example_short_circuit_decorator to 2025-10-10 00:00:00+00:00, run_after=2025-10-11 00:00:00+00:00
[2025-10-11T16:00:06.352+0000] {processor.py:183} INFO - Processing /home/airflow/.local/lib/python3.8/site-packages/airflow/example_dags/example_short_circuit_decorator.py took 0.175 seconds
[2025-10-11T16:00:37.675+0000] {processor.py:161} INFO - Started process (PID=10987) to work on /home/airflow/.local/lib/python3.8/site-packages/airflow/example_dags/example_short_circuit_decorator.py
[2025-10-11T16:00:37.676+0000] {processor.py:830} INFO - Processing file /home/airflow/.local/lib/python3.8/site-packages/airflow/example_dags/example_short_circuit_decorator.py for tasks to queue
[2025-10-11T16:00:37.679+0000] {logging_mixin.py:188} INFO - [2025-10-11T16:00:37.679+0000] {dagbag.py:538} INFO - Filling up the DagBag from /home/airflow/.local/lib/python3.8/site-packages/airflow/example_dags/example_short_circuit_decorator.py
[2025-10-11T16:00:37.694+0000] {processor.py:840} INFO - DAG(s) 'example_short_circuit_decorator' retrieved from /home/airflow/.local/lib/python3.8/site-packages/airflow/example_dags/example_short_circuit_decorator.py
[2025-10-11T16:00:37.733+0000] {logging_mixin.py:188} INFO - [2025-10-11T16:00:37.733+0000] {dag.py:3036} INFO - Sync 1 DAGs
[2025-10-11T16:00:37.764+0000] {logging_mixin.py:188} INFO - [2025-10-11T16:00:37.764+0000] {dag.py:3823} INFO - Setting next_dagrun for example_short_circuit_decorator to 2025-10-10 00:00:00+00:00, run_after=2025-10-11 00:00:00+00:00
[2025-10-11T16:00:37.807+0000] {processor.py:183} INFO - Processing /home/airflow/.local/lib/python3.8/site-packages/airflow/example_dags/example_short_circuit_decorator.py took 0.137 seconds
[2025-10-11T16:01:08.334+0000] {processor.py:161} INFO - Started process (PID=11057) to work on /home/airflow/.local/lib/python3.8/site-packages/airflow/example_dags/example_short_circuit_decorator.py
[2025-10-11T16:01:08.335+0000] {processor.py:830} INFO - Processing file /home/airflow/.local/lib/python3.8/site-packages/airflow/example_dags/example_short_circuit_decorator.py for tasks to queue
[2025-10-11T16:01:08.339+0000] {logging_mixin.py:188} INFO - [2025-10-11T16:01:08.338+0000] {dagbag.py:538} INFO - Filling up the DagBag from /home/airflow/.local/lib/python3.8/site-packages/airflow/example_dags/example_short_circuit_decorator.py
[2025-10-11T16:01:08.390+0000] {processor.py:840} INFO - DAG(s) 'example_short_circuit_decorator' retrieved from /home/airflow/.local/lib/python3.8/site-packages/airflow/example_dags/example_short_circuit_decorator.py
[2025-10-11T16:01:08.440+0000] {logging_mixin.py:188} INFO - [2025-10-11T16:01:08.440+0000] {dag.py:3036} INFO - Sync 1 DAGs
[2025-10-11T16:01:08.482+0000] {logging_mixin.py:188} INFO - [2025-10-11T16:01:08.481+0000] {dag.py:3823} INFO - Setting next_dagrun for example_short_circuit_decorator to 2025-10-10 00:00:00+00:00, run_after=2025-10-11 00:00:00+00:00
[2025-10-11T16:01:08.513+0000] {processor.py:183} INFO - Processing /home/airflow/.local/lib/python3.8/site-packages/airflow/example_dags/example_short_circuit_decorator.py took 0.184 seconds
[2025-10-11T16:01:39.995+0000] {processor.py:161} INFO - Started process (PID=11127) to work on /home/airflow/.local/lib/python3.8/site-packages/airflow/example_dags/example_short_circuit_decorator.py
[2025-10-11T16:01:39.996+0000] {processor.py:830} INFO - Processing file /home/airflow/.local/lib/python3.8/site-packages/airflow/example_dags/example_short_circuit_decorator.py for tasks to queue
[2025-10-11T16:01:39.999+0000] {logging_mixin.py:188} INFO - [2025-10-11T16:01:39.999+0000] {dagbag.py:538} INFO - Filling up the DagBag from /home/airflow/.local/lib/python3.8/site-packages/airflow/example_dags/example_short_circuit_decorator.py
[2025-10-11T16:01:40.014+0000] {processor.py:840} INFO - DAG(s) 'example_short_circuit_decorator' retrieved from /home/airflow/.local/lib/python3.8/site-packages/airflow/example_dags/example_short_circuit_decorator.py
[2025-10-11T16:01:40.058+0000] {logging_mixin.py:188} INFO - [2025-10-11T16:01:40.058+0000] {dag.py:3036} INFO - Sync 1 DAGs
[2025-10-11T16:01:40.093+0000] {logging_mixin.py:188} INFO - [2025-10-11T16:01:40.092+0000] {dag.py:3823} INFO - Setting next_dagrun for example_short_circuit_decorator to 2025-10-10 00:00:00+00:00, run_after=2025-10-11 00:00:00+00:00
[2025-10-11T16:01:40.123+0000] {processor.py:183} INFO - Processing /home/airflow/.local/lib/python3.8/site-packages/airflow/example_dags/example_short_circuit_decorator.py took 0.133 seconds
[2025-10-11T16:02:11.456+0000] {processor.py:161} INFO - Started process (PID=11197) to work on /home/airflow/.local/lib/python3.8/site-packages/airflow/example_dags/example_short_circuit_decorator.py
[2025-10-11T16:02:11.458+0000] {processor.py:830} INFO - Processing file /home/airflow/.local/lib/python3.8/site-packages/airflow/example_dags/example_short_circuit_decorator.py for tasks to queue
[2025-10-11T16:02:11.461+0000] {logging_mixin.py:188} INFO - [2025-10-11T16:02:11.461+0000] {dagbag.py:538} INFO - Filling up the DagBag from /home/airflow/.local/lib/python3.8/site-packages/airflow/example_dags/example_short_circuit_decorator.py
[2025-10-11T16:02:11.479+0000] {processor.py:840} INFO - DAG(s) 'example_short_circuit_decorator' retrieved from /home/airflow/.local/lib/python3.8/site-packages/airflow/example_dags/example_short_circuit_decorator.py
[2025-10-11T16:02:11.530+0000] {logging_mixin.py:188} INFO - [2025-10-11T16:02:11.529+0000] {dag.py:3036} INFO - Sync 1 DAGs
[2025-10-11T16:02:11.589+0000] {logging_mixin.py:188} INFO - [2025-10-11T16:02:11.588+0000] {dag.py:3823} INFO - Setting next_dagrun for example_short_circuit_decorator to 2025-10-10 00:00:00+00:00, run_after=2025-10-11 00:00:00+00:00
[2025-10-11T16:02:11.641+0000] {processor.py:183} INFO - Processing /home/airflow/.local/lib/python3.8/site-packages/airflow/example_dags/example_short_circuit_decorator.py took 0.192 seconds
[2025-10-11T16:02:41.833+0000] {processor.py:161} INFO - Started process (PID=11267) to work on /home/airflow/.local/lib/python3.8/site-packages/airflow/example_dags/example_short_circuit_decorator.py
[2025-10-11T16:02:41.835+0000] {processor.py:830} INFO - Processing file /home/airflow/.local/lib/python3.8/site-packages/airflow/example_dags/example_short_circuit_decorator.py for tasks to queue
[2025-10-11T16:02:41.837+0000] {logging_mixin.py:188} INFO - [2025-10-11T16:02:41.837+0000] {dagbag.py:538} INFO - Filling up the DagBag from /home/airflow/.local/lib/python3.8/site-packages/airflow/example_dags/example_short_circuit_decorator.py
[2025-10-11T16:02:41.852+0000] {processor.py:840} INFO - DAG(s) 'example_short_circuit_decorator' retrieved from /home/airflow/.local/lib/python3.8/site-packages/airflow/example_dags/example_short_circuit_decorator.py
[2025-10-11T16:02:41.905+0000] {logging_mixin.py:188} INFO - [2025-10-11T16:02:41.904+0000] {dag.py:3036} INFO - Sync 1 DAGs
[2025-10-11T16:02:41.956+0000] {logging_mixin.py:188} INFO - [2025-10-11T16:02:41.956+0000] {dag.py:3823} INFO - Setting next_dagrun for example_short_circuit_decorator to 2025-10-10 00:00:00+00:00, run_after=2025-10-11 00:00:00+00:00
[2025-10-11T16:02:41.983+0000] {processor.py:183} INFO - Processing /home/airflow/.local/lib/python3.8/site-packages/airflow/example_dags/example_short_circuit_decorator.py took 0.155 seconds
[2025-10-11T16:03:13.646+0000] {processor.py:161} INFO - Started process (PID=11338) to work on /home/airflow/.local/lib/python3.8/site-packages/airflow/example_dags/example_short_circuit_decorator.py
[2025-10-11T16:03:13.648+0000] {processor.py:830} INFO - Processing file /home/airflow/.local/lib/python3.8/site-packages/airflow/example_dags/example_short_circuit_decorator.py for tasks to queue
[2025-10-11T16:03:13.651+0000] {logging_mixin.py:188} INFO - [2025-10-11T16:03:13.650+0000] {dagbag.py:538} INFO - Filling up the DagBag from /home/airflow/.local/lib/python3.8/site-packages/airflow/example_dags/example_short_circuit_decorator.py
[2025-10-11T16:03:13.666+0000] {processor.py:840} INFO - DAG(s) 'example_short_circuit_decorator' retrieved from /home/airflow/.local/lib/python3.8/site-packages/airflow/example_dags/example_short_circuit_decorator.py
[2025-10-11T16:03:13.716+0000] {logging_mixin.py:188} INFO - [2025-10-11T16:03:13.715+0000] {dag.py:3036} INFO - Sync 1 DAGs
[2025-10-11T16:03:13.746+0000] {logging_mixin.py:188} INFO - [2025-10-11T16:03:13.746+0000] {dag.py:3823} INFO - Setting next_dagrun for example_short_circuit_decorator to 2025-10-10 00:00:00+00:00, run_after=2025-10-11 00:00:00+00:00
[2025-10-11T16:03:13.797+0000] {processor.py:183} INFO - Processing /home/airflow/.local/lib/python3.8/site-packages/airflow/example_dags/example_short_circuit_decorator.py took 0.156 seconds
[2025-10-11T16:03:45.007+0000] {processor.py:161} INFO - Started process (PID=11408) to work on /home/airflow/.local/lib/python3.8/site-packages/airflow/example_dags/example_short_circuit_decorator.py
[2025-10-11T16:03:45.009+0000] {processor.py:830} INFO - Processing file /home/airflow/.local/lib/python3.8/site-packages/airflow/example_dags/example_short_circuit_decorator.py for tasks to queue
[2025-10-11T16:03:45.012+0000] {logging_mixin.py:188} INFO - [2025-10-11T16:03:45.011+0000] {dagbag.py:538} INFO - Filling up the DagBag from /home/airflow/.local/lib/python3.8/site-packages/airflow/example_dags/example_short_circuit_decorator.py
[2025-10-11T16:03:45.025+0000] {processor.py:840} INFO - DAG(s) 'example_short_circuit_decorator' retrieved from /home/airflow/.local/lib/python3.8/site-packages/airflow/example_dags/example_short_circuit_decorator.py
[2025-10-11T16:03:45.065+0000] {logging_mixin.py:188} INFO - [2025-10-11T16:03:45.064+0000] {dag.py:3036} INFO - Sync 1 DAGs
[2025-10-11T16:03:45.098+0000] {logging_mixin.py:188} INFO - [2025-10-11T16:03:45.098+0000] {dag.py:3823} INFO - Setting next_dagrun for example_short_circuit_decorator to 2025-10-10 00:00:00+00:00, run_after=2025-10-11 00:00:00+00:00
[2025-10-11T16:03:45.124+0000] {processor.py:183} INFO - Processing /home/airflow/.local/lib/python3.8/site-packages/airflow/example_dags/example_short_circuit_decorator.py took 0.121 seconds
[2025-10-11T16:04:15.863+0000] {processor.py:161} INFO - Started process (PID=11478) to work on /home/airflow/.local/lib/python3.8/site-packages/airflow/example_dags/example_short_circuit_decorator.py
[2025-10-11T16:04:15.865+0000] {processor.py:830} INFO - Processing file /home/airflow/.local/lib/python3.8/site-packages/airflow/example_dags/example_short_circuit_decorator.py for tasks to queue
[2025-10-11T16:04:15.867+0000] {logging_mixin.py:188} INFO - [2025-10-11T16:04:15.867+0000] {dagbag.py:538} INFO - Filling up the DagBag from /home/airflow/.local/lib/python3.8/site-packages/airflow/example_dags/example_short_circuit_decorator.py
[2025-10-11T16:04:15.881+0000] {processor.py:840} INFO - DAG(s) 'example_short_circuit_decorator' retrieved from /home/airflow/.local/lib/python3.8/site-packages/airflow/example_dags/example_short_circuit_decorator.py
[2025-10-11T16:04:15.923+0000] {logging_mixin.py:188} INFO - [2025-10-11T16:04:15.923+0000] {dag.py:3036} INFO - Sync 1 DAGs
[2025-10-11T16:04:15.969+0000] {logging_mixin.py:188} INFO - [2025-10-11T16:04:15.969+0000] {dag.py:3823} INFO - Setting next_dagrun for example_short_circuit_decorator to 2025-10-10 00:00:00+00:00, run_after=2025-10-11 00:00:00+00:00
[2025-10-11T16:04:16.003+0000] {processor.py:183} INFO - Processing /home/airflow/.local/lib/python3.8/site-packages/airflow/example_dags/example_short_circuit_decorator.py took 0.146 seconds
[2025-10-11T16:04:47.907+0000] {processor.py:161} INFO - Started process (PID=11554) to work on /home/airflow/.local/lib/python3.8/site-packages/airflow/example_dags/example_short_circuit_decorator.py
[2025-10-11T16:04:47.909+0000] {processor.py:830} INFO - Processing file /home/airflow/.local/lib/python3.8/site-packages/airflow/example_dags/example_short_circuit_decorator.py for tasks to queue
[2025-10-11T16:04:47.912+0000] {logging_mixin.py:188} INFO - [2025-10-11T16:04:47.912+0000] {dagbag.py:538} INFO - Filling up the DagBag from /home/airflow/.local/lib/python3.8/site-packages/airflow/example_dags/example_short_circuit_decorator.py
[2025-10-11T16:04:47.928+0000] {processor.py:840} INFO - DAG(s) 'example_short_circuit_decorator' retrieved from /home/airflow/.local/lib/python3.8/site-packages/airflow/example_dags/example_short_circuit_decorator.py
[2025-10-11T16:04:47.973+0000] {logging_mixin.py:188} INFO - [2025-10-11T16:04:47.973+0000] {dag.py:3036} INFO - Sync 1 DAGs
[2025-10-11T16:04:48.015+0000] {logging_mixin.py:188} INFO - [2025-10-11T16:04:48.015+0000] {dag.py:3823} INFO - Setting next_dagrun for example_short_circuit_decorator to 2025-10-10 00:00:00+00:00, run_after=2025-10-11 00:00:00+00:00
[2025-10-11T16:04:48.043+0000] {processor.py:183} INFO - Processing /home/airflow/.local/lib/python3.8/site-packages/airflow/example_dags/example_short_circuit_decorator.py took 0.141 seconds
[2025-10-11T16:05:19.227+0000] {processor.py:161} INFO - Started process (PID=11624) to work on /home/airflow/.local/lib/python3.8/site-packages/airflow/example_dags/example_short_circuit_decorator.py
[2025-10-11T16:05:19.229+0000] {processor.py:830} INFO - Processing file /home/airflow/.local/lib/python3.8/site-packages/airflow/example_dags/example_short_circuit_decorator.py for tasks to queue
[2025-10-11T16:05:19.232+0000] {logging_mixin.py:188} INFO - [2025-10-11T16:05:19.231+0000] {dagbag.py:538} INFO - Filling up the DagBag from /home/airflow/.local/lib/python3.8/site-packages/airflow/example_dags/example_short_circuit_decorator.py
[2025-10-11T16:05:19.247+0000] {processor.py:840} INFO - DAG(s) 'example_short_circuit_decorator' retrieved from /home/airflow/.local/lib/python3.8/site-packages/airflow/example_dags/example_short_circuit_decorator.py
[2025-10-11T16:05:19.292+0000] {logging_mixin.py:188} INFO - [2025-10-11T16:05:19.292+0000] {dag.py:3036} INFO - Sync 1 DAGs
[2025-10-11T16:05:19.327+0000] {logging_mixin.py:188} INFO - [2025-10-11T16:05:19.326+0000] {dag.py:3823} INFO - Setting next_dagrun for example_short_circuit_decorator to 2025-10-10 00:00:00+00:00, run_after=2025-10-11 00:00:00+00:00
[2025-10-11T16:05:19.359+0000] {processor.py:183} INFO - Processing /home/airflow/.local/lib/python3.8/site-packages/airflow/example_dags/example_short_circuit_decorator.py took 0.138 seconds
[2025-10-11T16:05:51.125+0000] {processor.py:161} INFO - Started process (PID=11694) to work on /home/airflow/.local/lib/python3.8/site-packages/airflow/example_dags/example_short_circuit_decorator.py
[2025-10-11T16:05:51.127+0000] {processor.py:830} INFO - Processing file /home/airflow/.local/lib/python3.8/site-packages/airflow/example_dags/example_short_circuit_decorator.py for tasks to queue
[2025-10-11T16:05:51.130+0000] {logging_mixin.py:188} INFO - [2025-10-11T16:05:51.129+0000] {dagbag.py:538} INFO - Filling up the DagBag from /home/airflow/.local/lib/python3.8/site-packages/airflow/example_dags/example_short_circuit_decorator.py
[2025-10-11T16:05:51.146+0000] {processor.py:840} INFO - DAG(s) 'example_short_circuit_decorator' retrieved from /home/airflow/.local/lib/python3.8/site-packages/airflow/example_dags/example_short_circuit_decorator.py
[2025-10-11T16:05:51.192+0000] {logging_mixin.py:188} INFO - [2025-10-11T16:05:51.192+0000] {dag.py:3036} INFO - Sync 1 DAGs
[2025-10-11T16:05:51.230+0000] {logging_mixin.py:188} INFO - [2025-10-11T16:05:51.229+0000] {dag.py:3823} INFO - Setting next_dagrun for example_short_circuit_decorator to 2025-10-10 00:00:00+00:00, run_after=2025-10-11 00:00:00+00:00
[2025-10-11T16:05:51.264+0000] {processor.py:183} INFO - Processing /home/airflow/.local/lib/python3.8/site-packages/airflow/example_dags/example_short_circuit_decorator.py took 0.145 seconds
[2025-10-11T16:06:22.265+0000] {processor.py:161} INFO - Started process (PID=11764) to work on /home/airflow/.local/lib/python3.8/site-packages/airflow/example_dags/example_short_circuit_decorator.py
[2025-10-11T16:06:22.268+0000] {processor.py:830} INFO - Processing file /home/airflow/.local/lib/python3.8/site-packages/airflow/example_dags/example_short_circuit_decorator.py for tasks to queue
[2025-10-11T16:06:22.272+0000] {logging_mixin.py:188} INFO - [2025-10-11T16:06:22.272+0000] {dagbag.py:538} INFO - Filling up the DagBag from /home/airflow/.local/lib/python3.8/site-packages/airflow/example_dags/example_short_circuit_decorator.py
[2025-10-11T16:06:22.287+0000] {processor.py:840} INFO - DAG(s) 'example_short_circuit_decorator' retrieved from /home/airflow/.local/lib/python3.8/site-packages/airflow/example_dags/example_short_circuit_decorator.py
[2025-10-11T16:06:22.328+0000] {logging_mixin.py:188} INFO - [2025-10-11T16:06:22.328+0000] {dag.py:3036} INFO - Sync 1 DAGs
[2025-10-11T16:06:22.366+0000] {logging_mixin.py:188} INFO - [2025-10-11T16:06:22.366+0000] {dag.py:3823} INFO - Setting next_dagrun for example_short_circuit_decorator to 2025-10-10 00:00:00+00:00, run_after=2025-10-11 00:00:00+00:00
[2025-10-11T16:06:22.415+0000] {processor.py:183} INFO - Processing /home/airflow/.local/lib/python3.8/site-packages/airflow/example_dags/example_short_circuit_decorator.py took 0.159 seconds
[2025-10-11T16:06:53.828+0000] {processor.py:161} INFO - Started process (PID=11834) to work on /home/airflow/.local/lib/python3.8/site-packages/airflow/example_dags/example_short_circuit_decorator.py
[2025-10-11T16:06:53.830+0000] {processor.py:830} INFO - Processing file /home/airflow/.local/lib/python3.8/site-packages/airflow/example_dags/example_short_circuit_decorator.py for tasks to queue
[2025-10-11T16:06:53.833+0000] {logging_mixin.py:188} INFO - [2025-10-11T16:06:53.832+0000] {dagbag.py:538} INFO - Filling up the DagBag from /home/airflow/.local/lib/python3.8/site-packages/airflow/example_dags/example_short_circuit_decorator.py
[2025-10-11T16:06:53.848+0000] {processor.py:840} INFO - DAG(s) 'example_short_circuit_decorator' retrieved from /home/airflow/.local/lib/python3.8/site-packages/airflow/example_dags/example_short_circuit_decorator.py
[2025-10-11T16:06:53.894+0000] {logging_mixin.py:188} INFO - [2025-10-11T16:06:53.894+0000] {dag.py:3036} INFO - Sync 1 DAGs
[2025-10-11T16:06:53.936+0000] {logging_mixin.py:188} INFO - [2025-10-11T16:06:53.935+0000] {dag.py:3823} INFO - Setting next_dagrun for example_short_circuit_decorator to 2025-10-10 00:00:00+00:00, run_after=2025-10-11 00:00:00+00:00
[2025-10-11T16:06:53.975+0000] {processor.py:183} INFO - Processing /home/airflow/.local/lib/python3.8/site-packages/airflow/example_dags/example_short_circuit_decorator.py took 0.152 seconds
[2025-10-11T16:07:25.340+0000] {processor.py:161} INFO - Started process (PID=11903) to work on /home/airflow/.local/lib/python3.8/site-packages/airflow/example_dags/example_short_circuit_decorator.py
[2025-10-11T16:07:25.342+0000] {processor.py:830} INFO - Processing file /home/airflow/.local/lib/python3.8/site-packages/airflow/example_dags/example_short_circuit_decorator.py for tasks to queue
[2025-10-11T16:07:25.344+0000] {logging_mixin.py:188} INFO - [2025-10-11T16:07:25.344+0000] {dagbag.py:538} INFO - Filling up the DagBag from /home/airflow/.local/lib/python3.8/site-packages/airflow/example_dags/example_short_circuit_decorator.py
[2025-10-11T16:07:25.358+0000] {processor.py:840} INFO - DAG(s) 'example_short_circuit_decorator' retrieved from /home/airflow/.local/lib/python3.8/site-packages/airflow/example_dags/example_short_circuit_decorator.py
[2025-10-11T16:07:25.395+0000] {logging_mixin.py:188} INFO - [2025-10-11T16:07:25.394+0000] {dag.py:3036} INFO - Sync 1 DAGs
[2025-10-11T16:07:25.424+0000] {logging_mixin.py:188} INFO - [2025-10-11T16:07:25.423+0000] {dag.py:3823} INFO - Setting next_dagrun for example_short_circuit_decorator to 2025-10-10 00:00:00+00:00, run_after=2025-10-11 00:00:00+00:00
[2025-10-11T16:07:25.470+0000] {processor.py:183} INFO - Processing /home/airflow/.local/lib/python3.8/site-packages/airflow/example_dags/example_short_circuit_decorator.py took 0.137 seconds
[2025-10-11T16:07:56.762+0000] {processor.py:161} INFO - Started process (PID=11973) to work on /home/airflow/.local/lib/python3.8/site-packages/airflow/example_dags/example_short_circuit_decorator.py
[2025-10-11T16:07:56.764+0000] {processor.py:830} INFO - Processing file /home/airflow/.local/lib/python3.8/site-packages/airflow/example_dags/example_short_circuit_decorator.py for tasks to queue
[2025-10-11T16:07:56.767+0000] {logging_mixin.py:188} INFO - [2025-10-11T16:07:56.767+0000] {dagbag.py:538} INFO - Filling up the DagBag from /home/airflow/.local/lib/python3.8/site-packages/airflow/example_dags/example_short_circuit_decorator.py
[2025-10-11T16:07:56.780+0000] {processor.py:840} INFO - DAG(s) 'example_short_circuit_decorator' retrieved from /home/airflow/.local/lib/python3.8/site-packages/airflow/example_dags/example_short_circuit_decorator.py
[2025-10-11T16:07:56.820+0000] {logging_mixin.py:188} INFO - [2025-10-11T16:07:56.819+0000] {dag.py:3036} INFO - Sync 1 DAGs
[2025-10-11T16:07:56.848+0000] {logging_mixin.py:188} INFO - [2025-10-11T16:07:56.848+0000] {dag.py:3823} INFO - Setting next_dagrun for example_short_circuit_decorator to 2025-10-10 00:00:00+00:00, run_after=2025-10-11 00:00:00+00:00
[2025-10-11T16:07:56.897+0000] {processor.py:183} INFO - Processing /home/airflow/.local/lib/python3.8/site-packages/airflow/example_dags/example_short_circuit_decorator.py took 0.139 seconds
[2025-10-11T16:08:28.148+0000] {processor.py:161} INFO - Started process (PID=12043) to work on /home/airflow/.local/lib/python3.8/site-packages/airflow/example_dags/example_short_circuit_decorator.py
[2025-10-11T16:08:28.150+0000] {processor.py:830} INFO - Processing file /home/airflow/.local/lib/python3.8/site-packages/airflow/example_dags/example_short_circuit_decorator.py for tasks to queue
[2025-10-11T16:08:28.153+0000] {logging_mixin.py:188} INFO - [2025-10-11T16:08:28.152+0000] {dagbag.py:538} INFO - Filling up the DagBag from /home/airflow/.local/lib/python3.8/site-packages/airflow/example_dags/example_short_circuit_decorator.py
[2025-10-11T16:08:28.168+0000] {processor.py:840} INFO - DAG(s) 'example_short_circuit_decorator' retrieved from /home/airflow/.local/lib/python3.8/site-packages/airflow/example_dags/example_short_circuit_decorator.py
[2025-10-11T16:08:28.208+0000] {logging_mixin.py:188} INFO - [2025-10-11T16:08:28.208+0000] {dag.py:3036} INFO - Sync 1 DAGs
[2025-10-11T16:08:28.239+0000] {logging_mixin.py:188} INFO - [2025-10-11T16:08:28.239+0000] {dag.py:3823} INFO - Setting next_dagrun for example_short_circuit_decorator to 2025-10-10 00:00:00+00:00, run_after=2025-10-11 00:00:00+00:00
[2025-10-11T16:08:28.268+0000] {processor.py:183} INFO - Processing /home/airflow/.local/lib/python3.8/site-packages/airflow/example_dags/example_short_circuit_decorator.py took 0.124 seconds
[2025-10-11T16:08:59.599+0000] {processor.py:161} INFO - Started process (PID=12113) to work on /home/airflow/.local/lib/python3.8/site-packages/airflow/example_dags/example_short_circuit_decorator.py
[2025-10-11T16:08:59.600+0000] {processor.py:830} INFO - Processing file /home/airflow/.local/lib/python3.8/site-packages/airflow/example_dags/example_short_circuit_decorator.py for tasks to queue
[2025-10-11T16:08:59.603+0000] {logging_mixin.py:188} INFO - [2025-10-11T16:08:59.603+0000] {dagbag.py:538} INFO - Filling up the DagBag from /home/airflow/.local/lib/python3.8/site-packages/airflow/example_dags/example_short_circuit_decorator.py
[2025-10-11T16:08:59.619+0000] {processor.py:840} INFO - DAG(s) 'example_short_circuit_decorator' retrieved from /home/airflow/.local/lib/python3.8/site-packages/airflow/example_dags/example_short_circuit_decorator.py
[2025-10-11T16:08:59.673+0000] {logging_mixin.py:188} INFO - [2025-10-11T16:08:59.672+0000] {dag.py:3036} INFO - Sync 1 DAGs
[2025-10-11T16:08:59.724+0000] {logging_mixin.py:188} INFO - [2025-10-11T16:08:59.724+0000] {dag.py:3823} INFO - Setting next_dagrun for example_short_circuit_decorator to 2025-10-10 00:00:00+00:00, run_after=2025-10-11 00:00:00+00:00
[2025-10-11T16:08:59.767+0000] {processor.py:183} INFO - Processing /home/airflow/.local/lib/python3.8/site-packages/airflow/example_dags/example_short_circuit_decorator.py took 0.172 seconds
[2025-10-11T16:09:30.283+0000] {processor.py:161} INFO - Started process (PID=12183) to work on /home/airflow/.local/lib/python3.8/site-packages/airflow/example_dags/example_short_circuit_decorator.py
[2025-10-11T16:09:30.285+0000] {processor.py:830} INFO - Processing file /home/airflow/.local/lib/python3.8/site-packages/airflow/example_dags/example_short_circuit_decorator.py for tasks to queue
[2025-10-11T16:09:30.288+0000] {logging_mixin.py:188} INFO - [2025-10-11T16:09:30.287+0000] {dagbag.py:538} INFO - Filling up the DagBag from /home/airflow/.local/lib/python3.8/site-packages/airflow/example_dags/example_short_circuit_decorator.py
[2025-10-11T16:09:30.304+0000] {processor.py:840} INFO - DAG(s) 'example_short_circuit_decorator' retrieved from /home/airflow/.local/lib/python3.8/site-packages/airflow/example_dags/example_short_circuit_decorator.py
[2025-10-11T16:09:30.349+0000] {logging_mixin.py:188} INFO - [2025-10-11T16:09:30.349+0000] {dag.py:3036} INFO - Sync 1 DAGs
[2025-10-11T16:09:30.381+0000] {logging_mixin.py:188} INFO - [2025-10-11T16:09:30.380+0000] {dag.py:3823} INFO - Setting next_dagrun for example_short_circuit_decorator to 2025-10-10 00:00:00+00:00, run_after=2025-10-11 00:00:00+00:00
[2025-10-11T16:09:30.408+0000] {processor.py:183} INFO - Processing /home/airflow/.local/lib/python3.8/site-packages/airflow/example_dags/example_short_circuit_decorator.py took 0.130 seconds
[2025-10-11T16:10:02.205+0000] {processor.py:161} INFO - Started process (PID=12253) to work on /home/airflow/.local/lib/python3.8/site-packages/airflow/example_dags/example_short_circuit_decorator.py
[2025-10-11T16:10:02.206+0000] {processor.py:830} INFO - Processing file /home/airflow/.local/lib/python3.8/site-packages/airflow/example_dags/example_short_circuit_decorator.py for tasks to queue
[2025-10-11T16:10:02.209+0000] {logging_mixin.py:188} INFO - [2025-10-11T16:10:02.209+0000] {dagbag.py:538} INFO - Filling up the DagBag from /home/airflow/.local/lib/python3.8/site-packages/airflow/example_dags/example_short_circuit_decorator.py
[2025-10-11T16:10:02.224+0000] {processor.py:840} INFO - DAG(s) 'example_short_circuit_decorator' retrieved from /home/airflow/.local/lib/python3.8/site-packages/airflow/example_dags/example_short_circuit_decorator.py
[2025-10-11T16:10:02.271+0000] {logging_mixin.py:188} INFO - [2025-10-11T16:10:02.270+0000] {dag.py:3036} INFO - Sync 1 DAGs
[2025-10-11T16:10:02.309+0000] {logging_mixin.py:188} INFO - [2025-10-11T16:10:02.308+0000] {dag.py:3823} INFO - Setting next_dagrun for example_short_circuit_decorator to 2025-10-10 00:00:00+00:00, run_after=2025-10-11 00:00:00+00:00
[2025-10-11T16:10:02.338+0000] {processor.py:183} INFO - Processing /home/airflow/.local/lib/python3.8/site-packages/airflow/example_dags/example_short_circuit_decorator.py took 0.138 seconds
[2025-10-11T16:10:33.298+0000] {processor.py:161} INFO - Started process (PID=12323) to work on /home/airflow/.local/lib/python3.8/site-packages/airflow/example_dags/example_short_circuit_decorator.py
[2025-10-11T16:10:33.299+0000] {processor.py:830} INFO - Processing file /home/airflow/.local/lib/python3.8/site-packages/airflow/example_dags/example_short_circuit_decorator.py for tasks to queue
[2025-10-11T16:10:33.303+0000] {logging_mixin.py:188} INFO - [2025-10-11T16:10:33.302+0000] {dagbag.py:538} INFO - Filling up the DagBag from /home/airflow/.local/lib/python3.8/site-packages/airflow/example_dags/example_short_circuit_decorator.py
[2025-10-11T16:10:33.319+0000] {processor.py:840} INFO - DAG(s) 'example_short_circuit_decorator' retrieved from /home/airflow/.local/lib/python3.8/site-packages/airflow/example_dags/example_short_circuit_decorator.py
[2025-10-11T16:10:33.369+0000] {logging_mixin.py:188} INFO - [2025-10-11T16:10:33.369+0000] {dag.py:3036} INFO - Sync 1 DAGs
[2025-10-11T16:10:33.408+0000] {logging_mixin.py:188} INFO - [2025-10-11T16:10:33.408+0000] {dag.py:3823} INFO - Setting next_dagrun for example_short_circuit_decorator to 2025-10-10 00:00:00+00:00, run_after=2025-10-11 00:00:00+00:00
[2025-10-11T16:10:33.458+0000] {processor.py:183} INFO - Processing /home/airflow/.local/lib/python3.8/site-packages/airflow/example_dags/example_short_circuit_decorator.py took 0.166 seconds
[2025-10-11T16:11:04.496+0000] {processor.py:161} INFO - Started process (PID=12393) to work on /home/airflow/.local/lib/python3.8/site-packages/airflow/example_dags/example_short_circuit_decorator.py
[2025-10-11T16:11:04.498+0000] {processor.py:830} INFO - Processing file /home/airflow/.local/lib/python3.8/site-packages/airflow/example_dags/example_short_circuit_decorator.py for tasks to queue
[2025-10-11T16:11:04.501+0000] {logging_mixin.py:188} INFO - [2025-10-11T16:11:04.500+0000] {dagbag.py:538} INFO - Filling up the DagBag from /home/airflow/.local/lib/python3.8/site-packages/airflow/example_dags/example_short_circuit_decorator.py
[2025-10-11T16:11:04.514+0000] {processor.py:840} INFO - DAG(s) 'example_short_circuit_decorator' retrieved from /home/airflow/.local/lib/python3.8/site-packages/airflow/example_dags/example_short_circuit_decorator.py
[2025-10-11T16:11:04.556+0000] {logging_mixin.py:188} INFO - [2025-10-11T16:11:04.555+0000] {dag.py:3036} INFO - Sync 1 DAGs
[2025-10-11T16:11:04.593+0000] {logging_mixin.py:188} INFO - [2025-10-11T16:11:04.593+0000] {dag.py:3823} INFO - Setting next_dagrun for example_short_circuit_decorator to 2025-10-10 00:00:00+00:00, run_after=2025-10-11 00:00:00+00:00
[2025-10-11T16:11:04.627+0000] {processor.py:183} INFO - Processing /home/airflow/.local/lib/python3.8/site-packages/airflow/example_dags/example_short_circuit_decorator.py took 0.135 seconds
[2025-10-11T16:11:35.762+0000] {processor.py:161} INFO - Started process (PID=12463) to work on /home/airflow/.local/lib/python3.8/site-packages/airflow/example_dags/example_short_circuit_decorator.py
[2025-10-11T16:11:35.764+0000] {processor.py:830} INFO - Processing file /home/airflow/.local/lib/python3.8/site-packages/airflow/example_dags/example_short_circuit_decorator.py for tasks to queue
[2025-10-11T16:11:35.767+0000] {logging_mixin.py:188} INFO - [2025-10-11T16:11:35.766+0000] {dagbag.py:538} INFO - Filling up the DagBag from /home/airflow/.local/lib/python3.8/site-packages/airflow/example_dags/example_short_circuit_decorator.py
[2025-10-11T16:11:35.783+0000] {processor.py:840} INFO - DAG(s) 'example_short_circuit_decorator' retrieved from /home/airflow/.local/lib/python3.8/site-packages/airflow/example_dags/example_short_circuit_decorator.py
[2025-10-11T16:11:35.822+0000] {logging_mixin.py:188} INFO - [2025-10-11T16:11:35.821+0000] {dag.py:3036} INFO - Sync 1 DAGs
[2025-10-11T16:11:35.853+0000] {logging_mixin.py:188} INFO - [2025-10-11T16:11:35.852+0000] {dag.py:3823} INFO - Setting next_dagrun for example_short_circuit_decorator to 2025-10-10 00:00:00+00:00, run_after=2025-10-11 00:00:00+00:00
[2025-10-11T16:11:35.902+0000] {processor.py:183} INFO - Processing /home/airflow/.local/lib/python3.8/site-packages/airflow/example_dags/example_short_circuit_decorator.py took 0.144 seconds
[2025-10-11T16:12:06.485+0000] {processor.py:161} INFO - Started process (PID=12533) to work on /home/airflow/.local/lib/python3.8/site-packages/airflow/example_dags/example_short_circuit_decorator.py
[2025-10-11T16:12:06.486+0000] {processor.py:830} INFO - Processing file /home/airflow/.local/lib/python3.8/site-packages/airflow/example_dags/example_short_circuit_decorator.py for tasks to queue
[2025-10-11T16:12:06.489+0000] {logging_mixin.py:188} INFO - [2025-10-11T16:12:06.488+0000] {dagbag.py:538} INFO - Filling up the DagBag from /home/airflow/.local/lib/python3.8/site-packages/airflow/example_dags/example_short_circuit_decorator.py
[2025-10-11T16:12:06.502+0000] {processor.py:840} INFO - DAG(s) 'example_short_circuit_decorator' retrieved from /home/airflow/.local/lib/python3.8/site-packages/airflow/example_dags/example_short_circuit_decorator.py
[2025-10-11T16:12:06.542+0000] {logging_mixin.py:188} INFO - [2025-10-11T16:12:06.542+0000] {dag.py:3036} INFO - Sync 1 DAGs
[2025-10-11T16:12:06.573+0000] {logging_mixin.py:188} INFO - [2025-10-11T16:12:06.572+0000] {dag.py:3823} INFO - Setting next_dagrun for example_short_circuit_decorator to 2025-10-10 00:00:00+00:00, run_after=2025-10-11 00:00:00+00:00
[2025-10-11T16:12:06.620+0000] {processor.py:183} INFO - Processing /home/airflow/.local/lib/python3.8/site-packages/airflow/example_dags/example_short_circuit_decorator.py took 0.139 seconds
[2025-10-11T16:12:38.577+0000] {processor.py:161} INFO - Started process (PID=12603) to work on /home/airflow/.local/lib/python3.8/site-packages/airflow/example_dags/example_short_circuit_decorator.py
[2025-10-11T16:12:38.579+0000] {processor.py:830} INFO - Processing file /home/airflow/.local/lib/python3.8/site-packages/airflow/example_dags/example_short_circuit_decorator.py for tasks to queue
[2025-10-11T16:12:38.582+0000] {logging_mixin.py:188} INFO - [2025-10-11T16:12:38.582+0000] {dagbag.py:538} INFO - Filling up the DagBag from /home/airflow/.local/lib/python3.8/site-packages/airflow/example_dags/example_short_circuit_decorator.py
[2025-10-11T16:12:38.596+0000] {processor.py:840} INFO - DAG(s) 'example_short_circuit_decorator' retrieved from /home/airflow/.local/lib/python3.8/site-packages/airflow/example_dags/example_short_circuit_decorator.py
[2025-10-11T16:12:38.635+0000] {logging_mixin.py:188} INFO - [2025-10-11T16:12:38.635+0000] {dag.py:3036} INFO - Sync 1 DAGs
[2025-10-11T16:12:38.665+0000] {logging_mixin.py:188} INFO - [2025-10-11T16:12:38.664+0000] {dag.py:3823} INFO - Setting next_dagrun for example_short_circuit_decorator to 2025-10-10 00:00:00+00:00, run_after=2025-10-11 00:00:00+00:00
[2025-10-11T16:12:38.694+0000] {processor.py:183} INFO - Processing /home/airflow/.local/lib/python3.8/site-packages/airflow/example_dags/example_short_circuit_decorator.py took 0.121 seconds
[2025-10-11T16:13:09.948+0000] {processor.py:161} INFO - Started process (PID=12673) to work on /home/airflow/.local/lib/python3.8/site-packages/airflow/example_dags/example_short_circuit_decorator.py
[2025-10-11T16:13:09.950+0000] {processor.py:830} INFO - Processing file /home/airflow/.local/lib/python3.8/site-packages/airflow/example_dags/example_short_circuit_decorator.py for tasks to queue
[2025-10-11T16:13:09.953+0000] {logging_mixin.py:188} INFO - [2025-10-11T16:13:09.952+0000] {dagbag.py:538} INFO - Filling up the DagBag from /home/airflow/.local/lib/python3.8/site-packages/airflow/example_dags/example_short_circuit_decorator.py
[2025-10-11T16:13:09.966+0000] {processor.py:840} INFO - DAG(s) 'example_short_circuit_decorator' retrieved from /home/airflow/.local/lib/python3.8/site-packages/airflow/example_dags/example_short_circuit_decorator.py
[2025-10-11T16:13:10.004+0000] {logging_mixin.py:188} INFO - [2025-10-11T16:13:10.004+0000] {dag.py:3036} INFO - Sync 1 DAGs
[2025-10-11T16:13:10.034+0000] {logging_mixin.py:188} INFO - [2025-10-11T16:13:10.034+0000] {dag.py:3823} INFO - Setting next_dagrun for example_short_circuit_decorator to 2025-10-10 00:00:00+00:00, run_after=2025-10-11 00:00:00+00:00
[2025-10-11T16:13:10.062+0000] {processor.py:183} INFO - Processing /home/airflow/.local/lib/python3.8/site-packages/airflow/example_dags/example_short_circuit_decorator.py took 0.120 seconds
[2025-10-11T16:13:41.949+0000] {processor.py:161} INFO - Started process (PID=12743) to work on /home/airflow/.local/lib/python3.8/site-packages/airflow/example_dags/example_short_circuit_decorator.py
[2025-10-11T16:13:41.951+0000] {processor.py:830} INFO - Processing file /home/airflow/.local/lib/python3.8/site-packages/airflow/example_dags/example_short_circuit_decorator.py for tasks to queue
[2025-10-11T16:13:41.956+0000] {logging_mixin.py:188} INFO - [2025-10-11T16:13:41.955+0000] {dagbag.py:538} INFO - Filling up the DagBag from /home/airflow/.local/lib/python3.8/site-packages/airflow/example_dags/example_short_circuit_decorator.py
[2025-10-11T16:13:41.971+0000] {processor.py:840} INFO - DAG(s) 'example_short_circuit_decorator' retrieved from /home/airflow/.local/lib/python3.8/site-packages/airflow/example_dags/example_short_circuit_decorator.py
[2025-10-11T16:13:42.010+0000] {logging_mixin.py:188} INFO - [2025-10-11T16:13:42.010+0000] {dag.py:3036} INFO - Sync 1 DAGs
[2025-10-11T16:13:42.040+0000] {logging_mixin.py:188} INFO - [2025-10-11T16:13:42.040+0000] {dag.py:3823} INFO - Setting next_dagrun for example_short_circuit_decorator to 2025-10-10 00:00:00+00:00, run_after=2025-10-11 00:00:00+00:00
[2025-10-11T16:13:42.071+0000] {processor.py:183} INFO - Processing /home/airflow/.local/lib/python3.8/site-packages/airflow/example_dags/example_short_circuit_decorator.py took 0.129 seconds
[2025-10-11T16:14:12.702+0000] {processor.py:161} INFO - Started process (PID=12813) to work on /home/airflow/.local/lib/python3.8/site-packages/airflow/example_dags/example_short_circuit_decorator.py
[2025-10-11T16:14:12.704+0000] {processor.py:830} INFO - Processing file /home/airflow/.local/lib/python3.8/site-packages/airflow/example_dags/example_short_circuit_decorator.py for tasks to queue
[2025-10-11T16:14:12.707+0000] {logging_mixin.py:188} INFO - [2025-10-11T16:14:12.706+0000] {dagbag.py:538} INFO - Filling up the DagBag from /home/airflow/.local/lib/python3.8/site-packages/airflow/example_dags/example_short_circuit_decorator.py
[2025-10-11T16:14:12.723+0000] {processor.py:840} INFO - DAG(s) 'example_short_circuit_decorator' retrieved from /home/airflow/.local/lib/python3.8/site-packages/airflow/example_dags/example_short_circuit_decorator.py
[2025-10-11T16:14:12.781+0000] {logging_mixin.py:188} INFO - [2025-10-11T16:14:12.781+0000] {dag.py:3036} INFO - Sync 1 DAGs
[2025-10-11T16:14:12.813+0000] {logging_mixin.py:188} INFO - [2025-10-11T16:14:12.813+0000] {dag.py:3823} INFO - Setting next_dagrun for example_short_circuit_decorator to 2025-10-10 00:00:00+00:00, run_after=2025-10-11 00:00:00+00:00
[2025-10-11T16:14:12.842+0000] {processor.py:183} INFO - Processing /home/airflow/.local/lib/python3.8/site-packages/airflow/example_dags/example_short_circuit_decorator.py took 0.145 seconds
[2025-10-11T16:14:43.989+0000] {processor.py:161} INFO - Started process (PID=12883) to work on /home/airflow/.local/lib/python3.8/site-packages/airflow/example_dags/example_short_circuit_decorator.py
[2025-10-11T16:14:43.991+0000] {processor.py:830} INFO - Processing file /home/airflow/.local/lib/python3.8/site-packages/airflow/example_dags/example_short_circuit_decorator.py for tasks to queue
[2025-10-11T16:14:43.994+0000] {logging_mixin.py:188} INFO - [2025-10-11T16:14:43.994+0000] {dagbag.py:538} INFO - Filling up the DagBag from /home/airflow/.local/lib/python3.8/site-packages/airflow/example_dags/example_short_circuit_decorator.py
[2025-10-11T16:14:44.010+0000] {processor.py:840} INFO - DAG(s) 'example_short_circuit_decorator' retrieved from /home/airflow/.local/lib/python3.8/site-packages/airflow/example_dags/example_short_circuit_decorator.py
[2025-10-11T16:14:44.057+0000] {logging_mixin.py:188} INFO - [2025-10-11T16:14:44.057+0000] {dag.py:3036} INFO - Sync 1 DAGs
[2025-10-11T16:14:44.090+0000] {logging_mixin.py:188} INFO - [2025-10-11T16:14:44.089+0000] {dag.py:3823} INFO - Setting next_dagrun for example_short_circuit_decorator to 2025-10-10 00:00:00+00:00, run_after=2025-10-11 00:00:00+00:00
[2025-10-11T16:14:44.140+0000] {processor.py:183} INFO - Processing /home/airflow/.local/lib/python3.8/site-packages/airflow/example_dags/example_short_circuit_decorator.py took 0.156 seconds
[2025-10-11T16:15:14.847+0000] {processor.py:161} INFO - Started process (PID=12953) to work on /home/airflow/.local/lib/python3.8/site-packages/airflow/example_dags/example_short_circuit_decorator.py
[2025-10-11T16:15:14.848+0000] {processor.py:830} INFO - Processing file /home/airflow/.local/lib/python3.8/site-packages/airflow/example_dags/example_short_circuit_decorator.py for tasks to queue
[2025-10-11T16:15:14.850+0000] {logging_mixin.py:188} INFO - [2025-10-11T16:15:14.850+0000] {dagbag.py:538} INFO - Filling up the DagBag from /home/airflow/.local/lib/python3.8/site-packages/airflow/example_dags/example_short_circuit_decorator.py
[2025-10-11T16:15:14.861+0000] {processor.py:840} INFO - DAG(s) 'example_short_circuit_decorator' retrieved from /home/airflow/.local/lib/python3.8/site-packages/airflow/example_dags/example_short_circuit_decorator.py
[2025-10-11T16:15:14.895+0000] {logging_mixin.py:188} INFO - [2025-10-11T16:15:14.895+0000] {dag.py:3036} INFO - Sync 1 DAGs
[2025-10-11T16:15:14.933+0000] {logging_mixin.py:188} INFO - [2025-10-11T16:15:14.932+0000] {dag.py:3823} INFO - Setting next_dagrun for example_short_circuit_decorator to 2025-10-10 00:00:00+00:00, run_after=2025-10-11 00:00:00+00:00
[2025-10-11T16:15:15.094+0000] {processor.py:183} INFO - Processing /home/airflow/.local/lib/python3.8/site-packages/airflow/example_dags/example_short_circuit_decorator.py took 0.251 seconds
