[2025-10-09T04:50:25.330+0000] {processor.py:161} INFO - Started process (PID=941) to work on /home/airflow/.local/lib/python3.8/site-packages/airflow/example_dags/tutorial_dag.py
[2025-10-09T04:50:25.331+0000] {processor.py:830} INFO - Processing file /home/airflow/.local/lib/python3.8/site-packages/airflow/example_dags/tutorial_dag.py for tasks to queue
[2025-10-09T04:50:25.333+0000] {logging_mixin.py:188} INFO - [2025-10-09T04:50:25.333+0000] {dagbag.py:538} INFO - Filling up the DagBag from /home/airflow/.local/lib/python3.8/site-packages/airflow/example_dags/tutorial_dag.py
[2025-10-09T04:50:25.352+0000] {processor.py:840} INFO - DAG(s) 'tutorial_dag' retrieved from /home/airflow/.local/lib/python3.8/site-packages/airflow/example_dags/tutorial_dag.py
[2025-10-09T04:50:25.400+0000] {logging_mixin.py:188} INFO - [2025-10-09T04:50:25.399+0000] {dag.py:3036} INFO - Sync 1 DAGs
[2025-10-09T04:50:25.423+0000] {logging_mixin.py:188} INFO - [2025-10-09T04:50:25.422+0000] {dag.py:3823} INFO - Setting next_dagrun for tutorial_dag to None, run_after=None
[2025-10-09T04:50:25.460+0000] {processor.py:183} INFO - Processing /home/airflow/.local/lib/python3.8/site-packages/airflow/example_dags/tutorial_dag.py took 0.145 seconds
[2025-10-09T04:50:56.253+0000] {processor.py:161} INFO - Started process (PID=1001) to work on /home/airflow/.local/lib/python3.8/site-packages/airflow/example_dags/tutorial_dag.py
[2025-10-09T04:50:56.254+0000] {processor.py:830} INFO - Processing file /home/airflow/.local/lib/python3.8/site-packages/airflow/example_dags/tutorial_dag.py for tasks to queue
[2025-10-09T04:50:56.255+0000] {logging_mixin.py:188} INFO - [2025-10-09T04:50:56.255+0000] {dagbag.py:538} INFO - Filling up the DagBag from /home/airflow/.local/lib/python3.8/site-packages/airflow/example_dags/tutorial_dag.py
[2025-10-09T04:50:56.261+0000] {processor.py:840} INFO - DAG(s) 'tutorial_dag' retrieved from /home/airflow/.local/lib/python3.8/site-packages/airflow/example_dags/tutorial_dag.py
[2025-10-09T04:50:56.288+0000] {logging_mixin.py:188} INFO - [2025-10-09T04:50:56.288+0000] {dag.py:3036} INFO - Sync 1 DAGs
[2025-10-09T04:50:56.301+0000] {logging_mixin.py:188} INFO - [2025-10-09T04:50:56.301+0000] {dag.py:3823} INFO - Setting next_dagrun for tutorial_dag to None, run_after=None
[2025-10-09T04:50:56.630+0000] {processor.py:183} INFO - Processing /home/airflow/.local/lib/python3.8/site-packages/airflow/example_dags/tutorial_dag.py took 0.380 seconds
[2025-10-09T04:51:27.245+0000] {processor.py:161} INFO - Started process (PID=1062) to work on /home/airflow/.local/lib/python3.8/site-packages/airflow/example_dags/tutorial_dag.py
[2025-10-09T04:51:27.247+0000] {processor.py:830} INFO - Processing file /home/airflow/.local/lib/python3.8/site-packages/airflow/example_dags/tutorial_dag.py for tasks to queue
[2025-10-09T04:51:27.248+0000] {logging_mixin.py:188} INFO - [2025-10-09T04:51:27.248+0000] {dagbag.py:538} INFO - Filling up the DagBag from /home/airflow/.local/lib/python3.8/site-packages/airflow/example_dags/tutorial_dag.py
[2025-10-09T04:51:27.254+0000] {processor.py:840} INFO - DAG(s) 'tutorial_dag' retrieved from /home/airflow/.local/lib/python3.8/site-packages/airflow/example_dags/tutorial_dag.py
[2025-10-09T04:51:27.283+0000] {logging_mixin.py:188} INFO - [2025-10-09T04:51:27.283+0000] {dag.py:3036} INFO - Sync 1 DAGs
[2025-10-09T04:51:27.297+0000] {logging_mixin.py:188} INFO - [2025-10-09T04:51:27.296+0000] {dag.py:3823} INFO - Setting next_dagrun for tutorial_dag to None, run_after=None
[2025-10-09T04:51:27.317+0000] {processor.py:183} INFO - Processing /home/airflow/.local/lib/python3.8/site-packages/airflow/example_dags/tutorial_dag.py took 0.076 seconds
[2025-10-09T04:51:57.676+0000] {processor.py:161} INFO - Started process (PID=1122) to work on /home/airflow/.local/lib/python3.8/site-packages/airflow/example_dags/tutorial_dag.py
[2025-10-09T04:51:57.677+0000] {processor.py:830} INFO - Processing file /home/airflow/.local/lib/python3.8/site-packages/airflow/example_dags/tutorial_dag.py for tasks to queue
[2025-10-09T04:51:57.679+0000] {logging_mixin.py:188} INFO - [2025-10-09T04:51:57.678+0000] {dagbag.py:538} INFO - Filling up the DagBag from /home/airflow/.local/lib/python3.8/site-packages/airflow/example_dags/tutorial_dag.py
[2025-10-09T04:51:57.685+0000] {processor.py:840} INFO - DAG(s) 'tutorial_dag' retrieved from /home/airflow/.local/lib/python3.8/site-packages/airflow/example_dags/tutorial_dag.py
[2025-10-09T04:51:57.717+0000] {logging_mixin.py:188} INFO - [2025-10-09T04:51:57.717+0000] {dag.py:3036} INFO - Sync 1 DAGs
[2025-10-09T04:51:57.733+0000] {logging_mixin.py:188} INFO - [2025-10-09T04:51:57.732+0000] {dag.py:3823} INFO - Setting next_dagrun for tutorial_dag to None, run_after=None
[2025-10-09T04:51:57.756+0000] {processor.py:183} INFO - Processing /home/airflow/.local/lib/python3.8/site-packages/airflow/example_dags/tutorial_dag.py took 0.084 seconds
[2025-10-09T04:52:28.580+0000] {processor.py:161} INFO - Started process (PID=1182) to work on /home/airflow/.local/lib/python3.8/site-packages/airflow/example_dags/tutorial_dag.py
[2025-10-09T04:52:28.582+0000] {processor.py:830} INFO - Processing file /home/airflow/.local/lib/python3.8/site-packages/airflow/example_dags/tutorial_dag.py for tasks to queue
[2025-10-09T04:52:28.583+0000] {logging_mixin.py:188} INFO - [2025-10-09T04:52:28.582+0000] {dagbag.py:538} INFO - Filling up the DagBag from /home/airflow/.local/lib/python3.8/site-packages/airflow/example_dags/tutorial_dag.py
[2025-10-09T04:52:28.590+0000] {processor.py:840} INFO - DAG(s) 'tutorial_dag' retrieved from /home/airflow/.local/lib/python3.8/site-packages/airflow/example_dags/tutorial_dag.py
[2025-10-09T04:52:28.622+0000] {logging_mixin.py:188} INFO - [2025-10-09T04:52:28.622+0000] {dag.py:3036} INFO - Sync 1 DAGs
[2025-10-09T04:52:28.655+0000] {logging_mixin.py:188} INFO - [2025-10-09T04:52:28.654+0000] {dag.py:3823} INFO - Setting next_dagrun for tutorial_dag to None, run_after=None
[2025-10-09T04:52:28.706+0000] {processor.py:183} INFO - Processing /home/airflow/.local/lib/python3.8/site-packages/airflow/example_dags/tutorial_dag.py took 0.130 seconds
[2025-10-09T04:52:59.515+0000] {processor.py:161} INFO - Started process (PID=1242) to work on /home/airflow/.local/lib/python3.8/site-packages/airflow/example_dags/tutorial_dag.py
[2025-10-09T04:52:59.517+0000] {processor.py:830} INFO - Processing file /home/airflow/.local/lib/python3.8/site-packages/airflow/example_dags/tutorial_dag.py for tasks to queue
[2025-10-09T04:52:59.519+0000] {logging_mixin.py:188} INFO - [2025-10-09T04:52:59.518+0000] {dagbag.py:538} INFO - Filling up the DagBag from /home/airflow/.local/lib/python3.8/site-packages/airflow/example_dags/tutorial_dag.py
[2025-10-09T04:52:59.526+0000] {processor.py:840} INFO - DAG(s) 'tutorial_dag' retrieved from /home/airflow/.local/lib/python3.8/site-packages/airflow/example_dags/tutorial_dag.py
[2025-10-09T04:52:59.564+0000] {logging_mixin.py:188} INFO - [2025-10-09T04:52:59.563+0000] {dag.py:3036} INFO - Sync 1 DAGs
[2025-10-09T04:52:59.585+0000] {logging_mixin.py:188} INFO - [2025-10-09T04:52:59.584+0000] {dag.py:3823} INFO - Setting next_dagrun for tutorial_dag to None, run_after=None
[2025-10-09T04:52:59.613+0000] {processor.py:183} INFO - Processing /home/airflow/.local/lib/python3.8/site-packages/airflow/example_dags/tutorial_dag.py took 0.103 seconds
[2025-10-09T04:53:30.433+0000] {processor.py:161} INFO - Started process (PID=1303) to work on /home/airflow/.local/lib/python3.8/site-packages/airflow/example_dags/tutorial_dag.py
[2025-10-09T04:53:30.436+0000] {processor.py:830} INFO - Processing file /home/airflow/.local/lib/python3.8/site-packages/airflow/example_dags/tutorial_dag.py for tasks to queue
[2025-10-09T04:53:30.438+0000] {logging_mixin.py:188} INFO - [2025-10-09T04:53:30.437+0000] {dagbag.py:538} INFO - Filling up the DagBag from /home/airflow/.local/lib/python3.8/site-packages/airflow/example_dags/tutorial_dag.py
[2025-10-09T04:53:30.458+0000] {processor.py:840} INFO - DAG(s) 'tutorial_dag' retrieved from /home/airflow/.local/lib/python3.8/site-packages/airflow/example_dags/tutorial_dag.py
[2025-10-09T04:53:30.530+0000] {logging_mixin.py:188} INFO - [2025-10-09T04:53:30.529+0000] {dag.py:3036} INFO - Sync 1 DAGs
[2025-10-09T04:53:30.646+0000] {logging_mixin.py:188} INFO - [2025-10-09T04:53:30.646+0000] {dag.py:3823} INFO - Setting next_dagrun for tutorial_dag to None, run_after=None
[2025-10-09T04:53:30.713+0000] {processor.py:183} INFO - Processing /home/airflow/.local/lib/python3.8/site-packages/airflow/example_dags/tutorial_dag.py took 0.286 seconds
[2025-10-09T04:54:00.772+0000] {processor.py:161} INFO - Started process (PID=1363) to work on /home/airflow/.local/lib/python3.8/site-packages/airflow/example_dags/tutorial_dag.py
[2025-10-09T04:54:00.774+0000] {processor.py:830} INFO - Processing file /home/airflow/.local/lib/python3.8/site-packages/airflow/example_dags/tutorial_dag.py for tasks to queue
[2025-10-09T04:54:00.776+0000] {logging_mixin.py:188} INFO - [2025-10-09T04:54:00.776+0000] {dagbag.py:538} INFO - Filling up the DagBag from /home/airflow/.local/lib/python3.8/site-packages/airflow/example_dags/tutorial_dag.py
[2025-10-09T04:54:00.785+0000] {processor.py:840} INFO - DAG(s) 'tutorial_dag' retrieved from /home/airflow/.local/lib/python3.8/site-packages/airflow/example_dags/tutorial_dag.py
[2025-10-09T04:54:00.828+0000] {logging_mixin.py:188} INFO - [2025-10-09T04:54:00.827+0000] {dag.py:3036} INFO - Sync 1 DAGs
[2025-10-09T04:54:00.853+0000] {logging_mixin.py:188} INFO - [2025-10-09T04:54:00.853+0000] {dag.py:3823} INFO - Setting next_dagrun for tutorial_dag to None, run_after=None
[2025-10-09T04:54:00.909+0000] {processor.py:183} INFO - Processing /home/airflow/.local/lib/python3.8/site-packages/airflow/example_dags/tutorial_dag.py took 0.141 seconds
[2025-10-09T04:56:20.252+0000] {processor.py:161} INFO - Started process (PID=85) to work on /home/airflow/.local/lib/python3.8/site-packages/airflow/example_dags/tutorial_dag.py
[2025-10-09T04:56:20.253+0000] {processor.py:830} INFO - Processing file /home/airflow/.local/lib/python3.8/site-packages/airflow/example_dags/tutorial_dag.py for tasks to queue
[2025-10-09T04:56:20.256+0000] {logging_mixin.py:188} INFO - [2025-10-09T04:56:20.256+0000] {dagbag.py:538} INFO - Filling up the DagBag from /home/airflow/.local/lib/python3.8/site-packages/airflow/example_dags/tutorial_dag.py
[2025-10-09T04:56:20.263+0000] {processor.py:840} INFO - DAG(s) 'tutorial_dag' retrieved from /home/airflow/.local/lib/python3.8/site-packages/airflow/example_dags/tutorial_dag.py
[2025-10-09T04:56:20.402+0000] {logging_mixin.py:188} INFO - [2025-10-09T04:56:20.402+0000] {dag.py:3036} INFO - Sync 1 DAGs
[2025-10-09T04:56:20.416+0000] {logging_mixin.py:188} INFO - [2025-10-09T04:56:20.416+0000] {dag.py:3823} INFO - Setting next_dagrun for tutorial_dag to None, run_after=None
[2025-10-09T04:56:20.453+0000] {processor.py:183} INFO - Processing /home/airflow/.local/lib/python3.8/site-packages/airflow/example_dags/tutorial_dag.py took 0.206 seconds
[2025-10-09T04:56:50.628+0000] {processor.py:161} INFO - Started process (PID=146) to work on /home/airflow/.local/lib/python3.8/site-packages/airflow/example_dags/tutorial_dag.py
[2025-10-09T04:56:50.630+0000] {processor.py:830} INFO - Processing file /home/airflow/.local/lib/python3.8/site-packages/airflow/example_dags/tutorial_dag.py for tasks to queue
[2025-10-09T04:56:50.632+0000] {logging_mixin.py:188} INFO - [2025-10-09T04:56:50.632+0000] {dagbag.py:538} INFO - Filling up the DagBag from /home/airflow/.local/lib/python3.8/site-packages/airflow/example_dags/tutorial_dag.py
[2025-10-09T04:56:50.639+0000] {processor.py:840} INFO - DAG(s) 'tutorial_dag' retrieved from /home/airflow/.local/lib/python3.8/site-packages/airflow/example_dags/tutorial_dag.py
[2025-10-09T04:56:50.675+0000] {logging_mixin.py:188} INFO - [2025-10-09T04:56:50.674+0000] {dag.py:3036} INFO - Sync 1 DAGs
[2025-10-09T04:56:50.695+0000] {logging_mixin.py:188} INFO - [2025-10-09T04:56:50.695+0000] {dag.py:3823} INFO - Setting next_dagrun for tutorial_dag to None, run_after=None
[2025-10-09T04:56:50.726+0000] {processor.py:183} INFO - Processing /home/airflow/.local/lib/python3.8/site-packages/airflow/example_dags/tutorial_dag.py took 0.103 seconds
[2025-10-09T04:57:20.865+0000] {processor.py:161} INFO - Started process (PID=206) to work on /home/airflow/.local/lib/python3.8/site-packages/airflow/example_dags/tutorial_dag.py
[2025-10-09T04:57:20.866+0000] {processor.py:830} INFO - Processing file /home/airflow/.local/lib/python3.8/site-packages/airflow/example_dags/tutorial_dag.py for tasks to queue
[2025-10-09T04:57:20.868+0000] {logging_mixin.py:188} INFO - [2025-10-09T04:57:20.868+0000] {dagbag.py:538} INFO - Filling up the DagBag from /home/airflow/.local/lib/python3.8/site-packages/airflow/example_dags/tutorial_dag.py
[2025-10-09T04:57:20.874+0000] {processor.py:840} INFO - DAG(s) 'tutorial_dag' retrieved from /home/airflow/.local/lib/python3.8/site-packages/airflow/example_dags/tutorial_dag.py
[2025-10-09T04:57:20.900+0000] {logging_mixin.py:188} INFO - [2025-10-09T04:57:20.900+0000] {dag.py:3036} INFO - Sync 1 DAGs
[2025-10-09T04:57:20.914+0000] {logging_mixin.py:188} INFO - [2025-10-09T04:57:20.913+0000] {dag.py:3823} INFO - Setting next_dagrun for tutorial_dag to None, run_after=None
[2025-10-09T04:57:20.936+0000] {processor.py:183} INFO - Processing /home/airflow/.local/lib/python3.8/site-packages/airflow/example_dags/tutorial_dag.py took 0.075 seconds
[2025-10-09T04:57:51.558+0000] {processor.py:161} INFO - Started process (PID=265) to work on /home/airflow/.local/lib/python3.8/site-packages/airflow/example_dags/tutorial_dag.py
[2025-10-09T04:57:51.562+0000] {processor.py:830} INFO - Processing file /home/airflow/.local/lib/python3.8/site-packages/airflow/example_dags/tutorial_dag.py for tasks to queue
[2025-10-09T04:57:51.565+0000] {logging_mixin.py:188} INFO - [2025-10-09T04:57:51.565+0000] {dagbag.py:538} INFO - Filling up the DagBag from /home/airflow/.local/lib/python3.8/site-packages/airflow/example_dags/tutorial_dag.py
[2025-10-09T04:57:51.584+0000] {processor.py:840} INFO - DAG(s) 'tutorial_dag' retrieved from /home/airflow/.local/lib/python3.8/site-packages/airflow/example_dags/tutorial_dag.py
[2025-10-09T04:57:51.679+0000] {logging_mixin.py:188} INFO - [2025-10-09T04:57:51.678+0000] {dag.py:3036} INFO - Sync 1 DAGs
[2025-10-09T04:57:51.735+0000] {logging_mixin.py:188} INFO - [2025-10-09T04:57:51.735+0000] {dag.py:3823} INFO - Setting next_dagrun for tutorial_dag to None, run_after=None
[2025-10-09T04:57:51.830+0000] {processor.py:183} INFO - Processing /home/airflow/.local/lib/python3.8/site-packages/airflow/example_dags/tutorial_dag.py took 0.287 seconds
[2025-10-09T04:58:21.879+0000] {processor.py:161} INFO - Started process (PID=325) to work on /home/airflow/.local/lib/python3.8/site-packages/airflow/example_dags/tutorial_dag.py
[2025-10-09T04:58:21.880+0000] {processor.py:830} INFO - Processing file /home/airflow/.local/lib/python3.8/site-packages/airflow/example_dags/tutorial_dag.py for tasks to queue
[2025-10-09T04:58:21.883+0000] {logging_mixin.py:188} INFO - [2025-10-09T04:58:21.883+0000] {dagbag.py:538} INFO - Filling up the DagBag from /home/airflow/.local/lib/python3.8/site-packages/airflow/example_dags/tutorial_dag.py
[2025-10-09T04:58:21.889+0000] {processor.py:840} INFO - DAG(s) 'tutorial_dag' retrieved from /home/airflow/.local/lib/python3.8/site-packages/airflow/example_dags/tutorial_dag.py
[2025-10-09T04:58:21.917+0000] {logging_mixin.py:188} INFO - [2025-10-09T04:58:21.917+0000] {dag.py:3036} INFO - Sync 1 DAGs
[2025-10-09T04:58:21.932+0000] {logging_mixin.py:188} INFO - [2025-10-09T04:58:21.932+0000] {dag.py:3823} INFO - Setting next_dagrun for tutorial_dag to None, run_after=None
[2025-10-09T04:58:21.956+0000] {processor.py:183} INFO - Processing /home/airflow/.local/lib/python3.8/site-packages/airflow/example_dags/tutorial_dag.py took 0.081 seconds
[2025-10-09T04:58:52.483+0000] {processor.py:161} INFO - Started process (PID=386) to work on /home/airflow/.local/lib/python3.8/site-packages/airflow/example_dags/tutorial_dag.py
[2025-10-09T04:58:52.484+0000] {processor.py:830} INFO - Processing file /home/airflow/.local/lib/python3.8/site-packages/airflow/example_dags/tutorial_dag.py for tasks to queue
[2025-10-09T04:58:52.486+0000] {logging_mixin.py:188} INFO - [2025-10-09T04:58:52.486+0000] {dagbag.py:538} INFO - Filling up the DagBag from /home/airflow/.local/lib/python3.8/site-packages/airflow/example_dags/tutorial_dag.py
[2025-10-09T04:58:52.494+0000] {processor.py:840} INFO - DAG(s) 'tutorial_dag' retrieved from /home/airflow/.local/lib/python3.8/site-packages/airflow/example_dags/tutorial_dag.py
[2025-10-09T04:58:52.524+0000] {logging_mixin.py:188} INFO - [2025-10-09T04:58:52.524+0000] {dag.py:3036} INFO - Sync 1 DAGs
[2025-10-09T04:58:52.539+0000] {logging_mixin.py:188} INFO - [2025-10-09T04:58:52.539+0000] {dag.py:3823} INFO - Setting next_dagrun for tutorial_dag to None, run_after=None
[2025-10-09T04:58:52.561+0000] {processor.py:183} INFO - Processing /home/airflow/.local/lib/python3.8/site-packages/airflow/example_dags/tutorial_dag.py took 0.082 seconds
[2025-10-09T04:59:22.812+0000] {processor.py:161} INFO - Started process (PID=446) to work on /home/airflow/.local/lib/python3.8/site-packages/airflow/example_dags/tutorial_dag.py
[2025-10-09T04:59:22.813+0000] {processor.py:830} INFO - Processing file /home/airflow/.local/lib/python3.8/site-packages/airflow/example_dags/tutorial_dag.py for tasks to queue
[2025-10-09T04:59:22.816+0000] {logging_mixin.py:188} INFO - [2025-10-09T04:59:22.815+0000] {dagbag.py:538} INFO - Filling up the DagBag from /home/airflow/.local/lib/python3.8/site-packages/airflow/example_dags/tutorial_dag.py
[2025-10-09T04:59:22.823+0000] {processor.py:840} INFO - DAG(s) 'tutorial_dag' retrieved from /home/airflow/.local/lib/python3.8/site-packages/airflow/example_dags/tutorial_dag.py
[2025-10-09T04:59:22.853+0000] {logging_mixin.py:188} INFO - [2025-10-09T04:59:22.852+0000] {dag.py:3036} INFO - Sync 1 DAGs
[2025-10-09T04:59:22.873+0000] {logging_mixin.py:188} INFO - [2025-10-09T04:59:22.873+0000] {dag.py:3823} INFO - Setting next_dagrun for tutorial_dag to None, run_after=None
[2025-10-09T04:59:22.903+0000] {processor.py:183} INFO - Processing /home/airflow/.local/lib/python3.8/site-packages/airflow/example_dags/tutorial_dag.py took 0.094 seconds
[2025-10-09T04:59:53.667+0000] {processor.py:161} INFO - Started process (PID=506) to work on /home/airflow/.local/lib/python3.8/site-packages/airflow/example_dags/tutorial_dag.py
[2025-10-09T04:59:53.668+0000] {processor.py:830} INFO - Processing file /home/airflow/.local/lib/python3.8/site-packages/airflow/example_dags/tutorial_dag.py for tasks to queue
[2025-10-09T04:59:53.671+0000] {logging_mixin.py:188} INFO - [2025-10-09T04:59:53.670+0000] {dagbag.py:538} INFO - Filling up the DagBag from /home/airflow/.local/lib/python3.8/site-packages/airflow/example_dags/tutorial_dag.py
[2025-10-09T04:59:53.676+0000] {processor.py:840} INFO - DAG(s) 'tutorial_dag' retrieved from /home/airflow/.local/lib/python3.8/site-packages/airflow/example_dags/tutorial_dag.py
[2025-10-09T04:59:53.701+0000] {logging_mixin.py:188} INFO - [2025-10-09T04:59:53.701+0000] {dag.py:3036} INFO - Sync 1 DAGs
[2025-10-09T04:59:53.715+0000] {logging_mixin.py:188} INFO - [2025-10-09T04:59:53.715+0000] {dag.py:3823} INFO - Setting next_dagrun for tutorial_dag to None, run_after=None
[2025-10-09T04:59:53.738+0000] {processor.py:183} INFO - Processing /home/airflow/.local/lib/python3.8/site-packages/airflow/example_dags/tutorial_dag.py took 0.074 seconds
[2025-10-09T05:00:24.329+0000] {processor.py:161} INFO - Started process (PID=566) to work on /home/airflow/.local/lib/python3.8/site-packages/airflow/example_dags/tutorial_dag.py
[2025-10-09T05:00:24.330+0000] {processor.py:830} INFO - Processing file /home/airflow/.local/lib/python3.8/site-packages/airflow/example_dags/tutorial_dag.py for tasks to queue
[2025-10-09T05:00:24.332+0000] {logging_mixin.py:188} INFO - [2025-10-09T05:00:24.332+0000] {dagbag.py:538} INFO - Filling up the DagBag from /home/airflow/.local/lib/python3.8/site-packages/airflow/example_dags/tutorial_dag.py
[2025-10-09T05:00:24.338+0000] {processor.py:840} INFO - DAG(s) 'tutorial_dag' retrieved from /home/airflow/.local/lib/python3.8/site-packages/airflow/example_dags/tutorial_dag.py
[2025-10-09T05:00:24.365+0000] {logging_mixin.py:188} INFO - [2025-10-09T05:00:24.365+0000] {dag.py:3036} INFO - Sync 1 DAGs
[2025-10-09T05:00:24.380+0000] {logging_mixin.py:188} INFO - [2025-10-09T05:00:24.380+0000] {dag.py:3823} INFO - Setting next_dagrun for tutorial_dag to None, run_after=None
[2025-10-09T05:00:24.403+0000] {processor.py:183} INFO - Processing /home/airflow/.local/lib/python3.8/site-packages/airflow/example_dags/tutorial_dag.py took 0.077 seconds
[2025-10-09T05:00:56.251+0000] {processor.py:161} INFO - Started process (PID=626) to work on /home/airflow/.local/lib/python3.8/site-packages/airflow/example_dags/tutorial_dag.py
[2025-10-09T05:00:56.252+0000] {processor.py:830} INFO - Processing file /home/airflow/.local/lib/python3.8/site-packages/airflow/example_dags/tutorial_dag.py for tasks to queue
[2025-10-09T05:00:56.255+0000] {logging_mixin.py:188} INFO - [2025-10-09T05:00:56.255+0000] {dagbag.py:538} INFO - Filling up the DagBag from /home/airflow/.local/lib/python3.8/site-packages/airflow/example_dags/tutorial_dag.py
[2025-10-09T05:00:56.263+0000] {processor.py:840} INFO - DAG(s) 'tutorial_dag' retrieved from /home/airflow/.local/lib/python3.8/site-packages/airflow/example_dags/tutorial_dag.py
[2025-10-09T05:00:56.294+0000] {logging_mixin.py:188} INFO - [2025-10-09T05:00:56.293+0000] {dag.py:3036} INFO - Sync 1 DAGs
[2025-10-09T05:00:56.310+0000] {logging_mixin.py:188} INFO - [2025-10-09T05:00:56.310+0000] {dag.py:3823} INFO - Setting next_dagrun for tutorial_dag to None, run_after=None
[2025-10-09T05:00:56.334+0000] {processor.py:183} INFO - Processing /home/airflow/.local/lib/python3.8/site-packages/airflow/example_dags/tutorial_dag.py took 0.087 seconds
[2025-10-09T05:01:27.397+0000] {processor.py:161} INFO - Started process (PID=686) to work on /home/airflow/.local/lib/python3.8/site-packages/airflow/example_dags/tutorial_dag.py
[2025-10-09T05:01:27.398+0000] {processor.py:830} INFO - Processing file /home/airflow/.local/lib/python3.8/site-packages/airflow/example_dags/tutorial_dag.py for tasks to queue
[2025-10-09T05:01:27.401+0000] {logging_mixin.py:188} INFO - [2025-10-09T05:01:27.401+0000] {dagbag.py:538} INFO - Filling up the DagBag from /home/airflow/.local/lib/python3.8/site-packages/airflow/example_dags/tutorial_dag.py
[2025-10-09T05:01:27.407+0000] {processor.py:840} INFO - DAG(s) 'tutorial_dag' retrieved from /home/airflow/.local/lib/python3.8/site-packages/airflow/example_dags/tutorial_dag.py
[2025-10-09T05:01:27.432+0000] {logging_mixin.py:188} INFO - [2025-10-09T05:01:27.432+0000] {dag.py:3036} INFO - Sync 1 DAGs
[2025-10-09T05:01:27.445+0000] {logging_mixin.py:188} INFO - [2025-10-09T05:01:27.445+0000] {dag.py:3823} INFO - Setting next_dagrun for tutorial_dag to None, run_after=None
[2025-10-09T05:01:27.466+0000] {processor.py:183} INFO - Processing /home/airflow/.local/lib/python3.8/site-packages/airflow/example_dags/tutorial_dag.py took 0.073 seconds
[2025-10-09T05:01:59.195+0000] {processor.py:161} INFO - Started process (PID=746) to work on /home/airflow/.local/lib/python3.8/site-packages/airflow/example_dags/tutorial_dag.py
[2025-10-09T05:01:59.197+0000] {processor.py:830} INFO - Processing file /home/airflow/.local/lib/python3.8/site-packages/airflow/example_dags/tutorial_dag.py for tasks to queue
[2025-10-09T05:01:59.200+0000] {logging_mixin.py:188} INFO - [2025-10-09T05:01:59.199+0000] {dagbag.py:538} INFO - Filling up the DagBag from /home/airflow/.local/lib/python3.8/site-packages/airflow/example_dags/tutorial_dag.py
[2025-10-09T05:01:59.212+0000] {processor.py:840} INFO - DAG(s) 'tutorial_dag' retrieved from /home/airflow/.local/lib/python3.8/site-packages/airflow/example_dags/tutorial_dag.py
[2025-10-09T05:01:59.248+0000] {logging_mixin.py:188} INFO - [2025-10-09T05:01:59.247+0000] {dag.py:3036} INFO - Sync 1 DAGs
[2025-10-09T05:01:59.267+0000] {logging_mixin.py:188} INFO - [2025-10-09T05:01:59.266+0000] {dag.py:3823} INFO - Setting next_dagrun for tutorial_dag to None, run_after=None
[2025-10-09T05:01:59.290+0000] {processor.py:183} INFO - Processing /home/airflow/.local/lib/python3.8/site-packages/airflow/example_dags/tutorial_dag.py took 0.100 seconds
[2025-10-09T05:02:30.532+0000] {processor.py:161} INFO - Started process (PID=806) to work on /home/airflow/.local/lib/python3.8/site-packages/airflow/example_dags/tutorial_dag.py
[2025-10-09T05:02:30.534+0000] {processor.py:830} INFO - Processing file /home/airflow/.local/lib/python3.8/site-packages/airflow/example_dags/tutorial_dag.py for tasks to queue
[2025-10-09T05:02:30.536+0000] {logging_mixin.py:188} INFO - [2025-10-09T05:02:30.536+0000] {dagbag.py:538} INFO - Filling up the DagBag from /home/airflow/.local/lib/python3.8/site-packages/airflow/example_dags/tutorial_dag.py
[2025-10-09T05:02:30.543+0000] {processor.py:840} INFO - DAG(s) 'tutorial_dag' retrieved from /home/airflow/.local/lib/python3.8/site-packages/airflow/example_dags/tutorial_dag.py
[2025-10-09T05:02:30.577+0000] {logging_mixin.py:188} INFO - [2025-10-09T05:02:30.576+0000] {dag.py:3036} INFO - Sync 1 DAGs
[2025-10-09T05:02:30.607+0000] {logging_mixin.py:188} INFO - [2025-10-09T05:02:30.607+0000] {dag.py:3823} INFO - Setting next_dagrun for tutorial_dag to None, run_after=None
[2025-10-09T05:02:30.640+0000] {processor.py:183} INFO - Processing /home/airflow/.local/lib/python3.8/site-packages/airflow/example_dags/tutorial_dag.py took 0.112 seconds
[2025-10-09T05:03:02.049+0000] {processor.py:161} INFO - Started process (PID=866) to work on /home/airflow/.local/lib/python3.8/site-packages/airflow/example_dags/tutorial_dag.py
[2025-10-09T05:03:02.051+0000] {processor.py:830} INFO - Processing file /home/airflow/.local/lib/python3.8/site-packages/airflow/example_dags/tutorial_dag.py for tasks to queue
[2025-10-09T05:03:02.055+0000] {logging_mixin.py:188} INFO - [2025-10-09T05:03:02.054+0000] {dagbag.py:538} INFO - Filling up the DagBag from /home/airflow/.local/lib/python3.8/site-packages/airflow/example_dags/tutorial_dag.py
[2025-10-09T05:03:02.066+0000] {processor.py:840} INFO - DAG(s) 'tutorial_dag' retrieved from /home/airflow/.local/lib/python3.8/site-packages/airflow/example_dags/tutorial_dag.py
[2025-10-09T05:03:02.097+0000] {logging_mixin.py:188} INFO - [2025-10-09T05:03:02.096+0000] {dag.py:3036} INFO - Sync 1 DAGs
[2025-10-09T05:03:02.112+0000] {logging_mixin.py:188} INFO - [2025-10-09T05:03:02.112+0000] {dag.py:3823} INFO - Setting next_dagrun for tutorial_dag to None, run_after=None
[2025-10-09T05:03:02.134+0000] {processor.py:183} INFO - Processing /home/airflow/.local/lib/python3.8/site-packages/airflow/example_dags/tutorial_dag.py took 0.091 seconds
[2025-10-09T05:03:33.750+0000] {processor.py:161} INFO - Started process (PID=925) to work on /home/airflow/.local/lib/python3.8/site-packages/airflow/example_dags/tutorial_dag.py
[2025-10-09T05:03:33.751+0000] {processor.py:830} INFO - Processing file /home/airflow/.local/lib/python3.8/site-packages/airflow/example_dags/tutorial_dag.py for tasks to queue
[2025-10-09T05:03:33.753+0000] {logging_mixin.py:188} INFO - [2025-10-09T05:03:33.753+0000] {dagbag.py:538} INFO - Filling up the DagBag from /home/airflow/.local/lib/python3.8/site-packages/airflow/example_dags/tutorial_dag.py
[2025-10-09T05:03:33.759+0000] {processor.py:840} INFO - DAG(s) 'tutorial_dag' retrieved from /home/airflow/.local/lib/python3.8/site-packages/airflow/example_dags/tutorial_dag.py
[2025-10-09T05:03:33.785+0000] {logging_mixin.py:188} INFO - [2025-10-09T05:03:33.784+0000] {dag.py:3036} INFO - Sync 1 DAGs
[2025-10-09T05:03:33.799+0000] {logging_mixin.py:188} INFO - [2025-10-09T05:03:33.799+0000] {dag.py:3823} INFO - Setting next_dagrun for tutorial_dag to None, run_after=None
[2025-10-09T05:03:33.821+0000] {processor.py:183} INFO - Processing /home/airflow/.local/lib/python3.8/site-packages/airflow/example_dags/tutorial_dag.py took 0.075 seconds
[2025-10-09T05:04:05.678+0000] {processor.py:161} INFO - Started process (PID=985) to work on /home/airflow/.local/lib/python3.8/site-packages/airflow/example_dags/tutorial_dag.py
[2025-10-09T05:04:05.680+0000] {processor.py:830} INFO - Processing file /home/airflow/.local/lib/python3.8/site-packages/airflow/example_dags/tutorial_dag.py for tasks to queue
[2025-10-09T05:04:05.682+0000] {logging_mixin.py:188} INFO - [2025-10-09T05:04:05.682+0000] {dagbag.py:538} INFO - Filling up the DagBag from /home/airflow/.local/lib/python3.8/site-packages/airflow/example_dags/tutorial_dag.py
[2025-10-09T05:04:05.690+0000] {processor.py:840} INFO - DAG(s) 'tutorial_dag' retrieved from /home/airflow/.local/lib/python3.8/site-packages/airflow/example_dags/tutorial_dag.py
[2025-10-09T05:04:05.721+0000] {logging_mixin.py:188} INFO - [2025-10-09T05:04:05.721+0000] {dag.py:3036} INFO - Sync 1 DAGs
[2025-10-09T05:04:05.737+0000] {logging_mixin.py:188} INFO - [2025-10-09T05:04:05.736+0000] {dag.py:3823} INFO - Setting next_dagrun for tutorial_dag to None, run_after=None
[2025-10-09T05:04:05.763+0000] {processor.py:183} INFO - Processing /home/airflow/.local/lib/python3.8/site-packages/airflow/example_dags/tutorial_dag.py took 0.088 seconds
[2025-10-09T05:04:36.389+0000] {processor.py:161} INFO - Started process (PID=1044) to work on /home/airflow/.local/lib/python3.8/site-packages/airflow/example_dags/tutorial_dag.py
[2025-10-09T05:04:36.391+0000] {processor.py:830} INFO - Processing file /home/airflow/.local/lib/python3.8/site-packages/airflow/example_dags/tutorial_dag.py for tasks to queue
[2025-10-09T05:04:36.393+0000] {logging_mixin.py:188} INFO - [2025-10-09T05:04:36.393+0000] {dagbag.py:538} INFO - Filling up the DagBag from /home/airflow/.local/lib/python3.8/site-packages/airflow/example_dags/tutorial_dag.py
[2025-10-09T05:04:36.399+0000] {processor.py:840} INFO - DAG(s) 'tutorial_dag' retrieved from /home/airflow/.local/lib/python3.8/site-packages/airflow/example_dags/tutorial_dag.py
[2025-10-09T05:04:36.430+0000] {logging_mixin.py:188} INFO - [2025-10-09T05:04:36.429+0000] {dag.py:3036} INFO - Sync 1 DAGs
[2025-10-09T05:04:36.444+0000] {logging_mixin.py:188} INFO - [2025-10-09T05:04:36.444+0000] {dag.py:3823} INFO - Setting next_dagrun for tutorial_dag to None, run_after=None
[2025-10-09T05:04:36.467+0000] {processor.py:183} INFO - Processing /home/airflow/.local/lib/python3.8/site-packages/airflow/example_dags/tutorial_dag.py took 0.082 seconds
[2025-10-09T05:06:19.836+0000] {processor.py:161} INFO - Started process (PID=78) to work on /home/airflow/.local/lib/python3.8/site-packages/airflow/example_dags/tutorial_dag.py
[2025-10-09T05:06:19.861+0000] {processor.py:830} INFO - Processing file /home/airflow/.local/lib/python3.8/site-packages/airflow/example_dags/tutorial_dag.py for tasks to queue
[2025-10-09T05:06:19.866+0000] {logging_mixin.py:188} INFO - [2025-10-09T05:06:19.865+0000] {dagbag.py:538} INFO - Filling up the DagBag from /home/airflow/.local/lib/python3.8/site-packages/airflow/example_dags/tutorial_dag.py
[2025-10-09T05:06:19.885+0000] {processor.py:840} INFO - DAG(s) 'tutorial_dag' retrieved from /home/airflow/.local/lib/python3.8/site-packages/airflow/example_dags/tutorial_dag.py
[2025-10-09T05:06:19.919+0000] {logging_mixin.py:188} INFO - [2025-10-09T05:06:19.919+0000] {dag.py:3036} INFO - Sync 1 DAGs
[2025-10-09T05:06:19.941+0000] {logging_mixin.py:188} INFO - [2025-10-09T05:06:19.941+0000] {dag.py:3823} INFO - Setting next_dagrun for tutorial_dag to None, run_after=None
[2025-10-09T05:06:19.968+0000] {processor.py:183} INFO - Processing /home/airflow/.local/lib/python3.8/site-packages/airflow/example_dags/tutorial_dag.py took 0.149 seconds
[2025-10-09T05:06:52.827+0000] {processor.py:161} INFO - Started process (PID=137) to work on /home/airflow/.local/lib/python3.8/site-packages/airflow/example_dags/tutorial_dag.py
[2025-10-09T05:06:52.828+0000] {processor.py:830} INFO - Processing file /home/airflow/.local/lib/python3.8/site-packages/airflow/example_dags/tutorial_dag.py for tasks to queue
[2025-10-09T05:06:52.831+0000] {logging_mixin.py:188} INFO - [2025-10-09T05:06:52.830+0000] {dagbag.py:538} INFO - Filling up the DagBag from /home/airflow/.local/lib/python3.8/site-packages/airflow/example_dags/tutorial_dag.py
[2025-10-09T05:06:52.837+0000] {processor.py:840} INFO - DAG(s) 'tutorial_dag' retrieved from /home/airflow/.local/lib/python3.8/site-packages/airflow/example_dags/tutorial_dag.py
[2025-10-09T05:06:52.972+0000] {logging_mixin.py:188} INFO - [2025-10-09T05:06:52.972+0000] {dag.py:3036} INFO - Sync 1 DAGs
[2025-10-09T05:06:52.985+0000] {logging_mixin.py:188} INFO - [2025-10-09T05:06:52.985+0000] {dag.py:3823} INFO - Setting next_dagrun for tutorial_dag to None, run_after=None
[2025-10-09T05:06:53.007+0000] {processor.py:183} INFO - Processing /home/airflow/.local/lib/python3.8/site-packages/airflow/example_dags/tutorial_dag.py took 0.184 seconds
[2025-10-09T05:07:23.067+0000] {processor.py:161} INFO - Started process (PID=196) to work on /home/airflow/.local/lib/python3.8/site-packages/airflow/example_dags/tutorial_dag.py
[2025-10-09T05:07:23.068+0000] {processor.py:830} INFO - Processing file /home/airflow/.local/lib/python3.8/site-packages/airflow/example_dags/tutorial_dag.py for tasks to queue
[2025-10-09T05:07:23.070+0000] {logging_mixin.py:188} INFO - [2025-10-09T05:07:23.069+0000] {dagbag.py:538} INFO - Filling up the DagBag from /home/airflow/.local/lib/python3.8/site-packages/airflow/example_dags/tutorial_dag.py
[2025-10-09T05:07:23.076+0000] {processor.py:840} INFO - DAG(s) 'tutorial_dag' retrieved from /home/airflow/.local/lib/python3.8/site-packages/airflow/example_dags/tutorial_dag.py
[2025-10-09T05:07:23.104+0000] {logging_mixin.py:188} INFO - [2025-10-09T05:07:23.104+0000] {dag.py:3036} INFO - Sync 1 DAGs
[2025-10-09T05:07:23.121+0000] {logging_mixin.py:188} INFO - [2025-10-09T05:07:23.121+0000] {dag.py:3823} INFO - Setting next_dagrun for tutorial_dag to None, run_after=None
[2025-10-09T05:07:23.153+0000] {processor.py:183} INFO - Processing /home/airflow/.local/lib/python3.8/site-packages/airflow/example_dags/tutorial_dag.py took 0.090 seconds
[2025-10-09T05:07:53.996+0000] {processor.py:161} INFO - Started process (PID=259) to work on /home/airflow/.local/lib/python3.8/site-packages/airflow/example_dags/tutorial_dag.py
[2025-10-09T05:07:53.997+0000] {processor.py:830} INFO - Processing file /home/airflow/.local/lib/python3.8/site-packages/airflow/example_dags/tutorial_dag.py for tasks to queue
[2025-10-09T05:07:53.999+0000] {logging_mixin.py:188} INFO - [2025-10-09T05:07:53.999+0000] {dagbag.py:538} INFO - Filling up the DagBag from /home/airflow/.local/lib/python3.8/site-packages/airflow/example_dags/tutorial_dag.py
[2025-10-09T05:07:54.009+0000] {processor.py:840} INFO - DAG(s) 'tutorial_dag' retrieved from /home/airflow/.local/lib/python3.8/site-packages/airflow/example_dags/tutorial_dag.py
[2025-10-09T05:07:54.072+0000] {logging_mixin.py:188} INFO - [2025-10-09T05:07:54.070+0000] {dag.py:3036} INFO - Sync 1 DAGs
[2025-10-09T05:07:54.090+0000] {logging_mixin.py:188} INFO - [2025-10-09T05:07:54.090+0000] {dag.py:3823} INFO - Setting next_dagrun for tutorial_dag to None, run_after=None
[2025-10-09T05:07:54.112+0000] {processor.py:183} INFO - Processing /home/airflow/.local/lib/python3.8/site-packages/airflow/example_dags/tutorial_dag.py took 0.119 seconds
[2025-10-09T05:08:24.307+0000] {processor.py:161} INFO - Started process (PID=324) to work on /home/airflow/.local/lib/python3.8/site-packages/airflow/example_dags/tutorial_dag.py
[2025-10-09T05:08:24.309+0000] {processor.py:830} INFO - Processing file /home/airflow/.local/lib/python3.8/site-packages/airflow/example_dags/tutorial_dag.py for tasks to queue
[2025-10-09T05:08:24.311+0000] {logging_mixin.py:188} INFO - [2025-10-09T05:08:24.310+0000] {dagbag.py:538} INFO - Filling up the DagBag from /home/airflow/.local/lib/python3.8/site-packages/airflow/example_dags/tutorial_dag.py
[2025-10-09T05:08:24.316+0000] {processor.py:840} INFO - DAG(s) 'tutorial_dag' retrieved from /home/airflow/.local/lib/python3.8/site-packages/airflow/example_dags/tutorial_dag.py
[2025-10-09T05:08:24.343+0000] {logging_mixin.py:188} INFO - [2025-10-09T05:08:24.343+0000] {dag.py:3036} INFO - Sync 1 DAGs
[2025-10-09T05:08:24.359+0000] {logging_mixin.py:188} INFO - [2025-10-09T05:08:24.358+0000] {dag.py:3823} INFO - Setting next_dagrun for tutorial_dag to None, run_after=None
[2025-10-09T05:08:24.382+0000] {processor.py:183} INFO - Processing /home/airflow/.local/lib/python3.8/site-packages/airflow/example_dags/tutorial_dag.py took 0.079 seconds
[2025-10-09T05:08:54.677+0000] {processor.py:161} INFO - Started process (PID=383) to work on /home/airflow/.local/lib/python3.8/site-packages/airflow/example_dags/tutorial_dag.py
[2025-10-09T05:08:54.678+0000] {processor.py:830} INFO - Processing file /home/airflow/.local/lib/python3.8/site-packages/airflow/example_dags/tutorial_dag.py for tasks to queue
[2025-10-09T05:08:54.680+0000] {logging_mixin.py:188} INFO - [2025-10-09T05:08:54.680+0000] {dagbag.py:538} INFO - Filling up the DagBag from /home/airflow/.local/lib/python3.8/site-packages/airflow/example_dags/tutorial_dag.py
[2025-10-09T05:08:54.686+0000] {processor.py:840} INFO - DAG(s) 'tutorial_dag' retrieved from /home/airflow/.local/lib/python3.8/site-packages/airflow/example_dags/tutorial_dag.py
[2025-10-09T05:08:54.741+0000] {logging_mixin.py:188} INFO - [2025-10-09T05:08:54.740+0000] {dag.py:3036} INFO - Sync 1 DAGs
[2025-10-09T05:08:54.761+0000] {logging_mixin.py:188} INFO - [2025-10-09T05:08:54.760+0000] {dag.py:3823} INFO - Setting next_dagrun for tutorial_dag to None, run_after=None
[2025-10-09T05:08:54.801+0000] {processor.py:183} INFO - Processing /home/airflow/.local/lib/python3.8/site-packages/airflow/example_dags/tutorial_dag.py took 0.128 seconds
[2025-10-09T05:09:25.452+0000] {processor.py:161} INFO - Started process (PID=442) to work on /home/airflow/.local/lib/python3.8/site-packages/airflow/example_dags/tutorial_dag.py
[2025-10-09T05:09:25.453+0000] {processor.py:830} INFO - Processing file /home/airflow/.local/lib/python3.8/site-packages/airflow/example_dags/tutorial_dag.py for tasks to queue
[2025-10-09T05:09:25.455+0000] {logging_mixin.py:188} INFO - [2025-10-09T05:09:25.455+0000] {dagbag.py:538} INFO - Filling up the DagBag from /home/airflow/.local/lib/python3.8/site-packages/airflow/example_dags/tutorial_dag.py
[2025-10-09T05:09:25.462+0000] {processor.py:840} INFO - DAG(s) 'tutorial_dag' retrieved from /home/airflow/.local/lib/python3.8/site-packages/airflow/example_dags/tutorial_dag.py
[2025-10-09T05:09:25.488+0000] {logging_mixin.py:188} INFO - [2025-10-09T05:09:25.487+0000] {dag.py:3036} INFO - Sync 1 DAGs
[2025-10-09T05:09:25.501+0000] {logging_mixin.py:188} INFO - [2025-10-09T05:09:25.501+0000] {dag.py:3823} INFO - Setting next_dagrun for tutorial_dag to None, run_after=None
[2025-10-09T05:09:25.523+0000] {processor.py:183} INFO - Processing /home/airflow/.local/lib/python3.8/site-packages/airflow/example_dags/tutorial_dag.py took 0.075 seconds
[2025-10-09T05:09:56.248+0000] {processor.py:161} INFO - Started process (PID=501) to work on /home/airflow/.local/lib/python3.8/site-packages/airflow/example_dags/tutorial_dag.py
[2025-10-09T05:09:56.249+0000] {processor.py:830} INFO - Processing file /home/airflow/.local/lib/python3.8/site-packages/airflow/example_dags/tutorial_dag.py for tasks to queue
[2025-10-09T05:09:56.251+0000] {logging_mixin.py:188} INFO - [2025-10-09T05:09:56.251+0000] {dagbag.py:538} INFO - Filling up the DagBag from /home/airflow/.local/lib/python3.8/site-packages/airflow/example_dags/tutorial_dag.py
[2025-10-09T05:09:56.257+0000] {processor.py:840} INFO - DAG(s) 'tutorial_dag' retrieved from /home/airflow/.local/lib/python3.8/site-packages/airflow/example_dags/tutorial_dag.py
[2025-10-09T05:09:56.285+0000] {logging_mixin.py:188} INFO - [2025-10-09T05:09:56.285+0000] {dag.py:3036} INFO - Sync 1 DAGs
[2025-10-09T05:09:56.299+0000] {logging_mixin.py:188} INFO - [2025-10-09T05:09:56.299+0000] {dag.py:3823} INFO - Setting next_dagrun for tutorial_dag to None, run_after=None
[2025-10-09T05:09:56.323+0000] {processor.py:183} INFO - Processing /home/airflow/.local/lib/python3.8/site-packages/airflow/example_dags/tutorial_dag.py took 0.079 seconds
[2025-10-09T05:10:26.771+0000] {processor.py:161} INFO - Started process (PID=560) to work on /home/airflow/.local/lib/python3.8/site-packages/airflow/example_dags/tutorial_dag.py
[2025-10-09T05:10:26.773+0000] {processor.py:830} INFO - Processing file /home/airflow/.local/lib/python3.8/site-packages/airflow/example_dags/tutorial_dag.py for tasks to queue
[2025-10-09T05:10:26.776+0000] {logging_mixin.py:188} INFO - [2025-10-09T05:10:26.775+0000] {dagbag.py:538} INFO - Filling up the DagBag from /home/airflow/.local/lib/python3.8/site-packages/airflow/example_dags/tutorial_dag.py
[2025-10-09T05:10:26.783+0000] {processor.py:840} INFO - DAG(s) 'tutorial_dag' retrieved from /home/airflow/.local/lib/python3.8/site-packages/airflow/example_dags/tutorial_dag.py
[2025-10-09T05:10:26.810+0000] {logging_mixin.py:188} INFO - [2025-10-09T05:10:26.810+0000] {dag.py:3036} INFO - Sync 1 DAGs
[2025-10-09T05:10:26.823+0000] {logging_mixin.py:188} INFO - [2025-10-09T05:10:26.823+0000] {dag.py:3823} INFO - Setting next_dagrun for tutorial_dag to None, run_after=None
[2025-10-09T05:10:26.846+0000] {processor.py:183} INFO - Processing /home/airflow/.local/lib/python3.8/site-packages/airflow/example_dags/tutorial_dag.py took 0.079 seconds
[2025-10-09T05:10:57.514+0000] {processor.py:161} INFO - Started process (PID=619) to work on /home/airflow/.local/lib/python3.8/site-packages/airflow/example_dags/tutorial_dag.py
[2025-10-09T05:10:57.515+0000] {processor.py:830} INFO - Processing file /home/airflow/.local/lib/python3.8/site-packages/airflow/example_dags/tutorial_dag.py for tasks to queue
[2025-10-09T05:10:57.518+0000] {logging_mixin.py:188} INFO - [2025-10-09T05:10:57.517+0000] {dagbag.py:538} INFO - Filling up the DagBag from /home/airflow/.local/lib/python3.8/site-packages/airflow/example_dags/tutorial_dag.py
[2025-10-09T05:10:57.524+0000] {processor.py:840} INFO - DAG(s) 'tutorial_dag' retrieved from /home/airflow/.local/lib/python3.8/site-packages/airflow/example_dags/tutorial_dag.py
[2025-10-09T05:10:57.585+0000] {logging_mixin.py:188} INFO - [2025-10-09T05:10:57.585+0000] {dag.py:3036} INFO - Sync 1 DAGs
[2025-10-09T05:10:57.625+0000] {logging_mixin.py:188} INFO - [2025-10-09T05:10:57.624+0000] {dag.py:3823} INFO - Setting next_dagrun for tutorial_dag to None, run_after=None
[2025-10-09T05:10:57.655+0000] {processor.py:183} INFO - Processing /home/airflow/.local/lib/python3.8/site-packages/airflow/example_dags/tutorial_dag.py took 0.146 seconds
[2025-10-09T05:11:28.792+0000] {processor.py:161} INFO - Started process (PID=678) to work on /home/airflow/.local/lib/python3.8/site-packages/airflow/example_dags/tutorial_dag.py
[2025-10-09T05:11:28.793+0000] {processor.py:830} INFO - Processing file /home/airflow/.local/lib/python3.8/site-packages/airflow/example_dags/tutorial_dag.py for tasks to queue
[2025-10-09T05:11:28.796+0000] {logging_mixin.py:188} INFO - [2025-10-09T05:11:28.795+0000] {dagbag.py:538} INFO - Filling up the DagBag from /home/airflow/.local/lib/python3.8/site-packages/airflow/example_dags/tutorial_dag.py
[2025-10-09T05:11:28.804+0000] {processor.py:840} INFO - DAG(s) 'tutorial_dag' retrieved from /home/airflow/.local/lib/python3.8/site-packages/airflow/example_dags/tutorial_dag.py
[2025-10-09T05:11:28.836+0000] {logging_mixin.py:188} INFO - [2025-10-09T05:11:28.835+0000] {dag.py:3036} INFO - Sync 1 DAGs
[2025-10-09T05:11:28.852+0000] {logging_mixin.py:188} INFO - [2025-10-09T05:11:28.851+0000] {dag.py:3823} INFO - Setting next_dagrun for tutorial_dag to None, run_after=None
[2025-10-09T05:11:28.881+0000] {processor.py:183} INFO - Processing /home/airflow/.local/lib/python3.8/site-packages/airflow/example_dags/tutorial_dag.py took 0.094 seconds
[2025-10-09T05:11:59.952+0000] {processor.py:161} INFO - Started process (PID=738) to work on /home/airflow/.local/lib/python3.8/site-packages/airflow/example_dags/tutorial_dag.py
[2025-10-09T05:11:59.953+0000] {processor.py:830} INFO - Processing file /home/airflow/.local/lib/python3.8/site-packages/airflow/example_dags/tutorial_dag.py for tasks to queue
[2025-10-09T05:11:59.956+0000] {logging_mixin.py:188} INFO - [2025-10-09T05:11:59.955+0000] {dagbag.py:538} INFO - Filling up the DagBag from /home/airflow/.local/lib/python3.8/site-packages/airflow/example_dags/tutorial_dag.py
[2025-10-09T05:11:59.962+0000] {processor.py:840} INFO - DAG(s) 'tutorial_dag' retrieved from /home/airflow/.local/lib/python3.8/site-packages/airflow/example_dags/tutorial_dag.py
[2025-10-09T05:11:59.992+0000] {logging_mixin.py:188} INFO - [2025-10-09T05:11:59.991+0000] {dag.py:3036} INFO - Sync 1 DAGs
[2025-10-09T05:12:00.011+0000] {logging_mixin.py:188} INFO - [2025-10-09T05:12:00.010+0000] {dag.py:3823} INFO - Setting next_dagrun for tutorial_dag to None, run_after=None
[2025-10-09T05:12:00.038+0000] {processor.py:183} INFO - Processing /home/airflow/.local/lib/python3.8/site-packages/airflow/example_dags/tutorial_dag.py took 0.090 seconds
[2025-10-09T05:12:30.538+0000] {processor.py:161} INFO - Started process (PID=797) to work on /home/airflow/.local/lib/python3.8/site-packages/airflow/example_dags/tutorial_dag.py
[2025-10-09T05:12:30.539+0000] {processor.py:830} INFO - Processing file /home/airflow/.local/lib/python3.8/site-packages/airflow/example_dags/tutorial_dag.py for tasks to queue
[2025-10-09T05:12:30.542+0000] {logging_mixin.py:188} INFO - [2025-10-09T05:12:30.541+0000] {dagbag.py:538} INFO - Filling up the DagBag from /home/airflow/.local/lib/python3.8/site-packages/airflow/example_dags/tutorial_dag.py
[2025-10-09T05:12:30.548+0000] {processor.py:840} INFO - DAG(s) 'tutorial_dag' retrieved from /home/airflow/.local/lib/python3.8/site-packages/airflow/example_dags/tutorial_dag.py
[2025-10-09T05:12:30.575+0000] {logging_mixin.py:188} INFO - [2025-10-09T05:12:30.574+0000] {dag.py:3036} INFO - Sync 1 DAGs
[2025-10-09T05:12:30.588+0000] {logging_mixin.py:188} INFO - [2025-10-09T05:12:30.588+0000] {dag.py:3823} INFO - Setting next_dagrun for tutorial_dag to None, run_after=None
[2025-10-09T05:12:30.613+0000] {processor.py:183} INFO - Processing /home/airflow/.local/lib/python3.8/site-packages/airflow/example_dags/tutorial_dag.py took 0.079 seconds
[2025-10-09T05:13:00.998+0000] {processor.py:161} INFO - Started process (PID=856) to work on /home/airflow/.local/lib/python3.8/site-packages/airflow/example_dags/tutorial_dag.py
[2025-10-09T05:13:01.000+0000] {processor.py:830} INFO - Processing file /home/airflow/.local/lib/python3.8/site-packages/airflow/example_dags/tutorial_dag.py for tasks to queue
[2025-10-09T05:13:01.002+0000] {logging_mixin.py:188} INFO - [2025-10-09T05:13:01.001+0000] {dagbag.py:538} INFO - Filling up the DagBag from /home/airflow/.local/lib/python3.8/site-packages/airflow/example_dags/tutorial_dag.py
[2025-10-09T05:13:01.008+0000] {processor.py:840} INFO - DAG(s) 'tutorial_dag' retrieved from /home/airflow/.local/lib/python3.8/site-packages/airflow/example_dags/tutorial_dag.py
[2025-10-09T05:13:01.037+0000] {logging_mixin.py:188} INFO - [2025-10-09T05:13:01.036+0000] {dag.py:3036} INFO - Sync 1 DAGs
[2025-10-09T05:13:01.052+0000] {logging_mixin.py:188} INFO - [2025-10-09T05:13:01.052+0000] {dag.py:3823} INFO - Setting next_dagrun for tutorial_dag to None, run_after=None
[2025-10-09T05:13:01.085+0000] {processor.py:183} INFO - Processing /home/airflow/.local/lib/python3.8/site-packages/airflow/example_dags/tutorial_dag.py took 0.090 seconds
[2025-10-09T05:13:31.938+0000] {processor.py:161} INFO - Started process (PID=915) to work on /home/airflow/.local/lib/python3.8/site-packages/airflow/example_dags/tutorial_dag.py
[2025-10-09T05:13:31.939+0000] {processor.py:830} INFO - Processing file /home/airflow/.local/lib/python3.8/site-packages/airflow/example_dags/tutorial_dag.py for tasks to queue
[2025-10-09T05:13:31.941+0000] {logging_mixin.py:188} INFO - [2025-10-09T05:13:31.941+0000] {dagbag.py:538} INFO - Filling up the DagBag from /home/airflow/.local/lib/python3.8/site-packages/airflow/example_dags/tutorial_dag.py
[2025-10-09T05:13:31.948+0000] {processor.py:840} INFO - DAG(s) 'tutorial_dag' retrieved from /home/airflow/.local/lib/python3.8/site-packages/airflow/example_dags/tutorial_dag.py
[2025-10-09T05:13:31.979+0000] {logging_mixin.py:188} INFO - [2025-10-09T05:13:31.978+0000] {dag.py:3036} INFO - Sync 1 DAGs
[2025-10-09T05:13:31.995+0000] {logging_mixin.py:188} INFO - [2025-10-09T05:13:31.995+0000] {dag.py:3823} INFO - Setting next_dagrun for tutorial_dag to None, run_after=None
[2025-10-09T05:13:32.020+0000] {processor.py:183} INFO - Processing /home/airflow/.local/lib/python3.8/site-packages/airflow/example_dags/tutorial_dag.py took 0.086 seconds
[2025-10-09T05:14:03.002+0000] {processor.py:161} INFO - Started process (PID=974) to work on /home/airflow/.local/lib/python3.8/site-packages/airflow/example_dags/tutorial_dag.py
[2025-10-09T05:14:03.004+0000] {processor.py:830} INFO - Processing file /home/airflow/.local/lib/python3.8/site-packages/airflow/example_dags/tutorial_dag.py for tasks to queue
[2025-10-09T05:14:03.007+0000] {logging_mixin.py:188} INFO - [2025-10-09T05:14:03.006+0000] {dagbag.py:538} INFO - Filling up the DagBag from /home/airflow/.local/lib/python3.8/site-packages/airflow/example_dags/tutorial_dag.py
[2025-10-09T05:14:03.015+0000] {processor.py:840} INFO - DAG(s) 'tutorial_dag' retrieved from /home/airflow/.local/lib/python3.8/site-packages/airflow/example_dags/tutorial_dag.py
[2025-10-09T05:14:03.051+0000] {logging_mixin.py:188} INFO - [2025-10-09T05:14:03.051+0000] {dag.py:3036} INFO - Sync 1 DAGs
[2025-10-09T05:14:03.071+0000] {logging_mixin.py:188} INFO - [2025-10-09T05:14:03.071+0000] {dag.py:3823} INFO - Setting next_dagrun for tutorial_dag to None, run_after=None
[2025-10-09T05:14:03.097+0000] {processor.py:183} INFO - Processing /home/airflow/.local/lib/python3.8/site-packages/airflow/example_dags/tutorial_dag.py took 0.099 seconds
[2025-10-09T05:14:33.482+0000] {processor.py:161} INFO - Started process (PID=1031) to work on /home/airflow/.local/lib/python3.8/site-packages/airflow/example_dags/tutorial_dag.py
[2025-10-09T05:14:33.484+0000] {processor.py:830} INFO - Processing file /home/airflow/.local/lib/python3.8/site-packages/airflow/example_dags/tutorial_dag.py for tasks to queue
[2025-10-09T05:14:33.492+0000] {logging_mixin.py:188} INFO - [2025-10-09T05:14:33.490+0000] {dagbag.py:538} INFO - Filling up the DagBag from /home/airflow/.local/lib/python3.8/site-packages/airflow/example_dags/tutorial_dag.py
[2025-10-09T05:14:33.502+0000] {processor.py:840} INFO - DAG(s) 'tutorial_dag' retrieved from /home/airflow/.local/lib/python3.8/site-packages/airflow/example_dags/tutorial_dag.py
[2025-10-09T05:14:33.663+0000] {logging_mixin.py:188} INFO - [2025-10-09T05:14:33.662+0000] {dag.py:3036} INFO - Sync 1 DAGs
[2025-10-09T05:14:33.714+0000] {logging_mixin.py:188} INFO - [2025-10-09T05:14:33.713+0000] {dag.py:3823} INFO - Setting next_dagrun for tutorial_dag to None, run_after=None
[2025-10-09T05:14:33.806+0000] {processor.py:183} INFO - Processing /home/airflow/.local/lib/python3.8/site-packages/airflow/example_dags/tutorial_dag.py took 0.329 seconds
[2025-10-09T05:15:03.905+0000] {processor.py:161} INFO - Started process (PID=1090) to work on /home/airflow/.local/lib/python3.8/site-packages/airflow/example_dags/tutorial_dag.py
[2025-10-09T05:15:03.906+0000] {processor.py:830} INFO - Processing file /home/airflow/.local/lib/python3.8/site-packages/airflow/example_dags/tutorial_dag.py for tasks to queue
[2025-10-09T05:15:03.909+0000] {logging_mixin.py:188} INFO - [2025-10-09T05:15:03.908+0000] {dagbag.py:538} INFO - Filling up the DagBag from /home/airflow/.local/lib/python3.8/site-packages/airflow/example_dags/tutorial_dag.py
[2025-10-09T05:15:03.915+0000] {processor.py:840} INFO - DAG(s) 'tutorial_dag' retrieved from /home/airflow/.local/lib/python3.8/site-packages/airflow/example_dags/tutorial_dag.py
[2025-10-09T05:15:03.942+0000] {logging_mixin.py:188} INFO - [2025-10-09T05:15:03.942+0000] {dag.py:3036} INFO - Sync 1 DAGs
[2025-10-09T05:15:03.955+0000] {logging_mixin.py:188} INFO - [2025-10-09T05:15:03.955+0000] {dag.py:3823} INFO - Setting next_dagrun for tutorial_dag to None, run_after=None
[2025-10-09T05:15:03.977+0000] {processor.py:183} INFO - Processing /home/airflow/.local/lib/python3.8/site-packages/airflow/example_dags/tutorial_dag.py took 0.076 seconds
[2025-10-09T05:15:34.213+0000] {processor.py:161} INFO - Started process (PID=1149) to work on /home/airflow/.local/lib/python3.8/site-packages/airflow/example_dags/tutorial_dag.py
[2025-10-09T05:15:34.214+0000] {processor.py:830} INFO - Processing file /home/airflow/.local/lib/python3.8/site-packages/airflow/example_dags/tutorial_dag.py for tasks to queue
[2025-10-09T05:15:34.216+0000] {logging_mixin.py:188} INFO - [2025-10-09T05:15:34.216+0000] {dagbag.py:538} INFO - Filling up the DagBag from /home/airflow/.local/lib/python3.8/site-packages/airflow/example_dags/tutorial_dag.py
[2025-10-09T05:15:34.222+0000] {processor.py:840} INFO - DAG(s) 'tutorial_dag' retrieved from /home/airflow/.local/lib/python3.8/site-packages/airflow/example_dags/tutorial_dag.py
[2025-10-09T05:15:34.249+0000] {logging_mixin.py:188} INFO - [2025-10-09T05:15:34.249+0000] {dag.py:3036} INFO - Sync 1 DAGs
[2025-10-09T05:15:34.262+0000] {logging_mixin.py:188} INFO - [2025-10-09T05:15:34.262+0000] {dag.py:3823} INFO - Setting next_dagrun for tutorial_dag to None, run_after=None
[2025-10-09T05:15:34.283+0000] {processor.py:183} INFO - Processing /home/airflow/.local/lib/python3.8/site-packages/airflow/example_dags/tutorial_dag.py took 0.075 seconds
[2025-10-09T05:16:04.810+0000] {processor.py:161} INFO - Started process (PID=1208) to work on /home/airflow/.local/lib/python3.8/site-packages/airflow/example_dags/tutorial_dag.py
[2025-10-09T05:16:04.811+0000] {processor.py:830} INFO - Processing file /home/airflow/.local/lib/python3.8/site-packages/airflow/example_dags/tutorial_dag.py for tasks to queue
[2025-10-09T05:16:04.813+0000] {logging_mixin.py:188} INFO - [2025-10-09T05:16:04.813+0000] {dagbag.py:538} INFO - Filling up the DagBag from /home/airflow/.local/lib/python3.8/site-packages/airflow/example_dags/tutorial_dag.py
[2025-10-09T05:16:04.820+0000] {processor.py:840} INFO - DAG(s) 'tutorial_dag' retrieved from /home/airflow/.local/lib/python3.8/site-packages/airflow/example_dags/tutorial_dag.py
[2025-10-09T05:16:04.847+0000] {logging_mixin.py:188} INFO - [2025-10-09T05:16:04.847+0000] {dag.py:3036} INFO - Sync 1 DAGs
[2025-10-09T05:16:04.862+0000] {logging_mixin.py:188} INFO - [2025-10-09T05:16:04.862+0000] {dag.py:3823} INFO - Setting next_dagrun for tutorial_dag to None, run_after=None
[2025-10-09T05:16:04.887+0000] {processor.py:183} INFO - Processing /home/airflow/.local/lib/python3.8/site-packages/airflow/example_dags/tutorial_dag.py took 0.081 seconds
[2025-10-09T05:16:35.172+0000] {processor.py:161} INFO - Started process (PID=1267) to work on /home/airflow/.local/lib/python3.8/site-packages/airflow/example_dags/tutorial_dag.py
[2025-10-09T05:16:35.173+0000] {processor.py:830} INFO - Processing file /home/airflow/.local/lib/python3.8/site-packages/airflow/example_dags/tutorial_dag.py for tasks to queue
[2025-10-09T05:16:35.176+0000] {logging_mixin.py:188} INFO - [2025-10-09T05:16:35.175+0000] {dagbag.py:538} INFO - Filling up the DagBag from /home/airflow/.local/lib/python3.8/site-packages/airflow/example_dags/tutorial_dag.py
[2025-10-09T05:16:35.181+0000] {processor.py:840} INFO - DAG(s) 'tutorial_dag' retrieved from /home/airflow/.local/lib/python3.8/site-packages/airflow/example_dags/tutorial_dag.py
[2025-10-09T05:16:35.210+0000] {logging_mixin.py:188} INFO - [2025-10-09T05:16:35.210+0000] {dag.py:3036} INFO - Sync 1 DAGs
[2025-10-09T05:16:35.224+0000] {logging_mixin.py:188} INFO - [2025-10-09T05:16:35.224+0000] {dag.py:3823} INFO - Setting next_dagrun for tutorial_dag to None, run_after=None
[2025-10-09T05:16:35.245+0000] {processor.py:183} INFO - Processing /home/airflow/.local/lib/python3.8/site-packages/airflow/example_dags/tutorial_dag.py took 0.077 seconds
[2025-10-09T05:17:06.219+0000] {processor.py:161} INFO - Started process (PID=1326) to work on /home/airflow/.local/lib/python3.8/site-packages/airflow/example_dags/tutorial_dag.py
[2025-10-09T05:17:06.220+0000] {processor.py:830} INFO - Processing file /home/airflow/.local/lib/python3.8/site-packages/airflow/example_dags/tutorial_dag.py for tasks to queue
[2025-10-09T05:17:06.223+0000] {logging_mixin.py:188} INFO - [2025-10-09T05:17:06.222+0000] {dagbag.py:538} INFO - Filling up the DagBag from /home/airflow/.local/lib/python3.8/site-packages/airflow/example_dags/tutorial_dag.py
[2025-10-09T05:17:06.228+0000] {processor.py:840} INFO - DAG(s) 'tutorial_dag' retrieved from /home/airflow/.local/lib/python3.8/site-packages/airflow/example_dags/tutorial_dag.py
[2025-10-09T05:17:06.254+0000] {logging_mixin.py:188} INFO - [2025-10-09T05:17:06.254+0000] {dag.py:3036} INFO - Sync 1 DAGs
[2025-10-09T05:17:06.267+0000] {logging_mixin.py:188} INFO - [2025-10-09T05:17:06.267+0000] {dag.py:3823} INFO - Setting next_dagrun for tutorial_dag to None, run_after=None
[2025-10-09T05:17:06.288+0000] {processor.py:183} INFO - Processing /home/airflow/.local/lib/python3.8/site-packages/airflow/example_dags/tutorial_dag.py took 0.072 seconds
[2025-10-09T05:17:36.686+0000] {processor.py:161} INFO - Started process (PID=1385) to work on /home/airflow/.local/lib/python3.8/site-packages/airflow/example_dags/tutorial_dag.py
[2025-10-09T05:17:36.687+0000] {processor.py:830} INFO - Processing file /home/airflow/.local/lib/python3.8/site-packages/airflow/example_dags/tutorial_dag.py for tasks to queue
[2025-10-09T05:17:36.690+0000] {logging_mixin.py:188} INFO - [2025-10-09T05:17:36.689+0000] {dagbag.py:538} INFO - Filling up the DagBag from /home/airflow/.local/lib/python3.8/site-packages/airflow/example_dags/tutorial_dag.py
[2025-10-09T05:17:36.697+0000] {processor.py:840} INFO - DAG(s) 'tutorial_dag' retrieved from /home/airflow/.local/lib/python3.8/site-packages/airflow/example_dags/tutorial_dag.py
[2025-10-09T05:17:36.727+0000] {logging_mixin.py:188} INFO - [2025-10-09T05:17:36.727+0000] {dag.py:3036} INFO - Sync 1 DAGs
[2025-10-09T05:17:36.742+0000] {logging_mixin.py:188} INFO - [2025-10-09T05:17:36.742+0000] {dag.py:3823} INFO - Setting next_dagrun for tutorial_dag to None, run_after=None
[2025-10-09T05:17:36.773+0000] {processor.py:183} INFO - Processing /home/airflow/.local/lib/python3.8/site-packages/airflow/example_dags/tutorial_dag.py took 0.091 seconds
[2025-10-09T05:18:06.980+0000] {processor.py:161} INFO - Started process (PID=1444) to work on /home/airflow/.local/lib/python3.8/site-packages/airflow/example_dags/tutorial_dag.py
[2025-10-09T05:18:06.982+0000] {processor.py:830} INFO - Processing file /home/airflow/.local/lib/python3.8/site-packages/airflow/example_dags/tutorial_dag.py for tasks to queue
[2025-10-09T05:18:06.985+0000] {logging_mixin.py:188} INFO - [2025-10-09T05:18:06.984+0000] {dagbag.py:538} INFO - Filling up the DagBag from /home/airflow/.local/lib/python3.8/site-packages/airflow/example_dags/tutorial_dag.py
[2025-10-09T05:18:06.992+0000] {processor.py:840} INFO - DAG(s) 'tutorial_dag' retrieved from /home/airflow/.local/lib/python3.8/site-packages/airflow/example_dags/tutorial_dag.py
[2025-10-09T05:18:07.031+0000] {logging_mixin.py:188} INFO - [2025-10-09T05:18:07.031+0000] {dag.py:3036} INFO - Sync 1 DAGs
[2025-10-09T05:18:07.045+0000] {logging_mixin.py:188} INFO - [2025-10-09T05:18:07.045+0000] {dag.py:3823} INFO - Setting next_dagrun for tutorial_dag to None, run_after=None
[2025-10-09T05:18:07.070+0000] {processor.py:183} INFO - Processing /home/airflow/.local/lib/python3.8/site-packages/airflow/example_dags/tutorial_dag.py took 0.094 seconds
[2025-10-09T05:18:38.023+0000] {processor.py:161} INFO - Started process (PID=1503) to work on /home/airflow/.local/lib/python3.8/site-packages/airflow/example_dags/tutorial_dag.py
[2025-10-09T05:18:38.025+0000] {processor.py:830} INFO - Processing file /home/airflow/.local/lib/python3.8/site-packages/airflow/example_dags/tutorial_dag.py for tasks to queue
[2025-10-09T05:18:38.027+0000] {logging_mixin.py:188} INFO - [2025-10-09T05:18:38.027+0000] {dagbag.py:538} INFO - Filling up the DagBag from /home/airflow/.local/lib/python3.8/site-packages/airflow/example_dags/tutorial_dag.py
[2025-10-09T05:18:38.034+0000] {processor.py:840} INFO - DAG(s) 'tutorial_dag' retrieved from /home/airflow/.local/lib/python3.8/site-packages/airflow/example_dags/tutorial_dag.py
[2025-10-09T05:18:38.065+0000] {logging_mixin.py:188} INFO - [2025-10-09T05:18:38.065+0000] {dag.py:3036} INFO - Sync 1 DAGs
[2025-10-09T05:18:38.080+0000] {logging_mixin.py:188} INFO - [2025-10-09T05:18:38.080+0000] {dag.py:3823} INFO - Setting next_dagrun for tutorial_dag to None, run_after=None
[2025-10-09T05:18:38.103+0000] {processor.py:183} INFO - Processing /home/airflow/.local/lib/python3.8/site-packages/airflow/example_dags/tutorial_dag.py took 0.084 seconds
[2025-10-09T05:19:09.069+0000] {processor.py:161} INFO - Started process (PID=1562) to work on /home/airflow/.local/lib/python3.8/site-packages/airflow/example_dags/tutorial_dag.py
[2025-10-09T05:19:09.070+0000] {processor.py:830} INFO - Processing file /home/airflow/.local/lib/python3.8/site-packages/airflow/example_dags/tutorial_dag.py for tasks to queue
[2025-10-09T05:19:09.073+0000] {logging_mixin.py:188} INFO - [2025-10-09T05:19:09.072+0000] {dagbag.py:538} INFO - Filling up the DagBag from /home/airflow/.local/lib/python3.8/site-packages/airflow/example_dags/tutorial_dag.py
[2025-10-09T05:19:09.080+0000] {processor.py:840} INFO - DAG(s) 'tutorial_dag' retrieved from /home/airflow/.local/lib/python3.8/site-packages/airflow/example_dags/tutorial_dag.py
[2025-10-09T05:19:09.115+0000] {logging_mixin.py:188} INFO - [2025-10-09T05:19:09.115+0000] {dag.py:3036} INFO - Sync 1 DAGs
[2025-10-09T05:19:09.131+0000] {logging_mixin.py:188} INFO - [2025-10-09T05:19:09.131+0000] {dag.py:3823} INFO - Setting next_dagrun for tutorial_dag to None, run_after=None
[2025-10-09T05:19:09.160+0000] {processor.py:183} INFO - Processing /home/airflow/.local/lib/python3.8/site-packages/airflow/example_dags/tutorial_dag.py took 0.094 seconds
[2025-10-09T05:19:39.286+0000] {processor.py:161} INFO - Started process (PID=1620) to work on /home/airflow/.local/lib/python3.8/site-packages/airflow/example_dags/tutorial_dag.py
[2025-10-09T05:19:39.287+0000] {processor.py:830} INFO - Processing file /home/airflow/.local/lib/python3.8/site-packages/airflow/example_dags/tutorial_dag.py for tasks to queue
[2025-10-09T05:19:39.290+0000] {logging_mixin.py:188} INFO - [2025-10-09T05:19:39.289+0000] {dagbag.py:538} INFO - Filling up the DagBag from /home/airflow/.local/lib/python3.8/site-packages/airflow/example_dags/tutorial_dag.py
[2025-10-09T05:19:39.296+0000] {processor.py:840} INFO - DAG(s) 'tutorial_dag' retrieved from /home/airflow/.local/lib/python3.8/site-packages/airflow/example_dags/tutorial_dag.py
[2025-10-09T05:19:39.323+0000] {logging_mixin.py:188} INFO - [2025-10-09T05:19:39.322+0000] {dag.py:3036} INFO - Sync 1 DAGs
[2025-10-09T05:19:39.338+0000] {logging_mixin.py:188} INFO - [2025-10-09T05:19:39.338+0000] {dag.py:3823} INFO - Setting next_dagrun for tutorial_dag to None, run_after=None
[2025-10-09T05:19:39.362+0000] {processor.py:183} INFO - Processing /home/airflow/.local/lib/python3.8/site-packages/airflow/example_dags/tutorial_dag.py took 0.079 seconds
[2025-10-09T05:20:09.728+0000] {processor.py:161} INFO - Started process (PID=1679) to work on /home/airflow/.local/lib/python3.8/site-packages/airflow/example_dags/tutorial_dag.py
[2025-10-09T05:20:09.729+0000] {processor.py:830} INFO - Processing file /home/airflow/.local/lib/python3.8/site-packages/airflow/example_dags/tutorial_dag.py for tasks to queue
[2025-10-09T05:20:09.732+0000] {logging_mixin.py:188} INFO - [2025-10-09T05:20:09.732+0000] {dagbag.py:538} INFO - Filling up the DagBag from /home/airflow/.local/lib/python3.8/site-packages/airflow/example_dags/tutorial_dag.py
[2025-10-09T05:20:09.742+0000] {processor.py:840} INFO - DAG(s) 'tutorial_dag' retrieved from /home/airflow/.local/lib/python3.8/site-packages/airflow/example_dags/tutorial_dag.py
[2025-10-09T05:20:09.781+0000] {logging_mixin.py:188} INFO - [2025-10-09T05:20:09.781+0000] {dag.py:3036} INFO - Sync 1 DAGs
[2025-10-09T05:20:09.805+0000] {logging_mixin.py:188} INFO - [2025-10-09T05:20:09.804+0000] {dag.py:3823} INFO - Setting next_dagrun for tutorial_dag to None, run_after=None
[2025-10-09T05:20:09.836+0000] {processor.py:183} INFO - Processing /home/airflow/.local/lib/python3.8/site-packages/airflow/example_dags/tutorial_dag.py took 0.115 seconds
[2025-10-09T05:20:39.981+0000] {processor.py:161} INFO - Started process (PID=1738) to work on /home/airflow/.local/lib/python3.8/site-packages/airflow/example_dags/tutorial_dag.py
[2025-10-09T05:20:39.982+0000] {processor.py:830} INFO - Processing file /home/airflow/.local/lib/python3.8/site-packages/airflow/example_dags/tutorial_dag.py for tasks to queue
[2025-10-09T05:20:39.984+0000] {logging_mixin.py:188} INFO - [2025-10-09T05:20:39.984+0000] {dagbag.py:538} INFO - Filling up the DagBag from /home/airflow/.local/lib/python3.8/site-packages/airflow/example_dags/tutorial_dag.py
[2025-10-09T05:20:39.990+0000] {processor.py:840} INFO - DAG(s) 'tutorial_dag' retrieved from /home/airflow/.local/lib/python3.8/site-packages/airflow/example_dags/tutorial_dag.py
[2025-10-09T05:20:40.017+0000] {logging_mixin.py:188} INFO - [2025-10-09T05:20:40.016+0000] {dag.py:3036} INFO - Sync 1 DAGs
[2025-10-09T05:20:40.030+0000] {logging_mixin.py:188} INFO - [2025-10-09T05:20:40.029+0000] {dag.py:3823} INFO - Setting next_dagrun for tutorial_dag to None, run_after=None
[2025-10-09T05:20:40.051+0000] {processor.py:183} INFO - Processing /home/airflow/.local/lib/python3.8/site-packages/airflow/example_dags/tutorial_dag.py took 0.074 seconds
[2025-10-09T05:21:10.864+0000] {processor.py:161} INFO - Started process (PID=1796) to work on /home/airflow/.local/lib/python3.8/site-packages/airflow/example_dags/tutorial_dag.py
[2025-10-09T05:21:10.865+0000] {processor.py:830} INFO - Processing file /home/airflow/.local/lib/python3.8/site-packages/airflow/example_dags/tutorial_dag.py for tasks to queue
[2025-10-09T05:21:10.868+0000] {logging_mixin.py:188} INFO - [2025-10-09T05:21:10.868+0000] {dagbag.py:538} INFO - Filling up the DagBag from /home/airflow/.local/lib/python3.8/site-packages/airflow/example_dags/tutorial_dag.py
[2025-10-09T05:21:10.875+0000] {processor.py:840} INFO - DAG(s) 'tutorial_dag' retrieved from /home/airflow/.local/lib/python3.8/site-packages/airflow/example_dags/tutorial_dag.py
[2025-10-09T05:21:10.902+0000] {logging_mixin.py:188} INFO - [2025-10-09T05:21:10.902+0000] {dag.py:3036} INFO - Sync 1 DAGs
[2025-10-09T05:21:10.916+0000] {logging_mixin.py:188} INFO - [2025-10-09T05:21:10.916+0000] {dag.py:3823} INFO - Setting next_dagrun for tutorial_dag to None, run_after=None
[2025-10-09T05:21:10.934+0000] {processor.py:183} INFO - Processing /home/airflow/.local/lib/python3.8/site-packages/airflow/example_dags/tutorial_dag.py took 0.075 seconds
[2025-10-09T05:21:41.223+0000] {processor.py:161} INFO - Started process (PID=1855) to work on /home/airflow/.local/lib/python3.8/site-packages/airflow/example_dags/tutorial_dag.py
[2025-10-09T05:21:41.225+0000] {processor.py:830} INFO - Processing file /home/airflow/.local/lib/python3.8/site-packages/airflow/example_dags/tutorial_dag.py for tasks to queue
[2025-10-09T05:21:41.227+0000] {logging_mixin.py:188} INFO - [2025-10-09T05:21:41.227+0000] {dagbag.py:538} INFO - Filling up the DagBag from /home/airflow/.local/lib/python3.8/site-packages/airflow/example_dags/tutorial_dag.py
[2025-10-09T05:21:41.233+0000] {processor.py:840} INFO - DAG(s) 'tutorial_dag' retrieved from /home/airflow/.local/lib/python3.8/site-packages/airflow/example_dags/tutorial_dag.py
[2025-10-09T05:21:41.261+0000] {logging_mixin.py:188} INFO - [2025-10-09T05:21:41.261+0000] {dag.py:3036} INFO - Sync 1 DAGs
[2025-10-09T05:21:41.276+0000] {logging_mixin.py:188} INFO - [2025-10-09T05:21:41.276+0000] {dag.py:3823} INFO - Setting next_dagrun for tutorial_dag to None, run_after=None
[2025-10-09T05:21:41.298+0000] {processor.py:183} INFO - Processing /home/airflow/.local/lib/python3.8/site-packages/airflow/example_dags/tutorial_dag.py took 0.079 seconds
[2025-10-09T05:22:11.555+0000] {processor.py:161} INFO - Started process (PID=1914) to work on /home/airflow/.local/lib/python3.8/site-packages/airflow/example_dags/tutorial_dag.py
[2025-10-09T05:22:11.556+0000] {processor.py:830} INFO - Processing file /home/airflow/.local/lib/python3.8/site-packages/airflow/example_dags/tutorial_dag.py for tasks to queue
[2025-10-09T05:22:11.558+0000] {logging_mixin.py:188} INFO - [2025-10-09T05:22:11.558+0000] {dagbag.py:538} INFO - Filling up the DagBag from /home/airflow/.local/lib/python3.8/site-packages/airflow/example_dags/tutorial_dag.py
[2025-10-09T05:22:11.564+0000] {processor.py:840} INFO - DAG(s) 'tutorial_dag' retrieved from /home/airflow/.local/lib/python3.8/site-packages/airflow/example_dags/tutorial_dag.py
[2025-10-09T05:22:11.599+0000] {logging_mixin.py:188} INFO - [2025-10-09T05:22:11.599+0000] {dag.py:3036} INFO - Sync 1 DAGs
[2025-10-09T05:22:11.612+0000] {logging_mixin.py:188} INFO - [2025-10-09T05:22:11.612+0000] {dag.py:3823} INFO - Setting next_dagrun for tutorial_dag to None, run_after=None
[2025-10-09T05:22:11.633+0000] {processor.py:183} INFO - Processing /home/airflow/.local/lib/python3.8/site-packages/airflow/example_dags/tutorial_dag.py took 0.082 seconds
[2025-10-09T05:22:42.034+0000] {processor.py:161} INFO - Started process (PID=1974) to work on /home/airflow/.local/lib/python3.8/site-packages/airflow/example_dags/tutorial_dag.py
[2025-10-09T05:22:42.036+0000] {processor.py:830} INFO - Processing file /home/airflow/.local/lib/python3.8/site-packages/airflow/example_dags/tutorial_dag.py for tasks to queue
[2025-10-09T05:22:42.038+0000] {logging_mixin.py:188} INFO - [2025-10-09T05:22:42.037+0000] {dagbag.py:538} INFO - Filling up the DagBag from /home/airflow/.local/lib/python3.8/site-packages/airflow/example_dags/tutorial_dag.py
[2025-10-09T05:22:42.044+0000] {processor.py:840} INFO - DAG(s) 'tutorial_dag' retrieved from /home/airflow/.local/lib/python3.8/site-packages/airflow/example_dags/tutorial_dag.py
[2025-10-09T05:22:42.072+0000] {logging_mixin.py:188} INFO - [2025-10-09T05:22:42.072+0000] {dag.py:3036} INFO - Sync 1 DAGs
[2025-10-09T05:22:42.087+0000] {logging_mixin.py:188} INFO - [2025-10-09T05:22:42.087+0000] {dag.py:3823} INFO - Setting next_dagrun for tutorial_dag to None, run_after=None
[2025-10-09T05:22:42.109+0000] {processor.py:183} INFO - Processing /home/airflow/.local/lib/python3.8/site-packages/airflow/example_dags/tutorial_dag.py took 0.079 seconds
[2025-10-09T05:23:12.231+0000] {processor.py:161} INFO - Started process (PID=2033) to work on /home/airflow/.local/lib/python3.8/site-packages/airflow/example_dags/tutorial_dag.py
[2025-10-09T05:23:12.233+0000] {processor.py:830} INFO - Processing file /home/airflow/.local/lib/python3.8/site-packages/airflow/example_dags/tutorial_dag.py for tasks to queue
[2025-10-09T05:23:12.235+0000] {logging_mixin.py:188} INFO - [2025-10-09T05:23:12.235+0000] {dagbag.py:538} INFO - Filling up the DagBag from /home/airflow/.local/lib/python3.8/site-packages/airflow/example_dags/tutorial_dag.py
[2025-10-09T05:23:12.241+0000] {processor.py:840} INFO - DAG(s) 'tutorial_dag' retrieved from /home/airflow/.local/lib/python3.8/site-packages/airflow/example_dags/tutorial_dag.py
[2025-10-09T05:23:12.271+0000] {logging_mixin.py:188} INFO - [2025-10-09T05:23:12.270+0000] {dag.py:3036} INFO - Sync 1 DAGs
[2025-10-09T05:23:12.287+0000] {logging_mixin.py:188} INFO - [2025-10-09T05:23:12.286+0000] {dag.py:3823} INFO - Setting next_dagrun for tutorial_dag to None, run_after=None
[2025-10-09T05:23:12.312+0000] {processor.py:183} INFO - Processing /home/airflow/.local/lib/python3.8/site-packages/airflow/example_dags/tutorial_dag.py took 0.085 seconds
[2025-10-09T05:23:42.730+0000] {processor.py:161} INFO - Started process (PID=2092) to work on /home/airflow/.local/lib/python3.8/site-packages/airflow/example_dags/tutorial_dag.py
[2025-10-09T05:23:42.731+0000] {processor.py:830} INFO - Processing file /home/airflow/.local/lib/python3.8/site-packages/airflow/example_dags/tutorial_dag.py for tasks to queue
[2025-10-09T05:23:42.734+0000] {logging_mixin.py:188} INFO - [2025-10-09T05:23:42.733+0000] {dagbag.py:538} INFO - Filling up the DagBag from /home/airflow/.local/lib/python3.8/site-packages/airflow/example_dags/tutorial_dag.py
[2025-10-09T05:23:42.740+0000] {processor.py:840} INFO - DAG(s) 'tutorial_dag' retrieved from /home/airflow/.local/lib/python3.8/site-packages/airflow/example_dags/tutorial_dag.py
[2025-10-09T05:23:42.766+0000] {logging_mixin.py:188} INFO - [2025-10-09T05:23:42.766+0000] {dag.py:3036} INFO - Sync 1 DAGs
[2025-10-09T05:23:42.780+0000] {logging_mixin.py:188} INFO - [2025-10-09T05:23:42.780+0000] {dag.py:3823} INFO - Setting next_dagrun for tutorial_dag to None, run_after=None
[2025-10-09T05:23:42.802+0000] {processor.py:183} INFO - Processing /home/airflow/.local/lib/python3.8/site-packages/airflow/example_dags/tutorial_dag.py took 0.077 seconds
[2025-10-09T05:24:13.752+0000] {processor.py:161} INFO - Started process (PID=2151) to work on /home/airflow/.local/lib/python3.8/site-packages/airflow/example_dags/tutorial_dag.py
[2025-10-09T05:24:13.753+0000] {processor.py:830} INFO - Processing file /home/airflow/.local/lib/python3.8/site-packages/airflow/example_dags/tutorial_dag.py for tasks to queue
[2025-10-09T05:24:13.756+0000] {logging_mixin.py:188} INFO - [2025-10-09T05:24:13.755+0000] {dagbag.py:538} INFO - Filling up the DagBag from /home/airflow/.local/lib/python3.8/site-packages/airflow/example_dags/tutorial_dag.py
[2025-10-09T05:24:13.763+0000] {processor.py:840} INFO - DAG(s) 'tutorial_dag' retrieved from /home/airflow/.local/lib/python3.8/site-packages/airflow/example_dags/tutorial_dag.py
[2025-10-09T05:24:13.801+0000] {logging_mixin.py:188} INFO - [2025-10-09T05:24:13.801+0000] {dag.py:3036} INFO - Sync 1 DAGs
[2025-10-09T05:24:13.820+0000] {logging_mixin.py:188} INFO - [2025-10-09T05:24:13.820+0000] {dag.py:3823} INFO - Setting next_dagrun for tutorial_dag to None, run_after=None
[2025-10-09T05:24:13.850+0000] {processor.py:183} INFO - Processing /home/airflow/.local/lib/python3.8/site-packages/airflow/example_dags/tutorial_dag.py took 0.102 seconds
[2025-10-09T05:24:44.200+0000] {processor.py:161} INFO - Started process (PID=2210) to work on /home/airflow/.local/lib/python3.8/site-packages/airflow/example_dags/tutorial_dag.py
[2025-10-09T05:24:44.202+0000] {processor.py:830} INFO - Processing file /home/airflow/.local/lib/python3.8/site-packages/airflow/example_dags/tutorial_dag.py for tasks to queue
[2025-10-09T05:24:44.204+0000] {logging_mixin.py:188} INFO - [2025-10-09T05:24:44.204+0000] {dagbag.py:538} INFO - Filling up the DagBag from /home/airflow/.local/lib/python3.8/site-packages/airflow/example_dags/tutorial_dag.py
[2025-10-09T05:24:44.211+0000] {processor.py:840} INFO - DAG(s) 'tutorial_dag' retrieved from /home/airflow/.local/lib/python3.8/site-packages/airflow/example_dags/tutorial_dag.py
[2025-10-09T05:24:44.239+0000] {logging_mixin.py:188} INFO - [2025-10-09T05:24:44.238+0000] {dag.py:3036} INFO - Sync 1 DAGs
[2025-10-09T05:24:44.254+0000] {logging_mixin.py:188} INFO - [2025-10-09T05:24:44.253+0000] {dag.py:3823} INFO - Setting next_dagrun for tutorial_dag to None, run_after=None
[2025-10-09T05:24:44.289+0000] {processor.py:183} INFO - Processing /home/airflow/.local/lib/python3.8/site-packages/airflow/example_dags/tutorial_dag.py took 0.092 seconds
[2025-10-09T05:26:15.725+0000] {processor.py:161} INFO - Started process (PID=84) to work on /home/airflow/.local/lib/python3.8/site-packages/airflow/example_dags/tutorial_dag.py
[2025-10-09T05:26:15.728+0000] {processor.py:830} INFO - Processing file /home/airflow/.local/lib/python3.8/site-packages/airflow/example_dags/tutorial_dag.py for tasks to queue
[2025-10-09T05:26:15.732+0000] {logging_mixin.py:188} INFO - [2025-10-09T05:26:15.731+0000] {dagbag.py:538} INFO - Filling up the DagBag from /home/airflow/.local/lib/python3.8/site-packages/airflow/example_dags/tutorial_dag.py
[2025-10-09T05:26:15.747+0000] {processor.py:840} INFO - DAG(s) 'tutorial_dag' retrieved from /home/airflow/.local/lib/python3.8/site-packages/airflow/example_dags/tutorial_dag.py
[2025-10-09T05:26:16.045+0000] {logging_mixin.py:188} INFO - [2025-10-09T05:26:16.045+0000] {dag.py:3036} INFO - Sync 1 DAGs
[2025-10-09T05:26:16.069+0000] {logging_mixin.py:188} INFO - [2025-10-09T05:26:16.069+0000] {dag.py:3823} INFO - Setting next_dagrun for tutorial_dag to None, run_after=None
[2025-10-09T05:26:16.111+0000] {processor.py:183} INFO - Processing /home/airflow/.local/lib/python3.8/site-packages/airflow/example_dags/tutorial_dag.py took 0.402 seconds
[2025-10-09T05:26:46.236+0000] {processor.py:161} INFO - Started process (PID=142) to work on /home/airflow/.local/lib/python3.8/site-packages/airflow/example_dags/tutorial_dag.py
[2025-10-09T05:26:46.237+0000] {processor.py:830} INFO - Processing file /home/airflow/.local/lib/python3.8/site-packages/airflow/example_dags/tutorial_dag.py for tasks to queue
[2025-10-09T05:26:46.239+0000] {logging_mixin.py:188} INFO - [2025-10-09T05:26:46.238+0000] {dagbag.py:538} INFO - Filling up the DagBag from /home/airflow/.local/lib/python3.8/site-packages/airflow/example_dags/tutorial_dag.py
[2025-10-09T05:26:46.245+0000] {processor.py:840} INFO - DAG(s) 'tutorial_dag' retrieved from /home/airflow/.local/lib/python3.8/site-packages/airflow/example_dags/tutorial_dag.py
[2025-10-09T05:26:46.273+0000] {logging_mixin.py:188} INFO - [2025-10-09T05:26:46.273+0000] {dag.py:3036} INFO - Sync 1 DAGs
[2025-10-09T05:26:46.291+0000] {logging_mixin.py:188} INFO - [2025-10-09T05:26:46.290+0000] {dag.py:3823} INFO - Setting next_dagrun for tutorial_dag to None, run_after=None
[2025-10-09T05:26:46.314+0000] {processor.py:183} INFO - Processing /home/airflow/.local/lib/python3.8/site-packages/airflow/example_dags/tutorial_dag.py took 0.081 seconds
[2025-10-09T05:27:16.606+0000] {processor.py:161} INFO - Started process (PID=200) to work on /home/airflow/.local/lib/python3.8/site-packages/airflow/example_dags/tutorial_dag.py
[2025-10-09T05:27:16.607+0000] {processor.py:830} INFO - Processing file /home/airflow/.local/lib/python3.8/site-packages/airflow/example_dags/tutorial_dag.py for tasks to queue
[2025-10-09T05:27:16.610+0000] {logging_mixin.py:188} INFO - [2025-10-09T05:27:16.609+0000] {dagbag.py:538} INFO - Filling up the DagBag from /home/airflow/.local/lib/python3.8/site-packages/airflow/example_dags/tutorial_dag.py
[2025-10-09T05:27:16.617+0000] {processor.py:840} INFO - DAG(s) 'tutorial_dag' retrieved from /home/airflow/.local/lib/python3.8/site-packages/airflow/example_dags/tutorial_dag.py
[2025-10-09T05:27:16.643+0000] {logging_mixin.py:188} INFO - [2025-10-09T05:27:16.642+0000] {dag.py:3036} INFO - Sync 1 DAGs
[2025-10-09T05:27:16.657+0000] {logging_mixin.py:188} INFO - [2025-10-09T05:27:16.656+0000] {dag.py:3823} INFO - Setting next_dagrun for tutorial_dag to None, run_after=None
[2025-10-09T05:27:16.680+0000] {processor.py:183} INFO - Processing /home/airflow/.local/lib/python3.8/site-packages/airflow/example_dags/tutorial_dag.py took 0.077 seconds
[2025-10-09T05:27:47.086+0000] {processor.py:161} INFO - Started process (PID=259) to work on /home/airflow/.local/lib/python3.8/site-packages/airflow/example_dags/tutorial_dag.py
[2025-10-09T05:27:47.087+0000] {processor.py:830} INFO - Processing file /home/airflow/.local/lib/python3.8/site-packages/airflow/example_dags/tutorial_dag.py for tasks to queue
[2025-10-09T05:27:47.090+0000] {logging_mixin.py:188} INFO - [2025-10-09T05:27:47.089+0000] {dagbag.py:538} INFO - Filling up the DagBag from /home/airflow/.local/lib/python3.8/site-packages/airflow/example_dags/tutorial_dag.py
[2025-10-09T05:27:47.096+0000] {processor.py:840} INFO - DAG(s) 'tutorial_dag' retrieved from /home/airflow/.local/lib/python3.8/site-packages/airflow/example_dags/tutorial_dag.py
[2025-10-09T05:27:47.122+0000] {logging_mixin.py:188} INFO - [2025-10-09T05:27:47.122+0000] {dag.py:3036} INFO - Sync 1 DAGs
[2025-10-09T05:27:47.136+0000] {logging_mixin.py:188} INFO - [2025-10-09T05:27:47.136+0000] {dag.py:3823} INFO - Setting next_dagrun for tutorial_dag to None, run_after=None
[2025-10-09T05:27:47.159+0000] {processor.py:183} INFO - Processing /home/airflow/.local/lib/python3.8/site-packages/airflow/example_dags/tutorial_dag.py took 0.077 seconds
[2025-10-09T05:28:17.531+0000] {processor.py:161} INFO - Started process (PID=318) to work on /home/airflow/.local/lib/python3.8/site-packages/airflow/example_dags/tutorial_dag.py
[2025-10-09T05:28:17.532+0000] {processor.py:830} INFO - Processing file /home/airflow/.local/lib/python3.8/site-packages/airflow/example_dags/tutorial_dag.py for tasks to queue
[2025-10-09T05:28:17.535+0000] {logging_mixin.py:188} INFO - [2025-10-09T05:28:17.534+0000] {dagbag.py:538} INFO - Filling up the DagBag from /home/airflow/.local/lib/python3.8/site-packages/airflow/example_dags/tutorial_dag.py
[2025-10-09T05:28:17.541+0000] {processor.py:840} INFO - DAG(s) 'tutorial_dag' retrieved from /home/airflow/.local/lib/python3.8/site-packages/airflow/example_dags/tutorial_dag.py
[2025-10-09T05:28:17.569+0000] {logging_mixin.py:188} INFO - [2025-10-09T05:28:17.568+0000] {dag.py:3036} INFO - Sync 1 DAGs
[2025-10-09T05:28:17.583+0000] {logging_mixin.py:188} INFO - [2025-10-09T05:28:17.583+0000] {dag.py:3823} INFO - Setting next_dagrun for tutorial_dag to None, run_after=None
[2025-10-09T05:28:17.607+0000] {processor.py:183} INFO - Processing /home/airflow/.local/lib/python3.8/site-packages/airflow/example_dags/tutorial_dag.py took 0.079 seconds
[2025-10-09T05:28:48.796+0000] {processor.py:161} INFO - Started process (PID=377) to work on /home/airflow/.local/lib/python3.8/site-packages/airflow/example_dags/tutorial_dag.py
[2025-10-09T05:28:48.797+0000] {processor.py:830} INFO - Processing file /home/airflow/.local/lib/python3.8/site-packages/airflow/example_dags/tutorial_dag.py for tasks to queue
[2025-10-09T05:28:48.799+0000] {logging_mixin.py:188} INFO - [2025-10-09T05:28:48.799+0000] {dagbag.py:538} INFO - Filling up the DagBag from /home/airflow/.local/lib/python3.8/site-packages/airflow/example_dags/tutorial_dag.py
[2025-10-09T05:28:48.807+0000] {processor.py:840} INFO - DAG(s) 'tutorial_dag' retrieved from /home/airflow/.local/lib/python3.8/site-packages/airflow/example_dags/tutorial_dag.py
[2025-10-09T05:28:48.833+0000] {logging_mixin.py:188} INFO - [2025-10-09T05:28:48.832+0000] {dag.py:3036} INFO - Sync 1 DAGs
[2025-10-09T05:28:48.848+0000] {logging_mixin.py:188} INFO - [2025-10-09T05:28:48.848+0000] {dag.py:3823} INFO - Setting next_dagrun for tutorial_dag to None, run_after=None
[2025-10-09T05:28:48.868+0000] {processor.py:183} INFO - Processing /home/airflow/.local/lib/python3.8/site-packages/airflow/example_dags/tutorial_dag.py took 0.077 seconds
[2025-10-09T05:29:19.010+0000] {processor.py:161} INFO - Started process (PID=436) to work on /home/airflow/.local/lib/python3.8/site-packages/airflow/example_dags/tutorial_dag.py
[2025-10-09T05:29:19.011+0000] {processor.py:830} INFO - Processing file /home/airflow/.local/lib/python3.8/site-packages/airflow/example_dags/tutorial_dag.py for tasks to queue
[2025-10-09T05:29:19.013+0000] {logging_mixin.py:188} INFO - [2025-10-09T05:29:19.013+0000] {dagbag.py:538} INFO - Filling up the DagBag from /home/airflow/.local/lib/python3.8/site-packages/airflow/example_dags/tutorial_dag.py
[2025-10-09T05:29:19.019+0000] {processor.py:840} INFO - DAG(s) 'tutorial_dag' retrieved from /home/airflow/.local/lib/python3.8/site-packages/airflow/example_dags/tutorial_dag.py
[2025-10-09T05:29:19.045+0000] {logging_mixin.py:188} INFO - [2025-10-09T05:29:19.045+0000] {dag.py:3036} INFO - Sync 1 DAGs
[2025-10-09T05:29:19.059+0000] {logging_mixin.py:188} INFO - [2025-10-09T05:29:19.059+0000] {dag.py:3823} INFO - Setting next_dagrun for tutorial_dag to None, run_after=None
[2025-10-09T05:29:19.080+0000] {processor.py:183} INFO - Processing /home/airflow/.local/lib/python3.8/site-packages/airflow/example_dags/tutorial_dag.py took 0.073 seconds
[2025-10-09T05:29:49.597+0000] {processor.py:161} INFO - Started process (PID=495) to work on /home/airflow/.local/lib/python3.8/site-packages/airflow/example_dags/tutorial_dag.py
[2025-10-09T05:29:49.599+0000] {processor.py:830} INFO - Processing file /home/airflow/.local/lib/python3.8/site-packages/airflow/example_dags/tutorial_dag.py for tasks to queue
[2025-10-09T05:29:49.601+0000] {logging_mixin.py:188} INFO - [2025-10-09T05:29:49.601+0000] {dagbag.py:538} INFO - Filling up the DagBag from /home/airflow/.local/lib/python3.8/site-packages/airflow/example_dags/tutorial_dag.py
[2025-10-09T05:29:49.608+0000] {processor.py:840} INFO - DAG(s) 'tutorial_dag' retrieved from /home/airflow/.local/lib/python3.8/site-packages/airflow/example_dags/tutorial_dag.py
[2025-10-09T05:29:49.636+0000] {logging_mixin.py:188} INFO - [2025-10-09T05:29:49.635+0000] {dag.py:3036} INFO - Sync 1 DAGs
[2025-10-09T05:29:49.649+0000] {logging_mixin.py:188} INFO - [2025-10-09T05:29:49.649+0000] {dag.py:3823} INFO - Setting next_dagrun for tutorial_dag to None, run_after=None
[2025-10-09T05:29:49.672+0000] {processor.py:183} INFO - Processing /home/airflow/.local/lib/python3.8/site-packages/airflow/example_dags/tutorial_dag.py took 0.079 seconds
[2025-10-09T05:30:20.516+0000] {processor.py:161} INFO - Started process (PID=554) to work on /home/airflow/.local/lib/python3.8/site-packages/airflow/example_dags/tutorial_dag.py
[2025-10-09T05:30:20.517+0000] {processor.py:830} INFO - Processing file /home/airflow/.local/lib/python3.8/site-packages/airflow/example_dags/tutorial_dag.py for tasks to queue
[2025-10-09T05:30:20.519+0000] {logging_mixin.py:188} INFO - [2025-10-09T05:30:20.519+0000] {dagbag.py:538} INFO - Filling up the DagBag from /home/airflow/.local/lib/python3.8/site-packages/airflow/example_dags/tutorial_dag.py
[2025-10-09T05:30:20.525+0000] {processor.py:840} INFO - DAG(s) 'tutorial_dag' retrieved from /home/airflow/.local/lib/python3.8/site-packages/airflow/example_dags/tutorial_dag.py
[2025-10-09T05:30:20.554+0000] {logging_mixin.py:188} INFO - [2025-10-09T05:30:20.554+0000] {dag.py:3036} INFO - Sync 1 DAGs
[2025-10-09T05:30:20.568+0000] {logging_mixin.py:188} INFO - [2025-10-09T05:30:20.568+0000] {dag.py:3823} INFO - Setting next_dagrun for tutorial_dag to None, run_after=None
[2025-10-09T05:30:20.591+0000] {processor.py:183} INFO - Processing /home/airflow/.local/lib/python3.8/site-packages/airflow/example_dags/tutorial_dag.py took 0.079 seconds
[2025-10-09T05:30:51.793+0000] {processor.py:161} INFO - Started process (PID=613) to work on /home/airflow/.local/lib/python3.8/site-packages/airflow/example_dags/tutorial_dag.py
[2025-10-09T05:30:51.795+0000] {processor.py:830} INFO - Processing file /home/airflow/.local/lib/python3.8/site-packages/airflow/example_dags/tutorial_dag.py for tasks to queue
[2025-10-09T05:30:51.798+0000] {logging_mixin.py:188} INFO - [2025-10-09T05:30:51.797+0000] {dagbag.py:538} INFO - Filling up the DagBag from /home/airflow/.local/lib/python3.8/site-packages/airflow/example_dags/tutorial_dag.py
[2025-10-09T05:30:51.803+0000] {processor.py:840} INFO - DAG(s) 'tutorial_dag' retrieved from /home/airflow/.local/lib/python3.8/site-packages/airflow/example_dags/tutorial_dag.py
[2025-10-09T05:30:51.831+0000] {logging_mixin.py:188} INFO - [2025-10-09T05:30:51.831+0000] {dag.py:3036} INFO - Sync 1 DAGs
[2025-10-09T05:30:51.849+0000] {logging_mixin.py:188} INFO - [2025-10-09T05:30:51.849+0000] {dag.py:3823} INFO - Setting next_dagrun for tutorial_dag to None, run_after=None
[2025-10-09T05:30:51.891+0000] {processor.py:183} INFO - Processing /home/airflow/.local/lib/python3.8/site-packages/airflow/example_dags/tutorial_dag.py took 0.102 seconds
[2025-10-09T05:31:22.597+0000] {processor.py:161} INFO - Started process (PID=672) to work on /home/airflow/.local/lib/python3.8/site-packages/airflow/example_dags/tutorial_dag.py
[2025-10-09T05:31:22.598+0000] {processor.py:830} INFO - Processing file /home/airflow/.local/lib/python3.8/site-packages/airflow/example_dags/tutorial_dag.py for tasks to queue
[2025-10-09T05:31:22.600+0000] {logging_mixin.py:188} INFO - [2025-10-09T05:31:22.599+0000] {dagbag.py:538} INFO - Filling up the DagBag from /home/airflow/.local/lib/python3.8/site-packages/airflow/example_dags/tutorial_dag.py
[2025-10-09T05:31:22.606+0000] {processor.py:840} INFO - DAG(s) 'tutorial_dag' retrieved from /home/airflow/.local/lib/python3.8/site-packages/airflow/example_dags/tutorial_dag.py
[2025-10-09T05:31:22.637+0000] {logging_mixin.py:188} INFO - [2025-10-09T05:31:22.636+0000] {dag.py:3036} INFO - Sync 1 DAGs
[2025-10-09T05:31:22.651+0000] {logging_mixin.py:188} INFO - [2025-10-09T05:31:22.651+0000] {dag.py:3823} INFO - Setting next_dagrun for tutorial_dag to None, run_after=None
[2025-10-09T05:31:22.673+0000] {processor.py:183} INFO - Processing /home/airflow/.local/lib/python3.8/site-packages/airflow/example_dags/tutorial_dag.py took 0.081 seconds
[2025-10-09T05:31:53.539+0000] {processor.py:161} INFO - Started process (PID=731) to work on /home/airflow/.local/lib/python3.8/site-packages/airflow/example_dags/tutorial_dag.py
[2025-10-09T05:31:53.540+0000] {processor.py:830} INFO - Processing file /home/airflow/.local/lib/python3.8/site-packages/airflow/example_dags/tutorial_dag.py for tasks to queue
[2025-10-09T05:31:53.542+0000] {logging_mixin.py:188} INFO - [2025-10-09T05:31:53.542+0000] {dagbag.py:538} INFO - Filling up the DagBag from /home/airflow/.local/lib/python3.8/site-packages/airflow/example_dags/tutorial_dag.py
[2025-10-09T05:31:53.548+0000] {processor.py:840} INFO - DAG(s) 'tutorial_dag' retrieved from /home/airflow/.local/lib/python3.8/site-packages/airflow/example_dags/tutorial_dag.py
[2025-10-09T05:31:53.581+0000] {logging_mixin.py:188} INFO - [2025-10-09T05:31:53.580+0000] {dag.py:3036} INFO - Sync 1 DAGs
[2025-10-09T05:31:53.597+0000] {logging_mixin.py:188} INFO - [2025-10-09T05:31:53.597+0000] {dag.py:3823} INFO - Setting next_dagrun for tutorial_dag to None, run_after=None
[2025-10-09T05:31:53.637+0000] {processor.py:183} INFO - Processing /home/airflow/.local/lib/python3.8/site-packages/airflow/example_dags/tutorial_dag.py took 0.102 seconds
[2025-10-09T05:32:25.165+0000] {processor.py:161} INFO - Started process (PID=790) to work on /home/airflow/.local/lib/python3.8/site-packages/airflow/example_dags/tutorial_dag.py
[2025-10-09T05:32:25.166+0000] {processor.py:830} INFO - Processing file /home/airflow/.local/lib/python3.8/site-packages/airflow/example_dags/tutorial_dag.py for tasks to queue
[2025-10-09T05:32:25.169+0000] {logging_mixin.py:188} INFO - [2025-10-09T05:32:25.168+0000] {dagbag.py:538} INFO - Filling up the DagBag from /home/airflow/.local/lib/python3.8/site-packages/airflow/example_dags/tutorial_dag.py
[2025-10-09T05:32:25.177+0000] {processor.py:840} INFO - DAG(s) 'tutorial_dag' retrieved from /home/airflow/.local/lib/python3.8/site-packages/airflow/example_dags/tutorial_dag.py
[2025-10-09T05:32:25.206+0000] {logging_mixin.py:188} INFO - [2025-10-09T05:32:25.206+0000] {dag.py:3036} INFO - Sync 1 DAGs
[2025-10-09T05:32:25.220+0000] {logging_mixin.py:188} INFO - [2025-10-09T05:32:25.220+0000] {dag.py:3823} INFO - Setting next_dagrun for tutorial_dag to None, run_after=None
[2025-10-09T05:32:25.258+0000] {processor.py:183} INFO - Processing /home/airflow/.local/lib/python3.8/site-packages/airflow/example_dags/tutorial_dag.py took 0.098 seconds
[2025-10-09T05:34:04.332+0000] {processor.py:161} INFO - Started process (PID=85) to work on /home/airflow/.local/lib/python3.8/site-packages/airflow/example_dags/tutorial_dag.py
[2025-10-09T05:34:04.334+0000] {processor.py:830} INFO - Processing file /home/airflow/.local/lib/python3.8/site-packages/airflow/example_dags/tutorial_dag.py for tasks to queue
[2025-10-09T05:34:04.336+0000] {logging_mixin.py:188} INFO - [2025-10-09T05:34:04.336+0000] {dagbag.py:538} INFO - Filling up the DagBag from /home/airflow/.local/lib/python3.8/site-packages/airflow/example_dags/tutorial_dag.py
[2025-10-09T05:34:04.347+0000] {processor.py:840} INFO - DAG(s) 'tutorial_dag' retrieved from /home/airflow/.local/lib/python3.8/site-packages/airflow/example_dags/tutorial_dag.py
[2025-10-09T05:34:04.579+0000] {logging_mixin.py:188} INFO - [2025-10-09T05:34:04.579+0000] {dag.py:3036} INFO - Sync 1 DAGs
[2025-10-09T05:34:04.598+0000] {logging_mixin.py:188} INFO - [2025-10-09T05:34:04.597+0000] {dag.py:3823} INFO - Setting next_dagrun for tutorial_dag to None, run_after=None
[2025-10-09T05:34:04.631+0000] {processor.py:183} INFO - Processing /home/airflow/.local/lib/python3.8/site-packages/airflow/example_dags/tutorial_dag.py took 0.306 seconds
[2025-10-09T05:34:35.523+0000] {processor.py:161} INFO - Started process (PID=143) to work on /home/airflow/.local/lib/python3.8/site-packages/airflow/example_dags/tutorial_dag.py
[2025-10-09T05:34:35.524+0000] {processor.py:830} INFO - Processing file /home/airflow/.local/lib/python3.8/site-packages/airflow/example_dags/tutorial_dag.py for tasks to queue
[2025-10-09T05:34:35.527+0000] {logging_mixin.py:188} INFO - [2025-10-09T05:34:35.526+0000] {dagbag.py:538} INFO - Filling up the DagBag from /home/airflow/.local/lib/python3.8/site-packages/airflow/example_dags/tutorial_dag.py
[2025-10-09T05:34:35.536+0000] {processor.py:840} INFO - DAG(s) 'tutorial_dag' retrieved from /home/airflow/.local/lib/python3.8/site-packages/airflow/example_dags/tutorial_dag.py
[2025-10-09T05:34:35.589+0000] {logging_mixin.py:188} INFO - [2025-10-09T05:34:35.589+0000] {dag.py:3036} INFO - Sync 1 DAGs
[2025-10-09T05:34:35.618+0000] {logging_mixin.py:188} INFO - [2025-10-09T05:34:35.616+0000] {dag.py:3823} INFO - Setting next_dagrun for tutorial_dag to None, run_after=None
[2025-10-09T05:34:35.666+0000] {processor.py:183} INFO - Processing /home/airflow/.local/lib/python3.8/site-packages/airflow/example_dags/tutorial_dag.py took 0.151 seconds
[2025-10-09T05:35:06.471+0000] {processor.py:161} INFO - Started process (PID=202) to work on /home/airflow/.local/lib/python3.8/site-packages/airflow/example_dags/tutorial_dag.py
[2025-10-09T05:35:06.473+0000] {processor.py:830} INFO - Processing file /home/airflow/.local/lib/python3.8/site-packages/airflow/example_dags/tutorial_dag.py for tasks to queue
[2025-10-09T05:35:06.475+0000] {logging_mixin.py:188} INFO - [2025-10-09T05:35:06.475+0000] {dagbag.py:538} INFO - Filling up the DagBag from /home/airflow/.local/lib/python3.8/site-packages/airflow/example_dags/tutorial_dag.py
[2025-10-09T05:35:06.481+0000] {processor.py:840} INFO - DAG(s) 'tutorial_dag' retrieved from /home/airflow/.local/lib/python3.8/site-packages/airflow/example_dags/tutorial_dag.py
[2025-10-09T05:35:06.511+0000] {logging_mixin.py:188} INFO - [2025-10-09T05:35:06.511+0000] {dag.py:3036} INFO - Sync 1 DAGs
[2025-10-09T05:35:06.526+0000] {logging_mixin.py:188} INFO - [2025-10-09T05:35:06.526+0000] {dag.py:3823} INFO - Setting next_dagrun for tutorial_dag to None, run_after=None
[2025-10-09T05:35:06.550+0000] {processor.py:183} INFO - Processing /home/airflow/.local/lib/python3.8/site-packages/airflow/example_dags/tutorial_dag.py took 0.083 seconds
[2025-10-09T05:35:37.109+0000] {processor.py:161} INFO - Started process (PID=260) to work on /home/airflow/.local/lib/python3.8/site-packages/airflow/example_dags/tutorial_dag.py
[2025-10-09T05:35:37.110+0000] {processor.py:830} INFO - Processing file /home/airflow/.local/lib/python3.8/site-packages/airflow/example_dags/tutorial_dag.py for tasks to queue
[2025-10-09T05:35:37.112+0000] {logging_mixin.py:188} INFO - [2025-10-09T05:35:37.112+0000] {dagbag.py:538} INFO - Filling up the DagBag from /home/airflow/.local/lib/python3.8/site-packages/airflow/example_dags/tutorial_dag.py
[2025-10-09T05:35:37.118+0000] {processor.py:840} INFO - DAG(s) 'tutorial_dag' retrieved from /home/airflow/.local/lib/python3.8/site-packages/airflow/example_dags/tutorial_dag.py
[2025-10-09T05:35:37.146+0000] {logging_mixin.py:188} INFO - [2025-10-09T05:35:37.146+0000] {dag.py:3036} INFO - Sync 1 DAGs
[2025-10-09T05:35:37.161+0000] {logging_mixin.py:188} INFO - [2025-10-09T05:35:37.161+0000] {dag.py:3823} INFO - Setting next_dagrun for tutorial_dag to None, run_after=None
[2025-10-09T05:35:37.183+0000] {processor.py:183} INFO - Processing /home/airflow/.local/lib/python3.8/site-packages/airflow/example_dags/tutorial_dag.py took 0.078 seconds
[2025-10-09T05:36:07.918+0000] {processor.py:161} INFO - Started process (PID=319) to work on /home/airflow/.local/lib/python3.8/site-packages/airflow/example_dags/tutorial_dag.py
[2025-10-09T05:36:07.919+0000] {processor.py:830} INFO - Processing file /home/airflow/.local/lib/python3.8/site-packages/airflow/example_dags/tutorial_dag.py for tasks to queue
[2025-10-09T05:36:07.921+0000] {logging_mixin.py:188} INFO - [2025-10-09T05:36:07.921+0000] {dagbag.py:538} INFO - Filling up the DagBag from /home/airflow/.local/lib/python3.8/site-packages/airflow/example_dags/tutorial_dag.py
[2025-10-09T05:36:07.929+0000] {processor.py:840} INFO - DAG(s) 'tutorial_dag' retrieved from /home/airflow/.local/lib/python3.8/site-packages/airflow/example_dags/tutorial_dag.py
[2025-10-09T05:36:07.959+0000] {logging_mixin.py:188} INFO - [2025-10-09T05:36:07.958+0000] {dag.py:3036} INFO - Sync 1 DAGs
[2025-10-09T05:36:07.974+0000] {logging_mixin.py:188} INFO - [2025-10-09T05:36:07.973+0000] {dag.py:3823} INFO - Setting next_dagrun for tutorial_dag to None, run_after=None
[2025-10-09T05:36:07.998+0000] {processor.py:183} INFO - Processing /home/airflow/.local/lib/python3.8/site-packages/airflow/example_dags/tutorial_dag.py took 0.085 seconds
[2025-10-09T05:36:38.565+0000] {processor.py:161} INFO - Started process (PID=378) to work on /home/airflow/.local/lib/python3.8/site-packages/airflow/example_dags/tutorial_dag.py
[2025-10-09T05:36:38.566+0000] {processor.py:830} INFO - Processing file /home/airflow/.local/lib/python3.8/site-packages/airflow/example_dags/tutorial_dag.py for tasks to queue
[2025-10-09T05:36:38.569+0000] {logging_mixin.py:188} INFO - [2025-10-09T05:36:38.569+0000] {dagbag.py:538} INFO - Filling up the DagBag from /home/airflow/.local/lib/python3.8/site-packages/airflow/example_dags/tutorial_dag.py
[2025-10-09T05:36:38.575+0000] {processor.py:840} INFO - DAG(s) 'tutorial_dag' retrieved from /home/airflow/.local/lib/python3.8/site-packages/airflow/example_dags/tutorial_dag.py
[2025-10-09T05:36:38.613+0000] {logging_mixin.py:188} INFO - [2025-10-09T05:36:38.612+0000] {dag.py:3036} INFO - Sync 1 DAGs
[2025-10-09T05:36:38.630+0000] {logging_mixin.py:188} INFO - [2025-10-09T05:36:38.629+0000] {dag.py:3823} INFO - Setting next_dagrun for tutorial_dag to None, run_after=None
[2025-10-09T05:36:38.656+0000] {processor.py:183} INFO - Processing /home/airflow/.local/lib/python3.8/site-packages/airflow/example_dags/tutorial_dag.py took 0.095 seconds
[2025-10-09T05:38:31.928+0000] {processor.py:161} INFO - Started process (PID=84) to work on /home/airflow/.local/lib/python3.8/site-packages/airflow/example_dags/tutorial_dag.py
[2025-10-09T05:38:31.930+0000] {processor.py:830} INFO - Processing file /home/airflow/.local/lib/python3.8/site-packages/airflow/example_dags/tutorial_dag.py for tasks to queue
[2025-10-09T05:38:31.934+0000] {logging_mixin.py:188} INFO - [2025-10-09T05:38:31.933+0000] {dagbag.py:538} INFO - Filling up the DagBag from /home/airflow/.local/lib/python3.8/site-packages/airflow/example_dags/tutorial_dag.py
[2025-10-09T05:38:31.946+0000] {processor.py:840} INFO - DAG(s) 'tutorial_dag' retrieved from /home/airflow/.local/lib/python3.8/site-packages/airflow/example_dags/tutorial_dag.py
[2025-10-09T05:38:32.157+0000] {logging_mixin.py:188} INFO - [2025-10-09T05:38:32.157+0000] {dag.py:3036} INFO - Sync 1 DAGs
[2025-10-09T05:38:32.177+0000] {logging_mixin.py:188} INFO - [2025-10-09T05:38:32.177+0000] {dag.py:3823} INFO - Setting next_dagrun for tutorial_dag to None, run_after=None
[2025-10-09T05:38:32.216+0000] {processor.py:183} INFO - Processing /home/airflow/.local/lib/python3.8/site-packages/airflow/example_dags/tutorial_dag.py took 0.295 seconds
[2025-10-09T05:39:02.434+0000] {processor.py:161} INFO - Started process (PID=143) to work on /home/airflow/.local/lib/python3.8/site-packages/airflow/example_dags/tutorial_dag.py
[2025-10-09T05:39:02.435+0000] {processor.py:830} INFO - Processing file /home/airflow/.local/lib/python3.8/site-packages/airflow/example_dags/tutorial_dag.py for tasks to queue
[2025-10-09T05:39:02.437+0000] {logging_mixin.py:188} INFO - [2025-10-09T05:39:02.437+0000] {dagbag.py:538} INFO - Filling up the DagBag from /home/airflow/.local/lib/python3.8/site-packages/airflow/example_dags/tutorial_dag.py
[2025-10-09T05:39:02.443+0000] {processor.py:840} INFO - DAG(s) 'tutorial_dag' retrieved from /home/airflow/.local/lib/python3.8/site-packages/airflow/example_dags/tutorial_dag.py
[2025-10-09T05:39:02.472+0000] {logging_mixin.py:188} INFO - [2025-10-09T05:39:02.472+0000] {dag.py:3036} INFO - Sync 1 DAGs
[2025-10-09T05:39:02.486+0000] {logging_mixin.py:188} INFO - [2025-10-09T05:39:02.486+0000] {dag.py:3823} INFO - Setting next_dagrun for tutorial_dag to None, run_after=None
[2025-10-09T05:39:02.508+0000] {processor.py:183} INFO - Processing /home/airflow/.local/lib/python3.8/site-packages/airflow/example_dags/tutorial_dag.py took 0.077 seconds
[2025-10-09T05:39:33.333+0000] {processor.py:161} INFO - Started process (PID=202) to work on /home/airflow/.local/lib/python3.8/site-packages/airflow/example_dags/tutorial_dag.py
[2025-10-09T05:39:33.334+0000] {processor.py:830} INFO - Processing file /home/airflow/.local/lib/python3.8/site-packages/airflow/example_dags/tutorial_dag.py for tasks to queue
[2025-10-09T05:39:33.336+0000] {logging_mixin.py:188} INFO - [2025-10-09T05:39:33.336+0000] {dagbag.py:538} INFO - Filling up the DagBag from /home/airflow/.local/lib/python3.8/site-packages/airflow/example_dags/tutorial_dag.py
[2025-10-09T05:39:33.343+0000] {processor.py:840} INFO - DAG(s) 'tutorial_dag' retrieved from /home/airflow/.local/lib/python3.8/site-packages/airflow/example_dags/tutorial_dag.py
[2025-10-09T05:39:33.369+0000] {logging_mixin.py:188} INFO - [2025-10-09T05:39:33.368+0000] {dag.py:3036} INFO - Sync 1 DAGs
[2025-10-09T05:39:33.382+0000] {logging_mixin.py:188} INFO - [2025-10-09T05:39:33.382+0000] {dag.py:3823} INFO - Setting next_dagrun for tutorial_dag to None, run_after=None
[2025-10-09T05:39:33.404+0000] {processor.py:183} INFO - Processing /home/airflow/.local/lib/python3.8/site-packages/airflow/example_dags/tutorial_dag.py took 0.075 seconds
[2025-10-09T05:40:04.336+0000] {processor.py:161} INFO - Started process (PID=261) to work on /home/airflow/.local/lib/python3.8/site-packages/airflow/example_dags/tutorial_dag.py
[2025-10-09T05:40:04.338+0000] {processor.py:830} INFO - Processing file /home/airflow/.local/lib/python3.8/site-packages/airflow/example_dags/tutorial_dag.py for tasks to queue
[2025-10-09T05:40:04.340+0000] {logging_mixin.py:188} INFO - [2025-10-09T05:40:04.339+0000] {dagbag.py:538} INFO - Filling up the DagBag from /home/airflow/.local/lib/python3.8/site-packages/airflow/example_dags/tutorial_dag.py
[2025-10-09T05:40:04.346+0000] {processor.py:840} INFO - DAG(s) 'tutorial_dag' retrieved from /home/airflow/.local/lib/python3.8/site-packages/airflow/example_dags/tutorial_dag.py
[2025-10-09T05:40:04.375+0000] {logging_mixin.py:188} INFO - [2025-10-09T05:40:04.374+0000] {dag.py:3036} INFO - Sync 1 DAGs
[2025-10-09T05:40:04.390+0000] {logging_mixin.py:188} INFO - [2025-10-09T05:40:04.389+0000] {dag.py:3823} INFO - Setting next_dagrun for tutorial_dag to None, run_after=None
[2025-10-09T05:40:04.412+0000] {processor.py:183} INFO - Processing /home/airflow/.local/lib/python3.8/site-packages/airflow/example_dags/tutorial_dag.py took 0.080 seconds
[2025-10-09T05:40:34.646+0000] {processor.py:161} INFO - Started process (PID=320) to work on /home/airflow/.local/lib/python3.8/site-packages/airflow/example_dags/tutorial_dag.py
[2025-10-09T05:40:34.647+0000] {processor.py:830} INFO - Processing file /home/airflow/.local/lib/python3.8/site-packages/airflow/example_dags/tutorial_dag.py for tasks to queue
[2025-10-09T05:40:34.649+0000] {logging_mixin.py:188} INFO - [2025-10-09T05:40:34.649+0000] {dagbag.py:538} INFO - Filling up the DagBag from /home/airflow/.local/lib/python3.8/site-packages/airflow/example_dags/tutorial_dag.py
[2025-10-09T05:40:34.655+0000] {processor.py:840} INFO - DAG(s) 'tutorial_dag' retrieved from /home/airflow/.local/lib/python3.8/site-packages/airflow/example_dags/tutorial_dag.py
[2025-10-09T05:40:34.688+0000] {logging_mixin.py:188} INFO - [2025-10-09T05:40:34.688+0000] {dag.py:3036} INFO - Sync 1 DAGs
[2025-10-09T05:40:34.706+0000] {logging_mixin.py:188} INFO - [2025-10-09T05:40:34.705+0000] {dag.py:3823} INFO - Setting next_dagrun for tutorial_dag to None, run_after=None
[2025-10-09T05:40:34.730+0000] {processor.py:183} INFO - Processing /home/airflow/.local/lib/python3.8/site-packages/airflow/example_dags/tutorial_dag.py took 0.088 seconds
[2025-10-09T05:41:05.675+0000] {processor.py:161} INFO - Started process (PID=379) to work on /home/airflow/.local/lib/python3.8/site-packages/airflow/example_dags/tutorial_dag.py
[2025-10-09T05:41:05.676+0000] {processor.py:830} INFO - Processing file /home/airflow/.local/lib/python3.8/site-packages/airflow/example_dags/tutorial_dag.py for tasks to queue
[2025-10-09T05:41:05.679+0000] {logging_mixin.py:188} INFO - [2025-10-09T05:41:05.678+0000] {dagbag.py:538} INFO - Filling up the DagBag from /home/airflow/.local/lib/python3.8/site-packages/airflow/example_dags/tutorial_dag.py
[2025-10-09T05:41:05.684+0000] {processor.py:840} INFO - DAG(s) 'tutorial_dag' retrieved from /home/airflow/.local/lib/python3.8/site-packages/airflow/example_dags/tutorial_dag.py
[2025-10-09T05:41:05.712+0000] {logging_mixin.py:188} INFO - [2025-10-09T05:41:05.712+0000] {dag.py:3036} INFO - Sync 1 DAGs
[2025-10-09T05:41:05.727+0000] {logging_mixin.py:188} INFO - [2025-10-09T05:41:05.727+0000] {dag.py:3823} INFO - Setting next_dagrun for tutorial_dag to None, run_after=None
[2025-10-09T05:41:05.751+0000] {processor.py:183} INFO - Processing /home/airflow/.local/lib/python3.8/site-packages/airflow/example_dags/tutorial_dag.py took 0.080 seconds
[2025-10-09T05:41:36.179+0000] {processor.py:161} INFO - Started process (PID=438) to work on /home/airflow/.local/lib/python3.8/site-packages/airflow/example_dags/tutorial_dag.py
[2025-10-09T05:41:36.180+0000] {processor.py:830} INFO - Processing file /home/airflow/.local/lib/python3.8/site-packages/airflow/example_dags/tutorial_dag.py for tasks to queue
[2025-10-09T05:41:36.183+0000] {logging_mixin.py:188} INFO - [2025-10-09T05:41:36.183+0000] {dagbag.py:538} INFO - Filling up the DagBag from /home/airflow/.local/lib/python3.8/site-packages/airflow/example_dags/tutorial_dag.py
[2025-10-09T05:41:36.189+0000] {processor.py:840} INFO - DAG(s) 'tutorial_dag' retrieved from /home/airflow/.local/lib/python3.8/site-packages/airflow/example_dags/tutorial_dag.py
[2025-10-09T05:41:36.217+0000] {logging_mixin.py:188} INFO - [2025-10-09T05:41:36.217+0000] {dag.py:3036} INFO - Sync 1 DAGs
[2025-10-09T05:41:36.234+0000] {logging_mixin.py:188} INFO - [2025-10-09T05:41:36.233+0000] {dag.py:3823} INFO - Setting next_dagrun for tutorial_dag to None, run_after=None
[2025-10-09T05:41:36.257+0000] {processor.py:183} INFO - Processing /home/airflow/.local/lib/python3.8/site-packages/airflow/example_dags/tutorial_dag.py took 0.083 seconds
[2025-10-09T05:42:06.474+0000] {processor.py:161} INFO - Started process (PID=497) to work on /home/airflow/.local/lib/python3.8/site-packages/airflow/example_dags/tutorial_dag.py
[2025-10-09T05:42:06.475+0000] {processor.py:830} INFO - Processing file /home/airflow/.local/lib/python3.8/site-packages/airflow/example_dags/tutorial_dag.py for tasks to queue
[2025-10-09T05:42:06.477+0000] {logging_mixin.py:188} INFO - [2025-10-09T05:42:06.477+0000] {dagbag.py:538} INFO - Filling up the DagBag from /home/airflow/.local/lib/python3.8/site-packages/airflow/example_dags/tutorial_dag.py
[2025-10-09T05:42:06.483+0000] {processor.py:840} INFO - DAG(s) 'tutorial_dag' retrieved from /home/airflow/.local/lib/python3.8/site-packages/airflow/example_dags/tutorial_dag.py
[2025-10-09T05:42:06.509+0000] {logging_mixin.py:188} INFO - [2025-10-09T05:42:06.509+0000] {dag.py:3036} INFO - Sync 1 DAGs
[2025-10-09T05:42:06.523+0000] {logging_mixin.py:188} INFO - [2025-10-09T05:42:06.522+0000] {dag.py:3823} INFO - Setting next_dagrun for tutorial_dag to None, run_after=None
[2025-10-09T05:42:06.544+0000] {processor.py:183} INFO - Processing /home/airflow/.local/lib/python3.8/site-packages/airflow/example_dags/tutorial_dag.py took 0.073 seconds
[2025-10-09T05:42:37.035+0000] {processor.py:161} INFO - Started process (PID=556) to work on /home/airflow/.local/lib/python3.8/site-packages/airflow/example_dags/tutorial_dag.py
[2025-10-09T05:42:37.037+0000] {processor.py:830} INFO - Processing file /home/airflow/.local/lib/python3.8/site-packages/airflow/example_dags/tutorial_dag.py for tasks to queue
[2025-10-09T05:42:37.039+0000] {logging_mixin.py:188} INFO - [2025-10-09T05:42:37.039+0000] {dagbag.py:538} INFO - Filling up the DagBag from /home/airflow/.local/lib/python3.8/site-packages/airflow/example_dags/tutorial_dag.py
[2025-10-09T05:42:37.045+0000] {processor.py:840} INFO - DAG(s) 'tutorial_dag' retrieved from /home/airflow/.local/lib/python3.8/site-packages/airflow/example_dags/tutorial_dag.py
[2025-10-09T05:42:37.072+0000] {logging_mixin.py:188} INFO - [2025-10-09T05:42:37.072+0000] {dag.py:3036} INFO - Sync 1 DAGs
[2025-10-09T05:42:37.086+0000] {logging_mixin.py:188} INFO - [2025-10-09T05:42:37.086+0000] {dag.py:3823} INFO - Setting next_dagrun for tutorial_dag to None, run_after=None
[2025-10-09T05:42:37.108+0000] {processor.py:183} INFO - Processing /home/airflow/.local/lib/python3.8/site-packages/airflow/example_dags/tutorial_dag.py took 0.077 seconds
[2025-10-09T05:43:07.321+0000] {processor.py:161} INFO - Started process (PID=615) to work on /home/airflow/.local/lib/python3.8/site-packages/airflow/example_dags/tutorial_dag.py
[2025-10-09T05:43:07.323+0000] {processor.py:830} INFO - Processing file /home/airflow/.local/lib/python3.8/site-packages/airflow/example_dags/tutorial_dag.py for tasks to queue
[2025-10-09T05:43:07.325+0000] {logging_mixin.py:188} INFO - [2025-10-09T05:43:07.325+0000] {dagbag.py:538} INFO - Filling up the DagBag from /home/airflow/.local/lib/python3.8/site-packages/airflow/example_dags/tutorial_dag.py
[2025-10-09T05:43:07.331+0000] {processor.py:840} INFO - DAG(s) 'tutorial_dag' retrieved from /home/airflow/.local/lib/python3.8/site-packages/airflow/example_dags/tutorial_dag.py
[2025-10-09T05:43:07.359+0000] {logging_mixin.py:188} INFO - [2025-10-09T05:43:07.358+0000] {dag.py:3036} INFO - Sync 1 DAGs
[2025-10-09T05:43:07.373+0000] {logging_mixin.py:188} INFO - [2025-10-09T05:43:07.373+0000] {dag.py:3823} INFO - Setting next_dagrun for tutorial_dag to None, run_after=None
[2025-10-09T05:43:07.397+0000] {processor.py:183} INFO - Processing /home/airflow/.local/lib/python3.8/site-packages/airflow/example_dags/tutorial_dag.py took 0.079 seconds
[2025-10-09T05:43:37.848+0000] {processor.py:161} INFO - Started process (PID=674) to work on /home/airflow/.local/lib/python3.8/site-packages/airflow/example_dags/tutorial_dag.py
[2025-10-09T05:43:37.850+0000] {processor.py:830} INFO - Processing file /home/airflow/.local/lib/python3.8/site-packages/airflow/example_dags/tutorial_dag.py for tasks to queue
[2025-10-09T05:43:37.852+0000] {logging_mixin.py:188} INFO - [2025-10-09T05:43:37.852+0000] {dagbag.py:538} INFO - Filling up the DagBag from /home/airflow/.local/lib/python3.8/site-packages/airflow/example_dags/tutorial_dag.py
[2025-10-09T05:43:37.859+0000] {processor.py:840} INFO - DAG(s) 'tutorial_dag' retrieved from /home/airflow/.local/lib/python3.8/site-packages/airflow/example_dags/tutorial_dag.py
[2025-10-09T05:43:37.884+0000] {logging_mixin.py:188} INFO - [2025-10-09T05:43:37.883+0000] {dag.py:3036} INFO - Sync 1 DAGs
[2025-10-09T05:43:37.897+0000] {logging_mixin.py:188} INFO - [2025-10-09T05:43:37.896+0000] {dag.py:3823} INFO - Setting next_dagrun for tutorial_dag to None, run_after=None
[2025-10-09T05:43:37.917+0000] {processor.py:183} INFO - Processing /home/airflow/.local/lib/python3.8/site-packages/airflow/example_dags/tutorial_dag.py took 0.073 seconds
[2025-10-09T05:44:08.660+0000] {processor.py:161} INFO - Started process (PID=733) to work on /home/airflow/.local/lib/python3.8/site-packages/airflow/example_dags/tutorial_dag.py
[2025-10-09T05:44:08.662+0000] {processor.py:830} INFO - Processing file /home/airflow/.local/lib/python3.8/site-packages/airflow/example_dags/tutorial_dag.py for tasks to queue
[2025-10-09T05:44:08.664+0000] {logging_mixin.py:188} INFO - [2025-10-09T05:44:08.663+0000] {dagbag.py:538} INFO - Filling up the DagBag from /home/airflow/.local/lib/python3.8/site-packages/airflow/example_dags/tutorial_dag.py
[2025-10-09T05:44:08.670+0000] {processor.py:840} INFO - DAG(s) 'tutorial_dag' retrieved from /home/airflow/.local/lib/python3.8/site-packages/airflow/example_dags/tutorial_dag.py
[2025-10-09T05:44:08.698+0000] {logging_mixin.py:188} INFO - [2025-10-09T05:44:08.698+0000] {dag.py:3036} INFO - Sync 1 DAGs
[2025-10-09T05:44:08.714+0000] {logging_mixin.py:188} INFO - [2025-10-09T05:44:08.714+0000] {dag.py:3823} INFO - Setting next_dagrun for tutorial_dag to None, run_after=None
[2025-10-09T05:44:08.736+0000] {processor.py:183} INFO - Processing /home/airflow/.local/lib/python3.8/site-packages/airflow/example_dags/tutorial_dag.py took 0.079 seconds
[2025-10-09T05:44:39.222+0000] {processor.py:161} INFO - Started process (PID=792) to work on /home/airflow/.local/lib/python3.8/site-packages/airflow/example_dags/tutorial_dag.py
[2025-10-09T05:44:39.223+0000] {processor.py:830} INFO - Processing file /home/airflow/.local/lib/python3.8/site-packages/airflow/example_dags/tutorial_dag.py for tasks to queue
[2025-10-09T05:44:39.227+0000] {logging_mixin.py:188} INFO - [2025-10-09T05:44:39.226+0000] {dagbag.py:538} INFO - Filling up the DagBag from /home/airflow/.local/lib/python3.8/site-packages/airflow/example_dags/tutorial_dag.py
[2025-10-09T05:44:39.234+0000] {processor.py:840} INFO - DAG(s) 'tutorial_dag' retrieved from /home/airflow/.local/lib/python3.8/site-packages/airflow/example_dags/tutorial_dag.py
[2025-10-09T05:44:39.263+0000] {logging_mixin.py:188} INFO - [2025-10-09T05:44:39.262+0000] {dag.py:3036} INFO - Sync 1 DAGs
[2025-10-09T05:44:39.278+0000] {logging_mixin.py:188} INFO - [2025-10-09T05:44:39.277+0000] {dag.py:3823} INFO - Setting next_dagrun for tutorial_dag to None, run_after=None
[2025-10-09T05:44:39.303+0000] {processor.py:183} INFO - Processing /home/airflow/.local/lib/python3.8/site-packages/airflow/example_dags/tutorial_dag.py took 0.088 seconds
[2025-10-09T05:45:09.688+0000] {processor.py:161} INFO - Started process (PID=852) to work on /home/airflow/.local/lib/python3.8/site-packages/airflow/example_dags/tutorial_dag.py
[2025-10-09T05:45:09.689+0000] {processor.py:830} INFO - Processing file /home/airflow/.local/lib/python3.8/site-packages/airflow/example_dags/tutorial_dag.py for tasks to queue
[2025-10-09T05:45:09.691+0000] {logging_mixin.py:188} INFO - [2025-10-09T05:45:09.691+0000] {dagbag.py:538} INFO - Filling up the DagBag from /home/airflow/.local/lib/python3.8/site-packages/airflow/example_dags/tutorial_dag.py
[2025-10-09T05:45:09.698+0000] {processor.py:840} INFO - DAG(s) 'tutorial_dag' retrieved from /home/airflow/.local/lib/python3.8/site-packages/airflow/example_dags/tutorial_dag.py
[2025-10-09T05:45:09.730+0000] {logging_mixin.py:188} INFO - [2025-10-09T05:45:09.729+0000] {dag.py:3036} INFO - Sync 1 DAGs
[2025-10-09T05:45:09.745+0000] {logging_mixin.py:188} INFO - [2025-10-09T05:45:09.745+0000] {dag.py:3823} INFO - Setting next_dagrun for tutorial_dag to None, run_after=None
[2025-10-09T05:45:09.769+0000] {processor.py:183} INFO - Processing /home/airflow/.local/lib/python3.8/site-packages/airflow/example_dags/tutorial_dag.py took 0.087 seconds
[2025-10-09T05:45:40.506+0000] {processor.py:161} INFO - Started process (PID=911) to work on /home/airflow/.local/lib/python3.8/site-packages/airflow/example_dags/tutorial_dag.py
[2025-10-09T05:45:40.508+0000] {processor.py:830} INFO - Processing file /home/airflow/.local/lib/python3.8/site-packages/airflow/example_dags/tutorial_dag.py for tasks to queue
[2025-10-09T05:45:40.510+0000] {logging_mixin.py:188} INFO - [2025-10-09T05:45:40.510+0000] {dagbag.py:538} INFO - Filling up the DagBag from /home/airflow/.local/lib/python3.8/site-packages/airflow/example_dags/tutorial_dag.py
[2025-10-09T05:45:40.516+0000] {processor.py:840} INFO - DAG(s) 'tutorial_dag' retrieved from /home/airflow/.local/lib/python3.8/site-packages/airflow/example_dags/tutorial_dag.py
[2025-10-09T05:45:40.543+0000] {logging_mixin.py:188} INFO - [2025-10-09T05:45:40.542+0000] {dag.py:3036} INFO - Sync 1 DAGs
[2025-10-09T05:45:40.559+0000] {logging_mixin.py:188} INFO - [2025-10-09T05:45:40.559+0000] {dag.py:3823} INFO - Setting next_dagrun for tutorial_dag to None, run_after=None
[2025-10-09T05:45:40.590+0000] {processor.py:183} INFO - Processing /home/airflow/.local/lib/python3.8/site-packages/airflow/example_dags/tutorial_dag.py took 0.088 seconds
[2025-10-09T05:46:10.789+0000] {processor.py:161} INFO - Started process (PID=970) to work on /home/airflow/.local/lib/python3.8/site-packages/airflow/example_dags/tutorial_dag.py
[2025-10-09T05:46:10.790+0000] {processor.py:830} INFO - Processing file /home/airflow/.local/lib/python3.8/site-packages/airflow/example_dags/tutorial_dag.py for tasks to queue
[2025-10-09T05:46:10.793+0000] {logging_mixin.py:188} INFO - [2025-10-09T05:46:10.792+0000] {dagbag.py:538} INFO - Filling up the DagBag from /home/airflow/.local/lib/python3.8/site-packages/airflow/example_dags/tutorial_dag.py
[2025-10-09T05:46:10.799+0000] {processor.py:840} INFO - DAG(s) 'tutorial_dag' retrieved from /home/airflow/.local/lib/python3.8/site-packages/airflow/example_dags/tutorial_dag.py
[2025-10-09T05:46:10.848+0000] {logging_mixin.py:188} INFO - [2025-10-09T05:46:10.847+0000] {dag.py:3036} INFO - Sync 1 DAGs
[2025-10-09T05:46:10.868+0000] {logging_mixin.py:188} INFO - [2025-10-09T05:46:10.868+0000] {dag.py:3823} INFO - Setting next_dagrun for tutorial_dag to None, run_after=None
[2025-10-09T05:46:10.896+0000] {processor.py:183} INFO - Processing /home/airflow/.local/lib/python3.8/site-packages/airflow/example_dags/tutorial_dag.py took 0.111 seconds
[2025-10-09T05:46:41.163+0000] {processor.py:161} INFO - Started process (PID=1029) to work on /home/airflow/.local/lib/python3.8/site-packages/airflow/example_dags/tutorial_dag.py
[2025-10-09T05:46:41.164+0000] {processor.py:830} INFO - Processing file /home/airflow/.local/lib/python3.8/site-packages/airflow/example_dags/tutorial_dag.py for tasks to queue
[2025-10-09T05:46:41.166+0000] {logging_mixin.py:188} INFO - [2025-10-09T05:46:41.166+0000] {dagbag.py:538} INFO - Filling up the DagBag from /home/airflow/.local/lib/python3.8/site-packages/airflow/example_dags/tutorial_dag.py
[2025-10-09T05:46:41.173+0000] {processor.py:840} INFO - DAG(s) 'tutorial_dag' retrieved from /home/airflow/.local/lib/python3.8/site-packages/airflow/example_dags/tutorial_dag.py
[2025-10-09T05:46:41.199+0000] {logging_mixin.py:188} INFO - [2025-10-09T05:46:41.199+0000] {dag.py:3036} INFO - Sync 1 DAGs
[2025-10-09T05:46:41.213+0000] {logging_mixin.py:188} INFO - [2025-10-09T05:46:41.213+0000] {dag.py:3823} INFO - Setting next_dagrun for tutorial_dag to None, run_after=None
[2025-10-09T05:46:41.235+0000] {processor.py:183} INFO - Processing /home/airflow/.local/lib/python3.8/site-packages/airflow/example_dags/tutorial_dag.py took 0.076 seconds
[2025-10-09T05:47:12.027+0000] {processor.py:161} INFO - Started process (PID=1088) to work on /home/airflow/.local/lib/python3.8/site-packages/airflow/example_dags/tutorial_dag.py
[2025-10-09T05:47:12.028+0000] {processor.py:830} INFO - Processing file /home/airflow/.local/lib/python3.8/site-packages/airflow/example_dags/tutorial_dag.py for tasks to queue
[2025-10-09T05:47:12.030+0000] {logging_mixin.py:188} INFO - [2025-10-09T05:47:12.030+0000] {dagbag.py:538} INFO - Filling up the DagBag from /home/airflow/.local/lib/python3.8/site-packages/airflow/example_dags/tutorial_dag.py
[2025-10-09T05:47:12.036+0000] {processor.py:840} INFO - DAG(s) 'tutorial_dag' retrieved from /home/airflow/.local/lib/python3.8/site-packages/airflow/example_dags/tutorial_dag.py
[2025-10-09T05:47:12.060+0000] {logging_mixin.py:188} INFO - [2025-10-09T05:47:12.060+0000] {dag.py:3036} INFO - Sync 1 DAGs
[2025-10-09T05:47:12.074+0000] {logging_mixin.py:188} INFO - [2025-10-09T05:47:12.074+0000] {dag.py:3823} INFO - Setting next_dagrun for tutorial_dag to None, run_after=None
[2025-10-09T05:47:12.095+0000] {processor.py:183} INFO - Processing /home/airflow/.local/lib/python3.8/site-packages/airflow/example_dags/tutorial_dag.py took 0.071 seconds
[2025-10-09T05:47:42.205+0000] {processor.py:161} INFO - Started process (PID=1147) to work on /home/airflow/.local/lib/python3.8/site-packages/airflow/example_dags/tutorial_dag.py
[2025-10-09T05:47:42.207+0000] {processor.py:830} INFO - Processing file /home/airflow/.local/lib/python3.8/site-packages/airflow/example_dags/tutorial_dag.py for tasks to queue
[2025-10-09T05:47:42.209+0000] {logging_mixin.py:188} INFO - [2025-10-09T05:47:42.209+0000] {dagbag.py:538} INFO - Filling up the DagBag from /home/airflow/.local/lib/python3.8/site-packages/airflow/example_dags/tutorial_dag.py
[2025-10-09T05:47:42.216+0000] {processor.py:840} INFO - DAG(s) 'tutorial_dag' retrieved from /home/airflow/.local/lib/python3.8/site-packages/airflow/example_dags/tutorial_dag.py
[2025-10-09T05:47:42.251+0000] {logging_mixin.py:188} INFO - [2025-10-09T05:47:42.251+0000] {dag.py:3036} INFO - Sync 1 DAGs
[2025-10-09T05:47:42.265+0000] {logging_mixin.py:188} INFO - [2025-10-09T05:47:42.264+0000] {dag.py:3823} INFO - Setting next_dagrun for tutorial_dag to None, run_after=None
[2025-10-09T05:47:42.288+0000] {processor.py:183} INFO - Processing /home/airflow/.local/lib/python3.8/site-packages/airflow/example_dags/tutorial_dag.py took 0.088 seconds
[2025-10-09T05:48:12.570+0000] {processor.py:161} INFO - Started process (PID=1204) to work on /home/airflow/.local/lib/python3.8/site-packages/airflow/example_dags/tutorial_dag.py
[2025-10-09T05:48:12.572+0000] {processor.py:830} INFO - Processing file /home/airflow/.local/lib/python3.8/site-packages/airflow/example_dags/tutorial_dag.py for tasks to queue
[2025-10-09T05:48:12.574+0000] {logging_mixin.py:188} INFO - [2025-10-09T05:48:12.574+0000] {dagbag.py:538} INFO - Filling up the DagBag from /home/airflow/.local/lib/python3.8/site-packages/airflow/example_dags/tutorial_dag.py
[2025-10-09T05:48:12.581+0000] {processor.py:840} INFO - DAG(s) 'tutorial_dag' retrieved from /home/airflow/.local/lib/python3.8/site-packages/airflow/example_dags/tutorial_dag.py
[2025-10-09T05:48:12.609+0000] {logging_mixin.py:188} INFO - [2025-10-09T05:48:12.608+0000] {dag.py:3036} INFO - Sync 1 DAGs
[2025-10-09T05:48:12.623+0000] {logging_mixin.py:188} INFO - [2025-10-09T05:48:12.622+0000] {dag.py:3823} INFO - Setting next_dagrun for tutorial_dag to None, run_after=None
[2025-10-09T05:48:12.683+0000] {processor.py:183} INFO - Processing /home/airflow/.local/lib/python3.8/site-packages/airflow/example_dags/tutorial_dag.py took 0.117 seconds
[2025-10-09T05:48:43.308+0000] {processor.py:161} INFO - Started process (PID=1263) to work on /home/airflow/.local/lib/python3.8/site-packages/airflow/example_dags/tutorial_dag.py
[2025-10-09T05:48:43.309+0000] {processor.py:830} INFO - Processing file /home/airflow/.local/lib/python3.8/site-packages/airflow/example_dags/tutorial_dag.py for tasks to queue
[2025-10-09T05:48:43.311+0000] {logging_mixin.py:188} INFO - [2025-10-09T05:48:43.310+0000] {dagbag.py:538} INFO - Filling up the DagBag from /home/airflow/.local/lib/python3.8/site-packages/airflow/example_dags/tutorial_dag.py
[2025-10-09T05:48:43.316+0000] {processor.py:840} INFO - DAG(s) 'tutorial_dag' retrieved from /home/airflow/.local/lib/python3.8/site-packages/airflow/example_dags/tutorial_dag.py
[2025-10-09T05:48:43.343+0000] {logging_mixin.py:188} INFO - [2025-10-09T05:48:43.342+0000] {dag.py:3036} INFO - Sync 1 DAGs
[2025-10-09T05:48:43.358+0000] {logging_mixin.py:188} INFO - [2025-10-09T05:48:43.358+0000] {dag.py:3823} INFO - Setting next_dagrun for tutorial_dag to None, run_after=None
[2025-10-09T05:48:43.380+0000] {processor.py:183} INFO - Processing /home/airflow/.local/lib/python3.8/site-packages/airflow/example_dags/tutorial_dag.py took 0.076 seconds
[2025-10-09T05:49:13.620+0000] {processor.py:161} INFO - Started process (PID=1322) to work on /home/airflow/.local/lib/python3.8/site-packages/airflow/example_dags/tutorial_dag.py
[2025-10-09T05:49:13.621+0000] {processor.py:830} INFO - Processing file /home/airflow/.local/lib/python3.8/site-packages/airflow/example_dags/tutorial_dag.py for tasks to queue
[2025-10-09T05:49:13.623+0000] {logging_mixin.py:188} INFO - [2025-10-09T05:49:13.623+0000] {dagbag.py:538} INFO - Filling up the DagBag from /home/airflow/.local/lib/python3.8/site-packages/airflow/example_dags/tutorial_dag.py
[2025-10-09T05:49:13.629+0000] {processor.py:840} INFO - DAG(s) 'tutorial_dag' retrieved from /home/airflow/.local/lib/python3.8/site-packages/airflow/example_dags/tutorial_dag.py
[2025-10-09T05:49:13.658+0000] {logging_mixin.py:188} INFO - [2025-10-09T05:49:13.658+0000] {dag.py:3036} INFO - Sync 1 DAGs
[2025-10-09T05:49:13.672+0000] {logging_mixin.py:188} INFO - [2025-10-09T05:49:13.672+0000] {dag.py:3823} INFO - Setting next_dagrun for tutorial_dag to None, run_after=None
[2025-10-09T05:49:13.696+0000] {processor.py:183} INFO - Processing /home/airflow/.local/lib/python3.8/site-packages/airflow/example_dags/tutorial_dag.py took 0.079 seconds
[2025-10-09T05:49:43.812+0000] {processor.py:161} INFO - Started process (PID=1381) to work on /home/airflow/.local/lib/python3.8/site-packages/airflow/example_dags/tutorial_dag.py
[2025-10-09T05:49:43.813+0000] {processor.py:830} INFO - Processing file /home/airflow/.local/lib/python3.8/site-packages/airflow/example_dags/tutorial_dag.py for tasks to queue
[2025-10-09T05:49:43.816+0000] {logging_mixin.py:188} INFO - [2025-10-09T05:49:43.815+0000] {dagbag.py:538} INFO - Filling up the DagBag from /home/airflow/.local/lib/python3.8/site-packages/airflow/example_dags/tutorial_dag.py
[2025-10-09T05:49:43.823+0000] {processor.py:840} INFO - DAG(s) 'tutorial_dag' retrieved from /home/airflow/.local/lib/python3.8/site-packages/airflow/example_dags/tutorial_dag.py
[2025-10-09T05:49:43.854+0000] {logging_mixin.py:188} INFO - [2025-10-09T05:49:43.853+0000] {dag.py:3036} INFO - Sync 1 DAGs
[2025-10-09T05:49:43.868+0000] {logging_mixin.py:188} INFO - [2025-10-09T05:49:43.867+0000] {dag.py:3823} INFO - Setting next_dagrun for tutorial_dag to None, run_after=None
[2025-10-09T05:49:43.889+0000] {processor.py:183} INFO - Processing /home/airflow/.local/lib/python3.8/site-packages/airflow/example_dags/tutorial_dag.py took 0.082 seconds
[2025-10-09T05:50:14.619+0000] {processor.py:161} INFO - Started process (PID=1440) to work on /home/airflow/.local/lib/python3.8/site-packages/airflow/example_dags/tutorial_dag.py
[2025-10-09T05:50:14.622+0000] {processor.py:830} INFO - Processing file /home/airflow/.local/lib/python3.8/site-packages/airflow/example_dags/tutorial_dag.py for tasks to queue
[2025-10-09T05:50:14.626+0000] {logging_mixin.py:188} INFO - [2025-10-09T05:50:14.625+0000] {dagbag.py:538} INFO - Filling up the DagBag from /home/airflow/.local/lib/python3.8/site-packages/airflow/example_dags/tutorial_dag.py
[2025-10-09T05:50:14.637+0000] {processor.py:840} INFO - DAG(s) 'tutorial_dag' retrieved from /home/airflow/.local/lib/python3.8/site-packages/airflow/example_dags/tutorial_dag.py
[2025-10-09T05:50:14.710+0000] {logging_mixin.py:188} INFO - [2025-10-09T05:50:14.710+0000] {dag.py:3036} INFO - Sync 1 DAGs
[2025-10-09T05:50:14.740+0000] {logging_mixin.py:188} INFO - [2025-10-09T05:50:14.740+0000] {dag.py:3823} INFO - Setting next_dagrun for tutorial_dag to None, run_after=None
[2025-10-09T05:50:14.776+0000] {processor.py:183} INFO - Processing /home/airflow/.local/lib/python3.8/site-packages/airflow/example_dags/tutorial_dag.py took 0.162 seconds
[2025-10-09T05:50:45.401+0000] {processor.py:161} INFO - Started process (PID=1499) to work on /home/airflow/.local/lib/python3.8/site-packages/airflow/example_dags/tutorial_dag.py
[2025-10-09T05:50:45.403+0000] {processor.py:830} INFO - Processing file /home/airflow/.local/lib/python3.8/site-packages/airflow/example_dags/tutorial_dag.py for tasks to queue
[2025-10-09T05:50:45.405+0000] {logging_mixin.py:188} INFO - [2025-10-09T05:50:45.405+0000] {dagbag.py:538} INFO - Filling up the DagBag from /home/airflow/.local/lib/python3.8/site-packages/airflow/example_dags/tutorial_dag.py
[2025-10-09T05:50:45.411+0000] {processor.py:840} INFO - DAG(s) 'tutorial_dag' retrieved from /home/airflow/.local/lib/python3.8/site-packages/airflow/example_dags/tutorial_dag.py
[2025-10-09T05:50:45.439+0000] {logging_mixin.py:188} INFO - [2025-10-09T05:50:45.438+0000] {dag.py:3036} INFO - Sync 1 DAGs
[2025-10-09T05:50:45.456+0000] {logging_mixin.py:188} INFO - [2025-10-09T05:50:45.456+0000] {dag.py:3823} INFO - Setting next_dagrun for tutorial_dag to None, run_after=None
[2025-10-09T05:50:45.483+0000] {processor.py:183} INFO - Processing /home/airflow/.local/lib/python3.8/site-packages/airflow/example_dags/tutorial_dag.py took 0.086 seconds
[2025-10-09T05:51:16.126+0000] {processor.py:161} INFO - Started process (PID=1558) to work on /home/airflow/.local/lib/python3.8/site-packages/airflow/example_dags/tutorial_dag.py
[2025-10-09T05:51:16.127+0000] {processor.py:830} INFO - Processing file /home/airflow/.local/lib/python3.8/site-packages/airflow/example_dags/tutorial_dag.py for tasks to queue
[2025-10-09T05:51:16.129+0000] {logging_mixin.py:188} INFO - [2025-10-09T05:51:16.128+0000] {dagbag.py:538} INFO - Filling up the DagBag from /home/airflow/.local/lib/python3.8/site-packages/airflow/example_dags/tutorial_dag.py
[2025-10-09T05:51:16.134+0000] {processor.py:840} INFO - DAG(s) 'tutorial_dag' retrieved from /home/airflow/.local/lib/python3.8/site-packages/airflow/example_dags/tutorial_dag.py
[2025-10-09T05:51:16.160+0000] {logging_mixin.py:188} INFO - [2025-10-09T05:51:16.160+0000] {dag.py:3036} INFO - Sync 1 DAGs
[2025-10-09T05:51:16.174+0000] {logging_mixin.py:188} INFO - [2025-10-09T05:51:16.174+0000] {dag.py:3823} INFO - Setting next_dagrun for tutorial_dag to None, run_after=None
[2025-10-09T05:51:16.195+0000] {processor.py:183} INFO - Processing /home/airflow/.local/lib/python3.8/site-packages/airflow/example_dags/tutorial_dag.py took 0.073 seconds
[2025-10-09T05:51:46.917+0000] {processor.py:161} INFO - Started process (PID=1618) to work on /home/airflow/.local/lib/python3.8/site-packages/airflow/example_dags/tutorial_dag.py
[2025-10-09T05:51:46.918+0000] {processor.py:830} INFO - Processing file /home/airflow/.local/lib/python3.8/site-packages/airflow/example_dags/tutorial_dag.py for tasks to queue
[2025-10-09T05:51:46.922+0000] {logging_mixin.py:188} INFO - [2025-10-09T05:51:46.921+0000] {dagbag.py:538} INFO - Filling up the DagBag from /home/airflow/.local/lib/python3.8/site-packages/airflow/example_dags/tutorial_dag.py
[2025-10-09T05:51:46.928+0000] {processor.py:840} INFO - DAG(s) 'tutorial_dag' retrieved from /home/airflow/.local/lib/python3.8/site-packages/airflow/example_dags/tutorial_dag.py
[2025-10-09T05:51:46.959+0000] {logging_mixin.py:188} INFO - [2025-10-09T05:51:46.959+0000] {dag.py:3036} INFO - Sync 1 DAGs
[2025-10-09T05:51:46.975+0000] {logging_mixin.py:188} INFO - [2025-10-09T05:51:46.974+0000] {dag.py:3823} INFO - Setting next_dagrun for tutorial_dag to None, run_after=None
[2025-10-09T05:51:47.002+0000] {processor.py:183} INFO - Processing /home/airflow/.local/lib/python3.8/site-packages/airflow/example_dags/tutorial_dag.py took 0.092 seconds
[2025-10-09T05:52:17.329+0000] {processor.py:161} INFO - Started process (PID=1677) to work on /home/airflow/.local/lib/python3.8/site-packages/airflow/example_dags/tutorial_dag.py
[2025-10-09T05:52:17.331+0000] {processor.py:830} INFO - Processing file /home/airflow/.local/lib/python3.8/site-packages/airflow/example_dags/tutorial_dag.py for tasks to queue
[2025-10-09T05:52:17.334+0000] {logging_mixin.py:188} INFO - [2025-10-09T05:52:17.333+0000] {dagbag.py:538} INFO - Filling up the DagBag from /home/airflow/.local/lib/python3.8/site-packages/airflow/example_dags/tutorial_dag.py
[2025-10-09T05:52:17.350+0000] {processor.py:840} INFO - DAG(s) 'tutorial_dag' retrieved from /home/airflow/.local/lib/python3.8/site-packages/airflow/example_dags/tutorial_dag.py
[2025-10-09T05:52:17.419+0000] {logging_mixin.py:188} INFO - [2025-10-09T05:52:17.418+0000] {dag.py:3036} INFO - Sync 1 DAGs
[2025-10-09T05:52:17.447+0000] {logging_mixin.py:188} INFO - [2025-10-09T05:52:17.446+0000] {dag.py:3823} INFO - Setting next_dagrun for tutorial_dag to None, run_after=None
[2025-10-09T05:52:17.483+0000] {processor.py:183} INFO - Processing /home/airflow/.local/lib/python3.8/site-packages/airflow/example_dags/tutorial_dag.py took 0.158 seconds
[2025-10-09T05:52:48.229+0000] {processor.py:161} INFO - Started process (PID=1736) to work on /home/airflow/.local/lib/python3.8/site-packages/airflow/example_dags/tutorial_dag.py
[2025-10-09T05:52:48.230+0000] {processor.py:830} INFO - Processing file /home/airflow/.local/lib/python3.8/site-packages/airflow/example_dags/tutorial_dag.py for tasks to queue
[2025-10-09T05:52:48.233+0000] {logging_mixin.py:188} INFO - [2025-10-09T05:52:48.232+0000] {dagbag.py:538} INFO - Filling up the DagBag from /home/airflow/.local/lib/python3.8/site-packages/airflow/example_dags/tutorial_dag.py
[2025-10-09T05:52:48.239+0000] {processor.py:840} INFO - DAG(s) 'tutorial_dag' retrieved from /home/airflow/.local/lib/python3.8/site-packages/airflow/example_dags/tutorial_dag.py
[2025-10-09T05:52:48.267+0000] {logging_mixin.py:188} INFO - [2025-10-09T05:52:48.266+0000] {dag.py:3036} INFO - Sync 1 DAGs
[2025-10-09T05:52:48.281+0000] {logging_mixin.py:188} INFO - [2025-10-09T05:52:48.281+0000] {dag.py:3823} INFO - Setting next_dagrun for tutorial_dag to None, run_after=None
[2025-10-09T05:52:48.308+0000] {processor.py:183} INFO - Processing /home/airflow/.local/lib/python3.8/site-packages/airflow/example_dags/tutorial_dag.py took 0.083 seconds
[2025-10-09T05:53:18.930+0000] {processor.py:161} INFO - Started process (PID=1795) to work on /home/airflow/.local/lib/python3.8/site-packages/airflow/example_dags/tutorial_dag.py
[2025-10-09T05:53:18.931+0000] {processor.py:830} INFO - Processing file /home/airflow/.local/lib/python3.8/site-packages/airflow/example_dags/tutorial_dag.py for tasks to queue
[2025-10-09T05:53:18.933+0000] {logging_mixin.py:188} INFO - [2025-10-09T05:53:18.933+0000] {dagbag.py:538} INFO - Filling up the DagBag from /home/airflow/.local/lib/python3.8/site-packages/airflow/example_dags/tutorial_dag.py
[2025-10-09T05:53:18.940+0000] {processor.py:840} INFO - DAG(s) 'tutorial_dag' retrieved from /home/airflow/.local/lib/python3.8/site-packages/airflow/example_dags/tutorial_dag.py
[2025-10-09T05:53:18.965+0000] {logging_mixin.py:188} INFO - [2025-10-09T05:53:18.965+0000] {dag.py:3036} INFO - Sync 1 DAGs
[2025-10-09T05:53:18.978+0000] {logging_mixin.py:188} INFO - [2025-10-09T05:53:18.978+0000] {dag.py:3823} INFO - Setting next_dagrun for tutorial_dag to None, run_after=None
[2025-10-09T05:53:19.000+0000] {processor.py:183} INFO - Processing /home/airflow/.local/lib/python3.8/site-packages/airflow/example_dags/tutorial_dag.py took 0.074 seconds
[2025-10-09T05:53:50.628+0000] {processor.py:161} INFO - Started process (PID=1854) to work on /home/airflow/.local/lib/python3.8/site-packages/airflow/example_dags/tutorial_dag.py
[2025-10-09T05:53:50.630+0000] {processor.py:830} INFO - Processing file /home/airflow/.local/lib/python3.8/site-packages/airflow/example_dags/tutorial_dag.py for tasks to queue
[2025-10-09T05:53:50.635+0000] {logging_mixin.py:188} INFO - [2025-10-09T05:53:50.634+0000] {dagbag.py:538} INFO - Filling up the DagBag from /home/airflow/.local/lib/python3.8/site-packages/airflow/example_dags/tutorial_dag.py
[2025-10-09T05:53:50.646+0000] {processor.py:840} INFO - DAG(s) 'tutorial_dag' retrieved from /home/airflow/.local/lib/python3.8/site-packages/airflow/example_dags/tutorial_dag.py
[2025-10-09T05:53:50.701+0000] {logging_mixin.py:188} INFO - [2025-10-09T05:53:50.700+0000] {dag.py:3036} INFO - Sync 1 DAGs
[2025-10-09T05:53:50.737+0000] {logging_mixin.py:188} INFO - [2025-10-09T05:53:50.737+0000] {dag.py:3823} INFO - Setting next_dagrun for tutorial_dag to None, run_after=None
[2025-10-09T05:53:50.792+0000] {processor.py:183} INFO - Processing /home/airflow/.local/lib/python3.8/site-packages/airflow/example_dags/tutorial_dag.py took 0.173 seconds
[2025-10-09T05:54:20.938+0000] {processor.py:161} INFO - Started process (PID=1916) to work on /home/airflow/.local/lib/python3.8/site-packages/airflow/example_dags/tutorial_dag.py
[2025-10-09T05:54:20.940+0000] {processor.py:830} INFO - Processing file /home/airflow/.local/lib/python3.8/site-packages/airflow/example_dags/tutorial_dag.py for tasks to queue
[2025-10-09T05:54:20.942+0000] {logging_mixin.py:188} INFO - [2025-10-09T05:54:20.941+0000] {dagbag.py:538} INFO - Filling up the DagBag from /home/airflow/.local/lib/python3.8/site-packages/airflow/example_dags/tutorial_dag.py
[2025-10-09T05:54:20.951+0000] {processor.py:840} INFO - DAG(s) 'tutorial_dag' retrieved from /home/airflow/.local/lib/python3.8/site-packages/airflow/example_dags/tutorial_dag.py
[2025-10-09T05:54:20.997+0000] {logging_mixin.py:188} INFO - [2025-10-09T05:54:20.995+0000] {dag.py:3036} INFO - Sync 1 DAGs
[2025-10-09T05:54:21.028+0000] {logging_mixin.py:188} INFO - [2025-10-09T05:54:21.028+0000] {dag.py:3823} INFO - Setting next_dagrun for tutorial_dag to None, run_after=None
[2025-10-09T05:54:21.381+0000] {processor.py:183} INFO - Processing /home/airflow/.local/lib/python3.8/site-packages/airflow/example_dags/tutorial_dag.py took 0.449 seconds
[2025-10-09T05:56:35.822+0000] {processor.py:161} INFO - Started process (PID=87) to work on /home/airflow/.local/lib/python3.8/site-packages/airflow/example_dags/tutorial_dag.py
[2025-10-09T05:56:35.823+0000] {processor.py:830} INFO - Processing file /home/airflow/.local/lib/python3.8/site-packages/airflow/example_dags/tutorial_dag.py for tasks to queue
[2025-10-09T05:56:35.826+0000] {logging_mixin.py:188} INFO - [2025-10-09T05:56:35.826+0000] {dagbag.py:538} INFO - Filling up the DagBag from /home/airflow/.local/lib/python3.8/site-packages/airflow/example_dags/tutorial_dag.py
[2025-10-09T05:56:35.838+0000] {processor.py:840} INFO - DAG(s) 'tutorial_dag' retrieved from /home/airflow/.local/lib/python3.8/site-packages/airflow/example_dags/tutorial_dag.py
[2025-10-09T05:56:36.026+0000] {logging_mixin.py:188} INFO - [2025-10-09T05:56:36.025+0000] {dag.py:3036} INFO - Sync 1 DAGs
[2025-10-09T05:56:36.042+0000] {logging_mixin.py:188} INFO - [2025-10-09T05:56:36.042+0000] {dag.py:3823} INFO - Setting next_dagrun for tutorial_dag to None, run_after=None
[2025-10-09T05:56:36.070+0000] {processor.py:183} INFO - Processing /home/airflow/.local/lib/python3.8/site-packages/airflow/example_dags/tutorial_dag.py took 0.256 seconds
[2025-10-09T05:57:08.368+0000] {processor.py:161} INFO - Started process (PID=81) to work on /home/airflow/.local/lib/python3.8/site-packages/airflow/example_dags/tutorial_dag.py
[2025-10-09T05:57:08.370+0000] {processor.py:830} INFO - Processing file /home/airflow/.local/lib/python3.8/site-packages/airflow/example_dags/tutorial_dag.py for tasks to queue
[2025-10-09T05:57:08.372+0000] {logging_mixin.py:188} INFO - [2025-10-09T05:57:08.372+0000] {dagbag.py:538} INFO - Filling up the DagBag from /home/airflow/.local/lib/python3.8/site-packages/airflow/example_dags/tutorial_dag.py
[2025-10-09T05:57:08.378+0000] {processor.py:840} INFO - DAG(s) 'tutorial_dag' retrieved from /home/airflow/.local/lib/python3.8/site-packages/airflow/example_dags/tutorial_dag.py
[2025-10-09T05:57:08.421+0000] {logging_mixin.py:188} INFO - [2025-10-09T05:57:08.418+0000] {dag.py:3036} INFO - Sync 1 DAGs
[2025-10-09T05:57:08.470+0000] {logging_mixin.py:188} INFO - [2025-10-09T05:57:08.469+0000] {dag.py:3823} INFO - Setting next_dagrun for tutorial_dag to None, run_after=None
[2025-10-09T05:57:08.509+0000] {processor.py:183} INFO - Processing /home/airflow/.local/lib/python3.8/site-packages/airflow/example_dags/tutorial_dag.py took 0.144 seconds
[2025-10-09T05:57:41.047+0000] {processor.py:161} INFO - Started process (PID=81) to work on /home/airflow/.local/lib/python3.8/site-packages/airflow/example_dags/tutorial_dag.py
[2025-10-09T05:57:41.048+0000] {processor.py:830} INFO - Processing file /home/airflow/.local/lib/python3.8/site-packages/airflow/example_dags/tutorial_dag.py for tasks to queue
[2025-10-09T05:57:41.051+0000] {logging_mixin.py:188} INFO - [2025-10-09T05:57:41.050+0000] {dagbag.py:538} INFO - Filling up the DagBag from /home/airflow/.local/lib/python3.8/site-packages/airflow/example_dags/tutorial_dag.py
[2025-10-09T05:57:41.056+0000] {processor.py:840} INFO - DAG(s) 'tutorial_dag' retrieved from /home/airflow/.local/lib/python3.8/site-packages/airflow/example_dags/tutorial_dag.py
[2025-10-09T05:57:41.087+0000] {logging_mixin.py:188} INFO - [2025-10-09T05:57:41.086+0000] {dag.py:3036} INFO - Sync 1 DAGs
[2025-10-09T05:57:41.104+0000] {logging_mixin.py:188} INFO - [2025-10-09T05:57:41.103+0000] {dag.py:3823} INFO - Setting next_dagrun for tutorial_dag to None, run_after=None
[2025-10-09T05:57:41.126+0000] {processor.py:183} INFO - Processing /home/airflow/.local/lib/python3.8/site-packages/airflow/example_dags/tutorial_dag.py took 0.083 seconds
[2025-10-09T05:58:12.838+0000] {processor.py:161} INFO - Started process (PID=142) to work on /home/airflow/.local/lib/python3.8/site-packages/airflow/example_dags/tutorial_dag.py
[2025-10-09T05:58:12.839+0000] {processor.py:830} INFO - Processing file /home/airflow/.local/lib/python3.8/site-packages/airflow/example_dags/tutorial_dag.py for tasks to queue
[2025-10-09T05:58:12.841+0000] {logging_mixin.py:188} INFO - [2025-10-09T05:58:12.841+0000] {dagbag.py:538} INFO - Filling up the DagBag from /home/airflow/.local/lib/python3.8/site-packages/airflow/example_dags/tutorial_dag.py
[2025-10-09T05:58:12.848+0000] {processor.py:840} INFO - DAG(s) 'tutorial_dag' retrieved from /home/airflow/.local/lib/python3.8/site-packages/airflow/example_dags/tutorial_dag.py
[2025-10-09T05:58:12.877+0000] {logging_mixin.py:188} INFO - [2025-10-09T05:58:12.877+0000] {dag.py:3036} INFO - Sync 1 DAGs
[2025-10-09T05:58:12.893+0000] {logging_mixin.py:188} INFO - [2025-10-09T05:58:12.892+0000] {dag.py:3823} INFO - Setting next_dagrun for tutorial_dag to None, run_after=None
[2025-10-09T05:58:12.918+0000] {processor.py:183} INFO - Processing /home/airflow/.local/lib/python3.8/site-packages/airflow/example_dags/tutorial_dag.py took 0.085 seconds
[2025-10-09T05:58:44.039+0000] {processor.py:161} INFO - Started process (PID=204) to work on /home/airflow/.local/lib/python3.8/site-packages/airflow/example_dags/tutorial_dag.py
[2025-10-09T05:58:44.040+0000] {processor.py:830} INFO - Processing file /home/airflow/.local/lib/python3.8/site-packages/airflow/example_dags/tutorial_dag.py for tasks to queue
[2025-10-09T05:58:44.043+0000] {logging_mixin.py:188} INFO - [2025-10-09T05:58:44.042+0000] {dagbag.py:538} INFO - Filling up the DagBag from /home/airflow/.local/lib/python3.8/site-packages/airflow/example_dags/tutorial_dag.py
[2025-10-09T05:58:44.049+0000] {processor.py:840} INFO - DAG(s) 'tutorial_dag' retrieved from /home/airflow/.local/lib/python3.8/site-packages/airflow/example_dags/tutorial_dag.py
[2025-10-09T05:58:44.080+0000] {logging_mixin.py:188} INFO - [2025-10-09T05:58:44.080+0000] {dag.py:3036} INFO - Sync 1 DAGs
[2025-10-09T05:58:44.097+0000] {logging_mixin.py:188} INFO - [2025-10-09T05:58:44.097+0000] {dag.py:3823} INFO - Setting next_dagrun for tutorial_dag to None, run_after=None
[2025-10-09T05:58:44.122+0000] {processor.py:183} INFO - Processing /home/airflow/.local/lib/python3.8/site-packages/airflow/example_dags/tutorial_dag.py took 0.087 seconds
[2025-10-09T05:59:15.122+0000] {processor.py:161} INFO - Started process (PID=266) to work on /home/airflow/.local/lib/python3.8/site-packages/airflow/example_dags/tutorial_dag.py
[2025-10-09T05:59:15.124+0000] {processor.py:830} INFO - Processing file /home/airflow/.local/lib/python3.8/site-packages/airflow/example_dags/tutorial_dag.py for tasks to queue
[2025-10-09T05:59:15.126+0000] {logging_mixin.py:188} INFO - [2025-10-09T05:59:15.126+0000] {dagbag.py:538} INFO - Filling up the DagBag from /home/airflow/.local/lib/python3.8/site-packages/airflow/example_dags/tutorial_dag.py
[2025-10-09T05:59:15.133+0000] {processor.py:840} INFO - DAG(s) 'tutorial_dag' retrieved from /home/airflow/.local/lib/python3.8/site-packages/airflow/example_dags/tutorial_dag.py
[2025-10-09T05:59:15.179+0000] {logging_mixin.py:188} INFO - [2025-10-09T05:59:15.179+0000] {dag.py:3036} INFO - Sync 1 DAGs
[2025-10-09T05:59:15.218+0000] {logging_mixin.py:188} INFO - [2025-10-09T05:59:15.218+0000] {dag.py:3823} INFO - Setting next_dagrun for tutorial_dag to None, run_after=None
[2025-10-09T05:59:15.256+0000] {processor.py:183} INFO - Processing /home/airflow/.local/lib/python3.8/site-packages/airflow/example_dags/tutorial_dag.py took 0.140 seconds
[2025-10-09T05:59:47.752+0000] {processor.py:161} INFO - Started process (PID=328) to work on /home/airflow/.local/lib/python3.8/site-packages/airflow/example_dags/tutorial_dag.py
[2025-10-09T05:59:47.753+0000] {processor.py:830} INFO - Processing file /home/airflow/.local/lib/python3.8/site-packages/airflow/example_dags/tutorial_dag.py for tasks to queue
[2025-10-09T05:59:47.756+0000] {logging_mixin.py:188} INFO - [2025-10-09T05:59:47.755+0000] {dagbag.py:538} INFO - Filling up the DagBag from /home/airflow/.local/lib/python3.8/site-packages/airflow/example_dags/tutorial_dag.py
[2025-10-09T05:59:47.762+0000] {processor.py:840} INFO - DAG(s) 'tutorial_dag' retrieved from /home/airflow/.local/lib/python3.8/site-packages/airflow/example_dags/tutorial_dag.py
[2025-10-09T05:59:47.792+0000] {logging_mixin.py:188} INFO - [2025-10-09T05:59:47.792+0000] {dag.py:3036} INFO - Sync 1 DAGs
[2025-10-09T05:59:47.809+0000] {logging_mixin.py:188} INFO - [2025-10-09T05:59:47.809+0000] {dag.py:3823} INFO - Setting next_dagrun for tutorial_dag to None, run_after=None
[2025-10-09T05:59:47.841+0000] {processor.py:183} INFO - Processing /home/airflow/.local/lib/python3.8/site-packages/airflow/example_dags/tutorial_dag.py took 0.093 seconds
[2025-10-09T06:00:18.855+0000] {processor.py:161} INFO - Started process (PID=390) to work on /home/airflow/.local/lib/python3.8/site-packages/airflow/example_dags/tutorial_dag.py
[2025-10-09T06:00:18.857+0000] {processor.py:830} INFO - Processing file /home/airflow/.local/lib/python3.8/site-packages/airflow/example_dags/tutorial_dag.py for tasks to queue
[2025-10-09T06:00:18.859+0000] {logging_mixin.py:188} INFO - [2025-10-09T06:00:18.859+0000] {dagbag.py:538} INFO - Filling up the DagBag from /home/airflow/.local/lib/python3.8/site-packages/airflow/example_dags/tutorial_dag.py
[2025-10-09T06:00:18.865+0000] {processor.py:840} INFO - DAG(s) 'tutorial_dag' retrieved from /home/airflow/.local/lib/python3.8/site-packages/airflow/example_dags/tutorial_dag.py
[2025-10-09T06:00:18.904+0000] {logging_mixin.py:188} INFO - [2025-10-09T06:00:18.904+0000] {dag.py:3036} INFO - Sync 1 DAGs
[2025-10-09T06:00:18.928+0000] {logging_mixin.py:188} INFO - [2025-10-09T06:00:18.928+0000] {dag.py:3823} INFO - Setting next_dagrun for tutorial_dag to None, run_after=None
[2025-10-09T06:00:18.958+0000] {processor.py:183} INFO - Processing /home/airflow/.local/lib/python3.8/site-packages/airflow/example_dags/tutorial_dag.py took 0.106 seconds
[2025-10-09T06:00:49.547+0000] {processor.py:161} INFO - Started process (PID=452) to work on /home/airflow/.local/lib/python3.8/site-packages/airflow/example_dags/tutorial_dag.py
[2025-10-09T06:00:49.548+0000] {processor.py:830} INFO - Processing file /home/airflow/.local/lib/python3.8/site-packages/airflow/example_dags/tutorial_dag.py for tasks to queue
[2025-10-09T06:00:49.551+0000] {logging_mixin.py:188} INFO - [2025-10-09T06:00:49.550+0000] {dagbag.py:538} INFO - Filling up the DagBag from /home/airflow/.local/lib/python3.8/site-packages/airflow/example_dags/tutorial_dag.py
[2025-10-09T06:00:49.557+0000] {processor.py:840} INFO - DAG(s) 'tutorial_dag' retrieved from /home/airflow/.local/lib/python3.8/site-packages/airflow/example_dags/tutorial_dag.py
[2025-10-09T06:00:49.585+0000] {logging_mixin.py:188} INFO - [2025-10-09T06:00:49.584+0000] {dag.py:3036} INFO - Sync 1 DAGs
[2025-10-09T06:00:49.601+0000] {logging_mixin.py:188} INFO - [2025-10-09T06:00:49.600+0000] {dag.py:3823} INFO - Setting next_dagrun for tutorial_dag to None, run_after=None
[2025-10-09T06:00:49.624+0000] {processor.py:183} INFO - Processing /home/airflow/.local/lib/python3.8/site-packages/airflow/example_dags/tutorial_dag.py took 0.081 seconds
[2025-10-09T06:01:20.660+0000] {processor.py:161} INFO - Started process (PID=514) to work on /home/airflow/.local/lib/python3.8/site-packages/airflow/example_dags/tutorial_dag.py
[2025-10-09T06:01:20.662+0000] {processor.py:830} INFO - Processing file /home/airflow/.local/lib/python3.8/site-packages/airflow/example_dags/tutorial_dag.py for tasks to queue
[2025-10-09T06:01:20.664+0000] {logging_mixin.py:188} INFO - [2025-10-09T06:01:20.664+0000] {dagbag.py:538} INFO - Filling up the DagBag from /home/airflow/.local/lib/python3.8/site-packages/airflow/example_dags/tutorial_dag.py
[2025-10-09T06:01:20.671+0000] {processor.py:840} INFO - DAG(s) 'tutorial_dag' retrieved from /home/airflow/.local/lib/python3.8/site-packages/airflow/example_dags/tutorial_dag.py
[2025-10-09T06:01:20.700+0000] {logging_mixin.py:188} INFO - [2025-10-09T06:01:20.700+0000] {dag.py:3036} INFO - Sync 1 DAGs
[2025-10-09T06:01:20.716+0000] {logging_mixin.py:188} INFO - [2025-10-09T06:01:20.716+0000] {dag.py:3823} INFO - Setting next_dagrun for tutorial_dag to None, run_after=None
[2025-10-09T06:01:20.740+0000] {processor.py:183} INFO - Processing /home/airflow/.local/lib/python3.8/site-packages/airflow/example_dags/tutorial_dag.py took 0.085 seconds
[2025-10-09T06:01:50.973+0000] {processor.py:161} INFO - Started process (PID=576) to work on /home/airflow/.local/lib/python3.8/site-packages/airflow/example_dags/tutorial_dag.py
[2025-10-09T06:01:50.974+0000] {processor.py:830} INFO - Processing file /home/airflow/.local/lib/python3.8/site-packages/airflow/example_dags/tutorial_dag.py for tasks to queue
[2025-10-09T06:01:50.977+0000] {logging_mixin.py:188} INFO - [2025-10-09T06:01:50.977+0000] {dagbag.py:538} INFO - Filling up the DagBag from /home/airflow/.local/lib/python3.8/site-packages/airflow/example_dags/tutorial_dag.py
[2025-10-09T06:01:50.984+0000] {processor.py:840} INFO - DAG(s) 'tutorial_dag' retrieved from /home/airflow/.local/lib/python3.8/site-packages/airflow/example_dags/tutorial_dag.py
[2025-10-09T06:01:51.017+0000] {logging_mixin.py:188} INFO - [2025-10-09T06:01:51.017+0000] {dag.py:3036} INFO - Sync 1 DAGs
[2025-10-09T06:01:51.033+0000] {logging_mixin.py:188} INFO - [2025-10-09T06:01:51.032+0000] {dag.py:3823} INFO - Setting next_dagrun for tutorial_dag to None, run_after=None
[2025-10-09T06:01:51.054+0000] {processor.py:183} INFO - Processing /home/airflow/.local/lib/python3.8/site-packages/airflow/example_dags/tutorial_dag.py took 0.085 seconds
[2025-10-09T06:02:21.935+0000] {processor.py:161} INFO - Started process (PID=638) to work on /home/airflow/.local/lib/python3.8/site-packages/airflow/example_dags/tutorial_dag.py
[2025-10-09T06:02:21.937+0000] {processor.py:830} INFO - Processing file /home/airflow/.local/lib/python3.8/site-packages/airflow/example_dags/tutorial_dag.py for tasks to queue
[2025-10-09T06:02:21.939+0000] {logging_mixin.py:188} INFO - [2025-10-09T06:02:21.939+0000] {dagbag.py:538} INFO - Filling up the DagBag from /home/airflow/.local/lib/python3.8/site-packages/airflow/example_dags/tutorial_dag.py
[2025-10-09T06:02:21.948+0000] {processor.py:840} INFO - DAG(s) 'tutorial_dag' retrieved from /home/airflow/.local/lib/python3.8/site-packages/airflow/example_dags/tutorial_dag.py
[2025-10-09T06:02:21.981+0000] {logging_mixin.py:188} INFO - [2025-10-09T06:02:21.980+0000] {dag.py:3036} INFO - Sync 1 DAGs
[2025-10-09T06:02:21.999+0000] {logging_mixin.py:188} INFO - [2025-10-09T06:02:21.999+0000] {dag.py:3823} INFO - Setting next_dagrun for tutorial_dag to None, run_after=None
[2025-10-09T06:02:22.026+0000] {processor.py:183} INFO - Processing /home/airflow/.local/lib/python3.8/site-packages/airflow/example_dags/tutorial_dag.py took 0.096 seconds
[2025-10-09T06:02:52.758+0000] {processor.py:161} INFO - Started process (PID=700) to work on /home/airflow/.local/lib/python3.8/site-packages/airflow/example_dags/tutorial_dag.py
[2025-10-09T06:02:52.760+0000] {processor.py:830} INFO - Processing file /home/airflow/.local/lib/python3.8/site-packages/airflow/example_dags/tutorial_dag.py for tasks to queue
[2025-10-09T06:02:52.762+0000] {logging_mixin.py:188} INFO - [2025-10-09T06:02:52.762+0000] {dagbag.py:538} INFO - Filling up the DagBag from /home/airflow/.local/lib/python3.8/site-packages/airflow/example_dags/tutorial_dag.py
[2025-10-09T06:02:52.769+0000] {processor.py:840} INFO - DAG(s) 'tutorial_dag' retrieved from /home/airflow/.local/lib/python3.8/site-packages/airflow/example_dags/tutorial_dag.py
[2025-10-09T06:02:52.797+0000] {logging_mixin.py:188} INFO - [2025-10-09T06:02:52.796+0000] {dag.py:3036} INFO - Sync 1 DAGs
[2025-10-09T06:02:52.844+0000] {logging_mixin.py:188} INFO - [2025-10-09T06:02:52.844+0000] {dag.py:3823} INFO - Setting next_dagrun for tutorial_dag to None, run_after=None
[2025-10-09T06:02:52.887+0000] {processor.py:183} INFO - Processing /home/airflow/.local/lib/python3.8/site-packages/airflow/example_dags/tutorial_dag.py took 0.133 seconds
[2025-10-09T06:03:23.730+0000] {processor.py:161} INFO - Started process (PID=768) to work on /home/airflow/.local/lib/python3.8/site-packages/airflow/example_dags/tutorial_dag.py
[2025-10-09T06:03:23.731+0000] {processor.py:830} INFO - Processing file /home/airflow/.local/lib/python3.8/site-packages/airflow/example_dags/tutorial_dag.py for tasks to queue
[2025-10-09T06:03:23.734+0000] {logging_mixin.py:188} INFO - [2025-10-09T06:03:23.734+0000] {dagbag.py:538} INFO - Filling up the DagBag from /home/airflow/.local/lib/python3.8/site-packages/airflow/example_dags/tutorial_dag.py
[2025-10-09T06:03:23.740+0000] {processor.py:840} INFO - DAG(s) 'tutorial_dag' retrieved from /home/airflow/.local/lib/python3.8/site-packages/airflow/example_dags/tutorial_dag.py
[2025-10-09T06:03:23.769+0000] {logging_mixin.py:188} INFO - [2025-10-09T06:03:23.769+0000] {dag.py:3036} INFO - Sync 1 DAGs
[2025-10-09T06:03:23.784+0000] {logging_mixin.py:188} INFO - [2025-10-09T06:03:23.784+0000] {dag.py:3823} INFO - Setting next_dagrun for tutorial_dag to None, run_after=None
[2025-10-09T06:03:23.807+0000] {processor.py:183} INFO - Processing /home/airflow/.local/lib/python3.8/site-packages/airflow/example_dags/tutorial_dag.py took 0.081 seconds
[2025-10-09T06:03:54.500+0000] {processor.py:161} INFO - Started process (PID=830) to work on /home/airflow/.local/lib/python3.8/site-packages/airflow/example_dags/tutorial_dag.py
[2025-10-09T06:03:54.501+0000] {processor.py:830} INFO - Processing file /home/airflow/.local/lib/python3.8/site-packages/airflow/example_dags/tutorial_dag.py for tasks to queue
[2025-10-09T06:03:54.503+0000] {logging_mixin.py:188} INFO - [2025-10-09T06:03:54.503+0000] {dagbag.py:538} INFO - Filling up the DagBag from /home/airflow/.local/lib/python3.8/site-packages/airflow/example_dags/tutorial_dag.py
[2025-10-09T06:03:54.510+0000] {processor.py:840} INFO - DAG(s) 'tutorial_dag' retrieved from /home/airflow/.local/lib/python3.8/site-packages/airflow/example_dags/tutorial_dag.py
[2025-10-09T06:03:54.537+0000] {logging_mixin.py:188} INFO - [2025-10-09T06:03:54.537+0000] {dag.py:3036} INFO - Sync 1 DAGs
[2025-10-09T06:03:54.551+0000] {logging_mixin.py:188} INFO - [2025-10-09T06:03:54.551+0000] {dag.py:3823} INFO - Setting next_dagrun for tutorial_dag to None, run_after=None
[2025-10-09T06:03:54.572+0000] {processor.py:183} INFO - Processing /home/airflow/.local/lib/python3.8/site-packages/airflow/example_dags/tutorial_dag.py took 0.076 seconds
[2025-10-09T06:04:24.872+0000] {processor.py:161} INFO - Started process (PID=892) to work on /home/airflow/.local/lib/python3.8/site-packages/airflow/example_dags/tutorial_dag.py
[2025-10-09T06:04:24.874+0000] {processor.py:830} INFO - Processing file /home/airflow/.local/lib/python3.8/site-packages/airflow/example_dags/tutorial_dag.py for tasks to queue
[2025-10-09T06:04:24.876+0000] {logging_mixin.py:188} INFO - [2025-10-09T06:04:24.876+0000] {dagbag.py:538} INFO - Filling up the DagBag from /home/airflow/.local/lib/python3.8/site-packages/airflow/example_dags/tutorial_dag.py
[2025-10-09T06:04:24.885+0000] {processor.py:840} INFO - DAG(s) 'tutorial_dag' retrieved from /home/airflow/.local/lib/python3.8/site-packages/airflow/example_dags/tutorial_dag.py
[2025-10-09T06:04:24.928+0000] {logging_mixin.py:188} INFO - [2025-10-09T06:04:24.928+0000] {dag.py:3036} INFO - Sync 1 DAGs
[2025-10-09T06:04:24.948+0000] {logging_mixin.py:188} INFO - [2025-10-09T06:04:24.948+0000] {dag.py:3823} INFO - Setting next_dagrun for tutorial_dag to None, run_after=None
[2025-10-09T06:04:24.975+0000] {processor.py:183} INFO - Processing /home/airflow/.local/lib/python3.8/site-packages/airflow/example_dags/tutorial_dag.py took 0.107 seconds
[2025-10-09T06:04:55.682+0000] {processor.py:161} INFO - Started process (PID=953) to work on /home/airflow/.local/lib/python3.8/site-packages/airflow/example_dags/tutorial_dag.py
[2025-10-09T06:04:55.683+0000] {processor.py:830} INFO - Processing file /home/airflow/.local/lib/python3.8/site-packages/airflow/example_dags/tutorial_dag.py for tasks to queue
[2025-10-09T06:04:55.686+0000] {logging_mixin.py:188} INFO - [2025-10-09T06:04:55.685+0000] {dagbag.py:538} INFO - Filling up the DagBag from /home/airflow/.local/lib/python3.8/site-packages/airflow/example_dags/tutorial_dag.py
[2025-10-09T06:04:55.692+0000] {processor.py:840} INFO - DAG(s) 'tutorial_dag' retrieved from /home/airflow/.local/lib/python3.8/site-packages/airflow/example_dags/tutorial_dag.py
[2025-10-09T06:04:55.725+0000] {logging_mixin.py:188} INFO - [2025-10-09T06:04:55.724+0000] {dag.py:3036} INFO - Sync 1 DAGs
[2025-10-09T06:04:55.744+0000] {logging_mixin.py:188} INFO - [2025-10-09T06:04:55.744+0000] {dag.py:3823} INFO - Setting next_dagrun for tutorial_dag to None, run_after=None
[2025-10-09T06:04:55.780+0000] {processor.py:183} INFO - Processing /home/airflow/.local/lib/python3.8/site-packages/airflow/example_dags/tutorial_dag.py took 0.102 seconds
[2025-10-09T06:05:25.992+0000] {processor.py:161} INFO - Started process (PID=1015) to work on /home/airflow/.local/lib/python3.8/site-packages/airflow/example_dags/tutorial_dag.py
[2025-10-09T06:05:25.993+0000] {processor.py:830} INFO - Processing file /home/airflow/.local/lib/python3.8/site-packages/airflow/example_dags/tutorial_dag.py for tasks to queue
[2025-10-09T06:05:25.996+0000] {logging_mixin.py:188} INFO - [2025-10-09T06:05:25.995+0000] {dagbag.py:538} INFO - Filling up the DagBag from /home/airflow/.local/lib/python3.8/site-packages/airflow/example_dags/tutorial_dag.py
[2025-10-09T06:05:26.002+0000] {processor.py:840} INFO - DAG(s) 'tutorial_dag' retrieved from /home/airflow/.local/lib/python3.8/site-packages/airflow/example_dags/tutorial_dag.py
[2025-10-09T06:05:26.029+0000] {logging_mixin.py:188} INFO - [2025-10-09T06:05:26.028+0000] {dag.py:3036} INFO - Sync 1 DAGs
[2025-10-09T06:05:26.042+0000] {logging_mixin.py:188} INFO - [2025-10-09T06:05:26.042+0000] {dag.py:3823} INFO - Setting next_dagrun for tutorial_dag to None, run_after=None
[2025-10-09T06:05:26.065+0000] {processor.py:183} INFO - Processing /home/airflow/.local/lib/python3.8/site-packages/airflow/example_dags/tutorial_dag.py took 0.076 seconds
[2025-10-09T06:05:56.749+0000] {processor.py:161} INFO - Started process (PID=1077) to work on /home/airflow/.local/lib/python3.8/site-packages/airflow/example_dags/tutorial_dag.py
[2025-10-09T06:05:56.751+0000] {processor.py:830} INFO - Processing file /home/airflow/.local/lib/python3.8/site-packages/airflow/example_dags/tutorial_dag.py for tasks to queue
[2025-10-09T06:05:56.753+0000] {logging_mixin.py:188} INFO - [2025-10-09T06:05:56.753+0000] {dagbag.py:538} INFO - Filling up the DagBag from /home/airflow/.local/lib/python3.8/site-packages/airflow/example_dags/tutorial_dag.py
[2025-10-09T06:05:56.760+0000] {processor.py:840} INFO - DAG(s) 'tutorial_dag' retrieved from /home/airflow/.local/lib/python3.8/site-packages/airflow/example_dags/tutorial_dag.py
[2025-10-09T06:05:56.789+0000] {logging_mixin.py:188} INFO - [2025-10-09T06:05:56.789+0000] {dag.py:3036} INFO - Sync 1 DAGs
[2025-10-09T06:05:56.807+0000] {logging_mixin.py:188} INFO - [2025-10-09T06:05:56.806+0000] {dag.py:3823} INFO - Setting next_dagrun for tutorial_dag to None, run_after=None
[2025-10-09T06:05:56.838+0000] {processor.py:183} INFO - Processing /home/airflow/.local/lib/python3.8/site-packages/airflow/example_dags/tutorial_dag.py took 0.093 seconds
[2025-10-09T06:06:27.709+0000] {processor.py:161} INFO - Started process (PID=1140) to work on /home/airflow/.local/lib/python3.8/site-packages/airflow/example_dags/tutorial_dag.py
[2025-10-09T06:06:27.710+0000] {processor.py:830} INFO - Processing file /home/airflow/.local/lib/python3.8/site-packages/airflow/example_dags/tutorial_dag.py for tasks to queue
[2025-10-09T06:06:27.713+0000] {logging_mixin.py:188} INFO - [2025-10-09T06:06:27.712+0000] {dagbag.py:538} INFO - Filling up the DagBag from /home/airflow/.local/lib/python3.8/site-packages/airflow/example_dags/tutorial_dag.py
[2025-10-09T06:06:27.720+0000] {processor.py:840} INFO - DAG(s) 'tutorial_dag' retrieved from /home/airflow/.local/lib/python3.8/site-packages/airflow/example_dags/tutorial_dag.py
[2025-10-09T06:06:27.748+0000] {logging_mixin.py:188} INFO - [2025-10-09T06:06:27.748+0000] {dag.py:3036} INFO - Sync 1 DAGs
[2025-10-09T06:06:27.763+0000] {logging_mixin.py:188} INFO - [2025-10-09T06:06:27.762+0000] {dag.py:3823} INFO - Setting next_dagrun for tutorial_dag to None, run_after=None
[2025-10-09T06:06:27.785+0000] {processor.py:183} INFO - Processing /home/airflow/.local/lib/python3.8/site-packages/airflow/example_dags/tutorial_dag.py took 0.080 seconds
[2025-10-09T06:06:59.083+0000] {processor.py:161} INFO - Started process (PID=1202) to work on /home/airflow/.local/lib/python3.8/site-packages/airflow/example_dags/tutorial_dag.py
[2025-10-09T06:06:59.084+0000] {processor.py:830} INFO - Processing file /home/airflow/.local/lib/python3.8/site-packages/airflow/example_dags/tutorial_dag.py for tasks to queue
[2025-10-09T06:06:59.087+0000] {logging_mixin.py:188} INFO - [2025-10-09T06:06:59.086+0000] {dagbag.py:538} INFO - Filling up the DagBag from /home/airflow/.local/lib/python3.8/site-packages/airflow/example_dags/tutorial_dag.py
[2025-10-09T06:06:59.094+0000] {processor.py:840} INFO - DAG(s) 'tutorial_dag' retrieved from /home/airflow/.local/lib/python3.8/site-packages/airflow/example_dags/tutorial_dag.py
[2025-10-09T06:06:59.130+0000] {logging_mixin.py:188} INFO - [2025-10-09T06:06:59.129+0000] {dag.py:3036} INFO - Sync 1 DAGs
[2025-10-09T06:06:59.150+0000] {logging_mixin.py:188} INFO - [2025-10-09T06:06:59.150+0000] {dag.py:3823} INFO - Setting next_dagrun for tutorial_dag to None, run_after=None
[2025-10-09T06:06:59.178+0000] {processor.py:183} INFO - Processing /home/airflow/.local/lib/python3.8/site-packages/airflow/example_dags/tutorial_dag.py took 0.100 seconds
[2025-10-09T06:07:29.995+0000] {processor.py:161} INFO - Started process (PID=1264) to work on /home/airflow/.local/lib/python3.8/site-packages/airflow/example_dags/tutorial_dag.py
[2025-10-09T06:07:29.996+0000] {processor.py:830} INFO - Processing file /home/airflow/.local/lib/python3.8/site-packages/airflow/example_dags/tutorial_dag.py for tasks to queue
[2025-10-09T06:07:29.998+0000] {logging_mixin.py:188} INFO - [2025-10-09T06:07:29.998+0000] {dagbag.py:538} INFO - Filling up the DagBag from /home/airflow/.local/lib/python3.8/site-packages/airflow/example_dags/tutorial_dag.py
[2025-10-09T06:07:30.005+0000] {processor.py:840} INFO - DAG(s) 'tutorial_dag' retrieved from /home/airflow/.local/lib/python3.8/site-packages/airflow/example_dags/tutorial_dag.py
[2025-10-09T06:07:30.032+0000] {logging_mixin.py:188} INFO - [2025-10-09T06:07:30.031+0000] {dag.py:3036} INFO - Sync 1 DAGs
[2025-10-09T06:07:30.047+0000] {logging_mixin.py:188} INFO - [2025-10-09T06:07:30.047+0000] {dag.py:3823} INFO - Setting next_dagrun for tutorial_dag to None, run_after=None
[2025-10-09T06:07:30.070+0000] {processor.py:183} INFO - Processing /home/airflow/.local/lib/python3.8/site-packages/airflow/example_dags/tutorial_dag.py took 0.079 seconds
[2025-10-09T06:08:00.820+0000] {processor.py:161} INFO - Started process (PID=1326) to work on /home/airflow/.local/lib/python3.8/site-packages/airflow/example_dags/tutorial_dag.py
[2025-10-09T06:08:00.821+0000] {processor.py:830} INFO - Processing file /home/airflow/.local/lib/python3.8/site-packages/airflow/example_dags/tutorial_dag.py for tasks to queue
[2025-10-09T06:08:00.824+0000] {logging_mixin.py:188} INFO - [2025-10-09T06:08:00.823+0000] {dagbag.py:538} INFO - Filling up the DagBag from /home/airflow/.local/lib/python3.8/site-packages/airflow/example_dags/tutorial_dag.py
[2025-10-09T06:08:00.830+0000] {processor.py:840} INFO - DAG(s) 'tutorial_dag' retrieved from /home/airflow/.local/lib/python3.8/site-packages/airflow/example_dags/tutorial_dag.py
[2025-10-09T06:08:00.859+0000] {logging_mixin.py:188} INFO - [2025-10-09T06:08:00.859+0000] {dag.py:3036} INFO - Sync 1 DAGs
[2025-10-09T06:08:00.874+0000] {logging_mixin.py:188} INFO - [2025-10-09T06:08:00.874+0000] {dag.py:3823} INFO - Setting next_dagrun for tutorial_dag to None, run_after=None
[2025-10-09T06:08:00.899+0000] {processor.py:183} INFO - Processing /home/airflow/.local/lib/python3.8/site-packages/airflow/example_dags/tutorial_dag.py took 0.084 seconds
[2025-10-09T06:08:31.751+0000] {processor.py:161} INFO - Started process (PID=1387) to work on /home/airflow/.local/lib/python3.8/site-packages/airflow/example_dags/tutorial_dag.py
[2025-10-09T06:08:31.752+0000] {processor.py:830} INFO - Processing file /home/airflow/.local/lib/python3.8/site-packages/airflow/example_dags/tutorial_dag.py for tasks to queue
[2025-10-09T06:08:31.754+0000] {logging_mixin.py:188} INFO - [2025-10-09T06:08:31.754+0000] {dagbag.py:538} INFO - Filling up the DagBag from /home/airflow/.local/lib/python3.8/site-packages/airflow/example_dags/tutorial_dag.py
[2025-10-09T06:08:31.760+0000] {processor.py:840} INFO - DAG(s) 'tutorial_dag' retrieved from /home/airflow/.local/lib/python3.8/site-packages/airflow/example_dags/tutorial_dag.py
[2025-10-09T06:08:31.788+0000] {logging_mixin.py:188} INFO - [2025-10-09T06:08:31.788+0000] {dag.py:3036} INFO - Sync 1 DAGs
[2025-10-09T06:08:31.803+0000] {logging_mixin.py:188} INFO - [2025-10-09T06:08:31.803+0000] {dag.py:3823} INFO - Setting next_dagrun for tutorial_dag to None, run_after=None
[2025-10-09T06:08:31.824+0000] {processor.py:183} INFO - Processing /home/airflow/.local/lib/python3.8/site-packages/airflow/example_dags/tutorial_dag.py took 0.077 seconds
[2025-10-09T06:09:02.394+0000] {processor.py:161} INFO - Started process (PID=1450) to work on /home/airflow/.local/lib/python3.8/site-packages/airflow/example_dags/tutorial_dag.py
[2025-10-09T06:09:02.395+0000] {processor.py:830} INFO - Processing file /home/airflow/.local/lib/python3.8/site-packages/airflow/example_dags/tutorial_dag.py for tasks to queue
[2025-10-09T06:09:02.398+0000] {logging_mixin.py:188} INFO - [2025-10-09T06:09:02.397+0000] {dagbag.py:538} INFO - Filling up the DagBag from /home/airflow/.local/lib/python3.8/site-packages/airflow/example_dags/tutorial_dag.py
[2025-10-09T06:09:02.404+0000] {processor.py:840} INFO - DAG(s) 'tutorial_dag' retrieved from /home/airflow/.local/lib/python3.8/site-packages/airflow/example_dags/tutorial_dag.py
[2025-10-09T06:09:02.434+0000] {logging_mixin.py:188} INFO - [2025-10-09T06:09:02.433+0000] {dag.py:3036} INFO - Sync 1 DAGs
[2025-10-09T06:09:02.449+0000] {logging_mixin.py:188} INFO - [2025-10-09T06:09:02.449+0000] {dag.py:3823} INFO - Setting next_dagrun for tutorial_dag to None, run_after=None
[2025-10-09T06:09:02.476+0000] {processor.py:183} INFO - Processing /home/airflow/.local/lib/python3.8/site-packages/airflow/example_dags/tutorial_dag.py took 0.086 seconds
[2025-10-09T06:09:33.255+0000] {processor.py:161} INFO - Started process (PID=1511) to work on /home/airflow/.local/lib/python3.8/site-packages/airflow/example_dags/tutorial_dag.py
[2025-10-09T06:09:33.256+0000] {processor.py:830} INFO - Processing file /home/airflow/.local/lib/python3.8/site-packages/airflow/example_dags/tutorial_dag.py for tasks to queue
[2025-10-09T06:09:33.258+0000] {logging_mixin.py:188} INFO - [2025-10-09T06:09:33.258+0000] {dagbag.py:538} INFO - Filling up the DagBag from /home/airflow/.local/lib/python3.8/site-packages/airflow/example_dags/tutorial_dag.py
[2025-10-09T06:09:33.265+0000] {processor.py:840} INFO - DAG(s) 'tutorial_dag' retrieved from /home/airflow/.local/lib/python3.8/site-packages/airflow/example_dags/tutorial_dag.py
[2025-10-09T06:09:33.295+0000] {logging_mixin.py:188} INFO - [2025-10-09T06:09:33.295+0000] {dag.py:3036} INFO - Sync 1 DAGs
[2025-10-09T06:09:33.312+0000] {logging_mixin.py:188} INFO - [2025-10-09T06:09:33.311+0000] {dag.py:3823} INFO - Setting next_dagrun for tutorial_dag to None, run_after=None
[2025-10-09T06:09:33.340+0000] {processor.py:183} INFO - Processing /home/airflow/.local/lib/python3.8/site-packages/airflow/example_dags/tutorial_dag.py took 0.089 seconds
[2025-10-09T06:10:04.038+0000] {processor.py:161} INFO - Started process (PID=1571) to work on /home/airflow/.local/lib/python3.8/site-packages/airflow/example_dags/tutorial_dag.py
[2025-10-09T06:10:04.039+0000] {processor.py:830} INFO - Processing file /home/airflow/.local/lib/python3.8/site-packages/airflow/example_dags/tutorial_dag.py for tasks to queue
[2025-10-09T06:10:04.042+0000] {logging_mixin.py:188} INFO - [2025-10-09T06:10:04.042+0000] {dagbag.py:538} INFO - Filling up the DagBag from /home/airflow/.local/lib/python3.8/site-packages/airflow/example_dags/tutorial_dag.py
[2025-10-09T06:10:04.054+0000] {processor.py:840} INFO - DAG(s) 'tutorial_dag' retrieved from /home/airflow/.local/lib/python3.8/site-packages/airflow/example_dags/tutorial_dag.py
[2025-10-09T06:10:04.087+0000] {logging_mixin.py:188} INFO - [2025-10-09T06:10:04.086+0000] {dag.py:3036} INFO - Sync 1 DAGs
[2025-10-09T06:10:04.109+0000] {logging_mixin.py:188} INFO - [2025-10-09T06:10:04.109+0000] {dag.py:3823} INFO - Setting next_dagrun for tutorial_dag to None, run_after=None
[2025-10-09T06:10:04.142+0000] {processor.py:183} INFO - Processing /home/airflow/.local/lib/python3.8/site-packages/airflow/example_dags/tutorial_dag.py took 0.110 seconds
[2025-10-09T06:10:34.432+0000] {processor.py:161} INFO - Started process (PID=1633) to work on /home/airflow/.local/lib/python3.8/site-packages/airflow/example_dags/tutorial_dag.py
[2025-10-09T06:10:34.434+0000] {processor.py:830} INFO - Processing file /home/airflow/.local/lib/python3.8/site-packages/airflow/example_dags/tutorial_dag.py for tasks to queue
[2025-10-09T06:10:34.438+0000] {logging_mixin.py:188} INFO - [2025-10-09T06:10:34.437+0000] {dagbag.py:538} INFO - Filling up the DagBag from /home/airflow/.local/lib/python3.8/site-packages/airflow/example_dags/tutorial_dag.py
[2025-10-09T06:10:34.447+0000] {processor.py:840} INFO - DAG(s) 'tutorial_dag' retrieved from /home/airflow/.local/lib/python3.8/site-packages/airflow/example_dags/tutorial_dag.py
[2025-10-09T06:10:34.484+0000] {logging_mixin.py:188} INFO - [2025-10-09T06:10:34.483+0000] {dag.py:3036} INFO - Sync 1 DAGs
[2025-10-09T06:10:34.509+0000] {logging_mixin.py:188} INFO - [2025-10-09T06:10:34.509+0000] {dag.py:3823} INFO - Setting next_dagrun for tutorial_dag to None, run_after=None
[2025-10-09T06:10:34.539+0000] {processor.py:183} INFO - Processing /home/airflow/.local/lib/python3.8/site-packages/airflow/example_dags/tutorial_dag.py took 0.113 seconds
[2025-10-09T06:12:11.962+0000] {processor.py:161} INFO - Started process (PID=81) to work on /home/airflow/.local/lib/python3.8/site-packages/airflow/example_dags/tutorial_dag.py
[2025-10-09T06:12:11.963+0000] {processor.py:830} INFO - Processing file /home/airflow/.local/lib/python3.8/site-packages/airflow/example_dags/tutorial_dag.py for tasks to queue
[2025-10-09T06:12:11.965+0000] {logging_mixin.py:188} INFO - [2025-10-09T06:12:11.965+0000] {dagbag.py:538} INFO - Filling up the DagBag from /home/airflow/.local/lib/python3.8/site-packages/airflow/example_dags/tutorial_dag.py
[2025-10-09T06:12:11.973+0000] {processor.py:840} INFO - DAG(s) 'tutorial_dag' retrieved from /home/airflow/.local/lib/python3.8/site-packages/airflow/example_dags/tutorial_dag.py
[2025-10-09T06:12:11.995+0000] {logging_mixin.py:188} INFO - [2025-10-09T06:12:11.995+0000] {dag.py:3036} INFO - Sync 1 DAGs
[2025-10-09T06:12:12.016+0000] {logging_mixin.py:188} INFO - [2025-10-09T06:12:12.015+0000] {dag.py:3823} INFO - Setting next_dagrun for tutorial_dag to None, run_after=None
[2025-10-09T06:12:12.041+0000] {processor.py:183} INFO - Processing /home/airflow/.local/lib/python3.8/site-packages/airflow/example_dags/tutorial_dag.py took 0.084 seconds
[2025-10-09T06:12:46.327+0000] {processor.py:161} INFO - Started process (PID=149) to work on /home/airflow/.local/lib/python3.8/site-packages/airflow/example_dags/tutorial_dag.py
[2025-10-09T06:12:46.329+0000] {processor.py:830} INFO - Processing file /home/airflow/.local/lib/python3.8/site-packages/airflow/example_dags/tutorial_dag.py for tasks to queue
[2025-10-09T06:12:46.331+0000] {logging_mixin.py:188} INFO - [2025-10-09T06:12:46.330+0000] {dagbag.py:538} INFO - Filling up the DagBag from /home/airflow/.local/lib/python3.8/site-packages/airflow/example_dags/tutorial_dag.py
[2025-10-09T06:12:46.337+0000] {processor.py:840} INFO - DAG(s) 'tutorial_dag' retrieved from /home/airflow/.local/lib/python3.8/site-packages/airflow/example_dags/tutorial_dag.py
[2025-10-09T06:12:46.494+0000] {logging_mixin.py:188} INFO - [2025-10-09T06:12:46.494+0000] {dag.py:3036} INFO - Sync 1 DAGs
[2025-10-09T06:12:46.508+0000] {logging_mixin.py:188} INFO - [2025-10-09T06:12:46.507+0000] {dag.py:3823} INFO - Setting next_dagrun for tutorial_dag to None, run_after=None
[2025-10-09T06:12:46.536+0000] {processor.py:183} INFO - Processing /home/airflow/.local/lib/python3.8/site-packages/airflow/example_dags/tutorial_dag.py took 0.213 seconds
[2025-10-09T06:13:17.460+0000] {processor.py:161} INFO - Started process (PID=211) to work on /home/airflow/.local/lib/python3.8/site-packages/airflow/example_dags/tutorial_dag.py
[2025-10-09T06:13:17.462+0000] {processor.py:830} INFO - Processing file /home/airflow/.local/lib/python3.8/site-packages/airflow/example_dags/tutorial_dag.py for tasks to queue
[2025-10-09T06:13:17.464+0000] {logging_mixin.py:188} INFO - [2025-10-09T06:13:17.464+0000] {dagbag.py:538} INFO - Filling up the DagBag from /home/airflow/.local/lib/python3.8/site-packages/airflow/example_dags/tutorial_dag.py
[2025-10-09T06:13:17.470+0000] {processor.py:840} INFO - DAG(s) 'tutorial_dag' retrieved from /home/airflow/.local/lib/python3.8/site-packages/airflow/example_dags/tutorial_dag.py
[2025-10-09T06:13:17.501+0000] {logging_mixin.py:188} INFO - [2025-10-09T06:13:17.501+0000] {dag.py:3036} INFO - Sync 1 DAGs
[2025-10-09T06:13:17.516+0000] {logging_mixin.py:188} INFO - [2025-10-09T06:13:17.516+0000] {dag.py:3823} INFO - Setting next_dagrun for tutorial_dag to None, run_after=None
[2025-10-09T06:13:17.543+0000] {processor.py:183} INFO - Processing /home/airflow/.local/lib/python3.8/site-packages/airflow/example_dags/tutorial_dag.py took 0.086 seconds
[2025-10-09T06:13:47.580+0000] {processor.py:161} INFO - Started process (PID=273) to work on /home/airflow/.local/lib/python3.8/site-packages/airflow/example_dags/tutorial_dag.py
[2025-10-09T06:13:47.581+0000] {processor.py:830} INFO - Processing file /home/airflow/.local/lib/python3.8/site-packages/airflow/example_dags/tutorial_dag.py for tasks to queue
[2025-10-09T06:13:47.584+0000] {logging_mixin.py:188} INFO - [2025-10-09T06:13:47.583+0000] {dagbag.py:538} INFO - Filling up the DagBag from /home/airflow/.local/lib/python3.8/site-packages/airflow/example_dags/tutorial_dag.py
[2025-10-09T06:13:47.589+0000] {processor.py:840} INFO - DAG(s) 'tutorial_dag' retrieved from /home/airflow/.local/lib/python3.8/site-packages/airflow/example_dags/tutorial_dag.py
[2025-10-09T06:13:47.617+0000] {logging_mixin.py:188} INFO - [2025-10-09T06:13:47.616+0000] {dag.py:3036} INFO - Sync 1 DAGs
[2025-10-09T06:13:47.631+0000] {logging_mixin.py:188} INFO - [2025-10-09T06:13:47.630+0000] {dag.py:3823} INFO - Setting next_dagrun for tutorial_dag to None, run_after=None
[2025-10-09T06:13:47.653+0000] {processor.py:183} INFO - Processing /home/airflow/.local/lib/python3.8/site-packages/airflow/example_dags/tutorial_dag.py took 0.077 seconds
[2025-10-09T06:14:17.857+0000] {processor.py:161} INFO - Started process (PID=335) to work on /home/airflow/.local/lib/python3.8/site-packages/airflow/example_dags/tutorial_dag.py
[2025-10-09T06:14:17.858+0000] {processor.py:830} INFO - Processing file /home/airflow/.local/lib/python3.8/site-packages/airflow/example_dags/tutorial_dag.py for tasks to queue
[2025-10-09T06:14:17.860+0000] {logging_mixin.py:188} INFO - [2025-10-09T06:14:17.860+0000] {dagbag.py:538} INFO - Filling up the DagBag from /home/airflow/.local/lib/python3.8/site-packages/airflow/example_dags/tutorial_dag.py
[2025-10-09T06:14:17.866+0000] {processor.py:840} INFO - DAG(s) 'tutorial_dag' retrieved from /home/airflow/.local/lib/python3.8/site-packages/airflow/example_dags/tutorial_dag.py
[2025-10-09T06:14:17.893+0000] {logging_mixin.py:188} INFO - [2025-10-09T06:14:17.892+0000] {dag.py:3036} INFO - Sync 1 DAGs
[2025-10-09T06:14:17.907+0000] {logging_mixin.py:188} INFO - [2025-10-09T06:14:17.907+0000] {dag.py:3823} INFO - Setting next_dagrun for tutorial_dag to None, run_after=None
[2025-10-09T06:14:17.947+0000] {processor.py:183} INFO - Processing /home/airflow/.local/lib/python3.8/site-packages/airflow/example_dags/tutorial_dag.py took 0.094 seconds
[2025-10-09T06:14:48.208+0000] {processor.py:161} INFO - Started process (PID=397) to work on /home/airflow/.local/lib/python3.8/site-packages/airflow/example_dags/tutorial_dag.py
[2025-10-09T06:14:48.209+0000] {processor.py:830} INFO - Processing file /home/airflow/.local/lib/python3.8/site-packages/airflow/example_dags/tutorial_dag.py for tasks to queue
[2025-10-09T06:14:48.211+0000] {logging_mixin.py:188} INFO - [2025-10-09T06:14:48.211+0000] {dagbag.py:538} INFO - Filling up the DagBag from /home/airflow/.local/lib/python3.8/site-packages/airflow/example_dags/tutorial_dag.py
[2025-10-09T06:14:48.217+0000] {processor.py:840} INFO - DAG(s) 'tutorial_dag' retrieved from /home/airflow/.local/lib/python3.8/site-packages/airflow/example_dags/tutorial_dag.py
[2025-10-09T06:14:48.245+0000] {logging_mixin.py:188} INFO - [2025-10-09T06:14:48.245+0000] {dag.py:3036} INFO - Sync 1 DAGs
[2025-10-09T06:14:48.260+0000] {logging_mixin.py:188} INFO - [2025-10-09T06:14:48.259+0000] {dag.py:3823} INFO - Setting next_dagrun for tutorial_dag to None, run_after=None
[2025-10-09T06:14:48.283+0000] {processor.py:183} INFO - Processing /home/airflow/.local/lib/python3.8/site-packages/airflow/example_dags/tutorial_dag.py took 0.079 seconds
[2025-10-09T06:15:18.393+0000] {processor.py:161} INFO - Started process (PID=459) to work on /home/airflow/.local/lib/python3.8/site-packages/airflow/example_dags/tutorial_dag.py
[2025-10-09T06:15:18.395+0000] {processor.py:830} INFO - Processing file /home/airflow/.local/lib/python3.8/site-packages/airflow/example_dags/tutorial_dag.py for tasks to queue
[2025-10-09T06:15:18.398+0000] {logging_mixin.py:188} INFO - [2025-10-09T06:15:18.398+0000] {dagbag.py:538} INFO - Filling up the DagBag from /home/airflow/.local/lib/python3.8/site-packages/airflow/example_dags/tutorial_dag.py
[2025-10-09T06:15:18.407+0000] {processor.py:840} INFO - DAG(s) 'tutorial_dag' retrieved from /home/airflow/.local/lib/python3.8/site-packages/airflow/example_dags/tutorial_dag.py
[2025-10-09T06:15:18.443+0000] {logging_mixin.py:188} INFO - [2025-10-09T06:15:18.442+0000] {dag.py:3036} INFO - Sync 1 DAGs
[2025-10-09T06:15:18.458+0000] {logging_mixin.py:188} INFO - [2025-10-09T06:15:18.458+0000] {dag.py:3823} INFO - Setting next_dagrun for tutorial_dag to None, run_after=None
[2025-10-09T06:15:18.479+0000] {processor.py:183} INFO - Processing /home/airflow/.local/lib/python3.8/site-packages/airflow/example_dags/tutorial_dag.py took 0.092 seconds
[2025-10-09T06:15:49.925+0000] {processor.py:161} INFO - Started process (PID=521) to work on /home/airflow/.local/lib/python3.8/site-packages/airflow/example_dags/tutorial_dag.py
[2025-10-09T06:15:49.926+0000] {processor.py:830} INFO - Processing file /home/airflow/.local/lib/python3.8/site-packages/airflow/example_dags/tutorial_dag.py for tasks to queue
[2025-10-09T06:15:49.928+0000] {logging_mixin.py:188} INFO - [2025-10-09T06:15:49.928+0000] {dagbag.py:538} INFO - Filling up the DagBag from /home/airflow/.local/lib/python3.8/site-packages/airflow/example_dags/tutorial_dag.py
[2025-10-09T06:15:49.934+0000] {processor.py:840} INFO - DAG(s) 'tutorial_dag' retrieved from /home/airflow/.local/lib/python3.8/site-packages/airflow/example_dags/tutorial_dag.py
[2025-10-09T06:15:49.965+0000] {logging_mixin.py:188} INFO - [2025-10-09T06:15:49.964+0000] {dag.py:3036} INFO - Sync 1 DAGs
[2025-10-09T06:15:49.981+0000] {logging_mixin.py:188} INFO - [2025-10-09T06:15:49.981+0000] {dag.py:3823} INFO - Setting next_dagrun for tutorial_dag to None, run_after=None
[2025-10-09T06:15:50.005+0000] {processor.py:183} INFO - Processing /home/airflow/.local/lib/python3.8/site-packages/airflow/example_dags/tutorial_dag.py took 0.084 seconds
[2025-10-09T06:16:22.039+0000] {processor.py:161} INFO - Started process (PID=583) to work on /home/airflow/.local/lib/python3.8/site-packages/airflow/example_dags/tutorial_dag.py
[2025-10-09T06:16:22.041+0000] {processor.py:830} INFO - Processing file /home/airflow/.local/lib/python3.8/site-packages/airflow/example_dags/tutorial_dag.py for tasks to queue
[2025-10-09T06:16:22.044+0000] {logging_mixin.py:188} INFO - [2025-10-09T06:16:22.043+0000] {dagbag.py:538} INFO - Filling up the DagBag from /home/airflow/.local/lib/python3.8/site-packages/airflow/example_dags/tutorial_dag.py
[2025-10-09T06:16:22.050+0000] {processor.py:840} INFO - DAG(s) 'tutorial_dag' retrieved from /home/airflow/.local/lib/python3.8/site-packages/airflow/example_dags/tutorial_dag.py
[2025-10-09T06:16:22.081+0000] {logging_mixin.py:188} INFO - [2025-10-09T06:16:22.081+0000] {dag.py:3036} INFO - Sync 1 DAGs
[2025-10-09T06:16:22.096+0000] {logging_mixin.py:188} INFO - [2025-10-09T06:16:22.095+0000] {dag.py:3823} INFO - Setting next_dagrun for tutorial_dag to None, run_after=None
[2025-10-09T06:16:22.118+0000] {processor.py:183} INFO - Processing /home/airflow/.local/lib/python3.8/site-packages/airflow/example_dags/tutorial_dag.py took 0.082 seconds
[2025-10-09T06:16:54.273+0000] {processor.py:161} INFO - Started process (PID=645) to work on /home/airflow/.local/lib/python3.8/site-packages/airflow/example_dags/tutorial_dag.py
[2025-10-09T06:16:54.274+0000] {processor.py:830} INFO - Processing file /home/airflow/.local/lib/python3.8/site-packages/airflow/example_dags/tutorial_dag.py for tasks to queue
[2025-10-09T06:16:54.276+0000] {logging_mixin.py:188} INFO - [2025-10-09T06:16:54.276+0000] {dagbag.py:538} INFO - Filling up the DagBag from /home/airflow/.local/lib/python3.8/site-packages/airflow/example_dags/tutorial_dag.py
[2025-10-09T06:16:54.282+0000] {processor.py:840} INFO - DAG(s) 'tutorial_dag' retrieved from /home/airflow/.local/lib/python3.8/site-packages/airflow/example_dags/tutorial_dag.py
[2025-10-09T06:16:54.310+0000] {logging_mixin.py:188} INFO - [2025-10-09T06:16:54.309+0000] {dag.py:3036} INFO - Sync 1 DAGs
[2025-10-09T06:16:54.324+0000] {logging_mixin.py:188} INFO - [2025-10-09T06:16:54.324+0000] {dag.py:3823} INFO - Setting next_dagrun for tutorial_dag to None, run_after=None
[2025-10-09T06:16:54.347+0000] {processor.py:183} INFO - Processing /home/airflow/.local/lib/python3.8/site-packages/airflow/example_dags/tutorial_dag.py took 0.078 seconds
[2025-10-09T06:17:24.503+0000] {processor.py:161} INFO - Started process (PID=707) to work on /home/airflow/.local/lib/python3.8/site-packages/airflow/example_dags/tutorial_dag.py
[2025-10-09T06:17:24.504+0000] {processor.py:830} INFO - Processing file /home/airflow/.local/lib/python3.8/site-packages/airflow/example_dags/tutorial_dag.py for tasks to queue
[2025-10-09T06:17:24.507+0000] {logging_mixin.py:188} INFO - [2025-10-09T06:17:24.506+0000] {dagbag.py:538} INFO - Filling up the DagBag from /home/airflow/.local/lib/python3.8/site-packages/airflow/example_dags/tutorial_dag.py
[2025-10-09T06:17:24.513+0000] {processor.py:840} INFO - DAG(s) 'tutorial_dag' retrieved from /home/airflow/.local/lib/python3.8/site-packages/airflow/example_dags/tutorial_dag.py
[2025-10-09T06:17:24.547+0000] {logging_mixin.py:188} INFO - [2025-10-09T06:17:24.547+0000] {dag.py:3036} INFO - Sync 1 DAGs
[2025-10-09T06:17:24.565+0000] {logging_mixin.py:188} INFO - [2025-10-09T06:17:24.565+0000] {dag.py:3823} INFO - Setting next_dagrun for tutorial_dag to None, run_after=None
[2025-10-09T06:17:24.597+0000] {processor.py:183} INFO - Processing /home/airflow/.local/lib/python3.8/site-packages/airflow/example_dags/tutorial_dag.py took 0.098 seconds
[2025-10-09T06:17:55.795+0000] {processor.py:161} INFO - Started process (PID=769) to work on /home/airflow/.local/lib/python3.8/site-packages/airflow/example_dags/tutorial_dag.py
[2025-10-09T06:17:55.796+0000] {processor.py:830} INFO - Processing file /home/airflow/.local/lib/python3.8/site-packages/airflow/example_dags/tutorial_dag.py for tasks to queue
[2025-10-09T06:17:55.798+0000] {logging_mixin.py:188} INFO - [2025-10-09T06:17:55.798+0000] {dagbag.py:538} INFO - Filling up the DagBag from /home/airflow/.local/lib/python3.8/site-packages/airflow/example_dags/tutorial_dag.py
[2025-10-09T06:17:55.804+0000] {processor.py:840} INFO - DAG(s) 'tutorial_dag' retrieved from /home/airflow/.local/lib/python3.8/site-packages/airflow/example_dags/tutorial_dag.py
[2025-10-09T06:17:55.836+0000] {logging_mixin.py:188} INFO - [2025-10-09T06:17:55.835+0000] {dag.py:3036} INFO - Sync 1 DAGs
[2025-10-09T06:17:55.850+0000] {logging_mixin.py:188} INFO - [2025-10-09T06:17:55.850+0000] {dag.py:3823} INFO - Setting next_dagrun for tutorial_dag to None, run_after=None
[2025-10-09T06:17:55.876+0000] {processor.py:183} INFO - Processing /home/airflow/.local/lib/python3.8/site-packages/airflow/example_dags/tutorial_dag.py took 0.085 seconds
[2025-10-09T06:18:29.429+0000] {processor.py:161} INFO - Started process (PID=831) to work on /home/airflow/.local/lib/python3.8/site-packages/airflow/example_dags/tutorial_dag.py
[2025-10-09T06:18:29.431+0000] {processor.py:830} INFO - Processing file /home/airflow/.local/lib/python3.8/site-packages/airflow/example_dags/tutorial_dag.py for tasks to queue
[2025-10-09T06:18:29.433+0000] {logging_mixin.py:188} INFO - [2025-10-09T06:18:29.433+0000] {dagbag.py:538} INFO - Filling up the DagBag from /home/airflow/.local/lib/python3.8/site-packages/airflow/example_dags/tutorial_dag.py
[2025-10-09T06:18:29.439+0000] {processor.py:840} INFO - DAG(s) 'tutorial_dag' retrieved from /home/airflow/.local/lib/python3.8/site-packages/airflow/example_dags/tutorial_dag.py
[2025-10-09T06:18:29.469+0000] {logging_mixin.py:188} INFO - [2025-10-09T06:18:29.468+0000] {dag.py:3036} INFO - Sync 1 DAGs
[2025-10-09T06:18:29.484+0000] {logging_mixin.py:188} INFO - [2025-10-09T06:18:29.484+0000] {dag.py:3823} INFO - Setting next_dagrun for tutorial_dag to None, run_after=None
[2025-10-09T06:18:29.508+0000] {processor.py:183} INFO - Processing /home/airflow/.local/lib/python3.8/site-packages/airflow/example_dags/tutorial_dag.py took 0.083 seconds
[2025-10-09T06:19:00.472+0000] {processor.py:161} INFO - Started process (PID=893) to work on /home/airflow/.local/lib/python3.8/site-packages/airflow/example_dags/tutorial_dag.py
[2025-10-09T06:19:00.474+0000] {processor.py:830} INFO - Processing file /home/airflow/.local/lib/python3.8/site-packages/airflow/example_dags/tutorial_dag.py for tasks to queue
[2025-10-09T06:19:00.476+0000] {logging_mixin.py:188} INFO - [2025-10-09T06:19:00.476+0000] {dagbag.py:538} INFO - Filling up the DagBag from /home/airflow/.local/lib/python3.8/site-packages/airflow/example_dags/tutorial_dag.py
[2025-10-09T06:19:00.482+0000] {processor.py:840} INFO - DAG(s) 'tutorial_dag' retrieved from /home/airflow/.local/lib/python3.8/site-packages/airflow/example_dags/tutorial_dag.py
[2025-10-09T06:19:00.517+0000] {logging_mixin.py:188} INFO - [2025-10-09T06:19:00.516+0000] {dag.py:3036} INFO - Sync 1 DAGs
[2025-10-09T06:19:00.534+0000] {logging_mixin.py:188} INFO - [2025-10-09T06:19:00.533+0000] {dag.py:3823} INFO - Setting next_dagrun for tutorial_dag to None, run_after=None
[2025-10-09T06:19:00.563+0000] {processor.py:183} INFO - Processing /home/airflow/.local/lib/python3.8/site-packages/airflow/example_dags/tutorial_dag.py took 0.095 seconds
[2025-10-09T06:19:31.413+0000] {processor.py:161} INFO - Started process (PID=955) to work on /home/airflow/.local/lib/python3.8/site-packages/airflow/example_dags/tutorial_dag.py
[2025-10-09T06:19:31.414+0000] {processor.py:830} INFO - Processing file /home/airflow/.local/lib/python3.8/site-packages/airflow/example_dags/tutorial_dag.py for tasks to queue
[2025-10-09T06:19:31.417+0000] {logging_mixin.py:188} INFO - [2025-10-09T06:19:31.416+0000] {dagbag.py:538} INFO - Filling up the DagBag from /home/airflow/.local/lib/python3.8/site-packages/airflow/example_dags/tutorial_dag.py
[2025-10-09T06:19:31.423+0000] {processor.py:840} INFO - DAG(s) 'tutorial_dag' retrieved from /home/airflow/.local/lib/python3.8/site-packages/airflow/example_dags/tutorial_dag.py
[2025-10-09T06:19:31.451+0000] {logging_mixin.py:188} INFO - [2025-10-09T06:19:31.451+0000] {dag.py:3036} INFO - Sync 1 DAGs
[2025-10-09T06:19:31.466+0000] {logging_mixin.py:188} INFO - [2025-10-09T06:19:31.466+0000] {dag.py:3823} INFO - Setting next_dagrun for tutorial_dag to None, run_after=None
[2025-10-09T06:19:31.490+0000] {processor.py:183} INFO - Processing /home/airflow/.local/lib/python3.8/site-packages/airflow/example_dags/tutorial_dag.py took 0.082 seconds
[2025-10-09T06:20:02.470+0000] {processor.py:161} INFO - Started process (PID=1017) to work on /home/airflow/.local/lib/python3.8/site-packages/airflow/example_dags/tutorial_dag.py
[2025-10-09T06:20:02.472+0000] {processor.py:830} INFO - Processing file /home/airflow/.local/lib/python3.8/site-packages/airflow/example_dags/tutorial_dag.py for tasks to queue
[2025-10-09T06:20:02.474+0000] {logging_mixin.py:188} INFO - [2025-10-09T06:20:02.473+0000] {dagbag.py:538} INFO - Filling up the DagBag from /home/airflow/.local/lib/python3.8/site-packages/airflow/example_dags/tutorial_dag.py
[2025-10-09T06:20:02.480+0000] {processor.py:840} INFO - DAG(s) 'tutorial_dag' retrieved from /home/airflow/.local/lib/python3.8/site-packages/airflow/example_dags/tutorial_dag.py
[2025-10-09T06:20:02.507+0000] {logging_mixin.py:188} INFO - [2025-10-09T06:20:02.507+0000] {dag.py:3036} INFO - Sync 1 DAGs
[2025-10-09T06:20:02.524+0000] {logging_mixin.py:188} INFO - [2025-10-09T06:20:02.524+0000] {dag.py:3823} INFO - Setting next_dagrun for tutorial_dag to None, run_after=None
[2025-10-09T06:20:02.551+0000] {processor.py:183} INFO - Processing /home/airflow/.local/lib/python3.8/site-packages/airflow/example_dags/tutorial_dag.py took 0.084 seconds
[2025-10-09T06:20:33.356+0000] {processor.py:161} INFO - Started process (PID=1079) to work on /home/airflow/.local/lib/python3.8/site-packages/airflow/example_dags/tutorial_dag.py
[2025-10-09T06:20:33.358+0000] {processor.py:830} INFO - Processing file /home/airflow/.local/lib/python3.8/site-packages/airflow/example_dags/tutorial_dag.py for tasks to queue
[2025-10-09T06:20:33.361+0000] {logging_mixin.py:188} INFO - [2025-10-09T06:20:33.360+0000] {dagbag.py:538} INFO - Filling up the DagBag from /home/airflow/.local/lib/python3.8/site-packages/airflow/example_dags/tutorial_dag.py
[2025-10-09T06:20:33.371+0000] {processor.py:840} INFO - DAG(s) 'tutorial_dag' retrieved from /home/airflow/.local/lib/python3.8/site-packages/airflow/example_dags/tutorial_dag.py
[2025-10-09T06:20:33.401+0000] {logging_mixin.py:188} INFO - [2025-10-09T06:20:33.401+0000] {dag.py:3036} INFO - Sync 1 DAGs
[2025-10-09T06:20:33.416+0000] {logging_mixin.py:188} INFO - [2025-10-09T06:20:33.416+0000] {dag.py:3823} INFO - Setting next_dagrun for tutorial_dag to None, run_after=None
[2025-10-09T06:20:33.438+0000] {processor.py:183} INFO - Processing /home/airflow/.local/lib/python3.8/site-packages/airflow/example_dags/tutorial_dag.py took 0.086 seconds
[2025-10-09T06:21:04.785+0000] {processor.py:161} INFO - Started process (PID=1141) to work on /home/airflow/.local/lib/python3.8/site-packages/airflow/example_dags/tutorial_dag.py
[2025-10-09T06:21:04.787+0000] {processor.py:830} INFO - Processing file /home/airflow/.local/lib/python3.8/site-packages/airflow/example_dags/tutorial_dag.py for tasks to queue
[2025-10-09T06:21:04.790+0000] {logging_mixin.py:188} INFO - [2025-10-09T06:21:04.789+0000] {dagbag.py:538} INFO - Filling up the DagBag from /home/airflow/.local/lib/python3.8/site-packages/airflow/example_dags/tutorial_dag.py
[2025-10-09T06:21:04.798+0000] {processor.py:840} INFO - DAG(s) 'tutorial_dag' retrieved from /home/airflow/.local/lib/python3.8/site-packages/airflow/example_dags/tutorial_dag.py
[2025-10-09T06:21:04.840+0000] {logging_mixin.py:188} INFO - [2025-10-09T06:21:04.840+0000] {dag.py:3036} INFO - Sync 1 DAGs
[2025-10-09T06:21:04.861+0000] {logging_mixin.py:188} INFO - [2025-10-09T06:21:04.860+0000] {dag.py:3823} INFO - Setting next_dagrun for tutorial_dag to None, run_after=None
[2025-10-09T06:21:04.888+0000] {processor.py:183} INFO - Processing /home/airflow/.local/lib/python3.8/site-packages/airflow/example_dags/tutorial_dag.py took 0.108 seconds
[2025-10-09T06:21:35.548+0000] {processor.py:161} INFO - Started process (PID=1203) to work on /home/airflow/.local/lib/python3.8/site-packages/airflow/example_dags/tutorial_dag.py
[2025-10-09T06:21:35.550+0000] {processor.py:830} INFO - Processing file /home/airflow/.local/lib/python3.8/site-packages/airflow/example_dags/tutorial_dag.py for tasks to queue
[2025-10-09T06:21:35.552+0000] {logging_mixin.py:188} INFO - [2025-10-09T06:21:35.552+0000] {dagbag.py:538} INFO - Filling up the DagBag from /home/airflow/.local/lib/python3.8/site-packages/airflow/example_dags/tutorial_dag.py
[2025-10-09T06:21:35.559+0000] {processor.py:840} INFO - DAG(s) 'tutorial_dag' retrieved from /home/airflow/.local/lib/python3.8/site-packages/airflow/example_dags/tutorial_dag.py
[2025-10-09T06:21:35.589+0000] {logging_mixin.py:188} INFO - [2025-10-09T06:21:35.589+0000] {dag.py:3036} INFO - Sync 1 DAGs
[2025-10-09T06:21:35.605+0000] {logging_mixin.py:188} INFO - [2025-10-09T06:21:35.604+0000] {dag.py:3823} INFO - Setting next_dagrun for tutorial_dag to None, run_after=None
[2025-10-09T06:21:35.628+0000] {processor.py:183} INFO - Processing /home/airflow/.local/lib/python3.8/site-packages/airflow/example_dags/tutorial_dag.py took 0.083 seconds
[2025-10-09T06:22:06.734+0000] {processor.py:161} INFO - Started process (PID=1265) to work on /home/airflow/.local/lib/python3.8/site-packages/airflow/example_dags/tutorial_dag.py
[2025-10-09T06:22:06.735+0000] {processor.py:830} INFO - Processing file /home/airflow/.local/lib/python3.8/site-packages/airflow/example_dags/tutorial_dag.py for tasks to queue
[2025-10-09T06:22:06.738+0000] {logging_mixin.py:188} INFO - [2025-10-09T06:22:06.737+0000] {dagbag.py:538} INFO - Filling up the DagBag from /home/airflow/.local/lib/python3.8/site-packages/airflow/example_dags/tutorial_dag.py
[2025-10-09T06:22:06.744+0000] {processor.py:840} INFO - DAG(s) 'tutorial_dag' retrieved from /home/airflow/.local/lib/python3.8/site-packages/airflow/example_dags/tutorial_dag.py
[2025-10-09T06:22:06.773+0000] {logging_mixin.py:188} INFO - [2025-10-09T06:22:06.773+0000] {dag.py:3036} INFO - Sync 1 DAGs
[2025-10-09T06:22:06.789+0000] {logging_mixin.py:188} INFO - [2025-10-09T06:22:06.789+0000] {dag.py:3823} INFO - Setting next_dagrun for tutorial_dag to None, run_after=None
[2025-10-09T06:22:06.811+0000] {processor.py:183} INFO - Processing /home/airflow/.local/lib/python3.8/site-packages/airflow/example_dags/tutorial_dag.py took 0.081 seconds
[2025-10-09T06:22:38.298+0000] {processor.py:161} INFO - Started process (PID=1327) to work on /home/airflow/.local/lib/python3.8/site-packages/airflow/example_dags/tutorial_dag.py
[2025-10-09T06:22:38.300+0000] {processor.py:830} INFO - Processing file /home/airflow/.local/lib/python3.8/site-packages/airflow/example_dags/tutorial_dag.py for tasks to queue
[2025-10-09T06:22:38.304+0000] {logging_mixin.py:188} INFO - [2025-10-09T06:22:38.303+0000] {dagbag.py:538} INFO - Filling up the DagBag from /home/airflow/.local/lib/python3.8/site-packages/airflow/example_dags/tutorial_dag.py
[2025-10-09T06:22:38.320+0000] {processor.py:840} INFO - DAG(s) 'tutorial_dag' retrieved from /home/airflow/.local/lib/python3.8/site-packages/airflow/example_dags/tutorial_dag.py
[2025-10-09T06:22:38.347+0000] {logging_mixin.py:188} INFO - [2025-10-09T06:22:38.346+0000] {dag.py:3036} INFO - Sync 1 DAGs
[2025-10-09T06:22:38.360+0000] {logging_mixin.py:188} INFO - [2025-10-09T06:22:38.360+0000] {dag.py:3823} INFO - Setting next_dagrun for tutorial_dag to None, run_after=None
[2025-10-09T06:22:38.380+0000] {processor.py:183} INFO - Processing /home/airflow/.local/lib/python3.8/site-packages/airflow/example_dags/tutorial_dag.py took 0.087 seconds
[2025-10-09T06:23:10.119+0000] {processor.py:161} INFO - Started process (PID=1389) to work on /home/airflow/.local/lib/python3.8/site-packages/airflow/example_dags/tutorial_dag.py
[2025-10-09T06:23:10.120+0000] {processor.py:830} INFO - Processing file /home/airflow/.local/lib/python3.8/site-packages/airflow/example_dags/tutorial_dag.py for tasks to queue
[2025-10-09T06:23:10.122+0000] {logging_mixin.py:188} INFO - [2025-10-09T06:23:10.122+0000] {dagbag.py:538} INFO - Filling up the DagBag from /home/airflow/.local/lib/python3.8/site-packages/airflow/example_dags/tutorial_dag.py
[2025-10-09T06:23:10.127+0000] {processor.py:840} INFO - DAG(s) 'tutorial_dag' retrieved from /home/airflow/.local/lib/python3.8/site-packages/airflow/example_dags/tutorial_dag.py
[2025-10-09T06:23:10.155+0000] {logging_mixin.py:188} INFO - [2025-10-09T06:23:10.154+0000] {dag.py:3036} INFO - Sync 1 DAGs
[2025-10-09T06:23:10.169+0000] {logging_mixin.py:188} INFO - [2025-10-09T06:23:10.168+0000] {dag.py:3823} INFO - Setting next_dagrun for tutorial_dag to None, run_after=None
[2025-10-09T06:23:10.191+0000] {processor.py:183} INFO - Processing /home/airflow/.local/lib/python3.8/site-packages/airflow/example_dags/tutorial_dag.py took 0.076 seconds
[2025-10-09T06:23:41.303+0000] {processor.py:161} INFO - Started process (PID=1451) to work on /home/airflow/.local/lib/python3.8/site-packages/airflow/example_dags/tutorial_dag.py
[2025-10-09T06:23:41.304+0000] {processor.py:830} INFO - Processing file /home/airflow/.local/lib/python3.8/site-packages/airflow/example_dags/tutorial_dag.py for tasks to queue
[2025-10-09T06:23:41.306+0000] {logging_mixin.py:188} INFO - [2025-10-09T06:23:41.306+0000] {dagbag.py:538} INFO - Filling up the DagBag from /home/airflow/.local/lib/python3.8/site-packages/airflow/example_dags/tutorial_dag.py
[2025-10-09T06:23:41.313+0000] {processor.py:840} INFO - DAG(s) 'tutorial_dag' retrieved from /home/airflow/.local/lib/python3.8/site-packages/airflow/example_dags/tutorial_dag.py
[2025-10-09T06:23:41.340+0000] {logging_mixin.py:188} INFO - [2025-10-09T06:23:41.340+0000] {dag.py:3036} INFO - Sync 1 DAGs
[2025-10-09T06:23:41.354+0000] {logging_mixin.py:188} INFO - [2025-10-09T06:23:41.354+0000] {dag.py:3823} INFO - Setting next_dagrun for tutorial_dag to None, run_after=None
[2025-10-09T06:23:41.376+0000] {processor.py:183} INFO - Processing /home/airflow/.local/lib/python3.8/site-packages/airflow/example_dags/tutorial_dag.py took 0.076 seconds
[2025-10-09T06:24:12.221+0000] {processor.py:161} INFO - Started process (PID=1513) to work on /home/airflow/.local/lib/python3.8/site-packages/airflow/example_dags/tutorial_dag.py
[2025-10-09T06:24:12.222+0000] {processor.py:830} INFO - Processing file /home/airflow/.local/lib/python3.8/site-packages/airflow/example_dags/tutorial_dag.py for tasks to queue
[2025-10-09T06:24:12.225+0000] {logging_mixin.py:188} INFO - [2025-10-09T06:24:12.224+0000] {dagbag.py:538} INFO - Filling up the DagBag from /home/airflow/.local/lib/python3.8/site-packages/airflow/example_dags/tutorial_dag.py
[2025-10-09T06:24:12.231+0000] {processor.py:840} INFO - DAG(s) 'tutorial_dag' retrieved from /home/airflow/.local/lib/python3.8/site-packages/airflow/example_dags/tutorial_dag.py
[2025-10-09T06:24:12.259+0000] {logging_mixin.py:188} INFO - [2025-10-09T06:24:12.259+0000] {dag.py:3036} INFO - Sync 1 DAGs
[2025-10-09T06:24:12.276+0000] {logging_mixin.py:188} INFO - [2025-10-09T06:24:12.275+0000] {dag.py:3823} INFO - Setting next_dagrun for tutorial_dag to None, run_after=None
[2025-10-09T06:24:12.318+0000] {processor.py:183} INFO - Processing /home/airflow/.local/lib/python3.8/site-packages/airflow/example_dags/tutorial_dag.py took 0.101 seconds
[2025-10-09T06:24:43.053+0000] {processor.py:161} INFO - Started process (PID=1575) to work on /home/airflow/.local/lib/python3.8/site-packages/airflow/example_dags/tutorial_dag.py
[2025-10-09T06:24:43.055+0000] {processor.py:830} INFO - Processing file /home/airflow/.local/lib/python3.8/site-packages/airflow/example_dags/tutorial_dag.py for tasks to queue
[2025-10-09T06:24:43.057+0000] {logging_mixin.py:188} INFO - [2025-10-09T06:24:43.056+0000] {dagbag.py:538} INFO - Filling up the DagBag from /home/airflow/.local/lib/python3.8/site-packages/airflow/example_dags/tutorial_dag.py
[2025-10-09T06:24:43.063+0000] {processor.py:840} INFO - DAG(s) 'tutorial_dag' retrieved from /home/airflow/.local/lib/python3.8/site-packages/airflow/example_dags/tutorial_dag.py
[2025-10-09T06:24:43.091+0000] {logging_mixin.py:188} INFO - [2025-10-09T06:24:43.091+0000] {dag.py:3036} INFO - Sync 1 DAGs
[2025-10-09T06:24:43.105+0000] {logging_mixin.py:188} INFO - [2025-10-09T06:24:43.105+0000] {dag.py:3823} INFO - Setting next_dagrun for tutorial_dag to None, run_after=None
[2025-10-09T06:24:43.128+0000] {processor.py:183} INFO - Processing /home/airflow/.local/lib/python3.8/site-packages/airflow/example_dags/tutorial_dag.py took 0.079 seconds
[2025-10-09T06:25:13.624+0000] {processor.py:161} INFO - Started process (PID=1637) to work on /home/airflow/.local/lib/python3.8/site-packages/airflow/example_dags/tutorial_dag.py
[2025-10-09T06:25:13.626+0000] {processor.py:830} INFO - Processing file /home/airflow/.local/lib/python3.8/site-packages/airflow/example_dags/tutorial_dag.py for tasks to queue
[2025-10-09T06:25:13.628+0000] {logging_mixin.py:188} INFO - [2025-10-09T06:25:13.628+0000] {dagbag.py:538} INFO - Filling up the DagBag from /home/airflow/.local/lib/python3.8/site-packages/airflow/example_dags/tutorial_dag.py
[2025-10-09T06:25:13.634+0000] {processor.py:840} INFO - DAG(s) 'tutorial_dag' retrieved from /home/airflow/.local/lib/python3.8/site-packages/airflow/example_dags/tutorial_dag.py
[2025-10-09T06:25:13.663+0000] {logging_mixin.py:188} INFO - [2025-10-09T06:25:13.663+0000] {dag.py:3036} INFO - Sync 1 DAGs
[2025-10-09T06:25:13.679+0000] {logging_mixin.py:188} INFO - [2025-10-09T06:25:13.678+0000] {dag.py:3823} INFO - Setting next_dagrun for tutorial_dag to None, run_after=None
[2025-10-09T06:25:13.703+0000] {processor.py:183} INFO - Processing /home/airflow/.local/lib/python3.8/site-packages/airflow/example_dags/tutorial_dag.py took 0.082 seconds
[2025-10-09T06:25:44.440+0000] {processor.py:161} INFO - Started process (PID=1699) to work on /home/airflow/.local/lib/python3.8/site-packages/airflow/example_dags/tutorial_dag.py
[2025-10-09T06:25:44.442+0000] {processor.py:830} INFO - Processing file /home/airflow/.local/lib/python3.8/site-packages/airflow/example_dags/tutorial_dag.py for tasks to queue
[2025-10-09T06:25:44.444+0000] {logging_mixin.py:188} INFO - [2025-10-09T06:25:44.444+0000] {dagbag.py:538} INFO - Filling up the DagBag from /home/airflow/.local/lib/python3.8/site-packages/airflow/example_dags/tutorial_dag.py
[2025-10-09T06:25:44.451+0000] {processor.py:840} INFO - DAG(s) 'tutorial_dag' retrieved from /home/airflow/.local/lib/python3.8/site-packages/airflow/example_dags/tutorial_dag.py
[2025-10-09T06:25:44.479+0000] {logging_mixin.py:188} INFO - [2025-10-09T06:25:44.478+0000] {dag.py:3036} INFO - Sync 1 DAGs
[2025-10-09T06:25:44.493+0000] {logging_mixin.py:188} INFO - [2025-10-09T06:25:44.493+0000] {dag.py:3823} INFO - Setting next_dagrun for tutorial_dag to None, run_after=None
[2025-10-09T06:25:44.515+0000] {processor.py:183} INFO - Processing /home/airflow/.local/lib/python3.8/site-packages/airflow/example_dags/tutorial_dag.py took 0.079 seconds
[2025-10-09T06:26:15.403+0000] {processor.py:161} INFO - Started process (PID=1761) to work on /home/airflow/.local/lib/python3.8/site-packages/airflow/example_dags/tutorial_dag.py
[2025-10-09T06:26:15.405+0000] {processor.py:830} INFO - Processing file /home/airflow/.local/lib/python3.8/site-packages/airflow/example_dags/tutorial_dag.py for tasks to queue
[2025-10-09T06:26:15.407+0000] {logging_mixin.py:188} INFO - [2025-10-09T06:26:15.406+0000] {dagbag.py:538} INFO - Filling up the DagBag from /home/airflow/.local/lib/python3.8/site-packages/airflow/example_dags/tutorial_dag.py
[2025-10-09T06:26:15.413+0000] {processor.py:840} INFO - DAG(s) 'tutorial_dag' retrieved from /home/airflow/.local/lib/python3.8/site-packages/airflow/example_dags/tutorial_dag.py
[2025-10-09T06:26:15.443+0000] {logging_mixin.py:188} INFO - [2025-10-09T06:26:15.442+0000] {dag.py:3036} INFO - Sync 1 DAGs
[2025-10-09T06:26:15.459+0000] {logging_mixin.py:188} INFO - [2025-10-09T06:26:15.459+0000] {dag.py:3823} INFO - Setting next_dagrun for tutorial_dag to None, run_after=None
[2025-10-09T06:26:15.482+0000] {processor.py:183} INFO - Processing /home/airflow/.local/lib/python3.8/site-packages/airflow/example_dags/tutorial_dag.py took 0.082 seconds
[2025-10-09T06:26:46.677+0000] {processor.py:161} INFO - Started process (PID=1829) to work on /home/airflow/.local/lib/python3.8/site-packages/airflow/example_dags/tutorial_dag.py
[2025-10-09T06:26:46.678+0000] {processor.py:830} INFO - Processing file /home/airflow/.local/lib/python3.8/site-packages/airflow/example_dags/tutorial_dag.py for tasks to queue
[2025-10-09T06:26:46.680+0000] {logging_mixin.py:188} INFO - [2025-10-09T06:26:46.679+0000] {dagbag.py:538} INFO - Filling up the DagBag from /home/airflow/.local/lib/python3.8/site-packages/airflow/example_dags/tutorial_dag.py
[2025-10-09T06:26:46.685+0000] {processor.py:840} INFO - DAG(s) 'tutorial_dag' retrieved from /home/airflow/.local/lib/python3.8/site-packages/airflow/example_dags/tutorial_dag.py
[2025-10-09T06:26:46.711+0000] {logging_mixin.py:188} INFO - [2025-10-09T06:26:46.710+0000] {dag.py:3036} INFO - Sync 1 DAGs
[2025-10-09T06:26:46.725+0000] {logging_mixin.py:188} INFO - [2025-10-09T06:26:46.724+0000] {dag.py:3823} INFO - Setting next_dagrun for tutorial_dag to None, run_after=None
[2025-10-09T06:26:46.746+0000] {processor.py:183} INFO - Processing /home/airflow/.local/lib/python3.8/site-packages/airflow/example_dags/tutorial_dag.py took 0.073 seconds
[2025-10-09T06:27:17.293+0000] {processor.py:161} INFO - Started process (PID=1891) to work on /home/airflow/.local/lib/python3.8/site-packages/airflow/example_dags/tutorial_dag.py
[2025-10-09T06:27:17.294+0000] {processor.py:830} INFO - Processing file /home/airflow/.local/lib/python3.8/site-packages/airflow/example_dags/tutorial_dag.py for tasks to queue
[2025-10-09T06:27:17.296+0000] {logging_mixin.py:188} INFO - [2025-10-09T06:27:17.296+0000] {dagbag.py:538} INFO - Filling up the DagBag from /home/airflow/.local/lib/python3.8/site-packages/airflow/example_dags/tutorial_dag.py
[2025-10-09T06:27:17.302+0000] {processor.py:840} INFO - DAG(s) 'tutorial_dag' retrieved from /home/airflow/.local/lib/python3.8/site-packages/airflow/example_dags/tutorial_dag.py
[2025-10-09T06:27:17.329+0000] {logging_mixin.py:188} INFO - [2025-10-09T06:27:17.329+0000] {dag.py:3036} INFO - Sync 1 DAGs
[2025-10-09T06:27:17.344+0000] {logging_mixin.py:188} INFO - [2025-10-09T06:27:17.343+0000] {dag.py:3823} INFO - Setting next_dagrun for tutorial_dag to None, run_after=None
[2025-10-09T06:27:17.368+0000] {processor.py:183} INFO - Processing /home/airflow/.local/lib/python3.8/site-packages/airflow/example_dags/tutorial_dag.py took 0.079 seconds
[2025-10-09T06:27:49.778+0000] {processor.py:161} INFO - Started process (PID=1954) to work on /home/airflow/.local/lib/python3.8/site-packages/airflow/example_dags/tutorial_dag.py
[2025-10-09T06:27:49.780+0000] {processor.py:830} INFO - Processing file /home/airflow/.local/lib/python3.8/site-packages/airflow/example_dags/tutorial_dag.py for tasks to queue
[2025-10-09T06:27:49.782+0000] {logging_mixin.py:188} INFO - [2025-10-09T06:27:49.782+0000] {dagbag.py:538} INFO - Filling up the DagBag from /home/airflow/.local/lib/python3.8/site-packages/airflow/example_dags/tutorial_dag.py
[2025-10-09T06:27:49.811+0000] {processor.py:840} INFO - DAG(s) 'tutorial_dag' retrieved from /home/airflow/.local/lib/python3.8/site-packages/airflow/example_dags/tutorial_dag.py
[2025-10-09T06:27:49.874+0000] {logging_mixin.py:188} INFO - [2025-10-09T06:27:49.874+0000] {dag.py:3036} INFO - Sync 1 DAGs
[2025-10-09T06:27:49.895+0000] {logging_mixin.py:188} INFO - [2025-10-09T06:27:49.895+0000] {dag.py:3823} INFO - Setting next_dagrun for tutorial_dag to None, run_after=None
[2025-10-09T06:27:49.928+0000] {processor.py:183} INFO - Processing /home/airflow/.local/lib/python3.8/site-packages/airflow/example_dags/tutorial_dag.py took 0.153 seconds
[2025-10-09T06:28:21.151+0000] {processor.py:161} INFO - Started process (PID=2016) to work on /home/airflow/.local/lib/python3.8/site-packages/airflow/example_dags/tutorial_dag.py
[2025-10-09T06:28:21.153+0000] {processor.py:830} INFO - Processing file /home/airflow/.local/lib/python3.8/site-packages/airflow/example_dags/tutorial_dag.py for tasks to queue
[2025-10-09T06:28:21.156+0000] {logging_mixin.py:188} INFO - [2025-10-09T06:28:21.155+0000] {dagbag.py:538} INFO - Filling up the DagBag from /home/airflow/.local/lib/python3.8/site-packages/airflow/example_dags/tutorial_dag.py
[2025-10-09T06:28:21.163+0000] {processor.py:840} INFO - DAG(s) 'tutorial_dag' retrieved from /home/airflow/.local/lib/python3.8/site-packages/airflow/example_dags/tutorial_dag.py
[2025-10-09T06:28:21.200+0000] {logging_mixin.py:188} INFO - [2025-10-09T06:28:21.200+0000] {dag.py:3036} INFO - Sync 1 DAGs
[2025-10-09T06:28:21.219+0000] {logging_mixin.py:188} INFO - [2025-10-09T06:28:21.219+0000] {dag.py:3823} INFO - Setting next_dagrun for tutorial_dag to None, run_after=None
[2025-10-09T06:28:21.245+0000] {processor.py:183} INFO - Processing /home/airflow/.local/lib/python3.8/site-packages/airflow/example_dags/tutorial_dag.py took 0.099 seconds
[2025-10-09T06:28:51.865+0000] {processor.py:161} INFO - Started process (PID=2078) to work on /home/airflow/.local/lib/python3.8/site-packages/airflow/example_dags/tutorial_dag.py
[2025-10-09T06:28:51.867+0000] {processor.py:830} INFO - Processing file /home/airflow/.local/lib/python3.8/site-packages/airflow/example_dags/tutorial_dag.py for tasks to queue
[2025-10-09T06:28:51.871+0000] {logging_mixin.py:188} INFO - [2025-10-09T06:28:51.870+0000] {dagbag.py:538} INFO - Filling up the DagBag from /home/airflow/.local/lib/python3.8/site-packages/airflow/example_dags/tutorial_dag.py
[2025-10-09T06:28:51.880+0000] {processor.py:840} INFO - DAG(s) 'tutorial_dag' retrieved from /home/airflow/.local/lib/python3.8/site-packages/airflow/example_dags/tutorial_dag.py
[2025-10-09T06:28:51.914+0000] {logging_mixin.py:188} INFO - [2025-10-09T06:28:51.913+0000] {dag.py:3036} INFO - Sync 1 DAGs
[2025-10-09T06:28:51.929+0000] {logging_mixin.py:188} INFO - [2025-10-09T06:28:51.928+0000] {dag.py:3823} INFO - Setting next_dagrun for tutorial_dag to None, run_after=None
[2025-10-09T06:28:51.952+0000] {processor.py:183} INFO - Processing /home/airflow/.local/lib/python3.8/site-packages/airflow/example_dags/tutorial_dag.py took 0.093 seconds
[2025-10-09T06:29:22.224+0000] {processor.py:161} INFO - Started process (PID=2140) to work on /home/airflow/.local/lib/python3.8/site-packages/airflow/example_dags/tutorial_dag.py
[2025-10-09T06:29:22.225+0000] {processor.py:830} INFO - Processing file /home/airflow/.local/lib/python3.8/site-packages/airflow/example_dags/tutorial_dag.py for tasks to queue
[2025-10-09T06:29:22.228+0000] {logging_mixin.py:188} INFO - [2025-10-09T06:29:22.228+0000] {dagbag.py:538} INFO - Filling up the DagBag from /home/airflow/.local/lib/python3.8/site-packages/airflow/example_dags/tutorial_dag.py
[2025-10-09T06:29:22.239+0000] {processor.py:840} INFO - DAG(s) 'tutorial_dag' retrieved from /home/airflow/.local/lib/python3.8/site-packages/airflow/example_dags/tutorial_dag.py
[2025-10-09T06:29:22.268+0000] {logging_mixin.py:188} INFO - [2025-10-09T06:29:22.267+0000] {dag.py:3036} INFO - Sync 1 DAGs
[2025-10-09T06:29:22.282+0000] {logging_mixin.py:188} INFO - [2025-10-09T06:29:22.282+0000] {dag.py:3823} INFO - Setting next_dagrun for tutorial_dag to None, run_after=None
[2025-10-09T06:29:22.304+0000] {processor.py:183} INFO - Processing /home/airflow/.local/lib/python3.8/site-packages/airflow/example_dags/tutorial_dag.py took 0.085 seconds
[2025-10-09T06:29:53.214+0000] {processor.py:161} INFO - Started process (PID=2202) to work on /home/airflow/.local/lib/python3.8/site-packages/airflow/example_dags/tutorial_dag.py
[2025-10-09T06:29:53.215+0000] {processor.py:830} INFO - Processing file /home/airflow/.local/lib/python3.8/site-packages/airflow/example_dags/tutorial_dag.py for tasks to queue
[2025-10-09T06:29:53.218+0000] {logging_mixin.py:188} INFO - [2025-10-09T06:29:53.217+0000] {dagbag.py:538} INFO - Filling up the DagBag from /home/airflow/.local/lib/python3.8/site-packages/airflow/example_dags/tutorial_dag.py
[2025-10-09T06:29:53.226+0000] {processor.py:840} INFO - DAG(s) 'tutorial_dag' retrieved from /home/airflow/.local/lib/python3.8/site-packages/airflow/example_dags/tutorial_dag.py
[2025-10-09T06:29:53.256+0000] {logging_mixin.py:188} INFO - [2025-10-09T06:29:53.256+0000] {dag.py:3036} INFO - Sync 1 DAGs
[2025-10-09T06:29:53.272+0000] {logging_mixin.py:188} INFO - [2025-10-09T06:29:53.272+0000] {dag.py:3823} INFO - Setting next_dagrun for tutorial_dag to None, run_after=None
[2025-10-09T06:29:53.297+0000] {processor.py:183} INFO - Processing /home/airflow/.local/lib/python3.8/site-packages/airflow/example_dags/tutorial_dag.py took 0.087 seconds
[2025-10-09T06:30:24.864+0000] {processor.py:161} INFO - Started process (PID=2264) to work on /home/airflow/.local/lib/python3.8/site-packages/airflow/example_dags/tutorial_dag.py
[2025-10-09T06:30:24.866+0000] {processor.py:830} INFO - Processing file /home/airflow/.local/lib/python3.8/site-packages/airflow/example_dags/tutorial_dag.py for tasks to queue
[2025-10-09T06:30:24.868+0000] {logging_mixin.py:188} INFO - [2025-10-09T06:30:24.867+0000] {dagbag.py:538} INFO - Filling up the DagBag from /home/airflow/.local/lib/python3.8/site-packages/airflow/example_dags/tutorial_dag.py
[2025-10-09T06:30:24.874+0000] {processor.py:840} INFO - DAG(s) 'tutorial_dag' retrieved from /home/airflow/.local/lib/python3.8/site-packages/airflow/example_dags/tutorial_dag.py
[2025-10-09T06:30:24.901+0000] {logging_mixin.py:188} INFO - [2025-10-09T06:30:24.900+0000] {dag.py:3036} INFO - Sync 1 DAGs
[2025-10-09T06:30:24.915+0000] {logging_mixin.py:188} INFO - [2025-10-09T06:30:24.915+0000] {dag.py:3823} INFO - Setting next_dagrun for tutorial_dag to None, run_after=None
[2025-10-09T06:30:24.936+0000] {processor.py:183} INFO - Processing /home/airflow/.local/lib/python3.8/site-packages/airflow/example_dags/tutorial_dag.py took 0.075 seconds
[2025-10-09T06:30:57.133+0000] {processor.py:161} INFO - Started process (PID=2326) to work on /home/airflow/.local/lib/python3.8/site-packages/airflow/example_dags/tutorial_dag.py
[2025-10-09T06:30:57.134+0000] {processor.py:830} INFO - Processing file /home/airflow/.local/lib/python3.8/site-packages/airflow/example_dags/tutorial_dag.py for tasks to queue
[2025-10-09T06:30:57.137+0000] {logging_mixin.py:188} INFO - [2025-10-09T06:30:57.137+0000] {dagbag.py:538} INFO - Filling up the DagBag from /home/airflow/.local/lib/python3.8/site-packages/airflow/example_dags/tutorial_dag.py
[2025-10-09T06:30:57.144+0000] {processor.py:840} INFO - DAG(s) 'tutorial_dag' retrieved from /home/airflow/.local/lib/python3.8/site-packages/airflow/example_dags/tutorial_dag.py
[2025-10-09T06:30:57.174+0000] {logging_mixin.py:188} INFO - [2025-10-09T06:30:57.174+0000] {dag.py:3036} INFO - Sync 1 DAGs
[2025-10-09T06:30:57.190+0000] {logging_mixin.py:188} INFO - [2025-10-09T06:30:57.189+0000] {dag.py:3823} INFO - Setting next_dagrun for tutorial_dag to None, run_after=None
[2025-10-09T06:30:57.214+0000] {processor.py:183} INFO - Processing /home/airflow/.local/lib/python3.8/site-packages/airflow/example_dags/tutorial_dag.py took 0.084 seconds
[2025-10-09T06:31:27.909+0000] {processor.py:161} INFO - Started process (PID=2388) to work on /home/airflow/.local/lib/python3.8/site-packages/airflow/example_dags/tutorial_dag.py
[2025-10-09T06:31:27.910+0000] {processor.py:830} INFO - Processing file /home/airflow/.local/lib/python3.8/site-packages/airflow/example_dags/tutorial_dag.py for tasks to queue
[2025-10-09T06:31:27.912+0000] {logging_mixin.py:188} INFO - [2025-10-09T06:31:27.912+0000] {dagbag.py:538} INFO - Filling up the DagBag from /home/airflow/.local/lib/python3.8/site-packages/airflow/example_dags/tutorial_dag.py
[2025-10-09T06:31:27.919+0000] {processor.py:840} INFO - DAG(s) 'tutorial_dag' retrieved from /home/airflow/.local/lib/python3.8/site-packages/airflow/example_dags/tutorial_dag.py
[2025-10-09T06:31:27.946+0000] {logging_mixin.py:188} INFO - [2025-10-09T06:31:27.946+0000] {dag.py:3036} INFO - Sync 1 DAGs
[2025-10-09T06:31:27.962+0000] {logging_mixin.py:188} INFO - [2025-10-09T06:31:27.962+0000] {dag.py:3823} INFO - Setting next_dagrun for tutorial_dag to None, run_after=None
[2025-10-09T06:31:27.987+0000] {processor.py:183} INFO - Processing /home/airflow/.local/lib/python3.8/site-packages/airflow/example_dags/tutorial_dag.py took 0.082 seconds
[2025-10-09T06:31:58.909+0000] {processor.py:161} INFO - Started process (PID=2450) to work on /home/airflow/.local/lib/python3.8/site-packages/airflow/example_dags/tutorial_dag.py
[2025-10-09T06:31:58.911+0000] {processor.py:830} INFO - Processing file /home/airflow/.local/lib/python3.8/site-packages/airflow/example_dags/tutorial_dag.py for tasks to queue
[2025-10-09T06:31:58.913+0000] {logging_mixin.py:188} INFO - [2025-10-09T06:31:58.913+0000] {dagbag.py:538} INFO - Filling up the DagBag from /home/airflow/.local/lib/python3.8/site-packages/airflow/example_dags/tutorial_dag.py
[2025-10-09T06:31:58.919+0000] {processor.py:840} INFO - DAG(s) 'tutorial_dag' retrieved from /home/airflow/.local/lib/python3.8/site-packages/airflow/example_dags/tutorial_dag.py
[2025-10-09T06:31:58.946+0000] {logging_mixin.py:188} INFO - [2025-10-09T06:31:58.946+0000] {dag.py:3036} INFO - Sync 1 DAGs
[2025-10-09T06:31:58.961+0000] {logging_mixin.py:188} INFO - [2025-10-09T06:31:58.961+0000] {dag.py:3823} INFO - Setting next_dagrun for tutorial_dag to None, run_after=None
[2025-10-09T06:31:58.989+0000] {processor.py:183} INFO - Processing /home/airflow/.local/lib/python3.8/site-packages/airflow/example_dags/tutorial_dag.py took 0.083 seconds
[2025-10-09T06:32:30.592+0000] {processor.py:161} INFO - Started process (PID=2512) to work on /home/airflow/.local/lib/python3.8/site-packages/airflow/example_dags/tutorial_dag.py
[2025-10-09T06:32:30.594+0000] {processor.py:830} INFO - Processing file /home/airflow/.local/lib/python3.8/site-packages/airflow/example_dags/tutorial_dag.py for tasks to queue
[2025-10-09T06:32:30.601+0000] {logging_mixin.py:188} INFO - [2025-10-09T06:32:30.600+0000] {dagbag.py:538} INFO - Filling up the DagBag from /home/airflow/.local/lib/python3.8/site-packages/airflow/example_dags/tutorial_dag.py
[2025-10-09T06:32:30.613+0000] {processor.py:840} INFO - DAG(s) 'tutorial_dag' retrieved from /home/airflow/.local/lib/python3.8/site-packages/airflow/example_dags/tutorial_dag.py
[2025-10-09T06:32:30.656+0000] {logging_mixin.py:188} INFO - [2025-10-09T06:32:30.655+0000] {dag.py:3036} INFO - Sync 1 DAGs
[2025-10-09T06:32:30.674+0000] {logging_mixin.py:188} INFO - [2025-10-09T06:32:30.674+0000] {dag.py:3823} INFO - Setting next_dagrun for tutorial_dag to None, run_after=None
[2025-10-09T06:32:30.701+0000] {processor.py:183} INFO - Processing /home/airflow/.local/lib/python3.8/site-packages/airflow/example_dags/tutorial_dag.py took 0.118 seconds
[2025-10-09T06:33:02.535+0000] {processor.py:161} INFO - Started process (PID=2573) to work on /home/airflow/.local/lib/python3.8/site-packages/airflow/example_dags/tutorial_dag.py
[2025-10-09T06:33:02.536+0000] {processor.py:830} INFO - Processing file /home/airflow/.local/lib/python3.8/site-packages/airflow/example_dags/tutorial_dag.py for tasks to queue
[2025-10-09T06:33:02.539+0000] {logging_mixin.py:188} INFO - [2025-10-09T06:33:02.538+0000] {dagbag.py:538} INFO - Filling up the DagBag from /home/airflow/.local/lib/python3.8/site-packages/airflow/example_dags/tutorial_dag.py
[2025-10-09T06:33:02.547+0000] {processor.py:840} INFO - DAG(s) 'tutorial_dag' retrieved from /home/airflow/.local/lib/python3.8/site-packages/airflow/example_dags/tutorial_dag.py
[2025-10-09T06:33:02.582+0000] {logging_mixin.py:188} INFO - [2025-10-09T06:33:02.581+0000] {dag.py:3036} INFO - Sync 1 DAGs
[2025-10-09T06:33:02.600+0000] {logging_mixin.py:188} INFO - [2025-10-09T06:33:02.600+0000] {dag.py:3823} INFO - Setting next_dagrun for tutorial_dag to None, run_after=None
[2025-10-09T06:33:02.630+0000] {processor.py:183} INFO - Processing /home/airflow/.local/lib/python3.8/site-packages/airflow/example_dags/tutorial_dag.py took 0.100 seconds
[2025-10-09T06:33:34.497+0000] {processor.py:161} INFO - Started process (PID=2635) to work on /home/airflow/.local/lib/python3.8/site-packages/airflow/example_dags/tutorial_dag.py
[2025-10-09T06:33:34.498+0000] {processor.py:830} INFO - Processing file /home/airflow/.local/lib/python3.8/site-packages/airflow/example_dags/tutorial_dag.py for tasks to queue
[2025-10-09T06:33:34.501+0000] {logging_mixin.py:188} INFO - [2025-10-09T06:33:34.500+0000] {dagbag.py:538} INFO - Filling up the DagBag from /home/airflow/.local/lib/python3.8/site-packages/airflow/example_dags/tutorial_dag.py
[2025-10-09T06:33:34.508+0000] {processor.py:840} INFO - DAG(s) 'tutorial_dag' retrieved from /home/airflow/.local/lib/python3.8/site-packages/airflow/example_dags/tutorial_dag.py
[2025-10-09T06:33:34.543+0000] {logging_mixin.py:188} INFO - [2025-10-09T06:33:34.542+0000] {dag.py:3036} INFO - Sync 1 DAGs
[2025-10-09T06:33:34.561+0000] {logging_mixin.py:188} INFO - [2025-10-09T06:33:34.561+0000] {dag.py:3823} INFO - Setting next_dagrun for tutorial_dag to None, run_after=None
[2025-10-09T06:33:34.588+0000] {processor.py:183} INFO - Processing /home/airflow/.local/lib/python3.8/site-packages/airflow/example_dags/tutorial_dag.py took 0.095 seconds
[2025-10-09T06:34:06.305+0000] {processor.py:161} INFO - Started process (PID=2697) to work on /home/airflow/.local/lib/python3.8/site-packages/airflow/example_dags/tutorial_dag.py
[2025-10-09T06:34:06.306+0000] {processor.py:830} INFO - Processing file /home/airflow/.local/lib/python3.8/site-packages/airflow/example_dags/tutorial_dag.py for tasks to queue
[2025-10-09T06:34:06.309+0000] {logging_mixin.py:188} INFO - [2025-10-09T06:34:06.309+0000] {dagbag.py:538} INFO - Filling up the DagBag from /home/airflow/.local/lib/python3.8/site-packages/airflow/example_dags/tutorial_dag.py
[2025-10-09T06:34:06.317+0000] {processor.py:840} INFO - DAG(s) 'tutorial_dag' retrieved from /home/airflow/.local/lib/python3.8/site-packages/airflow/example_dags/tutorial_dag.py
[2025-10-09T06:34:06.353+0000] {logging_mixin.py:188} INFO - [2025-10-09T06:34:06.352+0000] {dag.py:3036} INFO - Sync 1 DAGs
[2025-10-09T06:34:06.372+0000] {logging_mixin.py:188} INFO - [2025-10-09T06:34:06.371+0000] {dag.py:3823} INFO - Setting next_dagrun for tutorial_dag to None, run_after=None
[2025-10-09T06:34:06.399+0000] {processor.py:183} INFO - Processing /home/airflow/.local/lib/python3.8/site-packages/airflow/example_dags/tutorial_dag.py took 0.099 seconds
[2025-10-09T06:34:37.078+0000] {processor.py:161} INFO - Started process (PID=2759) to work on /home/airflow/.local/lib/python3.8/site-packages/airflow/example_dags/tutorial_dag.py
[2025-10-09T06:34:37.080+0000] {processor.py:830} INFO - Processing file /home/airflow/.local/lib/python3.8/site-packages/airflow/example_dags/tutorial_dag.py for tasks to queue
[2025-10-09T06:34:37.082+0000] {logging_mixin.py:188} INFO - [2025-10-09T06:34:37.082+0000] {dagbag.py:538} INFO - Filling up the DagBag from /home/airflow/.local/lib/python3.8/site-packages/airflow/example_dags/tutorial_dag.py
[2025-10-09T06:34:37.090+0000] {processor.py:840} INFO - DAG(s) 'tutorial_dag' retrieved from /home/airflow/.local/lib/python3.8/site-packages/airflow/example_dags/tutorial_dag.py
[2025-10-09T06:34:37.125+0000] {logging_mixin.py:188} INFO - [2025-10-09T06:34:37.125+0000] {dag.py:3036} INFO - Sync 1 DAGs
[2025-10-09T06:34:37.318+0000] {logging_mixin.py:188} INFO - [2025-10-09T06:34:37.317+0000] {dag.py:3823} INFO - Setting next_dagrun for tutorial_dag to None, run_after=None
[2025-10-09T06:34:37.353+0000] {processor.py:183} INFO - Processing /home/airflow/.local/lib/python3.8/site-packages/airflow/example_dags/tutorial_dag.py took 0.280 seconds
[2025-10-09T06:35:08.373+0000] {processor.py:161} INFO - Started process (PID=2821) to work on /home/airflow/.local/lib/python3.8/site-packages/airflow/example_dags/tutorial_dag.py
[2025-10-09T06:35:08.375+0000] {processor.py:830} INFO - Processing file /home/airflow/.local/lib/python3.8/site-packages/airflow/example_dags/tutorial_dag.py for tasks to queue
[2025-10-09T06:35:08.378+0000] {logging_mixin.py:188} INFO - [2025-10-09T06:35:08.378+0000] {dagbag.py:538} INFO - Filling up the DagBag from /home/airflow/.local/lib/python3.8/site-packages/airflow/example_dags/tutorial_dag.py
[2025-10-09T06:35:08.386+0000] {processor.py:840} INFO - DAG(s) 'tutorial_dag' retrieved from /home/airflow/.local/lib/python3.8/site-packages/airflow/example_dags/tutorial_dag.py
[2025-10-09T06:35:08.419+0000] {logging_mixin.py:188} INFO - [2025-10-09T06:35:08.419+0000] {dag.py:3036} INFO - Sync 1 DAGs
[2025-10-09T06:35:08.437+0000] {logging_mixin.py:188} INFO - [2025-10-09T06:35:08.437+0000] {dag.py:3823} INFO - Setting next_dagrun for tutorial_dag to None, run_after=None
[2025-10-09T06:35:08.645+0000] {processor.py:183} INFO - Processing /home/airflow/.local/lib/python3.8/site-packages/airflow/example_dags/tutorial_dag.py took 0.277 seconds
[2025-10-09T06:35:39.530+0000] {processor.py:161} INFO - Started process (PID=2883) to work on /home/airflow/.local/lib/python3.8/site-packages/airflow/example_dags/tutorial_dag.py
[2025-10-09T06:35:39.532+0000] {processor.py:830} INFO - Processing file /home/airflow/.local/lib/python3.8/site-packages/airflow/example_dags/tutorial_dag.py for tasks to queue
[2025-10-09T06:35:39.536+0000] {logging_mixin.py:188} INFO - [2025-10-09T06:35:39.535+0000] {dagbag.py:538} INFO - Filling up the DagBag from /home/airflow/.local/lib/python3.8/site-packages/airflow/example_dags/tutorial_dag.py
[2025-10-09T06:35:39.546+0000] {processor.py:840} INFO - DAG(s) 'tutorial_dag' retrieved from /home/airflow/.local/lib/python3.8/site-packages/airflow/example_dags/tutorial_dag.py
[2025-10-09T06:35:39.601+0000] {logging_mixin.py:188} INFO - [2025-10-09T06:35:39.601+0000] {dag.py:3036} INFO - Sync 1 DAGs
[2025-10-09T06:35:39.626+0000] {logging_mixin.py:188} INFO - [2025-10-09T06:35:39.625+0000] {dag.py:3823} INFO - Setting next_dagrun for tutorial_dag to None, run_after=None
[2025-10-09T06:35:39.669+0000] {processor.py:183} INFO - Processing /home/airflow/.local/lib/python3.8/site-packages/airflow/example_dags/tutorial_dag.py took 0.146 seconds
[2025-10-09T06:36:10.233+0000] {processor.py:161} INFO - Started process (PID=2945) to work on /home/airflow/.local/lib/python3.8/site-packages/airflow/example_dags/tutorial_dag.py
[2025-10-09T06:36:10.235+0000] {processor.py:830} INFO - Processing file /home/airflow/.local/lib/python3.8/site-packages/airflow/example_dags/tutorial_dag.py for tasks to queue
[2025-10-09T06:36:10.239+0000] {logging_mixin.py:188} INFO - [2025-10-09T06:36:10.238+0000] {dagbag.py:538} INFO - Filling up the DagBag from /home/airflow/.local/lib/python3.8/site-packages/airflow/example_dags/tutorial_dag.py
[2025-10-09T06:36:10.248+0000] {processor.py:840} INFO - DAG(s) 'tutorial_dag' retrieved from /home/airflow/.local/lib/python3.8/site-packages/airflow/example_dags/tutorial_dag.py
[2025-10-09T06:36:10.291+0000] {logging_mixin.py:188} INFO - [2025-10-09T06:36:10.291+0000] {dag.py:3036} INFO - Sync 1 DAGs
[2025-10-09T06:36:10.315+0000] {logging_mixin.py:188} INFO - [2025-10-09T06:36:10.315+0000] {dag.py:3823} INFO - Setting next_dagrun for tutorial_dag to None, run_after=None
[2025-10-09T06:36:10.370+0000] {processor.py:183} INFO - Processing /home/airflow/.local/lib/python3.8/site-packages/airflow/example_dags/tutorial_dag.py took 0.143 seconds
[2025-10-09T06:36:41.141+0000] {processor.py:161} INFO - Started process (PID=3007) to work on /home/airflow/.local/lib/python3.8/site-packages/airflow/example_dags/tutorial_dag.py
[2025-10-09T06:36:41.143+0000] {processor.py:830} INFO - Processing file /home/airflow/.local/lib/python3.8/site-packages/airflow/example_dags/tutorial_dag.py for tasks to queue
[2025-10-09T06:36:41.146+0000] {logging_mixin.py:188} INFO - [2025-10-09T06:36:41.145+0000] {dagbag.py:538} INFO - Filling up the DagBag from /home/airflow/.local/lib/python3.8/site-packages/airflow/example_dags/tutorial_dag.py
[2025-10-09T06:36:41.154+0000] {processor.py:840} INFO - DAG(s) 'tutorial_dag' retrieved from /home/airflow/.local/lib/python3.8/site-packages/airflow/example_dags/tutorial_dag.py
[2025-10-09T06:36:41.190+0000] {logging_mixin.py:188} INFO - [2025-10-09T06:36:41.189+0000] {dag.py:3036} INFO - Sync 1 DAGs
[2025-10-09T06:36:41.210+0000] {logging_mixin.py:188} INFO - [2025-10-09T06:36:41.210+0000] {dag.py:3823} INFO - Setting next_dagrun for tutorial_dag to None, run_after=None
[2025-10-09T06:36:41.243+0000] {processor.py:183} INFO - Processing /home/airflow/.local/lib/python3.8/site-packages/airflow/example_dags/tutorial_dag.py took 0.106 seconds
[2025-10-09T06:37:11.558+0000] {processor.py:161} INFO - Started process (PID=3069) to work on /home/airflow/.local/lib/python3.8/site-packages/airflow/example_dags/tutorial_dag.py
[2025-10-09T06:37:11.560+0000] {processor.py:830} INFO - Processing file /home/airflow/.local/lib/python3.8/site-packages/airflow/example_dags/tutorial_dag.py for tasks to queue
[2025-10-09T06:37:11.563+0000] {logging_mixin.py:188} INFO - [2025-10-09T06:37:11.562+0000] {dagbag.py:538} INFO - Filling up the DagBag from /home/airflow/.local/lib/python3.8/site-packages/airflow/example_dags/tutorial_dag.py
[2025-10-09T06:37:11.573+0000] {processor.py:840} INFO - DAG(s) 'tutorial_dag' retrieved from /home/airflow/.local/lib/python3.8/site-packages/airflow/example_dags/tutorial_dag.py
[2025-10-09T06:37:11.610+0000] {logging_mixin.py:188} INFO - [2025-10-09T06:37:11.609+0000] {dag.py:3036} INFO - Sync 1 DAGs
[2025-10-09T06:37:11.629+0000] {logging_mixin.py:188} INFO - [2025-10-09T06:37:11.629+0000] {dag.py:3823} INFO - Setting next_dagrun for tutorial_dag to None, run_after=None
[2025-10-09T06:37:11.678+0000] {processor.py:183} INFO - Processing /home/airflow/.local/lib/python3.8/site-packages/airflow/example_dags/tutorial_dag.py took 0.125 seconds
[2025-10-09T06:37:41.899+0000] {processor.py:161} INFO - Started process (PID=3131) to work on /home/airflow/.local/lib/python3.8/site-packages/airflow/example_dags/tutorial_dag.py
[2025-10-09T06:37:41.901+0000] {processor.py:830} INFO - Processing file /home/airflow/.local/lib/python3.8/site-packages/airflow/example_dags/tutorial_dag.py for tasks to queue
[2025-10-09T06:37:41.904+0000] {logging_mixin.py:188} INFO - [2025-10-09T06:37:41.903+0000] {dagbag.py:538} INFO - Filling up the DagBag from /home/airflow/.local/lib/python3.8/site-packages/airflow/example_dags/tutorial_dag.py
[2025-10-09T06:37:41.912+0000] {processor.py:840} INFO - DAG(s) 'tutorial_dag' retrieved from /home/airflow/.local/lib/python3.8/site-packages/airflow/example_dags/tutorial_dag.py
[2025-10-09T06:37:41.958+0000] {logging_mixin.py:188} INFO - [2025-10-09T06:37:41.958+0000] {dag.py:3036} INFO - Sync 1 DAGs
[2025-10-09T06:37:41.991+0000] {logging_mixin.py:188} INFO - [2025-10-09T06:37:41.990+0000] {dag.py:3823} INFO - Setting next_dagrun for tutorial_dag to None, run_after=None
[2025-10-09T06:37:42.028+0000] {processor.py:183} INFO - Processing /home/airflow/.local/lib/python3.8/site-packages/airflow/example_dags/tutorial_dag.py took 0.135 seconds
[2025-10-09T06:38:13.275+0000] {processor.py:161} INFO - Started process (PID=3194) to work on /home/airflow/.local/lib/python3.8/site-packages/airflow/example_dags/tutorial_dag.py
[2025-10-09T06:38:13.276+0000] {processor.py:830} INFO - Processing file /home/airflow/.local/lib/python3.8/site-packages/airflow/example_dags/tutorial_dag.py for tasks to queue
[2025-10-09T06:38:13.279+0000] {logging_mixin.py:188} INFO - [2025-10-09T06:38:13.279+0000] {dagbag.py:538} INFO - Filling up the DagBag from /home/airflow/.local/lib/python3.8/site-packages/airflow/example_dags/tutorial_dag.py
[2025-10-09T06:38:13.287+0000] {processor.py:840} INFO - DAG(s) 'tutorial_dag' retrieved from /home/airflow/.local/lib/python3.8/site-packages/airflow/example_dags/tutorial_dag.py
[2025-10-09T06:38:13.363+0000] {logging_mixin.py:188} INFO - [2025-10-09T06:38:13.362+0000] {dag.py:3036} INFO - Sync 1 DAGs
[2025-10-09T06:38:13.388+0000] {logging_mixin.py:188} INFO - [2025-10-09T06:38:13.387+0000] {dag.py:3823} INFO - Setting next_dagrun for tutorial_dag to None, run_after=None
[2025-10-09T06:38:13.437+0000] {processor.py:183} INFO - Processing /home/airflow/.local/lib/python3.8/site-packages/airflow/example_dags/tutorial_dag.py took 0.167 seconds
[2025-10-09T06:38:45.050+0000] {processor.py:161} INFO - Started process (PID=3256) to work on /home/airflow/.local/lib/python3.8/site-packages/airflow/example_dags/tutorial_dag.py
[2025-10-09T06:38:45.061+0000] {processor.py:830} INFO - Processing file /home/airflow/.local/lib/python3.8/site-packages/airflow/example_dags/tutorial_dag.py for tasks to queue
[2025-10-09T06:38:45.066+0000] {logging_mixin.py:188} INFO - [2025-10-09T06:38:45.065+0000] {dagbag.py:538} INFO - Filling up the DagBag from /home/airflow/.local/lib/python3.8/site-packages/airflow/example_dags/tutorial_dag.py
[2025-10-09T06:38:45.077+0000] {processor.py:840} INFO - DAG(s) 'tutorial_dag' retrieved from /home/airflow/.local/lib/python3.8/site-packages/airflow/example_dags/tutorial_dag.py
[2025-10-09T06:38:45.138+0000] {logging_mixin.py:188} INFO - [2025-10-09T06:38:45.138+0000] {dag.py:3036} INFO - Sync 1 DAGs
[2025-10-09T06:38:45.171+0000] {logging_mixin.py:188} INFO - [2025-10-09T06:38:45.170+0000] {dag.py:3823} INFO - Setting next_dagrun for tutorial_dag to None, run_after=None
[2025-10-09T06:38:45.221+0000] {processor.py:183} INFO - Processing /home/airflow/.local/lib/python3.8/site-packages/airflow/example_dags/tutorial_dag.py took 0.179 seconds
[2025-10-09T06:39:15.379+0000] {processor.py:161} INFO - Started process (PID=3318) to work on /home/airflow/.local/lib/python3.8/site-packages/airflow/example_dags/tutorial_dag.py
[2025-10-09T06:39:15.380+0000] {processor.py:830} INFO - Processing file /home/airflow/.local/lib/python3.8/site-packages/airflow/example_dags/tutorial_dag.py for tasks to queue
[2025-10-09T06:39:15.384+0000] {logging_mixin.py:188} INFO - [2025-10-09T06:39:15.384+0000] {dagbag.py:538} INFO - Filling up the DagBag from /home/airflow/.local/lib/python3.8/site-packages/airflow/example_dags/tutorial_dag.py
[2025-10-09T06:39:15.393+0000] {processor.py:840} INFO - DAG(s) 'tutorial_dag' retrieved from /home/airflow/.local/lib/python3.8/site-packages/airflow/example_dags/tutorial_dag.py
[2025-10-09T06:39:15.454+0000] {logging_mixin.py:188} INFO - [2025-10-09T06:39:15.453+0000] {dag.py:3036} INFO - Sync 1 DAGs
[2025-10-09T06:39:15.481+0000] {logging_mixin.py:188} INFO - [2025-10-09T06:39:15.480+0000] {dag.py:3823} INFO - Setting next_dagrun for tutorial_dag to None, run_after=None
[2025-10-09T06:39:15.519+0000] {processor.py:183} INFO - Processing /home/airflow/.local/lib/python3.8/site-packages/airflow/example_dags/tutorial_dag.py took 0.146 seconds
[2025-10-09T06:39:45.759+0000] {processor.py:161} INFO - Started process (PID=3380) to work on /home/airflow/.local/lib/python3.8/site-packages/airflow/example_dags/tutorial_dag.py
[2025-10-09T06:39:45.761+0000] {processor.py:830} INFO - Processing file /home/airflow/.local/lib/python3.8/site-packages/airflow/example_dags/tutorial_dag.py for tasks to queue
[2025-10-09T06:39:45.764+0000] {logging_mixin.py:188} INFO - [2025-10-09T06:39:45.763+0000] {dagbag.py:538} INFO - Filling up the DagBag from /home/airflow/.local/lib/python3.8/site-packages/airflow/example_dags/tutorial_dag.py
[2025-10-09T06:39:45.772+0000] {processor.py:840} INFO - DAG(s) 'tutorial_dag' retrieved from /home/airflow/.local/lib/python3.8/site-packages/airflow/example_dags/tutorial_dag.py
[2025-10-09T06:39:45.807+0000] {logging_mixin.py:188} INFO - [2025-10-09T06:39:45.806+0000] {dag.py:3036} INFO - Sync 1 DAGs
[2025-10-09T06:39:45.824+0000] {logging_mixin.py:188} INFO - [2025-10-09T06:39:45.824+0000] {dag.py:3823} INFO - Setting next_dagrun for tutorial_dag to None, run_after=None
[2025-10-09T06:39:45.872+0000] {processor.py:183} INFO - Processing /home/airflow/.local/lib/python3.8/site-packages/airflow/example_dags/tutorial_dag.py took 0.118 seconds
[2025-10-09T06:40:16.477+0000] {processor.py:161} INFO - Started process (PID=3442) to work on /home/airflow/.local/lib/python3.8/site-packages/airflow/example_dags/tutorial_dag.py
[2025-10-09T06:40:16.479+0000] {processor.py:830} INFO - Processing file /home/airflow/.local/lib/python3.8/site-packages/airflow/example_dags/tutorial_dag.py for tasks to queue
[2025-10-09T06:40:16.482+0000] {logging_mixin.py:188} INFO - [2025-10-09T06:40:16.482+0000] {dagbag.py:538} INFO - Filling up the DagBag from /home/airflow/.local/lib/python3.8/site-packages/airflow/example_dags/tutorial_dag.py
[2025-10-09T06:40:16.492+0000] {processor.py:840} INFO - DAG(s) 'tutorial_dag' retrieved from /home/airflow/.local/lib/python3.8/site-packages/airflow/example_dags/tutorial_dag.py
[2025-10-09T06:40:16.531+0000] {logging_mixin.py:188} INFO - [2025-10-09T06:40:16.531+0000] {dag.py:3036} INFO - Sync 1 DAGs
[2025-10-09T06:40:16.554+0000] {logging_mixin.py:188} INFO - [2025-10-09T06:40:16.554+0000] {dag.py:3823} INFO - Setting next_dagrun for tutorial_dag to None, run_after=None
[2025-10-09T06:40:16.587+0000] {processor.py:183} INFO - Processing /home/airflow/.local/lib/python3.8/site-packages/airflow/example_dags/tutorial_dag.py took 0.115 seconds
[2025-10-09T06:40:47.936+0000] {processor.py:161} INFO - Started process (PID=3504) to work on /home/airflow/.local/lib/python3.8/site-packages/airflow/example_dags/tutorial_dag.py
[2025-10-09T06:40:47.938+0000] {processor.py:830} INFO - Processing file /home/airflow/.local/lib/python3.8/site-packages/airflow/example_dags/tutorial_dag.py for tasks to queue
[2025-10-09T06:40:47.942+0000] {logging_mixin.py:188} INFO - [2025-10-09T06:40:47.941+0000] {dagbag.py:538} INFO - Filling up the DagBag from /home/airflow/.local/lib/python3.8/site-packages/airflow/example_dags/tutorial_dag.py
[2025-10-09T06:40:47.952+0000] {processor.py:840} INFO - DAG(s) 'tutorial_dag' retrieved from /home/airflow/.local/lib/python3.8/site-packages/airflow/example_dags/tutorial_dag.py
[2025-10-09T06:40:48.025+0000] {logging_mixin.py:188} INFO - [2025-10-09T06:40:48.025+0000] {dag.py:3036} INFO - Sync 1 DAGs
[2025-10-09T06:40:48.046+0000] {logging_mixin.py:188} INFO - [2025-10-09T06:40:48.045+0000] {dag.py:3823} INFO - Setting next_dagrun for tutorial_dag to None, run_after=None
[2025-10-09T06:40:48.109+0000] {processor.py:183} INFO - Processing /home/airflow/.local/lib/python3.8/site-packages/airflow/example_dags/tutorial_dag.py took 0.184 seconds
[2025-10-09T06:41:18.802+0000] {processor.py:161} INFO - Started process (PID=3573) to work on /home/airflow/.local/lib/python3.8/site-packages/airflow/example_dags/tutorial_dag.py
[2025-10-09T06:41:18.806+0000] {processor.py:830} INFO - Processing file /home/airflow/.local/lib/python3.8/site-packages/airflow/example_dags/tutorial_dag.py for tasks to queue
[2025-10-09T06:41:18.810+0000] {logging_mixin.py:188} INFO - [2025-10-09T06:41:18.809+0000] {dagbag.py:538} INFO - Filling up the DagBag from /home/airflow/.local/lib/python3.8/site-packages/airflow/example_dags/tutorial_dag.py
[2025-10-09T06:41:18.823+0000] {processor.py:840} INFO - DAG(s) 'tutorial_dag' retrieved from /home/airflow/.local/lib/python3.8/site-packages/airflow/example_dags/tutorial_dag.py
[2025-10-09T06:41:18.927+0000] {logging_mixin.py:188} INFO - [2025-10-09T06:41:18.926+0000] {dag.py:3036} INFO - Sync 1 DAGs
[2025-10-09T06:41:18.976+0000] {logging_mixin.py:188} INFO - [2025-10-09T06:41:18.975+0000] {dag.py:3823} INFO - Setting next_dagrun for tutorial_dag to None, run_after=None
[2025-10-09T06:41:19.052+0000] {processor.py:183} INFO - Processing /home/airflow/.local/lib/python3.8/site-packages/airflow/example_dags/tutorial_dag.py took 0.262 seconds
[2025-10-09T06:41:50.349+0000] {processor.py:161} INFO - Started process (PID=3635) to work on /home/airflow/.local/lib/python3.8/site-packages/airflow/example_dags/tutorial_dag.py
[2025-10-09T06:41:50.351+0000] {processor.py:830} INFO - Processing file /home/airflow/.local/lib/python3.8/site-packages/airflow/example_dags/tutorial_dag.py for tasks to queue
[2025-10-09T06:41:50.354+0000] {logging_mixin.py:188} INFO - [2025-10-09T06:41:50.354+0000] {dagbag.py:538} INFO - Filling up the DagBag from /home/airflow/.local/lib/python3.8/site-packages/airflow/example_dags/tutorial_dag.py
[2025-10-09T06:41:50.364+0000] {processor.py:840} INFO - DAG(s) 'tutorial_dag' retrieved from /home/airflow/.local/lib/python3.8/site-packages/airflow/example_dags/tutorial_dag.py
[2025-10-09T06:41:50.410+0000] {logging_mixin.py:188} INFO - [2025-10-09T06:41:50.409+0000] {dag.py:3036} INFO - Sync 1 DAGs
[2025-10-09T06:41:50.434+0000] {logging_mixin.py:188} INFO - [2025-10-09T06:41:50.434+0000] {dag.py:3823} INFO - Setting next_dagrun for tutorial_dag to None, run_after=None
[2025-10-09T06:41:50.471+0000] {processor.py:183} INFO - Processing /home/airflow/.local/lib/python3.8/site-packages/airflow/example_dags/tutorial_dag.py took 0.127 seconds
[2025-10-09T06:42:20.758+0000] {processor.py:161} INFO - Started process (PID=3697) to work on /home/airflow/.local/lib/python3.8/site-packages/airflow/example_dags/tutorial_dag.py
[2025-10-09T06:42:20.760+0000] {processor.py:830} INFO - Processing file /home/airflow/.local/lib/python3.8/site-packages/airflow/example_dags/tutorial_dag.py for tasks to queue
[2025-10-09T06:42:20.762+0000] {logging_mixin.py:188} INFO - [2025-10-09T06:42:20.762+0000] {dagbag.py:538} INFO - Filling up the DagBag from /home/airflow/.local/lib/python3.8/site-packages/airflow/example_dags/tutorial_dag.py
[2025-10-09T06:42:20.770+0000] {processor.py:840} INFO - DAG(s) 'tutorial_dag' retrieved from /home/airflow/.local/lib/python3.8/site-packages/airflow/example_dags/tutorial_dag.py
[2025-10-09T06:42:20.803+0000] {logging_mixin.py:188} INFO - [2025-10-09T06:42:20.803+0000] {dag.py:3036} INFO - Sync 1 DAGs
[2025-10-09T06:42:20.819+0000] {logging_mixin.py:188} INFO - [2025-10-09T06:42:20.819+0000] {dag.py:3823} INFO - Setting next_dagrun for tutorial_dag to None, run_after=None
[2025-10-09T06:42:20.878+0000] {processor.py:183} INFO - Processing /home/airflow/.local/lib/python3.8/site-packages/airflow/example_dags/tutorial_dag.py took 0.125 seconds
[2025-10-09T06:42:51.426+0000] {processor.py:161} INFO - Started process (PID=3758) to work on /home/airflow/.local/lib/python3.8/site-packages/airflow/example_dags/tutorial_dag.py
[2025-10-09T06:42:51.428+0000] {processor.py:830} INFO - Processing file /home/airflow/.local/lib/python3.8/site-packages/airflow/example_dags/tutorial_dag.py for tasks to queue
[2025-10-09T06:42:51.430+0000] {logging_mixin.py:188} INFO - [2025-10-09T06:42:51.430+0000] {dagbag.py:538} INFO - Filling up the DagBag from /home/airflow/.local/lib/python3.8/site-packages/airflow/example_dags/tutorial_dag.py
[2025-10-09T06:42:51.439+0000] {processor.py:840} INFO - DAG(s) 'tutorial_dag' retrieved from /home/airflow/.local/lib/python3.8/site-packages/airflow/example_dags/tutorial_dag.py
[2025-10-09T06:42:51.476+0000] {logging_mixin.py:188} INFO - [2025-10-09T06:42:51.475+0000] {dag.py:3036} INFO - Sync 1 DAGs
[2025-10-09T06:42:51.496+0000] {logging_mixin.py:188} INFO - [2025-10-09T06:42:51.495+0000] {dag.py:3823} INFO - Setting next_dagrun for tutorial_dag to None, run_after=None
[2025-10-09T06:42:51.529+0000] {processor.py:183} INFO - Processing /home/airflow/.local/lib/python3.8/site-packages/airflow/example_dags/tutorial_dag.py took 0.108 seconds
[2025-10-09T06:43:22.103+0000] {processor.py:161} INFO - Started process (PID=3820) to work on /home/airflow/.local/lib/python3.8/site-packages/airflow/example_dags/tutorial_dag.py
[2025-10-09T06:43:22.105+0000] {processor.py:830} INFO - Processing file /home/airflow/.local/lib/python3.8/site-packages/airflow/example_dags/tutorial_dag.py for tasks to queue
[2025-10-09T06:43:22.108+0000] {logging_mixin.py:188} INFO - [2025-10-09T06:43:22.107+0000] {dagbag.py:538} INFO - Filling up the DagBag from /home/airflow/.local/lib/python3.8/site-packages/airflow/example_dags/tutorial_dag.py
[2025-10-09T06:43:22.116+0000] {processor.py:840} INFO - DAG(s) 'tutorial_dag' retrieved from /home/airflow/.local/lib/python3.8/site-packages/airflow/example_dags/tutorial_dag.py
[2025-10-09T06:43:22.153+0000] {logging_mixin.py:188} INFO - [2025-10-09T06:43:22.153+0000] {dag.py:3036} INFO - Sync 1 DAGs
[2025-10-09T06:43:22.175+0000] {logging_mixin.py:188} INFO - [2025-10-09T06:43:22.174+0000] {dag.py:3823} INFO - Setting next_dagrun for tutorial_dag to None, run_after=None
[2025-10-09T06:43:22.204+0000] {processor.py:183} INFO - Processing /home/airflow/.local/lib/python3.8/site-packages/airflow/example_dags/tutorial_dag.py took 0.105 seconds
[2025-10-09T06:43:53.266+0000] {processor.py:161} INFO - Started process (PID=3882) to work on /home/airflow/.local/lib/python3.8/site-packages/airflow/example_dags/tutorial_dag.py
[2025-10-09T06:43:53.268+0000] {processor.py:830} INFO - Processing file /home/airflow/.local/lib/python3.8/site-packages/airflow/example_dags/tutorial_dag.py for tasks to queue
[2025-10-09T06:43:53.271+0000] {logging_mixin.py:188} INFO - [2025-10-09T06:43:53.270+0000] {dagbag.py:538} INFO - Filling up the DagBag from /home/airflow/.local/lib/python3.8/site-packages/airflow/example_dags/tutorial_dag.py
[2025-10-09T06:43:53.279+0000] {processor.py:840} INFO - DAG(s) 'tutorial_dag' retrieved from /home/airflow/.local/lib/python3.8/site-packages/airflow/example_dags/tutorial_dag.py
[2025-10-09T06:43:53.318+0000] {logging_mixin.py:188} INFO - [2025-10-09T06:43:53.317+0000] {dag.py:3036} INFO - Sync 1 DAGs
[2025-10-09T06:43:53.338+0000] {logging_mixin.py:188} INFO - [2025-10-09T06:43:53.337+0000] {dag.py:3823} INFO - Setting next_dagrun for tutorial_dag to None, run_after=None
[2025-10-09T06:43:53.368+0000] {processor.py:183} INFO - Processing /home/airflow/.local/lib/python3.8/site-packages/airflow/example_dags/tutorial_dag.py took 0.107 seconds
[2025-10-09T06:44:23.780+0000] {processor.py:161} INFO - Started process (PID=3944) to work on /home/airflow/.local/lib/python3.8/site-packages/airflow/example_dags/tutorial_dag.py
[2025-10-09T06:44:23.782+0000] {processor.py:830} INFO - Processing file /home/airflow/.local/lib/python3.8/site-packages/airflow/example_dags/tutorial_dag.py for tasks to queue
[2025-10-09T06:44:23.786+0000] {logging_mixin.py:188} INFO - [2025-10-09T06:44:23.785+0000] {dagbag.py:538} INFO - Filling up the DagBag from /home/airflow/.local/lib/python3.8/site-packages/airflow/example_dags/tutorial_dag.py
[2025-10-09T06:44:23.795+0000] {processor.py:840} INFO - DAG(s) 'tutorial_dag' retrieved from /home/airflow/.local/lib/python3.8/site-packages/airflow/example_dags/tutorial_dag.py
[2025-10-09T06:44:23.835+0000] {logging_mixin.py:188} INFO - [2025-10-09T06:44:23.834+0000] {dag.py:3036} INFO - Sync 1 DAGs
[2025-10-09T06:44:23.856+0000] {logging_mixin.py:188} INFO - [2025-10-09T06:44:23.855+0000] {dag.py:3823} INFO - Setting next_dagrun for tutorial_dag to None, run_after=None
[2025-10-09T06:44:23.903+0000] {processor.py:183} INFO - Processing /home/airflow/.local/lib/python3.8/site-packages/airflow/example_dags/tutorial_dag.py took 0.131 seconds
[2025-10-09T06:44:54.392+0000] {processor.py:161} INFO - Started process (PID=4006) to work on /home/airflow/.local/lib/python3.8/site-packages/airflow/example_dags/tutorial_dag.py
[2025-10-09T06:44:54.394+0000] {processor.py:830} INFO - Processing file /home/airflow/.local/lib/python3.8/site-packages/airflow/example_dags/tutorial_dag.py for tasks to queue
[2025-10-09T06:44:54.397+0000] {logging_mixin.py:188} INFO - [2025-10-09T06:44:54.396+0000] {dagbag.py:538} INFO - Filling up the DagBag from /home/airflow/.local/lib/python3.8/site-packages/airflow/example_dags/tutorial_dag.py
[2025-10-09T06:44:54.405+0000] {processor.py:840} INFO - DAG(s) 'tutorial_dag' retrieved from /home/airflow/.local/lib/python3.8/site-packages/airflow/example_dags/tutorial_dag.py
[2025-10-09T06:44:54.446+0000] {logging_mixin.py:188} INFO - [2025-10-09T06:44:54.446+0000] {dag.py:3036} INFO - Sync 1 DAGs
[2025-10-09T06:44:54.469+0000] {logging_mixin.py:188} INFO - [2025-10-09T06:44:54.469+0000] {dag.py:3823} INFO - Setting next_dagrun for tutorial_dag to None, run_after=None
[2025-10-09T06:44:54.517+0000] {processor.py:183} INFO - Processing /home/airflow/.local/lib/python3.8/site-packages/airflow/example_dags/tutorial_dag.py took 0.130 seconds
[2025-10-09T06:45:25.752+0000] {processor.py:161} INFO - Started process (PID=4068) to work on /home/airflow/.local/lib/python3.8/site-packages/airflow/example_dags/tutorial_dag.py
[2025-10-09T06:45:25.754+0000] {processor.py:830} INFO - Processing file /home/airflow/.local/lib/python3.8/site-packages/airflow/example_dags/tutorial_dag.py for tasks to queue
[2025-10-09T06:45:25.758+0000] {logging_mixin.py:188} INFO - [2025-10-09T06:45:25.757+0000] {dagbag.py:538} INFO - Filling up the DagBag from /home/airflow/.local/lib/python3.8/site-packages/airflow/example_dags/tutorial_dag.py
[2025-10-09T06:45:25.770+0000] {processor.py:840} INFO - DAG(s) 'tutorial_dag' retrieved from /home/airflow/.local/lib/python3.8/site-packages/airflow/example_dags/tutorial_dag.py
[2025-10-09T06:45:25.809+0000] {logging_mixin.py:188} INFO - [2025-10-09T06:45:25.808+0000] {dag.py:3036} INFO - Sync 1 DAGs
[2025-10-09T06:45:25.826+0000] {logging_mixin.py:188} INFO - [2025-10-09T06:45:25.826+0000] {dag.py:3823} INFO - Setting next_dagrun for tutorial_dag to None, run_after=None
[2025-10-09T06:45:25.889+0000] {processor.py:183} INFO - Processing /home/airflow/.local/lib/python3.8/site-packages/airflow/example_dags/tutorial_dag.py took 0.143 seconds
[2025-10-09T06:45:56.420+0000] {processor.py:161} INFO - Started process (PID=4130) to work on /home/airflow/.local/lib/python3.8/site-packages/airflow/example_dags/tutorial_dag.py
[2025-10-09T06:45:56.422+0000] {processor.py:830} INFO - Processing file /home/airflow/.local/lib/python3.8/site-packages/airflow/example_dags/tutorial_dag.py for tasks to queue
[2025-10-09T06:45:56.426+0000] {logging_mixin.py:188} INFO - [2025-10-09T06:45:56.425+0000] {dagbag.py:538} INFO - Filling up the DagBag from /home/airflow/.local/lib/python3.8/site-packages/airflow/example_dags/tutorial_dag.py
[2025-10-09T06:45:56.434+0000] {processor.py:840} INFO - DAG(s) 'tutorial_dag' retrieved from /home/airflow/.local/lib/python3.8/site-packages/airflow/example_dags/tutorial_dag.py
[2025-10-09T06:45:56.475+0000] {logging_mixin.py:188} INFO - [2025-10-09T06:45:56.474+0000] {dag.py:3036} INFO - Sync 1 DAGs
[2025-10-09T06:45:56.498+0000] {logging_mixin.py:188} INFO - [2025-10-09T06:45:56.497+0000] {dag.py:3823} INFO - Setting next_dagrun for tutorial_dag to None, run_after=None
[2025-10-09T06:45:56.581+0000] {processor.py:183} INFO - Processing /home/airflow/.local/lib/python3.8/site-packages/airflow/example_dags/tutorial_dag.py took 0.167 seconds
[2025-10-09T06:46:27.696+0000] {processor.py:161} INFO - Started process (PID=4192) to work on /home/airflow/.local/lib/python3.8/site-packages/airflow/example_dags/tutorial_dag.py
[2025-10-09T06:46:27.699+0000] {processor.py:830} INFO - Processing file /home/airflow/.local/lib/python3.8/site-packages/airflow/example_dags/tutorial_dag.py for tasks to queue
[2025-10-09T06:46:27.702+0000] {logging_mixin.py:188} INFO - [2025-10-09T06:46:27.702+0000] {dagbag.py:538} INFO - Filling up the DagBag from /home/airflow/.local/lib/python3.8/site-packages/airflow/example_dags/tutorial_dag.py
[2025-10-09T06:46:27.711+0000] {processor.py:840} INFO - DAG(s) 'tutorial_dag' retrieved from /home/airflow/.local/lib/python3.8/site-packages/airflow/example_dags/tutorial_dag.py
[2025-10-09T06:46:27.754+0000] {logging_mixin.py:188} INFO - [2025-10-09T06:46:27.753+0000] {dag.py:3036} INFO - Sync 1 DAGs
[2025-10-09T06:46:27.783+0000] {logging_mixin.py:188} INFO - [2025-10-09T06:46:27.781+0000] {dag.py:3823} INFO - Setting next_dagrun for tutorial_dag to None, run_after=None
[2025-10-09T06:46:27.844+0000] {processor.py:183} INFO - Processing /home/airflow/.local/lib/python3.8/site-packages/airflow/example_dags/tutorial_dag.py took 0.153 seconds
[2025-10-09T06:46:58.416+0000] {processor.py:161} INFO - Started process (PID=4254) to work on /home/airflow/.local/lib/python3.8/site-packages/airflow/example_dags/tutorial_dag.py
[2025-10-09T06:46:58.418+0000] {processor.py:830} INFO - Processing file /home/airflow/.local/lib/python3.8/site-packages/airflow/example_dags/tutorial_dag.py for tasks to queue
[2025-10-09T06:46:58.422+0000] {logging_mixin.py:188} INFO - [2025-10-09T06:46:58.421+0000] {dagbag.py:538} INFO - Filling up the DagBag from /home/airflow/.local/lib/python3.8/site-packages/airflow/example_dags/tutorial_dag.py
[2025-10-09T06:46:58.433+0000] {processor.py:840} INFO - DAG(s) 'tutorial_dag' retrieved from /home/airflow/.local/lib/python3.8/site-packages/airflow/example_dags/tutorial_dag.py
[2025-10-09T06:46:58.506+0000] {logging_mixin.py:188} INFO - [2025-10-09T06:46:58.506+0000] {dag.py:3036} INFO - Sync 1 DAGs
[2025-10-09T06:46:58.529+0000] {logging_mixin.py:188} INFO - [2025-10-09T06:46:58.529+0000] {dag.py:3823} INFO - Setting next_dagrun for tutorial_dag to None, run_after=None
[2025-10-09T06:46:58.557+0000] {processor.py:183} INFO - Processing /home/airflow/.local/lib/python3.8/site-packages/airflow/example_dags/tutorial_dag.py took 0.148 seconds
[2025-10-09T06:47:28.744+0000] {processor.py:161} INFO - Started process (PID=4316) to work on /home/airflow/.local/lib/python3.8/site-packages/airflow/example_dags/tutorial_dag.py
[2025-10-09T06:47:28.746+0000] {processor.py:830} INFO - Processing file /home/airflow/.local/lib/python3.8/site-packages/airflow/example_dags/tutorial_dag.py for tasks to queue
[2025-10-09T06:47:28.750+0000] {logging_mixin.py:188} INFO - [2025-10-09T06:47:28.749+0000] {dagbag.py:538} INFO - Filling up the DagBag from /home/airflow/.local/lib/python3.8/site-packages/airflow/example_dags/tutorial_dag.py
[2025-10-09T06:47:28.764+0000] {processor.py:840} INFO - DAG(s) 'tutorial_dag' retrieved from /home/airflow/.local/lib/python3.8/site-packages/airflow/example_dags/tutorial_dag.py
[2025-10-09T06:47:28.832+0000] {logging_mixin.py:188} INFO - [2025-10-09T06:47:28.831+0000] {dag.py:3036} INFO - Sync 1 DAGs
[2025-10-09T06:47:28.860+0000] {logging_mixin.py:188} INFO - [2025-10-09T06:47:28.859+0000] {dag.py:3823} INFO - Setting next_dagrun for tutorial_dag to None, run_after=None
[2025-10-09T06:47:28.897+0000] {processor.py:183} INFO - Processing /home/airflow/.local/lib/python3.8/site-packages/airflow/example_dags/tutorial_dag.py took 0.159 seconds
[2025-10-09T06:47:59.823+0000] {processor.py:161} INFO - Started process (PID=4378) to work on /home/airflow/.local/lib/python3.8/site-packages/airflow/example_dags/tutorial_dag.py
[2025-10-09T06:47:59.825+0000] {processor.py:830} INFO - Processing file /home/airflow/.local/lib/python3.8/site-packages/airflow/example_dags/tutorial_dag.py for tasks to queue
[2025-10-09T06:47:59.828+0000] {logging_mixin.py:188} INFO - [2025-10-09T06:47:59.827+0000] {dagbag.py:538} INFO - Filling up the DagBag from /home/airflow/.local/lib/python3.8/site-packages/airflow/example_dags/tutorial_dag.py
[2025-10-09T06:47:59.840+0000] {processor.py:840} INFO - DAG(s) 'tutorial_dag' retrieved from /home/airflow/.local/lib/python3.8/site-packages/airflow/example_dags/tutorial_dag.py
[2025-10-09T06:47:59.885+0000] {logging_mixin.py:188} INFO - [2025-10-09T06:47:59.885+0000] {dag.py:3036} INFO - Sync 1 DAGs
[2025-10-09T06:47:59.913+0000] {logging_mixin.py:188} INFO - [2025-10-09T06:47:59.913+0000] {dag.py:3823} INFO - Setting next_dagrun for tutorial_dag to None, run_after=None
[2025-10-09T06:47:59.968+0000] {processor.py:183} INFO - Processing /home/airflow/.local/lib/python3.8/site-packages/airflow/example_dags/tutorial_dag.py took 0.152 seconds
[2025-10-09T06:48:30.850+0000] {processor.py:161} INFO - Started process (PID=4440) to work on /home/airflow/.local/lib/python3.8/site-packages/airflow/example_dags/tutorial_dag.py
[2025-10-09T06:48:30.852+0000] {processor.py:830} INFO - Processing file /home/airflow/.local/lib/python3.8/site-packages/airflow/example_dags/tutorial_dag.py for tasks to queue
[2025-10-09T06:48:30.855+0000] {logging_mixin.py:188} INFO - [2025-10-09T06:48:30.854+0000] {dagbag.py:538} INFO - Filling up the DagBag from /home/airflow/.local/lib/python3.8/site-packages/airflow/example_dags/tutorial_dag.py
[2025-10-09T06:48:30.865+0000] {processor.py:840} INFO - DAG(s) 'tutorial_dag' retrieved from /home/airflow/.local/lib/python3.8/site-packages/airflow/example_dags/tutorial_dag.py
[2025-10-09T06:48:30.904+0000] {logging_mixin.py:188} INFO - [2025-10-09T06:48:30.904+0000] {dag.py:3036} INFO - Sync 1 DAGs
[2025-10-09T06:48:30.927+0000] {logging_mixin.py:188} INFO - [2025-10-09T06:48:30.927+0000] {dag.py:3823} INFO - Setting next_dagrun for tutorial_dag to None, run_after=None
[2025-10-09T06:48:30.960+0000] {processor.py:183} INFO - Processing /home/airflow/.local/lib/python3.8/site-packages/airflow/example_dags/tutorial_dag.py took 0.115 seconds
[2025-10-09T06:49:02.109+0000] {processor.py:161} INFO - Started process (PID=4502) to work on /home/airflow/.local/lib/python3.8/site-packages/airflow/example_dags/tutorial_dag.py
[2025-10-09T06:49:02.112+0000] {processor.py:830} INFO - Processing file /home/airflow/.local/lib/python3.8/site-packages/airflow/example_dags/tutorial_dag.py for tasks to queue
[2025-10-09T06:49:02.117+0000] {logging_mixin.py:188} INFO - [2025-10-09T06:49:02.117+0000] {dagbag.py:538} INFO - Filling up the DagBag from /home/airflow/.local/lib/python3.8/site-packages/airflow/example_dags/tutorial_dag.py
[2025-10-09T06:49:02.134+0000] {processor.py:840} INFO - DAG(s) 'tutorial_dag' retrieved from /home/airflow/.local/lib/python3.8/site-packages/airflow/example_dags/tutorial_dag.py
[2025-10-09T06:49:02.187+0000] {logging_mixin.py:188} INFO - [2025-10-09T06:49:02.187+0000] {dag.py:3036} INFO - Sync 1 DAGs
[2025-10-09T06:49:02.219+0000] {logging_mixin.py:188} INFO - [2025-10-09T06:49:02.218+0000] {dag.py:3823} INFO - Setting next_dagrun for tutorial_dag to None, run_after=None
[2025-10-09T06:49:02.269+0000] {processor.py:183} INFO - Processing /home/airflow/.local/lib/python3.8/site-packages/airflow/example_dags/tutorial_dag.py took 0.167 seconds
[2025-10-09T06:49:33.142+0000] {processor.py:161} INFO - Started process (PID=4567) to work on /home/airflow/.local/lib/python3.8/site-packages/airflow/example_dags/tutorial_dag.py
[2025-10-09T06:49:33.144+0000] {processor.py:830} INFO - Processing file /home/airflow/.local/lib/python3.8/site-packages/airflow/example_dags/tutorial_dag.py for tasks to queue
[2025-10-09T06:49:33.148+0000] {logging_mixin.py:188} INFO - [2025-10-09T06:49:33.147+0000] {dagbag.py:538} INFO - Filling up the DagBag from /home/airflow/.local/lib/python3.8/site-packages/airflow/example_dags/tutorial_dag.py
[2025-10-09T06:49:33.158+0000] {processor.py:840} INFO - DAG(s) 'tutorial_dag' retrieved from /home/airflow/.local/lib/python3.8/site-packages/airflow/example_dags/tutorial_dag.py
[2025-10-09T06:49:33.203+0000] {logging_mixin.py:188} INFO - [2025-10-09T06:49:33.202+0000] {dag.py:3036} INFO - Sync 1 DAGs
[2025-10-09T06:49:33.227+0000] {logging_mixin.py:188} INFO - [2025-10-09T06:49:33.227+0000] {dag.py:3823} INFO - Setting next_dagrun for tutorial_dag to None, run_after=None
[2025-10-09T06:49:33.268+0000] {processor.py:183} INFO - Processing /home/airflow/.local/lib/python3.8/site-packages/airflow/example_dags/tutorial_dag.py took 0.131 seconds
[2025-10-09T06:50:04.624+0000] {processor.py:161} INFO - Started process (PID=4629) to work on /home/airflow/.local/lib/python3.8/site-packages/airflow/example_dags/tutorial_dag.py
[2025-10-09T06:50:04.626+0000] {processor.py:830} INFO - Processing file /home/airflow/.local/lib/python3.8/site-packages/airflow/example_dags/tutorial_dag.py for tasks to queue
[2025-10-09T06:50:04.630+0000] {logging_mixin.py:188} INFO - [2025-10-09T06:50:04.630+0000] {dagbag.py:538} INFO - Filling up the DagBag from /home/airflow/.local/lib/python3.8/site-packages/airflow/example_dags/tutorial_dag.py
[2025-10-09T06:50:04.641+0000] {processor.py:840} INFO - DAG(s) 'tutorial_dag' retrieved from /home/airflow/.local/lib/python3.8/site-packages/airflow/example_dags/tutorial_dag.py
[2025-10-09T06:50:04.688+0000] {logging_mixin.py:188} INFO - [2025-10-09T06:50:04.687+0000] {dag.py:3036} INFO - Sync 1 DAGs
[2025-10-09T06:50:04.711+0000] {logging_mixin.py:188} INFO - [2025-10-09T06:50:04.711+0000] {dag.py:3823} INFO - Setting next_dagrun for tutorial_dag to None, run_after=None
[2025-10-09T06:50:04.754+0000] {processor.py:183} INFO - Processing /home/airflow/.local/lib/python3.8/site-packages/airflow/example_dags/tutorial_dag.py took 0.134 seconds
[2025-10-09T06:50:35.530+0000] {processor.py:161} INFO - Started process (PID=4691) to work on /home/airflow/.local/lib/python3.8/site-packages/airflow/example_dags/tutorial_dag.py
[2025-10-09T06:50:35.531+0000] {processor.py:830} INFO - Processing file /home/airflow/.local/lib/python3.8/site-packages/airflow/example_dags/tutorial_dag.py for tasks to queue
[2025-10-09T06:50:35.534+0000] {logging_mixin.py:188} INFO - [2025-10-09T06:50:35.534+0000] {dagbag.py:538} INFO - Filling up the DagBag from /home/airflow/.local/lib/python3.8/site-packages/airflow/example_dags/tutorial_dag.py
[2025-10-09T06:50:35.544+0000] {processor.py:840} INFO - DAG(s) 'tutorial_dag' retrieved from /home/airflow/.local/lib/python3.8/site-packages/airflow/example_dags/tutorial_dag.py
[2025-10-09T06:50:35.577+0000] {logging_mixin.py:188} INFO - [2025-10-09T06:50:35.577+0000] {dag.py:3036} INFO - Sync 1 DAGs
[2025-10-09T06:50:35.595+0000] {logging_mixin.py:188} INFO - [2025-10-09T06:50:35.594+0000] {dag.py:3823} INFO - Setting next_dagrun for tutorial_dag to None, run_after=None
[2025-10-09T06:50:35.628+0000] {processor.py:183} INFO - Processing /home/airflow/.local/lib/python3.8/site-packages/airflow/example_dags/tutorial_dag.py took 0.103 seconds
[2025-10-09T06:51:07.898+0000] {processor.py:161} INFO - Started process (PID=4755) to work on /home/airflow/.local/lib/python3.8/site-packages/airflow/example_dags/tutorial_dag.py
[2025-10-09T06:51:07.900+0000] {processor.py:830} INFO - Processing file /home/airflow/.local/lib/python3.8/site-packages/airflow/example_dags/tutorial_dag.py for tasks to queue
[2025-10-09T06:51:07.904+0000] {logging_mixin.py:188} INFO - [2025-10-09T06:51:07.903+0000] {dagbag.py:538} INFO - Filling up the DagBag from /home/airflow/.local/lib/python3.8/site-packages/airflow/example_dags/tutorial_dag.py
[2025-10-09T06:51:07.916+0000] {processor.py:840} INFO - DAG(s) 'tutorial_dag' retrieved from /home/airflow/.local/lib/python3.8/site-packages/airflow/example_dags/tutorial_dag.py
[2025-10-09T06:51:07.974+0000] {logging_mixin.py:188} INFO - [2025-10-09T06:51:07.974+0000] {dag.py:3036} INFO - Sync 1 DAGs
[2025-10-09T06:51:08.002+0000] {logging_mixin.py:188} INFO - [2025-10-09T06:51:08.001+0000] {dag.py:3823} INFO - Setting next_dagrun for tutorial_dag to None, run_after=None
[2025-10-09T06:51:08.041+0000] {processor.py:183} INFO - Processing /home/airflow/.local/lib/python3.8/site-packages/airflow/example_dags/tutorial_dag.py took 0.151 seconds
[2025-10-09T06:51:38.686+0000] {processor.py:161} INFO - Started process (PID=4817) to work on /home/airflow/.local/lib/python3.8/site-packages/airflow/example_dags/tutorial_dag.py
[2025-10-09T06:51:38.689+0000] {processor.py:830} INFO - Processing file /home/airflow/.local/lib/python3.8/site-packages/airflow/example_dags/tutorial_dag.py for tasks to queue
[2025-10-09T06:51:38.691+0000] {logging_mixin.py:188} INFO - [2025-10-09T06:51:38.690+0000] {dagbag.py:538} INFO - Filling up the DagBag from /home/airflow/.local/lib/python3.8/site-packages/airflow/example_dags/tutorial_dag.py
[2025-10-09T06:51:38.699+0000] {processor.py:840} INFO - DAG(s) 'tutorial_dag' retrieved from /home/airflow/.local/lib/python3.8/site-packages/airflow/example_dags/tutorial_dag.py
[2025-10-09T06:51:38.743+0000] {logging_mixin.py:188} INFO - [2025-10-09T06:51:38.743+0000] {dag.py:3036} INFO - Sync 1 DAGs
[2025-10-09T06:51:38.762+0000] {logging_mixin.py:188} INFO - [2025-10-09T06:51:38.761+0000] {dag.py:3823} INFO - Setting next_dagrun for tutorial_dag to None, run_after=None
[2025-10-09T06:51:38.789+0000] {processor.py:183} INFO - Processing /home/airflow/.local/lib/python3.8/site-packages/airflow/example_dags/tutorial_dag.py took 0.108 seconds
[2025-10-09T06:52:10.196+0000] {processor.py:161} INFO - Started process (PID=4881) to work on /home/airflow/.local/lib/python3.8/site-packages/airflow/example_dags/tutorial_dag.py
[2025-10-09T06:52:10.198+0000] {processor.py:830} INFO - Processing file /home/airflow/.local/lib/python3.8/site-packages/airflow/example_dags/tutorial_dag.py for tasks to queue
[2025-10-09T06:52:10.202+0000] {logging_mixin.py:188} INFO - [2025-10-09T06:52:10.201+0000] {dagbag.py:538} INFO - Filling up the DagBag from /home/airflow/.local/lib/python3.8/site-packages/airflow/example_dags/tutorial_dag.py
[2025-10-09T06:52:10.211+0000] {processor.py:840} INFO - DAG(s) 'tutorial_dag' retrieved from /home/airflow/.local/lib/python3.8/site-packages/airflow/example_dags/tutorial_dag.py
[2025-10-09T06:52:10.259+0000] {logging_mixin.py:188} INFO - [2025-10-09T06:52:10.259+0000] {dag.py:3036} INFO - Sync 1 DAGs
[2025-10-09T06:52:10.282+0000] {logging_mixin.py:188} INFO - [2025-10-09T06:52:10.281+0000] {dag.py:3823} INFO - Setting next_dagrun for tutorial_dag to None, run_after=None
[2025-10-09T06:52:10.322+0000] {processor.py:183} INFO - Processing /home/airflow/.local/lib/python3.8/site-packages/airflow/example_dags/tutorial_dag.py took 0.132 seconds
[2025-10-09T06:52:41.115+0000] {processor.py:161} INFO - Started process (PID=4946) to work on /home/airflow/.local/lib/python3.8/site-packages/airflow/example_dags/tutorial_dag.py
[2025-10-09T06:52:41.117+0000] {processor.py:830} INFO - Processing file /home/airflow/.local/lib/python3.8/site-packages/airflow/example_dags/tutorial_dag.py for tasks to queue
[2025-10-09T06:52:41.119+0000] {logging_mixin.py:188} INFO - [2025-10-09T06:52:41.119+0000] {dagbag.py:538} INFO - Filling up the DagBag from /home/airflow/.local/lib/python3.8/site-packages/airflow/example_dags/tutorial_dag.py
[2025-10-09T06:52:41.127+0000] {processor.py:840} INFO - DAG(s) 'tutorial_dag' retrieved from /home/airflow/.local/lib/python3.8/site-packages/airflow/example_dags/tutorial_dag.py
[2025-10-09T06:52:41.170+0000] {logging_mixin.py:188} INFO - [2025-10-09T06:52:41.169+0000] {dag.py:3036} INFO - Sync 1 DAGs
[2025-10-09T06:52:41.193+0000] {logging_mixin.py:188} INFO - [2025-10-09T06:52:41.192+0000] {dag.py:3823} INFO - Setting next_dagrun for tutorial_dag to None, run_after=None
[2025-10-09T06:52:41.228+0000] {processor.py:183} INFO - Processing /home/airflow/.local/lib/python3.8/site-packages/airflow/example_dags/tutorial_dag.py took 0.118 seconds
[2025-10-09T06:53:11.844+0000] {processor.py:161} INFO - Started process (PID=5012) to work on /home/airflow/.local/lib/python3.8/site-packages/airflow/example_dags/tutorial_dag.py
[2025-10-09T06:53:11.847+0000] {processor.py:830} INFO - Processing file /home/airflow/.local/lib/python3.8/site-packages/airflow/example_dags/tutorial_dag.py for tasks to queue
[2025-10-09T06:53:11.851+0000] {logging_mixin.py:188} INFO - [2025-10-09T06:53:11.850+0000] {dagbag.py:538} INFO - Filling up the DagBag from /home/airflow/.local/lib/python3.8/site-packages/airflow/example_dags/tutorial_dag.py
[2025-10-09T06:53:11.881+0000] {processor.py:840} INFO - DAG(s) 'tutorial_dag' retrieved from /home/airflow/.local/lib/python3.8/site-packages/airflow/example_dags/tutorial_dag.py
[2025-10-09T06:53:11.922+0000] {logging_mixin.py:188} INFO - [2025-10-09T06:53:11.921+0000] {dag.py:3036} INFO - Sync 1 DAGs
[2025-10-09T06:53:11.943+0000] {logging_mixin.py:188} INFO - [2025-10-09T06:53:11.942+0000] {dag.py:3823} INFO - Setting next_dagrun for tutorial_dag to None, run_after=None
[2025-10-09T06:53:11.982+0000] {processor.py:183} INFO - Processing /home/airflow/.local/lib/python3.8/site-packages/airflow/example_dags/tutorial_dag.py took 0.143 seconds
[2025-10-09T06:53:43.697+0000] {processor.py:161} INFO - Started process (PID=5074) to work on /home/airflow/.local/lib/python3.8/site-packages/airflow/example_dags/tutorial_dag.py
[2025-10-09T06:53:43.699+0000] {processor.py:830} INFO - Processing file /home/airflow/.local/lib/python3.8/site-packages/airflow/example_dags/tutorial_dag.py for tasks to queue
[2025-10-09T06:53:43.701+0000] {logging_mixin.py:188} INFO - [2025-10-09T06:53:43.700+0000] {dagbag.py:538} INFO - Filling up the DagBag from /home/airflow/.local/lib/python3.8/site-packages/airflow/example_dags/tutorial_dag.py
[2025-10-09T06:53:43.708+0000] {processor.py:840} INFO - DAG(s) 'tutorial_dag' retrieved from /home/airflow/.local/lib/python3.8/site-packages/airflow/example_dags/tutorial_dag.py
[2025-10-09T06:53:43.742+0000] {logging_mixin.py:188} INFO - [2025-10-09T06:53:43.742+0000] {dag.py:3036} INFO - Sync 1 DAGs
[2025-10-09T06:53:43.760+0000] {logging_mixin.py:188} INFO - [2025-10-09T06:53:43.760+0000] {dag.py:3823} INFO - Setting next_dagrun for tutorial_dag to None, run_after=None
[2025-10-09T06:53:43.807+0000] {processor.py:183} INFO - Processing /home/airflow/.local/lib/python3.8/site-packages/airflow/example_dags/tutorial_dag.py took 0.114 seconds
[2025-10-09T06:54:13.950+0000] {processor.py:161} INFO - Started process (PID=5136) to work on /home/airflow/.local/lib/python3.8/site-packages/airflow/example_dags/tutorial_dag.py
[2025-10-09T06:54:13.952+0000] {processor.py:830} INFO - Processing file /home/airflow/.local/lib/python3.8/site-packages/airflow/example_dags/tutorial_dag.py for tasks to queue
[2025-10-09T06:54:13.953+0000] {logging_mixin.py:188} INFO - [2025-10-09T06:54:13.953+0000] {dagbag.py:538} INFO - Filling up the DagBag from /home/airflow/.local/lib/python3.8/site-packages/airflow/example_dags/tutorial_dag.py
[2025-10-09T06:54:13.960+0000] {processor.py:840} INFO - DAG(s) 'tutorial_dag' retrieved from /home/airflow/.local/lib/python3.8/site-packages/airflow/example_dags/tutorial_dag.py
[2025-10-09T06:54:13.993+0000] {logging_mixin.py:188} INFO - [2025-10-09T06:54:13.993+0000] {dag.py:3036} INFO - Sync 1 DAGs
[2025-10-09T06:54:14.010+0000] {logging_mixin.py:188} INFO - [2025-10-09T06:54:14.010+0000] {dag.py:3823} INFO - Setting next_dagrun for tutorial_dag to None, run_after=None
[2025-10-09T06:54:14.059+0000] {processor.py:183} INFO - Processing /home/airflow/.local/lib/python3.8/site-packages/airflow/example_dags/tutorial_dag.py took 0.113 seconds
[2025-10-09T06:54:44.162+0000] {processor.py:161} INFO - Started process (PID=5198) to work on /home/airflow/.local/lib/python3.8/site-packages/airflow/example_dags/tutorial_dag.py
[2025-10-09T06:54:44.164+0000] {processor.py:830} INFO - Processing file /home/airflow/.local/lib/python3.8/site-packages/airflow/example_dags/tutorial_dag.py for tasks to queue
[2025-10-09T06:54:44.165+0000] {logging_mixin.py:188} INFO - [2025-10-09T06:54:44.165+0000] {dagbag.py:538} INFO - Filling up the DagBag from /home/airflow/.local/lib/python3.8/site-packages/airflow/example_dags/tutorial_dag.py
[2025-10-09T06:54:44.173+0000] {processor.py:840} INFO - DAG(s) 'tutorial_dag' retrieved from /home/airflow/.local/lib/python3.8/site-packages/airflow/example_dags/tutorial_dag.py
[2025-10-09T06:54:44.213+0000] {logging_mixin.py:188} INFO - [2025-10-09T06:54:44.212+0000] {dag.py:3036} INFO - Sync 1 DAGs
[2025-10-09T06:54:44.231+0000] {logging_mixin.py:188} INFO - [2025-10-09T06:54:44.231+0000] {dag.py:3823} INFO - Setting next_dagrun for tutorial_dag to None, run_after=None
[2025-10-09T06:54:44.282+0000] {processor.py:183} INFO - Processing /home/airflow/.local/lib/python3.8/site-packages/airflow/example_dags/tutorial_dag.py took 0.125 seconds
[2025-10-09T06:55:15.230+0000] {processor.py:161} INFO - Started process (PID=5260) to work on /home/airflow/.local/lib/python3.8/site-packages/airflow/example_dags/tutorial_dag.py
[2025-10-09T06:55:15.232+0000] {processor.py:830} INFO - Processing file /home/airflow/.local/lib/python3.8/site-packages/airflow/example_dags/tutorial_dag.py for tasks to queue
[2025-10-09T06:55:15.233+0000] {logging_mixin.py:188} INFO - [2025-10-09T06:55:15.233+0000] {dagbag.py:538} INFO - Filling up the DagBag from /home/airflow/.local/lib/python3.8/site-packages/airflow/example_dags/tutorial_dag.py
[2025-10-09T06:55:15.240+0000] {processor.py:840} INFO - DAG(s) 'tutorial_dag' retrieved from /home/airflow/.local/lib/python3.8/site-packages/airflow/example_dags/tutorial_dag.py
[2025-10-09T06:55:15.272+0000] {logging_mixin.py:188} INFO - [2025-10-09T06:55:15.272+0000] {dag.py:3036} INFO - Sync 1 DAGs
[2025-10-09T06:55:15.288+0000] {logging_mixin.py:188} INFO - [2025-10-09T06:55:15.287+0000] {dag.py:3823} INFO - Setting next_dagrun for tutorial_dag to None, run_after=None
[2025-10-09T06:55:15.330+0000] {processor.py:183} INFO - Processing /home/airflow/.local/lib/python3.8/site-packages/airflow/example_dags/tutorial_dag.py took 0.104 seconds
[2025-10-09T06:55:46.203+0000] {processor.py:161} INFO - Started process (PID=5322) to work on /home/airflow/.local/lib/python3.8/site-packages/airflow/example_dags/tutorial_dag.py
[2025-10-09T06:55:46.206+0000] {processor.py:830} INFO - Processing file /home/airflow/.local/lib/python3.8/site-packages/airflow/example_dags/tutorial_dag.py for tasks to queue
[2025-10-09T06:55:46.209+0000] {logging_mixin.py:188} INFO - [2025-10-09T06:55:46.208+0000] {dagbag.py:538} INFO - Filling up the DagBag from /home/airflow/.local/lib/python3.8/site-packages/airflow/example_dags/tutorial_dag.py
[2025-10-09T06:55:46.222+0000] {processor.py:840} INFO - DAG(s) 'tutorial_dag' retrieved from /home/airflow/.local/lib/python3.8/site-packages/airflow/example_dags/tutorial_dag.py
[2025-10-09T06:55:46.264+0000] {logging_mixin.py:188} INFO - [2025-10-09T06:55:46.263+0000] {dag.py:3036} INFO - Sync 1 DAGs
[2025-10-09T06:55:46.283+0000] {logging_mixin.py:188} INFO - [2025-10-09T06:55:46.282+0000] {dag.py:3823} INFO - Setting next_dagrun for tutorial_dag to None, run_after=None
[2025-10-09T06:55:46.333+0000] {processor.py:183} INFO - Processing /home/airflow/.local/lib/python3.8/site-packages/airflow/example_dags/tutorial_dag.py took 0.139 seconds
[2025-10-09T06:56:16.900+0000] {processor.py:161} INFO - Started process (PID=5384) to work on /home/airflow/.local/lib/python3.8/site-packages/airflow/example_dags/tutorial_dag.py
[2025-10-09T06:56:16.902+0000] {processor.py:830} INFO - Processing file /home/airflow/.local/lib/python3.8/site-packages/airflow/example_dags/tutorial_dag.py for tasks to queue
[2025-10-09T06:56:16.903+0000] {logging_mixin.py:188} INFO - [2025-10-09T06:56:16.903+0000] {dagbag.py:538} INFO - Filling up the DagBag from /home/airflow/.local/lib/python3.8/site-packages/airflow/example_dags/tutorial_dag.py
[2025-10-09T06:56:16.911+0000] {processor.py:840} INFO - DAG(s) 'tutorial_dag' retrieved from /home/airflow/.local/lib/python3.8/site-packages/airflow/example_dags/tutorial_dag.py
[2025-10-09T06:56:16.945+0000] {logging_mixin.py:188} INFO - [2025-10-09T06:56:16.945+0000] {dag.py:3036} INFO - Sync 1 DAGs
[2025-10-09T06:56:16.964+0000] {logging_mixin.py:188} INFO - [2025-10-09T06:56:16.963+0000] {dag.py:3823} INFO - Setting next_dagrun for tutorial_dag to None, run_after=None
[2025-10-09T06:56:16.995+0000] {processor.py:183} INFO - Processing /home/airflow/.local/lib/python3.8/site-packages/airflow/example_dags/tutorial_dag.py took 0.101 seconds
[2025-10-09T06:56:48.154+0000] {processor.py:161} INFO - Started process (PID=5446) to work on /home/airflow/.local/lib/python3.8/site-packages/airflow/example_dags/tutorial_dag.py
[2025-10-09T06:56:48.155+0000] {processor.py:830} INFO - Processing file /home/airflow/.local/lib/python3.8/site-packages/airflow/example_dags/tutorial_dag.py for tasks to queue
[2025-10-09T06:56:48.157+0000] {logging_mixin.py:188} INFO - [2025-10-09T06:56:48.156+0000] {dagbag.py:538} INFO - Filling up the DagBag from /home/airflow/.local/lib/python3.8/site-packages/airflow/example_dags/tutorial_dag.py
[2025-10-09T06:56:48.164+0000] {processor.py:840} INFO - DAG(s) 'tutorial_dag' retrieved from /home/airflow/.local/lib/python3.8/site-packages/airflow/example_dags/tutorial_dag.py
[2025-10-09T06:56:48.195+0000] {logging_mixin.py:188} INFO - [2025-10-09T06:56:48.195+0000] {dag.py:3036} INFO - Sync 1 DAGs
[2025-10-09T06:56:48.215+0000] {logging_mixin.py:188} INFO - [2025-10-09T06:56:48.214+0000] {dag.py:3823} INFO - Setting next_dagrun for tutorial_dag to None, run_after=None
[2025-10-09T06:56:48.257+0000] {processor.py:183} INFO - Processing /home/airflow/.local/lib/python3.8/site-packages/airflow/example_dags/tutorial_dag.py took 0.108 seconds
[2025-10-09T06:57:19.029+0000] {processor.py:161} INFO - Started process (PID=5508) to work on /home/airflow/.local/lib/python3.8/site-packages/airflow/example_dags/tutorial_dag.py
[2025-10-09T06:57:19.031+0000] {processor.py:830} INFO - Processing file /home/airflow/.local/lib/python3.8/site-packages/airflow/example_dags/tutorial_dag.py for tasks to queue
[2025-10-09T06:57:19.033+0000] {logging_mixin.py:188} INFO - [2025-10-09T06:57:19.032+0000] {dagbag.py:538} INFO - Filling up the DagBag from /home/airflow/.local/lib/python3.8/site-packages/airflow/example_dags/tutorial_dag.py
[2025-10-09T06:57:19.042+0000] {processor.py:840} INFO - DAG(s) 'tutorial_dag' retrieved from /home/airflow/.local/lib/python3.8/site-packages/airflow/example_dags/tutorial_dag.py
[2025-10-09T06:57:19.096+0000] {logging_mixin.py:188} INFO - [2025-10-09T06:57:19.095+0000] {dag.py:3036} INFO - Sync 1 DAGs
[2025-10-09T06:57:19.134+0000] {logging_mixin.py:188} INFO - [2025-10-09T06:57:19.134+0000] {dag.py:3823} INFO - Setting next_dagrun for tutorial_dag to None, run_after=None
[2025-10-09T06:57:19.191+0000] {processor.py:183} INFO - Processing /home/airflow/.local/lib/python3.8/site-packages/airflow/example_dags/tutorial_dag.py took 0.168 seconds
[2025-10-09T06:57:50.244+0000] {processor.py:161} INFO - Started process (PID=5570) to work on /home/airflow/.local/lib/python3.8/site-packages/airflow/example_dags/tutorial_dag.py
[2025-10-09T06:57:50.246+0000] {processor.py:830} INFO - Processing file /home/airflow/.local/lib/python3.8/site-packages/airflow/example_dags/tutorial_dag.py for tasks to queue
[2025-10-09T06:57:50.248+0000] {logging_mixin.py:188} INFO - [2025-10-09T06:57:50.248+0000] {dagbag.py:538} INFO - Filling up the DagBag from /home/airflow/.local/lib/python3.8/site-packages/airflow/example_dags/tutorial_dag.py
[2025-10-09T06:57:50.256+0000] {processor.py:840} INFO - DAG(s) 'tutorial_dag' retrieved from /home/airflow/.local/lib/python3.8/site-packages/airflow/example_dags/tutorial_dag.py
[2025-10-09T06:57:50.289+0000] {logging_mixin.py:188} INFO - [2025-10-09T06:57:50.289+0000] {dag.py:3036} INFO - Sync 1 DAGs
[2025-10-09T06:57:50.306+0000] {logging_mixin.py:188} INFO - [2025-10-09T06:57:50.306+0000] {dag.py:3823} INFO - Setting next_dagrun for tutorial_dag to None, run_after=None
[2025-10-09T06:57:50.353+0000] {processor.py:183} INFO - Processing /home/airflow/.local/lib/python3.8/site-packages/airflow/example_dags/tutorial_dag.py took 0.115 seconds
[2025-10-09T06:58:21.310+0000] {processor.py:161} INFO - Started process (PID=5638) to work on /home/airflow/.local/lib/python3.8/site-packages/airflow/example_dags/tutorial_dag.py
[2025-10-09T06:58:21.312+0000] {processor.py:830} INFO - Processing file /home/airflow/.local/lib/python3.8/site-packages/airflow/example_dags/tutorial_dag.py for tasks to queue
[2025-10-09T06:58:21.313+0000] {logging_mixin.py:188} INFO - [2025-10-09T06:58:21.313+0000] {dagbag.py:538} INFO - Filling up the DagBag from /home/airflow/.local/lib/python3.8/site-packages/airflow/example_dags/tutorial_dag.py
[2025-10-09T06:58:21.321+0000] {processor.py:840} INFO - DAG(s) 'tutorial_dag' retrieved from /home/airflow/.local/lib/python3.8/site-packages/airflow/example_dags/tutorial_dag.py
[2025-10-09T06:58:21.360+0000] {logging_mixin.py:188} INFO - [2025-10-09T06:58:21.360+0000] {dag.py:3036} INFO - Sync 1 DAGs
[2025-10-09T06:58:21.382+0000] {logging_mixin.py:188} INFO - [2025-10-09T06:58:21.381+0000] {dag.py:3823} INFO - Setting next_dagrun for tutorial_dag to None, run_after=None
[2025-10-09T06:58:21.434+0000] {processor.py:183} INFO - Processing /home/airflow/.local/lib/python3.8/site-packages/airflow/example_dags/tutorial_dag.py took 0.128 seconds
[2025-10-09T06:58:52.299+0000] {processor.py:161} INFO - Started process (PID=5700) to work on /home/airflow/.local/lib/python3.8/site-packages/airflow/example_dags/tutorial_dag.py
[2025-10-09T06:58:52.302+0000] {processor.py:830} INFO - Processing file /home/airflow/.local/lib/python3.8/site-packages/airflow/example_dags/tutorial_dag.py for tasks to queue
[2025-10-09T06:58:52.304+0000] {logging_mixin.py:188} INFO - [2025-10-09T06:58:52.304+0000] {dagbag.py:538} INFO - Filling up the DagBag from /home/airflow/.local/lib/python3.8/site-packages/airflow/example_dags/tutorial_dag.py
[2025-10-09T06:58:52.317+0000] {processor.py:840} INFO - DAG(s) 'tutorial_dag' retrieved from /home/airflow/.local/lib/python3.8/site-packages/airflow/example_dags/tutorial_dag.py
[2025-10-09T06:58:52.388+0000] {logging_mixin.py:188} INFO - [2025-10-09T06:58:52.387+0000] {dag.py:3036} INFO - Sync 1 DAGs
[2025-10-09T06:58:52.421+0000] {logging_mixin.py:188} INFO - [2025-10-09T06:58:52.421+0000] {dag.py:3823} INFO - Setting next_dagrun for tutorial_dag to None, run_after=None
[2025-10-09T06:58:52.448+0000] {processor.py:183} INFO - Processing /home/airflow/.local/lib/python3.8/site-packages/airflow/example_dags/tutorial_dag.py took 0.158 seconds
[2025-10-09T06:59:23.687+0000] {processor.py:161} INFO - Started process (PID=5761) to work on /home/airflow/.local/lib/python3.8/site-packages/airflow/example_dags/tutorial_dag.py
[2025-10-09T06:59:23.689+0000] {processor.py:830} INFO - Processing file /home/airflow/.local/lib/python3.8/site-packages/airflow/example_dags/tutorial_dag.py for tasks to queue
[2025-10-09T06:59:23.691+0000] {logging_mixin.py:188} INFO - [2025-10-09T06:59:23.690+0000] {dagbag.py:538} INFO - Filling up the DagBag from /home/airflow/.local/lib/python3.8/site-packages/airflow/example_dags/tutorial_dag.py
[2025-10-09T06:59:23.701+0000] {processor.py:840} INFO - DAG(s) 'tutorial_dag' retrieved from /home/airflow/.local/lib/python3.8/site-packages/airflow/example_dags/tutorial_dag.py
[2025-10-09T06:59:23.735+0000] {logging_mixin.py:188} INFO - [2025-10-09T06:59:23.735+0000] {dag.py:3036} INFO - Sync 1 DAGs
[2025-10-09T06:59:23.754+0000] {logging_mixin.py:188} INFO - [2025-10-09T06:59:23.753+0000] {dag.py:3823} INFO - Setting next_dagrun for tutorial_dag to None, run_after=None
[2025-10-09T06:59:23.800+0000] {processor.py:183} INFO - Processing /home/airflow/.local/lib/python3.8/site-packages/airflow/example_dags/tutorial_dag.py took 0.118 seconds
[2025-10-09T06:59:54.565+0000] {processor.py:161} INFO - Started process (PID=5823) to work on /home/airflow/.local/lib/python3.8/site-packages/airflow/example_dags/tutorial_dag.py
[2025-10-09T06:59:54.567+0000] {processor.py:830} INFO - Processing file /home/airflow/.local/lib/python3.8/site-packages/airflow/example_dags/tutorial_dag.py for tasks to queue
[2025-10-09T06:59:54.569+0000] {logging_mixin.py:188} INFO - [2025-10-09T06:59:54.568+0000] {dagbag.py:538} INFO - Filling up the DagBag from /home/airflow/.local/lib/python3.8/site-packages/airflow/example_dags/tutorial_dag.py
[2025-10-09T06:59:54.577+0000] {processor.py:840} INFO - DAG(s) 'tutorial_dag' retrieved from /home/airflow/.local/lib/python3.8/site-packages/airflow/example_dags/tutorial_dag.py
[2025-10-09T06:59:54.611+0000] {logging_mixin.py:188} INFO - [2025-10-09T06:59:54.610+0000] {dag.py:3036} INFO - Sync 1 DAGs
[2025-10-09T06:59:54.630+0000] {logging_mixin.py:188} INFO - [2025-10-09T06:59:54.630+0000] {dag.py:3823} INFO - Setting next_dagrun for tutorial_dag to None, run_after=None
[2025-10-09T06:59:54.680+0000] {processor.py:183} INFO - Processing /home/airflow/.local/lib/python3.8/site-packages/airflow/example_dags/tutorial_dag.py took 0.121 seconds
[2025-10-09T07:00:25.442+0000] {processor.py:161} INFO - Started process (PID=5885) to work on /home/airflow/.local/lib/python3.8/site-packages/airflow/example_dags/tutorial_dag.py
[2025-10-09T07:00:25.444+0000] {processor.py:830} INFO - Processing file /home/airflow/.local/lib/python3.8/site-packages/airflow/example_dags/tutorial_dag.py for tasks to queue
[2025-10-09T07:00:25.445+0000] {logging_mixin.py:188} INFO - [2025-10-09T07:00:25.445+0000] {dagbag.py:538} INFO - Filling up the DagBag from /home/airflow/.local/lib/python3.8/site-packages/airflow/example_dags/tutorial_dag.py
[2025-10-09T07:00:25.452+0000] {processor.py:840} INFO - DAG(s) 'tutorial_dag' retrieved from /home/airflow/.local/lib/python3.8/site-packages/airflow/example_dags/tutorial_dag.py
[2025-10-09T07:00:25.490+0000] {logging_mixin.py:188} INFO - [2025-10-09T07:00:25.490+0000] {dag.py:3036} INFO - Sync 1 DAGs
[2025-10-09T07:00:25.509+0000] {logging_mixin.py:188} INFO - [2025-10-09T07:00:25.509+0000] {dag.py:3823} INFO - Setting next_dagrun for tutorial_dag to None, run_after=None
[2025-10-09T07:00:25.539+0000] {processor.py:183} INFO - Processing /home/airflow/.local/lib/python3.8/site-packages/airflow/example_dags/tutorial_dag.py took 0.102 seconds
[2025-10-09T07:00:56.902+0000] {processor.py:161} INFO - Started process (PID=5947) to work on /home/airflow/.local/lib/python3.8/site-packages/airflow/example_dags/tutorial_dag.py
[2025-10-09T07:00:56.904+0000] {processor.py:830} INFO - Processing file /home/airflow/.local/lib/python3.8/site-packages/airflow/example_dags/tutorial_dag.py for tasks to queue
[2025-10-09T07:00:56.907+0000] {logging_mixin.py:188} INFO - [2025-10-09T07:00:56.906+0000] {dagbag.py:538} INFO - Filling up the DagBag from /home/airflow/.local/lib/python3.8/site-packages/airflow/example_dags/tutorial_dag.py
[2025-10-09T07:00:56.915+0000] {processor.py:840} INFO - DAG(s) 'tutorial_dag' retrieved from /home/airflow/.local/lib/python3.8/site-packages/airflow/example_dags/tutorial_dag.py
[2025-10-09T07:00:56.966+0000] {logging_mixin.py:188} INFO - [2025-10-09T07:00:56.965+0000] {dag.py:3036} INFO - Sync 1 DAGs
[2025-10-09T07:00:56.989+0000] {logging_mixin.py:188} INFO - [2025-10-09T07:00:56.989+0000] {dag.py:3823} INFO - Setting next_dagrun for tutorial_dag to None, run_after=None
[2025-10-09T07:00:57.044+0000] {processor.py:183} INFO - Processing /home/airflow/.local/lib/python3.8/site-packages/airflow/example_dags/tutorial_dag.py took 0.148 seconds
[2025-10-09T07:01:28.179+0000] {processor.py:161} INFO - Started process (PID=6010) to work on /home/airflow/.local/lib/python3.8/site-packages/airflow/example_dags/tutorial_dag.py
[2025-10-09T07:01:28.181+0000] {processor.py:830} INFO - Processing file /home/airflow/.local/lib/python3.8/site-packages/airflow/example_dags/tutorial_dag.py for tasks to queue
[2025-10-09T07:01:28.182+0000] {logging_mixin.py:188} INFO - [2025-10-09T07:01:28.182+0000] {dagbag.py:538} INFO - Filling up the DagBag from /home/airflow/.local/lib/python3.8/site-packages/airflow/example_dags/tutorial_dag.py
[2025-10-09T07:01:28.190+0000] {processor.py:840} INFO - DAG(s) 'tutorial_dag' retrieved from /home/airflow/.local/lib/python3.8/site-packages/airflow/example_dags/tutorial_dag.py
[2025-10-09T07:01:28.229+0000] {logging_mixin.py:188} INFO - [2025-10-09T07:01:28.229+0000] {dag.py:3036} INFO - Sync 1 DAGs
[2025-10-09T07:01:28.252+0000] {logging_mixin.py:188} INFO - [2025-10-09T07:01:28.251+0000] {dag.py:3823} INFO - Setting next_dagrun for tutorial_dag to None, run_after=None
[2025-10-09T07:01:28.311+0000] {processor.py:183} INFO - Processing /home/airflow/.local/lib/python3.8/site-packages/airflow/example_dags/tutorial_dag.py took 0.137 seconds
[2025-10-09T07:01:59.765+0000] {processor.py:161} INFO - Started process (PID=6076) to work on /home/airflow/.local/lib/python3.8/site-packages/airflow/example_dags/tutorial_dag.py
[2025-10-09T07:01:59.767+0000] {processor.py:830} INFO - Processing file /home/airflow/.local/lib/python3.8/site-packages/airflow/example_dags/tutorial_dag.py for tasks to queue
[2025-10-09T07:01:59.769+0000] {logging_mixin.py:188} INFO - [2025-10-09T07:01:59.768+0000] {dagbag.py:538} INFO - Filling up the DagBag from /home/airflow/.local/lib/python3.8/site-packages/airflow/example_dags/tutorial_dag.py
[2025-10-09T07:01:59.778+0000] {processor.py:840} INFO - DAG(s) 'tutorial_dag' retrieved from /home/airflow/.local/lib/python3.8/site-packages/airflow/example_dags/tutorial_dag.py
[2025-10-09T07:01:59.819+0000] {logging_mixin.py:188} INFO - [2025-10-09T07:01:59.818+0000] {dag.py:3036} INFO - Sync 1 DAGs
[2025-10-09T07:01:59.841+0000] {logging_mixin.py:188} INFO - [2025-10-09T07:01:59.841+0000] {dag.py:3823} INFO - Setting next_dagrun for tutorial_dag to None, run_after=None
[2025-10-09T07:01:59.893+0000] {processor.py:183} INFO - Processing /home/airflow/.local/lib/python3.8/site-packages/airflow/example_dags/tutorial_dag.py took 0.135 seconds
[2025-10-09T07:02:30.788+0000] {processor.py:161} INFO - Started process (PID=6138) to work on /home/airflow/.local/lib/python3.8/site-packages/airflow/example_dags/tutorial_dag.py
[2025-10-09T07:02:30.791+0000] {processor.py:830} INFO - Processing file /home/airflow/.local/lib/python3.8/site-packages/airflow/example_dags/tutorial_dag.py for tasks to queue
[2025-10-09T07:02:30.793+0000] {logging_mixin.py:188} INFO - [2025-10-09T07:02:30.793+0000] {dagbag.py:538} INFO - Filling up the DagBag from /home/airflow/.local/lib/python3.8/site-packages/airflow/example_dags/tutorial_dag.py
[2025-10-09T07:02:30.805+0000] {processor.py:840} INFO - DAG(s) 'tutorial_dag' retrieved from /home/airflow/.local/lib/python3.8/site-packages/airflow/example_dags/tutorial_dag.py
[2025-10-09T07:02:30.858+0000] {logging_mixin.py:188} INFO - [2025-10-09T07:02:30.858+0000] {dag.py:3036} INFO - Sync 1 DAGs
[2025-10-09T07:02:30.891+0000] {logging_mixin.py:188} INFO - [2025-10-09T07:02:30.891+0000] {dag.py:3823} INFO - Setting next_dagrun for tutorial_dag to None, run_after=None
[2025-10-09T07:02:30.960+0000] {processor.py:183} INFO - Processing /home/airflow/.local/lib/python3.8/site-packages/airflow/example_dags/tutorial_dag.py took 0.181 seconds
[2025-10-09T07:03:01.057+0000] {processor.py:161} INFO - Started process (PID=6200) to work on /home/airflow/.local/lib/python3.8/site-packages/airflow/example_dags/tutorial_dag.py
[2025-10-09T07:03:01.059+0000] {processor.py:830} INFO - Processing file /home/airflow/.local/lib/python3.8/site-packages/airflow/example_dags/tutorial_dag.py for tasks to queue
[2025-10-09T07:03:01.060+0000] {logging_mixin.py:188} INFO - [2025-10-09T07:03:01.060+0000] {dagbag.py:538} INFO - Filling up the DagBag from /home/airflow/.local/lib/python3.8/site-packages/airflow/example_dags/tutorial_dag.py
[2025-10-09T07:03:01.068+0000] {processor.py:840} INFO - DAG(s) 'tutorial_dag' retrieved from /home/airflow/.local/lib/python3.8/site-packages/airflow/example_dags/tutorial_dag.py
[2025-10-09T07:03:01.110+0000] {logging_mixin.py:188} INFO - [2025-10-09T07:03:01.109+0000] {dag.py:3036} INFO - Sync 1 DAGs
[2025-10-09T07:03:01.137+0000] {logging_mixin.py:188} INFO - [2025-10-09T07:03:01.137+0000] {dag.py:3823} INFO - Setting next_dagrun for tutorial_dag to None, run_after=None
[2025-10-09T07:03:01.193+0000] {processor.py:183} INFO - Processing /home/airflow/.local/lib/python3.8/site-packages/airflow/example_dags/tutorial_dag.py took 0.143 seconds
[2025-10-09T07:03:32.831+0000] {processor.py:161} INFO - Started process (PID=6263) to work on /home/airflow/.local/lib/python3.8/site-packages/airflow/example_dags/tutorial_dag.py
[2025-10-09T07:03:32.832+0000] {processor.py:830} INFO - Processing file /home/airflow/.local/lib/python3.8/site-packages/airflow/example_dags/tutorial_dag.py for tasks to queue
[2025-10-09T07:03:32.834+0000] {logging_mixin.py:188} INFO - [2025-10-09T07:03:32.834+0000] {dagbag.py:538} INFO - Filling up the DagBag from /home/airflow/.local/lib/python3.8/site-packages/airflow/example_dags/tutorial_dag.py
[2025-10-09T07:03:32.844+0000] {processor.py:840} INFO - DAG(s) 'tutorial_dag' retrieved from /home/airflow/.local/lib/python3.8/site-packages/airflow/example_dags/tutorial_dag.py
[2025-10-09T07:03:32.895+0000] {logging_mixin.py:188} INFO - [2025-10-09T07:03:32.895+0000] {dag.py:3036} INFO - Sync 1 DAGs
[2025-10-09T07:03:32.919+0000] {logging_mixin.py:188} INFO - [2025-10-09T07:03:32.919+0000] {dag.py:3823} INFO - Setting next_dagrun for tutorial_dag to None, run_after=None
[2025-10-09T07:03:32.974+0000] {processor.py:183} INFO - Processing /home/airflow/.local/lib/python3.8/site-packages/airflow/example_dags/tutorial_dag.py took 0.148 seconds
[2025-10-09T07:04:03.719+0000] {processor.py:161} INFO - Started process (PID=6325) to work on /home/airflow/.local/lib/python3.8/site-packages/airflow/example_dags/tutorial_dag.py
[2025-10-09T07:04:03.721+0000] {processor.py:830} INFO - Processing file /home/airflow/.local/lib/python3.8/site-packages/airflow/example_dags/tutorial_dag.py for tasks to queue
[2025-10-09T07:04:03.723+0000] {logging_mixin.py:188} INFO - [2025-10-09T07:04:03.723+0000] {dagbag.py:538} INFO - Filling up the DagBag from /home/airflow/.local/lib/python3.8/site-packages/airflow/example_dags/tutorial_dag.py
[2025-10-09T07:04:03.731+0000] {processor.py:840} INFO - DAG(s) 'tutorial_dag' retrieved from /home/airflow/.local/lib/python3.8/site-packages/airflow/example_dags/tutorial_dag.py
[2025-10-09T07:04:03.775+0000] {logging_mixin.py:188} INFO - [2025-10-09T07:04:03.774+0000] {dag.py:3036} INFO - Sync 1 DAGs
[2025-10-09T07:04:03.798+0000] {logging_mixin.py:188} INFO - [2025-10-09T07:04:03.798+0000] {dag.py:3823} INFO - Setting next_dagrun for tutorial_dag to None, run_after=None
[2025-10-09T07:04:03.832+0000] {processor.py:183} INFO - Processing /home/airflow/.local/lib/python3.8/site-packages/airflow/example_dags/tutorial_dag.py took 0.119 seconds
[2025-10-09T07:04:34.876+0000] {processor.py:161} INFO - Started process (PID=6387) to work on /home/airflow/.local/lib/python3.8/site-packages/airflow/example_dags/tutorial_dag.py
[2025-10-09T07:04:34.878+0000] {processor.py:830} INFO - Processing file /home/airflow/.local/lib/python3.8/site-packages/airflow/example_dags/tutorial_dag.py for tasks to queue
[2025-10-09T07:04:34.879+0000] {logging_mixin.py:188} INFO - [2025-10-09T07:04:34.879+0000] {dagbag.py:538} INFO - Filling up the DagBag from /home/airflow/.local/lib/python3.8/site-packages/airflow/example_dags/tutorial_dag.py
[2025-10-09T07:04:34.888+0000] {processor.py:840} INFO - DAG(s) 'tutorial_dag' retrieved from /home/airflow/.local/lib/python3.8/site-packages/airflow/example_dags/tutorial_dag.py
[2025-10-09T07:04:34.930+0000] {logging_mixin.py:188} INFO - [2025-10-09T07:04:34.930+0000] {dag.py:3036} INFO - Sync 1 DAGs
[2025-10-09T07:04:34.957+0000] {logging_mixin.py:188} INFO - [2025-10-09T07:04:34.956+0000] {dag.py:3823} INFO - Setting next_dagrun for tutorial_dag to None, run_after=None
[2025-10-09T07:04:35.009+0000] {processor.py:183} INFO - Processing /home/airflow/.local/lib/python3.8/site-packages/airflow/example_dags/tutorial_dag.py took 0.138 seconds
[2025-10-09T07:05:05.418+0000] {processor.py:161} INFO - Started process (PID=6447) to work on /home/airflow/.local/lib/python3.8/site-packages/airflow/example_dags/tutorial_dag.py
[2025-10-09T07:05:05.420+0000] {processor.py:830} INFO - Processing file /home/airflow/.local/lib/python3.8/site-packages/airflow/example_dags/tutorial_dag.py for tasks to queue
[2025-10-09T07:05:05.422+0000] {logging_mixin.py:188} INFO - [2025-10-09T07:05:05.421+0000] {dagbag.py:538} INFO - Filling up the DagBag from /home/airflow/.local/lib/python3.8/site-packages/airflow/example_dags/tutorial_dag.py
[2025-10-09T07:05:05.430+0000] {processor.py:840} INFO - DAG(s) 'tutorial_dag' retrieved from /home/airflow/.local/lib/python3.8/site-packages/airflow/example_dags/tutorial_dag.py
[2025-10-09T07:05:05.463+0000] {logging_mixin.py:188} INFO - [2025-10-09T07:05:05.462+0000] {dag.py:3036} INFO - Sync 1 DAGs
[2025-10-09T07:05:05.480+0000] {logging_mixin.py:188} INFO - [2025-10-09T07:05:05.480+0000] {dag.py:3823} INFO - Setting next_dagrun for tutorial_dag to None, run_after=None
[2025-10-09T07:05:05.529+0000] {processor.py:183} INFO - Processing /home/airflow/.local/lib/python3.8/site-packages/airflow/example_dags/tutorial_dag.py took 0.117 seconds
[2025-10-09T07:05:35.886+0000] {processor.py:161} INFO - Started process (PID=6509) to work on /home/airflow/.local/lib/python3.8/site-packages/airflow/example_dags/tutorial_dag.py
[2025-10-09T07:05:35.888+0000] {processor.py:830} INFO - Processing file /home/airflow/.local/lib/python3.8/site-packages/airflow/example_dags/tutorial_dag.py for tasks to queue
[2025-10-09T07:05:35.890+0000] {logging_mixin.py:188} INFO - [2025-10-09T07:05:35.890+0000] {dagbag.py:538} INFO - Filling up the DagBag from /home/airflow/.local/lib/python3.8/site-packages/airflow/example_dags/tutorial_dag.py
[2025-10-09T07:05:35.899+0000] {processor.py:840} INFO - DAG(s) 'tutorial_dag' retrieved from /home/airflow/.local/lib/python3.8/site-packages/airflow/example_dags/tutorial_dag.py
[2025-10-09T07:05:35.937+0000] {logging_mixin.py:188} INFO - [2025-10-09T07:05:35.936+0000] {dag.py:3036} INFO - Sync 1 DAGs
[2025-10-09T07:05:35.957+0000] {logging_mixin.py:188} INFO - [2025-10-09T07:05:35.957+0000] {dag.py:3823} INFO - Setting next_dagrun for tutorial_dag to None, run_after=None
[2025-10-09T07:05:35.988+0000] {processor.py:183} INFO - Processing /home/airflow/.local/lib/python3.8/site-packages/airflow/example_dags/tutorial_dag.py took 0.107 seconds
[2025-10-09T07:06:06.665+0000] {processor.py:161} INFO - Started process (PID=6571) to work on /home/airflow/.local/lib/python3.8/site-packages/airflow/example_dags/tutorial_dag.py
[2025-10-09T07:06:06.667+0000] {processor.py:830} INFO - Processing file /home/airflow/.local/lib/python3.8/site-packages/airflow/example_dags/tutorial_dag.py for tasks to queue
[2025-10-09T07:06:06.669+0000] {logging_mixin.py:188} INFO - [2025-10-09T07:06:06.668+0000] {dagbag.py:538} INFO - Filling up the DagBag from /home/airflow/.local/lib/python3.8/site-packages/airflow/example_dags/tutorial_dag.py
[2025-10-09T07:06:06.677+0000] {processor.py:840} INFO - DAG(s) 'tutorial_dag' retrieved from /home/airflow/.local/lib/python3.8/site-packages/airflow/example_dags/tutorial_dag.py
[2025-10-09T07:06:06.719+0000] {logging_mixin.py:188} INFO - [2025-10-09T07:06:06.719+0000] {dag.py:3036} INFO - Sync 1 DAGs
[2025-10-09T07:06:06.742+0000] {logging_mixin.py:188} INFO - [2025-10-09T07:06:06.741+0000] {dag.py:3823} INFO - Setting next_dagrun for tutorial_dag to None, run_after=None
[2025-10-09T07:06:06.797+0000] {processor.py:183} INFO - Processing /home/airflow/.local/lib/python3.8/site-packages/airflow/example_dags/tutorial_dag.py took 0.136 seconds
[2025-10-09T07:06:37.506+0000] {processor.py:161} INFO - Started process (PID=6633) to work on /home/airflow/.local/lib/python3.8/site-packages/airflow/example_dags/tutorial_dag.py
[2025-10-09T07:06:37.507+0000] {processor.py:830} INFO - Processing file /home/airflow/.local/lib/python3.8/site-packages/airflow/example_dags/tutorial_dag.py for tasks to queue
[2025-10-09T07:06:37.509+0000] {logging_mixin.py:188} INFO - [2025-10-09T07:06:37.508+0000] {dagbag.py:538} INFO - Filling up the DagBag from /home/airflow/.local/lib/python3.8/site-packages/airflow/example_dags/tutorial_dag.py
[2025-10-09T07:06:37.515+0000] {processor.py:840} INFO - DAG(s) 'tutorial_dag' retrieved from /home/airflow/.local/lib/python3.8/site-packages/airflow/example_dags/tutorial_dag.py
[2025-10-09T07:06:37.548+0000] {logging_mixin.py:188} INFO - [2025-10-09T07:06:37.548+0000] {dag.py:3036} INFO - Sync 1 DAGs
[2025-10-09T07:06:37.565+0000] {logging_mixin.py:188} INFO - [2025-10-09T07:06:37.565+0000] {dag.py:3823} INFO - Setting next_dagrun for tutorial_dag to None, run_after=None
[2025-10-09T07:06:37.612+0000] {processor.py:183} INFO - Processing /home/airflow/.local/lib/python3.8/site-packages/airflow/example_dags/tutorial_dag.py took 0.111 seconds
[2025-10-09T07:07:08.860+0000] {processor.py:161} INFO - Started process (PID=6696) to work on /home/airflow/.local/lib/python3.8/site-packages/airflow/example_dags/tutorial_dag.py
[2025-10-09T07:07:08.861+0000] {processor.py:830} INFO - Processing file /home/airflow/.local/lib/python3.8/site-packages/airflow/example_dags/tutorial_dag.py for tasks to queue
[2025-10-09T07:07:08.863+0000] {logging_mixin.py:188} INFO - [2025-10-09T07:07:08.863+0000] {dagbag.py:538} INFO - Filling up the DagBag from /home/airflow/.local/lib/python3.8/site-packages/airflow/example_dags/tutorial_dag.py
[2025-10-09T07:07:08.871+0000] {processor.py:840} INFO - DAG(s) 'tutorial_dag' retrieved from /home/airflow/.local/lib/python3.8/site-packages/airflow/example_dags/tutorial_dag.py
[2025-10-09T07:07:08.909+0000] {logging_mixin.py:188} INFO - [2025-10-09T07:07:08.909+0000] {dag.py:3036} INFO - Sync 1 DAGs
[2025-10-09T07:07:08.927+0000] {logging_mixin.py:188} INFO - [2025-10-09T07:07:08.927+0000] {dag.py:3823} INFO - Setting next_dagrun for tutorial_dag to None, run_after=None
[2025-10-09T07:07:08.955+0000] {processor.py:183} INFO - Processing /home/airflow/.local/lib/python3.8/site-packages/airflow/example_dags/tutorial_dag.py took 0.102 seconds
[2025-10-09T07:09:13.425+0000] {processor.py:161} INFO - Started process (PID=87) to work on /home/airflow/.local/lib/python3.8/site-packages/airflow/example_dags/tutorial_dag.py
[2025-10-09T07:09:13.426+0000] {processor.py:830} INFO - Processing file /home/airflow/.local/lib/python3.8/site-packages/airflow/example_dags/tutorial_dag.py for tasks to queue
[2025-10-09T07:09:13.429+0000] {logging_mixin.py:188} INFO - [2025-10-09T07:09:13.429+0000] {dagbag.py:538} INFO - Filling up the DagBag from /home/airflow/.local/lib/python3.8/site-packages/airflow/example_dags/tutorial_dag.py
[2025-10-09T07:09:13.438+0000] {processor.py:840} INFO - DAG(s) 'tutorial_dag' retrieved from /home/airflow/.local/lib/python3.8/site-packages/airflow/example_dags/tutorial_dag.py
[2025-10-09T07:09:13.607+0000] {logging_mixin.py:188} INFO - [2025-10-09T07:09:13.607+0000] {dag.py:3036} INFO - Sync 1 DAGs
[2025-10-09T07:09:13.631+0000] {logging_mixin.py:188} INFO - [2025-10-09T07:09:13.631+0000] {dag.py:3823} INFO - Setting next_dagrun for tutorial_dag to None, run_after=None
[2025-10-09T07:09:13.663+0000] {processor.py:183} INFO - Processing /home/airflow/.local/lib/python3.8/site-packages/airflow/example_dags/tutorial_dag.py took 0.243 seconds
[2025-10-09T07:09:43.965+0000] {processor.py:161} INFO - Started process (PID=149) to work on /home/airflow/.local/lib/python3.8/site-packages/airflow/example_dags/tutorial_dag.py
[2025-10-09T07:09:43.967+0000] {processor.py:830} INFO - Processing file /home/airflow/.local/lib/python3.8/site-packages/airflow/example_dags/tutorial_dag.py for tasks to queue
[2025-10-09T07:09:43.969+0000] {logging_mixin.py:188} INFO - [2025-10-09T07:09:43.969+0000] {dagbag.py:538} INFO - Filling up the DagBag from /home/airflow/.local/lib/python3.8/site-packages/airflow/example_dags/tutorial_dag.py
[2025-10-09T07:09:43.978+0000] {processor.py:840} INFO - DAG(s) 'tutorial_dag' retrieved from /home/airflow/.local/lib/python3.8/site-packages/airflow/example_dags/tutorial_dag.py
[2025-10-09T07:09:44.009+0000] {logging_mixin.py:188} INFO - [2025-10-09T07:09:44.009+0000] {dag.py:3036} INFO - Sync 1 DAGs
[2025-10-09T07:09:44.027+0000] {logging_mixin.py:188} INFO - [2025-10-09T07:09:44.027+0000] {dag.py:3823} INFO - Setting next_dagrun for tutorial_dag to None, run_after=None
[2025-10-09T07:09:44.073+0000] {processor.py:183} INFO - Processing /home/airflow/.local/lib/python3.8/site-packages/airflow/example_dags/tutorial_dag.py took 0.114 seconds
[2025-10-09T07:10:14.410+0000] {processor.py:161} INFO - Started process (PID=211) to work on /home/airflow/.local/lib/python3.8/site-packages/airflow/example_dags/tutorial_dag.py
[2025-10-09T07:10:14.411+0000] {processor.py:830} INFO - Processing file /home/airflow/.local/lib/python3.8/site-packages/airflow/example_dags/tutorial_dag.py for tasks to queue
[2025-10-09T07:10:14.414+0000] {logging_mixin.py:188} INFO - [2025-10-09T07:10:14.413+0000] {dagbag.py:538} INFO - Filling up the DagBag from /home/airflow/.local/lib/python3.8/site-packages/airflow/example_dags/tutorial_dag.py
[2025-10-09T07:10:14.420+0000] {processor.py:840} INFO - DAG(s) 'tutorial_dag' retrieved from /home/airflow/.local/lib/python3.8/site-packages/airflow/example_dags/tutorial_dag.py
[2025-10-09T07:10:14.453+0000] {logging_mixin.py:188} INFO - [2025-10-09T07:10:14.453+0000] {dag.py:3036} INFO - Sync 1 DAGs
[2025-10-09T07:10:14.471+0000] {logging_mixin.py:188} INFO - [2025-10-09T07:10:14.470+0000] {dag.py:3823} INFO - Setting next_dagrun for tutorial_dag to None, run_after=None
[2025-10-09T07:10:14.496+0000] {processor.py:183} INFO - Processing /home/airflow/.local/lib/python3.8/site-packages/airflow/example_dags/tutorial_dag.py took 0.090 seconds
[2025-10-09T07:10:45.032+0000] {processor.py:161} INFO - Started process (PID=273) to work on /home/airflow/.local/lib/python3.8/site-packages/airflow/example_dags/tutorial_dag.py
[2025-10-09T07:10:45.034+0000] {processor.py:830} INFO - Processing file /home/airflow/.local/lib/python3.8/site-packages/airflow/example_dags/tutorial_dag.py for tasks to queue
[2025-10-09T07:10:45.037+0000] {logging_mixin.py:188} INFO - [2025-10-09T07:10:45.036+0000] {dagbag.py:538} INFO - Filling up the DagBag from /home/airflow/.local/lib/python3.8/site-packages/airflow/example_dags/tutorial_dag.py
[2025-10-09T07:10:45.045+0000] {processor.py:840} INFO - DAG(s) 'tutorial_dag' retrieved from /home/airflow/.local/lib/python3.8/site-packages/airflow/example_dags/tutorial_dag.py
[2025-10-09T07:10:45.083+0000] {logging_mixin.py:188} INFO - [2025-10-09T07:10:45.083+0000] {dag.py:3036} INFO - Sync 1 DAGs
[2025-10-09T07:10:45.102+0000] {logging_mixin.py:188} INFO - [2025-10-09T07:10:45.102+0000] {dag.py:3823} INFO - Setting next_dagrun for tutorial_dag to None, run_after=None
[2025-10-09T07:10:45.128+0000] {processor.py:183} INFO - Processing /home/airflow/.local/lib/python3.8/site-packages/airflow/example_dags/tutorial_dag.py took 0.101 seconds
[2025-10-09T07:11:15.816+0000] {processor.py:161} INFO - Started process (PID=335) to work on /home/airflow/.local/lib/python3.8/site-packages/airflow/example_dags/tutorial_dag.py
[2025-10-09T07:11:15.817+0000] {processor.py:830} INFO - Processing file /home/airflow/.local/lib/python3.8/site-packages/airflow/example_dags/tutorial_dag.py for tasks to queue
[2025-10-09T07:11:15.821+0000] {logging_mixin.py:188} INFO - [2025-10-09T07:11:15.820+0000] {dagbag.py:538} INFO - Filling up the DagBag from /home/airflow/.local/lib/python3.8/site-packages/airflow/example_dags/tutorial_dag.py
[2025-10-09T07:11:15.829+0000] {processor.py:840} INFO - DAG(s) 'tutorial_dag' retrieved from /home/airflow/.local/lib/python3.8/site-packages/airflow/example_dags/tutorial_dag.py
[2025-10-09T07:11:15.866+0000] {logging_mixin.py:188} INFO - [2025-10-09T07:11:15.865+0000] {dag.py:3036} INFO - Sync 1 DAGs
[2025-10-09T07:11:15.885+0000] {logging_mixin.py:188} INFO - [2025-10-09T07:11:15.884+0000] {dag.py:3823} INFO - Setting next_dagrun for tutorial_dag to None, run_after=None
[2025-10-09T07:11:15.924+0000] {processor.py:183} INFO - Processing /home/airflow/.local/lib/python3.8/site-packages/airflow/example_dags/tutorial_dag.py took 0.112 seconds
[2025-10-09T07:11:46.441+0000] {processor.py:161} INFO - Started process (PID=396) to work on /home/airflow/.local/lib/python3.8/site-packages/airflow/example_dags/tutorial_dag.py
[2025-10-09T07:11:46.443+0000] {processor.py:830} INFO - Processing file /home/airflow/.local/lib/python3.8/site-packages/airflow/example_dags/tutorial_dag.py for tasks to queue
[2025-10-09T07:11:46.445+0000] {logging_mixin.py:188} INFO - [2025-10-09T07:11:46.445+0000] {dagbag.py:538} INFO - Filling up the DagBag from /home/airflow/.local/lib/python3.8/site-packages/airflow/example_dags/tutorial_dag.py
[2025-10-09T07:11:46.452+0000] {processor.py:840} INFO - DAG(s) 'tutorial_dag' retrieved from /home/airflow/.local/lib/python3.8/site-packages/airflow/example_dags/tutorial_dag.py
[2025-10-09T07:11:46.489+0000] {logging_mixin.py:188} INFO - [2025-10-09T07:11:46.489+0000] {dag.py:3036} INFO - Sync 1 DAGs
[2025-10-09T07:11:46.509+0000] {logging_mixin.py:188} INFO - [2025-10-09T07:11:46.508+0000] {dag.py:3823} INFO - Setting next_dagrun for tutorial_dag to None, run_after=None
[2025-10-09T07:11:46.538+0000] {processor.py:183} INFO - Processing /home/airflow/.local/lib/python3.8/site-packages/airflow/example_dags/tutorial_dag.py took 0.101 seconds
[2025-10-09T07:12:17.018+0000] {processor.py:161} INFO - Started process (PID=455) to work on /home/airflow/.local/lib/python3.8/site-packages/airflow/example_dags/tutorial_dag.py
[2025-10-09T07:12:17.020+0000] {processor.py:830} INFO - Processing file /home/airflow/.local/lib/python3.8/site-packages/airflow/example_dags/tutorial_dag.py for tasks to queue
[2025-10-09T07:12:17.025+0000] {logging_mixin.py:188} INFO - [2025-10-09T07:12:17.024+0000] {dagbag.py:538} INFO - Filling up the DagBag from /home/airflow/.local/lib/python3.8/site-packages/airflow/example_dags/tutorial_dag.py
[2025-10-09T07:12:17.036+0000] {processor.py:840} INFO - DAG(s) 'tutorial_dag' retrieved from /home/airflow/.local/lib/python3.8/site-packages/airflow/example_dags/tutorial_dag.py
[2025-10-09T07:12:17.081+0000] {logging_mixin.py:188} INFO - [2025-10-09T07:12:17.081+0000] {dag.py:3036} INFO - Sync 1 DAGs
[2025-10-09T07:12:17.100+0000] {logging_mixin.py:188} INFO - [2025-10-09T07:12:17.100+0000] {dag.py:3823} INFO - Setting next_dagrun for tutorial_dag to None, run_after=None
[2025-10-09T07:12:17.133+0000] {processor.py:183} INFO - Processing /home/airflow/.local/lib/python3.8/site-packages/airflow/example_dags/tutorial_dag.py took 0.123 seconds
[2025-10-09T07:12:48.043+0000] {processor.py:161} INFO - Started process (PID=515) to work on /home/airflow/.local/lib/python3.8/site-packages/airflow/example_dags/tutorial_dag.py
[2025-10-09T07:12:48.044+0000] {processor.py:830} INFO - Processing file /home/airflow/.local/lib/python3.8/site-packages/airflow/example_dags/tutorial_dag.py for tasks to queue
[2025-10-09T07:12:48.047+0000] {logging_mixin.py:188} INFO - [2025-10-09T07:12:48.047+0000] {dagbag.py:538} INFO - Filling up the DagBag from /home/airflow/.local/lib/python3.8/site-packages/airflow/example_dags/tutorial_dag.py
[2025-10-09T07:12:48.054+0000] {processor.py:840} INFO - DAG(s) 'tutorial_dag' retrieved from /home/airflow/.local/lib/python3.8/site-packages/airflow/example_dags/tutorial_dag.py
[2025-10-09T07:12:48.094+0000] {logging_mixin.py:188} INFO - [2025-10-09T07:12:48.094+0000] {dag.py:3036} INFO - Sync 1 DAGs
[2025-10-09T07:12:48.113+0000] {logging_mixin.py:188} INFO - [2025-10-09T07:12:48.112+0000] {dag.py:3823} INFO - Setting next_dagrun for tutorial_dag to None, run_after=None
[2025-10-09T07:12:48.142+0000] {processor.py:183} INFO - Processing /home/airflow/.local/lib/python3.8/site-packages/airflow/example_dags/tutorial_dag.py took 0.104 seconds
[2025-10-09T07:13:19.409+0000] {processor.py:161} INFO - Started process (PID=575) to work on /home/airflow/.local/lib/python3.8/site-packages/airflow/example_dags/tutorial_dag.py
[2025-10-09T07:13:19.411+0000] {processor.py:830} INFO - Processing file /home/airflow/.local/lib/python3.8/site-packages/airflow/example_dags/tutorial_dag.py for tasks to queue
[2025-10-09T07:13:19.413+0000] {logging_mixin.py:188} INFO - [2025-10-09T07:13:19.413+0000] {dagbag.py:538} INFO - Filling up the DagBag from /home/airflow/.local/lib/python3.8/site-packages/airflow/example_dags/tutorial_dag.py
[2025-10-09T07:13:19.423+0000] {processor.py:840} INFO - DAG(s) 'tutorial_dag' retrieved from /home/airflow/.local/lib/python3.8/site-packages/airflow/example_dags/tutorial_dag.py
[2025-10-09T07:13:19.463+0000] {logging_mixin.py:188} INFO - [2025-10-09T07:13:19.463+0000] {dag.py:3036} INFO - Sync 1 DAGs
[2025-10-09T07:13:19.485+0000] {logging_mixin.py:188} INFO - [2025-10-09T07:13:19.484+0000] {dag.py:3823} INFO - Setting next_dagrun for tutorial_dag to None, run_after=None
[2025-10-09T07:13:19.517+0000] {processor.py:183} INFO - Processing /home/airflow/.local/lib/python3.8/site-packages/airflow/example_dags/tutorial_dag.py took 0.112 seconds
[2025-10-09T07:13:50.000+0000] {processor.py:161} INFO - Started process (PID=635) to work on /home/airflow/.local/lib/python3.8/site-packages/airflow/example_dags/tutorial_dag.py
[2025-10-09T07:13:50.002+0000] {processor.py:830} INFO - Processing file /home/airflow/.local/lib/python3.8/site-packages/airflow/example_dags/tutorial_dag.py for tasks to queue
[2025-10-09T07:13:50.004+0000] {logging_mixin.py:188} INFO - [2025-10-09T07:13:50.003+0000] {dagbag.py:538} INFO - Filling up the DagBag from /home/airflow/.local/lib/python3.8/site-packages/airflow/example_dags/tutorial_dag.py
[2025-10-09T07:13:50.010+0000] {processor.py:840} INFO - DAG(s) 'tutorial_dag' retrieved from /home/airflow/.local/lib/python3.8/site-packages/airflow/example_dags/tutorial_dag.py
[2025-10-09T07:13:50.043+0000] {logging_mixin.py:188} INFO - [2025-10-09T07:13:50.043+0000] {dag.py:3036} INFO - Sync 1 DAGs
[2025-10-09T07:13:50.060+0000] {logging_mixin.py:188} INFO - [2025-10-09T07:13:50.059+0000] {dag.py:3823} INFO - Setting next_dagrun for tutorial_dag to None, run_after=None
[2025-10-09T07:13:50.123+0000] {processor.py:183} INFO - Processing /home/airflow/.local/lib/python3.8/site-packages/airflow/example_dags/tutorial_dag.py took 0.126 seconds
[2025-10-09T07:14:21.461+0000] {processor.py:161} INFO - Started process (PID=699) to work on /home/airflow/.local/lib/python3.8/site-packages/airflow/example_dags/tutorial_dag.py
[2025-10-09T07:14:21.463+0000] {processor.py:830} INFO - Processing file /home/airflow/.local/lib/python3.8/site-packages/airflow/example_dags/tutorial_dag.py for tasks to queue
[2025-10-09T07:14:21.465+0000] {logging_mixin.py:188} INFO - [2025-10-09T07:14:21.465+0000] {dagbag.py:538} INFO - Filling up the DagBag from /home/airflow/.local/lib/python3.8/site-packages/airflow/example_dags/tutorial_dag.py
[2025-10-09T07:14:21.475+0000] {processor.py:840} INFO - DAG(s) 'tutorial_dag' retrieved from /home/airflow/.local/lib/python3.8/site-packages/airflow/example_dags/tutorial_dag.py
[2025-10-09T07:14:21.521+0000] {logging_mixin.py:188} INFO - [2025-10-09T07:14:21.520+0000] {dag.py:3036} INFO - Sync 1 DAGs
[2025-10-09T07:14:21.544+0000] {logging_mixin.py:188} INFO - [2025-10-09T07:14:21.543+0000] {dag.py:3823} INFO - Setting next_dagrun for tutorial_dag to None, run_after=None
[2025-10-09T07:14:21.597+0000] {processor.py:183} INFO - Processing /home/airflow/.local/lib/python3.8/site-packages/airflow/example_dags/tutorial_dag.py took 0.141 seconds
[2025-10-09T07:14:52.320+0000] {processor.py:161} INFO - Started process (PID=761) to work on /home/airflow/.local/lib/python3.8/site-packages/airflow/example_dags/tutorial_dag.py
[2025-10-09T07:14:52.321+0000] {processor.py:830} INFO - Processing file /home/airflow/.local/lib/python3.8/site-packages/airflow/example_dags/tutorial_dag.py for tasks to queue
[2025-10-09T07:14:52.323+0000] {logging_mixin.py:188} INFO - [2025-10-09T07:14:52.322+0000] {dagbag.py:538} INFO - Filling up the DagBag from /home/airflow/.local/lib/python3.8/site-packages/airflow/example_dags/tutorial_dag.py
[2025-10-09T07:14:52.332+0000] {processor.py:840} INFO - DAG(s) 'tutorial_dag' retrieved from /home/airflow/.local/lib/python3.8/site-packages/airflow/example_dags/tutorial_dag.py
[2025-10-09T07:14:52.368+0000] {logging_mixin.py:188} INFO - [2025-10-09T07:14:52.368+0000] {dag.py:3036} INFO - Sync 1 DAGs
[2025-10-09T07:14:52.396+0000] {logging_mixin.py:188} INFO - [2025-10-09T07:14:52.396+0000] {dag.py:3823} INFO - Setting next_dagrun for tutorial_dag to None, run_after=None
[2025-10-09T07:14:52.426+0000] {processor.py:183} INFO - Processing /home/airflow/.local/lib/python3.8/site-packages/airflow/example_dags/tutorial_dag.py took 0.111 seconds
[2025-10-09T07:15:23.573+0000] {processor.py:161} INFO - Started process (PID=823) to work on /home/airflow/.local/lib/python3.8/site-packages/airflow/example_dags/tutorial_dag.py
[2025-10-09T07:15:23.584+0000] {processor.py:830} INFO - Processing file /home/airflow/.local/lib/python3.8/site-packages/airflow/example_dags/tutorial_dag.py for tasks to queue
[2025-10-09T07:15:23.588+0000] {logging_mixin.py:188} INFO - [2025-10-09T07:15:23.587+0000] {dagbag.py:538} INFO - Filling up the DagBag from /home/airflow/.local/lib/python3.8/site-packages/airflow/example_dags/tutorial_dag.py
[2025-10-09T07:15:23.615+0000] {processor.py:840} INFO - DAG(s) 'tutorial_dag' retrieved from /home/airflow/.local/lib/python3.8/site-packages/airflow/example_dags/tutorial_dag.py
[2025-10-09T07:15:23.691+0000] {logging_mixin.py:188} INFO - [2025-10-09T07:15:23.690+0000] {dag.py:3036} INFO - Sync 1 DAGs
[2025-10-09T07:15:23.730+0000] {logging_mixin.py:188} INFO - [2025-10-09T07:15:23.729+0000] {dag.py:3823} INFO - Setting next_dagrun for tutorial_dag to None, run_after=None
[2025-10-09T07:15:23.770+0000] {processor.py:183} INFO - Processing /home/airflow/.local/lib/python3.8/site-packages/airflow/example_dags/tutorial_dag.py took 0.204 seconds
[2025-10-09T07:15:53.879+0000] {processor.py:161} INFO - Started process (PID=885) to work on /home/airflow/.local/lib/python3.8/site-packages/airflow/example_dags/tutorial_dag.py
[2025-10-09T07:15:53.880+0000] {processor.py:830} INFO - Processing file /home/airflow/.local/lib/python3.8/site-packages/airflow/example_dags/tutorial_dag.py for tasks to queue
[2025-10-09T07:15:53.882+0000] {logging_mixin.py:188} INFO - [2025-10-09T07:15:53.881+0000] {dagbag.py:538} INFO - Filling up the DagBag from /home/airflow/.local/lib/python3.8/site-packages/airflow/example_dags/tutorial_dag.py
[2025-10-09T07:15:53.889+0000] {processor.py:840} INFO - DAG(s) 'tutorial_dag' retrieved from /home/airflow/.local/lib/python3.8/site-packages/airflow/example_dags/tutorial_dag.py
[2025-10-09T07:15:53.922+0000] {logging_mixin.py:188} INFO - [2025-10-09T07:15:53.921+0000] {dag.py:3036} INFO - Sync 1 DAGs
[2025-10-09T07:15:53.938+0000] {logging_mixin.py:188} INFO - [2025-10-09T07:15:53.938+0000] {dag.py:3823} INFO - Setting next_dagrun for tutorial_dag to None, run_after=None
[2025-10-09T07:15:53.966+0000] {processor.py:183} INFO - Processing /home/airflow/.local/lib/python3.8/site-packages/airflow/example_dags/tutorial_dag.py took 0.092 seconds
[2025-10-09T07:16:24.957+0000] {processor.py:161} INFO - Started process (PID=947) to work on /home/airflow/.local/lib/python3.8/site-packages/airflow/example_dags/tutorial_dag.py
[2025-10-09T07:16:24.960+0000] {processor.py:830} INFO - Processing file /home/airflow/.local/lib/python3.8/site-packages/airflow/example_dags/tutorial_dag.py for tasks to queue
[2025-10-09T07:16:24.964+0000] {logging_mixin.py:188} INFO - [2025-10-09T07:16:24.963+0000] {dagbag.py:538} INFO - Filling up the DagBag from /home/airflow/.local/lib/python3.8/site-packages/airflow/example_dags/tutorial_dag.py
[2025-10-09T07:16:24.988+0000] {processor.py:840} INFO - DAG(s) 'tutorial_dag' retrieved from /home/airflow/.local/lib/python3.8/site-packages/airflow/example_dags/tutorial_dag.py
[2025-10-09T07:16:25.033+0000] {logging_mixin.py:188} INFO - [2025-10-09T07:16:25.032+0000] {dag.py:3036} INFO - Sync 1 DAGs
[2025-10-09T07:16:25.053+0000] {logging_mixin.py:188} INFO - [2025-10-09T07:16:25.052+0000] {dag.py:3823} INFO - Setting next_dagrun for tutorial_dag to None, run_after=None
[2025-10-09T07:16:25.117+0000] {processor.py:183} INFO - Processing /home/airflow/.local/lib/python3.8/site-packages/airflow/example_dags/tutorial_dag.py took 0.165 seconds
[2025-10-09T07:16:56.017+0000] {processor.py:161} INFO - Started process (PID=1009) to work on /home/airflow/.local/lib/python3.8/site-packages/airflow/example_dags/tutorial_dag.py
[2025-10-09T07:16:56.020+0000] {processor.py:830} INFO - Processing file /home/airflow/.local/lib/python3.8/site-packages/airflow/example_dags/tutorial_dag.py for tasks to queue
[2025-10-09T07:16:56.023+0000] {logging_mixin.py:188} INFO - [2025-10-09T07:16:56.023+0000] {dagbag.py:538} INFO - Filling up the DagBag from /home/airflow/.local/lib/python3.8/site-packages/airflow/example_dags/tutorial_dag.py
[2025-10-09T07:16:56.035+0000] {processor.py:840} INFO - DAG(s) 'tutorial_dag' retrieved from /home/airflow/.local/lib/python3.8/site-packages/airflow/example_dags/tutorial_dag.py
[2025-10-09T07:16:56.094+0000] {logging_mixin.py:188} INFO - [2025-10-09T07:16:56.094+0000] {dag.py:3036} INFO - Sync 1 DAGs
[2025-10-09T07:16:56.131+0000] {logging_mixin.py:188} INFO - [2025-10-09T07:16:56.130+0000] {dag.py:3823} INFO - Setting next_dagrun for tutorial_dag to None, run_after=None
[2025-10-09T07:16:56.196+0000] {processor.py:183} INFO - Processing /home/airflow/.local/lib/python3.8/site-packages/airflow/example_dags/tutorial_dag.py took 0.186 seconds
[2025-10-09T07:17:27.395+0000] {processor.py:161} INFO - Started process (PID=1071) to work on /home/airflow/.local/lib/python3.8/site-packages/airflow/example_dags/tutorial_dag.py
[2025-10-09T07:17:27.397+0000] {processor.py:830} INFO - Processing file /home/airflow/.local/lib/python3.8/site-packages/airflow/example_dags/tutorial_dag.py for tasks to queue
[2025-10-09T07:17:27.399+0000] {logging_mixin.py:188} INFO - [2025-10-09T07:17:27.398+0000] {dagbag.py:538} INFO - Filling up the DagBag from /home/airflow/.local/lib/python3.8/site-packages/airflow/example_dags/tutorial_dag.py
[2025-10-09T07:17:27.408+0000] {processor.py:840} INFO - DAG(s) 'tutorial_dag' retrieved from /home/airflow/.local/lib/python3.8/site-packages/airflow/example_dags/tutorial_dag.py
[2025-10-09T07:17:27.460+0000] {logging_mixin.py:188} INFO - [2025-10-09T07:17:27.460+0000] {dag.py:3036} INFO - Sync 1 DAGs
[2025-10-09T07:17:27.487+0000] {logging_mixin.py:188} INFO - [2025-10-09T07:17:27.487+0000] {dag.py:3823} INFO - Setting next_dagrun for tutorial_dag to None, run_after=None
[2025-10-09T07:17:27.554+0000] {processor.py:183} INFO - Processing /home/airflow/.local/lib/python3.8/site-packages/airflow/example_dags/tutorial_dag.py took 0.167 seconds
[2025-10-09T07:17:58.177+0000] {processor.py:161} INFO - Started process (PID=1133) to work on /home/airflow/.local/lib/python3.8/site-packages/airflow/example_dags/tutorial_dag.py
[2025-10-09T07:17:58.179+0000] {processor.py:830} INFO - Processing file /home/airflow/.local/lib/python3.8/site-packages/airflow/example_dags/tutorial_dag.py for tasks to queue
[2025-10-09T07:17:58.180+0000] {logging_mixin.py:188} INFO - [2025-10-09T07:17:58.180+0000] {dagbag.py:538} INFO - Filling up the DagBag from /home/airflow/.local/lib/python3.8/site-packages/airflow/example_dags/tutorial_dag.py
[2025-10-09T07:17:58.189+0000] {processor.py:840} INFO - DAG(s) 'tutorial_dag' retrieved from /home/airflow/.local/lib/python3.8/site-packages/airflow/example_dags/tutorial_dag.py
[2025-10-09T07:17:58.235+0000] {logging_mixin.py:188} INFO - [2025-10-09T07:17:58.235+0000] {dag.py:3036} INFO - Sync 1 DAGs
[2025-10-09T07:17:58.263+0000] {logging_mixin.py:188} INFO - [2025-10-09T07:17:58.262+0000] {dag.py:3823} INFO - Setting next_dagrun for tutorial_dag to None, run_after=None
[2025-10-09T07:17:58.320+0000] {processor.py:183} INFO - Processing /home/airflow/.local/lib/python3.8/site-packages/airflow/example_dags/tutorial_dag.py took 0.149 seconds
[2025-10-09T07:18:29.083+0000] {processor.py:161} INFO - Started process (PID=1196) to work on /home/airflow/.local/lib/python3.8/site-packages/airflow/example_dags/tutorial_dag.py
[2025-10-09T07:18:29.085+0000] {processor.py:830} INFO - Processing file /home/airflow/.local/lib/python3.8/site-packages/airflow/example_dags/tutorial_dag.py for tasks to queue
[2025-10-09T07:18:29.086+0000] {logging_mixin.py:188} INFO - [2025-10-09T07:18:29.086+0000] {dagbag.py:538} INFO - Filling up the DagBag from /home/airflow/.local/lib/python3.8/site-packages/airflow/example_dags/tutorial_dag.py
[2025-10-09T07:18:29.095+0000] {processor.py:840} INFO - DAG(s) 'tutorial_dag' retrieved from /home/airflow/.local/lib/python3.8/site-packages/airflow/example_dags/tutorial_dag.py
[2025-10-09T07:18:29.137+0000] {logging_mixin.py:188} INFO - [2025-10-09T07:18:29.136+0000] {dag.py:3036} INFO - Sync 1 DAGs
[2025-10-09T07:18:29.157+0000] {logging_mixin.py:188} INFO - [2025-10-09T07:18:29.157+0000] {dag.py:3823} INFO - Setting next_dagrun for tutorial_dag to None, run_after=None
[2025-10-09T07:18:29.190+0000] {processor.py:183} INFO - Processing /home/airflow/.local/lib/python3.8/site-packages/airflow/example_dags/tutorial_dag.py took 0.112 seconds
[2025-10-09T07:19:00.041+0000] {processor.py:161} INFO - Started process (PID=1258) to work on /home/airflow/.local/lib/python3.8/site-packages/airflow/example_dags/tutorial_dag.py
[2025-10-09T07:19:00.043+0000] {processor.py:830} INFO - Processing file /home/airflow/.local/lib/python3.8/site-packages/airflow/example_dags/tutorial_dag.py for tasks to queue
[2025-10-09T07:19:00.044+0000] {logging_mixin.py:188} INFO - [2025-10-09T07:19:00.044+0000] {dagbag.py:538} INFO - Filling up the DagBag from /home/airflow/.local/lib/python3.8/site-packages/airflow/example_dags/tutorial_dag.py
[2025-10-09T07:19:00.052+0000] {processor.py:840} INFO - DAG(s) 'tutorial_dag' retrieved from /home/airflow/.local/lib/python3.8/site-packages/airflow/example_dags/tutorial_dag.py
[2025-10-09T07:19:00.093+0000] {logging_mixin.py:188} INFO - [2025-10-09T07:19:00.093+0000] {dag.py:3036} INFO - Sync 1 DAGs
[2025-10-09T07:19:00.114+0000] {logging_mixin.py:188} INFO - [2025-10-09T07:19:00.114+0000] {dag.py:3823} INFO - Setting next_dagrun for tutorial_dag to None, run_after=None
[2025-10-09T07:19:00.146+0000] {processor.py:183} INFO - Processing /home/airflow/.local/lib/python3.8/site-packages/airflow/example_dags/tutorial_dag.py took 0.110 seconds
[2025-10-09T07:19:31.056+0000] {processor.py:161} INFO - Started process (PID=1320) to work on /home/airflow/.local/lib/python3.8/site-packages/airflow/example_dags/tutorial_dag.py
[2025-10-09T07:19:31.060+0000] {processor.py:830} INFO - Processing file /home/airflow/.local/lib/python3.8/site-packages/airflow/example_dags/tutorial_dag.py for tasks to queue
[2025-10-09T07:19:31.063+0000] {logging_mixin.py:188} INFO - [2025-10-09T07:19:31.062+0000] {dagbag.py:538} INFO - Filling up the DagBag from /home/airflow/.local/lib/python3.8/site-packages/airflow/example_dags/tutorial_dag.py
[2025-10-09T07:19:31.076+0000] {processor.py:840} INFO - DAG(s) 'tutorial_dag' retrieved from /home/airflow/.local/lib/python3.8/site-packages/airflow/example_dags/tutorial_dag.py
[2025-10-09T07:19:31.152+0000] {logging_mixin.py:188} INFO - [2025-10-09T07:19:31.151+0000] {dag.py:3036} INFO - Sync 1 DAGs
[2025-10-09T07:19:31.175+0000] {logging_mixin.py:188} INFO - [2025-10-09T07:19:31.174+0000] {dag.py:3823} INFO - Setting next_dagrun for tutorial_dag to None, run_after=None
[2025-10-09T07:19:31.226+0000] {processor.py:183} INFO - Processing /home/airflow/.local/lib/python3.8/site-packages/airflow/example_dags/tutorial_dag.py took 0.179 seconds
[2025-10-09T07:20:01.982+0000] {processor.py:161} INFO - Started process (PID=1382) to work on /home/airflow/.local/lib/python3.8/site-packages/airflow/example_dags/tutorial_dag.py
[2025-10-09T07:20:01.983+0000] {processor.py:830} INFO - Processing file /home/airflow/.local/lib/python3.8/site-packages/airflow/example_dags/tutorial_dag.py for tasks to queue
[2025-10-09T07:20:01.985+0000] {logging_mixin.py:188} INFO - [2025-10-09T07:20:01.985+0000] {dagbag.py:538} INFO - Filling up the DagBag from /home/airflow/.local/lib/python3.8/site-packages/airflow/example_dags/tutorial_dag.py
[2025-10-09T07:20:01.994+0000] {processor.py:840} INFO - DAG(s) 'tutorial_dag' retrieved from /home/airflow/.local/lib/python3.8/site-packages/airflow/example_dags/tutorial_dag.py
[2025-10-09T07:20:02.029+0000] {logging_mixin.py:188} INFO - [2025-10-09T07:20:02.028+0000] {dag.py:3036} INFO - Sync 1 DAGs
[2025-10-09T07:20:02.046+0000] {logging_mixin.py:188} INFO - [2025-10-09T07:20:02.045+0000] {dag.py:3823} INFO - Setting next_dagrun for tutorial_dag to None, run_after=None
[2025-10-09T07:20:02.094+0000] {processor.py:183} INFO - Processing /home/airflow/.local/lib/python3.8/site-packages/airflow/example_dags/tutorial_dag.py took 0.118 seconds
[2025-10-09T07:20:32.445+0000] {processor.py:161} INFO - Started process (PID=1444) to work on /home/airflow/.local/lib/python3.8/site-packages/airflow/example_dags/tutorial_dag.py
[2025-10-09T07:20:32.446+0000] {processor.py:830} INFO - Processing file /home/airflow/.local/lib/python3.8/site-packages/airflow/example_dags/tutorial_dag.py for tasks to queue
[2025-10-09T07:20:32.447+0000] {logging_mixin.py:188} INFO - [2025-10-09T07:20:32.447+0000] {dagbag.py:538} INFO - Filling up the DagBag from /home/airflow/.local/lib/python3.8/site-packages/airflow/example_dags/tutorial_dag.py
[2025-10-09T07:20:32.454+0000] {processor.py:840} INFO - DAG(s) 'tutorial_dag' retrieved from /home/airflow/.local/lib/python3.8/site-packages/airflow/example_dags/tutorial_dag.py
[2025-10-09T07:20:32.486+0000] {logging_mixin.py:188} INFO - [2025-10-09T07:20:32.486+0000] {dag.py:3036} INFO - Sync 1 DAGs
[2025-10-09T07:20:32.504+0000] {logging_mixin.py:188} INFO - [2025-10-09T07:20:32.503+0000] {dag.py:3823} INFO - Setting next_dagrun for tutorial_dag to None, run_after=None
[2025-10-09T07:20:32.548+0000] {processor.py:183} INFO - Processing /home/airflow/.local/lib/python3.8/site-packages/airflow/example_dags/tutorial_dag.py took 0.108 seconds
[2025-10-09T07:21:03.146+0000] {processor.py:161} INFO - Started process (PID=1504) to work on /home/airflow/.local/lib/python3.8/site-packages/airflow/example_dags/tutorial_dag.py
[2025-10-09T07:21:03.148+0000] {processor.py:830} INFO - Processing file /home/airflow/.local/lib/python3.8/site-packages/airflow/example_dags/tutorial_dag.py for tasks to queue
[2025-10-09T07:21:03.149+0000] {logging_mixin.py:188} INFO - [2025-10-09T07:21:03.149+0000] {dagbag.py:538} INFO - Filling up the DagBag from /home/airflow/.local/lib/python3.8/site-packages/airflow/example_dags/tutorial_dag.py
[2025-10-09T07:21:03.156+0000] {processor.py:840} INFO - DAG(s) 'tutorial_dag' retrieved from /home/airflow/.local/lib/python3.8/site-packages/airflow/example_dags/tutorial_dag.py
[2025-10-09T07:21:03.190+0000] {logging_mixin.py:188} INFO - [2025-10-09T07:21:03.190+0000] {dag.py:3036} INFO - Sync 1 DAGs
[2025-10-09T07:21:03.207+0000] {logging_mixin.py:188} INFO - [2025-10-09T07:21:03.206+0000] {dag.py:3823} INFO - Setting next_dagrun for tutorial_dag to None, run_after=None
[2025-10-09T07:21:03.233+0000] {processor.py:183} INFO - Processing /home/airflow/.local/lib/python3.8/site-packages/airflow/example_dags/tutorial_dag.py took 0.091 seconds
[2025-10-09T07:21:33.863+0000] {processor.py:161} INFO - Started process (PID=1566) to work on /home/airflow/.local/lib/python3.8/site-packages/airflow/example_dags/tutorial_dag.py
[2025-10-09T07:21:33.865+0000] {processor.py:830} INFO - Processing file /home/airflow/.local/lib/python3.8/site-packages/airflow/example_dags/tutorial_dag.py for tasks to queue
[2025-10-09T07:21:33.866+0000] {logging_mixin.py:188} INFO - [2025-10-09T07:21:33.866+0000] {dagbag.py:538} INFO - Filling up the DagBag from /home/airflow/.local/lib/python3.8/site-packages/airflow/example_dags/tutorial_dag.py
[2025-10-09T07:21:33.874+0000] {processor.py:840} INFO - DAG(s) 'tutorial_dag' retrieved from /home/airflow/.local/lib/python3.8/site-packages/airflow/example_dags/tutorial_dag.py
[2025-10-09T07:21:33.908+0000] {logging_mixin.py:188} INFO - [2025-10-09T07:21:33.907+0000] {dag.py:3036} INFO - Sync 1 DAGs
[2025-10-09T07:21:33.966+0000] {logging_mixin.py:188} INFO - [2025-10-09T07:21:33.965+0000] {dag.py:3823} INFO - Setting next_dagrun for tutorial_dag to None, run_after=None
[2025-10-09T07:21:34.030+0000] {processor.py:183} INFO - Processing /home/airflow/.local/lib/python3.8/site-packages/airflow/example_dags/tutorial_dag.py took 0.172 seconds
[2025-10-09T07:22:04.999+0000] {processor.py:161} INFO - Started process (PID=1628) to work on /home/airflow/.local/lib/python3.8/site-packages/airflow/example_dags/tutorial_dag.py
[2025-10-09T07:22:05.000+0000] {processor.py:830} INFO - Processing file /home/airflow/.local/lib/python3.8/site-packages/airflow/example_dags/tutorial_dag.py for tasks to queue
[2025-10-09T07:22:05.002+0000] {logging_mixin.py:188} INFO - [2025-10-09T07:22:05.002+0000] {dagbag.py:538} INFO - Filling up the DagBag from /home/airflow/.local/lib/python3.8/site-packages/airflow/example_dags/tutorial_dag.py
[2025-10-09T07:22:05.011+0000] {processor.py:840} INFO - DAG(s) 'tutorial_dag' retrieved from /home/airflow/.local/lib/python3.8/site-packages/airflow/example_dags/tutorial_dag.py
[2025-10-09T07:22:05.048+0000] {logging_mixin.py:188} INFO - [2025-10-09T07:22:05.047+0000] {dag.py:3036} INFO - Sync 1 DAGs
[2025-10-09T07:22:05.065+0000] {logging_mixin.py:188} INFO - [2025-10-09T07:22:05.065+0000] {dag.py:3823} INFO - Setting next_dagrun for tutorial_dag to None, run_after=None
[2025-10-09T07:22:05.099+0000] {processor.py:183} INFO - Processing /home/airflow/.local/lib/python3.8/site-packages/airflow/example_dags/tutorial_dag.py took 0.105 seconds
[2025-10-09T07:22:36.090+0000] {processor.py:161} INFO - Started process (PID=1690) to work on /home/airflow/.local/lib/python3.8/site-packages/airflow/example_dags/tutorial_dag.py
[2025-10-09T07:22:36.092+0000] {processor.py:830} INFO - Processing file /home/airflow/.local/lib/python3.8/site-packages/airflow/example_dags/tutorial_dag.py for tasks to queue
[2025-10-09T07:22:36.094+0000] {logging_mixin.py:188} INFO - [2025-10-09T07:22:36.093+0000] {dagbag.py:538} INFO - Filling up the DagBag from /home/airflow/.local/lib/python3.8/site-packages/airflow/example_dags/tutorial_dag.py
[2025-10-09T07:22:36.104+0000] {processor.py:840} INFO - DAG(s) 'tutorial_dag' retrieved from /home/airflow/.local/lib/python3.8/site-packages/airflow/example_dags/tutorial_dag.py
[2025-10-09T07:22:36.167+0000] {logging_mixin.py:188} INFO - [2025-10-09T07:22:36.166+0000] {dag.py:3036} INFO - Sync 1 DAGs
[2025-10-09T07:22:36.198+0000] {logging_mixin.py:188} INFO - [2025-10-09T07:22:36.198+0000] {dag.py:3823} INFO - Setting next_dagrun for tutorial_dag to None, run_after=None
[2025-10-09T07:22:36.236+0000] {processor.py:183} INFO - Processing /home/airflow/.local/lib/python3.8/site-packages/airflow/example_dags/tutorial_dag.py took 0.152 seconds
[2025-10-09T07:23:07.338+0000] {processor.py:161} INFO - Started process (PID=1752) to work on /home/airflow/.local/lib/python3.8/site-packages/airflow/example_dags/tutorial_dag.py
[2025-10-09T07:23:07.340+0000] {processor.py:830} INFO - Processing file /home/airflow/.local/lib/python3.8/site-packages/airflow/example_dags/tutorial_dag.py for tasks to queue
[2025-10-09T07:23:07.341+0000] {logging_mixin.py:188} INFO - [2025-10-09T07:23:07.341+0000] {dagbag.py:538} INFO - Filling up the DagBag from /home/airflow/.local/lib/python3.8/site-packages/airflow/example_dags/tutorial_dag.py
[2025-10-09T07:23:07.349+0000] {processor.py:840} INFO - DAG(s) 'tutorial_dag' retrieved from /home/airflow/.local/lib/python3.8/site-packages/airflow/example_dags/tutorial_dag.py
[2025-10-09T07:23:07.385+0000] {logging_mixin.py:188} INFO - [2025-10-09T07:23:07.385+0000] {dag.py:3036} INFO - Sync 1 DAGs
[2025-10-09T07:23:07.407+0000] {logging_mixin.py:188} INFO - [2025-10-09T07:23:07.407+0000] {dag.py:3823} INFO - Setting next_dagrun for tutorial_dag to None, run_after=None
[2025-10-09T07:23:07.462+0000] {processor.py:183} INFO - Processing /home/airflow/.local/lib/python3.8/site-packages/airflow/example_dags/tutorial_dag.py took 0.128 seconds
[2025-10-09T07:23:38.411+0000] {processor.py:161} INFO - Started process (PID=1814) to work on /home/airflow/.local/lib/python3.8/site-packages/airflow/example_dags/tutorial_dag.py
[2025-10-09T07:23:38.413+0000] {processor.py:830} INFO - Processing file /home/airflow/.local/lib/python3.8/site-packages/airflow/example_dags/tutorial_dag.py for tasks to queue
[2025-10-09T07:23:38.415+0000] {logging_mixin.py:188} INFO - [2025-10-09T07:23:38.415+0000] {dagbag.py:538} INFO - Filling up the DagBag from /home/airflow/.local/lib/python3.8/site-packages/airflow/example_dags/tutorial_dag.py
[2025-10-09T07:23:38.425+0000] {processor.py:840} INFO - DAG(s) 'tutorial_dag' retrieved from /home/airflow/.local/lib/python3.8/site-packages/airflow/example_dags/tutorial_dag.py
[2025-10-09T07:23:38.472+0000] {logging_mixin.py:188} INFO - [2025-10-09T07:23:38.471+0000] {dag.py:3036} INFO - Sync 1 DAGs
[2025-10-09T07:23:38.500+0000] {logging_mixin.py:188} INFO - [2025-10-09T07:23:38.500+0000] {dag.py:3823} INFO - Setting next_dagrun for tutorial_dag to None, run_after=None
[2025-10-09T07:23:38.567+0000] {processor.py:183} INFO - Processing /home/airflow/.local/lib/python3.8/site-packages/airflow/example_dags/tutorial_dag.py took 0.161 seconds
[2025-10-09T07:24:08.684+0000] {processor.py:161} INFO - Started process (PID=1875) to work on /home/airflow/.local/lib/python3.8/site-packages/airflow/example_dags/tutorial_dag.py
[2025-10-09T07:24:08.685+0000] {processor.py:830} INFO - Processing file /home/airflow/.local/lib/python3.8/site-packages/airflow/example_dags/tutorial_dag.py for tasks to queue
[2025-10-09T07:24:08.687+0000] {logging_mixin.py:188} INFO - [2025-10-09T07:24:08.687+0000] {dagbag.py:538} INFO - Filling up the DagBag from /home/airflow/.local/lib/python3.8/site-packages/airflow/example_dags/tutorial_dag.py
[2025-10-09T07:24:08.696+0000] {processor.py:840} INFO - DAG(s) 'tutorial_dag' retrieved from /home/airflow/.local/lib/python3.8/site-packages/airflow/example_dags/tutorial_dag.py
[2025-10-09T07:24:08.733+0000] {logging_mixin.py:188} INFO - [2025-10-09T07:24:08.733+0000] {dag.py:3036} INFO - Sync 1 DAGs
[2025-10-09T07:24:08.751+0000] {logging_mixin.py:188} INFO - [2025-10-09T07:24:08.751+0000] {dag.py:3823} INFO - Setting next_dagrun for tutorial_dag to None, run_after=None
[2025-10-09T07:24:08.805+0000] {processor.py:183} INFO - Processing /home/airflow/.local/lib/python3.8/site-packages/airflow/example_dags/tutorial_dag.py took 0.125 seconds
[2025-10-09T07:24:39.247+0000] {processor.py:161} INFO - Started process (PID=1937) to work on /home/airflow/.local/lib/python3.8/site-packages/airflow/example_dags/tutorial_dag.py
[2025-10-09T07:24:39.248+0000] {processor.py:830} INFO - Processing file /home/airflow/.local/lib/python3.8/site-packages/airflow/example_dags/tutorial_dag.py for tasks to queue
[2025-10-09T07:24:39.251+0000] {logging_mixin.py:188} INFO - [2025-10-09T07:24:39.250+0000] {dagbag.py:538} INFO - Filling up the DagBag from /home/airflow/.local/lib/python3.8/site-packages/airflow/example_dags/tutorial_dag.py
[2025-10-09T07:24:39.263+0000] {processor.py:840} INFO - DAG(s) 'tutorial_dag' retrieved from /home/airflow/.local/lib/python3.8/site-packages/airflow/example_dags/tutorial_dag.py
[2025-10-09T07:24:39.317+0000] {logging_mixin.py:188} INFO - [2025-10-09T07:24:39.316+0000] {dag.py:3036} INFO - Sync 1 DAGs
[2025-10-09T07:24:39.342+0000] {logging_mixin.py:188} INFO - [2025-10-09T07:24:39.341+0000] {dag.py:3823} INFO - Setting next_dagrun for tutorial_dag to None, run_after=None
[2025-10-09T07:24:39.378+0000] {processor.py:183} INFO - Processing /home/airflow/.local/lib/python3.8/site-packages/airflow/example_dags/tutorial_dag.py took 0.138 seconds
[2025-10-09T07:25:09.653+0000] {processor.py:161} INFO - Started process (PID=1999) to work on /home/airflow/.local/lib/python3.8/site-packages/airflow/example_dags/tutorial_dag.py
[2025-10-09T07:25:09.656+0000] {processor.py:830} INFO - Processing file /home/airflow/.local/lib/python3.8/site-packages/airflow/example_dags/tutorial_dag.py for tasks to queue
[2025-10-09T07:25:09.657+0000] {logging_mixin.py:188} INFO - [2025-10-09T07:25:09.657+0000] {dagbag.py:538} INFO - Filling up the DagBag from /home/airflow/.local/lib/python3.8/site-packages/airflow/example_dags/tutorial_dag.py
[2025-10-09T07:25:09.667+0000] {processor.py:840} INFO - DAG(s) 'tutorial_dag' retrieved from /home/airflow/.local/lib/python3.8/site-packages/airflow/example_dags/tutorial_dag.py
[2025-10-09T07:25:09.713+0000] {logging_mixin.py:188} INFO - [2025-10-09T07:25:09.713+0000] {dag.py:3036} INFO - Sync 1 DAGs
[2025-10-09T07:25:09.734+0000] {logging_mixin.py:188} INFO - [2025-10-09T07:25:09.734+0000] {dag.py:3823} INFO - Setting next_dagrun for tutorial_dag to None, run_after=None
[2025-10-09T07:25:09.763+0000] {processor.py:183} INFO - Processing /home/airflow/.local/lib/python3.8/site-packages/airflow/example_dags/tutorial_dag.py took 0.116 seconds
[2025-10-09T07:25:40.535+0000] {processor.py:161} INFO - Started process (PID=2067) to work on /home/airflow/.local/lib/python3.8/site-packages/airflow/example_dags/tutorial_dag.py
[2025-10-09T07:25:40.537+0000] {processor.py:830} INFO - Processing file /home/airflow/.local/lib/python3.8/site-packages/airflow/example_dags/tutorial_dag.py for tasks to queue
[2025-10-09T07:25:40.538+0000] {logging_mixin.py:188} INFO - [2025-10-09T07:25:40.538+0000] {dagbag.py:538} INFO - Filling up the DagBag from /home/airflow/.local/lib/python3.8/site-packages/airflow/example_dags/tutorial_dag.py
[2025-10-09T07:25:40.546+0000] {processor.py:840} INFO - DAG(s) 'tutorial_dag' retrieved from /home/airflow/.local/lib/python3.8/site-packages/airflow/example_dags/tutorial_dag.py
[2025-10-09T07:25:40.581+0000] {logging_mixin.py:188} INFO - [2025-10-09T07:25:40.581+0000] {dag.py:3036} INFO - Sync 1 DAGs
[2025-10-09T07:25:40.599+0000] {logging_mixin.py:188} INFO - [2025-10-09T07:25:40.599+0000] {dag.py:3823} INFO - Setting next_dagrun for tutorial_dag to None, run_after=None
[2025-10-09T07:25:40.633+0000] {processor.py:183} INFO - Processing /home/airflow/.local/lib/python3.8/site-packages/airflow/example_dags/tutorial_dag.py took 0.103 seconds
[2025-10-09T07:26:11.292+0000] {processor.py:161} INFO - Started process (PID=2127) to work on /home/airflow/.local/lib/python3.8/site-packages/airflow/example_dags/tutorial_dag.py
[2025-10-09T07:26:11.293+0000] {processor.py:830} INFO - Processing file /home/airflow/.local/lib/python3.8/site-packages/airflow/example_dags/tutorial_dag.py for tasks to queue
[2025-10-09T07:26:11.295+0000] {logging_mixin.py:188} INFO - [2025-10-09T07:26:11.294+0000] {dagbag.py:538} INFO - Filling up the DagBag from /home/airflow/.local/lib/python3.8/site-packages/airflow/example_dags/tutorial_dag.py
[2025-10-09T07:26:11.304+0000] {processor.py:840} INFO - DAG(s) 'tutorial_dag' retrieved from /home/airflow/.local/lib/python3.8/site-packages/airflow/example_dags/tutorial_dag.py
[2025-10-09T07:26:11.343+0000] {logging_mixin.py:188} INFO - [2025-10-09T07:26:11.343+0000] {dag.py:3036} INFO - Sync 1 DAGs
[2025-10-09T07:26:11.367+0000] {logging_mixin.py:188} INFO - [2025-10-09T07:26:11.367+0000] {dag.py:3823} INFO - Setting next_dagrun for tutorial_dag to None, run_after=None
[2025-10-09T07:26:11.398+0000] {processor.py:183} INFO - Processing /home/airflow/.local/lib/python3.8/site-packages/airflow/example_dags/tutorial_dag.py took 0.111 seconds
[2025-10-09T07:26:41.573+0000] {processor.py:161} INFO - Started process (PID=2189) to work on /home/airflow/.local/lib/python3.8/site-packages/airflow/example_dags/tutorial_dag.py
[2025-10-09T07:26:41.575+0000] {processor.py:830} INFO - Processing file /home/airflow/.local/lib/python3.8/site-packages/airflow/example_dags/tutorial_dag.py for tasks to queue
[2025-10-09T07:26:41.577+0000] {logging_mixin.py:188} INFO - [2025-10-09T07:26:41.576+0000] {dagbag.py:538} INFO - Filling up the DagBag from /home/airflow/.local/lib/python3.8/site-packages/airflow/example_dags/tutorial_dag.py
[2025-10-09T07:26:41.587+0000] {processor.py:840} INFO - DAG(s) 'tutorial_dag' retrieved from /home/airflow/.local/lib/python3.8/site-packages/airflow/example_dags/tutorial_dag.py
[2025-10-09T07:26:41.646+0000] {logging_mixin.py:188} INFO - [2025-10-09T07:26:41.645+0000] {dag.py:3036} INFO - Sync 1 DAGs
[2025-10-09T07:26:41.677+0000] {logging_mixin.py:188} INFO - [2025-10-09T07:26:41.677+0000] {dag.py:3823} INFO - Setting next_dagrun for tutorial_dag to None, run_after=None
[2025-10-09T07:26:41.741+0000] {processor.py:183} INFO - Processing /home/airflow/.local/lib/python3.8/site-packages/airflow/example_dags/tutorial_dag.py took 0.176 seconds
[2025-10-09T07:27:11.812+0000] {processor.py:161} INFO - Started process (PID=2250) to work on /home/airflow/.local/lib/python3.8/site-packages/airflow/example_dags/tutorial_dag.py
[2025-10-09T07:27:11.815+0000] {processor.py:830} INFO - Processing file /home/airflow/.local/lib/python3.8/site-packages/airflow/example_dags/tutorial_dag.py for tasks to queue
[2025-10-09T07:27:11.817+0000] {logging_mixin.py:188} INFO - [2025-10-09T07:27:11.816+0000] {dagbag.py:538} INFO - Filling up the DagBag from /home/airflow/.local/lib/python3.8/site-packages/airflow/example_dags/tutorial_dag.py
[2025-10-09T07:27:11.826+0000] {processor.py:840} INFO - DAG(s) 'tutorial_dag' retrieved from /home/airflow/.local/lib/python3.8/site-packages/airflow/example_dags/tutorial_dag.py
[2025-10-09T07:27:11.877+0000] {logging_mixin.py:188} INFO - [2025-10-09T07:27:11.877+0000] {dag.py:3036} INFO - Sync 1 DAGs
[2025-10-09T07:27:11.903+0000] {logging_mixin.py:188} INFO - [2025-10-09T07:27:11.902+0000] {dag.py:3823} INFO - Setting next_dagrun for tutorial_dag to None, run_after=None
[2025-10-09T07:27:11.955+0000] {processor.py:183} INFO - Processing /home/airflow/.local/lib/python3.8/site-packages/airflow/example_dags/tutorial_dag.py took 0.149 seconds
[2025-10-09T07:27:42.155+0000] {processor.py:161} INFO - Started process (PID=2312) to work on /home/airflow/.local/lib/python3.8/site-packages/airflow/example_dags/tutorial_dag.py
[2025-10-09T07:27:42.158+0000] {processor.py:830} INFO - Processing file /home/airflow/.local/lib/python3.8/site-packages/airflow/example_dags/tutorial_dag.py for tasks to queue
[2025-10-09T07:27:42.160+0000] {logging_mixin.py:188} INFO - [2025-10-09T07:27:42.160+0000] {dagbag.py:538} INFO - Filling up the DagBag from /home/airflow/.local/lib/python3.8/site-packages/airflow/example_dags/tutorial_dag.py
[2025-10-09T07:27:42.172+0000] {processor.py:840} INFO - DAG(s) 'tutorial_dag' retrieved from /home/airflow/.local/lib/python3.8/site-packages/airflow/example_dags/tutorial_dag.py
[2025-10-09T07:27:42.226+0000] {logging_mixin.py:188} INFO - [2025-10-09T07:27:42.226+0000] {dag.py:3036} INFO - Sync 1 DAGs
[2025-10-09T07:27:42.255+0000] {logging_mixin.py:188} INFO - [2025-10-09T07:27:42.254+0000] {dag.py:3823} INFO - Setting next_dagrun for tutorial_dag to None, run_after=None
[2025-10-09T07:27:42.285+0000] {processor.py:183} INFO - Processing /home/airflow/.local/lib/python3.8/site-packages/airflow/example_dags/tutorial_dag.py took 0.136 seconds
[2025-10-09T07:28:13.494+0000] {processor.py:161} INFO - Started process (PID=2375) to work on /home/airflow/.local/lib/python3.8/site-packages/airflow/example_dags/tutorial_dag.py
[2025-10-09T07:28:13.496+0000] {processor.py:830} INFO - Processing file /home/airflow/.local/lib/python3.8/site-packages/airflow/example_dags/tutorial_dag.py for tasks to queue
[2025-10-09T07:28:13.497+0000] {logging_mixin.py:188} INFO - [2025-10-09T07:28:13.497+0000] {dagbag.py:538} INFO - Filling up the DagBag from /home/airflow/.local/lib/python3.8/site-packages/airflow/example_dags/tutorial_dag.py
[2025-10-09T07:28:13.506+0000] {processor.py:840} INFO - DAG(s) 'tutorial_dag' retrieved from /home/airflow/.local/lib/python3.8/site-packages/airflow/example_dags/tutorial_dag.py
[2025-10-09T07:28:13.538+0000] {logging_mixin.py:188} INFO - [2025-10-09T07:28:13.538+0000] {dag.py:3036} INFO - Sync 1 DAGs
[2025-10-09T07:28:13.567+0000] {logging_mixin.py:188} INFO - [2025-10-09T07:28:13.566+0000] {dag.py:3823} INFO - Setting next_dagrun for tutorial_dag to None, run_after=None
[2025-10-09T07:28:13.636+0000] {processor.py:183} INFO - Processing /home/airflow/.local/lib/python3.8/site-packages/airflow/example_dags/tutorial_dag.py took 0.150 seconds
[2025-10-09T07:28:43.969+0000] {processor.py:161} INFO - Started process (PID=2437) to work on /home/airflow/.local/lib/python3.8/site-packages/airflow/example_dags/tutorial_dag.py
[2025-10-09T07:28:43.971+0000] {processor.py:830} INFO - Processing file /home/airflow/.local/lib/python3.8/site-packages/airflow/example_dags/tutorial_dag.py for tasks to queue
[2025-10-09T07:28:43.972+0000] {logging_mixin.py:188} INFO - [2025-10-09T07:28:43.972+0000] {dagbag.py:538} INFO - Filling up the DagBag from /home/airflow/.local/lib/python3.8/site-packages/airflow/example_dags/tutorial_dag.py
[2025-10-09T07:28:43.981+0000] {processor.py:840} INFO - DAG(s) 'tutorial_dag' retrieved from /home/airflow/.local/lib/python3.8/site-packages/airflow/example_dags/tutorial_dag.py
[2025-10-09T07:28:44.017+0000] {logging_mixin.py:188} INFO - [2025-10-09T07:28:44.017+0000] {dag.py:3036} INFO - Sync 1 DAGs
[2025-10-09T07:28:44.037+0000] {logging_mixin.py:188} INFO - [2025-10-09T07:28:44.037+0000] {dag.py:3823} INFO - Setting next_dagrun for tutorial_dag to None, run_after=None
[2025-10-09T07:28:44.072+0000] {processor.py:183} INFO - Processing /home/airflow/.local/lib/python3.8/site-packages/airflow/example_dags/tutorial_dag.py took 0.108 seconds
[2025-10-09T07:29:15.302+0000] {processor.py:161} INFO - Started process (PID=2499) to work on /home/airflow/.local/lib/python3.8/site-packages/airflow/example_dags/tutorial_dag.py
[2025-10-09T07:29:15.304+0000] {processor.py:830} INFO - Processing file /home/airflow/.local/lib/python3.8/site-packages/airflow/example_dags/tutorial_dag.py for tasks to queue
[2025-10-09T07:29:15.305+0000] {logging_mixin.py:188} INFO - [2025-10-09T07:29:15.305+0000] {dagbag.py:538} INFO - Filling up the DagBag from /home/airflow/.local/lib/python3.8/site-packages/airflow/example_dags/tutorial_dag.py
[2025-10-09T07:29:15.312+0000] {processor.py:840} INFO - DAG(s) 'tutorial_dag' retrieved from /home/airflow/.local/lib/python3.8/site-packages/airflow/example_dags/tutorial_dag.py
[2025-10-09T07:29:15.345+0000] {logging_mixin.py:188} INFO - [2025-10-09T07:29:15.345+0000] {dag.py:3036} INFO - Sync 1 DAGs
[2025-10-09T07:29:15.361+0000] {logging_mixin.py:188} INFO - [2025-10-09T07:29:15.361+0000] {dag.py:3823} INFO - Setting next_dagrun for tutorial_dag to None, run_after=None
[2025-10-09T07:29:15.432+0000] {processor.py:183} INFO - Processing /home/airflow/.local/lib/python3.8/site-packages/airflow/example_dags/tutorial_dag.py took 0.134 seconds
[2025-10-09T07:29:45.929+0000] {processor.py:161} INFO - Started process (PID=2561) to work on /home/airflow/.local/lib/python3.8/site-packages/airflow/example_dags/tutorial_dag.py
[2025-10-09T07:29:45.932+0000] {processor.py:830} INFO - Processing file /home/airflow/.local/lib/python3.8/site-packages/airflow/example_dags/tutorial_dag.py for tasks to queue
[2025-10-09T07:29:45.934+0000] {logging_mixin.py:188} INFO - [2025-10-09T07:29:45.934+0000] {dagbag.py:538} INFO - Filling up the DagBag from /home/airflow/.local/lib/python3.8/site-packages/airflow/example_dags/tutorial_dag.py
[2025-10-09T07:29:45.950+0000] {processor.py:840} INFO - DAG(s) 'tutorial_dag' retrieved from /home/airflow/.local/lib/python3.8/site-packages/airflow/example_dags/tutorial_dag.py
[2025-10-09T07:29:46.006+0000] {logging_mixin.py:188} INFO - [2025-10-09T07:29:46.006+0000] {dag.py:3036} INFO - Sync 1 DAGs
[2025-10-09T07:29:46.022+0000] {logging_mixin.py:188} INFO - [2025-10-09T07:29:46.022+0000] {dag.py:3823} INFO - Setting next_dagrun for tutorial_dag to None, run_after=None
[2025-10-09T07:29:46.081+0000] {processor.py:183} INFO - Processing /home/airflow/.local/lib/python3.8/site-packages/airflow/example_dags/tutorial_dag.py took 0.160 seconds
[2025-10-09T07:30:16.197+0000] {processor.py:161} INFO - Started process (PID=2623) to work on /home/airflow/.local/lib/python3.8/site-packages/airflow/example_dags/tutorial_dag.py
[2025-10-09T07:30:16.198+0000] {processor.py:830} INFO - Processing file /home/airflow/.local/lib/python3.8/site-packages/airflow/example_dags/tutorial_dag.py for tasks to queue
[2025-10-09T07:30:16.200+0000] {logging_mixin.py:188} INFO - [2025-10-09T07:30:16.200+0000] {dagbag.py:538} INFO - Filling up the DagBag from /home/airflow/.local/lib/python3.8/site-packages/airflow/example_dags/tutorial_dag.py
[2025-10-09T07:30:16.208+0000] {processor.py:840} INFO - DAG(s) 'tutorial_dag' retrieved from /home/airflow/.local/lib/python3.8/site-packages/airflow/example_dags/tutorial_dag.py
[2025-10-09T07:30:16.240+0000] {logging_mixin.py:188} INFO - [2025-10-09T07:30:16.240+0000] {dag.py:3036} INFO - Sync 1 DAGs
[2025-10-09T07:30:16.256+0000] {logging_mixin.py:188} INFO - [2025-10-09T07:30:16.256+0000] {dag.py:3823} INFO - Setting next_dagrun for tutorial_dag to None, run_after=None
[2025-10-09T07:30:16.282+0000] {processor.py:183} INFO - Processing /home/airflow/.local/lib/python3.8/site-packages/airflow/example_dags/tutorial_dag.py took 0.090 seconds
[2025-10-09T07:30:47.361+0000] {processor.py:161} INFO - Started process (PID=2685) to work on /home/airflow/.local/lib/python3.8/site-packages/airflow/example_dags/tutorial_dag.py
[2025-10-09T07:30:47.363+0000] {processor.py:830} INFO - Processing file /home/airflow/.local/lib/python3.8/site-packages/airflow/example_dags/tutorial_dag.py for tasks to queue
[2025-10-09T07:30:47.364+0000] {logging_mixin.py:188} INFO - [2025-10-09T07:30:47.364+0000] {dagbag.py:538} INFO - Filling up the DagBag from /home/airflow/.local/lib/python3.8/site-packages/airflow/example_dags/tutorial_dag.py
[2025-10-09T07:30:47.372+0000] {processor.py:840} INFO - DAG(s) 'tutorial_dag' retrieved from /home/airflow/.local/lib/python3.8/site-packages/airflow/example_dags/tutorial_dag.py
[2025-10-09T07:30:47.404+0000] {logging_mixin.py:188} INFO - [2025-10-09T07:30:47.404+0000] {dag.py:3036} INFO - Sync 1 DAGs
[2025-10-09T07:30:47.421+0000] {logging_mixin.py:188} INFO - [2025-10-09T07:30:47.421+0000] {dag.py:3823} INFO - Setting next_dagrun for tutorial_dag to None, run_after=None
[2025-10-09T07:30:47.448+0000] {processor.py:183} INFO - Processing /home/airflow/.local/lib/python3.8/site-packages/airflow/example_dags/tutorial_dag.py took 0.091 seconds
[2025-10-09T07:31:18.588+0000] {processor.py:161} INFO - Started process (PID=2747) to work on /home/airflow/.local/lib/python3.8/site-packages/airflow/example_dags/tutorial_dag.py
[2025-10-09T07:31:18.590+0000] {processor.py:830} INFO - Processing file /home/airflow/.local/lib/python3.8/site-packages/airflow/example_dags/tutorial_dag.py for tasks to queue
[2025-10-09T07:31:18.592+0000] {logging_mixin.py:188} INFO - [2025-10-09T07:31:18.592+0000] {dagbag.py:538} INFO - Filling up the DagBag from /home/airflow/.local/lib/python3.8/site-packages/airflow/example_dags/tutorial_dag.py
[2025-10-09T07:31:18.605+0000] {processor.py:840} INFO - DAG(s) 'tutorial_dag' retrieved from /home/airflow/.local/lib/python3.8/site-packages/airflow/example_dags/tutorial_dag.py
[2025-10-09T07:31:18.653+0000] {logging_mixin.py:188} INFO - [2025-10-09T07:31:18.652+0000] {dag.py:3036} INFO - Sync 1 DAGs
[2025-10-09T07:31:18.674+0000] {logging_mixin.py:188} INFO - [2025-10-09T07:31:18.673+0000] {dag.py:3823} INFO - Setting next_dagrun for tutorial_dag to None, run_after=None
[2025-10-09T07:31:18.721+0000] {processor.py:183} INFO - Processing /home/airflow/.local/lib/python3.8/site-packages/airflow/example_dags/tutorial_dag.py took 0.139 seconds
[2025-10-09T07:31:49.203+0000] {processor.py:161} INFO - Started process (PID=2809) to work on /home/airflow/.local/lib/python3.8/site-packages/airflow/example_dags/tutorial_dag.py
[2025-10-09T07:31:49.204+0000] {processor.py:830} INFO - Processing file /home/airflow/.local/lib/python3.8/site-packages/airflow/example_dags/tutorial_dag.py for tasks to queue
[2025-10-09T07:31:49.206+0000] {logging_mixin.py:188} INFO - [2025-10-09T07:31:49.205+0000] {dagbag.py:538} INFO - Filling up the DagBag from /home/airflow/.local/lib/python3.8/site-packages/airflow/example_dags/tutorial_dag.py
[2025-10-09T07:31:49.212+0000] {processor.py:840} INFO - DAG(s) 'tutorial_dag' retrieved from /home/airflow/.local/lib/python3.8/site-packages/airflow/example_dags/tutorial_dag.py
[2025-10-09T07:31:49.243+0000] {logging_mixin.py:188} INFO - [2025-10-09T07:31:49.243+0000] {dag.py:3036} INFO - Sync 1 DAGs
[2025-10-09T07:31:49.259+0000] {logging_mixin.py:188} INFO - [2025-10-09T07:31:49.259+0000] {dag.py:3823} INFO - Setting next_dagrun for tutorial_dag to None, run_after=None
[2025-10-09T07:31:49.302+0000] {processor.py:183} INFO - Processing /home/airflow/.local/lib/python3.8/site-packages/airflow/example_dags/tutorial_dag.py took 0.103 seconds
[2025-10-09T07:32:20.053+0000] {processor.py:161} INFO - Started process (PID=2870) to work on /home/airflow/.local/lib/python3.8/site-packages/airflow/example_dags/tutorial_dag.py
[2025-10-09T07:32:20.055+0000] {processor.py:830} INFO - Processing file /home/airflow/.local/lib/python3.8/site-packages/airflow/example_dags/tutorial_dag.py for tasks to queue
[2025-10-09T07:32:20.056+0000] {logging_mixin.py:188} INFO - [2025-10-09T07:32:20.056+0000] {dagbag.py:538} INFO - Filling up the DagBag from /home/airflow/.local/lib/python3.8/site-packages/airflow/example_dags/tutorial_dag.py
[2025-10-09T07:32:20.062+0000] {processor.py:840} INFO - DAG(s) 'tutorial_dag' retrieved from /home/airflow/.local/lib/python3.8/site-packages/airflow/example_dags/tutorial_dag.py
[2025-10-09T07:32:20.097+0000] {logging_mixin.py:188} INFO - [2025-10-09T07:32:20.097+0000] {dag.py:3036} INFO - Sync 1 DAGs
[2025-10-09T07:32:20.283+0000] {logging_mixin.py:188} INFO - [2025-10-09T07:32:20.283+0000] {dag.py:3823} INFO - Setting next_dagrun for tutorial_dag to None, run_after=None
[2025-10-09T07:32:20.338+0000] {processor.py:183} INFO - Processing /home/airflow/.local/lib/python3.8/site-packages/airflow/example_dags/tutorial_dag.py took 0.289 seconds
[2025-10-09T07:32:51.228+0000] {processor.py:161} INFO - Started process (PID=2932) to work on /home/airflow/.local/lib/python3.8/site-packages/airflow/example_dags/tutorial_dag.py
[2025-10-09T07:32:51.230+0000] {processor.py:830} INFO - Processing file /home/airflow/.local/lib/python3.8/site-packages/airflow/example_dags/tutorial_dag.py for tasks to queue
[2025-10-09T07:32:51.233+0000] {logging_mixin.py:188} INFO - [2025-10-09T07:32:51.232+0000] {dagbag.py:538} INFO - Filling up the DagBag from /home/airflow/.local/lib/python3.8/site-packages/airflow/example_dags/tutorial_dag.py
[2025-10-09T07:32:51.243+0000] {processor.py:840} INFO - DAG(s) 'tutorial_dag' retrieved from /home/airflow/.local/lib/python3.8/site-packages/airflow/example_dags/tutorial_dag.py
[2025-10-09T07:32:51.277+0000] {logging_mixin.py:188} INFO - [2025-10-09T07:32:51.277+0000] {dag.py:3036} INFO - Sync 1 DAGs
[2025-10-09T07:32:51.294+0000] {logging_mixin.py:188} INFO - [2025-10-09T07:32:51.294+0000] {dag.py:3823} INFO - Setting next_dagrun for tutorial_dag to None, run_after=None
[2025-10-09T07:32:51.343+0000] {processor.py:183} INFO - Processing /home/airflow/.local/lib/python3.8/site-packages/airflow/example_dags/tutorial_dag.py took 0.122 seconds
[2025-10-09T07:33:22.143+0000] {processor.py:161} INFO - Started process (PID=2994) to work on /home/airflow/.local/lib/python3.8/site-packages/airflow/example_dags/tutorial_dag.py
[2025-10-09T07:33:22.145+0000] {processor.py:830} INFO - Processing file /home/airflow/.local/lib/python3.8/site-packages/airflow/example_dags/tutorial_dag.py for tasks to queue
[2025-10-09T07:33:22.146+0000] {logging_mixin.py:188} INFO - [2025-10-09T07:33:22.146+0000] {dagbag.py:538} INFO - Filling up the DagBag from /home/airflow/.local/lib/python3.8/site-packages/airflow/example_dags/tutorial_dag.py
[2025-10-09T07:33:22.155+0000] {processor.py:840} INFO - DAG(s) 'tutorial_dag' retrieved from /home/airflow/.local/lib/python3.8/site-packages/airflow/example_dags/tutorial_dag.py
[2025-10-09T07:33:22.195+0000] {logging_mixin.py:188} INFO - [2025-10-09T07:33:22.194+0000] {dag.py:3036} INFO - Sync 1 DAGs
[2025-10-09T07:33:22.219+0000] {logging_mixin.py:188} INFO - [2025-10-09T07:33:22.218+0000] {dag.py:3823} INFO - Setting next_dagrun for tutorial_dag to None, run_after=None
[2025-10-09T07:33:22.266+0000] {processor.py:183} INFO - Processing /home/airflow/.local/lib/python3.8/site-packages/airflow/example_dags/tutorial_dag.py took 0.127 seconds
[2025-10-09T07:33:52.939+0000] {processor.py:161} INFO - Started process (PID=3057) to work on /home/airflow/.local/lib/python3.8/site-packages/airflow/example_dags/tutorial_dag.py
[2025-10-09T07:33:52.942+0000] {processor.py:830} INFO - Processing file /home/airflow/.local/lib/python3.8/site-packages/airflow/example_dags/tutorial_dag.py for tasks to queue
[2025-10-09T07:33:52.944+0000] {logging_mixin.py:188} INFO - [2025-10-09T07:33:52.943+0000] {dagbag.py:538} INFO - Filling up the DagBag from /home/airflow/.local/lib/python3.8/site-packages/airflow/example_dags/tutorial_dag.py
[2025-10-09T07:33:52.953+0000] {processor.py:840} INFO - DAG(s) 'tutorial_dag' retrieved from /home/airflow/.local/lib/python3.8/site-packages/airflow/example_dags/tutorial_dag.py
[2025-10-09T07:33:53.000+0000] {logging_mixin.py:188} INFO - [2025-10-09T07:33:53.000+0000] {dag.py:3036} INFO - Sync 1 DAGs
[2025-10-09T07:33:53.020+0000] {logging_mixin.py:188} INFO - [2025-10-09T07:33:53.019+0000] {dag.py:3823} INFO - Setting next_dagrun for tutorial_dag to None, run_after=None
[2025-10-09T07:33:53.046+0000] {processor.py:183} INFO - Processing /home/airflow/.local/lib/python3.8/site-packages/airflow/example_dags/tutorial_dag.py took 0.114 seconds
[2025-10-09T07:34:23.698+0000] {processor.py:161} INFO - Started process (PID=3119) to work on /home/airflow/.local/lib/python3.8/site-packages/airflow/example_dags/tutorial_dag.py
[2025-10-09T07:34:23.710+0000] {processor.py:830} INFO - Processing file /home/airflow/.local/lib/python3.8/site-packages/airflow/example_dags/tutorial_dag.py for tasks to queue
[2025-10-09T07:34:23.714+0000] {logging_mixin.py:188} INFO - [2025-10-09T07:34:23.713+0000] {dagbag.py:538} INFO - Filling up the DagBag from /home/airflow/.local/lib/python3.8/site-packages/airflow/example_dags/tutorial_dag.py
[2025-10-09T07:34:23.737+0000] {processor.py:840} INFO - DAG(s) 'tutorial_dag' retrieved from /home/airflow/.local/lib/python3.8/site-packages/airflow/example_dags/tutorial_dag.py
[2025-10-09T07:34:23.812+0000] {logging_mixin.py:188} INFO - [2025-10-09T07:34:23.811+0000] {dag.py:3036} INFO - Sync 1 DAGs
[2025-10-09T07:34:23.846+0000] {logging_mixin.py:188} INFO - [2025-10-09T07:34:23.845+0000] {dag.py:3823} INFO - Setting next_dagrun for tutorial_dag to None, run_after=None
[2025-10-09T07:34:23.888+0000] {processor.py:183} INFO - Processing /home/airflow/.local/lib/python3.8/site-packages/airflow/example_dags/tutorial_dag.py took 0.199 seconds
[2025-10-09T07:34:54.073+0000] {processor.py:161} INFO - Started process (PID=3181) to work on /home/airflow/.local/lib/python3.8/site-packages/airflow/example_dags/tutorial_dag.py
[2025-10-09T07:34:54.074+0000] {processor.py:830} INFO - Processing file /home/airflow/.local/lib/python3.8/site-packages/airflow/example_dags/tutorial_dag.py for tasks to queue
[2025-10-09T07:34:54.076+0000] {logging_mixin.py:188} INFO - [2025-10-09T07:34:54.075+0000] {dagbag.py:538} INFO - Filling up the DagBag from /home/airflow/.local/lib/python3.8/site-packages/airflow/example_dags/tutorial_dag.py
[2025-10-09T07:34:54.083+0000] {processor.py:840} INFO - DAG(s) 'tutorial_dag' retrieved from /home/airflow/.local/lib/python3.8/site-packages/airflow/example_dags/tutorial_dag.py
[2025-10-09T07:34:54.124+0000] {logging_mixin.py:188} INFO - [2025-10-09T07:34:54.124+0000] {dag.py:3036} INFO - Sync 1 DAGs
[2025-10-09T07:34:54.142+0000] {logging_mixin.py:188} INFO - [2025-10-09T07:34:54.142+0000] {dag.py:3823} INFO - Setting next_dagrun for tutorial_dag to None, run_after=None
[2025-10-09T07:34:54.191+0000] {processor.py:183} INFO - Processing /home/airflow/.local/lib/python3.8/site-packages/airflow/example_dags/tutorial_dag.py took 0.124 seconds
[2025-10-09T07:35:24.422+0000] {processor.py:161} INFO - Started process (PID=3243) to work on /home/airflow/.local/lib/python3.8/site-packages/airflow/example_dags/tutorial_dag.py
[2025-10-09T07:35:24.427+0000] {processor.py:830} INFO - Processing file /home/airflow/.local/lib/python3.8/site-packages/airflow/example_dags/tutorial_dag.py for tasks to queue
[2025-10-09T07:35:24.431+0000] {logging_mixin.py:188} INFO - [2025-10-09T07:35:24.430+0000] {dagbag.py:538} INFO - Filling up the DagBag from /home/airflow/.local/lib/python3.8/site-packages/airflow/example_dags/tutorial_dag.py
[2025-10-09T07:35:24.447+0000] {processor.py:840} INFO - DAG(s) 'tutorial_dag' retrieved from /home/airflow/.local/lib/python3.8/site-packages/airflow/example_dags/tutorial_dag.py
[2025-10-09T07:35:24.494+0000] {logging_mixin.py:188} INFO - [2025-10-09T07:35:24.494+0000] {dag.py:3036} INFO - Sync 1 DAGs
[2025-10-09T07:35:24.515+0000] {logging_mixin.py:188} INFO - [2025-10-09T07:35:24.514+0000] {dag.py:3823} INFO - Setting next_dagrun for tutorial_dag to None, run_after=None
[2025-10-09T07:35:24.567+0000] {processor.py:183} INFO - Processing /home/airflow/.local/lib/python3.8/site-packages/airflow/example_dags/tutorial_dag.py took 0.173 seconds
[2025-10-09T07:35:54.660+0000] {processor.py:161} INFO - Started process (PID=3305) to work on /home/airflow/.local/lib/python3.8/site-packages/airflow/example_dags/tutorial_dag.py
[2025-10-09T07:35:54.662+0000] {processor.py:830} INFO - Processing file /home/airflow/.local/lib/python3.8/site-packages/airflow/example_dags/tutorial_dag.py for tasks to queue
[2025-10-09T07:35:54.663+0000] {logging_mixin.py:188} INFO - [2025-10-09T07:35:54.663+0000] {dagbag.py:538} INFO - Filling up the DagBag from /home/airflow/.local/lib/python3.8/site-packages/airflow/example_dags/tutorial_dag.py
[2025-10-09T07:35:54.671+0000] {processor.py:840} INFO - DAG(s) 'tutorial_dag' retrieved from /home/airflow/.local/lib/python3.8/site-packages/airflow/example_dags/tutorial_dag.py
[2025-10-09T07:35:54.709+0000] {logging_mixin.py:188} INFO - [2025-10-09T07:35:54.709+0000] {dag.py:3036} INFO - Sync 1 DAGs
[2025-10-09T07:35:54.736+0000] {logging_mixin.py:188} INFO - [2025-10-09T07:35:54.736+0000] {dag.py:3823} INFO - Setting next_dagrun for tutorial_dag to None, run_after=None
[2025-10-09T07:35:54.765+0000] {processor.py:183} INFO - Processing /home/airflow/.local/lib/python3.8/site-packages/airflow/example_dags/tutorial_dag.py took 0.110 seconds
[2025-10-09T08:42:57.356+0000] {processor.py:161} INFO - Started process (PID=3376) to work on /home/airflow/.local/lib/python3.8/site-packages/airflow/example_dags/tutorial_dag.py
[2025-10-09T08:42:57.358+0000] {processor.py:830} INFO - Processing file /home/airflow/.local/lib/python3.8/site-packages/airflow/example_dags/tutorial_dag.py for tasks to queue
[2025-10-09T08:42:57.360+0000] {logging_mixin.py:188} INFO - [2025-10-09T08:42:57.359+0000] {dagbag.py:538} INFO - Filling up the DagBag from /home/airflow/.local/lib/python3.8/site-packages/airflow/example_dags/tutorial_dag.py
[2025-10-09T08:42:57.370+0000] {processor.py:840} INFO - DAG(s) 'tutorial_dag' retrieved from /home/airflow/.local/lib/python3.8/site-packages/airflow/example_dags/tutorial_dag.py
[2025-10-09T08:42:57.413+0000] {logging_mixin.py:188} INFO - [2025-10-09T08:42:57.413+0000] {dag.py:3036} INFO - Sync 1 DAGs
[2025-10-09T08:42:57.443+0000] {logging_mixin.py:188} INFO - [2025-10-09T08:42:57.442+0000] {dag.py:3823} INFO - Setting next_dagrun for tutorial_dag to None, run_after=None
[2025-10-09T08:42:57.495+0000] {processor.py:183} INFO - Processing /home/airflow/.local/lib/python3.8/site-packages/airflow/example_dags/tutorial_dag.py took 0.148 seconds
[2025-10-09T08:43:28.501+0000] {processor.py:161} INFO - Started process (PID=3438) to work on /home/airflow/.local/lib/python3.8/site-packages/airflow/example_dags/tutorial_dag.py
[2025-10-09T08:43:28.503+0000] {processor.py:830} INFO - Processing file /home/airflow/.local/lib/python3.8/site-packages/airflow/example_dags/tutorial_dag.py for tasks to queue
[2025-10-09T08:43:28.504+0000] {logging_mixin.py:188} INFO - [2025-10-09T08:43:28.504+0000] {dagbag.py:538} INFO - Filling up the DagBag from /home/airflow/.local/lib/python3.8/site-packages/airflow/example_dags/tutorial_dag.py
[2025-10-09T08:43:28.510+0000] {processor.py:840} INFO - DAG(s) 'tutorial_dag' retrieved from /home/airflow/.local/lib/python3.8/site-packages/airflow/example_dags/tutorial_dag.py
[2025-10-09T08:43:28.540+0000] {logging_mixin.py:188} INFO - [2025-10-09T08:43:28.540+0000] {dag.py:3036} INFO - Sync 1 DAGs
[2025-10-09T08:43:28.558+0000] {logging_mixin.py:188} INFO - [2025-10-09T08:43:28.558+0000] {dag.py:3823} INFO - Setting next_dagrun for tutorial_dag to None, run_after=None
[2025-10-09T08:43:28.583+0000] {processor.py:183} INFO - Processing /home/airflow/.local/lib/python3.8/site-packages/airflow/example_dags/tutorial_dag.py took 0.086 seconds
[2025-10-09T08:43:58.759+0000] {processor.py:161} INFO - Started process (PID=3499) to work on /home/airflow/.local/lib/python3.8/site-packages/airflow/example_dags/tutorial_dag.py
[2025-10-09T08:43:58.760+0000] {processor.py:830} INFO - Processing file /home/airflow/.local/lib/python3.8/site-packages/airflow/example_dags/tutorial_dag.py for tasks to queue
[2025-10-09T08:43:58.761+0000] {logging_mixin.py:188} INFO - [2025-10-09T08:43:58.761+0000] {dagbag.py:538} INFO - Filling up the DagBag from /home/airflow/.local/lib/python3.8/site-packages/airflow/example_dags/tutorial_dag.py
[2025-10-09T08:43:58.767+0000] {processor.py:840} INFO - DAG(s) 'tutorial_dag' retrieved from /home/airflow/.local/lib/python3.8/site-packages/airflow/example_dags/tutorial_dag.py
[2025-10-09T08:43:58.795+0000] {logging_mixin.py:188} INFO - [2025-10-09T08:43:58.795+0000] {dag.py:3036} INFO - Sync 1 DAGs
[2025-10-09T08:43:58.809+0000] {logging_mixin.py:188} INFO - [2025-10-09T08:43:58.809+0000] {dag.py:3823} INFO - Setting next_dagrun for tutorial_dag to None, run_after=None
[2025-10-09T08:43:58.840+0000] {processor.py:183} INFO - Processing /home/airflow/.local/lib/python3.8/site-packages/airflow/example_dags/tutorial_dag.py took 0.085 seconds
[2025-10-09T08:44:29.203+0000] {processor.py:161} INFO - Started process (PID=3561) to work on /home/airflow/.local/lib/python3.8/site-packages/airflow/example_dags/tutorial_dag.py
[2025-10-09T08:44:29.205+0000] {processor.py:830} INFO - Processing file /home/airflow/.local/lib/python3.8/site-packages/airflow/example_dags/tutorial_dag.py for tasks to queue
[2025-10-09T08:44:29.207+0000] {logging_mixin.py:188} INFO - [2025-10-09T08:44:29.206+0000] {dagbag.py:538} INFO - Filling up the DagBag from /home/airflow/.local/lib/python3.8/site-packages/airflow/example_dags/tutorial_dag.py
[2025-10-09T08:44:29.214+0000] {processor.py:840} INFO - DAG(s) 'tutorial_dag' retrieved from /home/airflow/.local/lib/python3.8/site-packages/airflow/example_dags/tutorial_dag.py
[2025-10-09T08:44:29.252+0000] {logging_mixin.py:188} INFO - [2025-10-09T08:44:29.252+0000] {dag.py:3036} INFO - Sync 1 DAGs
[2025-10-09T08:44:29.270+0000] {logging_mixin.py:188} INFO - [2025-10-09T08:44:29.270+0000] {dag.py:3823} INFO - Setting next_dagrun for tutorial_dag to None, run_after=None
[2025-10-09T08:44:29.299+0000] {processor.py:183} INFO - Processing /home/airflow/.local/lib/python3.8/site-packages/airflow/example_dags/tutorial_dag.py took 0.101 seconds
[2025-10-09T08:44:59.604+0000] {processor.py:161} INFO - Started process (PID=3623) to work on /home/airflow/.local/lib/python3.8/site-packages/airflow/example_dags/tutorial_dag.py
[2025-10-09T08:44:59.606+0000] {processor.py:830} INFO - Processing file /home/airflow/.local/lib/python3.8/site-packages/airflow/example_dags/tutorial_dag.py for tasks to queue
[2025-10-09T08:44:59.608+0000] {logging_mixin.py:188} INFO - [2025-10-09T08:44:59.608+0000] {dagbag.py:538} INFO - Filling up the DagBag from /home/airflow/.local/lib/python3.8/site-packages/airflow/example_dags/tutorial_dag.py
[2025-10-09T08:44:59.619+0000] {processor.py:840} INFO - DAG(s) 'tutorial_dag' retrieved from /home/airflow/.local/lib/python3.8/site-packages/airflow/example_dags/tutorial_dag.py
[2025-10-09T08:44:59.673+0000] {logging_mixin.py:188} INFO - [2025-10-09T08:44:59.672+0000] {dag.py:3036} INFO - Sync 1 DAGs
[2025-10-09T08:44:59.705+0000] {logging_mixin.py:188} INFO - [2025-10-09T08:44:59.704+0000] {dag.py:3823} INFO - Setting next_dagrun for tutorial_dag to None, run_after=None
[2025-10-09T08:44:59.742+0000] {processor.py:183} INFO - Processing /home/airflow/.local/lib/python3.8/site-packages/airflow/example_dags/tutorial_dag.py took 0.144 seconds
[2025-10-09T08:45:30.059+0000] {processor.py:161} INFO - Started process (PID=3685) to work on /home/airflow/.local/lib/python3.8/site-packages/airflow/example_dags/tutorial_dag.py
[2025-10-09T08:45:30.060+0000] {processor.py:830} INFO - Processing file /home/airflow/.local/lib/python3.8/site-packages/airflow/example_dags/tutorial_dag.py for tasks to queue
[2025-10-09T08:45:30.062+0000] {logging_mixin.py:188} INFO - [2025-10-09T08:45:30.062+0000] {dagbag.py:538} INFO - Filling up the DagBag from /home/airflow/.local/lib/python3.8/site-packages/airflow/example_dags/tutorial_dag.py
[2025-10-09T08:45:30.070+0000] {processor.py:840} INFO - DAG(s) 'tutorial_dag' retrieved from /home/airflow/.local/lib/python3.8/site-packages/airflow/example_dags/tutorial_dag.py
[2025-10-09T08:45:30.112+0000] {logging_mixin.py:188} INFO - [2025-10-09T08:45:30.112+0000] {dag.py:3036} INFO - Sync 1 DAGs
[2025-10-09T08:45:30.134+0000] {logging_mixin.py:188} INFO - [2025-10-09T08:45:30.133+0000] {dag.py:3823} INFO - Setting next_dagrun for tutorial_dag to None, run_after=None
[2025-10-09T08:45:30.167+0000] {processor.py:183} INFO - Processing /home/airflow/.local/lib/python3.8/site-packages/airflow/example_dags/tutorial_dag.py took 0.114 seconds
[2025-10-09T08:46:01.077+0000] {processor.py:161} INFO - Started process (PID=3747) to work on /home/airflow/.local/lib/python3.8/site-packages/airflow/example_dags/tutorial_dag.py
[2025-10-09T08:46:01.078+0000] {processor.py:830} INFO - Processing file /home/airflow/.local/lib/python3.8/site-packages/airflow/example_dags/tutorial_dag.py for tasks to queue
[2025-10-09T08:46:01.080+0000] {logging_mixin.py:188} INFO - [2025-10-09T08:46:01.080+0000] {dagbag.py:538} INFO - Filling up the DagBag from /home/airflow/.local/lib/python3.8/site-packages/airflow/example_dags/tutorial_dag.py
[2025-10-09T08:46:01.088+0000] {processor.py:840} INFO - DAG(s) 'tutorial_dag' retrieved from /home/airflow/.local/lib/python3.8/site-packages/airflow/example_dags/tutorial_dag.py
[2025-10-09T08:46:01.128+0000] {logging_mixin.py:188} INFO - [2025-10-09T08:46:01.128+0000] {dag.py:3036} INFO - Sync 1 DAGs
[2025-10-09T08:46:01.148+0000] {logging_mixin.py:188} INFO - [2025-10-09T08:46:01.148+0000] {dag.py:3823} INFO - Setting next_dagrun for tutorial_dag to None, run_after=None
[2025-10-09T08:46:01.179+0000] {processor.py:183} INFO - Processing /home/airflow/.local/lib/python3.8/site-packages/airflow/example_dags/tutorial_dag.py took 0.107 seconds
[2025-10-09T08:46:31.738+0000] {processor.py:161} INFO - Started process (PID=3809) to work on /home/airflow/.local/lib/python3.8/site-packages/airflow/example_dags/tutorial_dag.py
[2025-10-09T08:46:31.740+0000] {processor.py:830} INFO - Processing file /home/airflow/.local/lib/python3.8/site-packages/airflow/example_dags/tutorial_dag.py for tasks to queue
[2025-10-09T08:46:31.741+0000] {logging_mixin.py:188} INFO - [2025-10-09T08:46:31.741+0000] {dagbag.py:538} INFO - Filling up the DagBag from /home/airflow/.local/lib/python3.8/site-packages/airflow/example_dags/tutorial_dag.py
[2025-10-09T08:46:31.748+0000] {processor.py:840} INFO - DAG(s) 'tutorial_dag' retrieved from /home/airflow/.local/lib/python3.8/site-packages/airflow/example_dags/tutorial_dag.py
[2025-10-09T08:46:31.783+0000] {logging_mixin.py:188} INFO - [2025-10-09T08:46:31.783+0000] {dag.py:3036} INFO - Sync 1 DAGs
[2025-10-09T08:46:31.802+0000] {logging_mixin.py:188} INFO - [2025-10-09T08:46:31.802+0000] {dag.py:3823} INFO - Setting next_dagrun for tutorial_dag to None, run_after=None
[2025-10-09T08:46:31.829+0000] {processor.py:183} INFO - Processing /home/airflow/.local/lib/python3.8/site-packages/airflow/example_dags/tutorial_dag.py took 0.096 seconds
[2025-10-09T08:47:02.691+0000] {processor.py:161} INFO - Started process (PID=3871) to work on /home/airflow/.local/lib/python3.8/site-packages/airflow/example_dags/tutorial_dag.py
[2025-10-09T08:47:02.693+0000] {processor.py:830} INFO - Processing file /home/airflow/.local/lib/python3.8/site-packages/airflow/example_dags/tutorial_dag.py for tasks to queue
[2025-10-09T08:47:02.695+0000] {logging_mixin.py:188} INFO - [2025-10-09T08:47:02.694+0000] {dagbag.py:538} INFO - Filling up the DagBag from /home/airflow/.local/lib/python3.8/site-packages/airflow/example_dags/tutorial_dag.py
[2025-10-09T08:47:02.702+0000] {processor.py:840} INFO - DAG(s) 'tutorial_dag' retrieved from /home/airflow/.local/lib/python3.8/site-packages/airflow/example_dags/tutorial_dag.py
[2025-10-09T08:47:02.737+0000] {logging_mixin.py:188} INFO - [2025-10-09T08:47:02.736+0000] {dag.py:3036} INFO - Sync 1 DAGs
[2025-10-09T08:47:02.754+0000] {logging_mixin.py:188} INFO - [2025-10-09T08:47:02.753+0000] {dag.py:3823} INFO - Setting next_dagrun for tutorial_dag to None, run_after=None
[2025-10-09T08:47:02.780+0000] {processor.py:183} INFO - Processing /home/airflow/.local/lib/python3.8/site-packages/airflow/example_dags/tutorial_dag.py took 0.095 seconds
[2025-10-09T08:47:33.327+0000] {processor.py:161} INFO - Started process (PID=3933) to work on /home/airflow/.local/lib/python3.8/site-packages/airflow/example_dags/tutorial_dag.py
[2025-10-09T08:47:33.328+0000] {processor.py:830} INFO - Processing file /home/airflow/.local/lib/python3.8/site-packages/airflow/example_dags/tutorial_dag.py for tasks to queue
[2025-10-09T08:47:33.330+0000] {logging_mixin.py:188} INFO - [2025-10-09T08:47:33.330+0000] {dagbag.py:538} INFO - Filling up the DagBag from /home/airflow/.local/lib/python3.8/site-packages/airflow/example_dags/tutorial_dag.py
[2025-10-09T08:47:33.337+0000] {processor.py:840} INFO - DAG(s) 'tutorial_dag' retrieved from /home/airflow/.local/lib/python3.8/site-packages/airflow/example_dags/tutorial_dag.py
[2025-10-09T08:47:33.370+0000] {logging_mixin.py:188} INFO - [2025-10-09T08:47:33.370+0000] {dag.py:3036} INFO - Sync 1 DAGs
[2025-10-09T08:47:33.387+0000] {logging_mixin.py:188} INFO - [2025-10-09T08:47:33.387+0000] {dag.py:3823} INFO - Setting next_dagrun for tutorial_dag to None, run_after=None
[2025-10-09T08:47:33.436+0000] {processor.py:183} INFO - Processing /home/airflow/.local/lib/python3.8/site-packages/airflow/example_dags/tutorial_dag.py took 0.114 seconds
[2025-10-09T08:48:04.158+0000] {processor.py:161} INFO - Started process (PID=3995) to work on /home/airflow/.local/lib/python3.8/site-packages/airflow/example_dags/tutorial_dag.py
[2025-10-09T08:48:04.159+0000] {processor.py:830} INFO - Processing file /home/airflow/.local/lib/python3.8/site-packages/airflow/example_dags/tutorial_dag.py for tasks to queue
[2025-10-09T08:48:04.161+0000] {logging_mixin.py:188} INFO - [2025-10-09T08:48:04.161+0000] {dagbag.py:538} INFO - Filling up the DagBag from /home/airflow/.local/lib/python3.8/site-packages/airflow/example_dags/tutorial_dag.py
[2025-10-09T08:48:04.168+0000] {processor.py:840} INFO - DAG(s) 'tutorial_dag' retrieved from /home/airflow/.local/lib/python3.8/site-packages/airflow/example_dags/tutorial_dag.py
[2025-10-09T08:48:04.202+0000] {logging_mixin.py:188} INFO - [2025-10-09T08:48:04.202+0000] {dag.py:3036} INFO - Sync 1 DAGs
[2025-10-09T08:48:04.222+0000] {logging_mixin.py:188} INFO - [2025-10-09T08:48:04.222+0000] {dag.py:3823} INFO - Setting next_dagrun for tutorial_dag to None, run_after=None
[2025-10-09T08:48:04.292+0000] {processor.py:183} INFO - Processing /home/airflow/.local/lib/python3.8/site-packages/airflow/example_dags/tutorial_dag.py took 0.139 seconds
[2025-10-09T08:48:34.629+0000] {processor.py:161} INFO - Started process (PID=4057) to work on /home/airflow/.local/lib/python3.8/site-packages/airflow/example_dags/tutorial_dag.py
[2025-10-09T08:48:34.631+0000] {processor.py:830} INFO - Processing file /home/airflow/.local/lib/python3.8/site-packages/airflow/example_dags/tutorial_dag.py for tasks to queue
[2025-10-09T08:48:34.632+0000] {logging_mixin.py:188} INFO - [2025-10-09T08:48:34.632+0000] {dagbag.py:538} INFO - Filling up the DagBag from /home/airflow/.local/lib/python3.8/site-packages/airflow/example_dags/tutorial_dag.py
[2025-10-09T08:48:34.652+0000] {processor.py:840} INFO - DAG(s) 'tutorial_dag' retrieved from /home/airflow/.local/lib/python3.8/site-packages/airflow/example_dags/tutorial_dag.py
[2025-10-09T08:48:34.715+0000] {logging_mixin.py:188} INFO - [2025-10-09T08:48:34.715+0000] {dag.py:3036} INFO - Sync 1 DAGs
[2025-10-09T08:48:34.735+0000] {logging_mixin.py:188} INFO - [2025-10-09T08:48:34.735+0000] {dag.py:3823} INFO - Setting next_dagrun for tutorial_dag to None, run_after=None
[2025-10-09T08:48:34.782+0000] {processor.py:183} INFO - Processing /home/airflow/.local/lib/python3.8/site-packages/airflow/example_dags/tutorial_dag.py took 0.159 seconds
[2025-10-09T08:49:05.518+0000] {processor.py:161} INFO - Started process (PID=4125) to work on /home/airflow/.local/lib/python3.8/site-packages/airflow/example_dags/tutorial_dag.py
[2025-10-09T08:49:05.520+0000] {processor.py:830} INFO - Processing file /home/airflow/.local/lib/python3.8/site-packages/airflow/example_dags/tutorial_dag.py for tasks to queue
[2025-10-09T08:49:05.522+0000] {logging_mixin.py:188} INFO - [2025-10-09T08:49:05.521+0000] {dagbag.py:538} INFO - Filling up the DagBag from /home/airflow/.local/lib/python3.8/site-packages/airflow/example_dags/tutorial_dag.py
[2025-10-09T08:49:05.530+0000] {processor.py:840} INFO - DAG(s) 'tutorial_dag' retrieved from /home/airflow/.local/lib/python3.8/site-packages/airflow/example_dags/tutorial_dag.py
[2025-10-09T08:49:05.571+0000] {logging_mixin.py:188} INFO - [2025-10-09T08:49:05.571+0000] {dag.py:3036} INFO - Sync 1 DAGs
[2025-10-09T08:49:05.593+0000] {logging_mixin.py:188} INFO - [2025-10-09T08:49:05.592+0000] {dag.py:3823} INFO - Setting next_dagrun for tutorial_dag to None, run_after=None
[2025-10-09T08:49:05.648+0000] {processor.py:183} INFO - Processing /home/airflow/.local/lib/python3.8/site-packages/airflow/example_dags/tutorial_dag.py took 0.135 seconds
[2025-10-09T08:49:36.533+0000] {processor.py:161} INFO - Started process (PID=4188) to work on /home/airflow/.local/lib/python3.8/site-packages/airflow/example_dags/tutorial_dag.py
[2025-10-09T08:49:36.535+0000] {processor.py:830} INFO - Processing file /home/airflow/.local/lib/python3.8/site-packages/airflow/example_dags/tutorial_dag.py for tasks to queue
[2025-10-09T08:49:36.538+0000] {logging_mixin.py:188} INFO - [2025-10-09T08:49:36.537+0000] {dagbag.py:538} INFO - Filling up the DagBag from /home/airflow/.local/lib/python3.8/site-packages/airflow/example_dags/tutorial_dag.py
[2025-10-09T08:49:36.553+0000] {processor.py:840} INFO - DAG(s) 'tutorial_dag' retrieved from /home/airflow/.local/lib/python3.8/site-packages/airflow/example_dags/tutorial_dag.py
[2025-10-09T08:49:36.616+0000] {logging_mixin.py:188} INFO - [2025-10-09T08:49:36.615+0000] {dag.py:3036} INFO - Sync 1 DAGs
[2025-10-09T08:49:36.653+0000] {logging_mixin.py:188} INFO - [2025-10-09T08:49:36.652+0000] {dag.py:3823} INFO - Setting next_dagrun for tutorial_dag to None, run_after=None
[2025-10-09T08:49:36.687+0000] {processor.py:183} INFO - Processing /home/airflow/.local/lib/python3.8/site-packages/airflow/example_dags/tutorial_dag.py took 0.161 seconds
[2025-10-09T08:50:07.623+0000] {processor.py:161} INFO - Started process (PID=4249) to work on /home/airflow/.local/lib/python3.8/site-packages/airflow/example_dags/tutorial_dag.py
[2025-10-09T08:50:07.625+0000] {processor.py:830} INFO - Processing file /home/airflow/.local/lib/python3.8/site-packages/airflow/example_dags/tutorial_dag.py for tasks to queue
[2025-10-09T08:50:07.626+0000] {logging_mixin.py:188} INFO - [2025-10-09T08:50:07.626+0000] {dagbag.py:538} INFO - Filling up the DagBag from /home/airflow/.local/lib/python3.8/site-packages/airflow/example_dags/tutorial_dag.py
[2025-10-09T08:50:07.633+0000] {processor.py:840} INFO - DAG(s) 'tutorial_dag' retrieved from /home/airflow/.local/lib/python3.8/site-packages/airflow/example_dags/tutorial_dag.py
[2025-10-09T08:50:07.668+0000] {logging_mixin.py:188} INFO - [2025-10-09T08:50:07.668+0000] {dag.py:3036} INFO - Sync 1 DAGs
[2025-10-09T08:50:07.690+0000] {logging_mixin.py:188} INFO - [2025-10-09T08:50:07.689+0000] {dag.py:3823} INFO - Setting next_dagrun for tutorial_dag to None, run_after=None
[2025-10-09T08:50:07.738+0000] {processor.py:183} INFO - Processing /home/airflow/.local/lib/python3.8/site-packages/airflow/example_dags/tutorial_dag.py took 0.119 seconds
[2025-10-09T08:50:38.012+0000] {processor.py:161} INFO - Started process (PID=4311) to work on /home/airflow/.local/lib/python3.8/site-packages/airflow/example_dags/tutorial_dag.py
[2025-10-09T08:50:38.014+0000] {processor.py:830} INFO - Processing file /home/airflow/.local/lib/python3.8/site-packages/airflow/example_dags/tutorial_dag.py for tasks to queue
[2025-10-09T08:50:38.016+0000] {logging_mixin.py:188} INFO - [2025-10-09T08:50:38.016+0000] {dagbag.py:538} INFO - Filling up the DagBag from /home/airflow/.local/lib/python3.8/site-packages/airflow/example_dags/tutorial_dag.py
[2025-10-09T08:50:38.027+0000] {processor.py:840} INFO - DAG(s) 'tutorial_dag' retrieved from /home/airflow/.local/lib/python3.8/site-packages/airflow/example_dags/tutorial_dag.py
[2025-10-09T08:50:38.073+0000] {logging_mixin.py:188} INFO - [2025-10-09T08:50:38.073+0000] {dag.py:3036} INFO - Sync 1 DAGs
[2025-10-09T08:50:38.103+0000] {logging_mixin.py:188} INFO - [2025-10-09T08:50:38.103+0000] {dag.py:3823} INFO - Setting next_dagrun for tutorial_dag to None, run_after=None
[2025-10-09T08:50:38.170+0000] {processor.py:183} INFO - Processing /home/airflow/.local/lib/python3.8/site-packages/airflow/example_dags/tutorial_dag.py took 0.165 seconds
[2025-10-09T08:51:08.561+0000] {processor.py:161} INFO - Started process (PID=4373) to work on /home/airflow/.local/lib/python3.8/site-packages/airflow/example_dags/tutorial_dag.py
[2025-10-09T08:51:08.563+0000] {processor.py:830} INFO - Processing file /home/airflow/.local/lib/python3.8/site-packages/airflow/example_dags/tutorial_dag.py for tasks to queue
[2025-10-09T08:51:08.565+0000] {logging_mixin.py:188} INFO - [2025-10-09T08:51:08.564+0000] {dagbag.py:538} INFO - Filling up the DagBag from /home/airflow/.local/lib/python3.8/site-packages/airflow/example_dags/tutorial_dag.py
[2025-10-09T08:51:08.574+0000] {processor.py:840} INFO - DAG(s) 'tutorial_dag' retrieved from /home/airflow/.local/lib/python3.8/site-packages/airflow/example_dags/tutorial_dag.py
[2025-10-09T08:51:08.616+0000] {logging_mixin.py:188} INFO - [2025-10-09T08:51:08.616+0000] {dag.py:3036} INFO - Sync 1 DAGs
[2025-10-09T08:51:08.639+0000] {logging_mixin.py:188} INFO - [2025-10-09T08:51:08.639+0000] {dag.py:3823} INFO - Setting next_dagrun for tutorial_dag to None, run_after=None
[2025-10-09T08:51:08.673+0000] {processor.py:183} INFO - Processing /home/airflow/.local/lib/python3.8/site-packages/airflow/example_dags/tutorial_dag.py took 0.118 seconds
[2025-10-09T08:51:39.396+0000] {processor.py:161} INFO - Started process (PID=4435) to work on /home/airflow/.local/lib/python3.8/site-packages/airflow/example_dags/tutorial_dag.py
[2025-10-09T08:51:39.397+0000] {processor.py:830} INFO - Processing file /home/airflow/.local/lib/python3.8/site-packages/airflow/example_dags/tutorial_dag.py for tasks to queue
[2025-10-09T08:51:39.399+0000] {logging_mixin.py:188} INFO - [2025-10-09T08:51:39.399+0000] {dagbag.py:538} INFO - Filling up the DagBag from /home/airflow/.local/lib/python3.8/site-packages/airflow/example_dags/tutorial_dag.py
[2025-10-09T08:51:39.408+0000] {processor.py:840} INFO - DAG(s) 'tutorial_dag' retrieved from /home/airflow/.local/lib/python3.8/site-packages/airflow/example_dags/tutorial_dag.py
[2025-10-09T08:51:39.452+0000] {logging_mixin.py:188} INFO - [2025-10-09T08:51:39.451+0000] {dag.py:3036} INFO - Sync 1 DAGs
[2025-10-09T08:51:39.475+0000] {logging_mixin.py:188} INFO - [2025-10-09T08:51:39.474+0000] {dag.py:3823} INFO - Setting next_dagrun for tutorial_dag to None, run_after=None
[2025-10-09T08:51:39.524+0000] {processor.py:183} INFO - Processing /home/airflow/.local/lib/python3.8/site-packages/airflow/example_dags/tutorial_dag.py took 0.133 seconds
[2025-10-09T08:52:09.896+0000] {processor.py:161} INFO - Started process (PID=4497) to work on /home/airflow/.local/lib/python3.8/site-packages/airflow/example_dags/tutorial_dag.py
[2025-10-09T08:52:09.898+0000] {processor.py:830} INFO - Processing file /home/airflow/.local/lib/python3.8/site-packages/airflow/example_dags/tutorial_dag.py for tasks to queue
[2025-10-09T08:52:09.900+0000] {logging_mixin.py:188} INFO - [2025-10-09T08:52:09.900+0000] {dagbag.py:538} INFO - Filling up the DagBag from /home/airflow/.local/lib/python3.8/site-packages/airflow/example_dags/tutorial_dag.py
[2025-10-09T08:52:09.908+0000] {processor.py:840} INFO - DAG(s) 'tutorial_dag' retrieved from /home/airflow/.local/lib/python3.8/site-packages/airflow/example_dags/tutorial_dag.py
[2025-10-09T08:52:09.949+0000] {logging_mixin.py:188} INFO - [2025-10-09T08:52:09.949+0000] {dag.py:3036} INFO - Sync 1 DAGs
[2025-10-09T08:52:09.972+0000] {logging_mixin.py:188} INFO - [2025-10-09T08:52:09.971+0000] {dag.py:3823} INFO - Setting next_dagrun for tutorial_dag to None, run_after=None
[2025-10-09T08:52:10.010+0000] {processor.py:183} INFO - Processing /home/airflow/.local/lib/python3.8/site-packages/airflow/example_dags/tutorial_dag.py took 0.119 seconds
[2025-10-09T08:52:41.011+0000] {processor.py:161} INFO - Started process (PID=4559) to work on /home/airflow/.local/lib/python3.8/site-packages/airflow/example_dags/tutorial_dag.py
[2025-10-09T08:52:41.012+0000] {processor.py:830} INFO - Processing file /home/airflow/.local/lib/python3.8/site-packages/airflow/example_dags/tutorial_dag.py for tasks to queue
[2025-10-09T08:52:41.014+0000] {logging_mixin.py:188} INFO - [2025-10-09T08:52:41.014+0000] {dagbag.py:538} INFO - Filling up the DagBag from /home/airflow/.local/lib/python3.8/site-packages/airflow/example_dags/tutorial_dag.py
[2025-10-09T08:52:41.021+0000] {processor.py:840} INFO - DAG(s) 'tutorial_dag' retrieved from /home/airflow/.local/lib/python3.8/site-packages/airflow/example_dags/tutorial_dag.py
[2025-10-09T08:52:41.056+0000] {logging_mixin.py:188} INFO - [2025-10-09T08:52:41.056+0000] {dag.py:3036} INFO - Sync 1 DAGs
[2025-10-09T08:52:41.078+0000] {logging_mixin.py:188} INFO - [2025-10-09T08:52:41.078+0000] {dag.py:3823} INFO - Setting next_dagrun for tutorial_dag to None, run_after=None
[2025-10-09T08:52:41.109+0000] {processor.py:183} INFO - Processing /home/airflow/.local/lib/python3.8/site-packages/airflow/example_dags/tutorial_dag.py took 0.102 seconds
[2025-10-09T08:53:11.554+0000] {processor.py:161} INFO - Started process (PID=4621) to work on /home/airflow/.local/lib/python3.8/site-packages/airflow/example_dags/tutorial_dag.py
[2025-10-09T08:53:11.556+0000] {processor.py:830} INFO - Processing file /home/airflow/.local/lib/python3.8/site-packages/airflow/example_dags/tutorial_dag.py for tasks to queue
[2025-10-09T08:53:11.557+0000] {logging_mixin.py:188} INFO - [2025-10-09T08:53:11.557+0000] {dagbag.py:538} INFO - Filling up the DagBag from /home/airflow/.local/lib/python3.8/site-packages/airflow/example_dags/tutorial_dag.py
[2025-10-09T08:53:11.565+0000] {processor.py:840} INFO - DAG(s) 'tutorial_dag' retrieved from /home/airflow/.local/lib/python3.8/site-packages/airflow/example_dags/tutorial_dag.py
[2025-10-09T08:53:11.603+0000] {logging_mixin.py:188} INFO - [2025-10-09T08:53:11.603+0000] {dag.py:3036} INFO - Sync 1 DAGs
[2025-10-09T08:53:11.620+0000] {logging_mixin.py:188} INFO - [2025-10-09T08:53:11.620+0000] {dag.py:3823} INFO - Setting next_dagrun for tutorial_dag to None, run_after=None
[2025-10-09T08:53:11.661+0000] {processor.py:183} INFO - Processing /home/airflow/.local/lib/python3.8/site-packages/airflow/example_dags/tutorial_dag.py took 0.111 seconds
[2025-10-09T08:53:42.014+0000] {processor.py:161} INFO - Started process (PID=4681) to work on /home/airflow/.local/lib/python3.8/site-packages/airflow/example_dags/tutorial_dag.py
[2025-10-09T08:53:42.016+0000] {processor.py:830} INFO - Processing file /home/airflow/.local/lib/python3.8/site-packages/airflow/example_dags/tutorial_dag.py for tasks to queue
[2025-10-09T08:53:42.018+0000] {logging_mixin.py:188} INFO - [2025-10-09T08:53:42.017+0000] {dagbag.py:538} INFO - Filling up the DagBag from /home/airflow/.local/lib/python3.8/site-packages/airflow/example_dags/tutorial_dag.py
[2025-10-09T08:53:42.025+0000] {processor.py:840} INFO - DAG(s) 'tutorial_dag' retrieved from /home/airflow/.local/lib/python3.8/site-packages/airflow/example_dags/tutorial_dag.py
[2025-10-09T08:53:42.070+0000] {logging_mixin.py:188} INFO - [2025-10-09T08:53:42.069+0000] {dag.py:3036} INFO - Sync 1 DAGs
[2025-10-09T08:53:42.098+0000] {logging_mixin.py:188} INFO - [2025-10-09T08:53:42.098+0000] {dag.py:3823} INFO - Setting next_dagrun for tutorial_dag to None, run_after=None
[2025-10-09T08:53:42.132+0000] {processor.py:183} INFO - Processing /home/airflow/.local/lib/python3.8/site-packages/airflow/example_dags/tutorial_dag.py took 0.122 seconds
[2025-10-09T08:54:12.231+0000] {processor.py:161} INFO - Started process (PID=4743) to work on /home/airflow/.local/lib/python3.8/site-packages/airflow/example_dags/tutorial_dag.py
[2025-10-09T08:54:12.232+0000] {processor.py:830} INFO - Processing file /home/airflow/.local/lib/python3.8/site-packages/airflow/example_dags/tutorial_dag.py for tasks to queue
[2025-10-09T08:54:12.234+0000] {logging_mixin.py:188} INFO - [2025-10-09T08:54:12.234+0000] {dagbag.py:538} INFO - Filling up the DagBag from /home/airflow/.local/lib/python3.8/site-packages/airflow/example_dags/tutorial_dag.py
[2025-10-09T08:54:12.241+0000] {processor.py:840} INFO - DAG(s) 'tutorial_dag' retrieved from /home/airflow/.local/lib/python3.8/site-packages/airflow/example_dags/tutorial_dag.py
[2025-10-09T08:54:12.278+0000] {logging_mixin.py:188} INFO - [2025-10-09T08:54:12.278+0000] {dag.py:3036} INFO - Sync 1 DAGs
[2025-10-09T08:54:12.299+0000] {logging_mixin.py:188} INFO - [2025-10-09T08:54:12.298+0000] {dag.py:3823} INFO - Setting next_dagrun for tutorial_dag to None, run_after=None
[2025-10-09T08:54:12.347+0000] {processor.py:183} INFO - Processing /home/airflow/.local/lib/python3.8/site-packages/airflow/example_dags/tutorial_dag.py took 0.120 seconds
[2025-10-09T08:54:42.429+0000] {processor.py:161} INFO - Started process (PID=4804) to work on /home/airflow/.local/lib/python3.8/site-packages/airflow/example_dags/tutorial_dag.py
[2025-10-09T08:54:42.431+0000] {processor.py:830} INFO - Processing file /home/airflow/.local/lib/python3.8/site-packages/airflow/example_dags/tutorial_dag.py for tasks to queue
[2025-10-09T08:54:42.433+0000] {logging_mixin.py:188} INFO - [2025-10-09T08:54:42.432+0000] {dagbag.py:538} INFO - Filling up the DagBag from /home/airflow/.local/lib/python3.8/site-packages/airflow/example_dags/tutorial_dag.py
[2025-10-09T08:54:42.443+0000] {processor.py:840} INFO - DAG(s) 'tutorial_dag' retrieved from /home/airflow/.local/lib/python3.8/site-packages/airflow/example_dags/tutorial_dag.py
[2025-10-09T08:54:42.476+0000] {logging_mixin.py:188} INFO - [2025-10-09T08:54:42.476+0000] {dag.py:3036} INFO - Sync 1 DAGs
[2025-10-09T08:54:42.493+0000] {logging_mixin.py:188} INFO - [2025-10-09T08:54:42.492+0000] {dag.py:3823} INFO - Setting next_dagrun for tutorial_dag to None, run_after=None
[2025-10-09T08:54:42.541+0000] {processor.py:183} INFO - Processing /home/airflow/.local/lib/python3.8/site-packages/airflow/example_dags/tutorial_dag.py took 0.117 seconds
[2025-10-09T08:55:13.196+0000] {processor.py:161} INFO - Started process (PID=4867) to work on /home/airflow/.local/lib/python3.8/site-packages/airflow/example_dags/tutorial_dag.py
[2025-10-09T08:55:13.197+0000] {processor.py:830} INFO - Processing file /home/airflow/.local/lib/python3.8/site-packages/airflow/example_dags/tutorial_dag.py for tasks to queue
[2025-10-09T08:55:13.200+0000] {logging_mixin.py:188} INFO - [2025-10-09T08:55:13.199+0000] {dagbag.py:538} INFO - Filling up the DagBag from /home/airflow/.local/lib/python3.8/site-packages/airflow/example_dags/tutorial_dag.py
[2025-10-09T08:55:13.211+0000] {processor.py:840} INFO - DAG(s) 'tutorial_dag' retrieved from /home/airflow/.local/lib/python3.8/site-packages/airflow/example_dags/tutorial_dag.py
[2025-10-09T08:55:13.270+0000] {logging_mixin.py:188} INFO - [2025-10-09T08:55:13.269+0000] {dag.py:3036} INFO - Sync 1 DAGs
[2025-10-09T08:55:13.299+0000] {logging_mixin.py:188} INFO - [2025-10-09T08:55:13.299+0000] {dag.py:3823} INFO - Setting next_dagrun for tutorial_dag to None, run_after=None
[2025-10-09T08:55:13.332+0000] {processor.py:183} INFO - Processing /home/airflow/.local/lib/python3.8/site-packages/airflow/example_dags/tutorial_dag.py took 0.142 seconds
[2025-10-09T08:55:44.083+0000] {processor.py:161} INFO - Started process (PID=4929) to work on /home/airflow/.local/lib/python3.8/site-packages/airflow/example_dags/tutorial_dag.py
[2025-10-09T08:55:44.085+0000] {processor.py:830} INFO - Processing file /home/airflow/.local/lib/python3.8/site-packages/airflow/example_dags/tutorial_dag.py for tasks to queue
[2025-10-09T08:55:44.087+0000] {logging_mixin.py:188} INFO - [2025-10-09T08:55:44.087+0000] {dagbag.py:538} INFO - Filling up the DagBag from /home/airflow/.local/lib/python3.8/site-packages/airflow/example_dags/tutorial_dag.py
[2025-10-09T08:55:44.096+0000] {processor.py:840} INFO - DAG(s) 'tutorial_dag' retrieved from /home/airflow/.local/lib/python3.8/site-packages/airflow/example_dags/tutorial_dag.py
[2025-10-09T08:55:44.135+0000] {logging_mixin.py:188} INFO - [2025-10-09T08:55:44.135+0000] {dag.py:3036} INFO - Sync 1 DAGs
[2025-10-09T08:55:44.156+0000] {logging_mixin.py:188} INFO - [2025-10-09T08:55:44.155+0000] {dag.py:3823} INFO - Setting next_dagrun for tutorial_dag to None, run_after=None
[2025-10-09T08:55:44.184+0000] {processor.py:183} INFO - Processing /home/airflow/.local/lib/python3.8/site-packages/airflow/example_dags/tutorial_dag.py took 0.108 seconds
[2025-10-09T08:56:14.892+0000] {processor.py:161} INFO - Started process (PID=4991) to work on /home/airflow/.local/lib/python3.8/site-packages/airflow/example_dags/tutorial_dag.py
[2025-10-09T08:56:14.894+0000] {processor.py:830} INFO - Processing file /home/airflow/.local/lib/python3.8/site-packages/airflow/example_dags/tutorial_dag.py for tasks to queue
[2025-10-09T08:56:14.895+0000] {logging_mixin.py:188} INFO - [2025-10-09T08:56:14.895+0000] {dagbag.py:538} INFO - Filling up the DagBag from /home/airflow/.local/lib/python3.8/site-packages/airflow/example_dags/tutorial_dag.py
[2025-10-09T08:56:14.907+0000] {processor.py:840} INFO - DAG(s) 'tutorial_dag' retrieved from /home/airflow/.local/lib/python3.8/site-packages/airflow/example_dags/tutorial_dag.py
[2025-10-09T08:56:14.950+0000] {logging_mixin.py:188} INFO - [2025-10-09T08:56:14.949+0000] {dag.py:3036} INFO - Sync 1 DAGs
[2025-10-09T08:56:14.971+0000] {logging_mixin.py:188} INFO - [2025-10-09T08:56:14.971+0000] {dag.py:3823} INFO - Setting next_dagrun for tutorial_dag to None, run_after=None
[2025-10-09T08:56:15.025+0000] {processor.py:183} INFO - Processing /home/airflow/.local/lib/python3.8/site-packages/airflow/example_dags/tutorial_dag.py took 0.139 seconds
[2025-10-09T08:56:45.195+0000] {processor.py:161} INFO - Started process (PID=5053) to work on /home/airflow/.local/lib/python3.8/site-packages/airflow/example_dags/tutorial_dag.py
[2025-10-09T08:56:45.197+0000] {processor.py:830} INFO - Processing file /home/airflow/.local/lib/python3.8/site-packages/airflow/example_dags/tutorial_dag.py for tasks to queue
[2025-10-09T08:56:45.198+0000] {logging_mixin.py:188} INFO - [2025-10-09T08:56:45.198+0000] {dagbag.py:538} INFO - Filling up the DagBag from /home/airflow/.local/lib/python3.8/site-packages/airflow/example_dags/tutorial_dag.py
[2025-10-09T08:56:45.205+0000] {processor.py:840} INFO - DAG(s) 'tutorial_dag' retrieved from /home/airflow/.local/lib/python3.8/site-packages/airflow/example_dags/tutorial_dag.py
[2025-10-09T08:56:45.238+0000] {logging_mixin.py:188} INFO - [2025-10-09T08:56:45.237+0000] {dag.py:3036} INFO - Sync 1 DAGs
[2025-10-09T08:56:45.255+0000] {logging_mixin.py:188} INFO - [2025-10-09T08:56:45.255+0000] {dag.py:3823} INFO - Setting next_dagrun for tutorial_dag to None, run_after=None
[2025-10-09T08:56:45.305+0000] {processor.py:183} INFO - Processing /home/airflow/.local/lib/python3.8/site-packages/airflow/example_dags/tutorial_dag.py took 0.114 seconds
[2025-10-09T08:57:16.251+0000] {processor.py:161} INFO - Started process (PID=5115) to work on /home/airflow/.local/lib/python3.8/site-packages/airflow/example_dags/tutorial_dag.py
[2025-10-09T08:57:16.254+0000] {processor.py:830} INFO - Processing file /home/airflow/.local/lib/python3.8/site-packages/airflow/example_dags/tutorial_dag.py for tasks to queue
[2025-10-09T08:57:16.256+0000] {logging_mixin.py:188} INFO - [2025-10-09T08:57:16.255+0000] {dagbag.py:538} INFO - Filling up the DagBag from /home/airflow/.local/lib/python3.8/site-packages/airflow/example_dags/tutorial_dag.py
[2025-10-09T08:57:16.268+0000] {processor.py:840} INFO - DAG(s) 'tutorial_dag' retrieved from /home/airflow/.local/lib/python3.8/site-packages/airflow/example_dags/tutorial_dag.py
[2025-10-09T08:57:16.318+0000] {logging_mixin.py:188} INFO - [2025-10-09T08:57:16.318+0000] {dag.py:3036} INFO - Sync 1 DAGs
[2025-10-09T08:57:16.352+0000] {logging_mixin.py:188} INFO - [2025-10-09T08:57:16.351+0000] {dag.py:3823} INFO - Setting next_dagrun for tutorial_dag to None, run_after=None
[2025-10-09T08:57:16.402+0000] {processor.py:183} INFO - Processing /home/airflow/.local/lib/python3.8/site-packages/airflow/example_dags/tutorial_dag.py took 0.157 seconds
[2025-10-09T08:57:46.475+0000] {processor.py:161} INFO - Started process (PID=5177) to work on /home/airflow/.local/lib/python3.8/site-packages/airflow/example_dags/tutorial_dag.py
[2025-10-09T08:57:46.477+0000] {processor.py:830} INFO - Processing file /home/airflow/.local/lib/python3.8/site-packages/airflow/example_dags/tutorial_dag.py for tasks to queue
[2025-10-09T08:57:46.478+0000] {logging_mixin.py:188} INFO - [2025-10-09T08:57:46.478+0000] {dagbag.py:538} INFO - Filling up the DagBag from /home/airflow/.local/lib/python3.8/site-packages/airflow/example_dags/tutorial_dag.py
[2025-10-09T08:57:46.485+0000] {processor.py:840} INFO - DAG(s) 'tutorial_dag' retrieved from /home/airflow/.local/lib/python3.8/site-packages/airflow/example_dags/tutorial_dag.py
[2025-10-09T08:57:46.521+0000] {logging_mixin.py:188} INFO - [2025-10-09T08:57:46.520+0000] {dag.py:3036} INFO - Sync 1 DAGs
[2025-10-09T08:57:46.536+0000] {logging_mixin.py:188} INFO - [2025-10-09T08:57:46.536+0000] {dag.py:3823} INFO - Setting next_dagrun for tutorial_dag to None, run_after=None
[2025-10-09T08:57:46.583+0000] {processor.py:183} INFO - Processing /home/airflow/.local/lib/python3.8/site-packages/airflow/example_dags/tutorial_dag.py took 0.112 seconds
[2025-10-09T08:58:17.946+0000] {processor.py:161} INFO - Started process (PID=5238) to work on /home/airflow/.local/lib/python3.8/site-packages/airflow/example_dags/tutorial_dag.py
[2025-10-09T08:58:17.955+0000] {processor.py:830} INFO - Processing file /home/airflow/.local/lib/python3.8/site-packages/airflow/example_dags/tutorial_dag.py for tasks to queue
[2025-10-09T08:58:17.959+0000] {logging_mixin.py:188} INFO - [2025-10-09T08:58:17.958+0000] {dagbag.py:538} INFO - Filling up the DagBag from /home/airflow/.local/lib/python3.8/site-packages/airflow/example_dags/tutorial_dag.py
[2025-10-09T08:58:17.980+0000] {processor.py:840} INFO - DAG(s) 'tutorial_dag' retrieved from /home/airflow/.local/lib/python3.8/site-packages/airflow/example_dags/tutorial_dag.py
[2025-10-09T08:58:18.044+0000] {logging_mixin.py:188} INFO - [2025-10-09T08:58:18.043+0000] {dag.py:3036} INFO - Sync 1 DAGs
[2025-10-09T08:58:18.066+0000] {logging_mixin.py:188} INFO - [2025-10-09T08:58:18.066+0000] {dag.py:3823} INFO - Setting next_dagrun for tutorial_dag to None, run_after=None
[2025-10-09T08:58:18.099+0000] {processor.py:183} INFO - Processing /home/airflow/.local/lib/python3.8/site-packages/airflow/example_dags/tutorial_dag.py took 0.163 seconds
[2025-10-09T08:58:48.792+0000] {processor.py:161} INFO - Started process (PID=5301) to work on /home/airflow/.local/lib/python3.8/site-packages/airflow/example_dags/tutorial_dag.py
[2025-10-09T08:58:48.794+0000] {processor.py:830} INFO - Processing file /home/airflow/.local/lib/python3.8/site-packages/airflow/example_dags/tutorial_dag.py for tasks to queue
[2025-10-09T08:58:48.795+0000] {logging_mixin.py:188} INFO - [2025-10-09T08:58:48.795+0000] {dagbag.py:538} INFO - Filling up the DagBag from /home/airflow/.local/lib/python3.8/site-packages/airflow/example_dags/tutorial_dag.py
[2025-10-09T08:58:48.803+0000] {processor.py:840} INFO - DAG(s) 'tutorial_dag' retrieved from /home/airflow/.local/lib/python3.8/site-packages/airflow/example_dags/tutorial_dag.py
[2025-10-09T08:58:48.842+0000] {logging_mixin.py:188} INFO - [2025-10-09T08:58:48.841+0000] {dag.py:3036} INFO - Sync 1 DAGs
[2025-10-09T08:58:48.862+0000] {logging_mixin.py:188} INFO - [2025-10-09T08:58:48.861+0000] {dag.py:3823} INFO - Setting next_dagrun for tutorial_dag to None, run_after=None
[2025-10-09T08:58:48.917+0000] {processor.py:183} INFO - Processing /home/airflow/.local/lib/python3.8/site-packages/airflow/example_dags/tutorial_dag.py took 0.131 seconds
[2025-10-09T08:59:19.830+0000] {processor.py:161} INFO - Started process (PID=5361) to work on /home/airflow/.local/lib/python3.8/site-packages/airflow/example_dags/tutorial_dag.py
[2025-10-09T08:59:19.832+0000] {processor.py:830} INFO - Processing file /home/airflow/.local/lib/python3.8/site-packages/airflow/example_dags/tutorial_dag.py for tasks to queue
[2025-10-09T08:59:19.834+0000] {logging_mixin.py:188} INFO - [2025-10-09T08:59:19.833+0000] {dagbag.py:538} INFO - Filling up the DagBag from /home/airflow/.local/lib/python3.8/site-packages/airflow/example_dags/tutorial_dag.py
[2025-10-09T08:59:19.844+0000] {processor.py:840} INFO - DAG(s) 'tutorial_dag' retrieved from /home/airflow/.local/lib/python3.8/site-packages/airflow/example_dags/tutorial_dag.py
[2025-10-09T08:59:19.892+0000] {logging_mixin.py:188} INFO - [2025-10-09T08:59:19.892+0000] {dag.py:3036} INFO - Sync 1 DAGs
[2025-10-09T08:59:19.917+0000] {logging_mixin.py:188} INFO - [2025-10-09T08:59:19.917+0000] {dag.py:3823} INFO - Setting next_dagrun for tutorial_dag to None, run_after=None
[2025-10-09T08:59:19.966+0000] {processor.py:183} INFO - Processing /home/airflow/.local/lib/python3.8/site-packages/airflow/example_dags/tutorial_dag.py took 0.143 seconds
[2025-10-09T08:59:51.069+0000] {processor.py:161} INFO - Started process (PID=5423) to work on /home/airflow/.local/lib/python3.8/site-packages/airflow/example_dags/tutorial_dag.py
[2025-10-09T08:59:51.070+0000] {processor.py:830} INFO - Processing file /home/airflow/.local/lib/python3.8/site-packages/airflow/example_dags/tutorial_dag.py for tasks to queue
[2025-10-09T08:59:51.072+0000] {logging_mixin.py:188} INFO - [2025-10-09T08:59:51.071+0000] {dagbag.py:538} INFO - Filling up the DagBag from /home/airflow/.local/lib/python3.8/site-packages/airflow/example_dags/tutorial_dag.py
[2025-10-09T08:59:51.080+0000] {processor.py:840} INFO - DAG(s) 'tutorial_dag' retrieved from /home/airflow/.local/lib/python3.8/site-packages/airflow/example_dags/tutorial_dag.py
[2025-10-09T08:59:51.126+0000] {logging_mixin.py:188} INFO - [2025-10-09T08:59:51.125+0000] {dag.py:3036} INFO - Sync 1 DAGs
[2025-10-09T08:59:51.148+0000] {logging_mixin.py:188} INFO - [2025-10-09T08:59:51.148+0000] {dag.py:3823} INFO - Setting next_dagrun for tutorial_dag to None, run_after=None
[2025-10-09T08:59:51.182+0000] {processor.py:183} INFO - Processing /home/airflow/.local/lib/python3.8/site-packages/airflow/example_dags/tutorial_dag.py took 0.119 seconds
[2025-10-09T09:00:21.904+0000] {processor.py:161} INFO - Started process (PID=5485) to work on /home/airflow/.local/lib/python3.8/site-packages/airflow/example_dags/tutorial_dag.py
[2025-10-09T09:00:21.905+0000] {processor.py:830} INFO - Processing file /home/airflow/.local/lib/python3.8/site-packages/airflow/example_dags/tutorial_dag.py for tasks to queue
[2025-10-09T09:00:21.907+0000] {logging_mixin.py:188} INFO - [2025-10-09T09:00:21.907+0000] {dagbag.py:538} INFO - Filling up the DagBag from /home/airflow/.local/lib/python3.8/site-packages/airflow/example_dags/tutorial_dag.py
[2025-10-09T09:00:21.917+0000] {processor.py:840} INFO - DAG(s) 'tutorial_dag' retrieved from /home/airflow/.local/lib/python3.8/site-packages/airflow/example_dags/tutorial_dag.py
[2025-10-09T09:00:21.960+0000] {logging_mixin.py:188} INFO - [2025-10-09T09:00:21.960+0000] {dag.py:3036} INFO - Sync 1 DAGs
[2025-10-09T09:00:21.985+0000] {logging_mixin.py:188} INFO - [2025-10-09T09:00:21.984+0000] {dag.py:3823} INFO - Setting next_dagrun for tutorial_dag to None, run_after=None
[2025-10-09T09:00:22.019+0000] {processor.py:183} INFO - Processing /home/airflow/.local/lib/python3.8/site-packages/airflow/example_dags/tutorial_dag.py took 0.120 seconds
[2025-10-09T09:00:52.356+0000] {processor.py:161} INFO - Started process (PID=5547) to work on /home/airflow/.local/lib/python3.8/site-packages/airflow/example_dags/tutorial_dag.py
[2025-10-09T09:00:52.358+0000] {processor.py:830} INFO - Processing file /home/airflow/.local/lib/python3.8/site-packages/airflow/example_dags/tutorial_dag.py for tasks to queue
[2025-10-09T09:00:52.360+0000] {logging_mixin.py:188} INFO - [2025-10-09T09:00:52.359+0000] {dagbag.py:538} INFO - Filling up the DagBag from /home/airflow/.local/lib/python3.8/site-packages/airflow/example_dags/tutorial_dag.py
[2025-10-09T09:00:52.369+0000] {processor.py:840} INFO - DAG(s) 'tutorial_dag' retrieved from /home/airflow/.local/lib/python3.8/site-packages/airflow/example_dags/tutorial_dag.py
[2025-10-09T09:00:52.403+0000] {logging_mixin.py:188} INFO - [2025-10-09T09:00:52.403+0000] {dag.py:3036} INFO - Sync 1 DAGs
[2025-10-09T09:00:52.423+0000] {logging_mixin.py:188} INFO - [2025-10-09T09:00:52.423+0000] {dag.py:3823} INFO - Setting next_dagrun for tutorial_dag to None, run_after=None
[2025-10-09T09:00:52.513+0000] {processor.py:183} INFO - Processing /home/airflow/.local/lib/python3.8/site-packages/airflow/example_dags/tutorial_dag.py took 0.162 seconds
[2025-10-09T09:01:23.385+0000] {processor.py:161} INFO - Started process (PID=5609) to work on /home/airflow/.local/lib/python3.8/site-packages/airflow/example_dags/tutorial_dag.py
[2025-10-09T09:01:23.387+0000] {processor.py:830} INFO - Processing file /home/airflow/.local/lib/python3.8/site-packages/airflow/example_dags/tutorial_dag.py for tasks to queue
[2025-10-09T09:01:23.389+0000] {logging_mixin.py:188} INFO - [2025-10-09T09:01:23.388+0000] {dagbag.py:538} INFO - Filling up the DagBag from /home/airflow/.local/lib/python3.8/site-packages/airflow/example_dags/tutorial_dag.py
[2025-10-09T09:01:23.396+0000] {processor.py:840} INFO - DAG(s) 'tutorial_dag' retrieved from /home/airflow/.local/lib/python3.8/site-packages/airflow/example_dags/tutorial_dag.py
[2025-10-09T09:01:23.441+0000] {logging_mixin.py:188} INFO - [2025-10-09T09:01:23.441+0000] {dag.py:3036} INFO - Sync 1 DAGs
[2025-10-09T09:01:23.462+0000] {logging_mixin.py:188} INFO - [2025-10-09T09:01:23.462+0000] {dag.py:3823} INFO - Setting next_dagrun for tutorial_dag to None, run_after=None
[2025-10-09T09:01:23.492+0000] {processor.py:183} INFO - Processing /home/airflow/.local/lib/python3.8/site-packages/airflow/example_dags/tutorial_dag.py took 0.112 seconds
[2025-10-09T09:01:54.816+0000] {processor.py:161} INFO - Started process (PID=5671) to work on /home/airflow/.local/lib/python3.8/site-packages/airflow/example_dags/tutorial_dag.py
[2025-10-09T09:01:54.818+0000] {processor.py:830} INFO - Processing file /home/airflow/.local/lib/python3.8/site-packages/airflow/example_dags/tutorial_dag.py for tasks to queue
[2025-10-09T09:01:54.820+0000] {logging_mixin.py:188} INFO - [2025-10-09T09:01:54.820+0000] {dagbag.py:538} INFO - Filling up the DagBag from /home/airflow/.local/lib/python3.8/site-packages/airflow/example_dags/tutorial_dag.py
[2025-10-09T09:01:54.830+0000] {processor.py:840} INFO - DAG(s) 'tutorial_dag' retrieved from /home/airflow/.local/lib/python3.8/site-packages/airflow/example_dags/tutorial_dag.py
[2025-10-09T09:01:54.888+0000] {logging_mixin.py:188} INFO - [2025-10-09T09:01:54.887+0000] {dag.py:3036} INFO - Sync 1 DAGs
[2025-10-09T09:01:54.917+0000] {logging_mixin.py:188} INFO - [2025-10-09T09:01:54.917+0000] {dag.py:3823} INFO - Setting next_dagrun for tutorial_dag to None, run_after=None
[2025-10-09T09:01:54.959+0000] {processor.py:183} INFO - Processing /home/airflow/.local/lib/python3.8/site-packages/airflow/example_dags/tutorial_dag.py took 0.149 seconds
[2025-10-09T09:02:25.964+0000] {processor.py:161} INFO - Started process (PID=5733) to work on /home/airflow/.local/lib/python3.8/site-packages/airflow/example_dags/tutorial_dag.py
[2025-10-09T09:02:25.965+0000] {processor.py:830} INFO - Processing file /home/airflow/.local/lib/python3.8/site-packages/airflow/example_dags/tutorial_dag.py for tasks to queue
[2025-10-09T09:02:25.967+0000] {logging_mixin.py:188} INFO - [2025-10-09T09:02:25.966+0000] {dagbag.py:538} INFO - Filling up the DagBag from /home/airflow/.local/lib/python3.8/site-packages/airflow/example_dags/tutorial_dag.py
[2025-10-09T09:02:25.976+0000] {processor.py:840} INFO - DAG(s) 'tutorial_dag' retrieved from /home/airflow/.local/lib/python3.8/site-packages/airflow/example_dags/tutorial_dag.py
[2025-10-09T09:02:26.018+0000] {logging_mixin.py:188} INFO - [2025-10-09T09:02:26.018+0000] {dag.py:3036} INFO - Sync 1 DAGs
[2025-10-09T09:02:26.044+0000] {logging_mixin.py:188} INFO - [2025-10-09T09:02:26.043+0000] {dag.py:3823} INFO - Setting next_dagrun for tutorial_dag to None, run_after=None
[2025-10-09T09:02:26.097+0000] {processor.py:183} INFO - Processing /home/airflow/.local/lib/python3.8/site-packages/airflow/example_dags/tutorial_dag.py took 0.139 seconds
[2025-10-09T09:02:57.046+0000] {processor.py:161} INFO - Started process (PID=5795) to work on /home/airflow/.local/lib/python3.8/site-packages/airflow/example_dags/tutorial_dag.py
[2025-10-09T09:02:57.049+0000] {processor.py:830} INFO - Processing file /home/airflow/.local/lib/python3.8/site-packages/airflow/example_dags/tutorial_dag.py for tasks to queue
[2025-10-09T09:02:57.052+0000] {logging_mixin.py:188} INFO - [2025-10-09T09:02:57.051+0000] {dagbag.py:538} INFO - Filling up the DagBag from /home/airflow/.local/lib/python3.8/site-packages/airflow/example_dags/tutorial_dag.py
[2025-10-09T09:02:57.066+0000] {processor.py:840} INFO - DAG(s) 'tutorial_dag' retrieved from /home/airflow/.local/lib/python3.8/site-packages/airflow/example_dags/tutorial_dag.py
[2025-10-09T09:02:57.116+0000] {logging_mixin.py:188} INFO - [2025-10-09T09:02:57.116+0000] {dag.py:3036} INFO - Sync 1 DAGs
[2025-10-09T09:02:57.133+0000] {logging_mixin.py:188} INFO - [2025-10-09T09:02:57.133+0000] {dag.py:3823} INFO - Setting next_dagrun for tutorial_dag to None, run_after=None
[2025-10-09T09:02:57.169+0000] {processor.py:183} INFO - Processing /home/airflow/.local/lib/python3.8/site-packages/airflow/example_dags/tutorial_dag.py took 0.128 seconds
[2025-10-09T09:03:29.048+0000] {processor.py:161} INFO - Started process (PID=5857) to work on /home/airflow/.local/lib/python3.8/site-packages/airflow/example_dags/tutorial_dag.py
[2025-10-09T09:03:29.049+0000] {processor.py:830} INFO - Processing file /home/airflow/.local/lib/python3.8/site-packages/airflow/example_dags/tutorial_dag.py for tasks to queue
[2025-10-09T09:03:29.051+0000] {logging_mixin.py:188} INFO - [2025-10-09T09:03:29.050+0000] {dagbag.py:538} INFO - Filling up the DagBag from /home/airflow/.local/lib/python3.8/site-packages/airflow/example_dags/tutorial_dag.py
[2025-10-09T09:03:29.060+0000] {processor.py:840} INFO - DAG(s) 'tutorial_dag' retrieved from /home/airflow/.local/lib/python3.8/site-packages/airflow/example_dags/tutorial_dag.py
[2025-10-09T09:03:29.111+0000] {logging_mixin.py:188} INFO - [2025-10-09T09:03:29.111+0000] {dag.py:3036} INFO - Sync 1 DAGs
[2025-10-09T09:03:29.139+0000] {logging_mixin.py:188} INFO - [2025-10-09T09:03:29.139+0000] {dag.py:3823} INFO - Setting next_dagrun for tutorial_dag to None, run_after=None
[2025-10-09T09:03:29.183+0000] {processor.py:183} INFO - Processing /home/airflow/.local/lib/python3.8/site-packages/airflow/example_dags/tutorial_dag.py took 0.142 seconds
[2025-10-09T09:03:59.876+0000] {processor.py:161} INFO - Started process (PID=5919) to work on /home/airflow/.local/lib/python3.8/site-packages/airflow/example_dags/tutorial_dag.py
[2025-10-09T09:03:59.878+0000] {processor.py:830} INFO - Processing file /home/airflow/.local/lib/python3.8/site-packages/airflow/example_dags/tutorial_dag.py for tasks to queue
[2025-10-09T09:03:59.880+0000] {logging_mixin.py:188} INFO - [2025-10-09T09:03:59.879+0000] {dagbag.py:538} INFO - Filling up the DagBag from /home/airflow/.local/lib/python3.8/site-packages/airflow/example_dags/tutorial_dag.py
[2025-10-09T09:03:59.890+0000] {processor.py:840} INFO - DAG(s) 'tutorial_dag' retrieved from /home/airflow/.local/lib/python3.8/site-packages/airflow/example_dags/tutorial_dag.py
[2025-10-09T09:03:59.985+0000] {logging_mixin.py:188} INFO - [2025-10-09T09:03:59.985+0000] {dag.py:3036} INFO - Sync 1 DAGs
[2025-10-09T09:04:00.017+0000] {logging_mixin.py:188} INFO - [2025-10-09T09:04:00.017+0000] {dag.py:3823} INFO - Setting next_dagrun for tutorial_dag to None, run_after=None
[2025-10-09T09:04:00.080+0000] {processor.py:183} INFO - Processing /home/airflow/.local/lib/python3.8/site-packages/airflow/example_dags/tutorial_dag.py took 0.211 seconds
[2025-10-09T09:04:31.131+0000] {processor.py:161} INFO - Started process (PID=5981) to work on /home/airflow/.local/lib/python3.8/site-packages/airflow/example_dags/tutorial_dag.py
[2025-10-09T09:04:31.133+0000] {processor.py:830} INFO - Processing file /home/airflow/.local/lib/python3.8/site-packages/airflow/example_dags/tutorial_dag.py for tasks to queue
[2025-10-09T09:04:31.135+0000] {logging_mixin.py:188} INFO - [2025-10-09T09:04:31.134+0000] {dagbag.py:538} INFO - Filling up the DagBag from /home/airflow/.local/lib/python3.8/site-packages/airflow/example_dags/tutorial_dag.py
[2025-10-09T09:04:31.151+0000] {processor.py:840} INFO - DAG(s) 'tutorial_dag' retrieved from /home/airflow/.local/lib/python3.8/site-packages/airflow/example_dags/tutorial_dag.py
[2025-10-09T09:04:31.211+0000] {logging_mixin.py:188} INFO - [2025-10-09T09:04:31.210+0000] {dag.py:3036} INFO - Sync 1 DAGs
[2025-10-09T09:04:31.251+0000] {logging_mixin.py:188} INFO - [2025-10-09T09:04:31.251+0000] {dag.py:3823} INFO - Setting next_dagrun for tutorial_dag to None, run_after=None
[2025-10-09T09:04:31.301+0000] {processor.py:183} INFO - Processing /home/airflow/.local/lib/python3.8/site-packages/airflow/example_dags/tutorial_dag.py took 0.177 seconds
[2025-10-09T09:05:02.282+0000] {processor.py:161} INFO - Started process (PID=6043) to work on /home/airflow/.local/lib/python3.8/site-packages/airflow/example_dags/tutorial_dag.py
[2025-10-09T09:05:02.284+0000] {processor.py:830} INFO - Processing file /home/airflow/.local/lib/python3.8/site-packages/airflow/example_dags/tutorial_dag.py for tasks to queue
[2025-10-09T09:05:02.286+0000] {logging_mixin.py:188} INFO - [2025-10-09T09:05:02.285+0000] {dagbag.py:538} INFO - Filling up the DagBag from /home/airflow/.local/lib/python3.8/site-packages/airflow/example_dags/tutorial_dag.py
[2025-10-09T09:05:02.298+0000] {processor.py:840} INFO - DAG(s) 'tutorial_dag' retrieved from /home/airflow/.local/lib/python3.8/site-packages/airflow/example_dags/tutorial_dag.py
[2025-10-09T09:05:02.356+0000] {logging_mixin.py:188} INFO - [2025-10-09T09:05:02.355+0000] {dag.py:3036} INFO - Sync 1 DAGs
[2025-10-09T09:05:02.386+0000] {logging_mixin.py:188} INFO - [2025-10-09T09:05:02.386+0000] {dag.py:3823} INFO - Setting next_dagrun for tutorial_dag to None, run_after=None
[2025-10-09T09:05:02.450+0000] {processor.py:183} INFO - Processing /home/airflow/.local/lib/python3.8/site-packages/airflow/example_dags/tutorial_dag.py took 0.173 seconds
[2025-10-09T09:05:33.941+0000] {processor.py:161} INFO - Started process (PID=6105) to work on /home/airflow/.local/lib/python3.8/site-packages/airflow/example_dags/tutorial_dag.py
[2025-10-09T09:05:33.943+0000] {processor.py:830} INFO - Processing file /home/airflow/.local/lib/python3.8/site-packages/airflow/example_dags/tutorial_dag.py for tasks to queue
[2025-10-09T09:05:33.945+0000] {logging_mixin.py:188} INFO - [2025-10-09T09:05:33.945+0000] {dagbag.py:538} INFO - Filling up the DagBag from /home/airflow/.local/lib/python3.8/site-packages/airflow/example_dags/tutorial_dag.py
[2025-10-09T09:05:33.955+0000] {processor.py:840} INFO - DAG(s) 'tutorial_dag' retrieved from /home/airflow/.local/lib/python3.8/site-packages/airflow/example_dags/tutorial_dag.py
[2025-10-09T09:05:34.005+0000] {logging_mixin.py:188} INFO - [2025-10-09T09:05:34.004+0000] {dag.py:3036} INFO - Sync 1 DAGs
[2025-10-09T09:05:34.030+0000] {logging_mixin.py:188} INFO - [2025-10-09T09:05:34.030+0000] {dag.py:3823} INFO - Setting next_dagrun for tutorial_dag to None, run_after=None
[2025-10-09T09:05:34.093+0000] {processor.py:183} INFO - Processing /home/airflow/.local/lib/python3.8/site-packages/airflow/example_dags/tutorial_dag.py took 0.159 seconds
[2025-10-09T09:06:04.690+0000] {processor.py:161} INFO - Started process (PID=6167) to work on /home/airflow/.local/lib/python3.8/site-packages/airflow/example_dags/tutorial_dag.py
[2025-10-09T09:06:04.691+0000] {processor.py:830} INFO - Processing file /home/airflow/.local/lib/python3.8/site-packages/airflow/example_dags/tutorial_dag.py for tasks to queue
[2025-10-09T09:06:04.693+0000] {logging_mixin.py:188} INFO - [2025-10-09T09:06:04.692+0000] {dagbag.py:538} INFO - Filling up the DagBag from /home/airflow/.local/lib/python3.8/site-packages/airflow/example_dags/tutorial_dag.py
[2025-10-09T09:06:04.701+0000] {processor.py:840} INFO - DAG(s) 'tutorial_dag' retrieved from /home/airflow/.local/lib/python3.8/site-packages/airflow/example_dags/tutorial_dag.py
[2025-10-09T09:06:04.743+0000] {logging_mixin.py:188} INFO - [2025-10-09T09:06:04.742+0000] {dag.py:3036} INFO - Sync 1 DAGs
[2025-10-09T09:06:04.766+0000] {logging_mixin.py:188} INFO - [2025-10-09T09:06:04.766+0000] {dag.py:3823} INFO - Setting next_dagrun for tutorial_dag to None, run_after=None
[2025-10-09T09:06:04.808+0000] {processor.py:183} INFO - Processing /home/airflow/.local/lib/python3.8/site-packages/airflow/example_dags/tutorial_dag.py took 0.123 seconds
[2025-10-09T09:06:35.646+0000] {processor.py:161} INFO - Started process (PID=6229) to work on /home/airflow/.local/lib/python3.8/site-packages/airflow/example_dags/tutorial_dag.py
[2025-10-09T09:06:35.648+0000] {processor.py:830} INFO - Processing file /home/airflow/.local/lib/python3.8/site-packages/airflow/example_dags/tutorial_dag.py for tasks to queue
[2025-10-09T09:06:35.649+0000] {logging_mixin.py:188} INFO - [2025-10-09T09:06:35.649+0000] {dagbag.py:538} INFO - Filling up the DagBag from /home/airflow/.local/lib/python3.8/site-packages/airflow/example_dags/tutorial_dag.py
[2025-10-09T09:06:35.658+0000] {processor.py:840} INFO - DAG(s) 'tutorial_dag' retrieved from /home/airflow/.local/lib/python3.8/site-packages/airflow/example_dags/tutorial_dag.py
[2025-10-09T09:06:35.701+0000] {logging_mixin.py:188} INFO - [2025-10-09T09:06:35.701+0000] {dag.py:3036} INFO - Sync 1 DAGs
[2025-10-09T09:06:35.724+0000] {logging_mixin.py:188} INFO - [2025-10-09T09:06:35.723+0000] {dag.py:3823} INFO - Setting next_dagrun for tutorial_dag to None, run_after=None
[2025-10-09T09:06:35.773+0000] {processor.py:183} INFO - Processing /home/airflow/.local/lib/python3.8/site-packages/airflow/example_dags/tutorial_dag.py took 0.133 seconds
[2025-10-09T09:07:06.839+0000] {processor.py:161} INFO - Started process (PID=6291) to work on /home/airflow/.local/lib/python3.8/site-packages/airflow/example_dags/tutorial_dag.py
[2025-10-09T09:07:06.843+0000] {processor.py:830} INFO - Processing file /home/airflow/.local/lib/python3.8/site-packages/airflow/example_dags/tutorial_dag.py for tasks to queue
[2025-10-09T09:07:06.847+0000] {logging_mixin.py:188} INFO - [2025-10-09T09:07:06.846+0000] {dagbag.py:538} INFO - Filling up the DagBag from /home/airflow/.local/lib/python3.8/site-packages/airflow/example_dags/tutorial_dag.py
[2025-10-09T09:07:06.864+0000] {processor.py:840} INFO - DAG(s) 'tutorial_dag' retrieved from /home/airflow/.local/lib/python3.8/site-packages/airflow/example_dags/tutorial_dag.py
[2025-10-09T09:07:06.934+0000] {logging_mixin.py:188} INFO - [2025-10-09T09:07:06.934+0000] {dag.py:3036} INFO - Sync 1 DAGs
[2025-10-09T09:07:06.959+0000] {logging_mixin.py:188} INFO - [2025-10-09T09:07:06.958+0000] {dag.py:3823} INFO - Setting next_dagrun for tutorial_dag to None, run_after=None
[2025-10-09T09:07:07.017+0000] {processor.py:183} INFO - Processing /home/airflow/.local/lib/python3.8/site-packages/airflow/example_dags/tutorial_dag.py took 0.192 seconds
[2025-10-09T09:07:37.275+0000] {processor.py:161} INFO - Started process (PID=6353) to work on /home/airflow/.local/lib/python3.8/site-packages/airflow/example_dags/tutorial_dag.py
[2025-10-09T09:07:37.277+0000] {processor.py:830} INFO - Processing file /home/airflow/.local/lib/python3.8/site-packages/airflow/example_dags/tutorial_dag.py for tasks to queue
[2025-10-09T09:07:37.278+0000] {logging_mixin.py:188} INFO - [2025-10-09T09:07:37.278+0000] {dagbag.py:538} INFO - Filling up the DagBag from /home/airflow/.local/lib/python3.8/site-packages/airflow/example_dags/tutorial_dag.py
[2025-10-09T09:07:37.288+0000] {processor.py:840} INFO - DAG(s) 'tutorial_dag' retrieved from /home/airflow/.local/lib/python3.8/site-packages/airflow/example_dags/tutorial_dag.py
[2025-10-09T09:07:37.332+0000] {logging_mixin.py:188} INFO - [2025-10-09T09:07:37.331+0000] {dag.py:3036} INFO - Sync 1 DAGs
[2025-10-09T09:07:37.356+0000] {logging_mixin.py:188} INFO - [2025-10-09T09:07:37.355+0000] {dag.py:3823} INFO - Setting next_dagrun for tutorial_dag to None, run_after=None
[2025-10-09T09:07:37.391+0000] {processor.py:183} INFO - Processing /home/airflow/.local/lib/python3.8/site-packages/airflow/example_dags/tutorial_dag.py took 0.122 seconds
[2025-10-09T09:08:08.229+0000] {processor.py:161} INFO - Started process (PID=6415) to work on /home/airflow/.local/lib/python3.8/site-packages/airflow/example_dags/tutorial_dag.py
[2025-10-09T09:08:08.241+0000] {processor.py:830} INFO - Processing file /home/airflow/.local/lib/python3.8/site-packages/airflow/example_dags/tutorial_dag.py for tasks to queue
[2025-10-09T09:08:08.244+0000] {logging_mixin.py:188} INFO - [2025-10-09T09:08:08.243+0000] {dagbag.py:538} INFO - Filling up the DagBag from /home/airflow/.local/lib/python3.8/site-packages/airflow/example_dags/tutorial_dag.py
[2025-10-09T09:08:08.279+0000] {processor.py:840} INFO - DAG(s) 'tutorial_dag' retrieved from /home/airflow/.local/lib/python3.8/site-packages/airflow/example_dags/tutorial_dag.py
[2025-10-09T09:08:08.362+0000] {logging_mixin.py:188} INFO - [2025-10-09T09:08:08.362+0000] {dag.py:3036} INFO - Sync 1 DAGs
[2025-10-09T09:08:08.395+0000] {logging_mixin.py:188} INFO - [2025-10-09T09:08:08.394+0000] {dag.py:3823} INFO - Setting next_dagrun for tutorial_dag to None, run_after=None
[2025-10-09T09:08:08.442+0000] {processor.py:183} INFO - Processing /home/airflow/.local/lib/python3.8/site-packages/airflow/example_dags/tutorial_dag.py took 0.221 seconds
[2025-10-09T09:08:38.597+0000] {processor.py:161} INFO - Started process (PID=6481) to work on /home/airflow/.local/lib/python3.8/site-packages/airflow/example_dags/tutorial_dag.py
[2025-10-09T09:08:38.600+0000] {processor.py:830} INFO - Processing file /home/airflow/.local/lib/python3.8/site-packages/airflow/example_dags/tutorial_dag.py for tasks to queue
[2025-10-09T09:08:38.602+0000] {logging_mixin.py:188} INFO - [2025-10-09T09:08:38.601+0000] {dagbag.py:538} INFO - Filling up the DagBag from /home/airflow/.local/lib/python3.8/site-packages/airflow/example_dags/tutorial_dag.py
[2025-10-09T09:08:38.615+0000] {processor.py:840} INFO - DAG(s) 'tutorial_dag' retrieved from /home/airflow/.local/lib/python3.8/site-packages/airflow/example_dags/tutorial_dag.py
[2025-10-09T09:08:38.666+0000] {logging_mixin.py:188} INFO - [2025-10-09T09:08:38.666+0000] {dag.py:3036} INFO - Sync 1 DAGs
[2025-10-09T09:08:38.690+0000] {logging_mixin.py:188} INFO - [2025-10-09T09:08:38.690+0000] {dag.py:3823} INFO - Setting next_dagrun for tutorial_dag to None, run_after=None
[2025-10-09T09:08:38.746+0000] {processor.py:183} INFO - Processing /home/airflow/.local/lib/python3.8/site-packages/airflow/example_dags/tutorial_dag.py took 0.156 seconds
[2025-10-09T09:09:09.130+0000] {processor.py:161} INFO - Started process (PID=6543) to work on /home/airflow/.local/lib/python3.8/site-packages/airflow/example_dags/tutorial_dag.py
[2025-10-09T09:09:09.131+0000] {processor.py:830} INFO - Processing file /home/airflow/.local/lib/python3.8/site-packages/airflow/example_dags/tutorial_dag.py for tasks to queue
[2025-10-09T09:09:09.133+0000] {logging_mixin.py:188} INFO - [2025-10-09T09:09:09.133+0000] {dagbag.py:538} INFO - Filling up the DagBag from /home/airflow/.local/lib/python3.8/site-packages/airflow/example_dags/tutorial_dag.py
[2025-10-09T09:09:09.145+0000] {processor.py:840} INFO - DAG(s) 'tutorial_dag' retrieved from /home/airflow/.local/lib/python3.8/site-packages/airflow/example_dags/tutorial_dag.py
[2025-10-09T09:09:09.194+0000] {logging_mixin.py:188} INFO - [2025-10-09T09:09:09.194+0000] {dag.py:3036} INFO - Sync 1 DAGs
[2025-10-09T09:09:09.222+0000] {logging_mixin.py:188} INFO - [2025-10-09T09:09:09.222+0000] {dag.py:3823} INFO - Setting next_dagrun for tutorial_dag to None, run_after=None
[2025-10-09T09:09:09.285+0000] {processor.py:183} INFO - Processing /home/airflow/.local/lib/python3.8/site-packages/airflow/example_dags/tutorial_dag.py took 0.160 seconds
[2025-10-09T09:09:39.381+0000] {processor.py:161} INFO - Started process (PID=6603) to work on /home/airflow/.local/lib/python3.8/site-packages/airflow/example_dags/tutorial_dag.py
[2025-10-09T09:09:39.383+0000] {processor.py:830} INFO - Processing file /home/airflow/.local/lib/python3.8/site-packages/airflow/example_dags/tutorial_dag.py for tasks to queue
[2025-10-09T09:09:39.385+0000] {logging_mixin.py:188} INFO - [2025-10-09T09:09:39.384+0000] {dagbag.py:538} INFO - Filling up the DagBag from /home/airflow/.local/lib/python3.8/site-packages/airflow/example_dags/tutorial_dag.py
[2025-10-09T09:09:39.394+0000] {processor.py:840} INFO - DAG(s) 'tutorial_dag' retrieved from /home/airflow/.local/lib/python3.8/site-packages/airflow/example_dags/tutorial_dag.py
[2025-10-09T09:09:39.440+0000] {logging_mixin.py:188} INFO - [2025-10-09T09:09:39.440+0000] {dag.py:3036} INFO - Sync 1 DAGs
[2025-10-09T09:09:39.462+0000] {logging_mixin.py:188} INFO - [2025-10-09T09:09:39.461+0000] {dag.py:3823} INFO - Setting next_dagrun for tutorial_dag to None, run_after=None
[2025-10-09T09:09:39.502+0000] {processor.py:183} INFO - Processing /home/airflow/.local/lib/python3.8/site-packages/airflow/example_dags/tutorial_dag.py took 0.126 seconds
[2025-10-09T09:10:09.784+0000] {processor.py:161} INFO - Started process (PID=6665) to work on /home/airflow/.local/lib/python3.8/site-packages/airflow/example_dags/tutorial_dag.py
[2025-10-09T09:10:09.785+0000] {processor.py:830} INFO - Processing file /home/airflow/.local/lib/python3.8/site-packages/airflow/example_dags/tutorial_dag.py for tasks to queue
[2025-10-09T09:10:09.787+0000] {logging_mixin.py:188} INFO - [2025-10-09T09:10:09.786+0000] {dagbag.py:538} INFO - Filling up the DagBag from /home/airflow/.local/lib/python3.8/site-packages/airflow/example_dags/tutorial_dag.py
[2025-10-09T09:10:09.799+0000] {processor.py:840} INFO - DAG(s) 'tutorial_dag' retrieved from /home/airflow/.local/lib/python3.8/site-packages/airflow/example_dags/tutorial_dag.py
[2025-10-09T09:10:09.846+0000] {logging_mixin.py:188} INFO - [2025-10-09T09:10:09.846+0000] {dag.py:3036} INFO - Sync 1 DAGs
[2025-10-09T09:10:09.875+0000] {logging_mixin.py:188} INFO - [2025-10-09T09:10:09.874+0000] {dag.py:3823} INFO - Setting next_dagrun for tutorial_dag to None, run_after=None
[2025-10-09T09:10:09.924+0000] {processor.py:183} INFO - Processing /home/airflow/.local/lib/python3.8/site-packages/airflow/example_dags/tutorial_dag.py took 0.146 seconds
[2025-10-09T09:10:42.708+0000] {processor.py:161} INFO - Started process (PID=6727) to work on /home/airflow/.local/lib/python3.8/site-packages/airflow/example_dags/tutorial_dag.py
[2025-10-09T09:10:42.710+0000] {processor.py:830} INFO - Processing file /home/airflow/.local/lib/python3.8/site-packages/airflow/example_dags/tutorial_dag.py for tasks to queue
[2025-10-09T09:10:42.712+0000] {logging_mixin.py:188} INFO - [2025-10-09T09:10:42.711+0000] {dagbag.py:538} INFO - Filling up the DagBag from /home/airflow/.local/lib/python3.8/site-packages/airflow/example_dags/tutorial_dag.py
[2025-10-09T09:10:42.721+0000] {processor.py:840} INFO - DAG(s) 'tutorial_dag' retrieved from /home/airflow/.local/lib/python3.8/site-packages/airflow/example_dags/tutorial_dag.py
[2025-10-09T09:10:42.763+0000] {logging_mixin.py:188} INFO - [2025-10-09T09:10:42.762+0000] {dag.py:3036} INFO - Sync 1 DAGs
[2025-10-09T09:10:42.785+0000] {logging_mixin.py:188} INFO - [2025-10-09T09:10:42.784+0000] {dag.py:3823} INFO - Setting next_dagrun for tutorial_dag to None, run_after=None
[2025-10-09T09:10:42.819+0000] {processor.py:183} INFO - Processing /home/airflow/.local/lib/python3.8/site-packages/airflow/example_dags/tutorial_dag.py took 0.118 seconds
[2025-10-09T09:11:13.265+0000] {processor.py:161} INFO - Started process (PID=6789) to work on /home/airflow/.local/lib/python3.8/site-packages/airflow/example_dags/tutorial_dag.py
[2025-10-09T09:11:13.267+0000] {processor.py:830} INFO - Processing file /home/airflow/.local/lib/python3.8/site-packages/airflow/example_dags/tutorial_dag.py for tasks to queue
[2025-10-09T09:11:13.269+0000] {logging_mixin.py:188} INFO - [2025-10-09T09:11:13.269+0000] {dagbag.py:538} INFO - Filling up the DagBag from /home/airflow/.local/lib/python3.8/site-packages/airflow/example_dags/tutorial_dag.py
[2025-10-09T09:11:13.281+0000] {processor.py:840} INFO - DAG(s) 'tutorial_dag' retrieved from /home/airflow/.local/lib/python3.8/site-packages/airflow/example_dags/tutorial_dag.py
[2025-10-09T09:11:13.331+0000] {logging_mixin.py:188} INFO - [2025-10-09T09:11:13.331+0000] {dag.py:3036} INFO - Sync 1 DAGs
[2025-10-09T09:11:13.351+0000] {logging_mixin.py:188} INFO - [2025-10-09T09:11:13.351+0000] {dag.py:3823} INFO - Setting next_dagrun for tutorial_dag to None, run_after=None
[2025-10-09T09:11:13.379+0000] {processor.py:183} INFO - Processing /home/airflow/.local/lib/python3.8/site-packages/airflow/example_dags/tutorial_dag.py took 0.122 seconds
[2025-10-09T09:11:43.889+0000] {processor.py:161} INFO - Started process (PID=6851) to work on /home/airflow/.local/lib/python3.8/site-packages/airflow/example_dags/tutorial_dag.py
[2025-10-09T09:11:43.892+0000] {processor.py:830} INFO - Processing file /home/airflow/.local/lib/python3.8/site-packages/airflow/example_dags/tutorial_dag.py for tasks to queue
[2025-10-09T09:11:43.894+0000] {logging_mixin.py:188} INFO - [2025-10-09T09:11:43.894+0000] {dagbag.py:538} INFO - Filling up the DagBag from /home/airflow/.local/lib/python3.8/site-packages/airflow/example_dags/tutorial_dag.py
[2025-10-09T09:11:43.903+0000] {processor.py:840} INFO - DAG(s) 'tutorial_dag' retrieved from /home/airflow/.local/lib/python3.8/site-packages/airflow/example_dags/tutorial_dag.py
[2025-10-09T09:11:43.954+0000] {logging_mixin.py:188} INFO - [2025-10-09T09:11:43.953+0000] {dag.py:3036} INFO - Sync 1 DAGs
[2025-10-09T09:11:43.980+0000] {logging_mixin.py:188} INFO - [2025-10-09T09:11:43.980+0000] {dag.py:3823} INFO - Setting next_dagrun for tutorial_dag to None, run_after=None
[2025-10-09T09:11:44.017+0000] {processor.py:183} INFO - Processing /home/airflow/.local/lib/python3.8/site-packages/airflow/example_dags/tutorial_dag.py took 0.133 seconds
[2025-10-09T09:12:14.798+0000] {processor.py:161} INFO - Started process (PID=6913) to work on /home/airflow/.local/lib/python3.8/site-packages/airflow/example_dags/tutorial_dag.py
[2025-10-09T09:12:14.800+0000] {processor.py:830} INFO - Processing file /home/airflow/.local/lib/python3.8/site-packages/airflow/example_dags/tutorial_dag.py for tasks to queue
[2025-10-09T09:12:14.803+0000] {logging_mixin.py:188} INFO - [2025-10-09T09:12:14.802+0000] {dagbag.py:538} INFO - Filling up the DagBag from /home/airflow/.local/lib/python3.8/site-packages/airflow/example_dags/tutorial_dag.py
[2025-10-09T09:12:14.811+0000] {processor.py:840} INFO - DAG(s) 'tutorial_dag' retrieved from /home/airflow/.local/lib/python3.8/site-packages/airflow/example_dags/tutorial_dag.py
[2025-10-09T09:12:14.880+0000] {logging_mixin.py:188} INFO - [2025-10-09T09:12:14.880+0000] {dag.py:3036} INFO - Sync 1 DAGs
[2025-10-09T09:12:14.917+0000] {logging_mixin.py:188} INFO - [2025-10-09T09:12:14.916+0000] {dag.py:3823} INFO - Setting next_dagrun for tutorial_dag to None, run_after=None
[2025-10-09T09:12:14.970+0000] {processor.py:183} INFO - Processing /home/airflow/.local/lib/python3.8/site-packages/airflow/example_dags/tutorial_dag.py took 0.179 seconds
[2025-10-09T09:12:45.376+0000] {processor.py:161} INFO - Started process (PID=6975) to work on /home/airflow/.local/lib/python3.8/site-packages/airflow/example_dags/tutorial_dag.py
[2025-10-09T09:12:45.378+0000] {processor.py:830} INFO - Processing file /home/airflow/.local/lib/python3.8/site-packages/airflow/example_dags/tutorial_dag.py for tasks to queue
[2025-10-09T09:12:45.379+0000] {logging_mixin.py:188} INFO - [2025-10-09T09:12:45.379+0000] {dagbag.py:538} INFO - Filling up the DagBag from /home/airflow/.local/lib/python3.8/site-packages/airflow/example_dags/tutorial_dag.py
[2025-10-09T09:12:45.388+0000] {processor.py:840} INFO - DAG(s) 'tutorial_dag' retrieved from /home/airflow/.local/lib/python3.8/site-packages/airflow/example_dags/tutorial_dag.py
[2025-10-09T09:12:45.432+0000] {logging_mixin.py:188} INFO - [2025-10-09T09:12:45.431+0000] {dag.py:3036} INFO - Sync 1 DAGs
[2025-10-09T09:12:45.454+0000] {logging_mixin.py:188} INFO - [2025-10-09T09:12:45.454+0000] {dag.py:3823} INFO - Setting next_dagrun for tutorial_dag to None, run_after=None
[2025-10-09T09:12:45.489+0000] {processor.py:183} INFO - Processing /home/airflow/.local/lib/python3.8/site-packages/airflow/example_dags/tutorial_dag.py took 0.118 seconds
[2025-10-09T09:13:16.869+0000] {processor.py:161} INFO - Started process (PID=7037) to work on /home/airflow/.local/lib/python3.8/site-packages/airflow/example_dags/tutorial_dag.py
[2025-10-09T09:13:16.873+0000] {processor.py:830} INFO - Processing file /home/airflow/.local/lib/python3.8/site-packages/airflow/example_dags/tutorial_dag.py for tasks to queue
[2025-10-09T09:13:16.875+0000] {logging_mixin.py:188} INFO - [2025-10-09T09:13:16.875+0000] {dagbag.py:538} INFO - Filling up the DagBag from /home/airflow/.local/lib/python3.8/site-packages/airflow/example_dags/tutorial_dag.py
[2025-10-09T09:13:16.884+0000] {processor.py:840} INFO - DAG(s) 'tutorial_dag' retrieved from /home/airflow/.local/lib/python3.8/site-packages/airflow/example_dags/tutorial_dag.py
[2025-10-09T09:13:16.931+0000] {logging_mixin.py:188} INFO - [2025-10-09T09:13:16.931+0000] {dag.py:3036} INFO - Sync 1 DAGs
[2025-10-09T09:13:16.964+0000] {logging_mixin.py:188} INFO - [2025-10-09T09:13:16.963+0000] {dag.py:3823} INFO - Setting next_dagrun for tutorial_dag to None, run_after=None
[2025-10-09T09:13:17.096+0000] {processor.py:183} INFO - Processing /home/airflow/.local/lib/python3.8/site-packages/airflow/example_dags/tutorial_dag.py took 0.235 seconds
[2025-10-09T09:13:47.500+0000] {processor.py:161} INFO - Started process (PID=7099) to work on /home/airflow/.local/lib/python3.8/site-packages/airflow/example_dags/tutorial_dag.py
[2025-10-09T09:13:47.501+0000] {processor.py:830} INFO - Processing file /home/airflow/.local/lib/python3.8/site-packages/airflow/example_dags/tutorial_dag.py for tasks to queue
[2025-10-09T09:13:47.503+0000] {logging_mixin.py:188} INFO - [2025-10-09T09:13:47.502+0000] {dagbag.py:538} INFO - Filling up the DagBag from /home/airflow/.local/lib/python3.8/site-packages/airflow/example_dags/tutorial_dag.py
[2025-10-09T09:13:47.511+0000] {processor.py:840} INFO - DAG(s) 'tutorial_dag' retrieved from /home/airflow/.local/lib/python3.8/site-packages/airflow/example_dags/tutorial_dag.py
[2025-10-09T09:13:47.550+0000] {logging_mixin.py:188} INFO - [2025-10-09T09:13:47.549+0000] {dag.py:3036} INFO - Sync 1 DAGs
[2025-10-09T09:13:47.570+0000] {logging_mixin.py:188} INFO - [2025-10-09T09:13:47.570+0000] {dag.py:3823} INFO - Setting next_dagrun for tutorial_dag to None, run_after=None
[2025-10-09T09:13:47.622+0000] {processor.py:183} INFO - Processing /home/airflow/.local/lib/python3.8/site-packages/airflow/example_dags/tutorial_dag.py took 0.127 seconds
[2025-10-09T09:14:18.175+0000] {processor.py:161} INFO - Started process (PID=7162) to work on /home/airflow/.local/lib/python3.8/site-packages/airflow/example_dags/tutorial_dag.py
[2025-10-09T09:14:18.178+0000] {processor.py:830} INFO - Processing file /home/airflow/.local/lib/python3.8/site-packages/airflow/example_dags/tutorial_dag.py for tasks to queue
[2025-10-09T09:14:18.181+0000] {logging_mixin.py:188} INFO - [2025-10-09T09:14:18.180+0000] {dagbag.py:538} INFO - Filling up the DagBag from /home/airflow/.local/lib/python3.8/site-packages/airflow/example_dags/tutorial_dag.py
[2025-10-09T09:14:18.196+0000] {processor.py:840} INFO - DAG(s) 'tutorial_dag' retrieved from /home/airflow/.local/lib/python3.8/site-packages/airflow/example_dags/tutorial_dag.py
[2025-10-09T09:14:18.262+0000] {logging_mixin.py:188} INFO - [2025-10-09T09:14:18.262+0000] {dag.py:3036} INFO - Sync 1 DAGs
[2025-10-09T09:14:18.299+0000] {logging_mixin.py:188} INFO - [2025-10-09T09:14:18.299+0000] {dag.py:3823} INFO - Setting next_dagrun for tutorial_dag to None, run_after=None
[2025-10-09T09:14:18.367+0000] {processor.py:183} INFO - Processing /home/airflow/.local/lib/python3.8/site-packages/airflow/example_dags/tutorial_dag.py took 0.200 seconds
[2025-10-09T09:14:49.391+0000] {processor.py:161} INFO - Started process (PID=7226) to work on /home/airflow/.local/lib/python3.8/site-packages/airflow/example_dags/tutorial_dag.py
[2025-10-09T09:14:49.393+0000] {processor.py:830} INFO - Processing file /home/airflow/.local/lib/python3.8/site-packages/airflow/example_dags/tutorial_dag.py for tasks to queue
[2025-10-09T09:14:49.395+0000] {logging_mixin.py:188} INFO - [2025-10-09T09:14:49.395+0000] {dagbag.py:538} INFO - Filling up the DagBag from /home/airflow/.local/lib/python3.8/site-packages/airflow/example_dags/tutorial_dag.py
[2025-10-09T09:14:49.405+0000] {processor.py:840} INFO - DAG(s) 'tutorial_dag' retrieved from /home/airflow/.local/lib/python3.8/site-packages/airflow/example_dags/tutorial_dag.py
[2025-10-09T09:14:49.450+0000] {logging_mixin.py:188} INFO - [2025-10-09T09:14:49.449+0000] {dag.py:3036} INFO - Sync 1 DAGs
[2025-10-09T09:14:49.477+0000] {logging_mixin.py:188} INFO - [2025-10-09T09:14:49.477+0000] {dag.py:3823} INFO - Setting next_dagrun for tutorial_dag to None, run_after=None
[2025-10-09T09:14:49.559+0000] {processor.py:183} INFO - Processing /home/airflow/.local/lib/python3.8/site-packages/airflow/example_dags/tutorial_dag.py took 0.172 seconds
[2025-10-09T09:15:20.440+0000] {processor.py:161} INFO - Started process (PID=7288) to work on /home/airflow/.local/lib/python3.8/site-packages/airflow/example_dags/tutorial_dag.py
[2025-10-09T09:15:20.441+0000] {processor.py:830} INFO - Processing file /home/airflow/.local/lib/python3.8/site-packages/airflow/example_dags/tutorial_dag.py for tasks to queue
[2025-10-09T09:15:20.443+0000] {logging_mixin.py:188} INFO - [2025-10-09T09:15:20.442+0000] {dagbag.py:538} INFO - Filling up the DagBag from /home/airflow/.local/lib/python3.8/site-packages/airflow/example_dags/tutorial_dag.py
[2025-10-09T09:15:20.452+0000] {processor.py:840} INFO - DAG(s) 'tutorial_dag' retrieved from /home/airflow/.local/lib/python3.8/site-packages/airflow/example_dags/tutorial_dag.py
[2025-10-09T09:15:20.493+0000] {logging_mixin.py:188} INFO - [2025-10-09T09:15:20.493+0000] {dag.py:3036} INFO - Sync 1 DAGs
[2025-10-09T09:15:20.514+0000] {logging_mixin.py:188} INFO - [2025-10-09T09:15:20.514+0000] {dag.py:3823} INFO - Setting next_dagrun for tutorial_dag to None, run_after=None
[2025-10-09T09:15:20.546+0000] {processor.py:183} INFO - Processing /home/airflow/.local/lib/python3.8/site-packages/airflow/example_dags/tutorial_dag.py took 0.112 seconds
[2025-10-09T09:15:51.514+0000] {processor.py:161} INFO - Started process (PID=7351) to work on /home/airflow/.local/lib/python3.8/site-packages/airflow/example_dags/tutorial_dag.py
[2025-10-09T09:15:51.516+0000] {processor.py:830} INFO - Processing file /home/airflow/.local/lib/python3.8/site-packages/airflow/example_dags/tutorial_dag.py for tasks to queue
[2025-10-09T09:15:51.518+0000] {logging_mixin.py:188} INFO - [2025-10-09T09:15:51.517+0000] {dagbag.py:538} INFO - Filling up the DagBag from /home/airflow/.local/lib/python3.8/site-packages/airflow/example_dags/tutorial_dag.py
[2025-10-09T09:15:51.527+0000] {processor.py:840} INFO - DAG(s) 'tutorial_dag' retrieved from /home/airflow/.local/lib/python3.8/site-packages/airflow/example_dags/tutorial_dag.py
[2025-10-09T09:15:51.571+0000] {logging_mixin.py:188} INFO - [2025-10-09T09:15:51.570+0000] {dag.py:3036} INFO - Sync 1 DAGs
[2025-10-09T09:15:51.595+0000] {logging_mixin.py:188} INFO - [2025-10-09T09:15:51.595+0000] {dag.py:3823} INFO - Setting next_dagrun for tutorial_dag to None, run_after=None
[2025-10-09T09:15:51.628+0000] {processor.py:183} INFO - Processing /home/airflow/.local/lib/python3.8/site-packages/airflow/example_dags/tutorial_dag.py took 0.119 seconds
[2025-10-09T09:16:22.679+0000] {processor.py:161} INFO - Started process (PID=7413) to work on /home/airflow/.local/lib/python3.8/site-packages/airflow/example_dags/tutorial_dag.py
[2025-10-09T09:16:22.685+0000] {processor.py:830} INFO - Processing file /home/airflow/.local/lib/python3.8/site-packages/airflow/example_dags/tutorial_dag.py for tasks to queue
[2025-10-09T09:16:22.697+0000] {logging_mixin.py:188} INFO - [2025-10-09T09:16:22.695+0000] {dagbag.py:538} INFO - Filling up the DagBag from /home/airflow/.local/lib/python3.8/site-packages/airflow/example_dags/tutorial_dag.py
[2025-10-09T09:16:22.722+0000] {processor.py:840} INFO - DAG(s) 'tutorial_dag' retrieved from /home/airflow/.local/lib/python3.8/site-packages/airflow/example_dags/tutorial_dag.py
[2025-10-09T09:16:22.843+0000] {logging_mixin.py:188} INFO - [2025-10-09T09:16:22.842+0000] {dag.py:3036} INFO - Sync 1 DAGs
[2025-10-09T09:16:22.906+0000] {logging_mixin.py:188} INFO - [2025-10-09T09:16:22.905+0000] {dag.py:3823} INFO - Setting next_dagrun for tutorial_dag to None, run_after=None
[2025-10-09T09:16:23.023+0000] {processor.py:183} INFO - Processing /home/airflow/.local/lib/python3.8/site-packages/airflow/example_dags/tutorial_dag.py took 0.361 seconds
[2025-10-09T09:16:53.162+0000] {processor.py:161} INFO - Started process (PID=7475) to work on /home/airflow/.local/lib/python3.8/site-packages/airflow/example_dags/tutorial_dag.py
[2025-10-09T09:16:53.164+0000] {processor.py:830} INFO - Processing file /home/airflow/.local/lib/python3.8/site-packages/airflow/example_dags/tutorial_dag.py for tasks to queue
[2025-10-09T09:16:53.166+0000] {logging_mixin.py:188} INFO - [2025-10-09T09:16:53.166+0000] {dagbag.py:538} INFO - Filling up the DagBag from /home/airflow/.local/lib/python3.8/site-packages/airflow/example_dags/tutorial_dag.py
[2025-10-09T09:16:53.174+0000] {processor.py:840} INFO - DAG(s) 'tutorial_dag' retrieved from /home/airflow/.local/lib/python3.8/site-packages/airflow/example_dags/tutorial_dag.py
[2025-10-09T09:16:53.217+0000] {logging_mixin.py:188} INFO - [2025-10-09T09:16:53.217+0000] {dag.py:3036} INFO - Sync 1 DAGs
[2025-10-09T09:16:53.238+0000] {logging_mixin.py:188} INFO - [2025-10-09T09:16:53.238+0000] {dag.py:3823} INFO - Setting next_dagrun for tutorial_dag to None, run_after=None
[2025-10-09T09:16:53.288+0000] {processor.py:183} INFO - Processing /home/airflow/.local/lib/python3.8/site-packages/airflow/example_dags/tutorial_dag.py took 0.131 seconds
[2025-10-09T09:17:24.327+0000] {processor.py:161} INFO - Started process (PID=7537) to work on /home/airflow/.local/lib/python3.8/site-packages/airflow/example_dags/tutorial_dag.py
[2025-10-09T09:17:24.330+0000] {processor.py:830} INFO - Processing file /home/airflow/.local/lib/python3.8/site-packages/airflow/example_dags/tutorial_dag.py for tasks to queue
[2025-10-09T09:17:24.332+0000] {logging_mixin.py:188} INFO - [2025-10-09T09:17:24.331+0000] {dagbag.py:538} INFO - Filling up the DagBag from /home/airflow/.local/lib/python3.8/site-packages/airflow/example_dags/tutorial_dag.py
[2025-10-09T09:17:24.348+0000] {processor.py:840} INFO - DAG(s) 'tutorial_dag' retrieved from /home/airflow/.local/lib/python3.8/site-packages/airflow/example_dags/tutorial_dag.py
[2025-10-09T09:17:24.401+0000] {logging_mixin.py:188} INFO - [2025-10-09T09:17:24.401+0000] {dag.py:3036} INFO - Sync 1 DAGs
[2025-10-09T09:17:24.429+0000] {logging_mixin.py:188} INFO - [2025-10-09T09:17:24.428+0000] {dag.py:3823} INFO - Setting next_dagrun for tutorial_dag to None, run_after=None
[2025-10-09T09:17:24.468+0000] {processor.py:183} INFO - Processing /home/airflow/.local/lib/python3.8/site-packages/airflow/example_dags/tutorial_dag.py took 0.148 seconds
[2025-10-09T09:17:55.035+0000] {processor.py:161} INFO - Started process (PID=7599) to work on /home/airflow/.local/lib/python3.8/site-packages/airflow/example_dags/tutorial_dag.py
[2025-10-09T09:17:55.039+0000] {processor.py:830} INFO - Processing file /home/airflow/.local/lib/python3.8/site-packages/airflow/example_dags/tutorial_dag.py for tasks to queue
[2025-10-09T09:17:55.041+0000] {logging_mixin.py:188} INFO - [2025-10-09T09:17:55.041+0000] {dagbag.py:538} INFO - Filling up the DagBag from /home/airflow/.local/lib/python3.8/site-packages/airflow/example_dags/tutorial_dag.py
[2025-10-09T09:17:55.051+0000] {processor.py:840} INFO - DAG(s) 'tutorial_dag' retrieved from /home/airflow/.local/lib/python3.8/site-packages/airflow/example_dags/tutorial_dag.py
[2025-10-09T09:17:55.093+0000] {logging_mixin.py:188} INFO - [2025-10-09T09:17:55.093+0000] {dag.py:3036} INFO - Sync 1 DAGs
[2025-10-09T09:17:55.120+0000] {logging_mixin.py:188} INFO - [2025-10-09T09:17:55.120+0000] {dag.py:3823} INFO - Setting next_dagrun for tutorial_dag to None, run_after=None
[2025-10-09T09:17:55.162+0000] {processor.py:183} INFO - Processing /home/airflow/.local/lib/python3.8/site-packages/airflow/example_dags/tutorial_dag.py took 0.134 seconds
[2025-10-09T09:18:25.361+0000] {processor.py:161} INFO - Started process (PID=7661) to work on /home/airflow/.local/lib/python3.8/site-packages/airflow/example_dags/tutorial_dag.py
[2025-10-09T09:18:25.364+0000] {processor.py:830} INFO - Processing file /home/airflow/.local/lib/python3.8/site-packages/airflow/example_dags/tutorial_dag.py for tasks to queue
[2025-10-09T09:18:25.369+0000] {logging_mixin.py:188} INFO - [2025-10-09T09:18:25.368+0000] {dagbag.py:538} INFO - Filling up the DagBag from /home/airflow/.local/lib/python3.8/site-packages/airflow/example_dags/tutorial_dag.py
[2025-10-09T09:18:25.378+0000] {processor.py:840} INFO - DAG(s) 'tutorial_dag' retrieved from /home/airflow/.local/lib/python3.8/site-packages/airflow/example_dags/tutorial_dag.py
[2025-10-09T09:18:25.424+0000] {logging_mixin.py:188} INFO - [2025-10-09T09:18:25.423+0000] {dag.py:3036} INFO - Sync 1 DAGs
[2025-10-09T09:18:25.449+0000] {logging_mixin.py:188} INFO - [2025-10-09T09:18:25.448+0000] {dag.py:3823} INFO - Setting next_dagrun for tutorial_dag to None, run_after=None
[2025-10-09T09:18:25.483+0000] {processor.py:183} INFO - Processing /home/airflow/.local/lib/python3.8/site-packages/airflow/example_dags/tutorial_dag.py took 0.129 seconds
[2025-10-09T09:18:55.837+0000] {processor.py:161} INFO - Started process (PID=7722) to work on /home/airflow/.local/lib/python3.8/site-packages/airflow/example_dags/tutorial_dag.py
[2025-10-09T09:18:55.839+0000] {processor.py:830} INFO - Processing file /home/airflow/.local/lib/python3.8/site-packages/airflow/example_dags/tutorial_dag.py for tasks to queue
[2025-10-09T09:18:55.841+0000] {logging_mixin.py:188} INFO - [2025-10-09T09:18:55.840+0000] {dagbag.py:538} INFO - Filling up the DagBag from /home/airflow/.local/lib/python3.8/site-packages/airflow/example_dags/tutorial_dag.py
[2025-10-09T09:18:55.849+0000] {processor.py:840} INFO - DAG(s) 'tutorial_dag' retrieved from /home/airflow/.local/lib/python3.8/site-packages/airflow/example_dags/tutorial_dag.py
[2025-10-09T09:18:55.882+0000] {logging_mixin.py:188} INFO - [2025-10-09T09:18:55.882+0000] {dag.py:3036} INFO - Sync 1 DAGs
[2025-10-09T09:18:55.899+0000] {logging_mixin.py:188} INFO - [2025-10-09T09:18:55.899+0000] {dag.py:3823} INFO - Setting next_dagrun for tutorial_dag to None, run_after=None
[2025-10-09T09:18:55.948+0000] {processor.py:183} INFO - Processing /home/airflow/.local/lib/python3.8/site-packages/airflow/example_dags/tutorial_dag.py took 0.117 seconds
[2025-10-09T09:19:26.343+0000] {processor.py:161} INFO - Started process (PID=7783) to work on /home/airflow/.local/lib/python3.8/site-packages/airflow/example_dags/tutorial_dag.py
[2025-10-09T09:19:26.345+0000] {processor.py:830} INFO - Processing file /home/airflow/.local/lib/python3.8/site-packages/airflow/example_dags/tutorial_dag.py for tasks to queue
[2025-10-09T09:19:26.349+0000] {logging_mixin.py:188} INFO - [2025-10-09T09:19:26.347+0000] {dagbag.py:538} INFO - Filling up the DagBag from /home/airflow/.local/lib/python3.8/site-packages/airflow/example_dags/tutorial_dag.py
[2025-10-09T09:19:26.366+0000] {processor.py:840} INFO - DAG(s) 'tutorial_dag' retrieved from /home/airflow/.local/lib/python3.8/site-packages/airflow/example_dags/tutorial_dag.py
[2025-10-09T09:19:26.423+0000] {logging_mixin.py:188} INFO - [2025-10-09T09:19:26.423+0000] {dag.py:3036} INFO - Sync 1 DAGs
[2025-10-09T09:19:26.454+0000] {logging_mixin.py:188} INFO - [2025-10-09T09:19:26.454+0000] {dag.py:3823} INFO - Setting next_dagrun for tutorial_dag to None, run_after=None
[2025-10-09T09:19:26.491+0000] {processor.py:183} INFO - Processing /home/airflow/.local/lib/python3.8/site-packages/airflow/example_dags/tutorial_dag.py took 0.152 seconds
[2025-10-09T09:19:56.875+0000] {processor.py:161} INFO - Started process (PID=7845) to work on /home/airflow/.local/lib/python3.8/site-packages/airflow/example_dags/tutorial_dag.py
[2025-10-09T09:19:56.878+0000] {processor.py:830} INFO - Processing file /home/airflow/.local/lib/python3.8/site-packages/airflow/example_dags/tutorial_dag.py for tasks to queue
[2025-10-09T09:19:56.880+0000] {logging_mixin.py:188} INFO - [2025-10-09T09:19:56.880+0000] {dagbag.py:538} INFO - Filling up the DagBag from /home/airflow/.local/lib/python3.8/site-packages/airflow/example_dags/tutorial_dag.py
[2025-10-09T09:19:56.894+0000] {processor.py:840} INFO - DAG(s) 'tutorial_dag' retrieved from /home/airflow/.local/lib/python3.8/site-packages/airflow/example_dags/tutorial_dag.py
[2025-10-09T09:19:56.951+0000] {logging_mixin.py:188} INFO - [2025-10-09T09:19:56.946+0000] {dag.py:3036} INFO - Sync 1 DAGs
[2025-10-09T09:19:56.981+0000] {logging_mixin.py:188} INFO - [2025-10-09T09:19:56.980+0000] {dag.py:3823} INFO - Setting next_dagrun for tutorial_dag to None, run_after=None
[2025-10-09T09:19:57.037+0000] {processor.py:183} INFO - Processing /home/airflow/.local/lib/python3.8/site-packages/airflow/example_dags/tutorial_dag.py took 0.167 seconds
[2025-10-09T09:20:27.315+0000] {processor.py:161} INFO - Started process (PID=7907) to work on /home/airflow/.local/lib/python3.8/site-packages/airflow/example_dags/tutorial_dag.py
[2025-10-09T09:20:27.317+0000] {processor.py:830} INFO - Processing file /home/airflow/.local/lib/python3.8/site-packages/airflow/example_dags/tutorial_dag.py for tasks to queue
[2025-10-09T09:20:27.319+0000] {logging_mixin.py:188} INFO - [2025-10-09T09:20:27.319+0000] {dagbag.py:538} INFO - Filling up the DagBag from /home/airflow/.local/lib/python3.8/site-packages/airflow/example_dags/tutorial_dag.py
[2025-10-09T09:20:27.329+0000] {processor.py:840} INFO - DAG(s) 'tutorial_dag' retrieved from /home/airflow/.local/lib/python3.8/site-packages/airflow/example_dags/tutorial_dag.py
[2025-10-09T09:20:27.374+0000] {logging_mixin.py:188} INFO - [2025-10-09T09:20:27.374+0000] {dag.py:3036} INFO - Sync 1 DAGs
[2025-10-09T09:20:27.397+0000] {logging_mixin.py:188} INFO - [2025-10-09T09:20:27.397+0000] {dag.py:3823} INFO - Setting next_dagrun for tutorial_dag to None, run_after=None
[2025-10-09T09:20:27.431+0000] {processor.py:183} INFO - Processing /home/airflow/.local/lib/python3.8/site-packages/airflow/example_dags/tutorial_dag.py took 0.123 seconds
[2025-10-09T09:20:57.766+0000] {processor.py:161} INFO - Started process (PID=7969) to work on /home/airflow/.local/lib/python3.8/site-packages/airflow/example_dags/tutorial_dag.py
[2025-10-09T09:20:57.768+0000] {processor.py:830} INFO - Processing file /home/airflow/.local/lib/python3.8/site-packages/airflow/example_dags/tutorial_dag.py for tasks to queue
[2025-10-09T09:20:57.770+0000] {logging_mixin.py:188} INFO - [2025-10-09T09:20:57.770+0000] {dagbag.py:538} INFO - Filling up the DagBag from /home/airflow/.local/lib/python3.8/site-packages/airflow/example_dags/tutorial_dag.py
[2025-10-09T09:20:57.780+0000] {processor.py:840} INFO - DAG(s) 'tutorial_dag' retrieved from /home/airflow/.local/lib/python3.8/site-packages/airflow/example_dags/tutorial_dag.py
[2025-10-09T09:20:57.827+0000] {logging_mixin.py:188} INFO - [2025-10-09T09:20:57.827+0000] {dag.py:3036} INFO - Sync 1 DAGs
[2025-10-09T09:20:57.955+0000] {logging_mixin.py:188} INFO - [2025-10-09T09:20:57.953+0000] {dag.py:3823} INFO - Setting next_dagrun for tutorial_dag to None, run_after=None
[2025-10-09T09:20:58.291+0000] {processor.py:183} INFO - Processing /home/airflow/.local/lib/python3.8/site-packages/airflow/example_dags/tutorial_dag.py took 0.530 seconds
[2025-10-09T09:21:29.098+0000] {processor.py:161} INFO - Started process (PID=8031) to work on /home/airflow/.local/lib/python3.8/site-packages/airflow/example_dags/tutorial_dag.py
[2025-10-09T09:21:29.100+0000] {processor.py:830} INFO - Processing file /home/airflow/.local/lib/python3.8/site-packages/airflow/example_dags/tutorial_dag.py for tasks to queue
[2025-10-09T09:21:29.102+0000] {logging_mixin.py:188} INFO - [2025-10-09T09:21:29.102+0000] {dagbag.py:538} INFO - Filling up the DagBag from /home/airflow/.local/lib/python3.8/site-packages/airflow/example_dags/tutorial_dag.py
[2025-10-09T09:21:29.112+0000] {processor.py:840} INFO - DAG(s) 'tutorial_dag' retrieved from /home/airflow/.local/lib/python3.8/site-packages/airflow/example_dags/tutorial_dag.py
[2025-10-09T09:21:29.156+0000] {logging_mixin.py:188} INFO - [2025-10-09T09:21:29.156+0000] {dag.py:3036} INFO - Sync 1 DAGs
[2025-10-09T09:21:29.181+0000] {logging_mixin.py:188} INFO - [2025-10-09T09:21:29.180+0000] {dag.py:3823} INFO - Setting next_dagrun for tutorial_dag to None, run_after=None
[2025-10-09T09:21:29.220+0000] {processor.py:183} INFO - Processing /home/airflow/.local/lib/python3.8/site-packages/airflow/example_dags/tutorial_dag.py took 0.128 seconds
[2025-10-09T09:21:59.856+0000] {processor.py:161} INFO - Started process (PID=8093) to work on /home/airflow/.local/lib/python3.8/site-packages/airflow/example_dags/tutorial_dag.py
[2025-10-09T09:21:59.858+0000] {processor.py:830} INFO - Processing file /home/airflow/.local/lib/python3.8/site-packages/airflow/example_dags/tutorial_dag.py for tasks to queue
[2025-10-09T09:21:59.860+0000] {logging_mixin.py:188} INFO - [2025-10-09T09:21:59.859+0000] {dagbag.py:538} INFO - Filling up the DagBag from /home/airflow/.local/lib/python3.8/site-packages/airflow/example_dags/tutorial_dag.py
[2025-10-09T09:21:59.868+0000] {processor.py:840} INFO - DAG(s) 'tutorial_dag' retrieved from /home/airflow/.local/lib/python3.8/site-packages/airflow/example_dags/tutorial_dag.py
[2025-10-09T09:21:59.911+0000] {logging_mixin.py:188} INFO - [2025-10-09T09:21:59.910+0000] {dag.py:3036} INFO - Sync 1 DAGs
[2025-10-09T09:21:59.934+0000] {logging_mixin.py:188} INFO - [2025-10-09T09:21:59.933+0000] {dag.py:3823} INFO - Setting next_dagrun for tutorial_dag to None, run_after=None
[2025-10-09T09:21:59.971+0000] {processor.py:183} INFO - Processing /home/airflow/.local/lib/python3.8/site-packages/airflow/example_dags/tutorial_dag.py took 0.121 seconds
[2025-10-09T09:22:30.476+0000] {processor.py:161} INFO - Started process (PID=8155) to work on /home/airflow/.local/lib/python3.8/site-packages/airflow/example_dags/tutorial_dag.py
[2025-10-09T09:22:30.478+0000] {processor.py:830} INFO - Processing file /home/airflow/.local/lib/python3.8/site-packages/airflow/example_dags/tutorial_dag.py for tasks to queue
[2025-10-09T09:22:30.480+0000] {logging_mixin.py:188} INFO - [2025-10-09T09:22:30.479+0000] {dagbag.py:538} INFO - Filling up the DagBag from /home/airflow/.local/lib/python3.8/site-packages/airflow/example_dags/tutorial_dag.py
[2025-10-09T09:22:30.492+0000] {processor.py:840} INFO - DAG(s) 'tutorial_dag' retrieved from /home/airflow/.local/lib/python3.8/site-packages/airflow/example_dags/tutorial_dag.py
[2025-10-09T09:22:30.535+0000] {logging_mixin.py:188} INFO - [2025-10-09T09:22:30.535+0000] {dag.py:3036} INFO - Sync 1 DAGs
[2025-10-09T09:22:30.558+0000] {logging_mixin.py:188} INFO - [2025-10-09T09:22:30.557+0000] {dag.py:3823} INFO - Setting next_dagrun for tutorial_dag to None, run_after=None
[2025-10-09T09:22:30.612+0000] {processor.py:183} INFO - Processing /home/airflow/.local/lib/python3.8/site-packages/airflow/example_dags/tutorial_dag.py took 0.142 seconds
[2025-10-09T09:23:01.535+0000] {processor.py:161} INFO - Started process (PID=8217) to work on /home/airflow/.local/lib/python3.8/site-packages/airflow/example_dags/tutorial_dag.py
[2025-10-09T09:23:01.537+0000] {processor.py:830} INFO - Processing file /home/airflow/.local/lib/python3.8/site-packages/airflow/example_dags/tutorial_dag.py for tasks to queue
[2025-10-09T09:23:01.541+0000] {logging_mixin.py:188} INFO - [2025-10-09T09:23:01.540+0000] {dagbag.py:538} INFO - Filling up the DagBag from /home/airflow/.local/lib/python3.8/site-packages/airflow/example_dags/tutorial_dag.py
[2025-10-09T09:23:01.557+0000] {processor.py:840} INFO - DAG(s) 'tutorial_dag' retrieved from /home/airflow/.local/lib/python3.8/site-packages/airflow/example_dags/tutorial_dag.py
[2025-10-09T09:23:01.631+0000] {logging_mixin.py:188} INFO - [2025-10-09T09:23:01.630+0000] {dag.py:3036} INFO - Sync 1 DAGs
[2025-10-09T09:23:01.655+0000] {logging_mixin.py:188} INFO - [2025-10-09T09:23:01.655+0000] {dag.py:3823} INFO - Setting next_dagrun for tutorial_dag to None, run_after=None
[2025-10-09T09:23:01.691+0000] {processor.py:183} INFO - Processing /home/airflow/.local/lib/python3.8/site-packages/airflow/example_dags/tutorial_dag.py took 0.165 seconds
[2025-10-09T09:23:32.353+0000] {processor.py:161} INFO - Started process (PID=8279) to work on /home/airflow/.local/lib/python3.8/site-packages/airflow/example_dags/tutorial_dag.py
[2025-10-09T09:23:32.354+0000] {processor.py:830} INFO - Processing file /home/airflow/.local/lib/python3.8/site-packages/airflow/example_dags/tutorial_dag.py for tasks to queue
[2025-10-09T09:23:32.356+0000] {logging_mixin.py:188} INFO - [2025-10-09T09:23:32.355+0000] {dagbag.py:538} INFO - Filling up the DagBag from /home/airflow/.local/lib/python3.8/site-packages/airflow/example_dags/tutorial_dag.py
[2025-10-09T09:23:32.367+0000] {processor.py:840} INFO - DAG(s) 'tutorial_dag' retrieved from /home/airflow/.local/lib/python3.8/site-packages/airflow/example_dags/tutorial_dag.py
[2025-10-09T09:23:32.416+0000] {logging_mixin.py:188} INFO - [2025-10-09T09:23:32.416+0000] {dag.py:3036} INFO - Sync 1 DAGs
[2025-10-09T09:23:32.439+0000] {logging_mixin.py:188} INFO - [2025-10-09T09:23:32.438+0000] {dag.py:3823} INFO - Setting next_dagrun for tutorial_dag to None, run_after=None
[2025-10-09T09:23:32.496+0000] {processor.py:183} INFO - Processing /home/airflow/.local/lib/python3.8/site-packages/airflow/example_dags/tutorial_dag.py took 0.149 seconds
[2025-10-09T09:24:04.071+0000] {processor.py:161} INFO - Started process (PID=8344) to work on /home/airflow/.local/lib/python3.8/site-packages/airflow/example_dags/tutorial_dag.py
[2025-10-09T09:24:04.073+0000] {processor.py:830} INFO - Processing file /home/airflow/.local/lib/python3.8/site-packages/airflow/example_dags/tutorial_dag.py for tasks to queue
[2025-10-09T09:24:04.075+0000] {logging_mixin.py:188} INFO - [2025-10-09T09:24:04.074+0000] {dagbag.py:538} INFO - Filling up the DagBag from /home/airflow/.local/lib/python3.8/site-packages/airflow/example_dags/tutorial_dag.py
[2025-10-09T09:24:04.083+0000] {processor.py:840} INFO - DAG(s) 'tutorial_dag' retrieved from /home/airflow/.local/lib/python3.8/site-packages/airflow/example_dags/tutorial_dag.py
[2025-10-09T09:24:04.129+0000] {logging_mixin.py:188} INFO - [2025-10-09T09:24:04.129+0000] {dag.py:3036} INFO - Sync 1 DAGs
[2025-10-09T09:24:04.149+0000] {logging_mixin.py:188} INFO - [2025-10-09T09:24:04.149+0000] {dag.py:3823} INFO - Setting next_dagrun for tutorial_dag to None, run_after=None
[2025-10-09T09:24:04.183+0000] {processor.py:183} INFO - Processing /home/airflow/.local/lib/python3.8/site-packages/airflow/example_dags/tutorial_dag.py took 0.116 seconds
[2025-10-09T09:24:34.711+0000] {processor.py:161} INFO - Started process (PID=8406) to work on /home/airflow/.local/lib/python3.8/site-packages/airflow/example_dags/tutorial_dag.py
[2025-10-09T09:24:34.712+0000] {processor.py:830} INFO - Processing file /home/airflow/.local/lib/python3.8/site-packages/airflow/example_dags/tutorial_dag.py for tasks to queue
[2025-10-09T09:24:34.715+0000] {logging_mixin.py:188} INFO - [2025-10-09T09:24:34.714+0000] {dagbag.py:538} INFO - Filling up the DagBag from /home/airflow/.local/lib/python3.8/site-packages/airflow/example_dags/tutorial_dag.py
[2025-10-09T09:24:34.725+0000] {processor.py:840} INFO - DAG(s) 'tutorial_dag' retrieved from /home/airflow/.local/lib/python3.8/site-packages/airflow/example_dags/tutorial_dag.py
[2025-10-09T09:24:34.774+0000] {logging_mixin.py:188} INFO - [2025-10-09T09:24:34.774+0000] {dag.py:3036} INFO - Sync 1 DAGs
[2025-10-09T09:24:34.797+0000] {logging_mixin.py:188} INFO - [2025-10-09T09:24:34.797+0000] {dag.py:3823} INFO - Setting next_dagrun for tutorial_dag to None, run_after=None
[2025-10-09T09:24:34.833+0000] {processor.py:183} INFO - Processing /home/airflow/.local/lib/python3.8/site-packages/airflow/example_dags/tutorial_dag.py took 0.128 seconds
[2025-10-09T09:25:05.087+0000] {processor.py:161} INFO - Started process (PID=8466) to work on /home/airflow/.local/lib/python3.8/site-packages/airflow/example_dags/tutorial_dag.py
[2025-10-09T09:25:05.091+0000] {processor.py:830} INFO - Processing file /home/airflow/.local/lib/python3.8/site-packages/airflow/example_dags/tutorial_dag.py for tasks to queue
[2025-10-09T09:25:05.094+0000] {logging_mixin.py:188} INFO - [2025-10-09T09:25:05.093+0000] {dagbag.py:538} INFO - Filling up the DagBag from /home/airflow/.local/lib/python3.8/site-packages/airflow/example_dags/tutorial_dag.py
[2025-10-09T09:25:05.108+0000] {processor.py:840} INFO - DAG(s) 'tutorial_dag' retrieved from /home/airflow/.local/lib/python3.8/site-packages/airflow/example_dags/tutorial_dag.py
[2025-10-09T09:25:05.180+0000] {logging_mixin.py:188} INFO - [2025-10-09T09:25:05.179+0000] {dag.py:3036} INFO - Sync 1 DAGs
[2025-10-09T09:25:05.216+0000] {logging_mixin.py:188} INFO - [2025-10-09T09:25:05.215+0000] {dag.py:3823} INFO - Setting next_dagrun for tutorial_dag to None, run_after=None
[2025-10-09T09:25:05.284+0000] {processor.py:183} INFO - Processing /home/airflow/.local/lib/python3.8/site-packages/airflow/example_dags/tutorial_dag.py took 0.206 seconds
[2025-10-09T09:25:35.397+0000] {processor.py:161} INFO - Started process (PID=8528) to work on /home/airflow/.local/lib/python3.8/site-packages/airflow/example_dags/tutorial_dag.py
[2025-10-09T09:25:35.400+0000] {processor.py:830} INFO - Processing file /home/airflow/.local/lib/python3.8/site-packages/airflow/example_dags/tutorial_dag.py for tasks to queue
[2025-10-09T09:25:35.402+0000] {logging_mixin.py:188} INFO - [2025-10-09T09:25:35.401+0000] {dagbag.py:538} INFO - Filling up the DagBag from /home/airflow/.local/lib/python3.8/site-packages/airflow/example_dags/tutorial_dag.py
[2025-10-09T09:25:35.411+0000] {processor.py:840} INFO - DAG(s) 'tutorial_dag' retrieved from /home/airflow/.local/lib/python3.8/site-packages/airflow/example_dags/tutorial_dag.py
[2025-10-09T09:25:35.457+0000] {logging_mixin.py:188} INFO - [2025-10-09T09:25:35.456+0000] {dag.py:3036} INFO - Sync 1 DAGs
[2025-10-09T09:25:35.487+0000] {logging_mixin.py:188} INFO - [2025-10-09T09:25:35.487+0000] {dag.py:3823} INFO - Setting next_dagrun for tutorial_dag to None, run_after=None
[2025-10-09T09:25:35.521+0000] {processor.py:183} INFO - Processing /home/airflow/.local/lib/python3.8/site-packages/airflow/example_dags/tutorial_dag.py took 0.132 seconds
[2025-10-09T09:26:06.035+0000] {processor.py:161} INFO - Started process (PID=8590) to work on /home/airflow/.local/lib/python3.8/site-packages/airflow/example_dags/tutorial_dag.py
[2025-10-09T09:26:06.036+0000] {processor.py:830} INFO - Processing file /home/airflow/.local/lib/python3.8/site-packages/airflow/example_dags/tutorial_dag.py for tasks to queue
[2025-10-09T09:26:06.038+0000] {logging_mixin.py:188} INFO - [2025-10-09T09:26:06.037+0000] {dagbag.py:538} INFO - Filling up the DagBag from /home/airflow/.local/lib/python3.8/site-packages/airflow/example_dags/tutorial_dag.py
[2025-10-09T09:26:06.046+0000] {processor.py:840} INFO - DAG(s) 'tutorial_dag' retrieved from /home/airflow/.local/lib/python3.8/site-packages/airflow/example_dags/tutorial_dag.py
[2025-10-09T09:26:06.090+0000] {logging_mixin.py:188} INFO - [2025-10-09T09:26:06.090+0000] {dag.py:3036} INFO - Sync 1 DAGs
[2025-10-09T09:26:06.115+0000] {logging_mixin.py:188} INFO - [2025-10-09T09:26:06.114+0000] {dag.py:3823} INFO - Setting next_dagrun for tutorial_dag to None, run_after=None
[2025-10-09T09:26:06.151+0000] {processor.py:183} INFO - Processing /home/airflow/.local/lib/python3.8/site-packages/airflow/example_dags/tutorial_dag.py took 0.122 seconds
[2025-10-09T09:26:36.411+0000] {processor.py:161} INFO - Started process (PID=8652) to work on /home/airflow/.local/lib/python3.8/site-packages/airflow/example_dags/tutorial_dag.py
[2025-10-09T09:26:36.413+0000] {processor.py:830} INFO - Processing file /home/airflow/.local/lib/python3.8/site-packages/airflow/example_dags/tutorial_dag.py for tasks to queue
[2025-10-09T09:26:36.414+0000] {logging_mixin.py:188} INFO - [2025-10-09T09:26:36.414+0000] {dagbag.py:538} INFO - Filling up the DagBag from /home/airflow/.local/lib/python3.8/site-packages/airflow/example_dags/tutorial_dag.py
[2025-10-09T09:26:36.424+0000] {processor.py:840} INFO - DAG(s) 'tutorial_dag' retrieved from /home/airflow/.local/lib/python3.8/site-packages/airflow/example_dags/tutorial_dag.py
[2025-10-09T09:26:36.467+0000] {logging_mixin.py:188} INFO - [2025-10-09T09:26:36.467+0000] {dag.py:3036} INFO - Sync 1 DAGs
[2025-10-09T09:26:36.489+0000] {logging_mixin.py:188} INFO - [2025-10-09T09:26:36.489+0000] {dag.py:3823} INFO - Setting next_dagrun for tutorial_dag to None, run_after=None
[2025-10-09T09:26:36.533+0000] {processor.py:183} INFO - Processing /home/airflow/.local/lib/python3.8/site-packages/airflow/example_dags/tutorial_dag.py took 0.129 seconds
[2025-10-09T09:27:06.708+0000] {processor.py:161} INFO - Started process (PID=8714) to work on /home/airflow/.local/lib/python3.8/site-packages/airflow/example_dags/tutorial_dag.py
[2025-10-09T09:27:06.710+0000] {processor.py:830} INFO - Processing file /home/airflow/.local/lib/python3.8/site-packages/airflow/example_dags/tutorial_dag.py for tasks to queue
[2025-10-09T09:27:06.712+0000] {logging_mixin.py:188} INFO - [2025-10-09T09:27:06.711+0000] {dagbag.py:538} INFO - Filling up the DagBag from /home/airflow/.local/lib/python3.8/site-packages/airflow/example_dags/tutorial_dag.py
[2025-10-09T09:27:06.720+0000] {processor.py:840} INFO - DAG(s) 'tutorial_dag' retrieved from /home/airflow/.local/lib/python3.8/site-packages/airflow/example_dags/tutorial_dag.py
[2025-10-09T09:27:06.756+0000] {logging_mixin.py:188} INFO - [2025-10-09T09:27:06.756+0000] {dag.py:3036} INFO - Sync 1 DAGs
[2025-10-09T09:27:06.775+0000] {logging_mixin.py:188} INFO - [2025-10-09T09:27:06.775+0000] {dag.py:3823} INFO - Setting next_dagrun for tutorial_dag to None, run_after=None
[2025-10-09T09:27:06.803+0000] {processor.py:183} INFO - Processing /home/airflow/.local/lib/python3.8/site-packages/airflow/example_dags/tutorial_dag.py took 0.100 seconds
[2025-10-09T09:27:37.140+0000] {processor.py:161} INFO - Started process (PID=8776) to work on /home/airflow/.local/lib/python3.8/site-packages/airflow/example_dags/tutorial_dag.py
[2025-10-09T09:27:37.142+0000] {processor.py:830} INFO - Processing file /home/airflow/.local/lib/python3.8/site-packages/airflow/example_dags/tutorial_dag.py for tasks to queue
[2025-10-09T09:27:37.143+0000] {logging_mixin.py:188} INFO - [2025-10-09T09:27:37.143+0000] {dagbag.py:538} INFO - Filling up the DagBag from /home/airflow/.local/lib/python3.8/site-packages/airflow/example_dags/tutorial_dag.py
[2025-10-09T09:27:37.151+0000] {processor.py:840} INFO - DAG(s) 'tutorial_dag' retrieved from /home/airflow/.local/lib/python3.8/site-packages/airflow/example_dags/tutorial_dag.py
[2025-10-09T09:27:37.186+0000] {logging_mixin.py:188} INFO - [2025-10-09T09:27:37.186+0000] {dag.py:3036} INFO - Sync 1 DAGs
[2025-10-09T09:27:37.206+0000] {logging_mixin.py:188} INFO - [2025-10-09T09:27:37.206+0000] {dag.py:3823} INFO - Setting next_dagrun for tutorial_dag to None, run_after=None
[2025-10-09T09:27:37.235+0000] {processor.py:183} INFO - Processing /home/airflow/.local/lib/python3.8/site-packages/airflow/example_dags/tutorial_dag.py took 0.100 seconds
[2025-10-09T09:28:08.214+0000] {processor.py:161} INFO - Started process (PID=8839) to work on /home/airflow/.local/lib/python3.8/site-packages/airflow/example_dags/tutorial_dag.py
[2025-10-09T09:28:08.216+0000] {processor.py:830} INFO - Processing file /home/airflow/.local/lib/python3.8/site-packages/airflow/example_dags/tutorial_dag.py for tasks to queue
[2025-10-09T09:28:08.218+0000] {logging_mixin.py:188} INFO - [2025-10-09T09:28:08.217+0000] {dagbag.py:538} INFO - Filling up the DagBag from /home/airflow/.local/lib/python3.8/site-packages/airflow/example_dags/tutorial_dag.py
[2025-10-09T09:28:08.227+0000] {processor.py:840} INFO - DAG(s) 'tutorial_dag' retrieved from /home/airflow/.local/lib/python3.8/site-packages/airflow/example_dags/tutorial_dag.py
[2025-10-09T09:28:08.287+0000] {logging_mixin.py:188} INFO - [2025-10-09T09:28:08.287+0000] {dag.py:3036} INFO - Sync 1 DAGs
[2025-10-09T09:28:08.307+0000] {logging_mixin.py:188} INFO - [2025-10-09T09:28:08.306+0000] {dag.py:3823} INFO - Setting next_dagrun for tutorial_dag to None, run_after=None
[2025-10-09T09:28:08.331+0000] {processor.py:183} INFO - Processing /home/airflow/.local/lib/python3.8/site-packages/airflow/example_dags/tutorial_dag.py took 0.122 seconds
[2025-10-09T09:28:38.555+0000] {processor.py:161} INFO - Started process (PID=8901) to work on /home/airflow/.local/lib/python3.8/site-packages/airflow/example_dags/tutorial_dag.py
[2025-10-09T09:28:38.557+0000] {processor.py:830} INFO - Processing file /home/airflow/.local/lib/python3.8/site-packages/airflow/example_dags/tutorial_dag.py for tasks to queue
[2025-10-09T09:28:38.558+0000] {logging_mixin.py:188} INFO - [2025-10-09T09:28:38.558+0000] {dagbag.py:538} INFO - Filling up the DagBag from /home/airflow/.local/lib/python3.8/site-packages/airflow/example_dags/tutorial_dag.py
[2025-10-09T09:28:38.565+0000] {processor.py:840} INFO - DAG(s) 'tutorial_dag' retrieved from /home/airflow/.local/lib/python3.8/site-packages/airflow/example_dags/tutorial_dag.py
[2025-10-09T09:28:38.599+0000] {logging_mixin.py:188} INFO - [2025-10-09T09:28:38.598+0000] {dag.py:3036} INFO - Sync 1 DAGs
[2025-10-09T09:28:38.623+0000] {logging_mixin.py:188} INFO - [2025-10-09T09:28:38.623+0000] {dag.py:3823} INFO - Setting next_dagrun for tutorial_dag to None, run_after=None
[2025-10-09T09:28:38.650+0000] {processor.py:183} INFO - Processing /home/airflow/.local/lib/python3.8/site-packages/airflow/example_dags/tutorial_dag.py took 0.100 seconds
[2025-10-09T09:29:09.587+0000] {processor.py:161} INFO - Started process (PID=8963) to work on /home/airflow/.local/lib/python3.8/site-packages/airflow/example_dags/tutorial_dag.py
[2025-10-09T09:29:09.589+0000] {processor.py:830} INFO - Processing file /home/airflow/.local/lib/python3.8/site-packages/airflow/example_dags/tutorial_dag.py for tasks to queue
[2025-10-09T09:29:09.590+0000] {logging_mixin.py:188} INFO - [2025-10-09T09:29:09.590+0000] {dagbag.py:538} INFO - Filling up the DagBag from /home/airflow/.local/lib/python3.8/site-packages/airflow/example_dags/tutorial_dag.py
[2025-10-09T09:29:09.597+0000] {processor.py:840} INFO - DAG(s) 'tutorial_dag' retrieved from /home/airflow/.local/lib/python3.8/site-packages/airflow/example_dags/tutorial_dag.py
[2025-10-09T09:29:09.635+0000] {logging_mixin.py:188} INFO - [2025-10-09T09:29:09.634+0000] {dag.py:3036} INFO - Sync 1 DAGs
[2025-10-09T09:29:09.653+0000] {logging_mixin.py:188} INFO - [2025-10-09T09:29:09.653+0000] {dag.py:3823} INFO - Setting next_dagrun for tutorial_dag to None, run_after=None
[2025-10-09T09:29:09.699+0000] {processor.py:183} INFO - Processing /home/airflow/.local/lib/python3.8/site-packages/airflow/example_dags/tutorial_dag.py took 0.116 seconds
[2025-10-09T09:29:40.260+0000] {processor.py:161} INFO - Started process (PID=9026) to work on /home/airflow/.local/lib/python3.8/site-packages/airflow/example_dags/tutorial_dag.py
[2025-10-09T09:29:40.261+0000] {processor.py:830} INFO - Processing file /home/airflow/.local/lib/python3.8/site-packages/airflow/example_dags/tutorial_dag.py for tasks to queue
[2025-10-09T09:29:40.262+0000] {logging_mixin.py:188} INFO - [2025-10-09T09:29:40.262+0000] {dagbag.py:538} INFO - Filling up the DagBag from /home/airflow/.local/lib/python3.8/site-packages/airflow/example_dags/tutorial_dag.py
[2025-10-09T09:29:40.270+0000] {processor.py:840} INFO - DAG(s) 'tutorial_dag' retrieved from /home/airflow/.local/lib/python3.8/site-packages/airflow/example_dags/tutorial_dag.py
[2025-10-09T09:29:40.307+0000] {logging_mixin.py:188} INFO - [2025-10-09T09:29:40.307+0000] {dag.py:3036} INFO - Sync 1 DAGs
[2025-10-09T09:29:40.339+0000] {logging_mixin.py:188} INFO - [2025-10-09T09:29:40.338+0000] {dag.py:3823} INFO - Setting next_dagrun for tutorial_dag to None, run_after=None
[2025-10-09T09:29:40.371+0000] {processor.py:183} INFO - Processing /home/airflow/.local/lib/python3.8/site-packages/airflow/example_dags/tutorial_dag.py took 0.116 seconds
[2025-10-09T09:30:10.658+0000] {processor.py:161} INFO - Started process (PID=9088) to work on /home/airflow/.local/lib/python3.8/site-packages/airflow/example_dags/tutorial_dag.py
[2025-10-09T09:30:10.660+0000] {processor.py:830} INFO - Processing file /home/airflow/.local/lib/python3.8/site-packages/airflow/example_dags/tutorial_dag.py for tasks to queue
[2025-10-09T09:30:10.662+0000] {logging_mixin.py:188} INFO - [2025-10-09T09:30:10.662+0000] {dagbag.py:538} INFO - Filling up the DagBag from /home/airflow/.local/lib/python3.8/site-packages/airflow/example_dags/tutorial_dag.py
[2025-10-09T09:30:10.670+0000] {processor.py:840} INFO - DAG(s) 'tutorial_dag' retrieved from /home/airflow/.local/lib/python3.8/site-packages/airflow/example_dags/tutorial_dag.py
[2025-10-09T09:30:10.707+0000] {logging_mixin.py:188} INFO - [2025-10-09T09:30:10.707+0000] {dag.py:3036} INFO - Sync 1 DAGs
[2025-10-09T09:30:10.726+0000] {logging_mixin.py:188} INFO - [2025-10-09T09:30:10.725+0000] {dag.py:3823} INFO - Setting next_dagrun for tutorial_dag to None, run_after=None
[2025-10-09T09:30:10.759+0000] {processor.py:183} INFO - Processing /home/airflow/.local/lib/python3.8/site-packages/airflow/example_dags/tutorial_dag.py took 0.105 seconds
[2025-10-09T09:30:41.248+0000] {processor.py:161} INFO - Started process (PID=9150) to work on /home/airflow/.local/lib/python3.8/site-packages/airflow/example_dags/tutorial_dag.py
[2025-10-09T09:30:41.250+0000] {processor.py:830} INFO - Processing file /home/airflow/.local/lib/python3.8/site-packages/airflow/example_dags/tutorial_dag.py for tasks to queue
[2025-10-09T09:30:41.252+0000] {logging_mixin.py:188} INFO - [2025-10-09T09:30:41.251+0000] {dagbag.py:538} INFO - Filling up the DagBag from /home/airflow/.local/lib/python3.8/site-packages/airflow/example_dags/tutorial_dag.py
[2025-10-09T09:30:41.260+0000] {processor.py:840} INFO - DAG(s) 'tutorial_dag' retrieved from /home/airflow/.local/lib/python3.8/site-packages/airflow/example_dags/tutorial_dag.py
[2025-10-09T09:30:41.295+0000] {logging_mixin.py:188} INFO - [2025-10-09T09:30:41.294+0000] {dag.py:3036} INFO - Sync 1 DAGs
[2025-10-09T09:30:41.312+0000] {logging_mixin.py:188} INFO - [2025-10-09T09:30:41.312+0000] {dag.py:3823} INFO - Setting next_dagrun for tutorial_dag to None, run_after=None
[2025-10-09T09:30:41.346+0000] {processor.py:183} INFO - Processing /home/airflow/.local/lib/python3.8/site-packages/airflow/example_dags/tutorial_dag.py took 0.103 seconds
[2025-10-09T09:31:11.584+0000] {processor.py:161} INFO - Started process (PID=9213) to work on /home/airflow/.local/lib/python3.8/site-packages/airflow/example_dags/tutorial_dag.py
[2025-10-09T09:31:11.586+0000] {processor.py:830} INFO - Processing file /home/airflow/.local/lib/python3.8/site-packages/airflow/example_dags/tutorial_dag.py for tasks to queue
[2025-10-09T09:31:11.588+0000] {logging_mixin.py:188} INFO - [2025-10-09T09:31:11.588+0000] {dagbag.py:538} INFO - Filling up the DagBag from /home/airflow/.local/lib/python3.8/site-packages/airflow/example_dags/tutorial_dag.py
[2025-10-09T09:31:11.599+0000] {processor.py:840} INFO - DAG(s) 'tutorial_dag' retrieved from /home/airflow/.local/lib/python3.8/site-packages/airflow/example_dags/tutorial_dag.py
[2025-10-09T09:31:11.653+0000] {logging_mixin.py:188} INFO - [2025-10-09T09:31:11.653+0000] {dag.py:3036} INFO - Sync 1 DAGs
[2025-10-09T09:31:11.675+0000] {logging_mixin.py:188} INFO - [2025-10-09T09:31:11.675+0000] {dag.py:3823} INFO - Setting next_dagrun for tutorial_dag to None, run_after=None
[2025-10-09T09:31:11.700+0000] {processor.py:183} INFO - Processing /home/airflow/.local/lib/python3.8/site-packages/airflow/example_dags/tutorial_dag.py took 0.127 seconds
[2025-10-09T09:31:41.941+0000] {processor.py:161} INFO - Started process (PID=9275) to work on /home/airflow/.local/lib/python3.8/site-packages/airflow/example_dags/tutorial_dag.py
[2025-10-09T09:31:41.943+0000] {processor.py:830} INFO - Processing file /home/airflow/.local/lib/python3.8/site-packages/airflow/example_dags/tutorial_dag.py for tasks to queue
[2025-10-09T09:31:41.944+0000] {logging_mixin.py:188} INFO - [2025-10-09T09:31:41.944+0000] {dagbag.py:538} INFO - Filling up the DagBag from /home/airflow/.local/lib/python3.8/site-packages/airflow/example_dags/tutorial_dag.py
[2025-10-09T09:31:41.952+0000] {processor.py:840} INFO - DAG(s) 'tutorial_dag' retrieved from /home/airflow/.local/lib/python3.8/site-packages/airflow/example_dags/tutorial_dag.py
[2025-10-09T09:31:41.988+0000] {logging_mixin.py:188} INFO - [2025-10-09T09:31:41.988+0000] {dag.py:3036} INFO - Sync 1 DAGs
[2025-10-09T09:31:42.005+0000] {logging_mixin.py:188} INFO - [2025-10-09T09:31:42.005+0000] {dag.py:3823} INFO - Setting next_dagrun for tutorial_dag to None, run_after=None
[2025-10-09T09:31:42.035+0000] {processor.py:183} INFO - Processing /home/airflow/.local/lib/python3.8/site-packages/airflow/example_dags/tutorial_dag.py took 0.099 seconds
[2025-10-09T09:32:12.345+0000] {processor.py:161} INFO - Started process (PID=9337) to work on /home/airflow/.local/lib/python3.8/site-packages/airflow/example_dags/tutorial_dag.py
[2025-10-09T09:32:12.346+0000] {processor.py:830} INFO - Processing file /home/airflow/.local/lib/python3.8/site-packages/airflow/example_dags/tutorial_dag.py for tasks to queue
[2025-10-09T09:32:12.347+0000] {logging_mixin.py:188} INFO - [2025-10-09T09:32:12.347+0000] {dagbag.py:538} INFO - Filling up the DagBag from /home/airflow/.local/lib/python3.8/site-packages/airflow/example_dags/tutorial_dag.py
[2025-10-09T09:32:12.354+0000] {processor.py:840} INFO - DAG(s) 'tutorial_dag' retrieved from /home/airflow/.local/lib/python3.8/site-packages/airflow/example_dags/tutorial_dag.py
[2025-10-09T09:32:12.389+0000] {logging_mixin.py:188} INFO - [2025-10-09T09:32:12.389+0000] {dag.py:3036} INFO - Sync 1 DAGs
[2025-10-09T09:32:12.406+0000] {logging_mixin.py:188} INFO - [2025-10-09T09:32:12.406+0000] {dag.py:3823} INFO - Setting next_dagrun for tutorial_dag to None, run_after=None
[2025-10-09T09:32:12.431+0000] {processor.py:183} INFO - Processing /home/airflow/.local/lib/python3.8/site-packages/airflow/example_dags/tutorial_dag.py took 0.091 seconds
[2025-10-09T09:32:43.387+0000] {processor.py:161} INFO - Started process (PID=9403) to work on /home/airflow/.local/lib/python3.8/site-packages/airflow/example_dags/tutorial_dag.py
[2025-10-09T09:32:43.388+0000] {processor.py:830} INFO - Processing file /home/airflow/.local/lib/python3.8/site-packages/airflow/example_dags/tutorial_dag.py for tasks to queue
[2025-10-09T09:32:43.390+0000] {logging_mixin.py:188} INFO - [2025-10-09T09:32:43.390+0000] {dagbag.py:538} INFO - Filling up the DagBag from /home/airflow/.local/lib/python3.8/site-packages/airflow/example_dags/tutorial_dag.py
[2025-10-09T09:32:43.397+0000] {processor.py:840} INFO - DAG(s) 'tutorial_dag' retrieved from /home/airflow/.local/lib/python3.8/site-packages/airflow/example_dags/tutorial_dag.py
[2025-10-09T09:32:43.430+0000] {logging_mixin.py:188} INFO - [2025-10-09T09:32:43.430+0000] {dag.py:3036} INFO - Sync 1 DAGs
[2025-10-09T09:32:43.450+0000] {logging_mixin.py:188} INFO - [2025-10-09T09:32:43.449+0000] {dag.py:3823} INFO - Setting next_dagrun for tutorial_dag to None, run_after=None
[2025-10-09T09:32:43.478+0000] {processor.py:183} INFO - Processing /home/airflow/.local/lib/python3.8/site-packages/airflow/example_dags/tutorial_dag.py took 0.096 seconds
[2025-10-09T09:33:14.432+0000] {processor.py:161} INFO - Started process (PID=9464) to work on /home/airflow/.local/lib/python3.8/site-packages/airflow/example_dags/tutorial_dag.py
[2025-10-09T09:33:14.434+0000] {processor.py:830} INFO - Processing file /home/airflow/.local/lib/python3.8/site-packages/airflow/example_dags/tutorial_dag.py for tasks to queue
[2025-10-09T09:33:14.435+0000] {logging_mixin.py:188} INFO - [2025-10-09T09:33:14.435+0000] {dagbag.py:538} INFO - Filling up the DagBag from /home/airflow/.local/lib/python3.8/site-packages/airflow/example_dags/tutorial_dag.py
[2025-10-09T09:33:14.444+0000] {processor.py:840} INFO - DAG(s) 'tutorial_dag' retrieved from /home/airflow/.local/lib/python3.8/site-packages/airflow/example_dags/tutorial_dag.py
[2025-10-09T09:33:14.487+0000] {logging_mixin.py:188} INFO - [2025-10-09T09:33:14.487+0000] {dag.py:3036} INFO - Sync 1 DAGs
[2025-10-09T09:33:14.506+0000] {logging_mixin.py:188} INFO - [2025-10-09T09:33:14.505+0000] {dag.py:3823} INFO - Setting next_dagrun for tutorial_dag to None, run_after=None
[2025-10-09T09:33:14.553+0000] {processor.py:183} INFO - Processing /home/airflow/.local/lib/python3.8/site-packages/airflow/example_dags/tutorial_dag.py took 0.127 seconds
[2025-10-09T09:33:45.213+0000] {processor.py:161} INFO - Started process (PID=9526) to work on /home/airflow/.local/lib/python3.8/site-packages/airflow/example_dags/tutorial_dag.py
[2025-10-09T09:33:45.215+0000] {processor.py:830} INFO - Processing file /home/airflow/.local/lib/python3.8/site-packages/airflow/example_dags/tutorial_dag.py for tasks to queue
[2025-10-09T09:33:45.216+0000] {logging_mixin.py:188} INFO - [2025-10-09T09:33:45.216+0000] {dagbag.py:538} INFO - Filling up the DagBag from /home/airflow/.local/lib/python3.8/site-packages/airflow/example_dags/tutorial_dag.py
[2025-10-09T09:33:45.224+0000] {processor.py:840} INFO - DAG(s) 'tutorial_dag' retrieved from /home/airflow/.local/lib/python3.8/site-packages/airflow/example_dags/tutorial_dag.py
[2025-10-09T09:33:45.262+0000] {logging_mixin.py:188} INFO - [2025-10-09T09:33:45.261+0000] {dag.py:3036} INFO - Sync 1 DAGs
[2025-10-09T09:33:45.280+0000] {logging_mixin.py:188} INFO - [2025-10-09T09:33:45.280+0000] {dag.py:3823} INFO - Setting next_dagrun for tutorial_dag to None, run_after=None
[2025-10-09T09:33:45.308+0000] {processor.py:183} INFO - Processing /home/airflow/.local/lib/python3.8/site-packages/airflow/example_dags/tutorial_dag.py took 0.101 seconds
[2025-10-09T09:34:16.475+0000] {processor.py:161} INFO - Started process (PID=9590) to work on /home/airflow/.local/lib/python3.8/site-packages/airflow/example_dags/tutorial_dag.py
[2025-10-09T09:34:16.477+0000] {processor.py:830} INFO - Processing file /home/airflow/.local/lib/python3.8/site-packages/airflow/example_dags/tutorial_dag.py for tasks to queue
[2025-10-09T09:34:16.478+0000] {logging_mixin.py:188} INFO - [2025-10-09T09:34:16.478+0000] {dagbag.py:538} INFO - Filling up the DagBag from /home/airflow/.local/lib/python3.8/site-packages/airflow/example_dags/tutorial_dag.py
[2025-10-09T09:34:16.486+0000] {processor.py:840} INFO - DAG(s) 'tutorial_dag' retrieved from /home/airflow/.local/lib/python3.8/site-packages/airflow/example_dags/tutorial_dag.py
[2025-10-09T09:34:16.525+0000] {logging_mixin.py:188} INFO - [2025-10-09T09:34:16.525+0000] {dag.py:3036} INFO - Sync 1 DAGs
[2025-10-09T09:34:16.546+0000] {logging_mixin.py:188} INFO - [2025-10-09T09:34:16.545+0000] {dag.py:3823} INFO - Setting next_dagrun for tutorial_dag to None, run_after=None
[2025-10-09T09:34:16.579+0000] {processor.py:183} INFO - Processing /home/airflow/.local/lib/python3.8/site-packages/airflow/example_dags/tutorial_dag.py took 0.109 seconds
[2025-10-09T09:34:47.789+0000] {processor.py:161} INFO - Started process (PID=9653) to work on /home/airflow/.local/lib/python3.8/site-packages/airflow/example_dags/tutorial_dag.py
[2025-10-09T09:34:47.791+0000] {processor.py:830} INFO - Processing file /home/airflow/.local/lib/python3.8/site-packages/airflow/example_dags/tutorial_dag.py for tasks to queue
[2025-10-09T09:34:47.793+0000] {logging_mixin.py:188} INFO - [2025-10-09T09:34:47.792+0000] {dagbag.py:538} INFO - Filling up the DagBag from /home/airflow/.local/lib/python3.8/site-packages/airflow/example_dags/tutorial_dag.py
[2025-10-09T09:34:47.801+0000] {processor.py:840} INFO - DAG(s) 'tutorial_dag' retrieved from /home/airflow/.local/lib/python3.8/site-packages/airflow/example_dags/tutorial_dag.py
[2025-10-09T09:34:47.834+0000] {logging_mixin.py:188} INFO - [2025-10-09T09:34:47.834+0000] {dag.py:3036} INFO - Sync 1 DAGs
[2025-10-09T09:34:47.853+0000] {logging_mixin.py:188} INFO - [2025-10-09T09:34:47.852+0000] {dag.py:3823} INFO - Setting next_dagrun for tutorial_dag to None, run_after=None
[2025-10-09T09:34:47.894+0000] {processor.py:183} INFO - Processing /home/airflow/.local/lib/python3.8/site-packages/airflow/example_dags/tutorial_dag.py took 0.110 seconds
[2025-10-09T09:35:19.552+0000] {processor.py:161} INFO - Started process (PID=9717) to work on /home/airflow/.local/lib/python3.8/site-packages/airflow/example_dags/tutorial_dag.py
[2025-10-09T09:35:19.554+0000] {processor.py:830} INFO - Processing file /home/airflow/.local/lib/python3.8/site-packages/airflow/example_dags/tutorial_dag.py for tasks to queue
[2025-10-09T09:35:19.556+0000] {logging_mixin.py:188} INFO - [2025-10-09T09:35:19.555+0000] {dagbag.py:538} INFO - Filling up the DagBag from /home/airflow/.local/lib/python3.8/site-packages/airflow/example_dags/tutorial_dag.py
[2025-10-09T09:35:19.565+0000] {processor.py:840} INFO - DAG(s) 'tutorial_dag' retrieved from /home/airflow/.local/lib/python3.8/site-packages/airflow/example_dags/tutorial_dag.py
[2025-10-09T09:35:19.604+0000] {logging_mixin.py:188} INFO - [2025-10-09T09:35:19.603+0000] {dag.py:3036} INFO - Sync 1 DAGs
[2025-10-09T09:35:19.623+0000] {logging_mixin.py:188} INFO - [2025-10-09T09:35:19.623+0000] {dag.py:3823} INFO - Setting next_dagrun for tutorial_dag to None, run_after=None
[2025-10-09T09:35:19.649+0000] {processor.py:183} INFO - Processing /home/airflow/.local/lib/python3.8/site-packages/airflow/example_dags/tutorial_dag.py took 0.101 seconds
[2025-10-09T09:35:51.654+0000] {processor.py:161} INFO - Started process (PID=9779) to work on /home/airflow/.local/lib/python3.8/site-packages/airflow/example_dags/tutorial_dag.py
[2025-10-09T09:35:51.657+0000] {processor.py:830} INFO - Processing file /home/airflow/.local/lib/python3.8/site-packages/airflow/example_dags/tutorial_dag.py for tasks to queue
[2025-10-09T09:35:51.659+0000] {logging_mixin.py:188} INFO - [2025-10-09T09:35:51.658+0000] {dagbag.py:538} INFO - Filling up the DagBag from /home/airflow/.local/lib/python3.8/site-packages/airflow/example_dags/tutorial_dag.py
[2025-10-09T09:35:51.673+0000] {processor.py:840} INFO - DAG(s) 'tutorial_dag' retrieved from /home/airflow/.local/lib/python3.8/site-packages/airflow/example_dags/tutorial_dag.py
[2025-10-09T09:35:51.725+0000] {logging_mixin.py:188} INFO - [2025-10-09T09:35:51.724+0000] {dag.py:3036} INFO - Sync 1 DAGs
[2025-10-09T09:35:51.749+0000] {logging_mixin.py:188} INFO - [2025-10-09T09:35:51.748+0000] {dag.py:3823} INFO - Setting next_dagrun for tutorial_dag to None, run_after=None
[2025-10-09T09:35:51.787+0000] {processor.py:183} INFO - Processing /home/airflow/.local/lib/python3.8/site-packages/airflow/example_dags/tutorial_dag.py took 0.153 seconds
[2025-10-09T09:36:22.577+0000] {processor.py:161} INFO - Started process (PID=9841) to work on /home/airflow/.local/lib/python3.8/site-packages/airflow/example_dags/tutorial_dag.py
[2025-10-09T09:36:22.579+0000] {processor.py:830} INFO - Processing file /home/airflow/.local/lib/python3.8/site-packages/airflow/example_dags/tutorial_dag.py for tasks to queue
[2025-10-09T09:36:22.581+0000] {logging_mixin.py:188} INFO - [2025-10-09T09:36:22.580+0000] {dagbag.py:538} INFO - Filling up the DagBag from /home/airflow/.local/lib/python3.8/site-packages/airflow/example_dags/tutorial_dag.py
[2025-10-09T09:36:22.588+0000] {processor.py:840} INFO - DAG(s) 'tutorial_dag' retrieved from /home/airflow/.local/lib/python3.8/site-packages/airflow/example_dags/tutorial_dag.py
[2025-10-09T09:36:22.628+0000] {logging_mixin.py:188} INFO - [2025-10-09T09:36:22.628+0000] {dag.py:3036} INFO - Sync 1 DAGs
[2025-10-09T09:36:22.645+0000] {logging_mixin.py:188} INFO - [2025-10-09T09:36:22.645+0000] {dag.py:3823} INFO - Setting next_dagrun for tutorial_dag to None, run_after=None
[2025-10-09T09:36:22.674+0000] {processor.py:183} INFO - Processing /home/airflow/.local/lib/python3.8/site-packages/airflow/example_dags/tutorial_dag.py took 0.101 seconds
[2025-10-09T09:36:52.795+0000] {processor.py:161} INFO - Started process (PID=9903) to work on /home/airflow/.local/lib/python3.8/site-packages/airflow/example_dags/tutorial_dag.py
[2025-10-09T09:36:52.796+0000] {processor.py:830} INFO - Processing file /home/airflow/.local/lib/python3.8/site-packages/airflow/example_dags/tutorial_dag.py for tasks to queue
[2025-10-09T09:36:52.798+0000] {logging_mixin.py:188} INFO - [2025-10-09T09:36:52.797+0000] {dagbag.py:538} INFO - Filling up the DagBag from /home/airflow/.local/lib/python3.8/site-packages/airflow/example_dags/tutorial_dag.py
[2025-10-09T09:36:52.805+0000] {processor.py:840} INFO - DAG(s) 'tutorial_dag' retrieved from /home/airflow/.local/lib/python3.8/site-packages/airflow/example_dags/tutorial_dag.py
[2025-10-09T09:36:52.837+0000] {logging_mixin.py:188} INFO - [2025-10-09T09:36:52.837+0000] {dag.py:3036} INFO - Sync 1 DAGs
[2025-10-09T09:36:52.854+0000] {logging_mixin.py:188} INFO - [2025-10-09T09:36:52.854+0000] {dag.py:3823} INFO - Setting next_dagrun for tutorial_dag to None, run_after=None
[2025-10-09T09:36:52.887+0000] {processor.py:183} INFO - Processing /home/airflow/.local/lib/python3.8/site-packages/airflow/example_dags/tutorial_dag.py took 0.096 seconds
[2025-10-09T09:37:24.481+0000] {processor.py:161} INFO - Started process (PID=9965) to work on /home/airflow/.local/lib/python3.8/site-packages/airflow/example_dags/tutorial_dag.py
[2025-10-09T09:37:24.483+0000] {processor.py:830} INFO - Processing file /home/airflow/.local/lib/python3.8/site-packages/airflow/example_dags/tutorial_dag.py for tasks to queue
[2025-10-09T09:37:24.486+0000] {logging_mixin.py:188} INFO - [2025-10-09T09:37:24.486+0000] {dagbag.py:538} INFO - Filling up the DagBag from /home/airflow/.local/lib/python3.8/site-packages/airflow/example_dags/tutorial_dag.py
[2025-10-09T09:37:24.497+0000] {processor.py:840} INFO - DAG(s) 'tutorial_dag' retrieved from /home/airflow/.local/lib/python3.8/site-packages/airflow/example_dags/tutorial_dag.py
[2025-10-09T09:37:24.535+0000] {logging_mixin.py:188} INFO - [2025-10-09T09:37:24.535+0000] {dag.py:3036} INFO - Sync 1 DAGs
[2025-10-09T09:37:24.553+0000] {logging_mixin.py:188} INFO - [2025-10-09T09:37:24.553+0000] {dag.py:3823} INFO - Setting next_dagrun for tutorial_dag to None, run_after=None
[2025-10-09T09:37:24.602+0000] {processor.py:183} INFO - Processing /home/airflow/.local/lib/python3.8/site-packages/airflow/example_dags/tutorial_dag.py took 0.129 seconds
[2025-10-09T09:37:54.750+0000] {processor.py:161} INFO - Started process (PID=10027) to work on /home/airflow/.local/lib/python3.8/site-packages/airflow/example_dags/tutorial_dag.py
[2025-10-09T09:37:54.753+0000] {processor.py:830} INFO - Processing file /home/airflow/.local/lib/python3.8/site-packages/airflow/example_dags/tutorial_dag.py for tasks to queue
[2025-10-09T09:37:54.756+0000] {logging_mixin.py:188} INFO - [2025-10-09T09:37:54.755+0000] {dagbag.py:538} INFO - Filling up the DagBag from /home/airflow/.local/lib/python3.8/site-packages/airflow/example_dags/tutorial_dag.py
[2025-10-09T09:37:54.770+0000] {processor.py:840} INFO - DAG(s) 'tutorial_dag' retrieved from /home/airflow/.local/lib/python3.8/site-packages/airflow/example_dags/tutorial_dag.py
[2025-10-09T09:37:54.804+0000] {logging_mixin.py:188} INFO - [2025-10-09T09:37:54.803+0000] {dag.py:3036} INFO - Sync 1 DAGs
[2025-10-09T09:37:54.821+0000] {logging_mixin.py:188} INFO - [2025-10-09T09:37:54.820+0000] {dag.py:3823} INFO - Setting next_dagrun for tutorial_dag to None, run_after=None
[2025-10-09T09:37:54.855+0000] {processor.py:183} INFO - Processing /home/airflow/.local/lib/python3.8/site-packages/airflow/example_dags/tutorial_dag.py took 0.113 seconds
[2025-10-09T09:38:25.806+0000] {processor.py:161} INFO - Started process (PID=10089) to work on /home/airflow/.local/lib/python3.8/site-packages/airflow/example_dags/tutorial_dag.py
[2025-10-09T09:38:25.809+0000] {processor.py:830} INFO - Processing file /home/airflow/.local/lib/python3.8/site-packages/airflow/example_dags/tutorial_dag.py for tasks to queue
[2025-10-09T09:38:25.811+0000] {logging_mixin.py:188} INFO - [2025-10-09T09:38:25.810+0000] {dagbag.py:538} INFO - Filling up the DagBag from /home/airflow/.local/lib/python3.8/site-packages/airflow/example_dags/tutorial_dag.py
[2025-10-09T09:38:25.824+0000] {processor.py:840} INFO - DAG(s) 'tutorial_dag' retrieved from /home/airflow/.local/lib/python3.8/site-packages/airflow/example_dags/tutorial_dag.py
[2025-10-09T09:38:25.873+0000] {logging_mixin.py:188} INFO - [2025-10-09T09:38:25.873+0000] {dag.py:3036} INFO - Sync 1 DAGs
[2025-10-09T09:38:25.891+0000] {logging_mixin.py:188} INFO - [2025-10-09T09:38:25.891+0000] {dag.py:3823} INFO - Setting next_dagrun for tutorial_dag to None, run_after=None
[2025-10-09T09:38:25.920+0000] {processor.py:183} INFO - Processing /home/airflow/.local/lib/python3.8/site-packages/airflow/example_dags/tutorial_dag.py took 0.121 seconds
[2025-10-09T09:38:57.929+0000] {processor.py:161} INFO - Started process (PID=10152) to work on /home/airflow/.local/lib/python3.8/site-packages/airflow/example_dags/tutorial_dag.py
[2025-10-09T09:38:57.931+0000] {processor.py:830} INFO - Processing file /home/airflow/.local/lib/python3.8/site-packages/airflow/example_dags/tutorial_dag.py for tasks to queue
[2025-10-09T09:38:57.932+0000] {logging_mixin.py:188} INFO - [2025-10-09T09:38:57.932+0000] {dagbag.py:538} INFO - Filling up the DagBag from /home/airflow/.local/lib/python3.8/site-packages/airflow/example_dags/tutorial_dag.py
[2025-10-09T09:38:57.940+0000] {processor.py:840} INFO - DAG(s) 'tutorial_dag' retrieved from /home/airflow/.local/lib/python3.8/site-packages/airflow/example_dags/tutorial_dag.py
[2025-10-09T09:38:57.978+0000] {logging_mixin.py:188} INFO - [2025-10-09T09:38:57.978+0000] {dag.py:3036} INFO - Sync 1 DAGs
[2025-10-09T09:38:57.996+0000] {logging_mixin.py:188} INFO - [2025-10-09T09:38:57.996+0000] {dag.py:3823} INFO - Setting next_dagrun for tutorial_dag to None, run_after=None
[2025-10-09T09:38:58.024+0000] {processor.py:183} INFO - Processing /home/airflow/.local/lib/python3.8/site-packages/airflow/example_dags/tutorial_dag.py took 0.099 seconds
[2025-10-09T09:39:28.666+0000] {processor.py:161} INFO - Started process (PID=10214) to work on /home/airflow/.local/lib/python3.8/site-packages/airflow/example_dags/tutorial_dag.py
[2025-10-09T09:39:28.668+0000] {processor.py:830} INFO - Processing file /home/airflow/.local/lib/python3.8/site-packages/airflow/example_dags/tutorial_dag.py for tasks to queue
[2025-10-09T09:39:28.672+0000] {logging_mixin.py:188} INFO - [2025-10-09T09:39:28.671+0000] {dagbag.py:538} INFO - Filling up the DagBag from /home/airflow/.local/lib/python3.8/site-packages/airflow/example_dags/tutorial_dag.py
[2025-10-09T09:39:28.685+0000] {processor.py:840} INFO - DAG(s) 'tutorial_dag' retrieved from /home/airflow/.local/lib/python3.8/site-packages/airflow/example_dags/tutorial_dag.py
[2025-10-09T09:39:28.720+0000] {logging_mixin.py:188} INFO - [2025-10-09T09:39:28.720+0000] {dag.py:3036} INFO - Sync 1 DAGs
[2025-10-09T09:39:28.737+0000] {logging_mixin.py:188} INFO - [2025-10-09T09:39:28.737+0000] {dag.py:3823} INFO - Setting next_dagrun for tutorial_dag to None, run_after=None
[2025-10-09T09:39:28.786+0000] {processor.py:183} INFO - Processing /home/airflow/.local/lib/python3.8/site-packages/airflow/example_dags/tutorial_dag.py took 0.129 seconds
[2025-10-09T09:39:58.984+0000] {processor.py:161} INFO - Started process (PID=10276) to work on /home/airflow/.local/lib/python3.8/site-packages/airflow/example_dags/tutorial_dag.py
[2025-10-09T09:39:58.986+0000] {processor.py:830} INFO - Processing file /home/airflow/.local/lib/python3.8/site-packages/airflow/example_dags/tutorial_dag.py for tasks to queue
[2025-10-09T09:39:58.988+0000] {logging_mixin.py:188} INFO - [2025-10-09T09:39:58.988+0000] {dagbag.py:538} INFO - Filling up the DagBag from /home/airflow/.local/lib/python3.8/site-packages/airflow/example_dags/tutorial_dag.py
[2025-10-09T09:39:58.997+0000] {processor.py:840} INFO - DAG(s) 'tutorial_dag' retrieved from /home/airflow/.local/lib/python3.8/site-packages/airflow/example_dags/tutorial_dag.py
[2025-10-09T09:39:59.033+0000] {logging_mixin.py:188} INFO - [2025-10-09T09:39:59.033+0000] {dag.py:3036} INFO - Sync 1 DAGs
[2025-10-09T09:39:59.052+0000] {logging_mixin.py:188} INFO - [2025-10-09T09:39:59.052+0000] {dag.py:3823} INFO - Setting next_dagrun for tutorial_dag to None, run_after=None
[2025-10-09T09:39:59.098+0000] {processor.py:183} INFO - Processing /home/airflow/.local/lib/python3.8/site-packages/airflow/example_dags/tutorial_dag.py took 0.120 seconds
[2025-10-09T09:40:29.674+0000] {processor.py:161} INFO - Started process (PID=10338) to work on /home/airflow/.local/lib/python3.8/site-packages/airflow/example_dags/tutorial_dag.py
[2025-10-09T09:40:29.676+0000] {processor.py:830} INFO - Processing file /home/airflow/.local/lib/python3.8/site-packages/airflow/example_dags/tutorial_dag.py for tasks to queue
[2025-10-09T09:40:29.678+0000] {logging_mixin.py:188} INFO - [2025-10-09T09:40:29.677+0000] {dagbag.py:538} INFO - Filling up the DagBag from /home/airflow/.local/lib/python3.8/site-packages/airflow/example_dags/tutorial_dag.py
[2025-10-09T09:40:29.685+0000] {processor.py:840} INFO - DAG(s) 'tutorial_dag' retrieved from /home/airflow/.local/lib/python3.8/site-packages/airflow/example_dags/tutorial_dag.py
[2025-10-09T09:40:29.722+0000] {logging_mixin.py:188} INFO - [2025-10-09T09:40:29.722+0000] {dag.py:3036} INFO - Sync 1 DAGs
[2025-10-09T09:40:29.742+0000] {logging_mixin.py:188} INFO - [2025-10-09T09:40:29.741+0000] {dag.py:3823} INFO - Setting next_dagrun for tutorial_dag to None, run_after=None
[2025-10-09T09:40:29.776+0000] {processor.py:183} INFO - Processing /home/airflow/.local/lib/python3.8/site-packages/airflow/example_dags/tutorial_dag.py took 0.107 seconds
[2025-10-09T09:41:00.447+0000] {processor.py:161} INFO - Started process (PID=10400) to work on /home/airflow/.local/lib/python3.8/site-packages/airflow/example_dags/tutorial_dag.py
[2025-10-09T09:41:00.449+0000] {processor.py:830} INFO - Processing file /home/airflow/.local/lib/python3.8/site-packages/airflow/example_dags/tutorial_dag.py for tasks to queue
[2025-10-09T09:41:00.451+0000] {logging_mixin.py:188} INFO - [2025-10-09T09:41:00.450+0000] {dagbag.py:538} INFO - Filling up the DagBag from /home/airflow/.local/lib/python3.8/site-packages/airflow/example_dags/tutorial_dag.py
[2025-10-09T09:41:00.458+0000] {processor.py:840} INFO - DAG(s) 'tutorial_dag' retrieved from /home/airflow/.local/lib/python3.8/site-packages/airflow/example_dags/tutorial_dag.py
[2025-10-09T09:41:00.494+0000] {logging_mixin.py:188} INFO - [2025-10-09T09:41:00.493+0000] {dag.py:3036} INFO - Sync 1 DAGs
[2025-10-09T09:41:00.512+0000] {logging_mixin.py:188} INFO - [2025-10-09T09:41:00.511+0000] {dag.py:3823} INFO - Setting next_dagrun for tutorial_dag to None, run_after=None
[2025-10-09T09:41:00.540+0000] {processor.py:183} INFO - Processing /home/airflow/.local/lib/python3.8/site-packages/airflow/example_dags/tutorial_dag.py took 0.098 seconds
[2025-10-09T09:41:32.136+0000] {processor.py:161} INFO - Started process (PID=10462) to work on /home/airflow/.local/lib/python3.8/site-packages/airflow/example_dags/tutorial_dag.py
[2025-10-09T09:41:32.139+0000] {processor.py:830} INFO - Processing file /home/airflow/.local/lib/python3.8/site-packages/airflow/example_dags/tutorial_dag.py for tasks to queue
[2025-10-09T09:41:32.142+0000] {logging_mixin.py:188} INFO - [2025-10-09T09:41:32.141+0000] {dagbag.py:538} INFO - Filling up the DagBag from /home/airflow/.local/lib/python3.8/site-packages/airflow/example_dags/tutorial_dag.py
[2025-10-09T09:41:32.155+0000] {processor.py:840} INFO - DAG(s) 'tutorial_dag' retrieved from /home/airflow/.local/lib/python3.8/site-packages/airflow/example_dags/tutorial_dag.py
[2025-10-09T09:41:32.191+0000] {logging_mixin.py:188} INFO - [2025-10-09T09:41:32.191+0000] {dag.py:3036} INFO - Sync 1 DAGs
[2025-10-09T09:41:32.210+0000] {logging_mixin.py:188} INFO - [2025-10-09T09:41:32.209+0000] {dag.py:3823} INFO - Setting next_dagrun for tutorial_dag to None, run_after=None
[2025-10-09T09:41:32.268+0000] {processor.py:183} INFO - Processing /home/airflow/.local/lib/python3.8/site-packages/airflow/example_dags/tutorial_dag.py took 0.143 seconds
[2025-10-09T09:42:02.612+0000] {processor.py:161} INFO - Started process (PID=10524) to work on /home/airflow/.local/lib/python3.8/site-packages/airflow/example_dags/tutorial_dag.py
[2025-10-09T09:42:02.614+0000] {processor.py:830} INFO - Processing file /home/airflow/.local/lib/python3.8/site-packages/airflow/example_dags/tutorial_dag.py for tasks to queue
[2025-10-09T09:42:02.616+0000] {logging_mixin.py:188} INFO - [2025-10-09T09:42:02.615+0000] {dagbag.py:538} INFO - Filling up the DagBag from /home/airflow/.local/lib/python3.8/site-packages/airflow/example_dags/tutorial_dag.py
[2025-10-09T09:42:02.623+0000] {processor.py:840} INFO - DAG(s) 'tutorial_dag' retrieved from /home/airflow/.local/lib/python3.8/site-packages/airflow/example_dags/tutorial_dag.py
[2025-10-09T09:42:02.658+0000] {logging_mixin.py:188} INFO - [2025-10-09T09:42:02.657+0000] {dag.py:3036} INFO - Sync 1 DAGs
[2025-10-09T09:42:02.675+0000] {logging_mixin.py:188} INFO - [2025-10-09T09:42:02.674+0000] {dag.py:3823} INFO - Setting next_dagrun for tutorial_dag to None, run_after=None
[2025-10-09T09:42:02.705+0000] {processor.py:183} INFO - Processing /home/airflow/.local/lib/python3.8/site-packages/airflow/example_dags/tutorial_dag.py took 0.097 seconds
[2025-10-09T09:42:33.122+0000] {processor.py:161} INFO - Started process (PID=10586) to work on /home/airflow/.local/lib/python3.8/site-packages/airflow/example_dags/tutorial_dag.py
[2025-10-09T09:42:33.123+0000] {processor.py:830} INFO - Processing file /home/airflow/.local/lib/python3.8/site-packages/airflow/example_dags/tutorial_dag.py for tasks to queue
[2025-10-09T09:42:33.125+0000] {logging_mixin.py:188} INFO - [2025-10-09T09:42:33.124+0000] {dagbag.py:538} INFO - Filling up the DagBag from /home/airflow/.local/lib/python3.8/site-packages/airflow/example_dags/tutorial_dag.py
[2025-10-09T09:42:33.133+0000] {processor.py:840} INFO - DAG(s) 'tutorial_dag' retrieved from /home/airflow/.local/lib/python3.8/site-packages/airflow/example_dags/tutorial_dag.py
[2025-10-09T09:42:33.173+0000] {logging_mixin.py:188} INFO - [2025-10-09T09:42:33.173+0000] {dag.py:3036} INFO - Sync 1 DAGs
[2025-10-09T09:42:33.193+0000] {logging_mixin.py:188} INFO - [2025-10-09T09:42:33.193+0000] {dag.py:3823} INFO - Setting next_dagrun for tutorial_dag to None, run_after=None
[2025-10-09T09:42:33.223+0000] {processor.py:183} INFO - Processing /home/airflow/.local/lib/python3.8/site-packages/airflow/example_dags/tutorial_dag.py took 0.106 seconds
[2025-10-09T09:43:03.857+0000] {processor.py:161} INFO - Started process (PID=10648) to work on /home/airflow/.local/lib/python3.8/site-packages/airflow/example_dags/tutorial_dag.py
[2025-10-09T09:43:03.858+0000] {processor.py:830} INFO - Processing file /home/airflow/.local/lib/python3.8/site-packages/airflow/example_dags/tutorial_dag.py for tasks to queue
[2025-10-09T09:43:03.860+0000] {logging_mixin.py:188} INFO - [2025-10-09T09:43:03.860+0000] {dagbag.py:538} INFO - Filling up the DagBag from /home/airflow/.local/lib/python3.8/site-packages/airflow/example_dags/tutorial_dag.py
[2025-10-09T09:43:03.868+0000] {processor.py:840} INFO - DAG(s) 'tutorial_dag' retrieved from /home/airflow/.local/lib/python3.8/site-packages/airflow/example_dags/tutorial_dag.py
[2025-10-09T09:43:03.902+0000] {logging_mixin.py:188} INFO - [2025-10-09T09:43:03.901+0000] {dag.py:3036} INFO - Sync 1 DAGs
[2025-10-09T09:43:03.918+0000] {logging_mixin.py:188} INFO - [2025-10-09T09:43:03.918+0000] {dag.py:3823} INFO - Setting next_dagrun for tutorial_dag to None, run_after=None
[2025-10-09T09:43:03.946+0000] {processor.py:183} INFO - Processing /home/airflow/.local/lib/python3.8/site-packages/airflow/example_dags/tutorial_dag.py took 0.094 seconds
[2025-10-09T09:43:35.016+0000] {processor.py:161} INFO - Started process (PID=10710) to work on /home/airflow/.local/lib/python3.8/site-packages/airflow/example_dags/tutorial_dag.py
[2025-10-09T09:43:35.018+0000] {processor.py:830} INFO - Processing file /home/airflow/.local/lib/python3.8/site-packages/airflow/example_dags/tutorial_dag.py for tasks to queue
[2025-10-09T09:43:35.019+0000] {logging_mixin.py:188} INFO - [2025-10-09T09:43:35.019+0000] {dagbag.py:538} INFO - Filling up the DagBag from /home/airflow/.local/lib/python3.8/site-packages/airflow/example_dags/tutorial_dag.py
[2025-10-09T09:43:35.027+0000] {processor.py:840} INFO - DAG(s) 'tutorial_dag' retrieved from /home/airflow/.local/lib/python3.8/site-packages/airflow/example_dags/tutorial_dag.py
[2025-10-09T09:43:35.064+0000] {logging_mixin.py:188} INFO - [2025-10-09T09:43:35.064+0000] {dag.py:3036} INFO - Sync 1 DAGs
[2025-10-09T09:43:35.082+0000] {logging_mixin.py:188} INFO - [2025-10-09T09:43:35.082+0000] {dag.py:3823} INFO - Setting next_dagrun for tutorial_dag to None, run_after=None
[2025-10-09T09:43:35.122+0000] {processor.py:183} INFO - Processing /home/airflow/.local/lib/python3.8/site-packages/airflow/example_dags/tutorial_dag.py took 0.111 seconds
[2025-10-09T09:44:06.830+0000] {processor.py:161} INFO - Started process (PID=10772) to work on /home/airflow/.local/lib/python3.8/site-packages/airflow/example_dags/tutorial_dag.py
[2025-10-09T09:44:06.832+0000] {processor.py:830} INFO - Processing file /home/airflow/.local/lib/python3.8/site-packages/airflow/example_dags/tutorial_dag.py for tasks to queue
[2025-10-09T09:44:06.833+0000] {logging_mixin.py:188} INFO - [2025-10-09T09:44:06.833+0000] {dagbag.py:538} INFO - Filling up the DagBag from /home/airflow/.local/lib/python3.8/site-packages/airflow/example_dags/tutorial_dag.py
[2025-10-09T09:44:06.841+0000] {processor.py:840} INFO - DAG(s) 'tutorial_dag' retrieved from /home/airflow/.local/lib/python3.8/site-packages/airflow/example_dags/tutorial_dag.py
[2025-10-09T09:44:06.876+0000] {logging_mixin.py:188} INFO - [2025-10-09T09:44:06.876+0000] {dag.py:3036} INFO - Sync 1 DAGs
[2025-10-09T09:44:06.892+0000] {logging_mixin.py:188} INFO - [2025-10-09T09:44:06.892+0000] {dag.py:3823} INFO - Setting next_dagrun for tutorial_dag to None, run_after=None
[2025-10-09T09:44:06.957+0000] {processor.py:183} INFO - Processing /home/airflow/.local/lib/python3.8/site-packages/airflow/example_dags/tutorial_dag.py took 0.132 seconds
[2025-10-09T09:44:37.613+0000] {processor.py:161} INFO - Started process (PID=10834) to work on /home/airflow/.local/lib/python3.8/site-packages/airflow/example_dags/tutorial_dag.py
[2025-10-09T09:44:37.615+0000] {processor.py:830} INFO - Processing file /home/airflow/.local/lib/python3.8/site-packages/airflow/example_dags/tutorial_dag.py for tasks to queue
[2025-10-09T09:44:37.616+0000] {logging_mixin.py:188} INFO - [2025-10-09T09:44:37.616+0000] {dagbag.py:538} INFO - Filling up the DagBag from /home/airflow/.local/lib/python3.8/site-packages/airflow/example_dags/tutorial_dag.py
[2025-10-09T09:44:37.625+0000] {processor.py:840} INFO - DAG(s) 'tutorial_dag' retrieved from /home/airflow/.local/lib/python3.8/site-packages/airflow/example_dags/tutorial_dag.py
[2025-10-09T09:44:37.670+0000] {logging_mixin.py:188} INFO - [2025-10-09T09:44:37.669+0000] {dag.py:3036} INFO - Sync 1 DAGs
[2025-10-09T09:44:37.687+0000] {logging_mixin.py:188} INFO - [2025-10-09T09:44:37.687+0000] {dag.py:3823} INFO - Setting next_dagrun for tutorial_dag to None, run_after=None
[2025-10-09T09:44:37.758+0000] {processor.py:183} INFO - Processing /home/airflow/.local/lib/python3.8/site-packages/airflow/example_dags/tutorial_dag.py took 0.151 seconds
[2025-10-09T09:45:08.872+0000] {processor.py:161} INFO - Started process (PID=10896) to work on /home/airflow/.local/lib/python3.8/site-packages/airflow/example_dags/tutorial_dag.py
[2025-10-09T09:45:08.874+0000] {processor.py:830} INFO - Processing file /home/airflow/.local/lib/python3.8/site-packages/airflow/example_dags/tutorial_dag.py for tasks to queue
[2025-10-09T09:45:08.876+0000] {logging_mixin.py:188} INFO - [2025-10-09T09:45:08.875+0000] {dagbag.py:538} INFO - Filling up the DagBag from /home/airflow/.local/lib/python3.8/site-packages/airflow/example_dags/tutorial_dag.py
[2025-10-09T09:45:08.884+0000] {processor.py:840} INFO - DAG(s) 'tutorial_dag' retrieved from /home/airflow/.local/lib/python3.8/site-packages/airflow/example_dags/tutorial_dag.py
[2025-10-09T09:45:08.929+0000] {logging_mixin.py:188} INFO - [2025-10-09T09:45:08.929+0000] {dag.py:3036} INFO - Sync 1 DAGs
[2025-10-09T09:45:08.954+0000] {logging_mixin.py:188} INFO - [2025-10-09T09:45:08.954+0000] {dag.py:3823} INFO - Setting next_dagrun for tutorial_dag to None, run_after=None
[2025-10-09T09:45:08.987+0000] {processor.py:183} INFO - Processing /home/airflow/.local/lib/python3.8/site-packages/airflow/example_dags/tutorial_dag.py took 0.120 seconds
[2025-10-09T09:45:39.614+0000] {processor.py:161} INFO - Started process (PID=10958) to work on /home/airflow/.local/lib/python3.8/site-packages/airflow/example_dags/tutorial_dag.py
[2025-10-09T09:45:39.615+0000] {processor.py:830} INFO - Processing file /home/airflow/.local/lib/python3.8/site-packages/airflow/example_dags/tutorial_dag.py for tasks to queue
[2025-10-09T09:45:39.617+0000] {logging_mixin.py:188} INFO - [2025-10-09T09:45:39.617+0000] {dagbag.py:538} INFO - Filling up the DagBag from /home/airflow/.local/lib/python3.8/site-packages/airflow/example_dags/tutorial_dag.py
[2025-10-09T09:45:39.624+0000] {processor.py:840} INFO - DAG(s) 'tutorial_dag' retrieved from /home/airflow/.local/lib/python3.8/site-packages/airflow/example_dags/tutorial_dag.py
[2025-10-09T09:45:39.657+0000] {logging_mixin.py:188} INFO - [2025-10-09T09:45:39.657+0000] {dag.py:3036} INFO - Sync 1 DAGs
[2025-10-09T09:45:39.678+0000] {logging_mixin.py:188} INFO - [2025-10-09T09:45:39.678+0000] {dag.py:3823} INFO - Setting next_dagrun for tutorial_dag to None, run_after=None
[2025-10-09T09:45:39.733+0000] {processor.py:183} INFO - Processing /home/airflow/.local/lib/python3.8/site-packages/airflow/example_dags/tutorial_dag.py took 0.124 seconds
[2025-10-09T09:46:09.940+0000] {processor.py:161} INFO - Started process (PID=11020) to work on /home/airflow/.local/lib/python3.8/site-packages/airflow/example_dags/tutorial_dag.py
[2025-10-09T09:46:09.942+0000] {processor.py:830} INFO - Processing file /home/airflow/.local/lib/python3.8/site-packages/airflow/example_dags/tutorial_dag.py for tasks to queue
[2025-10-09T09:46:09.944+0000] {logging_mixin.py:188} INFO - [2025-10-09T09:46:09.944+0000] {dagbag.py:538} INFO - Filling up the DagBag from /home/airflow/.local/lib/python3.8/site-packages/airflow/example_dags/tutorial_dag.py
[2025-10-09T09:46:09.955+0000] {processor.py:840} INFO - DAG(s) 'tutorial_dag' retrieved from /home/airflow/.local/lib/python3.8/site-packages/airflow/example_dags/tutorial_dag.py
[2025-10-09T09:46:10.000+0000] {logging_mixin.py:188} INFO - [2025-10-09T09:46:10.000+0000] {dag.py:3036} INFO - Sync 1 DAGs
[2025-10-09T09:46:10.018+0000] {logging_mixin.py:188} INFO - [2025-10-09T09:46:10.018+0000] {dag.py:3823} INFO - Setting next_dagrun for tutorial_dag to None, run_after=None
[2025-10-09T09:46:10.062+0000] {processor.py:183} INFO - Processing /home/airflow/.local/lib/python3.8/site-packages/airflow/example_dags/tutorial_dag.py took 0.128 seconds
[2025-10-09T09:46:41.149+0000] {processor.py:161} INFO - Started process (PID=11082) to work on /home/airflow/.local/lib/python3.8/site-packages/airflow/example_dags/tutorial_dag.py
[2025-10-09T09:46:41.151+0000] {processor.py:830} INFO - Processing file /home/airflow/.local/lib/python3.8/site-packages/airflow/example_dags/tutorial_dag.py for tasks to queue
[2025-10-09T09:46:41.153+0000] {logging_mixin.py:188} INFO - [2025-10-09T09:46:41.153+0000] {dagbag.py:538} INFO - Filling up the DagBag from /home/airflow/.local/lib/python3.8/site-packages/airflow/example_dags/tutorial_dag.py
[2025-10-09T09:46:41.163+0000] {processor.py:840} INFO - DAG(s) 'tutorial_dag' retrieved from /home/airflow/.local/lib/python3.8/site-packages/airflow/example_dags/tutorial_dag.py
[2025-10-09T09:46:41.199+0000] {logging_mixin.py:188} INFO - [2025-10-09T09:46:41.198+0000] {dag.py:3036} INFO - Sync 1 DAGs
[2025-10-09T09:46:41.221+0000] {logging_mixin.py:188} INFO - [2025-10-09T09:46:41.220+0000] {dag.py:3823} INFO - Setting next_dagrun for tutorial_dag to None, run_after=None
[2025-10-09T09:46:41.251+0000] {processor.py:183} INFO - Processing /home/airflow/.local/lib/python3.8/site-packages/airflow/example_dags/tutorial_dag.py took 0.108 seconds
[2025-10-09T09:47:12.544+0000] {processor.py:161} INFO - Started process (PID=11144) to work on /home/airflow/.local/lib/python3.8/site-packages/airflow/example_dags/tutorial_dag.py
[2025-10-09T09:47:12.546+0000] {processor.py:830} INFO - Processing file /home/airflow/.local/lib/python3.8/site-packages/airflow/example_dags/tutorial_dag.py for tasks to queue
[2025-10-09T09:47:12.547+0000] {logging_mixin.py:188} INFO - [2025-10-09T09:47:12.547+0000] {dagbag.py:538} INFO - Filling up the DagBag from /home/airflow/.local/lib/python3.8/site-packages/airflow/example_dags/tutorial_dag.py
[2025-10-09T09:47:12.555+0000] {processor.py:840} INFO - DAG(s) 'tutorial_dag' retrieved from /home/airflow/.local/lib/python3.8/site-packages/airflow/example_dags/tutorial_dag.py
[2025-10-09T09:47:12.593+0000] {logging_mixin.py:188} INFO - [2025-10-09T09:47:12.593+0000] {dag.py:3036} INFO - Sync 1 DAGs
[2025-10-09T09:47:12.612+0000] {logging_mixin.py:188} INFO - [2025-10-09T09:47:12.612+0000] {dag.py:3823} INFO - Setting next_dagrun for tutorial_dag to None, run_after=None
[2025-10-09T09:47:12.641+0000] {processor.py:183} INFO - Processing /home/airflow/.local/lib/python3.8/site-packages/airflow/example_dags/tutorial_dag.py took 0.102 seconds
[2025-10-09T09:47:42.951+0000] {processor.py:161} INFO - Started process (PID=11206) to work on /home/airflow/.local/lib/python3.8/site-packages/airflow/example_dags/tutorial_dag.py
[2025-10-09T09:47:42.953+0000] {processor.py:830} INFO - Processing file /home/airflow/.local/lib/python3.8/site-packages/airflow/example_dags/tutorial_dag.py for tasks to queue
[2025-10-09T09:47:42.954+0000] {logging_mixin.py:188} INFO - [2025-10-09T09:47:42.954+0000] {dagbag.py:538} INFO - Filling up the DagBag from /home/airflow/.local/lib/python3.8/site-packages/airflow/example_dags/tutorial_dag.py
[2025-10-09T09:47:42.961+0000] {processor.py:840} INFO - DAG(s) 'tutorial_dag' retrieved from /home/airflow/.local/lib/python3.8/site-packages/airflow/example_dags/tutorial_dag.py
[2025-10-09T09:47:42.995+0000] {logging_mixin.py:188} INFO - [2025-10-09T09:47:42.994+0000] {dag.py:3036} INFO - Sync 1 DAGs
[2025-10-09T09:47:43.012+0000] {logging_mixin.py:188} INFO - [2025-10-09T09:47:43.011+0000] {dag.py:3823} INFO - Setting next_dagrun for tutorial_dag to None, run_after=None
[2025-10-09T09:47:43.042+0000] {processor.py:183} INFO - Processing /home/airflow/.local/lib/python3.8/site-packages/airflow/example_dags/tutorial_dag.py took 0.095 seconds
[2025-10-09T09:48:13.759+0000] {processor.py:161} INFO - Started process (PID=11268) to work on /home/airflow/.local/lib/python3.8/site-packages/airflow/example_dags/tutorial_dag.py
[2025-10-09T09:48:13.761+0000] {processor.py:830} INFO - Processing file /home/airflow/.local/lib/python3.8/site-packages/airflow/example_dags/tutorial_dag.py for tasks to queue
[2025-10-09T09:48:13.762+0000] {logging_mixin.py:188} INFO - [2025-10-09T09:48:13.762+0000] {dagbag.py:538} INFO - Filling up the DagBag from /home/airflow/.local/lib/python3.8/site-packages/airflow/example_dags/tutorial_dag.py
[2025-10-09T09:48:13.768+0000] {processor.py:840} INFO - DAG(s) 'tutorial_dag' retrieved from /home/airflow/.local/lib/python3.8/site-packages/airflow/example_dags/tutorial_dag.py
[2025-10-09T09:48:13.803+0000] {logging_mixin.py:188} INFO - [2025-10-09T09:48:13.802+0000] {dag.py:3036} INFO - Sync 1 DAGs
[2025-10-09T09:48:13.821+0000] {logging_mixin.py:188} INFO - [2025-10-09T09:48:13.821+0000] {dag.py:3823} INFO - Setting next_dagrun for tutorial_dag to None, run_after=None
[2025-10-09T09:48:13.849+0000] {processor.py:183} INFO - Processing /home/airflow/.local/lib/python3.8/site-packages/airflow/example_dags/tutorial_dag.py took 0.094 seconds
[2025-10-09T09:48:46.238+0000] {processor.py:161} INFO - Started process (PID=11336) to work on /home/airflow/.local/lib/python3.8/site-packages/airflow/example_dags/tutorial_dag.py
[2025-10-09T09:48:46.240+0000] {processor.py:830} INFO - Processing file /home/airflow/.local/lib/python3.8/site-packages/airflow/example_dags/tutorial_dag.py for tasks to queue
[2025-10-09T09:48:46.241+0000] {logging_mixin.py:188} INFO - [2025-10-09T09:48:46.241+0000] {dagbag.py:538} INFO - Filling up the DagBag from /home/airflow/.local/lib/python3.8/site-packages/airflow/example_dags/tutorial_dag.py
[2025-10-09T09:48:46.249+0000] {processor.py:840} INFO - DAG(s) 'tutorial_dag' retrieved from /home/airflow/.local/lib/python3.8/site-packages/airflow/example_dags/tutorial_dag.py
[2025-10-09T09:48:46.288+0000] {logging_mixin.py:188} INFO - [2025-10-09T09:48:46.288+0000] {dag.py:3036} INFO - Sync 1 DAGs
[2025-10-09T09:48:46.305+0000] {logging_mixin.py:188} INFO - [2025-10-09T09:48:46.305+0000] {dag.py:3823} INFO - Setting next_dagrun for tutorial_dag to None, run_after=None
[2025-10-09T09:48:46.331+0000] {processor.py:183} INFO - Processing /home/airflow/.local/lib/python3.8/site-packages/airflow/example_dags/tutorial_dag.py took 0.098 seconds
[2025-10-09T09:49:16.818+0000] {processor.py:161} INFO - Started process (PID=11399) to work on /home/airflow/.local/lib/python3.8/site-packages/airflow/example_dags/tutorial_dag.py
[2025-10-09T09:49:16.821+0000] {processor.py:830} INFO - Processing file /home/airflow/.local/lib/python3.8/site-packages/airflow/example_dags/tutorial_dag.py for tasks to queue
[2025-10-09T09:49:16.823+0000] {logging_mixin.py:188} INFO - [2025-10-09T09:49:16.822+0000] {dagbag.py:538} INFO - Filling up the DagBag from /home/airflow/.local/lib/python3.8/site-packages/airflow/example_dags/tutorial_dag.py
[2025-10-09T09:49:16.836+0000] {processor.py:840} INFO - DAG(s) 'tutorial_dag' retrieved from /home/airflow/.local/lib/python3.8/site-packages/airflow/example_dags/tutorial_dag.py
[2025-10-09T09:49:16.888+0000] {logging_mixin.py:188} INFO - [2025-10-09T09:49:16.887+0000] {dag.py:3036} INFO - Sync 1 DAGs
[2025-10-09T09:49:16.905+0000] {logging_mixin.py:188} INFO - [2025-10-09T09:49:16.904+0000] {dag.py:3823} INFO - Setting next_dagrun for tutorial_dag to None, run_after=None
[2025-10-09T09:49:16.963+0000] {processor.py:183} INFO - Processing /home/airflow/.local/lib/python3.8/site-packages/airflow/example_dags/tutorial_dag.py took 0.153 seconds
[2025-10-09T09:49:49.067+0000] {processor.py:161} INFO - Started process (PID=11462) to work on /home/airflow/.local/lib/python3.8/site-packages/airflow/example_dags/tutorial_dag.py
[2025-10-09T09:49:49.069+0000] {processor.py:830} INFO - Processing file /home/airflow/.local/lib/python3.8/site-packages/airflow/example_dags/tutorial_dag.py for tasks to queue
[2025-10-09T09:49:49.071+0000] {logging_mixin.py:188} INFO - [2025-10-09T09:49:49.070+0000] {dagbag.py:538} INFO - Filling up the DagBag from /home/airflow/.local/lib/python3.8/site-packages/airflow/example_dags/tutorial_dag.py
[2025-10-09T09:49:49.079+0000] {processor.py:840} INFO - DAG(s) 'tutorial_dag' retrieved from /home/airflow/.local/lib/python3.8/site-packages/airflow/example_dags/tutorial_dag.py
[2025-10-09T09:49:49.118+0000] {logging_mixin.py:188} INFO - [2025-10-09T09:49:49.118+0000] {dag.py:3036} INFO - Sync 1 DAGs
[2025-10-09T09:49:49.136+0000] {logging_mixin.py:188} INFO - [2025-10-09T09:49:49.136+0000] {dag.py:3823} INFO - Setting next_dagrun for tutorial_dag to None, run_after=None
[2025-10-09T09:49:49.185+0000] {processor.py:183} INFO - Processing /home/airflow/.local/lib/python3.8/site-packages/airflow/example_dags/tutorial_dag.py took 0.122 seconds
[2025-10-09T09:50:20.368+0000] {processor.py:161} INFO - Started process (PID=11525) to work on /home/airflow/.local/lib/python3.8/site-packages/airflow/example_dags/tutorial_dag.py
[2025-10-09T09:50:20.370+0000] {processor.py:830} INFO - Processing file /home/airflow/.local/lib/python3.8/site-packages/airflow/example_dags/tutorial_dag.py for tasks to queue
[2025-10-09T09:50:20.371+0000] {logging_mixin.py:188} INFO - [2025-10-09T09:50:20.371+0000] {dagbag.py:538} INFO - Filling up the DagBag from /home/airflow/.local/lib/python3.8/site-packages/airflow/example_dags/tutorial_dag.py
[2025-10-09T09:50:20.378+0000] {processor.py:840} INFO - DAG(s) 'tutorial_dag' retrieved from /home/airflow/.local/lib/python3.8/site-packages/airflow/example_dags/tutorial_dag.py
[2025-10-09T09:50:20.413+0000] {logging_mixin.py:188} INFO - [2025-10-09T09:50:20.412+0000] {dag.py:3036} INFO - Sync 1 DAGs
[2025-10-09T09:50:20.430+0000] {logging_mixin.py:188} INFO - [2025-10-09T09:50:20.430+0000] {dag.py:3823} INFO - Setting next_dagrun for tutorial_dag to None, run_after=None
[2025-10-09T09:50:20.460+0000] {processor.py:183} INFO - Processing /home/airflow/.local/lib/python3.8/site-packages/airflow/example_dags/tutorial_dag.py took 0.096 seconds
[2025-10-09T09:50:51.401+0000] {processor.py:161} INFO - Started process (PID=11587) to work on /home/airflow/.local/lib/python3.8/site-packages/airflow/example_dags/tutorial_dag.py
[2025-10-09T09:50:51.403+0000] {processor.py:830} INFO - Processing file /home/airflow/.local/lib/python3.8/site-packages/airflow/example_dags/tutorial_dag.py for tasks to queue
[2025-10-09T09:50:51.404+0000] {logging_mixin.py:188} INFO - [2025-10-09T09:50:51.404+0000] {dagbag.py:538} INFO - Filling up the DagBag from /home/airflow/.local/lib/python3.8/site-packages/airflow/example_dags/tutorial_dag.py
[2025-10-09T09:50:51.412+0000] {processor.py:840} INFO - DAG(s) 'tutorial_dag' retrieved from /home/airflow/.local/lib/python3.8/site-packages/airflow/example_dags/tutorial_dag.py
[2025-10-09T09:50:51.451+0000] {logging_mixin.py:188} INFO - [2025-10-09T09:50:51.451+0000] {dag.py:3036} INFO - Sync 1 DAGs
[2025-10-09T09:50:51.470+0000] {logging_mixin.py:188} INFO - [2025-10-09T09:50:51.470+0000] {dag.py:3823} INFO - Setting next_dagrun for tutorial_dag to None, run_after=None
[2025-10-09T09:50:51.499+0000] {processor.py:183} INFO - Processing /home/airflow/.local/lib/python3.8/site-packages/airflow/example_dags/tutorial_dag.py took 0.103 seconds
[2025-10-09T09:51:23.148+0000] {processor.py:161} INFO - Started process (PID=11649) to work on /home/airflow/.local/lib/python3.8/site-packages/airflow/example_dags/tutorial_dag.py
[2025-10-09T09:51:23.150+0000] {processor.py:830} INFO - Processing file /home/airflow/.local/lib/python3.8/site-packages/airflow/example_dags/tutorial_dag.py for tasks to queue
[2025-10-09T09:51:23.152+0000] {logging_mixin.py:188} INFO - [2025-10-09T09:51:23.152+0000] {dagbag.py:538} INFO - Filling up the DagBag from /home/airflow/.local/lib/python3.8/site-packages/airflow/example_dags/tutorial_dag.py
[2025-10-09T09:51:23.161+0000] {processor.py:840} INFO - DAG(s) 'tutorial_dag' retrieved from /home/airflow/.local/lib/python3.8/site-packages/airflow/example_dags/tutorial_dag.py
[2025-10-09T09:51:23.194+0000] {logging_mixin.py:188} INFO - [2025-10-09T09:51:23.194+0000] {dag.py:3036} INFO - Sync 1 DAGs
[2025-10-09T09:51:23.211+0000] {logging_mixin.py:188} INFO - [2025-10-09T09:51:23.210+0000] {dag.py:3823} INFO - Setting next_dagrun for tutorial_dag to None, run_after=None
[2025-10-09T09:51:23.269+0000] {processor.py:183} INFO - Processing /home/airflow/.local/lib/python3.8/site-packages/airflow/example_dags/tutorial_dag.py took 0.125 seconds
[2025-10-09T09:51:53.818+0000] {processor.py:161} INFO - Started process (PID=11711) to work on /home/airflow/.local/lib/python3.8/site-packages/airflow/example_dags/tutorial_dag.py
[2025-10-09T09:51:53.820+0000] {processor.py:830} INFO - Processing file /home/airflow/.local/lib/python3.8/site-packages/airflow/example_dags/tutorial_dag.py for tasks to queue
[2025-10-09T09:51:53.821+0000] {logging_mixin.py:188} INFO - [2025-10-09T09:51:53.821+0000] {dagbag.py:538} INFO - Filling up the DagBag from /home/airflow/.local/lib/python3.8/site-packages/airflow/example_dags/tutorial_dag.py
[2025-10-09T09:51:53.829+0000] {processor.py:840} INFO - DAG(s) 'tutorial_dag' retrieved from /home/airflow/.local/lib/python3.8/site-packages/airflow/example_dags/tutorial_dag.py
[2025-10-09T09:51:53.878+0000] {logging_mixin.py:188} INFO - [2025-10-09T09:51:53.878+0000] {dag.py:3036} INFO - Sync 1 DAGs
[2025-10-09T09:51:53.897+0000] {logging_mixin.py:188} INFO - [2025-10-09T09:51:53.896+0000] {dag.py:3823} INFO - Setting next_dagrun for tutorial_dag to None, run_after=None
[2025-10-09T09:51:53.949+0000] {processor.py:183} INFO - Processing /home/airflow/.local/lib/python3.8/site-packages/airflow/example_dags/tutorial_dag.py took 0.136 seconds
[2025-10-09T09:52:25.267+0000] {processor.py:161} INFO - Started process (PID=11773) to work on /home/airflow/.local/lib/python3.8/site-packages/airflow/example_dags/tutorial_dag.py
[2025-10-09T09:52:25.268+0000] {processor.py:830} INFO - Processing file /home/airflow/.local/lib/python3.8/site-packages/airflow/example_dags/tutorial_dag.py for tasks to queue
[2025-10-09T09:52:25.270+0000] {logging_mixin.py:188} INFO - [2025-10-09T09:52:25.269+0000] {dagbag.py:538} INFO - Filling up the DagBag from /home/airflow/.local/lib/python3.8/site-packages/airflow/example_dags/tutorial_dag.py
[2025-10-09T09:52:25.276+0000] {processor.py:840} INFO - DAG(s) 'tutorial_dag' retrieved from /home/airflow/.local/lib/python3.8/site-packages/airflow/example_dags/tutorial_dag.py
[2025-10-09T09:52:25.304+0000] {logging_mixin.py:188} INFO - [2025-10-09T09:52:25.304+0000] {dag.py:3036} INFO - Sync 1 DAGs
[2025-10-09T09:52:25.318+0000] {logging_mixin.py:188} INFO - [2025-10-09T09:52:25.318+0000] {dag.py:3823} INFO - Setting next_dagrun for tutorial_dag to None, run_after=None
[2025-10-09T09:52:25.341+0000] {processor.py:183} INFO - Processing /home/airflow/.local/lib/python3.8/site-packages/airflow/example_dags/tutorial_dag.py took 0.078 seconds
[2025-10-09T10:24:28.695+0000] {processor.py:161} INFO - Started process (PID=11836) to work on /home/airflow/.local/lib/python3.8/site-packages/airflow/example_dags/tutorial_dag.py
[2025-10-09T10:24:28.697+0000] {processor.py:830} INFO - Processing file /home/airflow/.local/lib/python3.8/site-packages/airflow/example_dags/tutorial_dag.py for tasks to queue
[2025-10-09T10:24:28.699+0000] {logging_mixin.py:188} INFO - [2025-10-09T10:24:28.698+0000] {dagbag.py:538} INFO - Filling up the DagBag from /home/airflow/.local/lib/python3.8/site-packages/airflow/example_dags/tutorial_dag.py
[2025-10-09T10:24:28.709+0000] {processor.py:840} INFO - DAG(s) 'tutorial_dag' retrieved from /home/airflow/.local/lib/python3.8/site-packages/airflow/example_dags/tutorial_dag.py
[2025-10-09T10:24:28.766+0000] {logging_mixin.py:188} INFO - [2025-10-09T10:24:28.765+0000] {dag.py:3036} INFO - Sync 1 DAGs
[2025-10-09T10:24:28.800+0000] {logging_mixin.py:188} INFO - [2025-10-09T10:24:28.799+0000] {dag.py:3823} INFO - Setting next_dagrun for tutorial_dag to None, run_after=None
[2025-10-09T10:24:28.837+0000] {processor.py:183} INFO - Processing /home/airflow/.local/lib/python3.8/site-packages/airflow/example_dags/tutorial_dag.py took 0.148 seconds
[2025-10-09T10:24:58.896+0000] {processor.py:161} INFO - Started process (PID=11898) to work on /home/airflow/.local/lib/python3.8/site-packages/airflow/example_dags/tutorial_dag.py
[2025-10-09T10:24:58.898+0000] {processor.py:830} INFO - Processing file /home/airflow/.local/lib/python3.8/site-packages/airflow/example_dags/tutorial_dag.py for tasks to queue
[2025-10-09T10:24:58.899+0000] {logging_mixin.py:188} INFO - [2025-10-09T10:24:58.899+0000] {dagbag.py:538} INFO - Filling up the DagBag from /home/airflow/.local/lib/python3.8/site-packages/airflow/example_dags/tutorial_dag.py
[2025-10-09T10:24:58.905+0000] {processor.py:840} INFO - DAG(s) 'tutorial_dag' retrieved from /home/airflow/.local/lib/python3.8/site-packages/airflow/example_dags/tutorial_dag.py
[2025-10-09T10:24:58.934+0000] {logging_mixin.py:188} INFO - [2025-10-09T10:24:58.934+0000] {dag.py:3036} INFO - Sync 1 DAGs
[2025-10-09T10:24:58.949+0000] {logging_mixin.py:188} INFO - [2025-10-09T10:24:58.949+0000] {dag.py:3823} INFO - Setting next_dagrun for tutorial_dag to None, run_after=None
[2025-10-09T10:24:58.975+0000] {processor.py:183} INFO - Processing /home/airflow/.local/lib/python3.8/site-packages/airflow/example_dags/tutorial_dag.py took 0.083 seconds
[2025-10-09T10:25:29.063+0000] {processor.py:161} INFO - Started process (PID=11960) to work on /home/airflow/.local/lib/python3.8/site-packages/airflow/example_dags/tutorial_dag.py
[2025-10-09T10:25:29.064+0000] {processor.py:830} INFO - Processing file /home/airflow/.local/lib/python3.8/site-packages/airflow/example_dags/tutorial_dag.py for tasks to queue
[2025-10-09T10:25:29.065+0000] {logging_mixin.py:188} INFO - [2025-10-09T10:25:29.065+0000] {dagbag.py:538} INFO - Filling up the DagBag from /home/airflow/.local/lib/python3.8/site-packages/airflow/example_dags/tutorial_dag.py
[2025-10-09T10:25:29.070+0000] {processor.py:840} INFO - DAG(s) 'tutorial_dag' retrieved from /home/airflow/.local/lib/python3.8/site-packages/airflow/example_dags/tutorial_dag.py
[2025-10-09T10:25:29.097+0000] {logging_mixin.py:188} INFO - [2025-10-09T10:25:29.097+0000] {dag.py:3036} INFO - Sync 1 DAGs
[2025-10-09T10:25:29.112+0000] {logging_mixin.py:188} INFO - [2025-10-09T10:25:29.111+0000] {dag.py:3823} INFO - Setting next_dagrun for tutorial_dag to None, run_after=None
[2025-10-09T10:25:29.134+0000] {processor.py:183} INFO - Processing /home/airflow/.local/lib/python3.8/site-packages/airflow/example_dags/tutorial_dag.py took 0.074 seconds
[2025-10-09T10:26:00.002+0000] {processor.py:161} INFO - Started process (PID=12022) to work on /home/airflow/.local/lib/python3.8/site-packages/airflow/example_dags/tutorial_dag.py
[2025-10-09T10:26:00.004+0000] {processor.py:830} INFO - Processing file /home/airflow/.local/lib/python3.8/site-packages/airflow/example_dags/tutorial_dag.py for tasks to queue
[2025-10-09T10:26:00.005+0000] {logging_mixin.py:188} INFO - [2025-10-09T10:26:00.004+0000] {dagbag.py:538} INFO - Filling up the DagBag from /home/airflow/.local/lib/python3.8/site-packages/airflow/example_dags/tutorial_dag.py
[2025-10-09T10:26:00.010+0000] {processor.py:840} INFO - DAG(s) 'tutorial_dag' retrieved from /home/airflow/.local/lib/python3.8/site-packages/airflow/example_dags/tutorial_dag.py
[2025-10-09T10:26:00.041+0000] {logging_mixin.py:188} INFO - [2025-10-09T10:26:00.041+0000] {dag.py:3036} INFO - Sync 1 DAGs
[2025-10-09T10:26:00.055+0000] {logging_mixin.py:188} INFO - [2025-10-09T10:26:00.055+0000] {dag.py:3823} INFO - Setting next_dagrun for tutorial_dag to None, run_after=None
[2025-10-09T10:26:00.077+0000] {processor.py:183} INFO - Processing /home/airflow/.local/lib/python3.8/site-packages/airflow/example_dags/tutorial_dag.py took 0.079 seconds
[2025-10-09T10:26:30.464+0000] {processor.py:161} INFO - Started process (PID=12084) to work on /home/airflow/.local/lib/python3.8/site-packages/airflow/example_dags/tutorial_dag.py
[2025-10-09T10:26:30.465+0000] {processor.py:830} INFO - Processing file /home/airflow/.local/lib/python3.8/site-packages/airflow/example_dags/tutorial_dag.py for tasks to queue
[2025-10-09T10:26:30.466+0000] {logging_mixin.py:188} INFO - [2025-10-09T10:26:30.465+0000] {dagbag.py:538} INFO - Filling up the DagBag from /home/airflow/.local/lib/python3.8/site-packages/airflow/example_dags/tutorial_dag.py
[2025-10-09T10:26:30.471+0000] {processor.py:840} INFO - DAG(s) 'tutorial_dag' retrieved from /home/airflow/.local/lib/python3.8/site-packages/airflow/example_dags/tutorial_dag.py
[2025-10-09T10:26:30.499+0000] {logging_mixin.py:188} INFO - [2025-10-09T10:26:30.499+0000] {dag.py:3036} INFO - Sync 1 DAGs
[2025-10-09T10:26:30.515+0000] {logging_mixin.py:188} INFO - [2025-10-09T10:26:30.515+0000] {dag.py:3823} INFO - Setting next_dagrun for tutorial_dag to None, run_after=None
[2025-10-09T10:26:30.577+0000] {processor.py:183} INFO - Processing /home/airflow/.local/lib/python3.8/site-packages/airflow/example_dags/tutorial_dag.py took 0.117 seconds
[2025-10-09T10:27:01.156+0000] {processor.py:161} INFO - Started process (PID=12146) to work on /home/airflow/.local/lib/python3.8/site-packages/airflow/example_dags/tutorial_dag.py
[2025-10-09T10:27:01.158+0000] {processor.py:830} INFO - Processing file /home/airflow/.local/lib/python3.8/site-packages/airflow/example_dags/tutorial_dag.py for tasks to queue
[2025-10-09T10:27:01.159+0000] {logging_mixin.py:188} INFO - [2025-10-09T10:27:01.159+0000] {dagbag.py:538} INFO - Filling up the DagBag from /home/airflow/.local/lib/python3.8/site-packages/airflow/example_dags/tutorial_dag.py
[2025-10-09T10:27:01.164+0000] {processor.py:840} INFO - DAG(s) 'tutorial_dag' retrieved from /home/airflow/.local/lib/python3.8/site-packages/airflow/example_dags/tutorial_dag.py
[2025-10-09T10:27:01.193+0000] {logging_mixin.py:188} INFO - [2025-10-09T10:27:01.192+0000] {dag.py:3036} INFO - Sync 1 DAGs
[2025-10-09T10:27:01.207+0000] {logging_mixin.py:188} INFO - [2025-10-09T10:27:01.207+0000] {dag.py:3823} INFO - Setting next_dagrun for tutorial_dag to None, run_after=None
[2025-10-09T10:27:01.231+0000] {processor.py:183} INFO - Processing /home/airflow/.local/lib/python3.8/site-packages/airflow/example_dags/tutorial_dag.py took 0.079 seconds
[2025-10-09T10:27:32.129+0000] {processor.py:161} INFO - Started process (PID=12208) to work on /home/airflow/.local/lib/python3.8/site-packages/airflow/example_dags/tutorial_dag.py
[2025-10-09T10:27:32.130+0000] {processor.py:830} INFO - Processing file /home/airflow/.local/lib/python3.8/site-packages/airflow/example_dags/tutorial_dag.py for tasks to queue
[2025-10-09T10:27:32.132+0000] {logging_mixin.py:188} INFO - [2025-10-09T10:27:32.131+0000] {dagbag.py:538} INFO - Filling up the DagBag from /home/airflow/.local/lib/python3.8/site-packages/airflow/example_dags/tutorial_dag.py
[2025-10-09T10:27:32.137+0000] {processor.py:840} INFO - DAG(s) 'tutorial_dag' retrieved from /home/airflow/.local/lib/python3.8/site-packages/airflow/example_dags/tutorial_dag.py
[2025-10-09T10:27:32.165+0000] {logging_mixin.py:188} INFO - [2025-10-09T10:27:32.164+0000] {dag.py:3036} INFO - Sync 1 DAGs
[2025-10-09T10:27:32.179+0000] {logging_mixin.py:188} INFO - [2025-10-09T10:27:32.179+0000] {dag.py:3823} INFO - Setting next_dagrun for tutorial_dag to None, run_after=None
[2025-10-09T10:27:32.200+0000] {processor.py:183} INFO - Processing /home/airflow/.local/lib/python3.8/site-packages/airflow/example_dags/tutorial_dag.py took 0.075 seconds
[2025-10-09T10:28:02.402+0000] {processor.py:161} INFO - Started process (PID=12270) to work on /home/airflow/.local/lib/python3.8/site-packages/airflow/example_dags/tutorial_dag.py
[2025-10-09T10:28:02.404+0000] {processor.py:830} INFO - Processing file /home/airflow/.local/lib/python3.8/site-packages/airflow/example_dags/tutorial_dag.py for tasks to queue
[2025-10-09T10:28:02.404+0000] {logging_mixin.py:188} INFO - [2025-10-09T10:28:02.404+0000] {dagbag.py:538} INFO - Filling up the DagBag from /home/airflow/.local/lib/python3.8/site-packages/airflow/example_dags/tutorial_dag.py
[2025-10-09T10:28:02.410+0000] {processor.py:840} INFO - DAG(s) 'tutorial_dag' retrieved from /home/airflow/.local/lib/python3.8/site-packages/airflow/example_dags/tutorial_dag.py
[2025-10-09T10:28:02.436+0000] {logging_mixin.py:188} INFO - [2025-10-09T10:28:02.436+0000] {dag.py:3036} INFO - Sync 1 DAGs
[2025-10-09T10:28:02.451+0000] {logging_mixin.py:188} INFO - [2025-10-09T10:28:02.451+0000] {dag.py:3823} INFO - Setting next_dagrun for tutorial_dag to None, run_after=None
[2025-10-09T10:28:02.472+0000] {processor.py:183} INFO - Processing /home/airflow/.local/lib/python3.8/site-packages/airflow/example_dags/tutorial_dag.py took 0.073 seconds
[2025-10-09T10:28:34.359+0000] {processor.py:161} INFO - Started process (PID=12332) to work on /home/airflow/.local/lib/python3.8/site-packages/airflow/example_dags/tutorial_dag.py
[2025-10-09T10:28:34.361+0000] {processor.py:830} INFO - Processing file /home/airflow/.local/lib/python3.8/site-packages/airflow/example_dags/tutorial_dag.py for tasks to queue
[2025-10-09T10:28:34.362+0000] {logging_mixin.py:188} INFO - [2025-10-09T10:28:34.362+0000] {dagbag.py:538} INFO - Filling up the DagBag from /home/airflow/.local/lib/python3.8/site-packages/airflow/example_dags/tutorial_dag.py
[2025-10-09T10:28:34.369+0000] {processor.py:840} INFO - DAG(s) 'tutorial_dag' retrieved from /home/airflow/.local/lib/python3.8/site-packages/airflow/example_dags/tutorial_dag.py
[2025-10-09T10:28:34.403+0000] {logging_mixin.py:188} INFO - [2025-10-09T10:28:34.403+0000] {dag.py:3036} INFO - Sync 1 DAGs
[2025-10-09T10:28:34.420+0000] {logging_mixin.py:188} INFO - [2025-10-09T10:28:34.419+0000] {dag.py:3823} INFO - Setting next_dagrun for tutorial_dag to None, run_after=None
[2025-10-09T10:28:34.450+0000] {processor.py:183} INFO - Processing /home/airflow/.local/lib/python3.8/site-packages/airflow/example_dags/tutorial_dag.py took 0.096 seconds
[2025-10-09T10:29:04.937+0000] {processor.py:161} INFO - Started process (PID=12394) to work on /home/airflow/.local/lib/python3.8/site-packages/airflow/example_dags/tutorial_dag.py
[2025-10-09T10:29:04.938+0000] {processor.py:830} INFO - Processing file /home/airflow/.local/lib/python3.8/site-packages/airflow/example_dags/tutorial_dag.py for tasks to queue
[2025-10-09T10:29:04.940+0000] {logging_mixin.py:188} INFO - [2025-10-09T10:29:04.939+0000] {dagbag.py:538} INFO - Filling up the DagBag from /home/airflow/.local/lib/python3.8/site-packages/airflow/example_dags/tutorial_dag.py
[2025-10-09T10:29:04.945+0000] {processor.py:840} INFO - DAG(s) 'tutorial_dag' retrieved from /home/airflow/.local/lib/python3.8/site-packages/airflow/example_dags/tutorial_dag.py
[2025-10-09T10:29:04.974+0000] {logging_mixin.py:188} INFO - [2025-10-09T10:29:04.974+0000] {dag.py:3036} INFO - Sync 1 DAGs
[2025-10-09T10:29:04.989+0000] {logging_mixin.py:188} INFO - [2025-10-09T10:29:04.988+0000] {dag.py:3823} INFO - Setting next_dagrun for tutorial_dag to None, run_after=None
[2025-10-09T10:29:05.010+0000] {processor.py:183} INFO - Processing /home/airflow/.local/lib/python3.8/site-packages/airflow/example_dags/tutorial_dag.py took 0.077 seconds
[2025-10-09T10:29:36.069+0000] {processor.py:161} INFO - Started process (PID=12456) to work on /home/airflow/.local/lib/python3.8/site-packages/airflow/example_dags/tutorial_dag.py
[2025-10-09T10:29:36.070+0000] {processor.py:830} INFO - Processing file /home/airflow/.local/lib/python3.8/site-packages/airflow/example_dags/tutorial_dag.py for tasks to queue
[2025-10-09T10:29:36.071+0000] {logging_mixin.py:188} INFO - [2025-10-09T10:29:36.071+0000] {dagbag.py:538} INFO - Filling up the DagBag from /home/airflow/.local/lib/python3.8/site-packages/airflow/example_dags/tutorial_dag.py
[2025-10-09T10:29:36.077+0000] {processor.py:840} INFO - DAG(s) 'tutorial_dag' retrieved from /home/airflow/.local/lib/python3.8/site-packages/airflow/example_dags/tutorial_dag.py
[2025-10-09T10:29:36.104+0000] {logging_mixin.py:188} INFO - [2025-10-09T10:29:36.103+0000] {dag.py:3036} INFO - Sync 1 DAGs
[2025-10-09T10:29:36.119+0000] {logging_mixin.py:188} INFO - [2025-10-09T10:29:36.119+0000] {dag.py:3823} INFO - Setting next_dagrun for tutorial_dag to None, run_after=None
[2025-10-09T10:29:36.141+0000] {processor.py:183} INFO - Processing /home/airflow/.local/lib/python3.8/site-packages/airflow/example_dags/tutorial_dag.py took 0.075 seconds
[2025-10-09T10:30:07.305+0000] {processor.py:161} INFO - Started process (PID=12518) to work on /home/airflow/.local/lib/python3.8/site-packages/airflow/example_dags/tutorial_dag.py
[2025-10-09T10:30:07.306+0000] {processor.py:830} INFO - Processing file /home/airflow/.local/lib/python3.8/site-packages/airflow/example_dags/tutorial_dag.py for tasks to queue
[2025-10-09T10:30:07.307+0000] {logging_mixin.py:188} INFO - [2025-10-09T10:30:07.307+0000] {dagbag.py:538} INFO - Filling up the DagBag from /home/airflow/.local/lib/python3.8/site-packages/airflow/example_dags/tutorial_dag.py
[2025-10-09T10:30:07.313+0000] {processor.py:840} INFO - DAG(s) 'tutorial_dag' retrieved from /home/airflow/.local/lib/python3.8/site-packages/airflow/example_dags/tutorial_dag.py
[2025-10-09T10:30:07.342+0000] {logging_mixin.py:188} INFO - [2025-10-09T10:30:07.342+0000] {dag.py:3036} INFO - Sync 1 DAGs
[2025-10-09T10:30:07.357+0000] {logging_mixin.py:188} INFO - [2025-10-09T10:30:07.356+0000] {dag.py:3823} INFO - Setting next_dagrun for tutorial_dag to None, run_after=None
[2025-10-09T10:30:07.379+0000] {processor.py:183} INFO - Processing /home/airflow/.local/lib/python3.8/site-packages/airflow/example_dags/tutorial_dag.py took 0.078 seconds
[2025-10-09T10:30:38.630+0000] {processor.py:161} INFO - Started process (PID=12580) to work on /home/airflow/.local/lib/python3.8/site-packages/airflow/example_dags/tutorial_dag.py
[2025-10-09T10:30:38.631+0000] {processor.py:830} INFO - Processing file /home/airflow/.local/lib/python3.8/site-packages/airflow/example_dags/tutorial_dag.py for tasks to queue
[2025-10-09T10:30:38.633+0000] {logging_mixin.py:188} INFO - [2025-10-09T10:30:38.632+0000] {dagbag.py:538} INFO - Filling up the DagBag from /home/airflow/.local/lib/python3.8/site-packages/airflow/example_dags/tutorial_dag.py
[2025-10-09T10:30:38.639+0000] {processor.py:840} INFO - DAG(s) 'tutorial_dag' retrieved from /home/airflow/.local/lib/python3.8/site-packages/airflow/example_dags/tutorial_dag.py
[2025-10-09T10:30:38.672+0000] {logging_mixin.py:188} INFO - [2025-10-09T10:30:38.671+0000] {dag.py:3036} INFO - Sync 1 DAGs
[2025-10-09T10:30:38.689+0000] {logging_mixin.py:188} INFO - [2025-10-09T10:30:38.689+0000] {dag.py:3823} INFO - Setting next_dagrun for tutorial_dag to None, run_after=None
[2025-10-09T10:30:38.718+0000] {processor.py:183} INFO - Processing /home/airflow/.local/lib/python3.8/site-packages/airflow/example_dags/tutorial_dag.py took 0.093 seconds
[2025-10-09T10:31:09.017+0000] {processor.py:161} INFO - Started process (PID=12642) to work on /home/airflow/.local/lib/python3.8/site-packages/airflow/example_dags/tutorial_dag.py
[2025-10-09T10:31:09.018+0000] {processor.py:830} INFO - Processing file /home/airflow/.local/lib/python3.8/site-packages/airflow/example_dags/tutorial_dag.py for tasks to queue
[2025-10-09T10:31:09.019+0000] {logging_mixin.py:188} INFO - [2025-10-09T10:31:09.019+0000] {dagbag.py:538} INFO - Filling up the DagBag from /home/airflow/.local/lib/python3.8/site-packages/airflow/example_dags/tutorial_dag.py
[2025-10-09T10:31:09.024+0000] {processor.py:840} INFO - DAG(s) 'tutorial_dag' retrieved from /home/airflow/.local/lib/python3.8/site-packages/airflow/example_dags/tutorial_dag.py
[2025-10-09T10:31:09.052+0000] {logging_mixin.py:188} INFO - [2025-10-09T10:31:09.052+0000] {dag.py:3036} INFO - Sync 1 DAGs
[2025-10-09T10:31:09.066+0000] {logging_mixin.py:188} INFO - [2025-10-09T10:31:09.066+0000] {dag.py:3823} INFO - Setting next_dagrun for tutorial_dag to None, run_after=None
[2025-10-09T10:31:09.090+0000] {processor.py:183} INFO - Processing /home/airflow/.local/lib/python3.8/site-packages/airflow/example_dags/tutorial_dag.py took 0.077 seconds
[2025-10-09T10:31:40.159+0000] {processor.py:161} INFO - Started process (PID=12704) to work on /home/airflow/.local/lib/python3.8/site-packages/airflow/example_dags/tutorial_dag.py
[2025-10-09T10:31:40.161+0000] {processor.py:830} INFO - Processing file /home/airflow/.local/lib/python3.8/site-packages/airflow/example_dags/tutorial_dag.py for tasks to queue
[2025-10-09T10:31:40.162+0000] {logging_mixin.py:188} INFO - [2025-10-09T10:31:40.161+0000] {dagbag.py:538} INFO - Filling up the DagBag from /home/airflow/.local/lib/python3.8/site-packages/airflow/example_dags/tutorial_dag.py
[2025-10-09T10:31:40.168+0000] {processor.py:840} INFO - DAG(s) 'tutorial_dag' retrieved from /home/airflow/.local/lib/python3.8/site-packages/airflow/example_dags/tutorial_dag.py
[2025-10-09T10:31:40.199+0000] {logging_mixin.py:188} INFO - [2025-10-09T10:31:40.198+0000] {dag.py:3036} INFO - Sync 1 DAGs
[2025-10-09T10:31:40.215+0000] {logging_mixin.py:188} INFO - [2025-10-09T10:31:40.215+0000] {dag.py:3823} INFO - Setting next_dagrun for tutorial_dag to None, run_after=None
[2025-10-09T10:31:40.240+0000] {processor.py:183} INFO - Processing /home/airflow/.local/lib/python3.8/site-packages/airflow/example_dags/tutorial_dag.py took 0.085 seconds
[2025-10-09T10:32:10.989+0000] {processor.py:161} INFO - Started process (PID=12766) to work on /home/airflow/.local/lib/python3.8/site-packages/airflow/example_dags/tutorial_dag.py
[2025-10-09T10:32:10.991+0000] {processor.py:830} INFO - Processing file /home/airflow/.local/lib/python3.8/site-packages/airflow/example_dags/tutorial_dag.py for tasks to queue
[2025-10-09T10:32:10.993+0000] {logging_mixin.py:188} INFO - [2025-10-09T10:32:10.992+0000] {dagbag.py:538} INFO - Filling up the DagBag from /home/airflow/.local/lib/python3.8/site-packages/airflow/example_dags/tutorial_dag.py
[2025-10-09T10:32:11.001+0000] {processor.py:840} INFO - DAG(s) 'tutorial_dag' retrieved from /home/airflow/.local/lib/python3.8/site-packages/airflow/example_dags/tutorial_dag.py
[2025-10-09T10:32:11.041+0000] {logging_mixin.py:188} INFO - [2025-10-09T10:32:11.041+0000] {dag.py:3036} INFO - Sync 1 DAGs
[2025-10-09T10:32:11.061+0000] {logging_mixin.py:188} INFO - [2025-10-09T10:32:11.060+0000] {dag.py:3823} INFO - Setting next_dagrun for tutorial_dag to None, run_after=None
[2025-10-09T10:32:11.089+0000] {processor.py:183} INFO - Processing /home/airflow/.local/lib/python3.8/site-packages/airflow/example_dags/tutorial_dag.py took 0.104 seconds
[2025-10-09T10:32:42.181+0000] {processor.py:161} INFO - Started process (PID=12828) to work on /home/airflow/.local/lib/python3.8/site-packages/airflow/example_dags/tutorial_dag.py
[2025-10-09T10:32:42.182+0000] {processor.py:830} INFO - Processing file /home/airflow/.local/lib/python3.8/site-packages/airflow/example_dags/tutorial_dag.py for tasks to queue
[2025-10-09T10:32:42.183+0000] {logging_mixin.py:188} INFO - [2025-10-09T10:32:42.183+0000] {dagbag.py:538} INFO - Filling up the DagBag from /home/airflow/.local/lib/python3.8/site-packages/airflow/example_dags/tutorial_dag.py
[2025-10-09T10:32:42.189+0000] {processor.py:840} INFO - DAG(s) 'tutorial_dag' retrieved from /home/airflow/.local/lib/python3.8/site-packages/airflow/example_dags/tutorial_dag.py
[2025-10-09T10:32:42.216+0000] {logging_mixin.py:188} INFO - [2025-10-09T10:32:42.216+0000] {dag.py:3036} INFO - Sync 1 DAGs
[2025-10-09T10:32:42.231+0000] {logging_mixin.py:188} INFO - [2025-10-09T10:32:42.230+0000] {dag.py:3823} INFO - Setting next_dagrun for tutorial_dag to None, run_after=None
[2025-10-09T10:32:42.253+0000] {processor.py:183} INFO - Processing /home/airflow/.local/lib/python3.8/site-packages/airflow/example_dags/tutorial_dag.py took 0.076 seconds
[2025-10-09T10:33:12.914+0000] {processor.py:161} INFO - Started process (PID=12890) to work on /home/airflow/.local/lib/python3.8/site-packages/airflow/example_dags/tutorial_dag.py
[2025-10-09T10:33:12.915+0000] {processor.py:830} INFO - Processing file /home/airflow/.local/lib/python3.8/site-packages/airflow/example_dags/tutorial_dag.py for tasks to queue
[2025-10-09T10:33:12.916+0000] {logging_mixin.py:188} INFO - [2025-10-09T10:33:12.916+0000] {dagbag.py:538} INFO - Filling up the DagBag from /home/airflow/.local/lib/python3.8/site-packages/airflow/example_dags/tutorial_dag.py
[2025-10-09T10:33:12.922+0000] {processor.py:840} INFO - DAG(s) 'tutorial_dag' retrieved from /home/airflow/.local/lib/python3.8/site-packages/airflow/example_dags/tutorial_dag.py
[2025-10-09T10:33:12.951+0000] {logging_mixin.py:188} INFO - [2025-10-09T10:33:12.951+0000] {dag.py:3036} INFO - Sync 1 DAGs
[2025-10-09T10:33:12.966+0000] {logging_mixin.py:188} INFO - [2025-10-09T10:33:12.966+0000] {dag.py:3823} INFO - Setting next_dagrun for tutorial_dag to None, run_after=None
[2025-10-09T10:33:12.990+0000] {processor.py:183} INFO - Processing /home/airflow/.local/lib/python3.8/site-packages/airflow/example_dags/tutorial_dag.py took 0.080 seconds
[2025-10-09T10:33:43.955+0000] {processor.py:161} INFO - Started process (PID=12952) to work on /home/airflow/.local/lib/python3.8/site-packages/airflow/example_dags/tutorial_dag.py
[2025-10-09T10:33:43.956+0000] {processor.py:830} INFO - Processing file /home/airflow/.local/lib/python3.8/site-packages/airflow/example_dags/tutorial_dag.py for tasks to queue
[2025-10-09T10:33:43.958+0000] {logging_mixin.py:188} INFO - [2025-10-09T10:33:43.957+0000] {dagbag.py:538} INFO - Filling up the DagBag from /home/airflow/.local/lib/python3.8/site-packages/airflow/example_dags/tutorial_dag.py
[2025-10-09T10:33:43.964+0000] {processor.py:840} INFO - DAG(s) 'tutorial_dag' retrieved from /home/airflow/.local/lib/python3.8/site-packages/airflow/example_dags/tutorial_dag.py
[2025-10-09T10:33:43.997+0000] {logging_mixin.py:188} INFO - [2025-10-09T10:33:43.997+0000] {dag.py:3036} INFO - Sync 1 DAGs
[2025-10-09T10:33:44.012+0000] {logging_mixin.py:188} INFO - [2025-10-09T10:33:44.012+0000] {dag.py:3823} INFO - Setting next_dagrun for tutorial_dag to None, run_after=None
[2025-10-09T10:33:44.035+0000] {processor.py:183} INFO - Processing /home/airflow/.local/lib/python3.8/site-packages/airflow/example_dags/tutorial_dag.py took 0.084 seconds
[2025-10-09T10:34:14.896+0000] {processor.py:161} INFO - Started process (PID=13014) to work on /home/airflow/.local/lib/python3.8/site-packages/airflow/example_dags/tutorial_dag.py
[2025-10-09T10:34:14.897+0000] {processor.py:830} INFO - Processing file /home/airflow/.local/lib/python3.8/site-packages/airflow/example_dags/tutorial_dag.py for tasks to queue
[2025-10-09T10:34:14.898+0000] {logging_mixin.py:188} INFO - [2025-10-09T10:34:14.898+0000] {dagbag.py:538} INFO - Filling up the DagBag from /home/airflow/.local/lib/python3.8/site-packages/airflow/example_dags/tutorial_dag.py
[2025-10-09T10:34:14.905+0000] {processor.py:840} INFO - DAG(s) 'tutorial_dag' retrieved from /home/airflow/.local/lib/python3.8/site-packages/airflow/example_dags/tutorial_dag.py
[2025-10-09T10:34:14.932+0000] {logging_mixin.py:188} INFO - [2025-10-09T10:34:14.932+0000] {dag.py:3036} INFO - Sync 1 DAGs
[2025-10-09T10:34:14.947+0000] {logging_mixin.py:188} INFO - [2025-10-09T10:34:14.947+0000] {dag.py:3823} INFO - Setting next_dagrun for tutorial_dag to None, run_after=None
[2025-10-09T10:34:14.970+0000] {processor.py:183} INFO - Processing /home/airflow/.local/lib/python3.8/site-packages/airflow/example_dags/tutorial_dag.py took 0.078 seconds
[2025-10-09T10:34:46.126+0000] {processor.py:161} INFO - Started process (PID=13076) to work on /home/airflow/.local/lib/python3.8/site-packages/airflow/example_dags/tutorial_dag.py
[2025-10-09T10:34:46.127+0000] {processor.py:830} INFO - Processing file /home/airflow/.local/lib/python3.8/site-packages/airflow/example_dags/tutorial_dag.py for tasks to queue
[2025-10-09T10:34:46.128+0000] {logging_mixin.py:188} INFO - [2025-10-09T10:34:46.128+0000] {dagbag.py:538} INFO - Filling up the DagBag from /home/airflow/.local/lib/python3.8/site-packages/airflow/example_dags/tutorial_dag.py
[2025-10-09T10:34:46.134+0000] {processor.py:840} INFO - DAG(s) 'tutorial_dag' retrieved from /home/airflow/.local/lib/python3.8/site-packages/airflow/example_dags/tutorial_dag.py
[2025-10-09T10:34:46.198+0000] {logging_mixin.py:188} INFO - [2025-10-09T10:34:46.198+0000] {dag.py:3036} INFO - Sync 1 DAGs
[2025-10-09T10:34:46.221+0000] {logging_mixin.py:188} INFO - [2025-10-09T10:34:46.220+0000] {dag.py:3823} INFO - Setting next_dagrun for tutorial_dag to None, run_after=None
[2025-10-09T10:34:46.244+0000] {processor.py:183} INFO - Processing /home/airflow/.local/lib/python3.8/site-packages/airflow/example_dags/tutorial_dag.py took 0.122 seconds
[2025-10-09T10:35:18.536+0000] {processor.py:161} INFO - Started process (PID=13138) to work on /home/airflow/.local/lib/python3.8/site-packages/airflow/example_dags/tutorial_dag.py
[2025-10-09T10:35:18.537+0000] {processor.py:830} INFO - Processing file /home/airflow/.local/lib/python3.8/site-packages/airflow/example_dags/tutorial_dag.py for tasks to queue
[2025-10-09T10:35:18.538+0000] {logging_mixin.py:188} INFO - [2025-10-09T10:35:18.538+0000] {dagbag.py:538} INFO - Filling up the DagBag from /home/airflow/.local/lib/python3.8/site-packages/airflow/example_dags/tutorial_dag.py
[2025-10-09T10:35:18.546+0000] {processor.py:840} INFO - DAG(s) 'tutorial_dag' retrieved from /home/airflow/.local/lib/python3.8/site-packages/airflow/example_dags/tutorial_dag.py
[2025-10-09T10:35:18.576+0000] {logging_mixin.py:188} INFO - [2025-10-09T10:35:18.575+0000] {dag.py:3036} INFO - Sync 1 DAGs
[2025-10-09T10:35:18.592+0000] {logging_mixin.py:188} INFO - [2025-10-09T10:35:18.592+0000] {dag.py:3823} INFO - Setting next_dagrun for tutorial_dag to None, run_after=None
[2025-10-09T10:35:18.616+0000] {processor.py:183} INFO - Processing /home/airflow/.local/lib/python3.8/site-packages/airflow/example_dags/tutorial_dag.py took 0.084 seconds
[2025-10-09T10:35:48.664+0000] {processor.py:161} INFO - Started process (PID=13200) to work on /home/airflow/.local/lib/python3.8/site-packages/airflow/example_dags/tutorial_dag.py
[2025-10-09T10:35:48.665+0000] {processor.py:830} INFO - Processing file /home/airflow/.local/lib/python3.8/site-packages/airflow/example_dags/tutorial_dag.py for tasks to queue
[2025-10-09T10:35:48.666+0000] {logging_mixin.py:188} INFO - [2025-10-09T10:35:48.666+0000] {dagbag.py:538} INFO - Filling up the DagBag from /home/airflow/.local/lib/python3.8/site-packages/airflow/example_dags/tutorial_dag.py
[2025-10-09T10:35:48.673+0000] {processor.py:840} INFO - DAG(s) 'tutorial_dag' retrieved from /home/airflow/.local/lib/python3.8/site-packages/airflow/example_dags/tutorial_dag.py
[2025-10-09T10:35:48.701+0000] {logging_mixin.py:188} INFO - [2025-10-09T10:35:48.700+0000] {dag.py:3036} INFO - Sync 1 DAGs
[2025-10-09T10:35:48.715+0000] {logging_mixin.py:188} INFO - [2025-10-09T10:35:48.715+0000] {dag.py:3823} INFO - Setting next_dagrun for tutorial_dag to None, run_after=None
[2025-10-09T10:35:48.737+0000] {processor.py:183} INFO - Processing /home/airflow/.local/lib/python3.8/site-packages/airflow/example_dags/tutorial_dag.py took 0.076 seconds
[2025-10-09T10:36:20.088+0000] {processor.py:161} INFO - Started process (PID=13261) to work on /home/airflow/.local/lib/python3.8/site-packages/airflow/example_dags/tutorial_dag.py
[2025-10-09T10:36:20.092+0000] {processor.py:830} INFO - Processing file /home/airflow/.local/lib/python3.8/site-packages/airflow/example_dags/tutorial_dag.py for tasks to queue
[2025-10-09T10:36:20.094+0000] {logging_mixin.py:188} INFO - [2025-10-09T10:36:20.093+0000] {dagbag.py:538} INFO - Filling up the DagBag from /home/airflow/.local/lib/python3.8/site-packages/airflow/example_dags/tutorial_dag.py
[2025-10-09T10:36:20.101+0000] {processor.py:840} INFO - DAG(s) 'tutorial_dag' retrieved from /home/airflow/.local/lib/python3.8/site-packages/airflow/example_dags/tutorial_dag.py
[2025-10-09T10:36:20.138+0000] {logging_mixin.py:188} INFO - [2025-10-09T10:36:20.138+0000] {dag.py:3036} INFO - Sync 1 DAGs
[2025-10-09T10:36:20.157+0000] {logging_mixin.py:188} INFO - [2025-10-09T10:36:20.156+0000] {dag.py:3823} INFO - Setting next_dagrun for tutorial_dag to None, run_after=None
[2025-10-09T10:36:20.181+0000] {processor.py:183} INFO - Processing /home/airflow/.local/lib/python3.8/site-packages/airflow/example_dags/tutorial_dag.py took 0.099 seconds
[2025-10-09T10:36:51.334+0000] {processor.py:161} INFO - Started process (PID=13322) to work on /home/airflow/.local/lib/python3.8/site-packages/airflow/example_dags/tutorial_dag.py
[2025-10-09T10:36:51.336+0000] {processor.py:830} INFO - Processing file /home/airflow/.local/lib/python3.8/site-packages/airflow/example_dags/tutorial_dag.py for tasks to queue
[2025-10-09T10:36:51.337+0000] {logging_mixin.py:188} INFO - [2025-10-09T10:36:51.336+0000] {dagbag.py:538} INFO - Filling up the DagBag from /home/airflow/.local/lib/python3.8/site-packages/airflow/example_dags/tutorial_dag.py
[2025-10-09T10:36:51.342+0000] {processor.py:840} INFO - DAG(s) 'tutorial_dag' retrieved from /home/airflow/.local/lib/python3.8/site-packages/airflow/example_dags/tutorial_dag.py
[2025-10-09T10:36:51.370+0000] {logging_mixin.py:188} INFO - [2025-10-09T10:36:51.370+0000] {dag.py:3036} INFO - Sync 1 DAGs
[2025-10-09T10:36:51.385+0000] {logging_mixin.py:188} INFO - [2025-10-09T10:36:51.384+0000] {dag.py:3823} INFO - Setting next_dagrun for tutorial_dag to None, run_after=None
[2025-10-09T10:36:51.436+0000] {processor.py:183} INFO - Processing /home/airflow/.local/lib/python3.8/site-packages/airflow/example_dags/tutorial_dag.py took 0.105 seconds
[2025-10-09T10:37:22.426+0000] {processor.py:161} INFO - Started process (PID=13391) to work on /home/airflow/.local/lib/python3.8/site-packages/airflow/example_dags/tutorial_dag.py
[2025-10-09T10:37:22.428+0000] {processor.py:830} INFO - Processing file /home/airflow/.local/lib/python3.8/site-packages/airflow/example_dags/tutorial_dag.py for tasks to queue
[2025-10-09T10:37:22.429+0000] {logging_mixin.py:188} INFO - [2025-10-09T10:37:22.429+0000] {dagbag.py:538} INFO - Filling up the DagBag from /home/airflow/.local/lib/python3.8/site-packages/airflow/example_dags/tutorial_dag.py
[2025-10-09T10:37:22.435+0000] {processor.py:840} INFO - DAG(s) 'tutorial_dag' retrieved from /home/airflow/.local/lib/python3.8/site-packages/airflow/example_dags/tutorial_dag.py
[2025-10-09T10:37:22.462+0000] {logging_mixin.py:188} INFO - [2025-10-09T10:37:22.462+0000] {dag.py:3036} INFO - Sync 1 DAGs
[2025-10-09T10:37:22.477+0000] {logging_mixin.py:188} INFO - [2025-10-09T10:37:22.477+0000] {dag.py:3823} INFO - Setting next_dagrun for tutorial_dag to None, run_after=None
[2025-10-09T10:37:22.500+0000] {processor.py:183} INFO - Processing /home/airflow/.local/lib/python3.8/site-packages/airflow/example_dags/tutorial_dag.py took 0.077 seconds
[2025-10-09T10:37:54.407+0000] {processor.py:161} INFO - Started process (PID=13453) to work on /home/airflow/.local/lib/python3.8/site-packages/airflow/example_dags/tutorial_dag.py
[2025-10-09T10:37:54.408+0000] {processor.py:830} INFO - Processing file /home/airflow/.local/lib/python3.8/site-packages/airflow/example_dags/tutorial_dag.py for tasks to queue
[2025-10-09T10:37:54.409+0000] {logging_mixin.py:188} INFO - [2025-10-09T10:37:54.409+0000] {dagbag.py:538} INFO - Filling up the DagBag from /home/airflow/.local/lib/python3.8/site-packages/airflow/example_dags/tutorial_dag.py
[2025-10-09T10:37:54.415+0000] {processor.py:840} INFO - DAG(s) 'tutorial_dag' retrieved from /home/airflow/.local/lib/python3.8/site-packages/airflow/example_dags/tutorial_dag.py
[2025-10-09T10:37:54.443+0000] {logging_mixin.py:188} INFO - [2025-10-09T10:37:54.443+0000] {dag.py:3036} INFO - Sync 1 DAGs
[2025-10-09T10:37:54.459+0000] {logging_mixin.py:188} INFO - [2025-10-09T10:37:54.459+0000] {dag.py:3823} INFO - Setting next_dagrun for tutorial_dag to None, run_after=None
[2025-10-09T10:37:54.495+0000] {processor.py:183} INFO - Processing /home/airflow/.local/lib/python3.8/site-packages/airflow/example_dags/tutorial_dag.py took 0.091 seconds
[2025-10-09T10:38:25.986+0000] {processor.py:161} INFO - Started process (PID=13515) to work on /home/airflow/.local/lib/python3.8/site-packages/airflow/example_dags/tutorial_dag.py
[2025-10-09T10:38:25.987+0000] {processor.py:830} INFO - Processing file /home/airflow/.local/lib/python3.8/site-packages/airflow/example_dags/tutorial_dag.py for tasks to queue
[2025-10-09T10:38:25.989+0000] {logging_mixin.py:188} INFO - [2025-10-09T10:38:25.988+0000] {dagbag.py:538} INFO - Filling up the DagBag from /home/airflow/.local/lib/python3.8/site-packages/airflow/example_dags/tutorial_dag.py
[2025-10-09T10:38:25.995+0000] {processor.py:840} INFO - DAG(s) 'tutorial_dag' retrieved from /home/airflow/.local/lib/python3.8/site-packages/airflow/example_dags/tutorial_dag.py
[2025-10-09T10:38:26.025+0000] {logging_mixin.py:188} INFO - [2025-10-09T10:38:26.024+0000] {dag.py:3036} INFO - Sync 1 DAGs
[2025-10-09T10:38:26.043+0000] {logging_mixin.py:188} INFO - [2025-10-09T10:38:26.043+0000] {dag.py:3823} INFO - Setting next_dagrun for tutorial_dag to None, run_after=None
[2025-10-09T10:38:26.085+0000] {processor.py:183} INFO - Processing /home/airflow/.local/lib/python3.8/site-packages/airflow/example_dags/tutorial_dag.py took 0.103 seconds
[2025-10-09T10:38:57.862+0000] {processor.py:161} INFO - Started process (PID=13577) to work on /home/airflow/.local/lib/python3.8/site-packages/airflow/example_dags/tutorial_dag.py
[2025-10-09T10:38:57.864+0000] {processor.py:830} INFO - Processing file /home/airflow/.local/lib/python3.8/site-packages/airflow/example_dags/tutorial_dag.py for tasks to queue
[2025-10-09T10:38:57.868+0000] {logging_mixin.py:188} INFO - [2025-10-09T10:38:57.867+0000] {dagbag.py:538} INFO - Filling up the DagBag from /home/airflow/.local/lib/python3.8/site-packages/airflow/example_dags/tutorial_dag.py
[2025-10-09T10:38:57.876+0000] {processor.py:840} INFO - DAG(s) 'tutorial_dag' retrieved from /home/airflow/.local/lib/python3.8/site-packages/airflow/example_dags/tutorial_dag.py
[2025-10-09T10:38:57.926+0000] {logging_mixin.py:188} INFO - [2025-10-09T10:38:57.925+0000] {dag.py:3036} INFO - Sync 1 DAGs
[2025-10-09T10:38:57.945+0000] {logging_mixin.py:188} INFO - [2025-10-09T10:38:57.944+0000] {dag.py:3823} INFO - Setting next_dagrun for tutorial_dag to None, run_after=None
[2025-10-09T10:38:57.976+0000] {processor.py:183} INFO - Processing /home/airflow/.local/lib/python3.8/site-packages/airflow/example_dags/tutorial_dag.py took 0.121 seconds
[2025-10-09T10:39:29.249+0000] {processor.py:161} INFO - Started process (PID=13639) to work on /home/airflow/.local/lib/python3.8/site-packages/airflow/example_dags/tutorial_dag.py
[2025-10-09T10:39:29.250+0000] {processor.py:830} INFO - Processing file /home/airflow/.local/lib/python3.8/site-packages/airflow/example_dags/tutorial_dag.py for tasks to queue
[2025-10-09T10:39:29.251+0000] {logging_mixin.py:188} INFO - [2025-10-09T10:39:29.251+0000] {dagbag.py:538} INFO - Filling up the DagBag from /home/airflow/.local/lib/python3.8/site-packages/airflow/example_dags/tutorial_dag.py
[2025-10-09T10:39:29.260+0000] {processor.py:840} INFO - DAG(s) 'tutorial_dag' retrieved from /home/airflow/.local/lib/python3.8/site-packages/airflow/example_dags/tutorial_dag.py
[2025-10-09T10:39:29.289+0000] {logging_mixin.py:188} INFO - [2025-10-09T10:39:29.288+0000] {dag.py:3036} INFO - Sync 1 DAGs
[2025-10-09T10:39:29.304+0000] {logging_mixin.py:188} INFO - [2025-10-09T10:39:29.303+0000] {dag.py:3823} INFO - Setting next_dagrun for tutorial_dag to None, run_after=None
[2025-10-09T10:39:29.333+0000] {processor.py:183} INFO - Processing /home/airflow/.local/lib/python3.8/site-packages/airflow/example_dags/tutorial_dag.py took 0.088 seconds
[2025-10-09T10:40:00.862+0000] {processor.py:161} INFO - Started process (PID=13701) to work on /home/airflow/.local/lib/python3.8/site-packages/airflow/example_dags/tutorial_dag.py
[2025-10-09T10:40:00.864+0000] {processor.py:830} INFO - Processing file /home/airflow/.local/lib/python3.8/site-packages/airflow/example_dags/tutorial_dag.py for tasks to queue
[2025-10-09T10:40:00.865+0000] {logging_mixin.py:188} INFO - [2025-10-09T10:40:00.865+0000] {dagbag.py:538} INFO - Filling up the DagBag from /home/airflow/.local/lib/python3.8/site-packages/airflow/example_dags/tutorial_dag.py
[2025-10-09T10:40:00.871+0000] {processor.py:840} INFO - DAG(s) 'tutorial_dag' retrieved from /home/airflow/.local/lib/python3.8/site-packages/airflow/example_dags/tutorial_dag.py
[2025-10-09T10:40:00.903+0000] {logging_mixin.py:188} INFO - [2025-10-09T10:40:00.902+0000] {dag.py:3036} INFO - Sync 1 DAGs
[2025-10-09T10:40:00.918+0000] {logging_mixin.py:188} INFO - [2025-10-09T10:40:00.918+0000] {dag.py:3823} INFO - Setting next_dagrun for tutorial_dag to None, run_after=None
[2025-10-09T10:40:00.942+0000] {processor.py:183} INFO - Processing /home/airflow/.local/lib/python3.8/site-packages/airflow/example_dags/tutorial_dag.py took 0.084 seconds
[2025-10-09T11:34:35.577+0000] {processor.py:161} INFO - Started process (PID=13775) to work on /home/airflow/.local/lib/python3.8/site-packages/airflow/example_dags/tutorial_dag.py
[2025-10-09T11:34:35.580+0000] {processor.py:830} INFO - Processing file /home/airflow/.local/lib/python3.8/site-packages/airflow/example_dags/tutorial_dag.py for tasks to queue
[2025-10-09T11:34:35.583+0000] {logging_mixin.py:188} INFO - [2025-10-09T11:34:35.582+0000] {dagbag.py:538} INFO - Filling up the DagBag from /home/airflow/.local/lib/python3.8/site-packages/airflow/example_dags/tutorial_dag.py
[2025-10-09T11:34:35.594+0000] {processor.py:840} INFO - DAG(s) 'tutorial_dag' retrieved from /home/airflow/.local/lib/python3.8/site-packages/airflow/example_dags/tutorial_dag.py
[2025-10-09T11:34:35.648+0000] {logging_mixin.py:188} INFO - [2025-10-09T11:34:35.648+0000] {dag.py:3036} INFO - Sync 1 DAGs
[2025-10-09T11:34:35.682+0000] {logging_mixin.py:188} INFO - [2025-10-09T11:34:35.682+0000] {dag.py:3823} INFO - Setting next_dagrun for tutorial_dag to None, run_after=None
[2025-10-09T11:34:35.729+0000] {processor.py:183} INFO - Processing /home/airflow/.local/lib/python3.8/site-packages/airflow/example_dags/tutorial_dag.py took 0.158 seconds
[2025-10-09T11:35:06.271+0000] {processor.py:161} INFO - Started process (PID=13837) to work on /home/airflow/.local/lib/python3.8/site-packages/airflow/example_dags/tutorial_dag.py
[2025-10-09T11:35:06.273+0000] {processor.py:830} INFO - Processing file /home/airflow/.local/lib/python3.8/site-packages/airflow/example_dags/tutorial_dag.py for tasks to queue
[2025-10-09T11:35:06.275+0000] {logging_mixin.py:188} INFO - [2025-10-09T11:35:06.274+0000] {dagbag.py:538} INFO - Filling up the DagBag from /home/airflow/.local/lib/python3.8/site-packages/airflow/example_dags/tutorial_dag.py
[2025-10-09T11:35:06.282+0000] {processor.py:840} INFO - DAG(s) 'tutorial_dag' retrieved from /home/airflow/.local/lib/python3.8/site-packages/airflow/example_dags/tutorial_dag.py
[2025-10-09T11:35:06.312+0000] {logging_mixin.py:188} INFO - [2025-10-09T11:35:06.312+0000] {dag.py:3036} INFO - Sync 1 DAGs
[2025-10-09T11:35:06.327+0000] {logging_mixin.py:188} INFO - [2025-10-09T11:35:06.327+0000] {dag.py:3823} INFO - Setting next_dagrun for tutorial_dag to None, run_after=None
[2025-10-09T11:35:06.350+0000] {processor.py:183} INFO - Processing /home/airflow/.local/lib/python3.8/site-packages/airflow/example_dags/tutorial_dag.py took 0.084 seconds
[2025-10-09T11:35:37.015+0000] {processor.py:161} INFO - Started process (PID=13899) to work on /home/airflow/.local/lib/python3.8/site-packages/airflow/example_dags/tutorial_dag.py
[2025-10-09T11:35:37.017+0000] {processor.py:830} INFO - Processing file /home/airflow/.local/lib/python3.8/site-packages/airflow/example_dags/tutorial_dag.py for tasks to queue
[2025-10-09T11:35:37.021+0000] {logging_mixin.py:188} INFO - [2025-10-09T11:35:37.020+0000] {dagbag.py:538} INFO - Filling up the DagBag from /home/airflow/.local/lib/python3.8/site-packages/airflow/example_dags/tutorial_dag.py
[2025-10-09T11:35:37.037+0000] {processor.py:840} INFO - DAG(s) 'tutorial_dag' retrieved from /home/airflow/.local/lib/python3.8/site-packages/airflow/example_dags/tutorial_dag.py
[2025-10-09T11:35:37.163+0000] {logging_mixin.py:188} INFO - [2025-10-09T11:35:37.162+0000] {dag.py:3036} INFO - Sync 1 DAGs
[2025-10-09T11:35:37.281+0000] {logging_mixin.py:188} INFO - [2025-10-09T11:35:37.280+0000] {dag.py:3823} INFO - Setting next_dagrun for tutorial_dag to None, run_after=None
[2025-10-09T11:35:37.351+0000] {processor.py:183} INFO - Processing /home/airflow/.local/lib/python3.8/site-packages/airflow/example_dags/tutorial_dag.py took 0.350 seconds
[2025-10-09T11:36:07.531+0000] {processor.py:161} INFO - Started process (PID=13961) to work on /home/airflow/.local/lib/python3.8/site-packages/airflow/example_dags/tutorial_dag.py
[2025-10-09T11:36:07.533+0000] {processor.py:830} INFO - Processing file /home/airflow/.local/lib/python3.8/site-packages/airflow/example_dags/tutorial_dag.py for tasks to queue
[2025-10-09T11:36:07.536+0000] {logging_mixin.py:188} INFO - [2025-10-09T11:36:07.536+0000] {dagbag.py:538} INFO - Filling up the DagBag from /home/airflow/.local/lib/python3.8/site-packages/airflow/example_dags/tutorial_dag.py
[2025-10-09T11:36:07.545+0000] {processor.py:840} INFO - DAG(s) 'tutorial_dag' retrieved from /home/airflow/.local/lib/python3.8/site-packages/airflow/example_dags/tutorial_dag.py
[2025-10-09T11:36:07.585+0000] {logging_mixin.py:188} INFO - [2025-10-09T11:36:07.585+0000] {dag.py:3036} INFO - Sync 1 DAGs
[2025-10-09T11:36:07.605+0000] {logging_mixin.py:188} INFO - [2025-10-09T11:36:07.605+0000] {dag.py:3823} INFO - Setting next_dagrun for tutorial_dag to None, run_after=None
[2025-10-09T11:36:07.638+0000] {processor.py:183} INFO - Processing /home/airflow/.local/lib/python3.8/site-packages/airflow/example_dags/tutorial_dag.py took 0.112 seconds
[2025-10-09T11:36:38.499+0000] {processor.py:161} INFO - Started process (PID=14022) to work on /home/airflow/.local/lib/python3.8/site-packages/airflow/example_dags/tutorial_dag.py
[2025-10-09T11:36:38.502+0000] {processor.py:830} INFO - Processing file /home/airflow/.local/lib/python3.8/site-packages/airflow/example_dags/tutorial_dag.py for tasks to queue
[2025-10-09T11:36:38.504+0000] {logging_mixin.py:188} INFO - [2025-10-09T11:36:38.503+0000] {dagbag.py:538} INFO - Filling up the DagBag from /home/airflow/.local/lib/python3.8/site-packages/airflow/example_dags/tutorial_dag.py
[2025-10-09T11:36:38.512+0000] {processor.py:840} INFO - DAG(s) 'tutorial_dag' retrieved from /home/airflow/.local/lib/python3.8/site-packages/airflow/example_dags/tutorial_dag.py
[2025-10-09T11:36:38.554+0000] {logging_mixin.py:188} INFO - [2025-10-09T11:36:38.554+0000] {dag.py:3036} INFO - Sync 1 DAGs
[2025-10-09T11:36:38.577+0000] {logging_mixin.py:188} INFO - [2025-10-09T11:36:38.576+0000] {dag.py:3823} INFO - Setting next_dagrun for tutorial_dag to None, run_after=None
[2025-10-09T11:36:38.618+0000] {processor.py:183} INFO - Processing /home/airflow/.local/lib/python3.8/site-packages/airflow/example_dags/tutorial_dag.py took 0.124 seconds
[2025-10-09T11:37:10.273+0000] {processor.py:161} INFO - Started process (PID=14084) to work on /home/airflow/.local/lib/python3.8/site-packages/airflow/example_dags/tutorial_dag.py
[2025-10-09T11:37:10.274+0000] {processor.py:830} INFO - Processing file /home/airflow/.local/lib/python3.8/site-packages/airflow/example_dags/tutorial_dag.py for tasks to queue
[2025-10-09T11:37:10.276+0000] {logging_mixin.py:188} INFO - [2025-10-09T11:37:10.275+0000] {dagbag.py:538} INFO - Filling up the DagBag from /home/airflow/.local/lib/python3.8/site-packages/airflow/example_dags/tutorial_dag.py
[2025-10-09T11:37:10.285+0000] {processor.py:840} INFO - DAG(s) 'tutorial_dag' retrieved from /home/airflow/.local/lib/python3.8/site-packages/airflow/example_dags/tutorial_dag.py
[2025-10-09T11:37:10.322+0000] {logging_mixin.py:188} INFO - [2025-10-09T11:37:10.322+0000] {dag.py:3036} INFO - Sync 1 DAGs
[2025-10-09T11:37:10.341+0000] {logging_mixin.py:188} INFO - [2025-10-09T11:37:10.341+0000] {dag.py:3823} INFO - Setting next_dagrun for tutorial_dag to None, run_after=None
[2025-10-09T11:37:10.367+0000] {processor.py:183} INFO - Processing /home/airflow/.local/lib/python3.8/site-packages/airflow/example_dags/tutorial_dag.py took 0.099 seconds
[2025-10-09T11:37:43.023+0000] {processor.py:161} INFO - Started process (PID=14146) to work on /home/airflow/.local/lib/python3.8/site-packages/airflow/example_dags/tutorial_dag.py
[2025-10-09T11:37:43.025+0000] {processor.py:830} INFO - Processing file /home/airflow/.local/lib/python3.8/site-packages/airflow/example_dags/tutorial_dag.py for tasks to queue
[2025-10-09T11:37:43.026+0000] {logging_mixin.py:188} INFO - [2025-10-09T11:37:43.026+0000] {dagbag.py:538} INFO - Filling up the DagBag from /home/airflow/.local/lib/python3.8/site-packages/airflow/example_dags/tutorial_dag.py
[2025-10-09T11:37:43.034+0000] {processor.py:840} INFO - DAG(s) 'tutorial_dag' retrieved from /home/airflow/.local/lib/python3.8/site-packages/airflow/example_dags/tutorial_dag.py
[2025-10-09T11:37:43.270+0000] {logging_mixin.py:188} INFO - [2025-10-09T11:37:43.269+0000] {dag.py:3036} INFO - Sync 1 DAGs
[2025-10-09T11:37:43.290+0000] {logging_mixin.py:188} INFO - [2025-10-09T11:37:43.290+0000] {dag.py:3823} INFO - Setting next_dagrun for tutorial_dag to None, run_after=None
[2025-10-09T11:37:43.344+0000] {processor.py:183} INFO - Processing /home/airflow/.local/lib/python3.8/site-packages/airflow/example_dags/tutorial_dag.py took 0.326 seconds
[2025-10-09T11:38:13.840+0000] {processor.py:161} INFO - Started process (PID=14208) to work on /home/airflow/.local/lib/python3.8/site-packages/airflow/example_dags/tutorial_dag.py
[2025-10-09T11:38:13.842+0000] {processor.py:830} INFO - Processing file /home/airflow/.local/lib/python3.8/site-packages/airflow/example_dags/tutorial_dag.py for tasks to queue
[2025-10-09T11:38:13.844+0000] {logging_mixin.py:188} INFO - [2025-10-09T11:38:13.844+0000] {dagbag.py:538} INFO - Filling up the DagBag from /home/airflow/.local/lib/python3.8/site-packages/airflow/example_dags/tutorial_dag.py
[2025-10-09T11:38:13.853+0000] {processor.py:840} INFO - DAG(s) 'tutorial_dag' retrieved from /home/airflow/.local/lib/python3.8/site-packages/airflow/example_dags/tutorial_dag.py
[2025-10-09T11:38:13.909+0000] {logging_mixin.py:188} INFO - [2025-10-09T11:38:13.909+0000] {dag.py:3036} INFO - Sync 1 DAGs
[2025-10-09T11:38:13.934+0000] {logging_mixin.py:188} INFO - [2025-10-09T11:38:13.933+0000] {dag.py:3823} INFO - Setting next_dagrun for tutorial_dag to None, run_after=None
[2025-10-09T11:38:13.973+0000] {processor.py:183} INFO - Processing /home/airflow/.local/lib/python3.8/site-packages/airflow/example_dags/tutorial_dag.py took 0.139 seconds
[2025-10-09T11:38:44.344+0000] {processor.py:161} INFO - Started process (PID=14270) to work on /home/airflow/.local/lib/python3.8/site-packages/airflow/example_dags/tutorial_dag.py
[2025-10-09T11:38:44.348+0000] {processor.py:830} INFO - Processing file /home/airflow/.local/lib/python3.8/site-packages/airflow/example_dags/tutorial_dag.py for tasks to queue
[2025-10-09T11:38:44.351+0000] {logging_mixin.py:188} INFO - [2025-10-09T11:38:44.350+0000] {dagbag.py:538} INFO - Filling up the DagBag from /home/airflow/.local/lib/python3.8/site-packages/airflow/example_dags/tutorial_dag.py
[2025-10-09T11:38:44.366+0000] {processor.py:840} INFO - DAG(s) 'tutorial_dag' retrieved from /home/airflow/.local/lib/python3.8/site-packages/airflow/example_dags/tutorial_dag.py
[2025-10-09T11:38:44.426+0000] {logging_mixin.py:188} INFO - [2025-10-09T11:38:44.425+0000] {dag.py:3036} INFO - Sync 1 DAGs
[2025-10-09T11:38:44.459+0000] {logging_mixin.py:188} INFO - [2025-10-09T11:38:44.458+0000] {dag.py:3823} INFO - Setting next_dagrun for tutorial_dag to None, run_after=None
[2025-10-09T11:38:44.521+0000] {processor.py:183} INFO - Processing /home/airflow/.local/lib/python3.8/site-packages/airflow/example_dags/tutorial_dag.py took 0.187 seconds
[2025-10-09T11:39:15.297+0000] {processor.py:161} INFO - Started process (PID=14332) to work on /home/airflow/.local/lib/python3.8/site-packages/airflow/example_dags/tutorial_dag.py
[2025-10-09T11:39:15.299+0000] {processor.py:830} INFO - Processing file /home/airflow/.local/lib/python3.8/site-packages/airflow/example_dags/tutorial_dag.py for tasks to queue
[2025-10-09T11:39:15.300+0000] {logging_mixin.py:188} INFO - [2025-10-09T11:39:15.300+0000] {dagbag.py:538} INFO - Filling up the DagBag from /home/airflow/.local/lib/python3.8/site-packages/airflow/example_dags/tutorial_dag.py
[2025-10-09T11:39:15.309+0000] {processor.py:840} INFO - DAG(s) 'tutorial_dag' retrieved from /home/airflow/.local/lib/python3.8/site-packages/airflow/example_dags/tutorial_dag.py
[2025-10-09T11:39:15.344+0000] {logging_mixin.py:188} INFO - [2025-10-09T11:39:15.344+0000] {dag.py:3036} INFO - Sync 1 DAGs
[2025-10-09T11:39:15.361+0000] {logging_mixin.py:188} INFO - [2025-10-09T11:39:15.361+0000] {dag.py:3823} INFO - Setting next_dagrun for tutorial_dag to None, run_after=None
[2025-10-09T11:39:15.388+0000] {processor.py:183} INFO - Processing /home/airflow/.local/lib/python3.8/site-packages/airflow/example_dags/tutorial_dag.py took 0.098 seconds
[2025-10-09T11:39:45.635+0000] {processor.py:161} INFO - Started process (PID=14394) to work on /home/airflow/.local/lib/python3.8/site-packages/airflow/example_dags/tutorial_dag.py
[2025-10-09T11:39:45.637+0000] {processor.py:830} INFO - Processing file /home/airflow/.local/lib/python3.8/site-packages/airflow/example_dags/tutorial_dag.py for tasks to queue
[2025-10-09T11:39:45.638+0000] {logging_mixin.py:188} INFO - [2025-10-09T11:39:45.638+0000] {dagbag.py:538} INFO - Filling up the DagBag from /home/airflow/.local/lib/python3.8/site-packages/airflow/example_dags/tutorial_dag.py
[2025-10-09T11:39:45.647+0000] {processor.py:840} INFO - DAG(s) 'tutorial_dag' retrieved from /home/airflow/.local/lib/python3.8/site-packages/airflow/example_dags/tutorial_dag.py
[2025-10-09T11:39:45.686+0000] {logging_mixin.py:188} INFO - [2025-10-09T11:39:45.686+0000] {dag.py:3036} INFO - Sync 1 DAGs
[2025-10-09T11:39:45.709+0000] {logging_mixin.py:188} INFO - [2025-10-09T11:39:45.709+0000] {dag.py:3823} INFO - Setting next_dagrun for tutorial_dag to None, run_after=None
[2025-10-09T11:39:45.768+0000] {processor.py:183} INFO - Processing /home/airflow/.local/lib/python3.8/site-packages/airflow/example_dags/tutorial_dag.py took 0.138 seconds
[2025-10-09T11:40:16.141+0000] {processor.py:161} INFO - Started process (PID=14456) to work on /home/airflow/.local/lib/python3.8/site-packages/airflow/example_dags/tutorial_dag.py
[2025-10-09T11:40:16.143+0000] {processor.py:830} INFO - Processing file /home/airflow/.local/lib/python3.8/site-packages/airflow/example_dags/tutorial_dag.py for tasks to queue
[2025-10-09T11:40:16.145+0000] {logging_mixin.py:188} INFO - [2025-10-09T11:40:16.144+0000] {dagbag.py:538} INFO - Filling up the DagBag from /home/airflow/.local/lib/python3.8/site-packages/airflow/example_dags/tutorial_dag.py
[2025-10-09T11:40:16.156+0000] {processor.py:840} INFO - DAG(s) 'tutorial_dag' retrieved from /home/airflow/.local/lib/python3.8/site-packages/airflow/example_dags/tutorial_dag.py
[2025-10-09T11:40:16.212+0000] {logging_mixin.py:188} INFO - [2025-10-09T11:40:16.211+0000] {dag.py:3036} INFO - Sync 1 DAGs
[2025-10-09T11:40:16.245+0000] {logging_mixin.py:188} INFO - [2025-10-09T11:40:16.244+0000] {dag.py:3823} INFO - Setting next_dagrun for tutorial_dag to None, run_after=None
[2025-10-09T11:40:16.290+0000] {processor.py:183} INFO - Processing /home/airflow/.local/lib/python3.8/site-packages/airflow/example_dags/tutorial_dag.py took 0.157 seconds
[2025-10-09T11:40:46.716+0000] {processor.py:161} INFO - Started process (PID=14518) to work on /home/airflow/.local/lib/python3.8/site-packages/airflow/example_dags/tutorial_dag.py
[2025-10-09T11:40:46.718+0000] {processor.py:830} INFO - Processing file /home/airflow/.local/lib/python3.8/site-packages/airflow/example_dags/tutorial_dag.py for tasks to queue
[2025-10-09T11:40:46.720+0000] {logging_mixin.py:188} INFO - [2025-10-09T11:40:46.720+0000] {dagbag.py:538} INFO - Filling up the DagBag from /home/airflow/.local/lib/python3.8/site-packages/airflow/example_dags/tutorial_dag.py
[2025-10-09T11:40:46.729+0000] {processor.py:840} INFO - DAG(s) 'tutorial_dag' retrieved from /home/airflow/.local/lib/python3.8/site-packages/airflow/example_dags/tutorial_dag.py
[2025-10-09T11:40:46.772+0000] {logging_mixin.py:188} INFO - [2025-10-09T11:40:46.771+0000] {dag.py:3036} INFO - Sync 1 DAGs
[2025-10-09T11:40:46.793+0000] {logging_mixin.py:188} INFO - [2025-10-09T11:40:46.793+0000] {dag.py:3823} INFO - Setting next_dagrun for tutorial_dag to None, run_after=None
[2025-10-09T11:40:46.830+0000] {processor.py:183} INFO - Processing /home/airflow/.local/lib/python3.8/site-packages/airflow/example_dags/tutorial_dag.py took 0.119 seconds
[2025-10-09T11:41:17.592+0000] {processor.py:161} INFO - Started process (PID=14580) to work on /home/airflow/.local/lib/python3.8/site-packages/airflow/example_dags/tutorial_dag.py
[2025-10-09T11:41:17.594+0000] {processor.py:830} INFO - Processing file /home/airflow/.local/lib/python3.8/site-packages/airflow/example_dags/tutorial_dag.py for tasks to queue
[2025-10-09T11:41:17.595+0000] {logging_mixin.py:188} INFO - [2025-10-09T11:41:17.595+0000] {dagbag.py:538} INFO - Filling up the DagBag from /home/airflow/.local/lib/python3.8/site-packages/airflow/example_dags/tutorial_dag.py
[2025-10-09T11:41:17.603+0000] {processor.py:840} INFO - DAG(s) 'tutorial_dag' retrieved from /home/airflow/.local/lib/python3.8/site-packages/airflow/example_dags/tutorial_dag.py
[2025-10-09T11:41:17.639+0000] {logging_mixin.py:188} INFO - [2025-10-09T11:41:17.638+0000] {dag.py:3036} INFO - Sync 1 DAGs
[2025-10-09T11:41:17.662+0000] {logging_mixin.py:188} INFO - [2025-10-09T11:41:17.661+0000] {dag.py:3823} INFO - Setting next_dagrun for tutorial_dag to None, run_after=None
[2025-10-09T11:41:17.712+0000] {processor.py:183} INFO - Processing /home/airflow/.local/lib/python3.8/site-packages/airflow/example_dags/tutorial_dag.py took 0.124 seconds
[2025-10-09T11:41:48.514+0000] {processor.py:161} INFO - Started process (PID=14642) to work on /home/airflow/.local/lib/python3.8/site-packages/airflow/example_dags/tutorial_dag.py
[2025-10-09T11:41:48.515+0000] {processor.py:830} INFO - Processing file /home/airflow/.local/lib/python3.8/site-packages/airflow/example_dags/tutorial_dag.py for tasks to queue
[2025-10-09T11:41:48.516+0000] {logging_mixin.py:188} INFO - [2025-10-09T11:41:48.516+0000] {dagbag.py:538} INFO - Filling up the DagBag from /home/airflow/.local/lib/python3.8/site-packages/airflow/example_dags/tutorial_dag.py
[2025-10-09T11:41:48.524+0000] {processor.py:840} INFO - DAG(s) 'tutorial_dag' retrieved from /home/airflow/.local/lib/python3.8/site-packages/airflow/example_dags/tutorial_dag.py
[2025-10-09T11:41:48.557+0000] {logging_mixin.py:188} INFO - [2025-10-09T11:41:48.557+0000] {dag.py:3036} INFO - Sync 1 DAGs
[2025-10-09T11:41:48.575+0000] {logging_mixin.py:188} INFO - [2025-10-09T11:41:48.574+0000] {dag.py:3823} INFO - Setting next_dagrun for tutorial_dag to None, run_after=None
[2025-10-09T11:41:48.625+0000] {processor.py:183} INFO - Processing /home/airflow/.local/lib/python3.8/site-packages/airflow/example_dags/tutorial_dag.py took 0.117 seconds
[2025-10-09T11:42:20.092+0000] {processor.py:161} INFO - Started process (PID=14704) to work on /home/airflow/.local/lib/python3.8/site-packages/airflow/example_dags/tutorial_dag.py
[2025-10-09T11:42:20.094+0000] {processor.py:830} INFO - Processing file /home/airflow/.local/lib/python3.8/site-packages/airflow/example_dags/tutorial_dag.py for tasks to queue
[2025-10-09T11:42:20.095+0000] {logging_mixin.py:188} INFO - [2025-10-09T11:42:20.095+0000] {dagbag.py:538} INFO - Filling up the DagBag from /home/airflow/.local/lib/python3.8/site-packages/airflow/example_dags/tutorial_dag.py
[2025-10-09T11:42:20.104+0000] {processor.py:840} INFO - DAG(s) 'tutorial_dag' retrieved from /home/airflow/.local/lib/python3.8/site-packages/airflow/example_dags/tutorial_dag.py
[2025-10-09T11:42:20.145+0000] {logging_mixin.py:188} INFO - [2025-10-09T11:42:20.145+0000] {dag.py:3036} INFO - Sync 1 DAGs
[2025-10-09T11:42:20.168+0000] {logging_mixin.py:188} INFO - [2025-10-09T11:42:20.168+0000] {dag.py:3823} INFO - Setting next_dagrun for tutorial_dag to None, run_after=None
[2025-10-09T11:42:20.200+0000] {processor.py:183} INFO - Processing /home/airflow/.local/lib/python3.8/site-packages/airflow/example_dags/tutorial_dag.py took 0.113 seconds
[2025-10-09T11:42:51.568+0000] {processor.py:161} INFO - Started process (PID=14766) to work on /home/airflow/.local/lib/python3.8/site-packages/airflow/example_dags/tutorial_dag.py
[2025-10-09T11:42:51.573+0000] {processor.py:830} INFO - Processing file /home/airflow/.local/lib/python3.8/site-packages/airflow/example_dags/tutorial_dag.py for tasks to queue
[2025-10-09T11:42:51.576+0000] {logging_mixin.py:188} INFO - [2025-10-09T11:42:51.575+0000] {dagbag.py:538} INFO - Filling up the DagBag from /home/airflow/.local/lib/python3.8/site-packages/airflow/example_dags/tutorial_dag.py
[2025-10-09T11:42:51.589+0000] {processor.py:840} INFO - DAG(s) 'tutorial_dag' retrieved from /home/airflow/.local/lib/python3.8/site-packages/airflow/example_dags/tutorial_dag.py
[2025-10-09T11:42:51.642+0000] {logging_mixin.py:188} INFO - [2025-10-09T11:42:51.642+0000] {dag.py:3036} INFO - Sync 1 DAGs
[2025-10-09T11:42:51.672+0000] {logging_mixin.py:188} INFO - [2025-10-09T11:42:51.672+0000] {dag.py:3823} INFO - Setting next_dagrun for tutorial_dag to None, run_after=None
[2025-10-09T11:42:51.710+0000] {processor.py:183} INFO - Processing /home/airflow/.local/lib/python3.8/site-packages/airflow/example_dags/tutorial_dag.py took 0.151 seconds
[2025-10-09T11:43:22.295+0000] {processor.py:161} INFO - Started process (PID=14828) to work on /home/airflow/.local/lib/python3.8/site-packages/airflow/example_dags/tutorial_dag.py
[2025-10-09T11:43:22.297+0000] {processor.py:830} INFO - Processing file /home/airflow/.local/lib/python3.8/site-packages/airflow/example_dags/tutorial_dag.py for tasks to queue
[2025-10-09T11:43:22.300+0000] {logging_mixin.py:188} INFO - [2025-10-09T11:43:22.299+0000] {dagbag.py:538} INFO - Filling up the DagBag from /home/airflow/.local/lib/python3.8/site-packages/airflow/example_dags/tutorial_dag.py
[2025-10-09T11:43:22.309+0000] {processor.py:840} INFO - DAG(s) 'tutorial_dag' retrieved from /home/airflow/.local/lib/python3.8/site-packages/airflow/example_dags/tutorial_dag.py
[2025-10-09T11:43:22.359+0000] {logging_mixin.py:188} INFO - [2025-10-09T11:43:22.359+0000] {dag.py:3036} INFO - Sync 1 DAGs
[2025-10-09T11:43:22.384+0000] {logging_mixin.py:188} INFO - [2025-10-09T11:43:22.383+0000] {dag.py:3823} INFO - Setting next_dagrun for tutorial_dag to None, run_after=None
[2025-10-09T11:43:22.435+0000] {processor.py:183} INFO - Processing /home/airflow/.local/lib/python3.8/site-packages/airflow/example_dags/tutorial_dag.py took 0.146 seconds
[2025-10-09T11:43:52.963+0000] {processor.py:161} INFO - Started process (PID=14890) to work on /home/airflow/.local/lib/python3.8/site-packages/airflow/example_dags/tutorial_dag.py
[2025-10-09T11:43:52.964+0000] {processor.py:830} INFO - Processing file /home/airflow/.local/lib/python3.8/site-packages/airflow/example_dags/tutorial_dag.py for tasks to queue
[2025-10-09T11:43:52.966+0000] {logging_mixin.py:188} INFO - [2025-10-09T11:43:52.966+0000] {dagbag.py:538} INFO - Filling up the DagBag from /home/airflow/.local/lib/python3.8/site-packages/airflow/example_dags/tutorial_dag.py
[2025-10-09T11:43:52.975+0000] {processor.py:840} INFO - DAG(s) 'tutorial_dag' retrieved from /home/airflow/.local/lib/python3.8/site-packages/airflow/example_dags/tutorial_dag.py
[2025-10-09T11:43:53.017+0000] {logging_mixin.py:188} INFO - [2025-10-09T11:43:53.017+0000] {dag.py:3036} INFO - Sync 1 DAGs
[2025-10-09T11:43:53.041+0000] {logging_mixin.py:188} INFO - [2025-10-09T11:43:53.040+0000] {dag.py:3823} INFO - Setting next_dagrun for tutorial_dag to None, run_after=None
[2025-10-09T11:43:53.079+0000] {processor.py:183} INFO - Processing /home/airflow/.local/lib/python3.8/site-packages/airflow/example_dags/tutorial_dag.py took 0.121 seconds
[2025-10-09T11:44:23.674+0000] {processor.py:161} INFO - Started process (PID=14952) to work on /home/airflow/.local/lib/python3.8/site-packages/airflow/example_dags/tutorial_dag.py
[2025-10-09T11:44:23.676+0000] {processor.py:830} INFO - Processing file /home/airflow/.local/lib/python3.8/site-packages/airflow/example_dags/tutorial_dag.py for tasks to queue
[2025-10-09T11:44:23.678+0000] {logging_mixin.py:188} INFO - [2025-10-09T11:44:23.678+0000] {dagbag.py:538} INFO - Filling up the DagBag from /home/airflow/.local/lib/python3.8/site-packages/airflow/example_dags/tutorial_dag.py
[2025-10-09T11:44:23.686+0000] {processor.py:840} INFO - DAG(s) 'tutorial_dag' retrieved from /home/airflow/.local/lib/python3.8/site-packages/airflow/example_dags/tutorial_dag.py
[2025-10-09T11:44:23.726+0000] {logging_mixin.py:188} INFO - [2025-10-09T11:44:23.725+0000] {dag.py:3036} INFO - Sync 1 DAGs
[2025-10-09T11:44:23.753+0000] {logging_mixin.py:188} INFO - [2025-10-09T11:44:23.752+0000] {dag.py:3823} INFO - Setting next_dagrun for tutorial_dag to None, run_after=None
[2025-10-09T11:44:23.786+0000] {processor.py:183} INFO - Processing /home/airflow/.local/lib/python3.8/site-packages/airflow/example_dags/tutorial_dag.py took 0.117 seconds
[2025-10-09T11:44:54.744+0000] {processor.py:161} INFO - Started process (PID=15014) to work on /home/airflow/.local/lib/python3.8/site-packages/airflow/example_dags/tutorial_dag.py
[2025-10-09T11:44:54.745+0000] {processor.py:830} INFO - Processing file /home/airflow/.local/lib/python3.8/site-packages/airflow/example_dags/tutorial_dag.py for tasks to queue
[2025-10-09T11:44:54.747+0000] {logging_mixin.py:188} INFO - [2025-10-09T11:44:54.746+0000] {dagbag.py:538} INFO - Filling up the DagBag from /home/airflow/.local/lib/python3.8/site-packages/airflow/example_dags/tutorial_dag.py
[2025-10-09T11:44:54.755+0000] {processor.py:840} INFO - DAG(s) 'tutorial_dag' retrieved from /home/airflow/.local/lib/python3.8/site-packages/airflow/example_dags/tutorial_dag.py
[2025-10-09T11:44:54.795+0000] {logging_mixin.py:188} INFO - [2025-10-09T11:44:54.795+0000] {dag.py:3036} INFO - Sync 1 DAGs
[2025-10-09T11:44:54.815+0000] {logging_mixin.py:188} INFO - [2025-10-09T11:44:54.815+0000] {dag.py:3823} INFO - Setting next_dagrun for tutorial_dag to None, run_after=None
[2025-10-09T11:44:54.849+0000] {processor.py:183} INFO - Processing /home/airflow/.local/lib/python3.8/site-packages/airflow/example_dags/tutorial_dag.py took 0.110 seconds
[2025-10-09T11:45:25.345+0000] {processor.py:161} INFO - Started process (PID=15076) to work on /home/airflow/.local/lib/python3.8/site-packages/airflow/example_dags/tutorial_dag.py
[2025-10-09T11:45:25.347+0000] {processor.py:830} INFO - Processing file /home/airflow/.local/lib/python3.8/site-packages/airflow/example_dags/tutorial_dag.py for tasks to queue
[2025-10-09T11:45:25.349+0000] {logging_mixin.py:188} INFO - [2025-10-09T11:45:25.348+0000] {dagbag.py:538} INFO - Filling up the DagBag from /home/airflow/.local/lib/python3.8/site-packages/airflow/example_dags/tutorial_dag.py
[2025-10-09T11:45:25.358+0000] {processor.py:840} INFO - DAG(s) 'tutorial_dag' retrieved from /home/airflow/.local/lib/python3.8/site-packages/airflow/example_dags/tutorial_dag.py
[2025-10-09T11:45:25.412+0000] {logging_mixin.py:188} INFO - [2025-10-09T11:45:25.412+0000] {dag.py:3036} INFO - Sync 1 DAGs
[2025-10-09T11:45:25.438+0000] {logging_mixin.py:188} INFO - [2025-10-09T11:45:25.437+0000] {dag.py:3823} INFO - Setting next_dagrun for tutorial_dag to None, run_after=None
[2025-10-09T11:45:25.481+0000] {processor.py:183} INFO - Processing /home/airflow/.local/lib/python3.8/site-packages/airflow/example_dags/tutorial_dag.py took 0.142 seconds
[2025-10-09T11:45:56.316+0000] {processor.py:161} INFO - Started process (PID=15138) to work on /home/airflow/.local/lib/python3.8/site-packages/airflow/example_dags/tutorial_dag.py
[2025-10-09T11:45:56.318+0000] {processor.py:830} INFO - Processing file /home/airflow/.local/lib/python3.8/site-packages/airflow/example_dags/tutorial_dag.py for tasks to queue
[2025-10-09T11:45:56.320+0000] {logging_mixin.py:188} INFO - [2025-10-09T11:45:56.320+0000] {dagbag.py:538} INFO - Filling up the DagBag from /home/airflow/.local/lib/python3.8/site-packages/airflow/example_dags/tutorial_dag.py
[2025-10-09T11:45:56.332+0000] {processor.py:840} INFO - DAG(s) 'tutorial_dag' retrieved from /home/airflow/.local/lib/python3.8/site-packages/airflow/example_dags/tutorial_dag.py
[2025-10-09T11:45:56.395+0000] {logging_mixin.py:188} INFO - [2025-10-09T11:45:56.394+0000] {dag.py:3036} INFO - Sync 1 DAGs
[2025-10-09T11:45:56.425+0000] {logging_mixin.py:188} INFO - [2025-10-09T11:45:56.424+0000] {dag.py:3823} INFO - Setting next_dagrun for tutorial_dag to None, run_after=None
[2025-10-09T11:45:56.455+0000] {processor.py:183} INFO - Processing /home/airflow/.local/lib/python3.8/site-packages/airflow/example_dags/tutorial_dag.py took 0.145 seconds
[2025-10-09T11:46:27.175+0000] {processor.py:161} INFO - Started process (PID=15200) to work on /home/airflow/.local/lib/python3.8/site-packages/airflow/example_dags/tutorial_dag.py
[2025-10-09T11:46:27.176+0000] {processor.py:830} INFO - Processing file /home/airflow/.local/lib/python3.8/site-packages/airflow/example_dags/tutorial_dag.py for tasks to queue
[2025-10-09T11:46:27.178+0000] {logging_mixin.py:188} INFO - [2025-10-09T11:46:27.177+0000] {dagbag.py:538} INFO - Filling up the DagBag from /home/airflow/.local/lib/python3.8/site-packages/airflow/example_dags/tutorial_dag.py
[2025-10-09T11:46:27.185+0000] {processor.py:840} INFO - DAG(s) 'tutorial_dag' retrieved from /home/airflow/.local/lib/python3.8/site-packages/airflow/example_dags/tutorial_dag.py
[2025-10-09T11:46:27.236+0000] {logging_mixin.py:188} INFO - [2025-10-09T11:46:27.235+0000] {dag.py:3036} INFO - Sync 1 DAGs
[2025-10-09T11:46:27.263+0000] {logging_mixin.py:188} INFO - [2025-10-09T11:46:27.262+0000] {dag.py:3823} INFO - Setting next_dagrun for tutorial_dag to None, run_after=None
[2025-10-09T11:46:27.302+0000] {processor.py:183} INFO - Processing /home/airflow/.local/lib/python3.8/site-packages/airflow/example_dags/tutorial_dag.py took 0.132 seconds
[2025-10-09T11:46:57.408+0000] {processor.py:161} INFO - Started process (PID=15261) to work on /home/airflow/.local/lib/python3.8/site-packages/airflow/example_dags/tutorial_dag.py
[2025-10-09T11:46:57.410+0000] {processor.py:830} INFO - Processing file /home/airflow/.local/lib/python3.8/site-packages/airflow/example_dags/tutorial_dag.py for tasks to queue
[2025-10-09T11:46:57.412+0000] {logging_mixin.py:188} INFO - [2025-10-09T11:46:57.412+0000] {dagbag.py:538} INFO - Filling up the DagBag from /home/airflow/.local/lib/python3.8/site-packages/airflow/example_dags/tutorial_dag.py
[2025-10-09T11:46:57.426+0000] {processor.py:840} INFO - DAG(s) 'tutorial_dag' retrieved from /home/airflow/.local/lib/python3.8/site-packages/airflow/example_dags/tutorial_dag.py
[2025-10-09T11:46:57.475+0000] {logging_mixin.py:188} INFO - [2025-10-09T11:46:57.475+0000] {dag.py:3036} INFO - Sync 1 DAGs
[2025-10-09T11:46:57.495+0000] {logging_mixin.py:188} INFO - [2025-10-09T11:46:57.495+0000] {dag.py:3823} INFO - Setting next_dagrun for tutorial_dag to None, run_after=None
[2025-10-09T11:46:57.545+0000] {processor.py:183} INFO - Processing /home/airflow/.local/lib/python3.8/site-packages/airflow/example_dags/tutorial_dag.py took 0.145 seconds
[2025-10-09T11:47:28.195+0000] {processor.py:161} INFO - Started process (PID=15322) to work on /home/airflow/.local/lib/python3.8/site-packages/airflow/example_dags/tutorial_dag.py
[2025-10-09T11:47:28.197+0000] {processor.py:830} INFO - Processing file /home/airflow/.local/lib/python3.8/site-packages/airflow/example_dags/tutorial_dag.py for tasks to queue
[2025-10-09T11:47:28.199+0000] {logging_mixin.py:188} INFO - [2025-10-09T11:47:28.198+0000] {dagbag.py:538} INFO - Filling up the DagBag from /home/airflow/.local/lib/python3.8/site-packages/airflow/example_dags/tutorial_dag.py
[2025-10-09T11:47:28.208+0000] {processor.py:840} INFO - DAG(s) 'tutorial_dag' retrieved from /home/airflow/.local/lib/python3.8/site-packages/airflow/example_dags/tutorial_dag.py
[2025-10-09T11:47:28.256+0000] {logging_mixin.py:188} INFO - [2025-10-09T11:47:28.256+0000] {dag.py:3036} INFO - Sync 1 DAGs
[2025-10-09T11:47:28.285+0000] {logging_mixin.py:188} INFO - [2025-10-09T11:47:28.285+0000] {dag.py:3823} INFO - Setting next_dagrun for tutorial_dag to None, run_after=None
[2025-10-09T11:47:28.324+0000] {processor.py:183} INFO - Processing /home/airflow/.local/lib/python3.8/site-packages/airflow/example_dags/tutorial_dag.py took 0.135 seconds
[2025-10-09T11:47:59.356+0000] {processor.py:161} INFO - Started process (PID=15390) to work on /home/airflow/.local/lib/python3.8/site-packages/airflow/example_dags/tutorial_dag.py
[2025-10-09T11:47:59.357+0000] {processor.py:830} INFO - Processing file /home/airflow/.local/lib/python3.8/site-packages/airflow/example_dags/tutorial_dag.py for tasks to queue
[2025-10-09T11:47:59.360+0000] {logging_mixin.py:188} INFO - [2025-10-09T11:47:59.359+0000] {dagbag.py:538} INFO - Filling up the DagBag from /home/airflow/.local/lib/python3.8/site-packages/airflow/example_dags/tutorial_dag.py
[2025-10-09T11:47:59.370+0000] {processor.py:840} INFO - DAG(s) 'tutorial_dag' retrieved from /home/airflow/.local/lib/python3.8/site-packages/airflow/example_dags/tutorial_dag.py
[2025-10-09T11:47:59.424+0000] {logging_mixin.py:188} INFO - [2025-10-09T11:47:59.423+0000] {dag.py:3036} INFO - Sync 1 DAGs
[2025-10-09T11:47:59.452+0000] {logging_mixin.py:188} INFO - [2025-10-09T11:47:59.452+0000] {dag.py:3823} INFO - Setting next_dagrun for tutorial_dag to None, run_after=None
[2025-10-09T11:47:59.510+0000] {processor.py:183} INFO - Processing /home/airflow/.local/lib/python3.8/site-packages/airflow/example_dags/tutorial_dag.py took 0.159 seconds
[2025-10-09T11:48:29.835+0000] {processor.py:161} INFO - Started process (PID=15452) to work on /home/airflow/.local/lib/python3.8/site-packages/airflow/example_dags/tutorial_dag.py
[2025-10-09T11:48:29.836+0000] {processor.py:830} INFO - Processing file /home/airflow/.local/lib/python3.8/site-packages/airflow/example_dags/tutorial_dag.py for tasks to queue
[2025-10-09T11:48:29.838+0000] {logging_mixin.py:188} INFO - [2025-10-09T11:48:29.838+0000] {dagbag.py:538} INFO - Filling up the DagBag from /home/airflow/.local/lib/python3.8/site-packages/airflow/example_dags/tutorial_dag.py
[2025-10-09T11:48:29.851+0000] {processor.py:840} INFO - DAG(s) 'tutorial_dag' retrieved from /home/airflow/.local/lib/python3.8/site-packages/airflow/example_dags/tutorial_dag.py
[2025-10-09T11:48:29.898+0000] {logging_mixin.py:188} INFO - [2025-10-09T11:48:29.897+0000] {dag.py:3036} INFO - Sync 1 DAGs
[2025-10-09T11:48:29.925+0000] {logging_mixin.py:188} INFO - [2025-10-09T11:48:29.924+0000] {dag.py:3823} INFO - Setting next_dagrun for tutorial_dag to None, run_after=None
[2025-10-09T11:48:29.960+0000] {processor.py:183} INFO - Processing /home/airflow/.local/lib/python3.8/site-packages/airflow/example_dags/tutorial_dag.py took 0.133 seconds
[2025-10-09T11:49:00.194+0000] {processor.py:161} INFO - Started process (PID=15514) to work on /home/airflow/.local/lib/python3.8/site-packages/airflow/example_dags/tutorial_dag.py
[2025-10-09T11:49:00.195+0000] {processor.py:830} INFO - Processing file /home/airflow/.local/lib/python3.8/site-packages/airflow/example_dags/tutorial_dag.py for tasks to queue
[2025-10-09T11:49:00.197+0000] {logging_mixin.py:188} INFO - [2025-10-09T11:49:00.196+0000] {dagbag.py:538} INFO - Filling up the DagBag from /home/airflow/.local/lib/python3.8/site-packages/airflow/example_dags/tutorial_dag.py
[2025-10-09T11:49:00.206+0000] {processor.py:840} INFO - DAG(s) 'tutorial_dag' retrieved from /home/airflow/.local/lib/python3.8/site-packages/airflow/example_dags/tutorial_dag.py
[2025-10-09T11:49:00.245+0000] {logging_mixin.py:188} INFO - [2025-10-09T11:49:00.245+0000] {dag.py:3036} INFO - Sync 1 DAGs
[2025-10-09T11:49:00.268+0000] {logging_mixin.py:188} INFO - [2025-10-09T11:49:00.267+0000] {dag.py:3823} INFO - Setting next_dagrun for tutorial_dag to None, run_after=None
[2025-10-09T11:49:00.325+0000] {processor.py:183} INFO - Processing /home/airflow/.local/lib/python3.8/site-packages/airflow/example_dags/tutorial_dag.py took 0.137 seconds
[2025-10-09T11:49:31.716+0000] {processor.py:161} INFO - Started process (PID=15576) to work on /home/airflow/.local/lib/python3.8/site-packages/airflow/example_dags/tutorial_dag.py
[2025-10-09T11:49:31.718+0000] {processor.py:830} INFO - Processing file /home/airflow/.local/lib/python3.8/site-packages/airflow/example_dags/tutorial_dag.py for tasks to queue
[2025-10-09T11:49:31.720+0000] {logging_mixin.py:188} INFO - [2025-10-09T11:49:31.720+0000] {dagbag.py:538} INFO - Filling up the DagBag from /home/airflow/.local/lib/python3.8/site-packages/airflow/example_dags/tutorial_dag.py
[2025-10-09T11:49:31.728+0000] {processor.py:840} INFO - DAG(s) 'tutorial_dag' retrieved from /home/airflow/.local/lib/python3.8/site-packages/airflow/example_dags/tutorial_dag.py
[2025-10-09T11:49:31.766+0000] {logging_mixin.py:188} INFO - [2025-10-09T11:49:31.766+0000] {dag.py:3036} INFO - Sync 1 DAGs
[2025-10-09T11:49:31.790+0000] {logging_mixin.py:188} INFO - [2025-10-09T11:49:31.790+0000] {dag.py:3823} INFO - Setting next_dagrun for tutorial_dag to None, run_after=None
[2025-10-09T11:49:31.824+0000] {processor.py:183} INFO - Processing /home/airflow/.local/lib/python3.8/site-packages/airflow/example_dags/tutorial_dag.py took 0.114 seconds
[2025-10-09T11:50:02.497+0000] {processor.py:161} INFO - Started process (PID=15638) to work on /home/airflow/.local/lib/python3.8/site-packages/airflow/example_dags/tutorial_dag.py
[2025-10-09T11:50:02.499+0000] {processor.py:830} INFO - Processing file /home/airflow/.local/lib/python3.8/site-packages/airflow/example_dags/tutorial_dag.py for tasks to queue
[2025-10-09T11:50:02.501+0000] {logging_mixin.py:188} INFO - [2025-10-09T11:50:02.501+0000] {dagbag.py:538} INFO - Filling up the DagBag from /home/airflow/.local/lib/python3.8/site-packages/airflow/example_dags/tutorial_dag.py
[2025-10-09T11:50:02.516+0000] {processor.py:840} INFO - DAG(s) 'tutorial_dag' retrieved from /home/airflow/.local/lib/python3.8/site-packages/airflow/example_dags/tutorial_dag.py
[2025-10-09T11:50:02.569+0000] {logging_mixin.py:188} INFO - [2025-10-09T11:50:02.568+0000] {dag.py:3036} INFO - Sync 1 DAGs
[2025-10-09T11:50:02.594+0000] {logging_mixin.py:188} INFO - [2025-10-09T11:50:02.593+0000] {dag.py:3823} INFO - Setting next_dagrun for tutorial_dag to None, run_after=None
[2025-10-09T11:50:02.626+0000] {processor.py:183} INFO - Processing /home/airflow/.local/lib/python3.8/site-packages/airflow/example_dags/tutorial_dag.py took 0.135 seconds
[2025-10-09T11:50:33.053+0000] {processor.py:161} INFO - Started process (PID=15700) to work on /home/airflow/.local/lib/python3.8/site-packages/airflow/example_dags/tutorial_dag.py
[2025-10-09T11:50:33.055+0000] {processor.py:830} INFO - Processing file /home/airflow/.local/lib/python3.8/site-packages/airflow/example_dags/tutorial_dag.py for tasks to queue
[2025-10-09T11:50:33.057+0000] {logging_mixin.py:188} INFO - [2025-10-09T11:50:33.056+0000] {dagbag.py:538} INFO - Filling up the DagBag from /home/airflow/.local/lib/python3.8/site-packages/airflow/example_dags/tutorial_dag.py
[2025-10-09T11:50:33.066+0000] {processor.py:840} INFO - DAG(s) 'tutorial_dag' retrieved from /home/airflow/.local/lib/python3.8/site-packages/airflow/example_dags/tutorial_dag.py
[2025-10-09T11:50:33.104+0000] {logging_mixin.py:188} INFO - [2025-10-09T11:50:33.104+0000] {dag.py:3036} INFO - Sync 1 DAGs
[2025-10-09T11:50:33.128+0000] {logging_mixin.py:188} INFO - [2025-10-09T11:50:33.128+0000] {dag.py:3823} INFO - Setting next_dagrun for tutorial_dag to None, run_after=None
[2025-10-09T11:50:33.176+0000] {processor.py:183} INFO - Processing /home/airflow/.local/lib/python3.8/site-packages/airflow/example_dags/tutorial_dag.py took 0.129 seconds
[2025-10-09T11:51:03.664+0000] {processor.py:161} INFO - Started process (PID=15762) to work on /home/airflow/.local/lib/python3.8/site-packages/airflow/example_dags/tutorial_dag.py
[2025-10-09T11:51:03.665+0000] {processor.py:830} INFO - Processing file /home/airflow/.local/lib/python3.8/site-packages/airflow/example_dags/tutorial_dag.py for tasks to queue
[2025-10-09T11:51:03.667+0000] {logging_mixin.py:188} INFO - [2025-10-09T11:51:03.667+0000] {dagbag.py:538} INFO - Filling up the DagBag from /home/airflow/.local/lib/python3.8/site-packages/airflow/example_dags/tutorial_dag.py
[2025-10-09T11:51:03.675+0000] {processor.py:840} INFO - DAG(s) 'tutorial_dag' retrieved from /home/airflow/.local/lib/python3.8/site-packages/airflow/example_dags/tutorial_dag.py
[2025-10-09T11:51:03.713+0000] {logging_mixin.py:188} INFO - [2025-10-09T11:51:03.713+0000] {dag.py:3036} INFO - Sync 1 DAGs
[2025-10-09T11:51:03.734+0000] {logging_mixin.py:188} INFO - [2025-10-09T11:51:03.733+0000] {dag.py:3823} INFO - Setting next_dagrun for tutorial_dag to None, run_after=None
[2025-10-09T11:51:03.781+0000] {processor.py:183} INFO - Processing /home/airflow/.local/lib/python3.8/site-packages/airflow/example_dags/tutorial_dag.py took 0.122 seconds
[2025-10-09T11:51:34.081+0000] {processor.py:161} INFO - Started process (PID=15824) to work on /home/airflow/.local/lib/python3.8/site-packages/airflow/example_dags/tutorial_dag.py
[2025-10-09T11:51:34.083+0000] {processor.py:830} INFO - Processing file /home/airflow/.local/lib/python3.8/site-packages/airflow/example_dags/tutorial_dag.py for tasks to queue
[2025-10-09T11:51:34.085+0000] {logging_mixin.py:188} INFO - [2025-10-09T11:51:34.084+0000] {dagbag.py:538} INFO - Filling up the DagBag from /home/airflow/.local/lib/python3.8/site-packages/airflow/example_dags/tutorial_dag.py
[2025-10-09T11:51:34.095+0000] {processor.py:840} INFO - DAG(s) 'tutorial_dag' retrieved from /home/airflow/.local/lib/python3.8/site-packages/airflow/example_dags/tutorial_dag.py
[2025-10-09T11:51:34.138+0000] {logging_mixin.py:188} INFO - [2025-10-09T11:51:34.137+0000] {dag.py:3036} INFO - Sync 1 DAGs
[2025-10-09T11:51:34.159+0000] {logging_mixin.py:188} INFO - [2025-10-09T11:51:34.158+0000] {dag.py:3823} INFO - Setting next_dagrun for tutorial_dag to None, run_after=None
[2025-10-09T11:51:34.193+0000] {processor.py:183} INFO - Processing /home/airflow/.local/lib/python3.8/site-packages/airflow/example_dags/tutorial_dag.py took 0.118 seconds
[2025-10-09T11:52:04.837+0000] {processor.py:161} INFO - Started process (PID=15884) to work on /home/airflow/.local/lib/python3.8/site-packages/airflow/example_dags/tutorial_dag.py
[2025-10-09T11:52:04.839+0000] {processor.py:830} INFO - Processing file /home/airflow/.local/lib/python3.8/site-packages/airflow/example_dags/tutorial_dag.py for tasks to queue
[2025-10-09T11:52:04.841+0000] {logging_mixin.py:188} INFO - [2025-10-09T11:52:04.840+0000] {dagbag.py:538} INFO - Filling up the DagBag from /home/airflow/.local/lib/python3.8/site-packages/airflow/example_dags/tutorial_dag.py
[2025-10-09T11:52:04.849+0000] {processor.py:840} INFO - DAG(s) 'tutorial_dag' retrieved from /home/airflow/.local/lib/python3.8/site-packages/airflow/example_dags/tutorial_dag.py
[2025-10-09T11:52:04.891+0000] {logging_mixin.py:188} INFO - [2025-10-09T11:52:04.890+0000] {dag.py:3036} INFO - Sync 1 DAGs
[2025-10-09T11:52:04.914+0000] {logging_mixin.py:188} INFO - [2025-10-09T11:52:04.914+0000] {dag.py:3823} INFO - Setting next_dagrun for tutorial_dag to None, run_after=None
[2025-10-09T11:52:04.970+0000] {processor.py:183} INFO - Processing /home/airflow/.local/lib/python3.8/site-packages/airflow/example_dags/tutorial_dag.py took 0.139 seconds
[2025-10-09T11:52:35.856+0000] {processor.py:161} INFO - Started process (PID=15947) to work on /home/airflow/.local/lib/python3.8/site-packages/airflow/example_dags/tutorial_dag.py
[2025-10-09T11:52:35.858+0000] {processor.py:830} INFO - Processing file /home/airflow/.local/lib/python3.8/site-packages/airflow/example_dags/tutorial_dag.py for tasks to queue
[2025-10-09T11:52:35.859+0000] {logging_mixin.py:188} INFO - [2025-10-09T11:52:35.859+0000] {dagbag.py:538} INFO - Filling up the DagBag from /home/airflow/.local/lib/python3.8/site-packages/airflow/example_dags/tutorial_dag.py
[2025-10-09T11:52:35.866+0000] {processor.py:840} INFO - DAG(s) 'tutorial_dag' retrieved from /home/airflow/.local/lib/python3.8/site-packages/airflow/example_dags/tutorial_dag.py
[2025-10-09T11:52:35.909+0000] {logging_mixin.py:188} INFO - [2025-10-09T11:52:35.908+0000] {dag.py:3036} INFO - Sync 1 DAGs
[2025-10-09T11:52:35.930+0000] {logging_mixin.py:188} INFO - [2025-10-09T11:52:35.930+0000] {dag.py:3823} INFO - Setting next_dagrun for tutorial_dag to None, run_after=None
[2025-10-09T11:52:35.963+0000] {processor.py:183} INFO - Processing /home/airflow/.local/lib/python3.8/site-packages/airflow/example_dags/tutorial_dag.py took 0.111 seconds
[2025-10-09T11:53:06.170+0000] {processor.py:161} INFO - Started process (PID=16008) to work on /home/airflow/.local/lib/python3.8/site-packages/airflow/example_dags/tutorial_dag.py
[2025-10-09T11:53:06.172+0000] {processor.py:830} INFO - Processing file /home/airflow/.local/lib/python3.8/site-packages/airflow/example_dags/tutorial_dag.py for tasks to queue
[2025-10-09T11:53:06.174+0000] {logging_mixin.py:188} INFO - [2025-10-09T11:53:06.173+0000] {dagbag.py:538} INFO - Filling up the DagBag from /home/airflow/.local/lib/python3.8/site-packages/airflow/example_dags/tutorial_dag.py
[2025-10-09T11:53:06.183+0000] {processor.py:840} INFO - DAG(s) 'tutorial_dag' retrieved from /home/airflow/.local/lib/python3.8/site-packages/airflow/example_dags/tutorial_dag.py
[2025-10-09T11:53:06.222+0000] {logging_mixin.py:188} INFO - [2025-10-09T11:53:06.222+0000] {dag.py:3036} INFO - Sync 1 DAGs
[2025-10-09T11:53:06.241+0000] {logging_mixin.py:188} INFO - [2025-10-09T11:53:06.241+0000] {dag.py:3823} INFO - Setting next_dagrun for tutorial_dag to None, run_after=None
[2025-10-09T11:53:06.286+0000] {processor.py:183} INFO - Processing /home/airflow/.local/lib/python3.8/site-packages/airflow/example_dags/tutorial_dag.py took 0.121 seconds
[2025-10-09T11:53:37.124+0000] {processor.py:161} INFO - Started process (PID=16070) to work on /home/airflow/.local/lib/python3.8/site-packages/airflow/example_dags/tutorial_dag.py
[2025-10-09T11:53:37.127+0000] {processor.py:830} INFO - Processing file /home/airflow/.local/lib/python3.8/site-packages/airflow/example_dags/tutorial_dag.py for tasks to queue
[2025-10-09T11:53:37.129+0000] {logging_mixin.py:188} INFO - [2025-10-09T11:53:37.128+0000] {dagbag.py:538} INFO - Filling up the DagBag from /home/airflow/.local/lib/python3.8/site-packages/airflow/example_dags/tutorial_dag.py
[2025-10-09T11:53:37.142+0000] {processor.py:840} INFO - DAG(s) 'tutorial_dag' retrieved from /home/airflow/.local/lib/python3.8/site-packages/airflow/example_dags/tutorial_dag.py
[2025-10-09T11:53:37.194+0000] {logging_mixin.py:188} INFO - [2025-10-09T11:53:37.193+0000] {dag.py:3036} INFO - Sync 1 DAGs
[2025-10-09T11:53:37.229+0000] {logging_mixin.py:188} INFO - [2025-10-09T11:53:37.229+0000] {dag.py:3823} INFO - Setting next_dagrun for tutorial_dag to None, run_after=None
[2025-10-09T11:53:37.276+0000] {processor.py:183} INFO - Processing /home/airflow/.local/lib/python3.8/site-packages/airflow/example_dags/tutorial_dag.py took 0.158 seconds
[2025-10-09T11:54:08.328+0000] {processor.py:161} INFO - Started process (PID=16132) to work on /home/airflow/.local/lib/python3.8/site-packages/airflow/example_dags/tutorial_dag.py
[2025-10-09T11:54:08.330+0000] {processor.py:830} INFO - Processing file /home/airflow/.local/lib/python3.8/site-packages/airflow/example_dags/tutorial_dag.py for tasks to queue
[2025-10-09T11:54:08.332+0000] {logging_mixin.py:188} INFO - [2025-10-09T11:54:08.331+0000] {dagbag.py:538} INFO - Filling up the DagBag from /home/airflow/.local/lib/python3.8/site-packages/airflow/example_dags/tutorial_dag.py
[2025-10-09T11:54:08.340+0000] {processor.py:840} INFO - DAG(s) 'tutorial_dag' retrieved from /home/airflow/.local/lib/python3.8/site-packages/airflow/example_dags/tutorial_dag.py
[2025-10-09T11:54:08.385+0000] {logging_mixin.py:188} INFO - [2025-10-09T11:54:08.384+0000] {dag.py:3036} INFO - Sync 1 DAGs
[2025-10-09T11:54:08.415+0000] {logging_mixin.py:188} INFO - [2025-10-09T11:54:08.415+0000] {dag.py:3823} INFO - Setting next_dagrun for tutorial_dag to None, run_after=None
[2025-10-09T11:54:08.476+0000] {processor.py:183} INFO - Processing /home/airflow/.local/lib/python3.8/site-packages/airflow/example_dags/tutorial_dag.py took 0.155 seconds
[2025-10-09T11:54:38.738+0000] {processor.py:161} INFO - Started process (PID=16194) to work on /home/airflow/.local/lib/python3.8/site-packages/airflow/example_dags/tutorial_dag.py
[2025-10-09T11:54:38.739+0000] {processor.py:830} INFO - Processing file /home/airflow/.local/lib/python3.8/site-packages/airflow/example_dags/tutorial_dag.py for tasks to queue
[2025-10-09T11:54:38.741+0000] {logging_mixin.py:188} INFO - [2025-10-09T11:54:38.741+0000] {dagbag.py:538} INFO - Filling up the DagBag from /home/airflow/.local/lib/python3.8/site-packages/airflow/example_dags/tutorial_dag.py
[2025-10-09T11:54:38.748+0000] {processor.py:840} INFO - DAG(s) 'tutorial_dag' retrieved from /home/airflow/.local/lib/python3.8/site-packages/airflow/example_dags/tutorial_dag.py
[2025-10-09T11:54:38.790+0000] {logging_mixin.py:188} INFO - [2025-10-09T11:54:38.789+0000] {dag.py:3036} INFO - Sync 1 DAGs
[2025-10-09T11:54:38.811+0000] {logging_mixin.py:188} INFO - [2025-10-09T11:54:38.810+0000] {dag.py:3823} INFO - Setting next_dagrun for tutorial_dag to None, run_after=None
[2025-10-09T11:54:38.839+0000] {processor.py:183} INFO - Processing /home/airflow/.local/lib/python3.8/site-packages/airflow/example_dags/tutorial_dag.py took 0.106 seconds
[2025-10-09T11:55:09.675+0000] {processor.py:161} INFO - Started process (PID=16256) to work on /home/airflow/.local/lib/python3.8/site-packages/airflow/example_dags/tutorial_dag.py
[2025-10-09T11:55:09.677+0000] {processor.py:830} INFO - Processing file /home/airflow/.local/lib/python3.8/site-packages/airflow/example_dags/tutorial_dag.py for tasks to queue
[2025-10-09T11:55:09.678+0000] {logging_mixin.py:188} INFO - [2025-10-09T11:55:09.678+0000] {dagbag.py:538} INFO - Filling up the DagBag from /home/airflow/.local/lib/python3.8/site-packages/airflow/example_dags/tutorial_dag.py
[2025-10-09T11:55:09.686+0000] {processor.py:840} INFO - DAG(s) 'tutorial_dag' retrieved from /home/airflow/.local/lib/python3.8/site-packages/airflow/example_dags/tutorial_dag.py
[2025-10-09T11:55:09.726+0000] {logging_mixin.py:188} INFO - [2025-10-09T11:55:09.725+0000] {dag.py:3036} INFO - Sync 1 DAGs
[2025-10-09T11:55:09.746+0000] {logging_mixin.py:188} INFO - [2025-10-09T11:55:09.746+0000] {dag.py:3823} INFO - Setting next_dagrun for tutorial_dag to None, run_after=None
[2025-10-09T11:55:09.783+0000] {processor.py:183} INFO - Processing /home/airflow/.local/lib/python3.8/site-packages/airflow/example_dags/tutorial_dag.py took 0.113 seconds
[2025-10-09T11:55:40.188+0000] {processor.py:161} INFO - Started process (PID=16318) to work on /home/airflow/.local/lib/python3.8/site-packages/airflow/example_dags/tutorial_dag.py
[2025-10-09T11:55:40.191+0000] {processor.py:830} INFO - Processing file /home/airflow/.local/lib/python3.8/site-packages/airflow/example_dags/tutorial_dag.py for tasks to queue
[2025-10-09T11:55:40.194+0000] {logging_mixin.py:188} INFO - [2025-10-09T11:55:40.193+0000] {dagbag.py:538} INFO - Filling up the DagBag from /home/airflow/.local/lib/python3.8/site-packages/airflow/example_dags/tutorial_dag.py
[2025-10-09T11:55:40.209+0000] {processor.py:840} INFO - DAG(s) 'tutorial_dag' retrieved from /home/airflow/.local/lib/python3.8/site-packages/airflow/example_dags/tutorial_dag.py
[2025-10-09T11:55:40.256+0000] {logging_mixin.py:188} INFO - [2025-10-09T11:55:40.255+0000] {dag.py:3036} INFO - Sync 1 DAGs
[2025-10-09T11:55:40.278+0000] {logging_mixin.py:188} INFO - [2025-10-09T11:55:40.277+0000] {dag.py:3823} INFO - Setting next_dagrun for tutorial_dag to None, run_after=None
[2025-10-09T11:55:40.312+0000] {processor.py:183} INFO - Processing /home/airflow/.local/lib/python3.8/site-packages/airflow/example_dags/tutorial_dag.py took 0.133 seconds
[2025-10-09T11:56:10.559+0000] {processor.py:161} INFO - Started process (PID=16380) to work on /home/airflow/.local/lib/python3.8/site-packages/airflow/example_dags/tutorial_dag.py
[2025-10-09T11:56:10.561+0000] {processor.py:830} INFO - Processing file /home/airflow/.local/lib/python3.8/site-packages/airflow/example_dags/tutorial_dag.py for tasks to queue
[2025-10-09T11:56:10.563+0000] {logging_mixin.py:188} INFO - [2025-10-09T11:56:10.563+0000] {dagbag.py:538} INFO - Filling up the DagBag from /home/airflow/.local/lib/python3.8/site-packages/airflow/example_dags/tutorial_dag.py
[2025-10-09T11:56:10.575+0000] {processor.py:840} INFO - DAG(s) 'tutorial_dag' retrieved from /home/airflow/.local/lib/python3.8/site-packages/airflow/example_dags/tutorial_dag.py
[2025-10-09T11:56:10.628+0000] {logging_mixin.py:188} INFO - [2025-10-09T11:56:10.628+0000] {dag.py:3036} INFO - Sync 1 DAGs
[2025-10-09T11:56:10.655+0000] {logging_mixin.py:188} INFO - [2025-10-09T11:56:10.655+0000] {dag.py:3823} INFO - Setting next_dagrun for tutorial_dag to None, run_after=None
[2025-10-09T11:56:10.695+0000] {processor.py:183} INFO - Processing /home/airflow/.local/lib/python3.8/site-packages/airflow/example_dags/tutorial_dag.py took 0.146 seconds
[2025-10-09T11:56:41.685+0000] {processor.py:161} INFO - Started process (PID=16442) to work on /home/airflow/.local/lib/python3.8/site-packages/airflow/example_dags/tutorial_dag.py
[2025-10-09T11:56:41.686+0000] {processor.py:830} INFO - Processing file /home/airflow/.local/lib/python3.8/site-packages/airflow/example_dags/tutorial_dag.py for tasks to queue
[2025-10-09T11:56:41.688+0000] {logging_mixin.py:188} INFO - [2025-10-09T11:56:41.687+0000] {dagbag.py:538} INFO - Filling up the DagBag from /home/airflow/.local/lib/python3.8/site-packages/airflow/example_dags/tutorial_dag.py
[2025-10-09T11:56:41.698+0000] {processor.py:840} INFO - DAG(s) 'tutorial_dag' retrieved from /home/airflow/.local/lib/python3.8/site-packages/airflow/example_dags/tutorial_dag.py
[2025-10-09T11:56:41.736+0000] {logging_mixin.py:188} INFO - [2025-10-09T11:56:41.736+0000] {dag.py:3036} INFO - Sync 1 DAGs
[2025-10-09T11:56:41.756+0000] {logging_mixin.py:188} INFO - [2025-10-09T11:56:41.756+0000] {dag.py:3823} INFO - Setting next_dagrun for tutorial_dag to None, run_after=None
[2025-10-09T11:56:41.808+0000] {processor.py:183} INFO - Processing /home/airflow/.local/lib/python3.8/site-packages/airflow/example_dags/tutorial_dag.py took 0.130 seconds
[2025-10-09T11:57:12.725+0000] {processor.py:161} INFO - Started process (PID=16504) to work on /home/airflow/.local/lib/python3.8/site-packages/airflow/example_dags/tutorial_dag.py
[2025-10-09T11:57:12.728+0000] {processor.py:830} INFO - Processing file /home/airflow/.local/lib/python3.8/site-packages/airflow/example_dags/tutorial_dag.py for tasks to queue
[2025-10-09T11:57:12.730+0000] {logging_mixin.py:188} INFO - [2025-10-09T11:57:12.730+0000] {dagbag.py:538} INFO - Filling up the DagBag from /home/airflow/.local/lib/python3.8/site-packages/airflow/example_dags/tutorial_dag.py
[2025-10-09T11:57:12.741+0000] {processor.py:840} INFO - DAG(s) 'tutorial_dag' retrieved from /home/airflow/.local/lib/python3.8/site-packages/airflow/example_dags/tutorial_dag.py
[2025-10-09T11:57:12.783+0000] {logging_mixin.py:188} INFO - [2025-10-09T11:57:12.782+0000] {dag.py:3036} INFO - Sync 1 DAGs
[2025-10-09T11:57:12.802+0000] {logging_mixin.py:188} INFO - [2025-10-09T11:57:12.801+0000] {dag.py:3823} INFO - Setting next_dagrun for tutorial_dag to None, run_after=None
[2025-10-09T11:57:12.836+0000] {processor.py:183} INFO - Processing /home/airflow/.local/lib/python3.8/site-packages/airflow/example_dags/tutorial_dag.py took 0.120 seconds
[2025-10-09T11:57:43.237+0000] {processor.py:161} INFO - Started process (PID=16566) to work on /home/airflow/.local/lib/python3.8/site-packages/airflow/example_dags/tutorial_dag.py
[2025-10-09T11:57:43.239+0000] {processor.py:830} INFO - Processing file /home/airflow/.local/lib/python3.8/site-packages/airflow/example_dags/tutorial_dag.py for tasks to queue
[2025-10-09T11:57:43.242+0000] {logging_mixin.py:188} INFO - [2025-10-09T11:57:43.240+0000] {dagbag.py:538} INFO - Filling up the DagBag from /home/airflow/.local/lib/python3.8/site-packages/airflow/example_dags/tutorial_dag.py
[2025-10-09T11:57:43.253+0000] {processor.py:840} INFO - DAG(s) 'tutorial_dag' retrieved from /home/airflow/.local/lib/python3.8/site-packages/airflow/example_dags/tutorial_dag.py
[2025-10-09T11:57:43.305+0000] {logging_mixin.py:188} INFO - [2025-10-09T11:57:43.305+0000] {dag.py:3036} INFO - Sync 1 DAGs
[2025-10-09T11:57:43.334+0000] {logging_mixin.py:188} INFO - [2025-10-09T11:57:43.334+0000] {dag.py:3823} INFO - Setting next_dagrun for tutorial_dag to None, run_after=None
[2025-10-09T11:57:43.398+0000] {processor.py:183} INFO - Processing /home/airflow/.local/lib/python3.8/site-packages/airflow/example_dags/tutorial_dag.py took 0.169 seconds
[2025-10-09T11:58:14.150+0000] {processor.py:161} INFO - Started process (PID=16628) to work on /home/airflow/.local/lib/python3.8/site-packages/airflow/example_dags/tutorial_dag.py
[2025-10-09T11:58:14.152+0000] {processor.py:830} INFO - Processing file /home/airflow/.local/lib/python3.8/site-packages/airflow/example_dags/tutorial_dag.py for tasks to queue
[2025-10-09T11:58:14.154+0000] {logging_mixin.py:188} INFO - [2025-10-09T11:58:14.153+0000] {dagbag.py:538} INFO - Filling up the DagBag from /home/airflow/.local/lib/python3.8/site-packages/airflow/example_dags/tutorial_dag.py
[2025-10-09T11:58:14.162+0000] {processor.py:840} INFO - DAG(s) 'tutorial_dag' retrieved from /home/airflow/.local/lib/python3.8/site-packages/airflow/example_dags/tutorial_dag.py
[2025-10-09T11:58:14.200+0000] {logging_mixin.py:188} INFO - [2025-10-09T11:58:14.199+0000] {dag.py:3036} INFO - Sync 1 DAGs
[2025-10-09T11:58:14.223+0000] {logging_mixin.py:188} INFO - [2025-10-09T11:58:14.222+0000] {dag.py:3823} INFO - Setting next_dagrun for tutorial_dag to None, run_after=None
[2025-10-09T11:58:14.257+0000] {processor.py:183} INFO - Processing /home/airflow/.local/lib/python3.8/site-packages/airflow/example_dags/tutorial_dag.py took 0.113 seconds
[2025-10-09T11:58:44.400+0000] {processor.py:161} INFO - Started process (PID=16690) to work on /home/airflow/.local/lib/python3.8/site-packages/airflow/example_dags/tutorial_dag.py
[2025-10-09T11:58:44.402+0000] {processor.py:830} INFO - Processing file /home/airflow/.local/lib/python3.8/site-packages/airflow/example_dags/tutorial_dag.py for tasks to queue
[2025-10-09T11:58:44.404+0000] {logging_mixin.py:188} INFO - [2025-10-09T11:58:44.404+0000] {dagbag.py:538} INFO - Filling up the DagBag from /home/airflow/.local/lib/python3.8/site-packages/airflow/example_dags/tutorial_dag.py
[2025-10-09T11:58:44.415+0000] {processor.py:840} INFO - DAG(s) 'tutorial_dag' retrieved from /home/airflow/.local/lib/python3.8/site-packages/airflow/example_dags/tutorial_dag.py
[2025-10-09T11:58:44.462+0000] {logging_mixin.py:188} INFO - [2025-10-09T11:58:44.462+0000] {dag.py:3036} INFO - Sync 1 DAGs
[2025-10-09T11:58:44.486+0000] {logging_mixin.py:188} INFO - [2025-10-09T11:58:44.486+0000] {dag.py:3823} INFO - Setting next_dagrun for tutorial_dag to None, run_after=None
[2025-10-09T11:58:44.525+0000] {processor.py:183} INFO - Processing /home/airflow/.local/lib/python3.8/site-packages/airflow/example_dags/tutorial_dag.py took 0.132 seconds
[2025-10-09T11:59:14.789+0000] {processor.py:161} INFO - Started process (PID=16752) to work on /home/airflow/.local/lib/python3.8/site-packages/airflow/example_dags/tutorial_dag.py
[2025-10-09T11:59:14.791+0000] {processor.py:830} INFO - Processing file /home/airflow/.local/lib/python3.8/site-packages/airflow/example_dags/tutorial_dag.py for tasks to queue
[2025-10-09T11:59:14.792+0000] {logging_mixin.py:188} INFO - [2025-10-09T11:59:14.792+0000] {dagbag.py:538} INFO - Filling up the DagBag from /home/airflow/.local/lib/python3.8/site-packages/airflow/example_dags/tutorial_dag.py
[2025-10-09T11:59:14.800+0000] {processor.py:840} INFO - DAG(s) 'tutorial_dag' retrieved from /home/airflow/.local/lib/python3.8/site-packages/airflow/example_dags/tutorial_dag.py
[2025-10-09T11:59:14.838+0000] {logging_mixin.py:188} INFO - [2025-10-09T11:59:14.838+0000] {dag.py:3036} INFO - Sync 1 DAGs
[2025-10-09T11:59:14.860+0000] {logging_mixin.py:188} INFO - [2025-10-09T11:59:14.859+0000] {dag.py:3823} INFO - Setting next_dagrun for tutorial_dag to None, run_after=None
[2025-10-09T11:59:14.890+0000] {processor.py:183} INFO - Processing /home/airflow/.local/lib/python3.8/site-packages/airflow/example_dags/tutorial_dag.py took 0.106 seconds
[2025-10-09T11:59:46.128+0000] {processor.py:161} INFO - Started process (PID=16814) to work on /home/airflow/.local/lib/python3.8/site-packages/airflow/example_dags/tutorial_dag.py
[2025-10-09T11:59:46.130+0000] {processor.py:830} INFO - Processing file /home/airflow/.local/lib/python3.8/site-packages/airflow/example_dags/tutorial_dag.py for tasks to queue
[2025-10-09T11:59:46.133+0000] {logging_mixin.py:188} INFO - [2025-10-09T11:59:46.132+0000] {dagbag.py:538} INFO - Filling up the DagBag from /home/airflow/.local/lib/python3.8/site-packages/airflow/example_dags/tutorial_dag.py
[2025-10-09T11:59:46.142+0000] {processor.py:840} INFO - DAG(s) 'tutorial_dag' retrieved from /home/airflow/.local/lib/python3.8/site-packages/airflow/example_dags/tutorial_dag.py
[2025-10-09T11:59:46.185+0000] {logging_mixin.py:188} INFO - [2025-10-09T11:59:46.185+0000] {dag.py:3036} INFO - Sync 1 DAGs
[2025-10-09T11:59:46.238+0000] {logging_mixin.py:188} INFO - [2025-10-09T11:59:46.238+0000] {dag.py:3823} INFO - Setting next_dagrun for tutorial_dag to None, run_after=None
[2025-10-09T11:59:46.295+0000] {processor.py:183} INFO - Processing /home/airflow/.local/lib/python3.8/site-packages/airflow/example_dags/tutorial_dag.py took 0.172 seconds
[2025-10-09T12:00:16.386+0000] {processor.py:161} INFO - Started process (PID=16876) to work on /home/airflow/.local/lib/python3.8/site-packages/airflow/example_dags/tutorial_dag.py
[2025-10-09T12:00:16.388+0000] {processor.py:830} INFO - Processing file /home/airflow/.local/lib/python3.8/site-packages/airflow/example_dags/tutorial_dag.py for tasks to queue
[2025-10-09T12:00:16.390+0000] {logging_mixin.py:188} INFO - [2025-10-09T12:00:16.389+0000] {dagbag.py:538} INFO - Filling up the DagBag from /home/airflow/.local/lib/python3.8/site-packages/airflow/example_dags/tutorial_dag.py
[2025-10-09T12:00:16.399+0000] {processor.py:840} INFO - DAG(s) 'tutorial_dag' retrieved from /home/airflow/.local/lib/python3.8/site-packages/airflow/example_dags/tutorial_dag.py
[2025-10-09T12:00:16.449+0000] {logging_mixin.py:188} INFO - [2025-10-09T12:00:16.449+0000] {dag.py:3036} INFO - Sync 1 DAGs
[2025-10-09T12:00:16.474+0000] {logging_mixin.py:188} INFO - [2025-10-09T12:00:16.474+0000] {dag.py:3823} INFO - Setting next_dagrun for tutorial_dag to None, run_after=None
[2025-10-09T12:00:16.504+0000] {processor.py:183} INFO - Processing /home/airflow/.local/lib/python3.8/site-packages/airflow/example_dags/tutorial_dag.py took 0.123 seconds
[2025-10-09T12:00:47.009+0000] {processor.py:161} INFO - Started process (PID=16938) to work on /home/airflow/.local/lib/python3.8/site-packages/airflow/example_dags/tutorial_dag.py
[2025-10-09T12:00:47.011+0000] {processor.py:830} INFO - Processing file /home/airflow/.local/lib/python3.8/site-packages/airflow/example_dags/tutorial_dag.py for tasks to queue
[2025-10-09T12:00:47.012+0000] {logging_mixin.py:188} INFO - [2025-10-09T12:00:47.012+0000] {dagbag.py:538} INFO - Filling up the DagBag from /home/airflow/.local/lib/python3.8/site-packages/airflow/example_dags/tutorial_dag.py
[2025-10-09T12:00:47.020+0000] {processor.py:840} INFO - DAG(s) 'tutorial_dag' retrieved from /home/airflow/.local/lib/python3.8/site-packages/airflow/example_dags/tutorial_dag.py
[2025-10-09T12:00:47.053+0000] {logging_mixin.py:188} INFO - [2025-10-09T12:00:47.052+0000] {dag.py:3036} INFO - Sync 1 DAGs
[2025-10-09T12:00:47.072+0000] {logging_mixin.py:188} INFO - [2025-10-09T12:00:47.072+0000] {dag.py:3823} INFO - Setting next_dagrun for tutorial_dag to None, run_after=None
[2025-10-09T12:00:47.120+0000] {processor.py:183} INFO - Processing /home/airflow/.local/lib/python3.8/site-packages/airflow/example_dags/tutorial_dag.py took 0.117 seconds
[2025-10-09T12:01:17.644+0000] {processor.py:161} INFO - Started process (PID=16999) to work on /home/airflow/.local/lib/python3.8/site-packages/airflow/example_dags/tutorial_dag.py
[2025-10-09T12:01:17.650+0000] {processor.py:830} INFO - Processing file /home/airflow/.local/lib/python3.8/site-packages/airflow/example_dags/tutorial_dag.py for tasks to queue
[2025-10-09T12:01:17.653+0000] {logging_mixin.py:188} INFO - [2025-10-09T12:01:17.652+0000] {dagbag.py:538} INFO - Filling up the DagBag from /home/airflow/.local/lib/python3.8/site-packages/airflow/example_dags/tutorial_dag.py
[2025-10-09T12:01:17.662+0000] {processor.py:840} INFO - DAG(s) 'tutorial_dag' retrieved from /home/airflow/.local/lib/python3.8/site-packages/airflow/example_dags/tutorial_dag.py
[2025-10-09T12:01:17.696+0000] {logging_mixin.py:188} INFO - [2025-10-09T12:01:17.696+0000] {dag.py:3036} INFO - Sync 1 DAGs
[2025-10-09T12:01:17.717+0000] {logging_mixin.py:188} INFO - [2025-10-09T12:01:17.716+0000] {dag.py:3823} INFO - Setting next_dagrun for tutorial_dag to None, run_after=None
[2025-10-09T12:01:17.754+0000] {processor.py:183} INFO - Processing /home/airflow/.local/lib/python3.8/site-packages/airflow/example_dags/tutorial_dag.py took 0.123 seconds
[2025-10-09T12:01:48.031+0000] {processor.py:161} INFO - Started process (PID=17061) to work on /home/airflow/.local/lib/python3.8/site-packages/airflow/example_dags/tutorial_dag.py
[2025-10-09T12:01:48.032+0000] {processor.py:830} INFO - Processing file /home/airflow/.local/lib/python3.8/site-packages/airflow/example_dags/tutorial_dag.py for tasks to queue
[2025-10-09T12:01:48.034+0000] {logging_mixin.py:188} INFO - [2025-10-09T12:01:48.034+0000] {dagbag.py:538} INFO - Filling up the DagBag from /home/airflow/.local/lib/python3.8/site-packages/airflow/example_dags/tutorial_dag.py
[2025-10-09T12:01:48.041+0000] {processor.py:840} INFO - DAG(s) 'tutorial_dag' retrieved from /home/airflow/.local/lib/python3.8/site-packages/airflow/example_dags/tutorial_dag.py
[2025-10-09T12:01:48.085+0000] {logging_mixin.py:188} INFO - [2025-10-09T12:01:48.084+0000] {dag.py:3036} INFO - Sync 1 DAGs
[2025-10-09T12:01:48.114+0000] {logging_mixin.py:188} INFO - [2025-10-09T12:01:48.114+0000] {dag.py:3823} INFO - Setting next_dagrun for tutorial_dag to None, run_after=None
[2025-10-09T12:01:48.160+0000] {processor.py:183} INFO - Processing /home/airflow/.local/lib/python3.8/site-packages/airflow/example_dags/tutorial_dag.py took 0.133 seconds
[2025-10-09T12:02:19.132+0000] {processor.py:161} INFO - Started process (PID=17123) to work on /home/airflow/.local/lib/python3.8/site-packages/airflow/example_dags/tutorial_dag.py
[2025-10-09T12:02:19.135+0000] {processor.py:830} INFO - Processing file /home/airflow/.local/lib/python3.8/site-packages/airflow/example_dags/tutorial_dag.py for tasks to queue
[2025-10-09T12:02:19.137+0000] {logging_mixin.py:188} INFO - [2025-10-09T12:02:19.136+0000] {dagbag.py:538} INFO - Filling up the DagBag from /home/airflow/.local/lib/python3.8/site-packages/airflow/example_dags/tutorial_dag.py
[2025-10-09T12:02:19.146+0000] {processor.py:840} INFO - DAG(s) 'tutorial_dag' retrieved from /home/airflow/.local/lib/python3.8/site-packages/airflow/example_dags/tutorial_dag.py
[2025-10-09T12:02:19.201+0000] {logging_mixin.py:188} INFO - [2025-10-09T12:02:19.200+0000] {dag.py:3036} INFO - Sync 1 DAGs
[2025-10-09T12:02:19.231+0000] {logging_mixin.py:188} INFO - [2025-10-09T12:02:19.230+0000] {dag.py:3823} INFO - Setting next_dagrun for tutorial_dag to None, run_after=None
[2025-10-09T12:02:19.267+0000] {processor.py:183} INFO - Processing /home/airflow/.local/lib/python3.8/site-packages/airflow/example_dags/tutorial_dag.py took 0.142 seconds
[2025-10-09T12:02:49.920+0000] {processor.py:161} INFO - Started process (PID=17185) to work on /home/airflow/.local/lib/python3.8/site-packages/airflow/example_dags/tutorial_dag.py
[2025-10-09T12:02:49.922+0000] {processor.py:830} INFO - Processing file /home/airflow/.local/lib/python3.8/site-packages/airflow/example_dags/tutorial_dag.py for tasks to queue
[2025-10-09T12:02:49.924+0000] {logging_mixin.py:188} INFO - [2025-10-09T12:02:49.923+0000] {dagbag.py:538} INFO - Filling up the DagBag from /home/airflow/.local/lib/python3.8/site-packages/airflow/example_dags/tutorial_dag.py
[2025-10-09T12:02:49.932+0000] {processor.py:840} INFO - DAG(s) 'tutorial_dag' retrieved from /home/airflow/.local/lib/python3.8/site-packages/airflow/example_dags/tutorial_dag.py
[2025-10-09T12:02:49.973+0000] {logging_mixin.py:188} INFO - [2025-10-09T12:02:49.973+0000] {dag.py:3036} INFO - Sync 1 DAGs
[2025-10-09T12:02:49.995+0000] {logging_mixin.py:188} INFO - [2025-10-09T12:02:49.995+0000] {dag.py:3823} INFO - Setting next_dagrun for tutorial_dag to None, run_after=None
[2025-10-09T12:02:50.044+0000] {processor.py:183} INFO - Processing /home/airflow/.local/lib/python3.8/site-packages/airflow/example_dags/tutorial_dag.py took 0.130 seconds
[2025-10-09T12:03:20.364+0000] {processor.py:161} INFO - Started process (PID=17247) to work on /home/airflow/.local/lib/python3.8/site-packages/airflow/example_dags/tutorial_dag.py
[2025-10-09T12:03:20.366+0000] {processor.py:830} INFO - Processing file /home/airflow/.local/lib/python3.8/site-packages/airflow/example_dags/tutorial_dag.py for tasks to queue
[2025-10-09T12:03:20.367+0000] {logging_mixin.py:188} INFO - [2025-10-09T12:03:20.367+0000] {dagbag.py:538} INFO - Filling up the DagBag from /home/airflow/.local/lib/python3.8/site-packages/airflow/example_dags/tutorial_dag.py
[2025-10-09T12:03:20.378+0000] {processor.py:840} INFO - DAG(s) 'tutorial_dag' retrieved from /home/airflow/.local/lib/python3.8/site-packages/airflow/example_dags/tutorial_dag.py
[2025-10-09T12:03:20.427+0000] {logging_mixin.py:188} INFO - [2025-10-09T12:03:20.426+0000] {dag.py:3036} INFO - Sync 1 DAGs
[2025-10-09T12:03:20.449+0000] {logging_mixin.py:188} INFO - [2025-10-09T12:03:20.449+0000] {dag.py:3823} INFO - Setting next_dagrun for tutorial_dag to None, run_after=None
[2025-10-09T12:03:20.494+0000] {processor.py:183} INFO - Processing /home/airflow/.local/lib/python3.8/site-packages/airflow/example_dags/tutorial_dag.py took 0.137 seconds
[2025-10-09T12:03:50.728+0000] {processor.py:161} INFO - Started process (PID=17309) to work on /home/airflow/.local/lib/python3.8/site-packages/airflow/example_dags/tutorial_dag.py
[2025-10-09T12:03:50.730+0000] {processor.py:830} INFO - Processing file /home/airflow/.local/lib/python3.8/site-packages/airflow/example_dags/tutorial_dag.py for tasks to queue
[2025-10-09T12:03:50.732+0000] {logging_mixin.py:188} INFO - [2025-10-09T12:03:50.732+0000] {dagbag.py:538} INFO - Filling up the DagBag from /home/airflow/.local/lib/python3.8/site-packages/airflow/example_dags/tutorial_dag.py
[2025-10-09T12:03:50.742+0000] {processor.py:840} INFO - DAG(s) 'tutorial_dag' retrieved from /home/airflow/.local/lib/python3.8/site-packages/airflow/example_dags/tutorial_dag.py
[2025-10-09T12:03:50.788+0000] {logging_mixin.py:188} INFO - [2025-10-09T12:03:50.788+0000] {dag.py:3036} INFO - Sync 1 DAGs
[2025-10-09T12:03:50.814+0000] {logging_mixin.py:188} INFO - [2025-10-09T12:03:50.814+0000] {dag.py:3823} INFO - Setting next_dagrun for tutorial_dag to None, run_after=None
[2025-10-09T12:03:50.855+0000] {processor.py:183} INFO - Processing /home/airflow/.local/lib/python3.8/site-packages/airflow/example_dags/tutorial_dag.py took 0.132 seconds
[2025-10-09T12:04:21.833+0000] {processor.py:161} INFO - Started process (PID=17371) to work on /home/airflow/.local/lib/python3.8/site-packages/airflow/example_dags/tutorial_dag.py
[2025-10-09T12:04:21.835+0000] {processor.py:830} INFO - Processing file /home/airflow/.local/lib/python3.8/site-packages/airflow/example_dags/tutorial_dag.py for tasks to queue
[2025-10-09T12:04:21.837+0000] {logging_mixin.py:188} INFO - [2025-10-09T12:04:21.836+0000] {dagbag.py:538} INFO - Filling up the DagBag from /home/airflow/.local/lib/python3.8/site-packages/airflow/example_dags/tutorial_dag.py
[2025-10-09T12:04:21.845+0000] {processor.py:840} INFO - DAG(s) 'tutorial_dag' retrieved from /home/airflow/.local/lib/python3.8/site-packages/airflow/example_dags/tutorial_dag.py
[2025-10-09T12:04:21.888+0000] {logging_mixin.py:188} INFO - [2025-10-09T12:04:21.888+0000] {dag.py:3036} INFO - Sync 1 DAGs
[2025-10-09T12:04:21.913+0000] {logging_mixin.py:188} INFO - [2025-10-09T12:04:21.913+0000] {dag.py:3823} INFO - Setting next_dagrun for tutorial_dag to None, run_after=None
[2025-10-09T12:04:21.979+0000] {processor.py:183} INFO - Processing /home/airflow/.local/lib/python3.8/site-packages/airflow/example_dags/tutorial_dag.py took 0.151 seconds
[2025-10-09T12:04:52.205+0000] {processor.py:161} INFO - Started process (PID=17433) to work on /home/airflow/.local/lib/python3.8/site-packages/airflow/example_dags/tutorial_dag.py
[2025-10-09T12:04:52.206+0000] {processor.py:830} INFO - Processing file /home/airflow/.local/lib/python3.8/site-packages/airflow/example_dags/tutorial_dag.py for tasks to queue
[2025-10-09T12:04:52.207+0000] {logging_mixin.py:188} INFO - [2025-10-09T12:04:52.207+0000] {dagbag.py:538} INFO - Filling up the DagBag from /home/airflow/.local/lib/python3.8/site-packages/airflow/example_dags/tutorial_dag.py
[2025-10-09T12:04:52.214+0000] {processor.py:840} INFO - DAG(s) 'tutorial_dag' retrieved from /home/airflow/.local/lib/python3.8/site-packages/airflow/example_dags/tutorial_dag.py
[2025-10-09T12:04:52.251+0000] {logging_mixin.py:188} INFO - [2025-10-09T12:04:52.251+0000] {dag.py:3036} INFO - Sync 1 DAGs
[2025-10-09T12:04:52.269+0000] {logging_mixin.py:188} INFO - [2025-10-09T12:04:52.269+0000] {dag.py:3823} INFO - Setting next_dagrun for tutorial_dag to None, run_after=None
[2025-10-09T12:04:52.320+0000] {processor.py:183} INFO - Processing /home/airflow/.local/lib/python3.8/site-packages/airflow/example_dags/tutorial_dag.py took 0.120 seconds
[2025-10-09T12:05:23.248+0000] {processor.py:161} INFO - Started process (PID=17495) to work on /home/airflow/.local/lib/python3.8/site-packages/airflow/example_dags/tutorial_dag.py
[2025-10-09T12:05:23.249+0000] {processor.py:830} INFO - Processing file /home/airflow/.local/lib/python3.8/site-packages/airflow/example_dags/tutorial_dag.py for tasks to queue
[2025-10-09T12:05:23.251+0000] {logging_mixin.py:188} INFO - [2025-10-09T12:05:23.251+0000] {dagbag.py:538} INFO - Filling up the DagBag from /home/airflow/.local/lib/python3.8/site-packages/airflow/example_dags/tutorial_dag.py
[2025-10-09T12:05:23.259+0000] {processor.py:840} INFO - DAG(s) 'tutorial_dag' retrieved from /home/airflow/.local/lib/python3.8/site-packages/airflow/example_dags/tutorial_dag.py
[2025-10-09T12:05:23.300+0000] {logging_mixin.py:188} INFO - [2025-10-09T12:05:23.299+0000] {dag.py:3036} INFO - Sync 1 DAGs
[2025-10-09T12:05:23.323+0000] {logging_mixin.py:188} INFO - [2025-10-09T12:05:23.322+0000] {dag.py:3823} INFO - Setting next_dagrun for tutorial_dag to None, run_after=None
[2025-10-09T12:05:23.379+0000] {processor.py:183} INFO - Processing /home/airflow/.local/lib/python3.8/site-packages/airflow/example_dags/tutorial_dag.py took 0.136 seconds
[2025-10-09T12:05:53.546+0000] {processor.py:161} INFO - Started process (PID=17555) to work on /home/airflow/.local/lib/python3.8/site-packages/airflow/example_dags/tutorial_dag.py
[2025-10-09T12:05:53.548+0000] {processor.py:830} INFO - Processing file /home/airflow/.local/lib/python3.8/site-packages/airflow/example_dags/tutorial_dag.py for tasks to queue
[2025-10-09T12:05:53.549+0000] {logging_mixin.py:188} INFO - [2025-10-09T12:05:53.549+0000] {dagbag.py:538} INFO - Filling up the DagBag from /home/airflow/.local/lib/python3.8/site-packages/airflow/example_dags/tutorial_dag.py
[2025-10-09T12:05:53.556+0000] {processor.py:840} INFO - DAG(s) 'tutorial_dag' retrieved from /home/airflow/.local/lib/python3.8/site-packages/airflow/example_dags/tutorial_dag.py
[2025-10-09T12:05:53.589+0000] {logging_mixin.py:188} INFO - [2025-10-09T12:05:53.588+0000] {dag.py:3036} INFO - Sync 1 DAGs
[2025-10-09T12:05:53.605+0000] {logging_mixin.py:188} INFO - [2025-10-09T12:05:53.605+0000] {dag.py:3823} INFO - Setting next_dagrun for tutorial_dag to None, run_after=None
[2025-10-09T12:05:53.632+0000] {processor.py:183} INFO - Processing /home/airflow/.local/lib/python3.8/site-packages/airflow/example_dags/tutorial_dag.py took 0.090 seconds
[2025-10-09T12:06:23.732+0000] {processor.py:161} INFO - Started process (PID=17617) to work on /home/airflow/.local/lib/python3.8/site-packages/airflow/example_dags/tutorial_dag.py
[2025-10-09T12:06:23.734+0000] {processor.py:830} INFO - Processing file /home/airflow/.local/lib/python3.8/site-packages/airflow/example_dags/tutorial_dag.py for tasks to queue
[2025-10-09T12:06:23.735+0000] {logging_mixin.py:188} INFO - [2025-10-09T12:06:23.735+0000] {dagbag.py:538} INFO - Filling up the DagBag from /home/airflow/.local/lib/python3.8/site-packages/airflow/example_dags/tutorial_dag.py
[2025-10-09T12:06:23.742+0000] {processor.py:840} INFO - DAG(s) 'tutorial_dag' retrieved from /home/airflow/.local/lib/python3.8/site-packages/airflow/example_dags/tutorial_dag.py
[2025-10-09T12:06:23.782+0000] {logging_mixin.py:188} INFO - [2025-10-09T12:06:23.782+0000] {dag.py:3036} INFO - Sync 1 DAGs
[2025-10-09T12:06:23.799+0000] {logging_mixin.py:188} INFO - [2025-10-09T12:06:23.799+0000] {dag.py:3823} INFO - Setting next_dagrun for tutorial_dag to None, run_after=None
[2025-10-09T12:06:23.848+0000] {processor.py:183} INFO - Processing /home/airflow/.local/lib/python3.8/site-packages/airflow/example_dags/tutorial_dag.py took 0.122 seconds
[2025-10-09T12:06:54.041+0000] {processor.py:161} INFO - Started process (PID=17679) to work on /home/airflow/.local/lib/python3.8/site-packages/airflow/example_dags/tutorial_dag.py
[2025-10-09T12:06:54.043+0000] {processor.py:830} INFO - Processing file /home/airflow/.local/lib/python3.8/site-packages/airflow/example_dags/tutorial_dag.py for tasks to queue
[2025-10-09T12:06:54.045+0000] {logging_mixin.py:188} INFO - [2025-10-09T12:06:54.044+0000] {dagbag.py:538} INFO - Filling up the DagBag from /home/airflow/.local/lib/python3.8/site-packages/airflow/example_dags/tutorial_dag.py
[2025-10-09T12:06:54.052+0000] {processor.py:840} INFO - DAG(s) 'tutorial_dag' retrieved from /home/airflow/.local/lib/python3.8/site-packages/airflow/example_dags/tutorial_dag.py
[2025-10-09T12:06:54.094+0000] {logging_mixin.py:188} INFO - [2025-10-09T12:06:54.094+0000] {dag.py:3036} INFO - Sync 1 DAGs
[2025-10-09T12:06:54.115+0000] {logging_mixin.py:188} INFO - [2025-10-09T12:06:54.115+0000] {dag.py:3823} INFO - Setting next_dagrun for tutorial_dag to None, run_after=None
[2025-10-09T12:06:54.170+0000] {processor.py:183} INFO - Processing /home/airflow/.local/lib/python3.8/site-packages/airflow/example_dags/tutorial_dag.py took 0.135 seconds
[2025-10-09T12:07:24.893+0000] {processor.py:161} INFO - Started process (PID=17741) to work on /home/airflow/.local/lib/python3.8/site-packages/airflow/example_dags/tutorial_dag.py
[2025-10-09T12:07:24.895+0000] {processor.py:830} INFO - Processing file /home/airflow/.local/lib/python3.8/site-packages/airflow/example_dags/tutorial_dag.py for tasks to queue
[2025-10-09T12:07:24.897+0000] {logging_mixin.py:188} INFO - [2025-10-09T12:07:24.896+0000] {dagbag.py:538} INFO - Filling up the DagBag from /home/airflow/.local/lib/python3.8/site-packages/airflow/example_dags/tutorial_dag.py
[2025-10-09T12:07:24.905+0000] {processor.py:840} INFO - DAG(s) 'tutorial_dag' retrieved from /home/airflow/.local/lib/python3.8/site-packages/airflow/example_dags/tutorial_dag.py
[2025-10-09T12:07:24.945+0000] {logging_mixin.py:188} INFO - [2025-10-09T12:07:24.945+0000] {dag.py:3036} INFO - Sync 1 DAGs
[2025-10-09T12:07:24.963+0000] {logging_mixin.py:188} INFO - [2025-10-09T12:07:24.963+0000] {dag.py:3823} INFO - Setting next_dagrun for tutorial_dag to None, run_after=None
[2025-10-09T12:07:25.016+0000] {processor.py:183} INFO - Processing /home/airflow/.local/lib/python3.8/site-packages/airflow/example_dags/tutorial_dag.py took 0.128 seconds
[2025-10-09T12:07:55.230+0000] {processor.py:161} INFO - Started process (PID=17803) to work on /home/airflow/.local/lib/python3.8/site-packages/airflow/example_dags/tutorial_dag.py
[2025-10-09T12:07:55.232+0000] {processor.py:830} INFO - Processing file /home/airflow/.local/lib/python3.8/site-packages/airflow/example_dags/tutorial_dag.py for tasks to queue
[2025-10-09T12:07:55.234+0000] {logging_mixin.py:188} INFO - [2025-10-09T12:07:55.233+0000] {dagbag.py:538} INFO - Filling up the DagBag from /home/airflow/.local/lib/python3.8/site-packages/airflow/example_dags/tutorial_dag.py
[2025-10-09T12:07:55.242+0000] {processor.py:840} INFO - DAG(s) 'tutorial_dag' retrieved from /home/airflow/.local/lib/python3.8/site-packages/airflow/example_dags/tutorial_dag.py
[2025-10-09T12:07:55.283+0000] {logging_mixin.py:188} INFO - [2025-10-09T12:07:55.282+0000] {dag.py:3036} INFO - Sync 1 DAGs
[2025-10-09T12:07:55.306+0000] {logging_mixin.py:188} INFO - [2025-10-09T12:07:55.305+0000] {dag.py:3823} INFO - Setting next_dagrun for tutorial_dag to None, run_after=None
[2025-10-09T12:07:55.393+0000] {processor.py:183} INFO - Processing /home/airflow/.local/lib/python3.8/site-packages/airflow/example_dags/tutorial_dag.py took 0.169 seconds
[2025-10-09T12:08:25.698+0000] {processor.py:161} INFO - Started process (PID=17865) to work on /home/airflow/.local/lib/python3.8/site-packages/airflow/example_dags/tutorial_dag.py
[2025-10-09T12:08:25.701+0000] {processor.py:830} INFO - Processing file /home/airflow/.local/lib/python3.8/site-packages/airflow/example_dags/tutorial_dag.py for tasks to queue
[2025-10-09T12:08:25.704+0000] {logging_mixin.py:188} INFO - [2025-10-09T12:08:25.703+0000] {dagbag.py:538} INFO - Filling up the DagBag from /home/airflow/.local/lib/python3.8/site-packages/airflow/example_dags/tutorial_dag.py
[2025-10-09T12:08:25.718+0000] {processor.py:840} INFO - DAG(s) 'tutorial_dag' retrieved from /home/airflow/.local/lib/python3.8/site-packages/airflow/example_dags/tutorial_dag.py
[2025-10-09T12:08:25.791+0000] {logging_mixin.py:188} INFO - [2025-10-09T12:08:25.790+0000] {dag.py:3036} INFO - Sync 1 DAGs
[2025-10-09T12:08:25.829+0000] {logging_mixin.py:188} INFO - [2025-10-09T12:08:25.829+0000] {dag.py:3823} INFO - Setting next_dagrun for tutorial_dag to None, run_after=None
[2025-10-09T12:08:25.881+0000] {processor.py:183} INFO - Processing /home/airflow/.local/lib/python3.8/site-packages/airflow/example_dags/tutorial_dag.py took 0.191 seconds
[2025-10-09T12:08:55.997+0000] {processor.py:161} INFO - Started process (PID=17927) to work on /home/airflow/.local/lib/python3.8/site-packages/airflow/example_dags/tutorial_dag.py
[2025-10-09T12:08:55.998+0000] {processor.py:830} INFO - Processing file /home/airflow/.local/lib/python3.8/site-packages/airflow/example_dags/tutorial_dag.py for tasks to queue
[2025-10-09T12:08:56.000+0000] {logging_mixin.py:188} INFO - [2025-10-09T12:08:56.000+0000] {dagbag.py:538} INFO - Filling up the DagBag from /home/airflow/.local/lib/python3.8/site-packages/airflow/example_dags/tutorial_dag.py
[2025-10-09T12:08:56.007+0000] {processor.py:840} INFO - DAG(s) 'tutorial_dag' retrieved from /home/airflow/.local/lib/python3.8/site-packages/airflow/example_dags/tutorial_dag.py
[2025-10-09T12:08:56.044+0000] {logging_mixin.py:188} INFO - [2025-10-09T12:08:56.043+0000] {dag.py:3036} INFO - Sync 1 DAGs
[2025-10-09T12:08:56.062+0000] {logging_mixin.py:188} INFO - [2025-10-09T12:08:56.062+0000] {dag.py:3823} INFO - Setting next_dagrun for tutorial_dag to None, run_after=None
[2025-10-09T12:08:56.090+0000] {processor.py:183} INFO - Processing /home/airflow/.local/lib/python3.8/site-packages/airflow/example_dags/tutorial_dag.py took 0.099 seconds
[2025-10-09T12:09:26.350+0000] {processor.py:161} INFO - Started process (PID=17989) to work on /home/airflow/.local/lib/python3.8/site-packages/airflow/example_dags/tutorial_dag.py
[2025-10-09T12:09:26.352+0000] {processor.py:830} INFO - Processing file /home/airflow/.local/lib/python3.8/site-packages/airflow/example_dags/tutorial_dag.py for tasks to queue
[2025-10-09T12:09:26.354+0000] {logging_mixin.py:188} INFO - [2025-10-09T12:09:26.354+0000] {dagbag.py:538} INFO - Filling up the DagBag from /home/airflow/.local/lib/python3.8/site-packages/airflow/example_dags/tutorial_dag.py
[2025-10-09T12:09:26.361+0000] {processor.py:840} INFO - DAG(s) 'tutorial_dag' retrieved from /home/airflow/.local/lib/python3.8/site-packages/airflow/example_dags/tutorial_dag.py
[2025-10-09T12:09:26.395+0000] {logging_mixin.py:188} INFO - [2025-10-09T12:09:26.394+0000] {dag.py:3036} INFO - Sync 1 DAGs
[2025-10-09T12:09:26.412+0000] {logging_mixin.py:188} INFO - [2025-10-09T12:09:26.411+0000] {dag.py:3823} INFO - Setting next_dagrun for tutorial_dag to None, run_after=None
[2025-10-09T12:09:26.442+0000] {processor.py:183} INFO - Processing /home/airflow/.local/lib/python3.8/site-packages/airflow/example_dags/tutorial_dag.py took 0.097 seconds
[2025-10-09T12:09:57.315+0000] {processor.py:161} INFO - Started process (PID=18050) to work on /home/airflow/.local/lib/python3.8/site-packages/airflow/example_dags/tutorial_dag.py
[2025-10-09T12:09:57.316+0000] {processor.py:830} INFO - Processing file /home/airflow/.local/lib/python3.8/site-packages/airflow/example_dags/tutorial_dag.py for tasks to queue
[2025-10-09T12:09:57.318+0000] {logging_mixin.py:188} INFO - [2025-10-09T12:09:57.318+0000] {dagbag.py:538} INFO - Filling up the DagBag from /home/airflow/.local/lib/python3.8/site-packages/airflow/example_dags/tutorial_dag.py
[2025-10-09T12:09:57.328+0000] {processor.py:840} INFO - DAG(s) 'tutorial_dag' retrieved from /home/airflow/.local/lib/python3.8/site-packages/airflow/example_dags/tutorial_dag.py
[2025-10-09T12:09:57.369+0000] {logging_mixin.py:188} INFO - [2025-10-09T12:09:57.368+0000] {dag.py:3036} INFO - Sync 1 DAGs
[2025-10-09T12:09:57.392+0000] {logging_mixin.py:188} INFO - [2025-10-09T12:09:57.392+0000] {dag.py:3823} INFO - Setting next_dagrun for tutorial_dag to None, run_after=None
[2025-10-09T12:09:57.452+0000] {processor.py:183} INFO - Processing /home/airflow/.local/lib/python3.8/site-packages/airflow/example_dags/tutorial_dag.py took 0.142 seconds
[2025-10-09T12:10:28.411+0000] {processor.py:161} INFO - Started process (PID=18111) to work on /home/airflow/.local/lib/python3.8/site-packages/airflow/example_dags/tutorial_dag.py
[2025-10-09T12:10:28.413+0000] {processor.py:830} INFO - Processing file /home/airflow/.local/lib/python3.8/site-packages/airflow/example_dags/tutorial_dag.py for tasks to queue
[2025-10-09T12:10:28.414+0000] {logging_mixin.py:188} INFO - [2025-10-09T12:10:28.414+0000] {dagbag.py:538} INFO - Filling up the DagBag from /home/airflow/.local/lib/python3.8/site-packages/airflow/example_dags/tutorial_dag.py
[2025-10-09T12:10:28.422+0000] {processor.py:840} INFO - DAG(s) 'tutorial_dag' retrieved from /home/airflow/.local/lib/python3.8/site-packages/airflow/example_dags/tutorial_dag.py
[2025-10-09T12:10:28.460+0000] {logging_mixin.py:188} INFO - [2025-10-09T12:10:28.460+0000] {dag.py:3036} INFO - Sync 1 DAGs
[2025-10-09T12:10:28.480+0000] {logging_mixin.py:188} INFO - [2025-10-09T12:10:28.479+0000] {dag.py:3823} INFO - Setting next_dagrun for tutorial_dag to None, run_after=None
[2025-10-09T12:10:28.509+0000] {processor.py:183} INFO - Processing /home/airflow/.local/lib/python3.8/site-packages/airflow/example_dags/tutorial_dag.py took 0.103 seconds
[2025-10-09T12:10:59.564+0000] {processor.py:161} INFO - Started process (PID=18173) to work on /home/airflow/.local/lib/python3.8/site-packages/airflow/example_dags/tutorial_dag.py
[2025-10-09T12:10:59.566+0000] {processor.py:830} INFO - Processing file /home/airflow/.local/lib/python3.8/site-packages/airflow/example_dags/tutorial_dag.py for tasks to queue
[2025-10-09T12:10:59.568+0000] {logging_mixin.py:188} INFO - [2025-10-09T12:10:59.567+0000] {dagbag.py:538} INFO - Filling up the DagBag from /home/airflow/.local/lib/python3.8/site-packages/airflow/example_dags/tutorial_dag.py
[2025-10-09T12:10:59.575+0000] {processor.py:840} INFO - DAG(s) 'tutorial_dag' retrieved from /home/airflow/.local/lib/python3.8/site-packages/airflow/example_dags/tutorial_dag.py
[2025-10-09T12:10:59.610+0000] {logging_mixin.py:188} INFO - [2025-10-09T12:10:59.609+0000] {dag.py:3036} INFO - Sync 1 DAGs
[2025-10-09T12:10:59.630+0000] {logging_mixin.py:188} INFO - [2025-10-09T12:10:59.629+0000] {dag.py:3823} INFO - Setting next_dagrun for tutorial_dag to None, run_after=None
[2025-10-09T12:10:59.683+0000] {processor.py:183} INFO - Processing /home/airflow/.local/lib/python3.8/site-packages/airflow/example_dags/tutorial_dag.py took 0.124 seconds
[2025-10-09T12:11:30.277+0000] {processor.py:161} INFO - Started process (PID=18233) to work on /home/airflow/.local/lib/python3.8/site-packages/airflow/example_dags/tutorial_dag.py
[2025-10-09T12:11:30.279+0000] {processor.py:830} INFO - Processing file /home/airflow/.local/lib/python3.8/site-packages/airflow/example_dags/tutorial_dag.py for tasks to queue
[2025-10-09T12:11:30.281+0000] {logging_mixin.py:188} INFO - [2025-10-09T12:11:30.281+0000] {dagbag.py:538} INFO - Filling up the DagBag from /home/airflow/.local/lib/python3.8/site-packages/airflow/example_dags/tutorial_dag.py
[2025-10-09T12:11:30.290+0000] {processor.py:840} INFO - DAG(s) 'tutorial_dag' retrieved from /home/airflow/.local/lib/python3.8/site-packages/airflow/example_dags/tutorial_dag.py
[2025-10-09T12:11:30.337+0000] {logging_mixin.py:188} INFO - [2025-10-09T12:11:30.337+0000] {dag.py:3036} INFO - Sync 1 DAGs
[2025-10-09T12:11:30.359+0000] {logging_mixin.py:188} INFO - [2025-10-09T12:11:30.358+0000] {dag.py:3823} INFO - Setting next_dagrun for tutorial_dag to None, run_after=None
[2025-10-09T12:11:30.388+0000] {processor.py:183} INFO - Processing /home/airflow/.local/lib/python3.8/site-packages/airflow/example_dags/tutorial_dag.py took 0.115 seconds
[2025-10-09T12:12:01.757+0000] {processor.py:161} INFO - Started process (PID=18295) to work on /home/airflow/.local/lib/python3.8/site-packages/airflow/example_dags/tutorial_dag.py
[2025-10-09T12:12:01.759+0000] {processor.py:830} INFO - Processing file /home/airflow/.local/lib/python3.8/site-packages/airflow/example_dags/tutorial_dag.py for tasks to queue
[2025-10-09T12:12:01.761+0000] {logging_mixin.py:188} INFO - [2025-10-09T12:12:01.760+0000] {dagbag.py:538} INFO - Filling up the DagBag from /home/airflow/.local/lib/python3.8/site-packages/airflow/example_dags/tutorial_dag.py
[2025-10-09T12:12:01.769+0000] {processor.py:840} INFO - DAG(s) 'tutorial_dag' retrieved from /home/airflow/.local/lib/python3.8/site-packages/airflow/example_dags/tutorial_dag.py
[2025-10-09T12:12:01.813+0000] {logging_mixin.py:188} INFO - [2025-10-09T12:12:01.812+0000] {dag.py:3036} INFO - Sync 1 DAGs
[2025-10-09T12:12:01.839+0000] {logging_mixin.py:188} INFO - [2025-10-09T12:12:01.839+0000] {dag.py:3823} INFO - Setting next_dagrun for tutorial_dag to None, run_after=None
[2025-10-09T12:12:01.875+0000] {processor.py:183} INFO - Processing /home/airflow/.local/lib/python3.8/site-packages/airflow/example_dags/tutorial_dag.py took 0.124 seconds
[2025-10-09T12:12:33.314+0000] {processor.py:161} INFO - Started process (PID=18360) to work on /home/airflow/.local/lib/python3.8/site-packages/airflow/example_dags/tutorial_dag.py
[2025-10-09T12:12:33.316+0000] {processor.py:830} INFO - Processing file /home/airflow/.local/lib/python3.8/site-packages/airflow/example_dags/tutorial_dag.py for tasks to queue
[2025-10-09T12:12:33.320+0000] {logging_mixin.py:188} INFO - [2025-10-09T12:12:33.319+0000] {dagbag.py:538} INFO - Filling up the DagBag from /home/airflow/.local/lib/python3.8/site-packages/airflow/example_dags/tutorial_dag.py
[2025-10-09T12:12:33.329+0000] {processor.py:840} INFO - DAG(s) 'tutorial_dag' retrieved from /home/airflow/.local/lib/python3.8/site-packages/airflow/example_dags/tutorial_dag.py
[2025-10-09T12:12:33.371+0000] {logging_mixin.py:188} INFO - [2025-10-09T12:12:33.371+0000] {dag.py:3036} INFO - Sync 1 DAGs
[2025-10-09T12:12:33.395+0000] {logging_mixin.py:188} INFO - [2025-10-09T12:12:33.394+0000] {dag.py:3823} INFO - Setting next_dagrun for tutorial_dag to None, run_after=None
[2025-10-09T12:12:33.446+0000] {processor.py:183} INFO - Processing /home/airflow/.local/lib/python3.8/site-packages/airflow/example_dags/tutorial_dag.py took 0.137 seconds
[2025-10-09T12:13:04.099+0000] {processor.py:161} INFO - Started process (PID=18428) to work on /home/airflow/.local/lib/python3.8/site-packages/airflow/example_dags/tutorial_dag.py
[2025-10-09T12:13:04.101+0000] {processor.py:830} INFO - Processing file /home/airflow/.local/lib/python3.8/site-packages/airflow/example_dags/tutorial_dag.py for tasks to queue
[2025-10-09T12:13:04.103+0000] {logging_mixin.py:188} INFO - [2025-10-09T12:13:04.102+0000] {dagbag.py:538} INFO - Filling up the DagBag from /home/airflow/.local/lib/python3.8/site-packages/airflow/example_dags/tutorial_dag.py
[2025-10-09T12:13:04.111+0000] {processor.py:840} INFO - DAG(s) 'tutorial_dag' retrieved from /home/airflow/.local/lib/python3.8/site-packages/airflow/example_dags/tutorial_dag.py
[2025-10-09T12:13:04.148+0000] {logging_mixin.py:188} INFO - [2025-10-09T12:13:04.148+0000] {dag.py:3036} INFO - Sync 1 DAGs
[2025-10-09T12:13:04.173+0000] {logging_mixin.py:188} INFO - [2025-10-09T12:13:04.172+0000] {dag.py:3823} INFO - Setting next_dagrun for tutorial_dag to None, run_after=None
[2025-10-09T12:13:04.235+0000] {processor.py:183} INFO - Processing /home/airflow/.local/lib/python3.8/site-packages/airflow/example_dags/tutorial_dag.py took 0.140 seconds
[2025-10-09T12:13:34.819+0000] {processor.py:161} INFO - Started process (PID=18490) to work on /home/airflow/.local/lib/python3.8/site-packages/airflow/example_dags/tutorial_dag.py
[2025-10-09T12:13:34.820+0000] {processor.py:830} INFO - Processing file /home/airflow/.local/lib/python3.8/site-packages/airflow/example_dags/tutorial_dag.py for tasks to queue
[2025-10-09T12:13:34.822+0000] {logging_mixin.py:188} INFO - [2025-10-09T12:13:34.822+0000] {dagbag.py:538} INFO - Filling up the DagBag from /home/airflow/.local/lib/python3.8/site-packages/airflow/example_dags/tutorial_dag.py
[2025-10-09T12:13:34.834+0000] {processor.py:840} INFO - DAG(s) 'tutorial_dag' retrieved from /home/airflow/.local/lib/python3.8/site-packages/airflow/example_dags/tutorial_dag.py
[2025-10-09T12:13:34.882+0000] {logging_mixin.py:188} INFO - [2025-10-09T12:13:34.882+0000] {dag.py:3036} INFO - Sync 1 DAGs
[2025-10-09T12:13:34.901+0000] {logging_mixin.py:188} INFO - [2025-10-09T12:13:34.901+0000] {dag.py:3823} INFO - Setting next_dagrun for tutorial_dag to None, run_after=None
[2025-10-09T12:13:34.931+0000] {processor.py:183} INFO - Processing /home/airflow/.local/lib/python3.8/site-packages/airflow/example_dags/tutorial_dag.py took 0.118 seconds
[2025-10-09T12:14:05.250+0000] {processor.py:161} INFO - Started process (PID=18552) to work on /home/airflow/.local/lib/python3.8/site-packages/airflow/example_dags/tutorial_dag.py
[2025-10-09T12:14:05.253+0000] {processor.py:830} INFO - Processing file /home/airflow/.local/lib/python3.8/site-packages/airflow/example_dags/tutorial_dag.py for tasks to queue
[2025-10-09T12:14:05.256+0000] {logging_mixin.py:188} INFO - [2025-10-09T12:14:05.255+0000] {dagbag.py:538} INFO - Filling up the DagBag from /home/airflow/.local/lib/python3.8/site-packages/airflow/example_dags/tutorial_dag.py
[2025-10-09T12:14:05.268+0000] {processor.py:840} INFO - DAG(s) 'tutorial_dag' retrieved from /home/airflow/.local/lib/python3.8/site-packages/airflow/example_dags/tutorial_dag.py
[2025-10-09T12:14:05.332+0000] {logging_mixin.py:188} INFO - [2025-10-09T12:14:05.332+0000] {dag.py:3036} INFO - Sync 1 DAGs
[2025-10-09T12:14:05.351+0000] {logging_mixin.py:188} INFO - [2025-10-09T12:14:05.351+0000] {dag.py:3823} INFO - Setting next_dagrun for tutorial_dag to None, run_after=None
[2025-10-09T12:14:05.394+0000] {processor.py:183} INFO - Processing /home/airflow/.local/lib/python3.8/site-packages/airflow/example_dags/tutorial_dag.py took 0.152 seconds
[2025-10-09T12:14:36.497+0000] {processor.py:161} INFO - Started process (PID=18613) to work on /home/airflow/.local/lib/python3.8/site-packages/airflow/example_dags/tutorial_dag.py
[2025-10-09T12:14:36.500+0000] {processor.py:830} INFO - Processing file /home/airflow/.local/lib/python3.8/site-packages/airflow/example_dags/tutorial_dag.py for tasks to queue
[2025-10-09T12:14:36.502+0000] {logging_mixin.py:188} INFO - [2025-10-09T12:14:36.501+0000] {dagbag.py:538} INFO - Filling up the DagBag from /home/airflow/.local/lib/python3.8/site-packages/airflow/example_dags/tutorial_dag.py
[2025-10-09T12:14:36.512+0000] {processor.py:840} INFO - DAG(s) 'tutorial_dag' retrieved from /home/airflow/.local/lib/python3.8/site-packages/airflow/example_dags/tutorial_dag.py
[2025-10-09T12:14:36.551+0000] {logging_mixin.py:188} INFO - [2025-10-09T12:14:36.551+0000] {dag.py:3036} INFO - Sync 1 DAGs
[2025-10-09T12:14:36.569+0000] {logging_mixin.py:188} INFO - [2025-10-09T12:14:36.568+0000] {dag.py:3823} INFO - Setting next_dagrun for tutorial_dag to None, run_after=None
[2025-10-09T12:14:36.622+0000] {processor.py:183} INFO - Processing /home/airflow/.local/lib/python3.8/site-packages/airflow/example_dags/tutorial_dag.py took 0.131 seconds
[2025-10-09T12:15:06.940+0000] {processor.py:161} INFO - Started process (PID=18675) to work on /home/airflow/.local/lib/python3.8/site-packages/airflow/example_dags/tutorial_dag.py
[2025-10-09T12:15:06.941+0000] {processor.py:830} INFO - Processing file /home/airflow/.local/lib/python3.8/site-packages/airflow/example_dags/tutorial_dag.py for tasks to queue
[2025-10-09T12:15:06.943+0000] {logging_mixin.py:188} INFO - [2025-10-09T12:15:06.943+0000] {dagbag.py:538} INFO - Filling up the DagBag from /home/airflow/.local/lib/python3.8/site-packages/airflow/example_dags/tutorial_dag.py
[2025-10-09T12:15:06.951+0000] {processor.py:840} INFO - DAG(s) 'tutorial_dag' retrieved from /home/airflow/.local/lib/python3.8/site-packages/airflow/example_dags/tutorial_dag.py
[2025-10-09T12:15:06.989+0000] {logging_mixin.py:188} INFO - [2025-10-09T12:15:06.989+0000] {dag.py:3036} INFO - Sync 1 DAGs
[2025-10-09T12:15:07.008+0000] {logging_mixin.py:188} INFO - [2025-10-09T12:15:07.008+0000] {dag.py:3823} INFO - Setting next_dagrun for tutorial_dag to None, run_after=None
[2025-10-09T12:15:07.038+0000] {processor.py:183} INFO - Processing /home/airflow/.local/lib/python3.8/site-packages/airflow/example_dags/tutorial_dag.py took 0.103 seconds
[2025-10-09T12:15:38.341+0000] {processor.py:161} INFO - Started process (PID=18738) to work on /home/airflow/.local/lib/python3.8/site-packages/airflow/example_dags/tutorial_dag.py
[2025-10-09T12:15:38.343+0000] {processor.py:830} INFO - Processing file /home/airflow/.local/lib/python3.8/site-packages/airflow/example_dags/tutorial_dag.py for tasks to queue
[2025-10-09T12:15:38.345+0000] {logging_mixin.py:188} INFO - [2025-10-09T12:15:38.344+0000] {dagbag.py:538} INFO - Filling up the DagBag from /home/airflow/.local/lib/python3.8/site-packages/airflow/example_dags/tutorial_dag.py
[2025-10-09T12:15:38.355+0000] {processor.py:840} INFO - DAG(s) 'tutorial_dag' retrieved from /home/airflow/.local/lib/python3.8/site-packages/airflow/example_dags/tutorial_dag.py
[2025-10-09T12:15:38.395+0000] {logging_mixin.py:188} INFO - [2025-10-09T12:15:38.394+0000] {dag.py:3036} INFO - Sync 1 DAGs
[2025-10-09T12:15:38.415+0000] {logging_mixin.py:188} INFO - [2025-10-09T12:15:38.415+0000] {dag.py:3823} INFO - Setting next_dagrun for tutorial_dag to None, run_after=None
[2025-10-09T12:15:38.450+0000] {processor.py:183} INFO - Processing /home/airflow/.local/lib/python3.8/site-packages/airflow/example_dags/tutorial_dag.py took 0.116 seconds
[2025-10-09T12:16:09.834+0000] {processor.py:161} INFO - Started process (PID=18800) to work on /home/airflow/.local/lib/python3.8/site-packages/airflow/example_dags/tutorial_dag.py
[2025-10-09T12:16:09.837+0000] {processor.py:830} INFO - Processing file /home/airflow/.local/lib/python3.8/site-packages/airflow/example_dags/tutorial_dag.py for tasks to queue
[2025-10-09T12:16:09.838+0000] {logging_mixin.py:188} INFO - [2025-10-09T12:16:09.838+0000] {dagbag.py:538} INFO - Filling up the DagBag from /home/airflow/.local/lib/python3.8/site-packages/airflow/example_dags/tutorial_dag.py
[2025-10-09T12:16:09.849+0000] {processor.py:840} INFO - DAG(s) 'tutorial_dag' retrieved from /home/airflow/.local/lib/python3.8/site-packages/airflow/example_dags/tutorial_dag.py
[2025-10-09T12:16:09.888+0000] {logging_mixin.py:188} INFO - [2025-10-09T12:16:09.887+0000] {dag.py:3036} INFO - Sync 1 DAGs
[2025-10-09T12:16:09.908+0000] {logging_mixin.py:188} INFO - [2025-10-09T12:16:09.908+0000] {dag.py:3823} INFO - Setting next_dagrun for tutorial_dag to None, run_after=None
[2025-10-09T12:16:09.938+0000] {processor.py:183} INFO - Processing /home/airflow/.local/lib/python3.8/site-packages/airflow/example_dags/tutorial_dag.py took 0.110 seconds
[2025-10-09T12:16:42.233+0000] {processor.py:161} INFO - Started process (PID=18863) to work on /home/airflow/.local/lib/python3.8/site-packages/airflow/example_dags/tutorial_dag.py
[2025-10-09T12:16:42.235+0000] {processor.py:830} INFO - Processing file /home/airflow/.local/lib/python3.8/site-packages/airflow/example_dags/tutorial_dag.py for tasks to queue
[2025-10-09T12:16:42.238+0000] {logging_mixin.py:188} INFO - [2025-10-09T12:16:42.237+0000] {dagbag.py:538} INFO - Filling up the DagBag from /home/airflow/.local/lib/python3.8/site-packages/airflow/example_dags/tutorial_dag.py
[2025-10-09T12:16:42.252+0000] {processor.py:840} INFO - DAG(s) 'tutorial_dag' retrieved from /home/airflow/.local/lib/python3.8/site-packages/airflow/example_dags/tutorial_dag.py
[2025-10-09T12:16:42.299+0000] {logging_mixin.py:188} INFO - [2025-10-09T12:16:42.298+0000] {dag.py:3036} INFO - Sync 1 DAGs
[2025-10-09T12:16:42.324+0000] {logging_mixin.py:188} INFO - [2025-10-09T12:16:42.323+0000] {dag.py:3823} INFO - Setting next_dagrun for tutorial_dag to None, run_after=None
[2025-10-09T12:16:42.354+0000] {processor.py:183} INFO - Processing /home/airflow/.local/lib/python3.8/site-packages/airflow/example_dags/tutorial_dag.py took 0.129 seconds
[2025-10-09T12:17:13.109+0000] {processor.py:161} INFO - Started process (PID=18925) to work on /home/airflow/.local/lib/python3.8/site-packages/airflow/example_dags/tutorial_dag.py
[2025-10-09T12:17:13.111+0000] {processor.py:830} INFO - Processing file /home/airflow/.local/lib/python3.8/site-packages/airflow/example_dags/tutorial_dag.py for tasks to queue
[2025-10-09T12:17:13.114+0000] {logging_mixin.py:188} INFO - [2025-10-09T12:17:13.113+0000] {dagbag.py:538} INFO - Filling up the DagBag from /home/airflow/.local/lib/python3.8/site-packages/airflow/example_dags/tutorial_dag.py
[2025-10-09T12:17:13.125+0000] {processor.py:840} INFO - DAG(s) 'tutorial_dag' retrieved from /home/airflow/.local/lib/python3.8/site-packages/airflow/example_dags/tutorial_dag.py
[2025-10-09T12:17:13.171+0000] {logging_mixin.py:188} INFO - [2025-10-09T12:17:13.170+0000] {dag.py:3036} INFO - Sync 1 DAGs
[2025-10-09T12:17:13.199+0000] {logging_mixin.py:188} INFO - [2025-10-09T12:17:13.199+0000] {dag.py:3823} INFO - Setting next_dagrun for tutorial_dag to None, run_after=None
[2025-10-09T12:17:13.232+0000] {processor.py:183} INFO - Processing /home/airflow/.local/lib/python3.8/site-packages/airflow/example_dags/tutorial_dag.py took 0.129 seconds
[2025-10-09T12:17:44.671+0000] {processor.py:161} INFO - Started process (PID=18987) to work on /home/airflow/.local/lib/python3.8/site-packages/airflow/example_dags/tutorial_dag.py
[2025-10-09T12:17:44.672+0000] {processor.py:830} INFO - Processing file /home/airflow/.local/lib/python3.8/site-packages/airflow/example_dags/tutorial_dag.py for tasks to queue
[2025-10-09T12:17:44.673+0000] {logging_mixin.py:188} INFO - [2025-10-09T12:17:44.673+0000] {dagbag.py:538} INFO - Filling up the DagBag from /home/airflow/.local/lib/python3.8/site-packages/airflow/example_dags/tutorial_dag.py
[2025-10-09T12:17:44.681+0000] {processor.py:840} INFO - DAG(s) 'tutorial_dag' retrieved from /home/airflow/.local/lib/python3.8/site-packages/airflow/example_dags/tutorial_dag.py
[2025-10-09T12:17:44.715+0000] {logging_mixin.py:188} INFO - [2025-10-09T12:17:44.715+0000] {dag.py:3036} INFO - Sync 1 DAGs
[2025-10-09T12:17:44.734+0000] {logging_mixin.py:188} INFO - [2025-10-09T12:17:44.734+0000] {dag.py:3823} INFO - Setting next_dagrun for tutorial_dag to None, run_after=None
[2025-10-09T12:17:44.767+0000] {processor.py:183} INFO - Processing /home/airflow/.local/lib/python3.8/site-packages/airflow/example_dags/tutorial_dag.py took 0.101 seconds
[2025-10-09T12:18:16.617+0000] {processor.py:161} INFO - Started process (PID=19049) to work on /home/airflow/.local/lib/python3.8/site-packages/airflow/example_dags/tutorial_dag.py
[2025-10-09T12:18:16.619+0000] {processor.py:830} INFO - Processing file /home/airflow/.local/lib/python3.8/site-packages/airflow/example_dags/tutorial_dag.py for tasks to queue
[2025-10-09T12:18:16.621+0000] {logging_mixin.py:188} INFO - [2025-10-09T12:18:16.620+0000] {dagbag.py:538} INFO - Filling up the DagBag from /home/airflow/.local/lib/python3.8/site-packages/airflow/example_dags/tutorial_dag.py
[2025-10-09T12:18:16.634+0000] {processor.py:840} INFO - DAG(s) 'tutorial_dag' retrieved from /home/airflow/.local/lib/python3.8/site-packages/airflow/example_dags/tutorial_dag.py
[2025-10-09T12:18:16.687+0000] {logging_mixin.py:188} INFO - [2025-10-09T12:18:16.686+0000] {dag.py:3036} INFO - Sync 1 DAGs
[2025-10-09T12:18:16.714+0000] {logging_mixin.py:188} INFO - [2025-10-09T12:18:16.713+0000] {dag.py:3823} INFO - Setting next_dagrun for tutorial_dag to None, run_after=None
[2025-10-09T12:18:16.750+0000] {processor.py:183} INFO - Processing /home/airflow/.local/lib/python3.8/site-packages/airflow/example_dags/tutorial_dag.py took 0.145 seconds
[2025-10-09T12:18:48.084+0000] {processor.py:161} INFO - Started process (PID=19110) to work on /home/airflow/.local/lib/python3.8/site-packages/airflow/example_dags/tutorial_dag.py
[2025-10-09T12:18:48.086+0000] {processor.py:830} INFO - Processing file /home/airflow/.local/lib/python3.8/site-packages/airflow/example_dags/tutorial_dag.py for tasks to queue
[2025-10-09T12:18:48.089+0000] {logging_mixin.py:188} INFO - [2025-10-09T12:18:48.088+0000] {dagbag.py:538} INFO - Filling up the DagBag from /home/airflow/.local/lib/python3.8/site-packages/airflow/example_dags/tutorial_dag.py
[2025-10-09T12:18:48.099+0000] {processor.py:840} INFO - DAG(s) 'tutorial_dag' retrieved from /home/airflow/.local/lib/python3.8/site-packages/airflow/example_dags/tutorial_dag.py
[2025-10-09T12:18:48.148+0000] {logging_mixin.py:188} INFO - [2025-10-09T12:18:48.148+0000] {dag.py:3036} INFO - Sync 1 DAGs
[2025-10-09T12:18:48.178+0000] {logging_mixin.py:188} INFO - [2025-10-09T12:18:48.178+0000] {dag.py:3823} INFO - Setting next_dagrun for tutorial_dag to None, run_after=None
[2025-10-09T12:18:48.220+0000] {processor.py:183} INFO - Processing /home/airflow/.local/lib/python3.8/site-packages/airflow/example_dags/tutorial_dag.py took 0.142 seconds
