[2025-10-12T08:22:21.894+0000] {processor.py:161} INFO - Started process (PID=13060) to work on /home/airflow/.local/lib/python3.8/site-packages/airflow/example_dags/tutorial_dag.py
[2025-10-12T08:22:21.896+0000] {processor.py:830} INFO - Processing file /home/airflow/.local/lib/python3.8/site-packages/airflow/example_dags/tutorial_dag.py for tasks to queue
[2025-10-12T08:22:21.898+0000] {logging_mixin.py:188} INFO - [2025-10-12T08:22:21.898+0000] {dagbag.py:538} INFO - Filling up the DagBag from /home/airflow/.local/lib/python3.8/site-packages/airflow/example_dags/tutorial_dag.py
[2025-10-12T08:22:21.907+0000] {processor.py:840} INFO - DAG(s) 'tutorial_dag' retrieved from /home/airflow/.local/lib/python3.8/site-packages/airflow/example_dags/tutorial_dag.py
[2025-10-12T08:22:21.937+0000] {logging_mixin.py:188} INFO - [2025-10-12T08:22:21.937+0000] {dag.py:3036} INFO - Sync 1 DAGs
[2025-10-12T08:22:21.953+0000] {logging_mixin.py:188} INFO - [2025-10-12T08:22:21.952+0000] {dag.py:3823} INFO - Setting next_dagrun for tutorial_dag to None, run_after=None
[2025-10-12T08:22:21.978+0000] {processor.py:183} INFO - Processing /home/airflow/.local/lib/python3.8/site-packages/airflow/example_dags/tutorial_dag.py took 0.087 seconds
[2025-10-12T08:22:53.593+0000] {processor.py:161} INFO - Started process (PID=13130) to work on /home/airflow/.local/lib/python3.8/site-packages/airflow/example_dags/tutorial_dag.py
[2025-10-12T08:22:53.595+0000] {processor.py:830} INFO - Processing file /home/airflow/.local/lib/python3.8/site-packages/airflow/example_dags/tutorial_dag.py for tasks to queue
[2025-10-12T08:22:53.599+0000] {logging_mixin.py:188} INFO - [2025-10-12T08:22:53.598+0000] {dagbag.py:538} INFO - Filling up the DagBag from /home/airflow/.local/lib/python3.8/site-packages/airflow/example_dags/tutorial_dag.py
[2025-10-12T08:22:53.610+0000] {processor.py:840} INFO - DAG(s) 'tutorial_dag' retrieved from /home/airflow/.local/lib/python3.8/site-packages/airflow/example_dags/tutorial_dag.py
[2025-10-12T08:22:53.729+0000] {logging_mixin.py:188} INFO - [2025-10-12T08:22:53.728+0000] {dag.py:3036} INFO - Sync 1 DAGs
[2025-10-12T08:22:53.977+0000] {logging_mixin.py:188} INFO - [2025-10-12T08:22:53.977+0000] {dag.py:3823} INFO - Setting next_dagrun for tutorial_dag to None, run_after=None
[2025-10-12T08:22:54.133+0000] {processor.py:183} INFO - Processing /home/airflow/.local/lib/python3.8/site-packages/airflow/example_dags/tutorial_dag.py took 0.546 seconds
[2025-10-12T08:23:24.996+0000] {processor.py:161} INFO - Started process (PID=13200) to work on /home/airflow/.local/lib/python3.8/site-packages/airflow/example_dags/tutorial_dag.py
[2025-10-12T08:23:24.997+0000] {processor.py:830} INFO - Processing file /home/airflow/.local/lib/python3.8/site-packages/airflow/example_dags/tutorial_dag.py for tasks to queue
[2025-10-12T08:23:25.000+0000] {logging_mixin.py:188} INFO - [2025-10-12T08:23:24.999+0000] {dagbag.py:538} INFO - Filling up the DagBag from /home/airflow/.local/lib/python3.8/site-packages/airflow/example_dags/tutorial_dag.py
[2025-10-12T08:23:25.006+0000] {processor.py:840} INFO - DAG(s) 'tutorial_dag' retrieved from /home/airflow/.local/lib/python3.8/site-packages/airflow/example_dags/tutorial_dag.py
[2025-10-12T08:23:25.042+0000] {logging_mixin.py:188} INFO - [2025-10-12T08:23:25.042+0000] {dag.py:3036} INFO - Sync 1 DAGs
[2025-10-12T08:23:25.059+0000] {logging_mixin.py:188} INFO - [2025-10-12T08:23:25.059+0000] {dag.py:3823} INFO - Setting next_dagrun for tutorial_dag to None, run_after=None
[2025-10-12T08:23:25.093+0000] {processor.py:183} INFO - Processing /home/airflow/.local/lib/python3.8/site-packages/airflow/example_dags/tutorial_dag.py took 0.101 seconds
[2025-10-12T08:23:55.856+0000] {processor.py:161} INFO - Started process (PID=13270) to work on /home/airflow/.local/lib/python3.8/site-packages/airflow/example_dags/tutorial_dag.py
[2025-10-12T08:23:55.857+0000] {processor.py:830} INFO - Processing file /home/airflow/.local/lib/python3.8/site-packages/airflow/example_dags/tutorial_dag.py for tasks to queue
[2025-10-12T08:23:55.860+0000] {logging_mixin.py:188} INFO - [2025-10-12T08:23:55.859+0000] {dagbag.py:538} INFO - Filling up the DagBag from /home/airflow/.local/lib/python3.8/site-packages/airflow/example_dags/tutorial_dag.py
[2025-10-12T08:23:55.866+0000] {processor.py:840} INFO - DAG(s) 'tutorial_dag' retrieved from /home/airflow/.local/lib/python3.8/site-packages/airflow/example_dags/tutorial_dag.py
[2025-10-12T08:23:55.897+0000] {logging_mixin.py:188} INFO - [2025-10-12T08:23:55.897+0000] {dag.py:3036} INFO - Sync 1 DAGs
[2025-10-12T08:23:55.913+0000] {logging_mixin.py:188} INFO - [2025-10-12T08:23:55.913+0000] {dag.py:3823} INFO - Setting next_dagrun for tutorial_dag to None, run_after=None
[2025-10-12T08:23:55.941+0000] {processor.py:183} INFO - Processing /home/airflow/.local/lib/python3.8/site-packages/airflow/example_dags/tutorial_dag.py took 0.088 seconds
[2025-10-12T08:24:27.127+0000] {processor.py:161} INFO - Started process (PID=13340) to work on /home/airflow/.local/lib/python3.8/site-packages/airflow/example_dags/tutorial_dag.py
[2025-10-12T08:24:27.128+0000] {processor.py:830} INFO - Processing file /home/airflow/.local/lib/python3.8/site-packages/airflow/example_dags/tutorial_dag.py for tasks to queue
[2025-10-12T08:24:27.131+0000] {logging_mixin.py:188} INFO - [2025-10-12T08:24:27.130+0000] {dagbag.py:538} INFO - Filling up the DagBag from /home/airflow/.local/lib/python3.8/site-packages/airflow/example_dags/tutorial_dag.py
[2025-10-12T08:24:27.139+0000] {processor.py:840} INFO - DAG(s) 'tutorial_dag' retrieved from /home/airflow/.local/lib/python3.8/site-packages/airflow/example_dags/tutorial_dag.py
[2025-10-12T08:24:27.173+0000] {logging_mixin.py:188} INFO - [2025-10-12T08:24:27.172+0000] {dag.py:3036} INFO - Sync 1 DAGs
[2025-10-12T08:24:27.190+0000] {logging_mixin.py:188} INFO - [2025-10-12T08:24:27.190+0000] {dag.py:3823} INFO - Setting next_dagrun for tutorial_dag to None, run_after=None
[2025-10-12T08:24:27.214+0000] {processor.py:183} INFO - Processing /home/airflow/.local/lib/python3.8/site-packages/airflow/example_dags/tutorial_dag.py took 0.091 seconds
[2025-10-12T08:24:58.131+0000] {processor.py:161} INFO - Started process (PID=13410) to work on /home/airflow/.local/lib/python3.8/site-packages/airflow/example_dags/tutorial_dag.py
[2025-10-12T08:24:58.132+0000] {processor.py:830} INFO - Processing file /home/airflow/.local/lib/python3.8/site-packages/airflow/example_dags/tutorial_dag.py for tasks to queue
[2025-10-12T08:24:58.140+0000] {logging_mixin.py:188} INFO - [2025-10-12T08:24:58.139+0000] {dagbag.py:538} INFO - Filling up the DagBag from /home/airflow/.local/lib/python3.8/site-packages/airflow/example_dags/tutorial_dag.py
[2025-10-12T08:24:58.152+0000] {processor.py:840} INFO - DAG(s) 'tutorial_dag' retrieved from /home/airflow/.local/lib/python3.8/site-packages/airflow/example_dags/tutorial_dag.py
[2025-10-12T08:24:58.196+0000] {logging_mixin.py:188} INFO - [2025-10-12T08:24:58.196+0000] {dag.py:3036} INFO - Sync 1 DAGs
[2025-10-12T08:24:58.280+0000] {logging_mixin.py:188} INFO - [2025-10-12T08:24:58.279+0000] {dag.py:3823} INFO - Setting next_dagrun for tutorial_dag to None, run_after=None
[2025-10-12T08:24:58.318+0000] {processor.py:183} INFO - Processing /home/airflow/.local/lib/python3.8/site-packages/airflow/example_dags/tutorial_dag.py took 0.194 seconds
[2025-10-12T08:25:28.419+0000] {processor.py:161} INFO - Started process (PID=13479) to work on /home/airflow/.local/lib/python3.8/site-packages/airflow/example_dags/tutorial_dag.py
[2025-10-12T08:25:28.422+0000] {processor.py:830} INFO - Processing file /home/airflow/.local/lib/python3.8/site-packages/airflow/example_dags/tutorial_dag.py for tasks to queue
[2025-10-12T08:25:28.428+0000] {logging_mixin.py:188} INFO - [2025-10-12T08:25:28.427+0000] {dagbag.py:538} INFO - Filling up the DagBag from /home/airflow/.local/lib/python3.8/site-packages/airflow/example_dags/tutorial_dag.py
[2025-10-12T08:25:28.441+0000] {processor.py:840} INFO - DAG(s) 'tutorial_dag' retrieved from /home/airflow/.local/lib/python3.8/site-packages/airflow/example_dags/tutorial_dag.py
[2025-10-12T08:25:28.491+0000] {logging_mixin.py:188} INFO - [2025-10-12T08:25:28.490+0000] {dag.py:3036} INFO - Sync 1 DAGs
[2025-10-12T08:25:28.511+0000] {logging_mixin.py:188} INFO - [2025-10-12T08:25:28.510+0000] {dag.py:3823} INFO - Setting next_dagrun for tutorial_dag to None, run_after=None
[2025-10-12T08:25:28.538+0000] {processor.py:183} INFO - Processing /home/airflow/.local/lib/python3.8/site-packages/airflow/example_dags/tutorial_dag.py took 0.132 seconds
[2025-10-12T08:25:58.983+0000] {processor.py:161} INFO - Started process (PID=13549) to work on /home/airflow/.local/lib/python3.8/site-packages/airflow/example_dags/tutorial_dag.py
[2025-10-12T08:25:58.985+0000] {processor.py:830} INFO - Processing file /home/airflow/.local/lib/python3.8/site-packages/airflow/example_dags/tutorial_dag.py for tasks to queue
[2025-10-12T08:25:58.988+0000] {logging_mixin.py:188} INFO - [2025-10-12T08:25:58.988+0000] {dagbag.py:538} INFO - Filling up the DagBag from /home/airflow/.local/lib/python3.8/site-packages/airflow/example_dags/tutorial_dag.py
[2025-10-12T08:25:58.997+0000] {processor.py:840} INFO - DAG(s) 'tutorial_dag' retrieved from /home/airflow/.local/lib/python3.8/site-packages/airflow/example_dags/tutorial_dag.py
[2025-10-12T08:25:59.029+0000] {logging_mixin.py:188} INFO - [2025-10-12T08:25:59.028+0000] {dag.py:3036} INFO - Sync 1 DAGs
[2025-10-12T08:25:59.048+0000] {logging_mixin.py:188} INFO - [2025-10-12T08:25:59.047+0000] {dag.py:3823} INFO - Setting next_dagrun for tutorial_dag to None, run_after=None
[2025-10-12T08:25:59.077+0000] {processor.py:183} INFO - Processing /home/airflow/.local/lib/python3.8/site-packages/airflow/example_dags/tutorial_dag.py took 0.100 seconds
[2025-10-12T08:26:29.684+0000] {processor.py:161} INFO - Started process (PID=13619) to work on /home/airflow/.local/lib/python3.8/site-packages/airflow/example_dags/tutorial_dag.py
[2025-10-12T08:26:29.686+0000] {processor.py:830} INFO - Processing file /home/airflow/.local/lib/python3.8/site-packages/airflow/example_dags/tutorial_dag.py for tasks to queue
[2025-10-12T08:26:29.690+0000] {logging_mixin.py:188} INFO - [2025-10-12T08:26:29.689+0000] {dagbag.py:538} INFO - Filling up the DagBag from /home/airflow/.local/lib/python3.8/site-packages/airflow/example_dags/tutorial_dag.py
[2025-10-12T08:26:29.698+0000] {processor.py:840} INFO - DAG(s) 'tutorial_dag' retrieved from /home/airflow/.local/lib/python3.8/site-packages/airflow/example_dags/tutorial_dag.py
[2025-10-12T08:26:29.735+0000] {logging_mixin.py:188} INFO - [2025-10-12T08:26:29.734+0000] {dag.py:3036} INFO - Sync 1 DAGs
[2025-10-12T08:26:29.753+0000] {logging_mixin.py:188} INFO - [2025-10-12T08:26:29.753+0000] {dag.py:3823} INFO - Setting next_dagrun for tutorial_dag to None, run_after=None
[2025-10-12T08:26:29.784+0000] {processor.py:183} INFO - Processing /home/airflow/.local/lib/python3.8/site-packages/airflow/example_dags/tutorial_dag.py took 0.104 seconds
[2025-10-12T08:27:01.747+0000] {processor.py:161} INFO - Started process (PID=13689) to work on /home/airflow/.local/lib/python3.8/site-packages/airflow/example_dags/tutorial_dag.py
[2025-10-12T08:27:01.759+0000] {processor.py:830} INFO - Processing file /home/airflow/.local/lib/python3.8/site-packages/airflow/example_dags/tutorial_dag.py for tasks to queue
[2025-10-12T08:27:01.763+0000] {logging_mixin.py:188} INFO - [2025-10-12T08:27:01.762+0000] {dagbag.py:538} INFO - Filling up the DagBag from /home/airflow/.local/lib/python3.8/site-packages/airflow/example_dags/tutorial_dag.py
[2025-10-12T08:27:01.795+0000] {processor.py:840} INFO - DAG(s) 'tutorial_dag' retrieved from /home/airflow/.local/lib/python3.8/site-packages/airflow/example_dags/tutorial_dag.py
[2025-10-12T08:27:01.932+0000] {logging_mixin.py:188} INFO - [2025-10-12T08:27:01.931+0000] {dag.py:3036} INFO - Sync 1 DAGs
[2025-10-12T08:27:02.040+0000] {logging_mixin.py:188} INFO - [2025-10-12T08:27:02.033+0000] {dag.py:3823} INFO - Setting next_dagrun for tutorial_dag to None, run_after=None
[2025-10-12T08:27:02.139+0000] {processor.py:183} INFO - Processing /home/airflow/.local/lib/python3.8/site-packages/airflow/example_dags/tutorial_dag.py took 0.402 seconds
[2025-10-12T08:27:37.445+0000] {processor.py:161} INFO - Started process (PID=13759) to work on /home/airflow/.local/lib/python3.8/site-packages/airflow/example_dags/tutorial_dag.py
[2025-10-12T08:27:37.447+0000] {processor.py:830} INFO - Processing file /home/airflow/.local/lib/python3.8/site-packages/airflow/example_dags/tutorial_dag.py for tasks to queue
[2025-10-12T08:27:37.460+0000] {logging_mixin.py:188} INFO - [2025-10-12T08:27:37.459+0000] {dagbag.py:538} INFO - Filling up the DagBag from /home/airflow/.local/lib/python3.8/site-packages/airflow/example_dags/tutorial_dag.py
[2025-10-12T08:27:37.478+0000] {processor.py:840} INFO - DAG(s) 'tutorial_dag' retrieved from /home/airflow/.local/lib/python3.8/site-packages/airflow/example_dags/tutorial_dag.py
[2025-10-12T08:27:37.593+0000] {logging_mixin.py:188} INFO - [2025-10-12T08:27:37.593+0000] {dag.py:3036} INFO - Sync 1 DAGs
[2025-10-12T08:27:37.672+0000] {logging_mixin.py:188} INFO - [2025-10-12T08:27:37.672+0000] {dag.py:3823} INFO - Setting next_dagrun for tutorial_dag to None, run_after=None
[2025-10-12T08:27:37.753+0000] {processor.py:183} INFO - Processing /home/airflow/.local/lib/python3.8/site-packages/airflow/example_dags/tutorial_dag.py took 0.320 seconds
[2025-10-12T08:28:08.590+0000] {processor.py:161} INFO - Started process (PID=13835) to work on /home/airflow/.local/lib/python3.8/site-packages/airflow/example_dags/tutorial_dag.py
[2025-10-12T08:28:08.591+0000] {processor.py:830} INFO - Processing file /home/airflow/.local/lib/python3.8/site-packages/airflow/example_dags/tutorial_dag.py for tasks to queue
[2025-10-12T08:28:08.610+0000] {logging_mixin.py:188} INFO - [2025-10-12T08:28:08.609+0000] {dagbag.py:538} INFO - Filling up the DagBag from /home/airflow/.local/lib/python3.8/site-packages/airflow/example_dags/tutorial_dag.py
[2025-10-12T08:28:08.630+0000] {processor.py:840} INFO - DAG(s) 'tutorial_dag' retrieved from /home/airflow/.local/lib/python3.8/site-packages/airflow/example_dags/tutorial_dag.py
[2025-10-12T08:28:08.719+0000] {logging_mixin.py:188} INFO - [2025-10-12T08:28:08.718+0000] {dag.py:3036} INFO - Sync 1 DAGs
[2025-10-12T08:28:08.764+0000] {logging_mixin.py:188} INFO - [2025-10-12T08:28:08.763+0000] {dag.py:3823} INFO - Setting next_dagrun for tutorial_dag to None, run_after=None
[2025-10-12T08:28:08.814+0000] {processor.py:183} INFO - Processing /home/airflow/.local/lib/python3.8/site-packages/airflow/example_dags/tutorial_dag.py took 0.241 seconds
[2025-10-12T08:28:39.589+0000] {processor.py:161} INFO - Started process (PID=13905) to work on /home/airflow/.local/lib/python3.8/site-packages/airflow/example_dags/tutorial_dag.py
[2025-10-12T08:28:39.591+0000] {processor.py:830} INFO - Processing file /home/airflow/.local/lib/python3.8/site-packages/airflow/example_dags/tutorial_dag.py for tasks to queue
[2025-10-12T08:28:39.594+0000] {logging_mixin.py:188} INFO - [2025-10-12T08:28:39.594+0000] {dagbag.py:538} INFO - Filling up the DagBag from /home/airflow/.local/lib/python3.8/site-packages/airflow/example_dags/tutorial_dag.py
[2025-10-12T08:28:39.607+0000] {processor.py:840} INFO - DAG(s) 'tutorial_dag' retrieved from /home/airflow/.local/lib/python3.8/site-packages/airflow/example_dags/tutorial_dag.py
[2025-10-12T08:28:39.656+0000] {logging_mixin.py:188} INFO - [2025-10-12T08:28:39.656+0000] {dag.py:3036} INFO - Sync 1 DAGs
[2025-10-12T08:28:39.687+0000] {logging_mixin.py:188} INFO - [2025-10-12T08:28:39.687+0000] {dag.py:3823} INFO - Setting next_dagrun for tutorial_dag to None, run_after=None
[2025-10-12T08:28:39.729+0000] {processor.py:183} INFO - Processing /home/airflow/.local/lib/python3.8/site-packages/airflow/example_dags/tutorial_dag.py took 0.149 seconds
[2025-10-12T08:29:09.793+0000] {processor.py:161} INFO - Started process (PID=13975) to work on /home/airflow/.local/lib/python3.8/site-packages/airflow/example_dags/tutorial_dag.py
[2025-10-12T08:29:09.795+0000] {processor.py:830} INFO - Processing file /home/airflow/.local/lib/python3.8/site-packages/airflow/example_dags/tutorial_dag.py for tasks to queue
[2025-10-12T08:29:09.798+0000] {logging_mixin.py:188} INFO - [2025-10-12T08:29:09.798+0000] {dagbag.py:538} INFO - Filling up the DagBag from /home/airflow/.local/lib/python3.8/site-packages/airflow/example_dags/tutorial_dag.py
[2025-10-12T08:29:09.805+0000] {processor.py:840} INFO - DAG(s) 'tutorial_dag' retrieved from /home/airflow/.local/lib/python3.8/site-packages/airflow/example_dags/tutorial_dag.py
[2025-10-12T08:29:09.839+0000] {logging_mixin.py:188} INFO - [2025-10-12T08:29:09.838+0000] {dag.py:3036} INFO - Sync 1 DAGs
[2025-10-12T08:29:09.856+0000] {logging_mixin.py:188} INFO - [2025-10-12T08:29:09.856+0000] {dag.py:3823} INFO - Setting next_dagrun for tutorial_dag to None, run_after=None
[2025-10-12T08:29:09.886+0000] {processor.py:183} INFO - Processing /home/airflow/.local/lib/python3.8/site-packages/airflow/example_dags/tutorial_dag.py took 0.097 seconds
[2025-10-12T08:29:40.940+0000] {processor.py:161} INFO - Started process (PID=14045) to work on /home/airflow/.local/lib/python3.8/site-packages/airflow/example_dags/tutorial_dag.py
[2025-10-12T08:29:40.942+0000] {processor.py:830} INFO - Processing file /home/airflow/.local/lib/python3.8/site-packages/airflow/example_dags/tutorial_dag.py for tasks to queue
[2025-10-12T08:29:40.947+0000] {logging_mixin.py:188} INFO - [2025-10-12T08:29:40.946+0000] {dagbag.py:538} INFO - Filling up the DagBag from /home/airflow/.local/lib/python3.8/site-packages/airflow/example_dags/tutorial_dag.py
[2025-10-12T08:29:40.958+0000] {processor.py:840} INFO - DAG(s) 'tutorial_dag' retrieved from /home/airflow/.local/lib/python3.8/site-packages/airflow/example_dags/tutorial_dag.py
[2025-10-12T08:29:41.009+0000] {logging_mixin.py:188} INFO - [2025-10-12T08:29:41.008+0000] {dag.py:3036} INFO - Sync 1 DAGs
[2025-10-12T08:29:41.037+0000] {logging_mixin.py:188} INFO - [2025-10-12T08:29:41.037+0000] {dag.py:3823} INFO - Setting next_dagrun for tutorial_dag to None, run_after=None
[2025-10-12T08:29:41.095+0000] {processor.py:183} INFO - Processing /home/airflow/.local/lib/python3.8/site-packages/airflow/example_dags/tutorial_dag.py took 0.161 seconds
[2025-10-12T08:30:11.322+0000] {processor.py:161} INFO - Started process (PID=14115) to work on /home/airflow/.local/lib/python3.8/site-packages/airflow/example_dags/tutorial_dag.py
[2025-10-12T08:30:11.323+0000] {processor.py:830} INFO - Processing file /home/airflow/.local/lib/python3.8/site-packages/airflow/example_dags/tutorial_dag.py for tasks to queue
[2025-10-12T08:30:11.325+0000] {logging_mixin.py:188} INFO - [2025-10-12T08:30:11.325+0000] {dagbag.py:538} INFO - Filling up the DagBag from /home/airflow/.local/lib/python3.8/site-packages/airflow/example_dags/tutorial_dag.py
[2025-10-12T08:30:11.332+0000] {processor.py:840} INFO - DAG(s) 'tutorial_dag' retrieved from /home/airflow/.local/lib/python3.8/site-packages/airflow/example_dags/tutorial_dag.py
[2025-10-12T08:30:11.364+0000] {logging_mixin.py:188} INFO - [2025-10-12T08:30:11.364+0000] {dag.py:3036} INFO - Sync 1 DAGs
[2025-10-12T08:30:11.380+0000] {logging_mixin.py:188} INFO - [2025-10-12T08:30:11.380+0000] {dag.py:3823} INFO - Setting next_dagrun for tutorial_dag to None, run_after=None
[2025-10-12T08:30:11.405+0000] {processor.py:183} INFO - Processing /home/airflow/.local/lib/python3.8/site-packages/airflow/example_dags/tutorial_dag.py took 0.088 seconds
[2025-10-12T08:30:41.780+0000] {processor.py:161} INFO - Started process (PID=14185) to work on /home/airflow/.local/lib/python3.8/site-packages/airflow/example_dags/tutorial_dag.py
[2025-10-12T08:30:41.782+0000] {processor.py:830} INFO - Processing file /home/airflow/.local/lib/python3.8/site-packages/airflow/example_dags/tutorial_dag.py for tasks to queue
[2025-10-12T08:30:41.784+0000] {logging_mixin.py:188} INFO - [2025-10-12T08:30:41.784+0000] {dagbag.py:538} INFO - Filling up the DagBag from /home/airflow/.local/lib/python3.8/site-packages/airflow/example_dags/tutorial_dag.py
[2025-10-12T08:30:41.791+0000] {processor.py:840} INFO - DAG(s) 'tutorial_dag' retrieved from /home/airflow/.local/lib/python3.8/site-packages/airflow/example_dags/tutorial_dag.py
[2025-10-12T08:30:41.824+0000] {logging_mixin.py:188} INFO - [2025-10-12T08:30:41.824+0000] {dag.py:3036} INFO - Sync 1 DAGs
[2025-10-12T08:30:41.842+0000] {logging_mixin.py:188} INFO - [2025-10-12T08:30:41.842+0000] {dag.py:3823} INFO - Setting next_dagrun for tutorial_dag to None, run_after=None
[2025-10-12T08:30:41.872+0000] {processor.py:183} INFO - Processing /home/airflow/.local/lib/python3.8/site-packages/airflow/example_dags/tutorial_dag.py took 0.095 seconds
[2025-10-12T08:31:12.054+0000] {processor.py:161} INFO - Started process (PID=14255) to work on /home/airflow/.local/lib/python3.8/site-packages/airflow/example_dags/tutorial_dag.py
[2025-10-12T08:31:12.055+0000] {processor.py:830} INFO - Processing file /home/airflow/.local/lib/python3.8/site-packages/airflow/example_dags/tutorial_dag.py for tasks to queue
[2025-10-12T08:31:12.058+0000] {logging_mixin.py:188} INFO - [2025-10-12T08:31:12.057+0000] {dagbag.py:538} INFO - Filling up the DagBag from /home/airflow/.local/lib/python3.8/site-packages/airflow/example_dags/tutorial_dag.py
[2025-10-12T08:31:12.067+0000] {processor.py:840} INFO - DAG(s) 'tutorial_dag' retrieved from /home/airflow/.local/lib/python3.8/site-packages/airflow/example_dags/tutorial_dag.py
[2025-10-12T08:31:12.099+0000] {logging_mixin.py:188} INFO - [2025-10-12T08:31:12.099+0000] {dag.py:3036} INFO - Sync 1 DAGs
[2025-10-12T08:31:12.119+0000] {logging_mixin.py:188} INFO - [2025-10-12T08:31:12.119+0000] {dag.py:3823} INFO - Setting next_dagrun for tutorial_dag to None, run_after=None
[2025-10-12T08:31:12.148+0000] {processor.py:183} INFO - Processing /home/airflow/.local/lib/python3.8/site-packages/airflow/example_dags/tutorial_dag.py took 0.098 seconds
[2025-10-12T08:31:42.654+0000] {processor.py:161} INFO - Started process (PID=14325) to work on /home/airflow/.local/lib/python3.8/site-packages/airflow/example_dags/tutorial_dag.py
[2025-10-12T08:31:42.655+0000] {processor.py:830} INFO - Processing file /home/airflow/.local/lib/python3.8/site-packages/airflow/example_dags/tutorial_dag.py for tasks to queue
[2025-10-12T08:31:42.658+0000] {logging_mixin.py:188} INFO - [2025-10-12T08:31:42.657+0000] {dagbag.py:538} INFO - Filling up the DagBag from /home/airflow/.local/lib/python3.8/site-packages/airflow/example_dags/tutorial_dag.py
[2025-10-12T08:31:42.668+0000] {processor.py:840} INFO - DAG(s) 'tutorial_dag' retrieved from /home/airflow/.local/lib/python3.8/site-packages/airflow/example_dags/tutorial_dag.py
[2025-10-12T08:31:42.710+0000] {logging_mixin.py:188} INFO - [2025-10-12T08:31:42.709+0000] {dag.py:3036} INFO - Sync 1 DAGs
[2025-10-12T08:31:42.733+0000] {logging_mixin.py:188} INFO - [2025-10-12T08:31:42.732+0000] {dag.py:3823} INFO - Setting next_dagrun for tutorial_dag to None, run_after=None
[2025-10-12T08:31:42.766+0000] {processor.py:183} INFO - Processing /home/airflow/.local/lib/python3.8/site-packages/airflow/example_dags/tutorial_dag.py took 0.117 seconds
[2025-10-12T08:32:13.284+0000] {processor.py:161} INFO - Started process (PID=14395) to work on /home/airflow/.local/lib/python3.8/site-packages/airflow/example_dags/tutorial_dag.py
[2025-10-12T08:32:13.286+0000] {processor.py:830} INFO - Processing file /home/airflow/.local/lib/python3.8/site-packages/airflow/example_dags/tutorial_dag.py for tasks to queue
[2025-10-12T08:32:13.289+0000] {logging_mixin.py:188} INFO - [2025-10-12T08:32:13.288+0000] {dagbag.py:538} INFO - Filling up the DagBag from /home/airflow/.local/lib/python3.8/site-packages/airflow/example_dags/tutorial_dag.py
[2025-10-12T08:32:13.300+0000] {processor.py:840} INFO - DAG(s) 'tutorial_dag' retrieved from /home/airflow/.local/lib/python3.8/site-packages/airflow/example_dags/tutorial_dag.py
[2025-10-12T08:32:13.339+0000] {logging_mixin.py:188} INFO - [2025-10-12T08:32:13.339+0000] {dag.py:3036} INFO - Sync 1 DAGs
[2025-10-12T08:32:13.360+0000] {logging_mixin.py:188} INFO - [2025-10-12T08:32:13.359+0000] {dag.py:3823} INFO - Setting next_dagrun for tutorial_dag to None, run_after=None
[2025-10-12T08:32:13.388+0000] {processor.py:183} INFO - Processing /home/airflow/.local/lib/python3.8/site-packages/airflow/example_dags/tutorial_dag.py took 0.109 seconds
[2025-10-12T08:32:43.874+0000] {processor.py:161} INFO - Started process (PID=14465) to work on /home/airflow/.local/lib/python3.8/site-packages/airflow/example_dags/tutorial_dag.py
[2025-10-12T08:32:43.876+0000] {processor.py:830} INFO - Processing file /home/airflow/.local/lib/python3.8/site-packages/airflow/example_dags/tutorial_dag.py for tasks to queue
[2025-10-12T08:32:43.878+0000] {logging_mixin.py:188} INFO - [2025-10-12T08:32:43.878+0000] {dagbag.py:538} INFO - Filling up the DagBag from /home/airflow/.local/lib/python3.8/site-packages/airflow/example_dags/tutorial_dag.py
[2025-10-12T08:32:43.885+0000] {processor.py:840} INFO - DAG(s) 'tutorial_dag' retrieved from /home/airflow/.local/lib/python3.8/site-packages/airflow/example_dags/tutorial_dag.py
[2025-10-12T08:32:43.918+0000] {logging_mixin.py:188} INFO - [2025-10-12T08:32:43.918+0000] {dag.py:3036} INFO - Sync 1 DAGs
[2025-10-12T08:32:43.935+0000] {logging_mixin.py:188} INFO - [2025-10-12T08:32:43.935+0000] {dag.py:3823} INFO - Setting next_dagrun for tutorial_dag to None, run_after=None
[2025-10-12T08:32:43.962+0000] {processor.py:183} INFO - Processing /home/airflow/.local/lib/python3.8/site-packages/airflow/example_dags/tutorial_dag.py took 0.092 seconds
[2025-10-12T08:33:14.151+0000] {processor.py:161} INFO - Started process (PID=14535) to work on /home/airflow/.local/lib/python3.8/site-packages/airflow/example_dags/tutorial_dag.py
[2025-10-12T08:33:14.153+0000] {processor.py:830} INFO - Processing file /home/airflow/.local/lib/python3.8/site-packages/airflow/example_dags/tutorial_dag.py for tasks to queue
[2025-10-12T08:33:14.157+0000] {logging_mixin.py:188} INFO - [2025-10-12T08:33:14.156+0000] {dagbag.py:538} INFO - Filling up the DagBag from /home/airflow/.local/lib/python3.8/site-packages/airflow/example_dags/tutorial_dag.py
[2025-10-12T08:33:14.165+0000] {processor.py:840} INFO - DAG(s) 'tutorial_dag' retrieved from /home/airflow/.local/lib/python3.8/site-packages/airflow/example_dags/tutorial_dag.py
[2025-10-12T08:33:14.215+0000] {logging_mixin.py:188} INFO - [2025-10-12T08:33:14.215+0000] {dag.py:3036} INFO - Sync 1 DAGs
[2025-10-12T08:33:14.239+0000] {logging_mixin.py:188} INFO - [2025-10-12T08:33:14.238+0000] {dag.py:3823} INFO - Setting next_dagrun for tutorial_dag to None, run_after=None
[2025-10-12T08:33:14.270+0000] {processor.py:183} INFO - Processing /home/airflow/.local/lib/python3.8/site-packages/airflow/example_dags/tutorial_dag.py took 0.125 seconds
[2025-10-12T08:33:45.024+0000] {processor.py:161} INFO - Started process (PID=14605) to work on /home/airflow/.local/lib/python3.8/site-packages/airflow/example_dags/tutorial_dag.py
[2025-10-12T08:33:45.025+0000] {processor.py:830} INFO - Processing file /home/airflow/.local/lib/python3.8/site-packages/airflow/example_dags/tutorial_dag.py for tasks to queue
[2025-10-12T08:33:45.028+0000] {logging_mixin.py:188} INFO - [2025-10-12T08:33:45.027+0000] {dagbag.py:538} INFO - Filling up the DagBag from /home/airflow/.local/lib/python3.8/site-packages/airflow/example_dags/tutorial_dag.py
[2025-10-12T08:33:45.038+0000] {processor.py:840} INFO - DAG(s) 'tutorial_dag' retrieved from /home/airflow/.local/lib/python3.8/site-packages/airflow/example_dags/tutorial_dag.py
[2025-10-12T08:33:45.078+0000] {logging_mixin.py:188} INFO - [2025-10-12T08:33:45.078+0000] {dag.py:3036} INFO - Sync 1 DAGs
[2025-10-12T08:33:45.099+0000] {logging_mixin.py:188} INFO - [2025-10-12T08:33:45.098+0000] {dag.py:3823} INFO - Setting next_dagrun for tutorial_dag to None, run_after=None
[2025-10-12T08:33:45.131+0000] {processor.py:183} INFO - Processing /home/airflow/.local/lib/python3.8/site-packages/airflow/example_dags/tutorial_dag.py took 0.112 seconds
[2025-10-12T08:34:15.643+0000] {processor.py:161} INFO - Started process (PID=14675) to work on /home/airflow/.local/lib/python3.8/site-packages/airflow/example_dags/tutorial_dag.py
[2025-10-12T08:34:15.645+0000] {processor.py:830} INFO - Processing file /home/airflow/.local/lib/python3.8/site-packages/airflow/example_dags/tutorial_dag.py for tasks to queue
[2025-10-12T08:34:15.648+0000] {logging_mixin.py:188} INFO - [2025-10-12T08:34:15.647+0000] {dagbag.py:538} INFO - Filling up the DagBag from /home/airflow/.local/lib/python3.8/site-packages/airflow/example_dags/tutorial_dag.py
[2025-10-12T08:34:15.656+0000] {processor.py:840} INFO - DAG(s) 'tutorial_dag' retrieved from /home/airflow/.local/lib/python3.8/site-packages/airflow/example_dags/tutorial_dag.py
[2025-10-12T08:34:15.694+0000] {logging_mixin.py:188} INFO - [2025-10-12T08:34:15.694+0000] {dag.py:3036} INFO - Sync 1 DAGs
[2025-10-12T08:34:15.716+0000] {logging_mixin.py:188} INFO - [2025-10-12T08:34:15.716+0000] {dag.py:3823} INFO - Setting next_dagrun for tutorial_dag to None, run_after=None
[2025-10-12T08:34:15.746+0000] {processor.py:183} INFO - Processing /home/airflow/.local/lib/python3.8/site-packages/airflow/example_dags/tutorial_dag.py took 0.108 seconds
[2025-10-12T08:34:46.465+0000] {processor.py:161} INFO - Started process (PID=14745) to work on /home/airflow/.local/lib/python3.8/site-packages/airflow/example_dags/tutorial_dag.py
[2025-10-12T08:34:46.466+0000] {processor.py:830} INFO - Processing file /home/airflow/.local/lib/python3.8/site-packages/airflow/example_dags/tutorial_dag.py for tasks to queue
[2025-10-12T08:34:46.469+0000] {logging_mixin.py:188} INFO - [2025-10-12T08:34:46.469+0000] {dagbag.py:538} INFO - Filling up the DagBag from /home/airflow/.local/lib/python3.8/site-packages/airflow/example_dags/tutorial_dag.py
[2025-10-12T08:34:46.478+0000] {processor.py:840} INFO - DAG(s) 'tutorial_dag' retrieved from /home/airflow/.local/lib/python3.8/site-packages/airflow/example_dags/tutorial_dag.py
[2025-10-12T08:34:46.515+0000] {logging_mixin.py:188} INFO - [2025-10-12T08:34:46.514+0000] {dag.py:3036} INFO - Sync 1 DAGs
[2025-10-12T08:34:46.541+0000] {logging_mixin.py:188} INFO - [2025-10-12T08:34:46.539+0000] {dag.py:3823} INFO - Setting next_dagrun for tutorial_dag to None, run_after=None
[2025-10-12T08:34:46.602+0000] {processor.py:183} INFO - Processing /home/airflow/.local/lib/python3.8/site-packages/airflow/example_dags/tutorial_dag.py took 0.143 seconds
[2025-10-12T08:35:16.884+0000] {processor.py:161} INFO - Started process (PID=14815) to work on /home/airflow/.local/lib/python3.8/site-packages/airflow/example_dags/tutorial_dag.py
[2025-10-12T08:35:16.887+0000] {processor.py:830} INFO - Processing file /home/airflow/.local/lib/python3.8/site-packages/airflow/example_dags/tutorial_dag.py for tasks to queue
[2025-10-12T08:35:16.892+0000] {logging_mixin.py:188} INFO - [2025-10-12T08:35:16.891+0000] {dagbag.py:538} INFO - Filling up the DagBag from /home/airflow/.local/lib/python3.8/site-packages/airflow/example_dags/tutorial_dag.py
[2025-10-12T08:35:16.898+0000] {processor.py:840} INFO - DAG(s) 'tutorial_dag' retrieved from /home/airflow/.local/lib/python3.8/site-packages/airflow/example_dags/tutorial_dag.py
[2025-10-12T08:35:16.928+0000] {logging_mixin.py:188} INFO - [2025-10-12T08:35:16.928+0000] {dag.py:3036} INFO - Sync 1 DAGs
[2025-10-12T08:35:16.945+0000] {logging_mixin.py:188} INFO - [2025-10-12T08:35:16.944+0000] {dag.py:3823} INFO - Setting next_dagrun for tutorial_dag to None, run_after=None
[2025-10-12T08:35:16.979+0000] {processor.py:183} INFO - Processing /home/airflow/.local/lib/python3.8/site-packages/airflow/example_dags/tutorial_dag.py took 0.103 seconds
[2025-10-12T08:35:47.401+0000] {processor.py:161} INFO - Started process (PID=14885) to work on /home/airflow/.local/lib/python3.8/site-packages/airflow/example_dags/tutorial_dag.py
[2025-10-12T08:35:47.402+0000] {processor.py:830} INFO - Processing file /home/airflow/.local/lib/python3.8/site-packages/airflow/example_dags/tutorial_dag.py for tasks to queue
[2025-10-12T08:35:47.404+0000] {logging_mixin.py:188} INFO - [2025-10-12T08:35:47.404+0000] {dagbag.py:538} INFO - Filling up the DagBag from /home/airflow/.local/lib/python3.8/site-packages/airflow/example_dags/tutorial_dag.py
[2025-10-12T08:35:47.410+0000] {processor.py:840} INFO - DAG(s) 'tutorial_dag' retrieved from /home/airflow/.local/lib/python3.8/site-packages/airflow/example_dags/tutorial_dag.py
[2025-10-12T08:35:47.440+0000] {logging_mixin.py:188} INFO - [2025-10-12T08:35:47.439+0000] {dag.py:3036} INFO - Sync 1 DAGs
[2025-10-12T08:35:47.454+0000] {logging_mixin.py:188} INFO - [2025-10-12T08:35:47.454+0000] {dag.py:3823} INFO - Setting next_dagrun for tutorial_dag to None, run_after=None
[2025-10-12T08:35:47.478+0000] {processor.py:183} INFO - Processing /home/airflow/.local/lib/python3.8/site-packages/airflow/example_dags/tutorial_dag.py took 0.080 seconds
[2025-10-12T08:36:17.902+0000] {processor.py:161} INFO - Started process (PID=14955) to work on /home/airflow/.local/lib/python3.8/site-packages/airflow/example_dags/tutorial_dag.py
[2025-10-12T08:36:17.904+0000] {processor.py:830} INFO - Processing file /home/airflow/.local/lib/python3.8/site-packages/airflow/example_dags/tutorial_dag.py for tasks to queue
[2025-10-12T08:36:17.906+0000] {logging_mixin.py:188} INFO - [2025-10-12T08:36:17.905+0000] {dagbag.py:538} INFO - Filling up the DagBag from /home/airflow/.local/lib/python3.8/site-packages/airflow/example_dags/tutorial_dag.py
[2025-10-12T08:36:17.912+0000] {processor.py:840} INFO - DAG(s) 'tutorial_dag' retrieved from /home/airflow/.local/lib/python3.8/site-packages/airflow/example_dags/tutorial_dag.py
[2025-10-12T08:36:17.941+0000] {logging_mixin.py:188} INFO - [2025-10-12T08:36:17.941+0000] {dag.py:3036} INFO - Sync 1 DAGs
[2025-10-12T08:36:17.957+0000] {logging_mixin.py:188} INFO - [2025-10-12T08:36:17.957+0000] {dag.py:3823} INFO - Setting next_dagrun for tutorial_dag to None, run_after=None
[2025-10-12T08:36:17.982+0000] {processor.py:183} INFO - Processing /home/airflow/.local/lib/python3.8/site-packages/airflow/example_dags/tutorial_dag.py took 0.084 seconds
[2025-10-12T08:36:48.532+0000] {processor.py:161} INFO - Started process (PID=15026) to work on /home/airflow/.local/lib/python3.8/site-packages/airflow/example_dags/tutorial_dag.py
[2025-10-12T08:36:48.534+0000] {processor.py:830} INFO - Processing file /home/airflow/.local/lib/python3.8/site-packages/airflow/example_dags/tutorial_dag.py for tasks to queue
[2025-10-12T08:36:48.536+0000] {logging_mixin.py:188} INFO - [2025-10-12T08:36:48.536+0000] {dagbag.py:538} INFO - Filling up the DagBag from /home/airflow/.local/lib/python3.8/site-packages/airflow/example_dags/tutorial_dag.py
[2025-10-12T08:36:48.543+0000] {processor.py:840} INFO - DAG(s) 'tutorial_dag' retrieved from /home/airflow/.local/lib/python3.8/site-packages/airflow/example_dags/tutorial_dag.py
[2025-10-12T08:36:48.574+0000] {logging_mixin.py:188} INFO - [2025-10-12T08:36:48.573+0000] {dag.py:3036} INFO - Sync 1 DAGs
[2025-10-12T08:36:48.590+0000] {logging_mixin.py:188} INFO - [2025-10-12T08:36:48.590+0000] {dag.py:3823} INFO - Setting next_dagrun for tutorial_dag to None, run_after=None
[2025-10-12T08:36:48.615+0000] {processor.py:183} INFO - Processing /home/airflow/.local/lib/python3.8/site-packages/airflow/example_dags/tutorial_dag.py took 0.086 seconds
[2025-10-12T08:37:19.281+0000] {processor.py:161} INFO - Started process (PID=15096) to work on /home/airflow/.local/lib/python3.8/site-packages/airflow/example_dags/tutorial_dag.py
[2025-10-12T08:37:19.283+0000] {processor.py:830} INFO - Processing file /home/airflow/.local/lib/python3.8/site-packages/airflow/example_dags/tutorial_dag.py for tasks to queue
[2025-10-12T08:37:19.285+0000] {logging_mixin.py:188} INFO - [2025-10-12T08:37:19.285+0000] {dagbag.py:538} INFO - Filling up the DagBag from /home/airflow/.local/lib/python3.8/site-packages/airflow/example_dags/tutorial_dag.py
[2025-10-12T08:37:19.292+0000] {processor.py:840} INFO - DAG(s) 'tutorial_dag' retrieved from /home/airflow/.local/lib/python3.8/site-packages/airflow/example_dags/tutorial_dag.py
[2025-10-12T08:37:19.320+0000] {logging_mixin.py:188} INFO - [2025-10-12T08:37:19.320+0000] {dag.py:3036} INFO - Sync 1 DAGs
[2025-10-12T08:37:19.336+0000] {logging_mixin.py:188} INFO - [2025-10-12T08:37:19.336+0000] {dag.py:3823} INFO - Setting next_dagrun for tutorial_dag to None, run_after=None
[2025-10-12T08:37:19.361+0000] {processor.py:183} INFO - Processing /home/airflow/.local/lib/python3.8/site-packages/airflow/example_dags/tutorial_dag.py took 0.085 seconds
[2025-10-12T08:37:50.580+0000] {processor.py:161} INFO - Started process (PID=15166) to work on /home/airflow/.local/lib/python3.8/site-packages/airflow/example_dags/tutorial_dag.py
[2025-10-12T08:37:50.581+0000] {processor.py:830} INFO - Processing file /home/airflow/.local/lib/python3.8/site-packages/airflow/example_dags/tutorial_dag.py for tasks to queue
[2025-10-12T08:37:50.583+0000] {logging_mixin.py:188} INFO - [2025-10-12T08:37:50.583+0000] {dagbag.py:538} INFO - Filling up the DagBag from /home/airflow/.local/lib/python3.8/site-packages/airflow/example_dags/tutorial_dag.py
[2025-10-12T08:37:50.590+0000] {processor.py:840} INFO - DAG(s) 'tutorial_dag' retrieved from /home/airflow/.local/lib/python3.8/site-packages/airflow/example_dags/tutorial_dag.py
[2025-10-12T08:37:50.622+0000] {logging_mixin.py:188} INFO - [2025-10-12T08:37:50.622+0000] {dag.py:3036} INFO - Sync 1 DAGs
[2025-10-12T08:37:50.651+0000] {logging_mixin.py:188} INFO - [2025-10-12T08:37:50.650+0000] {dag.py:3823} INFO - Setting next_dagrun for tutorial_dag to None, run_after=None
[2025-10-12T08:37:50.690+0000] {processor.py:183} INFO - Processing /home/airflow/.local/lib/python3.8/site-packages/airflow/example_dags/tutorial_dag.py took 0.115 seconds
[2025-10-12T08:38:21.236+0000] {processor.py:161} INFO - Started process (PID=15237) to work on /home/airflow/.local/lib/python3.8/site-packages/airflow/example_dags/tutorial_dag.py
[2025-10-12T08:38:21.237+0000] {processor.py:830} INFO - Processing file /home/airflow/.local/lib/python3.8/site-packages/airflow/example_dags/tutorial_dag.py for tasks to queue
[2025-10-12T08:38:21.240+0000] {logging_mixin.py:188} INFO - [2025-10-12T08:38:21.239+0000] {dagbag.py:538} INFO - Filling up the DagBag from /home/airflow/.local/lib/python3.8/site-packages/airflow/example_dags/tutorial_dag.py
[2025-10-12T08:38:21.246+0000] {processor.py:840} INFO - DAG(s) 'tutorial_dag' retrieved from /home/airflow/.local/lib/python3.8/site-packages/airflow/example_dags/tutorial_dag.py
[2025-10-12T08:38:21.275+0000] {logging_mixin.py:188} INFO - [2025-10-12T08:38:21.275+0000] {dag.py:3036} INFO - Sync 1 DAGs
[2025-10-12T08:38:21.290+0000] {logging_mixin.py:188} INFO - [2025-10-12T08:38:21.290+0000] {dag.py:3823} INFO - Setting next_dagrun for tutorial_dag to None, run_after=None
[2025-10-12T08:38:21.315+0000] {processor.py:183} INFO - Processing /home/airflow/.local/lib/python3.8/site-packages/airflow/example_dags/tutorial_dag.py took 0.082 seconds
[2025-10-12T08:38:52.341+0000] {processor.py:161} INFO - Started process (PID=15307) to work on /home/airflow/.local/lib/python3.8/site-packages/airflow/example_dags/tutorial_dag.py
[2025-10-12T08:38:52.342+0000] {processor.py:830} INFO - Processing file /home/airflow/.local/lib/python3.8/site-packages/airflow/example_dags/tutorial_dag.py for tasks to queue
[2025-10-12T08:38:52.344+0000] {logging_mixin.py:188} INFO - [2025-10-12T08:38:52.344+0000] {dagbag.py:538} INFO - Filling up the DagBag from /home/airflow/.local/lib/python3.8/site-packages/airflow/example_dags/tutorial_dag.py
[2025-10-12T08:38:52.350+0000] {processor.py:840} INFO - DAG(s) 'tutorial_dag' retrieved from /home/airflow/.local/lib/python3.8/site-packages/airflow/example_dags/tutorial_dag.py
[2025-10-12T08:38:52.383+0000] {logging_mixin.py:188} INFO - [2025-10-12T08:38:52.383+0000] {dag.py:3036} INFO - Sync 1 DAGs
[2025-10-12T08:38:52.398+0000] {logging_mixin.py:188} INFO - [2025-10-12T08:38:52.398+0000] {dag.py:3823} INFO - Setting next_dagrun for tutorial_dag to None, run_after=None
[2025-10-12T08:38:52.422+0000] {processor.py:183} INFO - Processing /home/airflow/.local/lib/python3.8/site-packages/airflow/example_dags/tutorial_dag.py took 0.085 seconds
[2025-10-12T08:39:22.883+0000] {processor.py:161} INFO - Started process (PID=15377) to work on /home/airflow/.local/lib/python3.8/site-packages/airflow/example_dags/tutorial_dag.py
[2025-10-12T08:39:22.884+0000] {processor.py:830} INFO - Processing file /home/airflow/.local/lib/python3.8/site-packages/airflow/example_dags/tutorial_dag.py for tasks to queue
[2025-10-12T08:39:22.887+0000] {logging_mixin.py:188} INFO - [2025-10-12T08:39:22.886+0000] {dagbag.py:538} INFO - Filling up the DagBag from /home/airflow/.local/lib/python3.8/site-packages/airflow/example_dags/tutorial_dag.py
[2025-10-12T08:39:22.894+0000] {processor.py:840} INFO - DAG(s) 'tutorial_dag' retrieved from /home/airflow/.local/lib/python3.8/site-packages/airflow/example_dags/tutorial_dag.py
[2025-10-12T08:39:22.928+0000] {logging_mixin.py:188} INFO - [2025-10-12T08:39:22.928+0000] {dag.py:3036} INFO - Sync 1 DAGs
[2025-10-12T08:39:22.947+0000] {logging_mixin.py:188} INFO - [2025-10-12T08:39:22.946+0000] {dag.py:3823} INFO - Setting next_dagrun for tutorial_dag to None, run_after=None
[2025-10-12T08:39:22.973+0000] {processor.py:183} INFO - Processing /home/airflow/.local/lib/python3.8/site-packages/airflow/example_dags/tutorial_dag.py took 0.095 seconds
[2025-10-12T08:39:53.343+0000] {processor.py:161} INFO - Started process (PID=15447) to work on /home/airflow/.local/lib/python3.8/site-packages/airflow/example_dags/tutorial_dag.py
[2025-10-12T08:39:53.344+0000] {processor.py:830} INFO - Processing file /home/airflow/.local/lib/python3.8/site-packages/airflow/example_dags/tutorial_dag.py for tasks to queue
[2025-10-12T08:39:53.346+0000] {logging_mixin.py:188} INFO - [2025-10-12T08:39:53.345+0000] {dagbag.py:538} INFO - Filling up the DagBag from /home/airflow/.local/lib/python3.8/site-packages/airflow/example_dags/tutorial_dag.py
[2025-10-12T08:39:53.351+0000] {processor.py:840} INFO - DAG(s) 'tutorial_dag' retrieved from /home/airflow/.local/lib/python3.8/site-packages/airflow/example_dags/tutorial_dag.py
[2025-10-12T08:39:53.377+0000] {logging_mixin.py:188} INFO - [2025-10-12T08:39:53.377+0000] {dag.py:3036} INFO - Sync 1 DAGs
[2025-10-12T08:39:53.391+0000] {logging_mixin.py:188} INFO - [2025-10-12T08:39:53.391+0000] {dag.py:3823} INFO - Setting next_dagrun for tutorial_dag to None, run_after=None
[2025-10-12T08:39:53.424+0000] {processor.py:183} INFO - Processing /home/airflow/.local/lib/python3.8/site-packages/airflow/example_dags/tutorial_dag.py took 0.085 seconds
[2025-10-12T08:40:23.936+0000] {processor.py:161} INFO - Started process (PID=15517) to work on /home/airflow/.local/lib/python3.8/site-packages/airflow/example_dags/tutorial_dag.py
[2025-10-12T08:40:23.937+0000] {processor.py:830} INFO - Processing file /home/airflow/.local/lib/python3.8/site-packages/airflow/example_dags/tutorial_dag.py for tasks to queue
[2025-10-12T08:40:23.939+0000] {logging_mixin.py:188} INFO - [2025-10-12T08:40:23.939+0000] {dagbag.py:538} INFO - Filling up the DagBag from /home/airflow/.local/lib/python3.8/site-packages/airflow/example_dags/tutorial_dag.py
[2025-10-12T08:40:23.945+0000] {processor.py:840} INFO - DAG(s) 'tutorial_dag' retrieved from /home/airflow/.local/lib/python3.8/site-packages/airflow/example_dags/tutorial_dag.py
[2025-10-12T08:40:23.980+0000] {logging_mixin.py:188} INFO - [2025-10-12T08:40:23.979+0000] {dag.py:3036} INFO - Sync 1 DAGs
[2025-10-12T08:40:23.996+0000] {logging_mixin.py:188} INFO - [2025-10-12T08:40:23.996+0000] {dag.py:3823} INFO - Setting next_dagrun for tutorial_dag to None, run_after=None
[2025-10-12T08:40:24.021+0000] {processor.py:183} INFO - Processing /home/airflow/.local/lib/python3.8/site-packages/airflow/example_dags/tutorial_dag.py took 0.089 seconds
[2025-10-12T08:40:54.564+0000] {processor.py:161} INFO - Started process (PID=15587) to work on /home/airflow/.local/lib/python3.8/site-packages/airflow/example_dags/tutorial_dag.py
[2025-10-12T08:40:54.565+0000] {processor.py:830} INFO - Processing file /home/airflow/.local/lib/python3.8/site-packages/airflow/example_dags/tutorial_dag.py for tasks to queue
[2025-10-12T08:40:54.567+0000] {logging_mixin.py:188} INFO - [2025-10-12T08:40:54.567+0000] {dagbag.py:538} INFO - Filling up the DagBag from /home/airflow/.local/lib/python3.8/site-packages/airflow/example_dags/tutorial_dag.py
[2025-10-12T08:40:54.573+0000] {processor.py:840} INFO - DAG(s) 'tutorial_dag' retrieved from /home/airflow/.local/lib/python3.8/site-packages/airflow/example_dags/tutorial_dag.py
[2025-10-12T08:40:54.601+0000] {logging_mixin.py:188} INFO - [2025-10-12T08:40:54.600+0000] {dag.py:3036} INFO - Sync 1 DAGs
[2025-10-12T08:40:54.615+0000] {logging_mixin.py:188} INFO - [2025-10-12T08:40:54.615+0000] {dag.py:3823} INFO - Setting next_dagrun for tutorial_dag to None, run_after=None
[2025-10-12T08:40:54.663+0000] {processor.py:183} INFO - Processing /home/airflow/.local/lib/python3.8/site-packages/airflow/example_dags/tutorial_dag.py took 0.102 seconds
[2025-10-12T08:41:25.472+0000] {processor.py:161} INFO - Started process (PID=15657) to work on /home/airflow/.local/lib/python3.8/site-packages/airflow/example_dags/tutorial_dag.py
[2025-10-12T08:41:25.473+0000] {processor.py:830} INFO - Processing file /home/airflow/.local/lib/python3.8/site-packages/airflow/example_dags/tutorial_dag.py for tasks to queue
[2025-10-12T08:41:25.475+0000] {logging_mixin.py:188} INFO - [2025-10-12T08:41:25.475+0000] {dagbag.py:538} INFO - Filling up the DagBag from /home/airflow/.local/lib/python3.8/site-packages/airflow/example_dags/tutorial_dag.py
[2025-10-12T08:41:25.480+0000] {processor.py:840} INFO - DAG(s) 'tutorial_dag' retrieved from /home/airflow/.local/lib/python3.8/site-packages/airflow/example_dags/tutorial_dag.py
[2025-10-12T08:41:25.506+0000] {logging_mixin.py:188} INFO - [2025-10-12T08:41:25.506+0000] {dag.py:3036} INFO - Sync 1 DAGs
[2025-10-12T08:41:25.524+0000] {logging_mixin.py:188} INFO - [2025-10-12T08:41:25.524+0000] {dag.py:3823} INFO - Setting next_dagrun for tutorial_dag to None, run_after=None
[2025-10-12T08:41:25.547+0000] {processor.py:183} INFO - Processing /home/airflow/.local/lib/python3.8/site-packages/airflow/example_dags/tutorial_dag.py took 0.078 seconds
[2025-10-12T08:41:56.190+0000] {processor.py:161} INFO - Started process (PID=15727) to work on /home/airflow/.local/lib/python3.8/site-packages/airflow/example_dags/tutorial_dag.py
[2025-10-12T08:41:56.191+0000] {processor.py:830} INFO - Processing file /home/airflow/.local/lib/python3.8/site-packages/airflow/example_dags/tutorial_dag.py for tasks to queue
[2025-10-12T08:41:56.193+0000] {logging_mixin.py:188} INFO - [2025-10-12T08:41:56.193+0000] {dagbag.py:538} INFO - Filling up the DagBag from /home/airflow/.local/lib/python3.8/site-packages/airflow/example_dags/tutorial_dag.py
[2025-10-12T08:41:56.199+0000] {processor.py:840} INFO - DAG(s) 'tutorial_dag' retrieved from /home/airflow/.local/lib/python3.8/site-packages/airflow/example_dags/tutorial_dag.py
[2025-10-12T08:41:56.225+0000] {logging_mixin.py:188} INFO - [2025-10-12T08:41:56.225+0000] {dag.py:3036} INFO - Sync 1 DAGs
[2025-10-12T08:41:56.239+0000] {logging_mixin.py:188} INFO - [2025-10-12T08:41:56.238+0000] {dag.py:3823} INFO - Setting next_dagrun for tutorial_dag to None, run_after=None
[2025-10-12T08:41:56.261+0000] {processor.py:183} INFO - Processing /home/airflow/.local/lib/python3.8/site-packages/airflow/example_dags/tutorial_dag.py took 0.074 seconds
[2025-10-12T08:42:27.389+0000] {processor.py:161} INFO - Started process (PID=15797) to work on /home/airflow/.local/lib/python3.8/site-packages/airflow/example_dags/tutorial_dag.py
[2025-10-12T08:42:27.390+0000] {processor.py:830} INFO - Processing file /home/airflow/.local/lib/python3.8/site-packages/airflow/example_dags/tutorial_dag.py for tasks to queue
[2025-10-12T08:42:27.392+0000] {logging_mixin.py:188} INFO - [2025-10-12T08:42:27.392+0000] {dagbag.py:538} INFO - Filling up the DagBag from /home/airflow/.local/lib/python3.8/site-packages/airflow/example_dags/tutorial_dag.py
[2025-10-12T08:42:27.398+0000] {processor.py:840} INFO - DAG(s) 'tutorial_dag' retrieved from /home/airflow/.local/lib/python3.8/site-packages/airflow/example_dags/tutorial_dag.py
[2025-10-12T08:42:27.426+0000] {logging_mixin.py:188} INFO - [2025-10-12T08:42:27.425+0000] {dag.py:3036} INFO - Sync 1 DAGs
[2025-10-12T08:42:27.440+0000] {logging_mixin.py:188} INFO - [2025-10-12T08:42:27.439+0000] {dag.py:3823} INFO - Setting next_dagrun for tutorial_dag to None, run_after=None
[2025-10-12T08:42:27.463+0000] {processor.py:183} INFO - Processing /home/airflow/.local/lib/python3.8/site-packages/airflow/example_dags/tutorial_dag.py took 0.078 seconds
[2025-10-12T08:42:58.139+0000] {processor.py:161} INFO - Started process (PID=15867) to work on /home/airflow/.local/lib/python3.8/site-packages/airflow/example_dags/tutorial_dag.py
[2025-10-12T08:42:58.140+0000] {processor.py:830} INFO - Processing file /home/airflow/.local/lib/python3.8/site-packages/airflow/example_dags/tutorial_dag.py for tasks to queue
[2025-10-12T08:42:58.143+0000] {logging_mixin.py:188} INFO - [2025-10-12T08:42:58.142+0000] {dagbag.py:538} INFO - Filling up the DagBag from /home/airflow/.local/lib/python3.8/site-packages/airflow/example_dags/tutorial_dag.py
[2025-10-12T08:42:58.149+0000] {processor.py:840} INFO - DAG(s) 'tutorial_dag' retrieved from /home/airflow/.local/lib/python3.8/site-packages/airflow/example_dags/tutorial_dag.py
[2025-10-12T08:42:58.175+0000] {logging_mixin.py:188} INFO - [2025-10-12T08:42:58.174+0000] {dag.py:3036} INFO - Sync 1 DAGs
[2025-10-12T08:42:58.188+0000] {logging_mixin.py:188} INFO - [2025-10-12T08:42:58.188+0000] {dag.py:3823} INFO - Setting next_dagrun for tutorial_dag to None, run_after=None
[2025-10-12T08:42:58.210+0000] {processor.py:183} INFO - Processing /home/airflow/.local/lib/python3.8/site-packages/airflow/example_dags/tutorial_dag.py took 0.075 seconds
[2025-10-12T08:43:29.863+0000] {processor.py:161} INFO - Started process (PID=15937) to work on /home/airflow/.local/lib/python3.8/site-packages/airflow/example_dags/tutorial_dag.py
[2025-10-12T08:43:29.864+0000] {processor.py:830} INFO - Processing file /home/airflow/.local/lib/python3.8/site-packages/airflow/example_dags/tutorial_dag.py for tasks to queue
[2025-10-12T08:43:29.866+0000] {logging_mixin.py:188} INFO - [2025-10-12T08:43:29.866+0000] {dagbag.py:538} INFO - Filling up the DagBag from /home/airflow/.local/lib/python3.8/site-packages/airflow/example_dags/tutorial_dag.py
[2025-10-12T08:43:29.872+0000] {processor.py:840} INFO - DAG(s) 'tutorial_dag' retrieved from /home/airflow/.local/lib/python3.8/site-packages/airflow/example_dags/tutorial_dag.py
[2025-10-12T08:43:29.901+0000] {logging_mixin.py:188} INFO - [2025-10-12T08:43:29.901+0000] {dag.py:3036} INFO - Sync 1 DAGs
[2025-10-12T08:43:29.916+0000] {logging_mixin.py:188} INFO - [2025-10-12T08:43:29.915+0000] {dag.py:3823} INFO - Setting next_dagrun for tutorial_dag to None, run_after=None
[2025-10-12T08:43:29.937+0000] {processor.py:183} INFO - Processing /home/airflow/.local/lib/python3.8/site-packages/airflow/example_dags/tutorial_dag.py took 0.079 seconds
[2025-10-12T08:44:00.759+0000] {processor.py:161} INFO - Started process (PID=16007) to work on /home/airflow/.local/lib/python3.8/site-packages/airflow/example_dags/tutorial_dag.py
[2025-10-12T08:44:00.760+0000] {processor.py:830} INFO - Processing file /home/airflow/.local/lib/python3.8/site-packages/airflow/example_dags/tutorial_dag.py for tasks to queue
[2025-10-12T08:44:00.762+0000] {logging_mixin.py:188} INFO - [2025-10-12T08:44:00.762+0000] {dagbag.py:538} INFO - Filling up the DagBag from /home/airflow/.local/lib/python3.8/site-packages/airflow/example_dags/tutorial_dag.py
[2025-10-12T08:44:00.768+0000] {processor.py:840} INFO - DAG(s) 'tutorial_dag' retrieved from /home/airflow/.local/lib/python3.8/site-packages/airflow/example_dags/tutorial_dag.py
[2025-10-12T08:44:00.794+0000] {logging_mixin.py:188} INFO - [2025-10-12T08:44:00.794+0000] {dag.py:3036} INFO - Sync 1 DAGs
[2025-10-12T08:44:00.810+0000] {logging_mixin.py:188} INFO - [2025-10-12T08:44:00.809+0000] {dag.py:3823} INFO - Setting next_dagrun for tutorial_dag to None, run_after=None
[2025-10-12T08:44:00.848+0000] {processor.py:183} INFO - Processing /home/airflow/.local/lib/python3.8/site-packages/airflow/example_dags/tutorial_dag.py took 0.093 seconds
[2025-10-12T08:44:31.482+0000] {processor.py:161} INFO - Started process (PID=16077) to work on /home/airflow/.local/lib/python3.8/site-packages/airflow/example_dags/tutorial_dag.py
[2025-10-12T08:44:31.483+0000] {processor.py:830} INFO - Processing file /home/airflow/.local/lib/python3.8/site-packages/airflow/example_dags/tutorial_dag.py for tasks to queue
[2025-10-12T08:44:31.485+0000] {logging_mixin.py:188} INFO - [2025-10-12T08:44:31.485+0000] {dagbag.py:538} INFO - Filling up the DagBag from /home/airflow/.local/lib/python3.8/site-packages/airflow/example_dags/tutorial_dag.py
[2025-10-12T08:44:31.492+0000] {processor.py:840} INFO - DAG(s) 'tutorial_dag' retrieved from /home/airflow/.local/lib/python3.8/site-packages/airflow/example_dags/tutorial_dag.py
[2025-10-12T08:44:31.521+0000] {logging_mixin.py:188} INFO - [2025-10-12T08:44:31.521+0000] {dag.py:3036} INFO - Sync 1 DAGs
[2025-10-12T08:44:31.539+0000] {logging_mixin.py:188} INFO - [2025-10-12T08:44:31.539+0000] {dag.py:3823} INFO - Setting next_dagrun for tutorial_dag to None, run_after=None
[2025-10-12T08:44:31.569+0000] {processor.py:183} INFO - Processing /home/airflow/.local/lib/python3.8/site-packages/airflow/example_dags/tutorial_dag.py took 0.090 seconds
[2025-10-12T08:45:02.100+0000] {processor.py:161} INFO - Started process (PID=16147) to work on /home/airflow/.local/lib/python3.8/site-packages/airflow/example_dags/tutorial_dag.py
[2025-10-12T08:45:02.101+0000] {processor.py:830} INFO - Processing file /home/airflow/.local/lib/python3.8/site-packages/airflow/example_dags/tutorial_dag.py for tasks to queue
[2025-10-12T08:45:02.104+0000] {logging_mixin.py:188} INFO - [2025-10-12T08:45:02.103+0000] {dagbag.py:538} INFO - Filling up the DagBag from /home/airflow/.local/lib/python3.8/site-packages/airflow/example_dags/tutorial_dag.py
[2025-10-12T08:45:02.110+0000] {processor.py:840} INFO - DAG(s) 'tutorial_dag' retrieved from /home/airflow/.local/lib/python3.8/site-packages/airflow/example_dags/tutorial_dag.py
[2025-10-12T08:45:02.141+0000] {logging_mixin.py:188} INFO - [2025-10-12T08:45:02.140+0000] {dag.py:3036} INFO - Sync 1 DAGs
[2025-10-12T08:45:02.156+0000] {logging_mixin.py:188} INFO - [2025-10-12T08:45:02.156+0000] {dag.py:3823} INFO - Setting next_dagrun for tutorial_dag to None, run_after=None
[2025-10-12T08:45:02.183+0000] {processor.py:183} INFO - Processing /home/airflow/.local/lib/python3.8/site-packages/airflow/example_dags/tutorial_dag.py took 0.087 seconds
[2025-10-12T08:45:33.453+0000] {processor.py:161} INFO - Started process (PID=16217) to work on /home/airflow/.local/lib/python3.8/site-packages/airflow/example_dags/tutorial_dag.py
[2025-10-12T08:45:33.454+0000] {processor.py:830} INFO - Processing file /home/airflow/.local/lib/python3.8/site-packages/airflow/example_dags/tutorial_dag.py for tasks to queue
[2025-10-12T08:45:33.457+0000] {logging_mixin.py:188} INFO - [2025-10-12T08:45:33.456+0000] {dagbag.py:538} INFO - Filling up the DagBag from /home/airflow/.local/lib/python3.8/site-packages/airflow/example_dags/tutorial_dag.py
[2025-10-12T08:45:33.464+0000] {processor.py:840} INFO - DAG(s) 'tutorial_dag' retrieved from /home/airflow/.local/lib/python3.8/site-packages/airflow/example_dags/tutorial_dag.py
[2025-10-12T08:45:33.492+0000] {logging_mixin.py:188} INFO - [2025-10-12T08:45:33.491+0000] {dag.py:3036} INFO - Sync 1 DAGs
[2025-10-12T08:45:33.510+0000] {logging_mixin.py:188} INFO - [2025-10-12T08:45:33.509+0000] {dag.py:3823} INFO - Setting next_dagrun for tutorial_dag to None, run_after=None
[2025-10-12T08:45:33.534+0000] {processor.py:183} INFO - Processing /home/airflow/.local/lib/python3.8/site-packages/airflow/example_dags/tutorial_dag.py took 0.085 seconds
[2025-10-12T09:45:54.540+0000] {processor.py:161} INFO - Started process (PID=16285) to work on /home/airflow/.local/lib/python3.8/site-packages/airflow/example_dags/tutorial_dag.py
[2025-10-12T09:45:54.541+0000] {processor.py:830} INFO - Processing file /home/airflow/.local/lib/python3.8/site-packages/airflow/example_dags/tutorial_dag.py for tasks to queue
[2025-10-12T09:45:54.543+0000] {logging_mixin.py:188} INFO - [2025-10-12T09:45:54.543+0000] {dagbag.py:538} INFO - Filling up the DagBag from /home/airflow/.local/lib/python3.8/site-packages/airflow/example_dags/tutorial_dag.py
[2025-10-12T09:45:54.550+0000] {processor.py:840} INFO - DAG(s) 'tutorial_dag' retrieved from /home/airflow/.local/lib/python3.8/site-packages/airflow/example_dags/tutorial_dag.py
[2025-10-12T09:45:54.582+0000] {logging_mixin.py:188} INFO - [2025-10-12T09:45:54.582+0000] {dag.py:3036} INFO - Sync 1 DAGs
[2025-10-12T09:45:54.597+0000] {logging_mixin.py:188} INFO - [2025-10-12T09:45:54.596+0000] {dag.py:3823} INFO - Setting next_dagrun for tutorial_dag to None, run_after=None
[2025-10-12T09:45:54.620+0000] {processor.py:183} INFO - Processing /home/airflow/.local/lib/python3.8/site-packages/airflow/example_dags/tutorial_dag.py took 0.083 seconds
[2025-10-12T09:46:25.683+0000] {processor.py:161} INFO - Started process (PID=16354) to work on /home/airflow/.local/lib/python3.8/site-packages/airflow/example_dags/tutorial_dag.py
[2025-10-12T09:46:25.684+0000] {processor.py:830} INFO - Processing file /home/airflow/.local/lib/python3.8/site-packages/airflow/example_dags/tutorial_dag.py for tasks to queue
[2025-10-12T09:46:25.686+0000] {logging_mixin.py:188} INFO - [2025-10-12T09:46:25.686+0000] {dagbag.py:538} INFO - Filling up the DagBag from /home/airflow/.local/lib/python3.8/site-packages/airflow/example_dags/tutorial_dag.py
[2025-10-12T09:46:25.693+0000] {processor.py:840} INFO - DAG(s) 'tutorial_dag' retrieved from /home/airflow/.local/lib/python3.8/site-packages/airflow/example_dags/tutorial_dag.py
[2025-10-12T09:46:25.728+0000] {logging_mixin.py:188} INFO - [2025-10-12T09:46:25.727+0000] {dag.py:3036} INFO - Sync 1 DAGs
[2025-10-12T09:46:25.746+0000] {logging_mixin.py:188} INFO - [2025-10-12T09:46:25.746+0000] {dag.py:3823} INFO - Setting next_dagrun for tutorial_dag to None, run_after=None
[2025-10-12T09:46:25.770+0000] {processor.py:183} INFO - Processing /home/airflow/.local/lib/python3.8/site-packages/airflow/example_dags/tutorial_dag.py took 0.091 seconds
[2025-10-12T09:46:56.195+0000] {processor.py:161} INFO - Started process (PID=16424) to work on /home/airflow/.local/lib/python3.8/site-packages/airflow/example_dags/tutorial_dag.py
[2025-10-12T09:46:56.197+0000] {processor.py:830} INFO - Processing file /home/airflow/.local/lib/python3.8/site-packages/airflow/example_dags/tutorial_dag.py for tasks to queue
[2025-10-12T09:46:56.199+0000] {logging_mixin.py:188} INFO - [2025-10-12T09:46:56.199+0000] {dagbag.py:538} INFO - Filling up the DagBag from /home/airflow/.local/lib/python3.8/site-packages/airflow/example_dags/tutorial_dag.py
[2025-10-12T09:46:56.209+0000] {processor.py:840} INFO - DAG(s) 'tutorial_dag' retrieved from /home/airflow/.local/lib/python3.8/site-packages/airflow/example_dags/tutorial_dag.py
[2025-10-12T09:46:56.239+0000] {logging_mixin.py:188} INFO - [2025-10-12T09:46:56.239+0000] {dag.py:3036} INFO - Sync 1 DAGs
[2025-10-12T09:46:56.254+0000] {logging_mixin.py:188} INFO - [2025-10-12T09:46:56.253+0000] {dag.py:3823} INFO - Setting next_dagrun for tutorial_dag to None, run_after=None
[2025-10-12T09:46:56.277+0000] {processor.py:183} INFO - Processing /home/airflow/.local/lib/python3.8/site-packages/airflow/example_dags/tutorial_dag.py took 0.086 seconds
[2025-10-12T09:47:26.500+0000] {processor.py:161} INFO - Started process (PID=16494) to work on /home/airflow/.local/lib/python3.8/site-packages/airflow/example_dags/tutorial_dag.py
[2025-10-12T09:47:26.501+0000] {processor.py:830} INFO - Processing file /home/airflow/.local/lib/python3.8/site-packages/airflow/example_dags/tutorial_dag.py for tasks to queue
[2025-10-12T09:47:26.504+0000] {logging_mixin.py:188} INFO - [2025-10-12T09:47:26.503+0000] {dagbag.py:538} INFO - Filling up the DagBag from /home/airflow/.local/lib/python3.8/site-packages/airflow/example_dags/tutorial_dag.py
[2025-10-12T09:47:26.511+0000] {processor.py:840} INFO - DAG(s) 'tutorial_dag' retrieved from /home/airflow/.local/lib/python3.8/site-packages/airflow/example_dags/tutorial_dag.py
[2025-10-12T09:47:26.540+0000] {logging_mixin.py:188} INFO - [2025-10-12T09:47:26.540+0000] {dag.py:3036} INFO - Sync 1 DAGs
[2025-10-12T09:47:26.555+0000] {logging_mixin.py:188} INFO - [2025-10-12T09:47:26.554+0000] {dag.py:3823} INFO - Setting next_dagrun for tutorial_dag to None, run_after=None
[2025-10-12T09:47:26.578+0000] {processor.py:183} INFO - Processing /home/airflow/.local/lib/python3.8/site-packages/airflow/example_dags/tutorial_dag.py took 0.082 seconds
[2025-10-12T09:47:57.322+0000] {processor.py:161} INFO - Started process (PID=16564) to work on /home/airflow/.local/lib/python3.8/site-packages/airflow/example_dags/tutorial_dag.py
[2025-10-12T09:47:57.324+0000] {processor.py:830} INFO - Processing file /home/airflow/.local/lib/python3.8/site-packages/airflow/example_dags/tutorial_dag.py for tasks to queue
[2025-10-12T09:47:57.326+0000] {logging_mixin.py:188} INFO - [2025-10-12T09:47:57.326+0000] {dagbag.py:538} INFO - Filling up the DagBag from /home/airflow/.local/lib/python3.8/site-packages/airflow/example_dags/tutorial_dag.py
[2025-10-12T09:47:57.332+0000] {processor.py:840} INFO - DAG(s) 'tutorial_dag' retrieved from /home/airflow/.local/lib/python3.8/site-packages/airflow/example_dags/tutorial_dag.py
[2025-10-12T09:47:57.360+0000] {logging_mixin.py:188} INFO - [2025-10-12T09:47:57.359+0000] {dag.py:3036} INFO - Sync 1 DAGs
[2025-10-12T09:47:57.374+0000] {logging_mixin.py:188} INFO - [2025-10-12T09:47:57.374+0000] {dag.py:3823} INFO - Setting next_dagrun for tutorial_dag to None, run_after=None
[2025-10-12T09:47:57.397+0000] {processor.py:183} INFO - Processing /home/airflow/.local/lib/python3.8/site-packages/airflow/example_dags/tutorial_dag.py took 0.079 seconds
[2025-10-12T09:48:28.872+0000] {processor.py:161} INFO - Started process (PID=16634) to work on /home/airflow/.local/lib/python3.8/site-packages/airflow/example_dags/tutorial_dag.py
[2025-10-12T09:48:28.873+0000] {processor.py:830} INFO - Processing file /home/airflow/.local/lib/python3.8/site-packages/airflow/example_dags/tutorial_dag.py for tasks to queue
[2025-10-12T09:48:28.875+0000] {logging_mixin.py:188} INFO - [2025-10-12T09:48:28.875+0000] {dagbag.py:538} INFO - Filling up the DagBag from /home/airflow/.local/lib/python3.8/site-packages/airflow/example_dags/tutorial_dag.py
[2025-10-12T09:48:28.881+0000] {processor.py:840} INFO - DAG(s) 'tutorial_dag' retrieved from /home/airflow/.local/lib/python3.8/site-packages/airflow/example_dags/tutorial_dag.py
[2025-10-12T09:48:28.909+0000] {logging_mixin.py:188} INFO - [2025-10-12T09:48:28.909+0000] {dag.py:3036} INFO - Sync 1 DAGs
[2025-10-12T09:48:28.923+0000] {logging_mixin.py:188} INFO - [2025-10-12T09:48:28.923+0000] {dag.py:3823} INFO - Setting next_dagrun for tutorial_dag to None, run_after=None
[2025-10-12T09:48:28.948+0000] {processor.py:183} INFO - Processing /home/airflow/.local/lib/python3.8/site-packages/airflow/example_dags/tutorial_dag.py took 0.079 seconds
[2025-10-12T09:48:59.830+0000] {processor.py:161} INFO - Started process (PID=16704) to work on /home/airflow/.local/lib/python3.8/site-packages/airflow/example_dags/tutorial_dag.py
[2025-10-12T09:48:59.831+0000] {processor.py:830} INFO - Processing file /home/airflow/.local/lib/python3.8/site-packages/airflow/example_dags/tutorial_dag.py for tasks to queue
[2025-10-12T09:48:59.833+0000] {logging_mixin.py:188} INFO - [2025-10-12T09:48:59.833+0000] {dagbag.py:538} INFO - Filling up the DagBag from /home/airflow/.local/lib/python3.8/site-packages/airflow/example_dags/tutorial_dag.py
[2025-10-12T09:48:59.840+0000] {processor.py:840} INFO - DAG(s) 'tutorial_dag' retrieved from /home/airflow/.local/lib/python3.8/site-packages/airflow/example_dags/tutorial_dag.py
[2025-10-12T09:48:59.867+0000] {logging_mixin.py:188} INFO - [2025-10-12T09:48:59.866+0000] {dag.py:3036} INFO - Sync 1 DAGs
[2025-10-12T09:48:59.881+0000] {logging_mixin.py:188} INFO - [2025-10-12T09:48:59.880+0000] {dag.py:3823} INFO - Setting next_dagrun for tutorial_dag to None, run_after=None
[2025-10-12T09:48:59.903+0000] {processor.py:183} INFO - Processing /home/airflow/.local/lib/python3.8/site-packages/airflow/example_dags/tutorial_dag.py took 0.077 seconds
[2025-10-12T09:49:30.744+0000] {processor.py:161} INFO - Started process (PID=16774) to work on /home/airflow/.local/lib/python3.8/site-packages/airflow/example_dags/tutorial_dag.py
[2025-10-12T09:49:30.747+0000] {processor.py:830} INFO - Processing file /home/airflow/.local/lib/python3.8/site-packages/airflow/example_dags/tutorial_dag.py for tasks to queue
[2025-10-12T09:49:30.749+0000] {logging_mixin.py:188} INFO - [2025-10-12T09:49:30.749+0000] {dagbag.py:538} INFO - Filling up the DagBag from /home/airflow/.local/lib/python3.8/site-packages/airflow/example_dags/tutorial_dag.py
[2025-10-12T09:49:30.755+0000] {processor.py:840} INFO - DAG(s) 'tutorial_dag' retrieved from /home/airflow/.local/lib/python3.8/site-packages/airflow/example_dags/tutorial_dag.py
[2025-10-12T09:49:30.784+0000] {logging_mixin.py:188} INFO - [2025-10-12T09:49:30.784+0000] {dag.py:3036} INFO - Sync 1 DAGs
[2025-10-12T09:49:30.799+0000] {logging_mixin.py:188} INFO - [2025-10-12T09:49:30.799+0000] {dag.py:3823} INFO - Setting next_dagrun for tutorial_dag to None, run_after=None
[2025-10-12T09:49:30.825+0000] {processor.py:183} INFO - Processing /home/airflow/.local/lib/python3.8/site-packages/airflow/example_dags/tutorial_dag.py took 0.085 seconds
[2025-10-12T09:50:01.992+0000] {processor.py:161} INFO - Started process (PID=16844) to work on /home/airflow/.local/lib/python3.8/site-packages/airflow/example_dags/tutorial_dag.py
[2025-10-12T09:50:01.994+0000] {processor.py:830} INFO - Processing file /home/airflow/.local/lib/python3.8/site-packages/airflow/example_dags/tutorial_dag.py for tasks to queue
[2025-10-12T09:50:01.997+0000] {logging_mixin.py:188} INFO - [2025-10-12T09:50:01.997+0000] {dagbag.py:538} INFO - Filling up the DagBag from /home/airflow/.local/lib/python3.8/site-packages/airflow/example_dags/tutorial_dag.py
[2025-10-12T09:50:02.004+0000] {processor.py:840} INFO - DAG(s) 'tutorial_dag' retrieved from /home/airflow/.local/lib/python3.8/site-packages/airflow/example_dags/tutorial_dag.py
[2025-10-12T09:50:02.033+0000] {logging_mixin.py:188} INFO - [2025-10-12T09:50:02.032+0000] {dag.py:3036} INFO - Sync 1 DAGs
[2025-10-12T09:50:02.048+0000] {logging_mixin.py:188} INFO - [2025-10-12T09:50:02.047+0000] {dag.py:3823} INFO - Setting next_dagrun for tutorial_dag to None, run_after=None
[2025-10-12T09:50:02.072+0000] {processor.py:183} INFO - Processing /home/airflow/.local/lib/python3.8/site-packages/airflow/example_dags/tutorial_dag.py took 0.084 seconds
[2025-10-12T09:50:33.298+0000] {processor.py:161} INFO - Started process (PID=16914) to work on /home/airflow/.local/lib/python3.8/site-packages/airflow/example_dags/tutorial_dag.py
[2025-10-12T09:50:33.299+0000] {processor.py:830} INFO - Processing file /home/airflow/.local/lib/python3.8/site-packages/airflow/example_dags/tutorial_dag.py for tasks to queue
[2025-10-12T09:50:33.301+0000] {logging_mixin.py:188} INFO - [2025-10-12T09:50:33.300+0000] {dagbag.py:538} INFO - Filling up the DagBag from /home/airflow/.local/lib/python3.8/site-packages/airflow/example_dags/tutorial_dag.py
[2025-10-12T09:50:33.307+0000] {processor.py:840} INFO - DAG(s) 'tutorial_dag' retrieved from /home/airflow/.local/lib/python3.8/site-packages/airflow/example_dags/tutorial_dag.py
[2025-10-12T09:50:33.336+0000] {logging_mixin.py:188} INFO - [2025-10-12T09:50:33.336+0000] {dag.py:3036} INFO - Sync 1 DAGs
[2025-10-12T09:50:33.351+0000] {logging_mixin.py:188} INFO - [2025-10-12T09:50:33.351+0000] {dag.py:3823} INFO - Setting next_dagrun for tutorial_dag to None, run_after=None
[2025-10-12T09:50:33.376+0000] {processor.py:183} INFO - Processing /home/airflow/.local/lib/python3.8/site-packages/airflow/example_dags/tutorial_dag.py took 0.082 seconds
[2025-10-12T09:51:04.315+0000] {processor.py:161} INFO - Started process (PID=16984) to work on /home/airflow/.local/lib/python3.8/site-packages/airflow/example_dags/tutorial_dag.py
[2025-10-12T09:51:04.317+0000] {processor.py:830} INFO - Processing file /home/airflow/.local/lib/python3.8/site-packages/airflow/example_dags/tutorial_dag.py for tasks to queue
[2025-10-12T09:51:04.319+0000] {logging_mixin.py:188} INFO - [2025-10-12T09:51:04.319+0000] {dagbag.py:538} INFO - Filling up the DagBag from /home/airflow/.local/lib/python3.8/site-packages/airflow/example_dags/tutorial_dag.py
[2025-10-12T09:51:04.326+0000] {processor.py:840} INFO - DAG(s) 'tutorial_dag' retrieved from /home/airflow/.local/lib/python3.8/site-packages/airflow/example_dags/tutorial_dag.py
[2025-10-12T09:51:04.357+0000] {logging_mixin.py:188} INFO - [2025-10-12T09:51:04.357+0000] {dag.py:3036} INFO - Sync 1 DAGs
[2025-10-12T09:51:04.374+0000] {logging_mixin.py:188} INFO - [2025-10-12T09:51:04.373+0000] {dag.py:3823} INFO - Setting next_dagrun for tutorial_dag to None, run_after=None
[2025-10-12T09:51:04.399+0000] {processor.py:183} INFO - Processing /home/airflow/.local/lib/python3.8/site-packages/airflow/example_dags/tutorial_dag.py took 0.087 seconds
[2025-10-12T09:51:36.543+0000] {processor.py:161} INFO - Started process (PID=17060) to work on /home/airflow/.local/lib/python3.8/site-packages/airflow/example_dags/tutorial_dag.py
[2025-10-12T09:51:36.544+0000] {processor.py:830} INFO - Processing file /home/airflow/.local/lib/python3.8/site-packages/airflow/example_dags/tutorial_dag.py for tasks to queue
[2025-10-12T09:51:36.546+0000] {logging_mixin.py:188} INFO - [2025-10-12T09:51:36.546+0000] {dagbag.py:538} INFO - Filling up the DagBag from /home/airflow/.local/lib/python3.8/site-packages/airflow/example_dags/tutorial_dag.py
[2025-10-12T09:51:36.553+0000] {processor.py:840} INFO - DAG(s) 'tutorial_dag' retrieved from /home/airflow/.local/lib/python3.8/site-packages/airflow/example_dags/tutorial_dag.py
[2025-10-12T09:51:36.582+0000] {logging_mixin.py:188} INFO - [2025-10-12T09:51:36.582+0000] {dag.py:3036} INFO - Sync 1 DAGs
[2025-10-12T09:51:36.599+0000] {logging_mixin.py:188} INFO - [2025-10-12T09:51:36.599+0000] {dag.py:3823} INFO - Setting next_dagrun for tutorial_dag to None, run_after=None
[2025-10-12T09:51:36.624+0000] {processor.py:183} INFO - Processing /home/airflow/.local/lib/python3.8/site-packages/airflow/example_dags/tutorial_dag.py took 0.085 seconds
[2025-10-12T09:52:07.687+0000] {processor.py:161} INFO - Started process (PID=17129) to work on /home/airflow/.local/lib/python3.8/site-packages/airflow/example_dags/tutorial_dag.py
[2025-10-12T09:52:07.688+0000] {processor.py:830} INFO - Processing file /home/airflow/.local/lib/python3.8/site-packages/airflow/example_dags/tutorial_dag.py for tasks to queue
[2025-10-12T09:52:07.691+0000] {logging_mixin.py:188} INFO - [2025-10-12T09:52:07.690+0000] {dagbag.py:538} INFO - Filling up the DagBag from /home/airflow/.local/lib/python3.8/site-packages/airflow/example_dags/tutorial_dag.py
[2025-10-12T09:52:07.697+0000] {processor.py:840} INFO - DAG(s) 'tutorial_dag' retrieved from /home/airflow/.local/lib/python3.8/site-packages/airflow/example_dags/tutorial_dag.py
[2025-10-12T09:52:07.731+0000] {logging_mixin.py:188} INFO - [2025-10-12T09:52:07.731+0000] {dag.py:3036} INFO - Sync 1 DAGs
[2025-10-12T09:52:07.749+0000] {logging_mixin.py:188} INFO - [2025-10-12T09:52:07.748+0000] {dag.py:3823} INFO - Setting next_dagrun for tutorial_dag to None, run_after=None
[2025-10-12T09:52:07.775+0000] {processor.py:183} INFO - Processing /home/airflow/.local/lib/python3.8/site-packages/airflow/example_dags/tutorial_dag.py took 0.092 seconds
[2025-10-12T09:52:39.170+0000] {processor.py:161} INFO - Started process (PID=17198) to work on /home/airflow/.local/lib/python3.8/site-packages/airflow/example_dags/tutorial_dag.py
[2025-10-12T09:52:39.172+0000] {processor.py:830} INFO - Processing file /home/airflow/.local/lib/python3.8/site-packages/airflow/example_dags/tutorial_dag.py for tasks to queue
[2025-10-12T09:52:39.175+0000] {logging_mixin.py:188} INFO - [2025-10-12T09:52:39.174+0000] {dagbag.py:538} INFO - Filling up the DagBag from /home/airflow/.local/lib/python3.8/site-packages/airflow/example_dags/tutorial_dag.py
[2025-10-12T09:52:39.182+0000] {processor.py:840} INFO - DAG(s) 'tutorial_dag' retrieved from /home/airflow/.local/lib/python3.8/site-packages/airflow/example_dags/tutorial_dag.py
[2025-10-12T09:52:39.212+0000] {logging_mixin.py:188} INFO - [2025-10-12T09:52:39.212+0000] {dag.py:3036} INFO - Sync 1 DAGs
[2025-10-12T09:52:39.230+0000] {logging_mixin.py:188} INFO - [2025-10-12T09:52:39.230+0000] {dag.py:3823} INFO - Setting next_dagrun for tutorial_dag to None, run_after=None
[2025-10-12T09:52:39.253+0000] {processor.py:183} INFO - Processing /home/airflow/.local/lib/python3.8/site-packages/airflow/example_dags/tutorial_dag.py took 0.090 seconds
[2025-10-12T09:53:10.874+0000] {processor.py:161} INFO - Started process (PID=17268) to work on /home/airflow/.local/lib/python3.8/site-packages/airflow/example_dags/tutorial_dag.py
[2025-10-12T09:53:10.876+0000] {processor.py:830} INFO - Processing file /home/airflow/.local/lib/python3.8/site-packages/airflow/example_dags/tutorial_dag.py for tasks to queue
[2025-10-12T09:53:10.878+0000] {logging_mixin.py:188} INFO - [2025-10-12T09:53:10.878+0000] {dagbag.py:538} INFO - Filling up the DagBag from /home/airflow/.local/lib/python3.8/site-packages/airflow/example_dags/tutorial_dag.py
[2025-10-12T09:53:10.885+0000] {processor.py:840} INFO - DAG(s) 'tutorial_dag' retrieved from /home/airflow/.local/lib/python3.8/site-packages/airflow/example_dags/tutorial_dag.py
[2025-10-12T09:53:10.917+0000] {logging_mixin.py:188} INFO - [2025-10-12T09:53:10.916+0000] {dag.py:3036} INFO - Sync 1 DAGs
[2025-10-12T09:53:10.936+0000] {logging_mixin.py:188} INFO - [2025-10-12T09:53:10.936+0000] {dag.py:3823} INFO - Setting next_dagrun for tutorial_dag to None, run_after=None
[2025-10-12T09:53:10.960+0000] {processor.py:183} INFO - Processing /home/airflow/.local/lib/python3.8/site-packages/airflow/example_dags/tutorial_dag.py took 0.090 seconds
[2025-10-12T09:53:41.211+0000] {processor.py:161} INFO - Started process (PID=17338) to work on /home/airflow/.local/lib/python3.8/site-packages/airflow/example_dags/tutorial_dag.py
[2025-10-12T09:53:41.213+0000] {processor.py:830} INFO - Processing file /home/airflow/.local/lib/python3.8/site-packages/airflow/example_dags/tutorial_dag.py for tasks to queue
[2025-10-12T09:53:41.215+0000] {logging_mixin.py:188} INFO - [2025-10-12T09:53:41.214+0000] {dagbag.py:538} INFO - Filling up the DagBag from /home/airflow/.local/lib/python3.8/site-packages/airflow/example_dags/tutorial_dag.py
[2025-10-12T09:53:41.221+0000] {processor.py:840} INFO - DAG(s) 'tutorial_dag' retrieved from /home/airflow/.local/lib/python3.8/site-packages/airflow/example_dags/tutorial_dag.py
[2025-10-12T09:53:41.251+0000] {logging_mixin.py:188} INFO - [2025-10-12T09:53:41.251+0000] {dag.py:3036} INFO - Sync 1 DAGs
[2025-10-12T09:53:41.266+0000] {logging_mixin.py:188} INFO - [2025-10-12T09:53:41.265+0000] {dag.py:3823} INFO - Setting next_dagrun for tutorial_dag to None, run_after=None
[2025-10-12T09:53:41.290+0000] {processor.py:183} INFO - Processing /home/airflow/.local/lib/python3.8/site-packages/airflow/example_dags/tutorial_dag.py took 0.082 seconds
[2025-10-12T09:54:11.992+0000] {processor.py:161} INFO - Started process (PID=17407) to work on /home/airflow/.local/lib/python3.8/site-packages/airflow/example_dags/tutorial_dag.py
[2025-10-12T09:54:11.993+0000] {processor.py:830} INFO - Processing file /home/airflow/.local/lib/python3.8/site-packages/airflow/example_dags/tutorial_dag.py for tasks to queue
[2025-10-12T09:54:11.996+0000] {logging_mixin.py:188} INFO - [2025-10-12T09:54:11.995+0000] {dagbag.py:538} INFO - Filling up the DagBag from /home/airflow/.local/lib/python3.8/site-packages/airflow/example_dags/tutorial_dag.py
[2025-10-12T09:54:12.003+0000] {processor.py:840} INFO - DAG(s) 'tutorial_dag' retrieved from /home/airflow/.local/lib/python3.8/site-packages/airflow/example_dags/tutorial_dag.py
[2025-10-12T09:54:12.039+0000] {logging_mixin.py:188} INFO - [2025-10-12T09:54:12.038+0000] {dag.py:3036} INFO - Sync 1 DAGs
[2025-10-12T09:54:12.057+0000] {logging_mixin.py:188} INFO - [2025-10-12T09:54:12.056+0000] {dag.py:3823} INFO - Setting next_dagrun for tutorial_dag to None, run_after=None
[2025-10-12T09:54:12.086+0000] {processor.py:183} INFO - Processing /home/airflow/.local/lib/python3.8/site-packages/airflow/example_dags/tutorial_dag.py took 0.098 seconds
[2025-10-12T09:54:43.693+0000] {processor.py:161} INFO - Started process (PID=17477) to work on /home/airflow/.local/lib/python3.8/site-packages/airflow/example_dags/tutorial_dag.py
[2025-10-12T09:54:43.694+0000] {processor.py:830} INFO - Processing file /home/airflow/.local/lib/python3.8/site-packages/airflow/example_dags/tutorial_dag.py for tasks to queue
[2025-10-12T09:54:43.697+0000] {logging_mixin.py:188} INFO - [2025-10-12T09:54:43.696+0000] {dagbag.py:538} INFO - Filling up the DagBag from /home/airflow/.local/lib/python3.8/site-packages/airflow/example_dags/tutorial_dag.py
[2025-10-12T09:54:43.703+0000] {processor.py:840} INFO - DAG(s) 'tutorial_dag' retrieved from /home/airflow/.local/lib/python3.8/site-packages/airflow/example_dags/tutorial_dag.py
[2025-10-12T09:54:43.733+0000] {logging_mixin.py:188} INFO - [2025-10-12T09:54:43.732+0000] {dag.py:3036} INFO - Sync 1 DAGs
[2025-10-12T09:54:43.753+0000] {logging_mixin.py:188} INFO - [2025-10-12T09:54:43.753+0000] {dag.py:3823} INFO - Setting next_dagrun for tutorial_dag to None, run_after=None
[2025-10-12T09:54:43.778+0000] {processor.py:183} INFO - Processing /home/airflow/.local/lib/python3.8/site-packages/airflow/example_dags/tutorial_dag.py took 0.088 seconds
[2025-10-12T09:55:15.025+0000] {processor.py:161} INFO - Started process (PID=17547) to work on /home/airflow/.local/lib/python3.8/site-packages/airflow/example_dags/tutorial_dag.py
[2025-10-12T09:55:15.026+0000] {processor.py:830} INFO - Processing file /home/airflow/.local/lib/python3.8/site-packages/airflow/example_dags/tutorial_dag.py for tasks to queue
[2025-10-12T09:55:15.029+0000] {logging_mixin.py:188} INFO - [2025-10-12T09:55:15.029+0000] {dagbag.py:538} INFO - Filling up the DagBag from /home/airflow/.local/lib/python3.8/site-packages/airflow/example_dags/tutorial_dag.py
[2025-10-12T09:55:15.038+0000] {processor.py:840} INFO - DAG(s) 'tutorial_dag' retrieved from /home/airflow/.local/lib/python3.8/site-packages/airflow/example_dags/tutorial_dag.py
[2025-10-12T09:55:15.075+0000] {logging_mixin.py:188} INFO - [2025-10-12T09:55:15.074+0000] {dag.py:3036} INFO - Sync 1 DAGs
[2025-10-12T09:55:15.094+0000] {logging_mixin.py:188} INFO - [2025-10-12T09:55:15.094+0000] {dag.py:3823} INFO - Setting next_dagrun for tutorial_dag to None, run_after=None
[2025-10-12T09:55:15.125+0000] {processor.py:183} INFO - Processing /home/airflow/.local/lib/python3.8/site-packages/airflow/example_dags/tutorial_dag.py took 0.106 seconds
[2025-10-12T09:55:46.011+0000] {processor.py:161} INFO - Started process (PID=17617) to work on /home/airflow/.local/lib/python3.8/site-packages/airflow/example_dags/tutorial_dag.py
[2025-10-12T09:55:46.012+0000] {processor.py:830} INFO - Processing file /home/airflow/.local/lib/python3.8/site-packages/airflow/example_dags/tutorial_dag.py for tasks to queue
[2025-10-12T09:55:46.015+0000] {logging_mixin.py:188} INFO - [2025-10-12T09:55:46.015+0000] {dagbag.py:538} INFO - Filling up the DagBag from /home/airflow/.local/lib/python3.8/site-packages/airflow/example_dags/tutorial_dag.py
[2025-10-12T09:55:46.024+0000] {processor.py:840} INFO - DAG(s) 'tutorial_dag' retrieved from /home/airflow/.local/lib/python3.8/site-packages/airflow/example_dags/tutorial_dag.py
[2025-10-12T09:55:46.092+0000] {logging_mixin.py:188} INFO - [2025-10-12T09:55:46.091+0000] {dag.py:3036} INFO - Sync 1 DAGs
[2025-10-12T09:55:46.137+0000] {logging_mixin.py:188} INFO - [2025-10-12T09:55:46.136+0000] {dag.py:3823} INFO - Setting next_dagrun for tutorial_dag to None, run_after=None
[2025-10-12T09:55:46.167+0000] {processor.py:183} INFO - Processing /home/airflow/.local/lib/python3.8/site-packages/airflow/example_dags/tutorial_dag.py took 0.160 seconds
[2025-10-12T09:56:17.366+0000] {processor.py:161} INFO - Started process (PID=17687) to work on /home/airflow/.local/lib/python3.8/site-packages/airflow/example_dags/tutorial_dag.py
[2025-10-12T09:56:17.367+0000] {processor.py:830} INFO - Processing file /home/airflow/.local/lib/python3.8/site-packages/airflow/example_dags/tutorial_dag.py for tasks to queue
[2025-10-12T09:56:17.369+0000] {logging_mixin.py:188} INFO - [2025-10-12T09:56:17.369+0000] {dagbag.py:538} INFO - Filling up the DagBag from /home/airflow/.local/lib/python3.8/site-packages/airflow/example_dags/tutorial_dag.py
[2025-10-12T09:56:17.376+0000] {processor.py:840} INFO - DAG(s) 'tutorial_dag' retrieved from /home/airflow/.local/lib/python3.8/site-packages/airflow/example_dags/tutorial_dag.py
[2025-10-12T09:56:17.408+0000] {logging_mixin.py:188} INFO - [2025-10-12T09:56:17.407+0000] {dag.py:3036} INFO - Sync 1 DAGs
[2025-10-12T09:56:17.424+0000] {logging_mixin.py:188} INFO - [2025-10-12T09:56:17.424+0000] {dag.py:3823} INFO - Setting next_dagrun for tutorial_dag to None, run_after=None
[2025-10-12T09:56:17.450+0000] {processor.py:183} INFO - Processing /home/airflow/.local/lib/python3.8/site-packages/airflow/example_dags/tutorial_dag.py took 0.088 seconds
[2025-10-12T09:56:47.969+0000] {processor.py:161} INFO - Started process (PID=17757) to work on /home/airflow/.local/lib/python3.8/site-packages/airflow/example_dags/tutorial_dag.py
[2025-10-12T09:56:47.971+0000] {processor.py:830} INFO - Processing file /home/airflow/.local/lib/python3.8/site-packages/airflow/example_dags/tutorial_dag.py for tasks to queue
[2025-10-12T09:56:47.973+0000] {logging_mixin.py:188} INFO - [2025-10-12T09:56:47.973+0000] {dagbag.py:538} INFO - Filling up the DagBag from /home/airflow/.local/lib/python3.8/site-packages/airflow/example_dags/tutorial_dag.py
[2025-10-12T09:56:47.980+0000] {processor.py:840} INFO - DAG(s) 'tutorial_dag' retrieved from /home/airflow/.local/lib/python3.8/site-packages/airflow/example_dags/tutorial_dag.py
[2025-10-12T09:56:48.011+0000] {logging_mixin.py:188} INFO - [2025-10-12T09:56:48.011+0000] {dag.py:3036} INFO - Sync 1 DAGs
[2025-10-12T09:56:48.031+0000] {logging_mixin.py:188} INFO - [2025-10-12T09:56:48.030+0000] {dag.py:3823} INFO - Setting next_dagrun for tutorial_dag to None, run_after=None
[2025-10-12T09:56:48.059+0000] {processor.py:183} INFO - Processing /home/airflow/.local/lib/python3.8/site-packages/airflow/example_dags/tutorial_dag.py took 0.094 seconds
[2025-10-12T09:57:20.635+0000] {processor.py:161} INFO - Started process (PID=17827) to work on /home/airflow/.local/lib/python3.8/site-packages/airflow/example_dags/tutorial_dag.py
[2025-10-12T09:57:20.637+0000] {processor.py:830} INFO - Processing file /home/airflow/.local/lib/python3.8/site-packages/airflow/example_dags/tutorial_dag.py for tasks to queue
[2025-10-12T09:57:20.639+0000] {logging_mixin.py:188} INFO - [2025-10-12T09:57:20.639+0000] {dagbag.py:538} INFO - Filling up the DagBag from /home/airflow/.local/lib/python3.8/site-packages/airflow/example_dags/tutorial_dag.py
[2025-10-12T09:57:20.646+0000] {processor.py:840} INFO - DAG(s) 'tutorial_dag' retrieved from /home/airflow/.local/lib/python3.8/site-packages/airflow/example_dags/tutorial_dag.py
[2025-10-12T09:57:20.683+0000] {logging_mixin.py:188} INFO - [2025-10-12T09:57:20.682+0000] {dag.py:3036} INFO - Sync 1 DAGs
[2025-10-12T09:57:20.704+0000] {logging_mixin.py:188} INFO - [2025-10-12T09:57:20.704+0000] {dag.py:3823} INFO - Setting next_dagrun for tutorial_dag to None, run_after=None
[2025-10-12T09:57:20.734+0000] {processor.py:183} INFO - Processing /home/airflow/.local/lib/python3.8/site-packages/airflow/example_dags/tutorial_dag.py took 0.102 seconds
[2025-10-12T09:57:52.823+0000] {processor.py:161} INFO - Started process (PID=17897) to work on /home/airflow/.local/lib/python3.8/site-packages/airflow/example_dags/tutorial_dag.py
[2025-10-12T09:57:52.824+0000] {processor.py:830} INFO - Processing file /home/airflow/.local/lib/python3.8/site-packages/airflow/example_dags/tutorial_dag.py for tasks to queue
[2025-10-12T09:57:52.827+0000] {logging_mixin.py:188} INFO - [2025-10-12T09:57:52.826+0000] {dagbag.py:538} INFO - Filling up the DagBag from /home/airflow/.local/lib/python3.8/site-packages/airflow/example_dags/tutorial_dag.py
[2025-10-12T09:57:52.834+0000] {processor.py:840} INFO - DAG(s) 'tutorial_dag' retrieved from /home/airflow/.local/lib/python3.8/site-packages/airflow/example_dags/tutorial_dag.py
[2025-10-12T09:57:52.865+0000] {logging_mixin.py:188} INFO - [2025-10-12T09:57:52.865+0000] {dag.py:3036} INFO - Sync 1 DAGs
[2025-10-12T09:57:52.884+0000] {logging_mixin.py:188} INFO - [2025-10-12T09:57:52.884+0000] {dag.py:3823} INFO - Setting next_dagrun for tutorial_dag to None, run_after=None
[2025-10-12T09:57:52.912+0000] {processor.py:183} INFO - Processing /home/airflow/.local/lib/python3.8/site-packages/airflow/example_dags/tutorial_dag.py took 0.093 seconds
[2025-10-12T09:58:23.447+0000] {processor.py:161} INFO - Started process (PID=17967) to work on /home/airflow/.local/lib/python3.8/site-packages/airflow/example_dags/tutorial_dag.py
[2025-10-12T09:58:23.448+0000] {processor.py:830} INFO - Processing file /home/airflow/.local/lib/python3.8/site-packages/airflow/example_dags/tutorial_dag.py for tasks to queue
[2025-10-12T09:58:23.451+0000] {logging_mixin.py:188} INFO - [2025-10-12T09:58:23.450+0000] {dagbag.py:538} INFO - Filling up the DagBag from /home/airflow/.local/lib/python3.8/site-packages/airflow/example_dags/tutorial_dag.py
[2025-10-12T09:58:23.458+0000] {processor.py:840} INFO - DAG(s) 'tutorial_dag' retrieved from /home/airflow/.local/lib/python3.8/site-packages/airflow/example_dags/tutorial_dag.py
[2025-10-12T09:58:23.495+0000] {logging_mixin.py:188} INFO - [2025-10-12T09:58:23.494+0000] {dag.py:3036} INFO - Sync 1 DAGs
[2025-10-12T09:58:23.515+0000] {logging_mixin.py:188} INFO - [2025-10-12T09:58:23.515+0000] {dag.py:3823} INFO - Setting next_dagrun for tutorial_dag to None, run_after=None
[2025-10-12T09:58:23.541+0000] {processor.py:183} INFO - Processing /home/airflow/.local/lib/python3.8/site-packages/airflow/example_dags/tutorial_dag.py took 0.098 seconds
[2025-10-12T09:58:54.403+0000] {processor.py:161} INFO - Started process (PID=18037) to work on /home/airflow/.local/lib/python3.8/site-packages/airflow/example_dags/tutorial_dag.py
[2025-10-12T09:58:54.405+0000] {processor.py:830} INFO - Processing file /home/airflow/.local/lib/python3.8/site-packages/airflow/example_dags/tutorial_dag.py for tasks to queue
[2025-10-12T09:58:54.408+0000] {logging_mixin.py:188} INFO - [2025-10-12T09:58:54.407+0000] {dagbag.py:538} INFO - Filling up the DagBag from /home/airflow/.local/lib/python3.8/site-packages/airflow/example_dags/tutorial_dag.py
[2025-10-12T09:58:54.418+0000] {processor.py:840} INFO - DAG(s) 'tutorial_dag' retrieved from /home/airflow/.local/lib/python3.8/site-packages/airflow/example_dags/tutorial_dag.py
[2025-10-12T09:58:54.463+0000] {logging_mixin.py:188} INFO - [2025-10-12T09:58:54.462+0000] {dag.py:3036} INFO - Sync 1 DAGs
[2025-10-12T09:58:54.482+0000] {logging_mixin.py:188} INFO - [2025-10-12T09:58:54.482+0000] {dag.py:3823} INFO - Setting next_dagrun for tutorial_dag to None, run_after=None
[2025-10-12T09:58:54.513+0000] {processor.py:183} INFO - Processing /home/airflow/.local/lib/python3.8/site-packages/airflow/example_dags/tutorial_dag.py took 0.114 seconds
[2025-10-12T09:59:25.783+0000] {processor.py:161} INFO - Started process (PID=18107) to work on /home/airflow/.local/lib/python3.8/site-packages/airflow/example_dags/tutorial_dag.py
[2025-10-12T09:59:25.785+0000] {processor.py:830} INFO - Processing file /home/airflow/.local/lib/python3.8/site-packages/airflow/example_dags/tutorial_dag.py for tasks to queue
[2025-10-12T09:59:25.788+0000] {logging_mixin.py:188} INFO - [2025-10-12T09:59:25.787+0000] {dagbag.py:538} INFO - Filling up the DagBag from /home/airflow/.local/lib/python3.8/site-packages/airflow/example_dags/tutorial_dag.py
[2025-10-12T09:59:25.795+0000] {processor.py:840} INFO - DAG(s) 'tutorial_dag' retrieved from /home/airflow/.local/lib/python3.8/site-packages/airflow/example_dags/tutorial_dag.py
[2025-10-12T09:59:25.832+0000] {logging_mixin.py:188} INFO - [2025-10-12T09:59:25.832+0000] {dag.py:3036} INFO - Sync 1 DAGs
[2025-10-12T09:59:25.852+0000] {logging_mixin.py:188} INFO - [2025-10-12T09:59:25.851+0000] {dag.py:3823} INFO - Setting next_dagrun for tutorial_dag to None, run_after=None
[2025-10-12T09:59:25.879+0000] {processor.py:183} INFO - Processing /home/airflow/.local/lib/python3.8/site-packages/airflow/example_dags/tutorial_dag.py took 0.099 seconds
[2025-10-12T09:59:55.960+0000] {processor.py:161} INFO - Started process (PID=18177) to work on /home/airflow/.local/lib/python3.8/site-packages/airflow/example_dags/tutorial_dag.py
[2025-10-12T09:59:55.962+0000] {processor.py:830} INFO - Processing file /home/airflow/.local/lib/python3.8/site-packages/airflow/example_dags/tutorial_dag.py for tasks to queue
[2025-10-12T09:59:55.964+0000] {logging_mixin.py:188} INFO - [2025-10-12T09:59:55.964+0000] {dagbag.py:538} INFO - Filling up the DagBag from /home/airflow/.local/lib/python3.8/site-packages/airflow/example_dags/tutorial_dag.py
[2025-10-12T09:59:55.971+0000] {processor.py:840} INFO - DAG(s) 'tutorial_dag' retrieved from /home/airflow/.local/lib/python3.8/site-packages/airflow/example_dags/tutorial_dag.py
[2025-10-12T09:59:56.002+0000] {logging_mixin.py:188} INFO - [2025-10-12T09:59:56.002+0000] {dag.py:3036} INFO - Sync 1 DAGs
[2025-10-12T09:59:56.018+0000] {logging_mixin.py:188} INFO - [2025-10-12T09:59:56.018+0000] {dag.py:3823} INFO - Setting next_dagrun for tutorial_dag to None, run_after=None
[2025-10-12T09:59:56.045+0000] {processor.py:183} INFO - Processing /home/airflow/.local/lib/python3.8/site-packages/airflow/example_dags/tutorial_dag.py took 0.088 seconds
[2025-10-12T10:00:26.331+0000] {processor.py:161} INFO - Started process (PID=18248) to work on /home/airflow/.local/lib/python3.8/site-packages/airflow/example_dags/tutorial_dag.py
[2025-10-12T10:00:26.332+0000] {processor.py:830} INFO - Processing file /home/airflow/.local/lib/python3.8/site-packages/airflow/example_dags/tutorial_dag.py for tasks to queue
[2025-10-12T10:00:26.335+0000] {logging_mixin.py:188} INFO - [2025-10-12T10:00:26.334+0000] {dagbag.py:538} INFO - Filling up the DagBag from /home/airflow/.local/lib/python3.8/site-packages/airflow/example_dags/tutorial_dag.py
[2025-10-12T10:00:26.340+0000] {processor.py:840} INFO - DAG(s) 'tutorial_dag' retrieved from /home/airflow/.local/lib/python3.8/site-packages/airflow/example_dags/tutorial_dag.py
[2025-10-12T10:00:26.368+0000] {logging_mixin.py:188} INFO - [2025-10-12T10:00:26.368+0000] {dag.py:3036} INFO - Sync 1 DAGs
[2025-10-12T10:00:26.382+0000] {logging_mixin.py:188} INFO - [2025-10-12T10:00:26.382+0000] {dag.py:3823} INFO - Setting next_dagrun for tutorial_dag to None, run_after=None
[2025-10-12T10:00:26.404+0000] {processor.py:183} INFO - Processing /home/airflow/.local/lib/python3.8/site-packages/airflow/example_dags/tutorial_dag.py took 0.077 seconds
[2025-10-12T10:00:57.116+0000] {processor.py:161} INFO - Started process (PID=18318) to work on /home/airflow/.local/lib/python3.8/site-packages/airflow/example_dags/tutorial_dag.py
[2025-10-12T10:00:57.117+0000] {processor.py:830} INFO - Processing file /home/airflow/.local/lib/python3.8/site-packages/airflow/example_dags/tutorial_dag.py for tasks to queue
[2025-10-12T10:00:57.120+0000] {logging_mixin.py:188} INFO - [2025-10-12T10:00:57.119+0000] {dagbag.py:538} INFO - Filling up the DagBag from /home/airflow/.local/lib/python3.8/site-packages/airflow/example_dags/tutorial_dag.py
[2025-10-12T10:00:57.126+0000] {processor.py:840} INFO - DAG(s) 'tutorial_dag' retrieved from /home/airflow/.local/lib/python3.8/site-packages/airflow/example_dags/tutorial_dag.py
[2025-10-12T10:00:57.154+0000] {logging_mixin.py:188} INFO - [2025-10-12T10:00:57.154+0000] {dag.py:3036} INFO - Sync 1 DAGs
[2025-10-12T10:00:57.169+0000] {logging_mixin.py:188} INFO - [2025-10-12T10:00:57.168+0000] {dag.py:3823} INFO - Setting next_dagrun for tutorial_dag to None, run_after=None
[2025-10-12T10:00:57.192+0000] {processor.py:183} INFO - Processing /home/airflow/.local/lib/python3.8/site-packages/airflow/example_dags/tutorial_dag.py took 0.079 seconds
[2025-10-12T10:01:28.248+0000] {processor.py:161} INFO - Started process (PID=18388) to work on /home/airflow/.local/lib/python3.8/site-packages/airflow/example_dags/tutorial_dag.py
[2025-10-12T10:01:28.250+0000] {processor.py:830} INFO - Processing file /home/airflow/.local/lib/python3.8/site-packages/airflow/example_dags/tutorial_dag.py for tasks to queue
[2025-10-12T10:01:28.252+0000] {logging_mixin.py:188} INFO - [2025-10-12T10:01:28.251+0000] {dagbag.py:538} INFO - Filling up the DagBag from /home/airflow/.local/lib/python3.8/site-packages/airflow/example_dags/tutorial_dag.py
[2025-10-12T10:01:28.257+0000] {processor.py:840} INFO - DAG(s) 'tutorial_dag' retrieved from /home/airflow/.local/lib/python3.8/site-packages/airflow/example_dags/tutorial_dag.py
[2025-10-12T10:01:28.285+0000] {logging_mixin.py:188} INFO - [2025-10-12T10:01:28.285+0000] {dag.py:3036} INFO - Sync 1 DAGs
[2025-10-12T10:01:28.299+0000] {logging_mixin.py:188} INFO - [2025-10-12T10:01:28.299+0000] {dag.py:3823} INFO - Setting next_dagrun for tutorial_dag to None, run_after=None
[2025-10-12T10:01:28.322+0000] {processor.py:183} INFO - Processing /home/airflow/.local/lib/python3.8/site-packages/airflow/example_dags/tutorial_dag.py took 0.077 seconds
[2025-10-12T10:01:59.135+0000] {processor.py:161} INFO - Started process (PID=18458) to work on /home/airflow/.local/lib/python3.8/site-packages/airflow/example_dags/tutorial_dag.py
[2025-10-12T10:01:59.136+0000] {processor.py:830} INFO - Processing file /home/airflow/.local/lib/python3.8/site-packages/airflow/example_dags/tutorial_dag.py for tasks to queue
[2025-10-12T10:01:59.139+0000] {logging_mixin.py:188} INFO - [2025-10-12T10:01:59.139+0000] {dagbag.py:538} INFO - Filling up the DagBag from /home/airflow/.local/lib/python3.8/site-packages/airflow/example_dags/tutorial_dag.py
[2025-10-12T10:01:59.147+0000] {processor.py:840} INFO - DAG(s) 'tutorial_dag' retrieved from /home/airflow/.local/lib/python3.8/site-packages/airflow/example_dags/tutorial_dag.py
[2025-10-12T10:01:59.178+0000] {logging_mixin.py:188} INFO - [2025-10-12T10:01:59.177+0000] {dag.py:3036} INFO - Sync 1 DAGs
[2025-10-12T10:01:59.193+0000] {logging_mixin.py:188} INFO - [2025-10-12T10:01:59.193+0000] {dag.py:3823} INFO - Setting next_dagrun for tutorial_dag to None, run_after=None
[2025-10-12T10:01:59.217+0000] {processor.py:183} INFO - Processing /home/airflow/.local/lib/python3.8/site-packages/airflow/example_dags/tutorial_dag.py took 0.086 seconds
[2025-10-12T10:02:30.591+0000] {processor.py:161} INFO - Started process (PID=18528) to work on /home/airflow/.local/lib/python3.8/site-packages/airflow/example_dags/tutorial_dag.py
[2025-10-12T10:02:30.592+0000] {processor.py:830} INFO - Processing file /home/airflow/.local/lib/python3.8/site-packages/airflow/example_dags/tutorial_dag.py for tasks to queue
[2025-10-12T10:02:30.594+0000] {logging_mixin.py:188} INFO - [2025-10-12T10:02:30.594+0000] {dagbag.py:538} INFO - Filling up the DagBag from /home/airflow/.local/lib/python3.8/site-packages/airflow/example_dags/tutorial_dag.py
[2025-10-12T10:02:30.600+0000] {processor.py:840} INFO - DAG(s) 'tutorial_dag' retrieved from /home/airflow/.local/lib/python3.8/site-packages/airflow/example_dags/tutorial_dag.py
[2025-10-12T10:02:30.628+0000] {logging_mixin.py:188} INFO - [2025-10-12T10:02:30.627+0000] {dag.py:3036} INFO - Sync 1 DAGs
[2025-10-12T10:02:30.642+0000] {logging_mixin.py:188} INFO - [2025-10-12T10:02:30.642+0000] {dag.py:3823} INFO - Setting next_dagrun for tutorial_dag to None, run_after=None
[2025-10-12T10:02:30.667+0000] {processor.py:183} INFO - Processing /home/airflow/.local/lib/python3.8/site-packages/airflow/example_dags/tutorial_dag.py took 0.080 seconds
[2025-10-12T10:03:01.669+0000] {processor.py:161} INFO - Started process (PID=18599) to work on /home/airflow/.local/lib/python3.8/site-packages/airflow/example_dags/tutorial_dag.py
[2025-10-12T10:03:01.670+0000] {processor.py:830} INFO - Processing file /home/airflow/.local/lib/python3.8/site-packages/airflow/example_dags/tutorial_dag.py for tasks to queue
[2025-10-12T10:03:01.673+0000] {logging_mixin.py:188} INFO - [2025-10-12T10:03:01.672+0000] {dagbag.py:538} INFO - Filling up the DagBag from /home/airflow/.local/lib/python3.8/site-packages/airflow/example_dags/tutorial_dag.py
[2025-10-12T10:03:01.679+0000] {processor.py:840} INFO - DAG(s) 'tutorial_dag' retrieved from /home/airflow/.local/lib/python3.8/site-packages/airflow/example_dags/tutorial_dag.py
[2025-10-12T10:03:01.706+0000] {logging_mixin.py:188} INFO - [2025-10-12T10:03:01.706+0000] {dag.py:3036} INFO - Sync 1 DAGs
[2025-10-12T10:03:01.722+0000] {logging_mixin.py:188} INFO - [2025-10-12T10:03:01.721+0000] {dag.py:3823} INFO - Setting next_dagrun for tutorial_dag to None, run_after=None
[2025-10-12T10:03:01.745+0000] {processor.py:183} INFO - Processing /home/airflow/.local/lib/python3.8/site-packages/airflow/example_dags/tutorial_dag.py took 0.080 seconds
[2025-10-12T10:03:33.358+0000] {processor.py:161} INFO - Started process (PID=18669) to work on /home/airflow/.local/lib/python3.8/site-packages/airflow/example_dags/tutorial_dag.py
[2025-10-12T10:03:33.359+0000] {processor.py:830} INFO - Processing file /home/airflow/.local/lib/python3.8/site-packages/airflow/example_dags/tutorial_dag.py for tasks to queue
[2025-10-12T10:03:33.361+0000] {logging_mixin.py:188} INFO - [2025-10-12T10:03:33.361+0000] {dagbag.py:538} INFO - Filling up the DagBag from /home/airflow/.local/lib/python3.8/site-packages/airflow/example_dags/tutorial_dag.py
[2025-10-12T10:03:33.368+0000] {processor.py:840} INFO - DAG(s) 'tutorial_dag' retrieved from /home/airflow/.local/lib/python3.8/site-packages/airflow/example_dags/tutorial_dag.py
[2025-10-12T10:03:33.395+0000] {logging_mixin.py:188} INFO - [2025-10-12T10:03:33.395+0000] {dag.py:3036} INFO - Sync 1 DAGs
[2025-10-12T10:03:33.411+0000] {logging_mixin.py:188} INFO - [2025-10-12T10:03:33.411+0000] {dag.py:3823} INFO - Setting next_dagrun for tutorial_dag to None, run_after=None
[2025-10-12T10:03:33.435+0000] {processor.py:183} INFO - Processing /home/airflow/.local/lib/python3.8/site-packages/airflow/example_dags/tutorial_dag.py took 0.081 seconds
[2025-10-12T10:04:03.950+0000] {processor.py:161} INFO - Started process (PID=18739) to work on /home/airflow/.local/lib/python3.8/site-packages/airflow/example_dags/tutorial_dag.py
[2025-10-12T10:04:03.951+0000] {processor.py:830} INFO - Processing file /home/airflow/.local/lib/python3.8/site-packages/airflow/example_dags/tutorial_dag.py for tasks to queue
[2025-10-12T10:04:03.953+0000] {logging_mixin.py:188} INFO - [2025-10-12T10:04:03.953+0000] {dagbag.py:538} INFO - Filling up the DagBag from /home/airflow/.local/lib/python3.8/site-packages/airflow/example_dags/tutorial_dag.py
[2025-10-12T10:04:03.959+0000] {processor.py:840} INFO - DAG(s) 'tutorial_dag' retrieved from /home/airflow/.local/lib/python3.8/site-packages/airflow/example_dags/tutorial_dag.py
[2025-10-12T10:04:03.989+0000] {logging_mixin.py:188} INFO - [2025-10-12T10:04:03.989+0000] {dag.py:3036} INFO - Sync 1 DAGs
[2025-10-12T10:04:04.004+0000] {logging_mixin.py:188} INFO - [2025-10-12T10:04:04.004+0000] {dag.py:3823} INFO - Setting next_dagrun for tutorial_dag to None, run_after=None
[2025-10-12T10:04:04.027+0000] {processor.py:183} INFO - Processing /home/airflow/.local/lib/python3.8/site-packages/airflow/example_dags/tutorial_dag.py took 0.081 seconds
[2025-10-12T10:04:35.431+0000] {processor.py:161} INFO - Started process (PID=18809) to work on /home/airflow/.local/lib/python3.8/site-packages/airflow/example_dags/tutorial_dag.py
[2025-10-12T10:04:35.433+0000] {processor.py:830} INFO - Processing file /home/airflow/.local/lib/python3.8/site-packages/airflow/example_dags/tutorial_dag.py for tasks to queue
[2025-10-12T10:04:35.435+0000] {logging_mixin.py:188} INFO - [2025-10-12T10:04:35.435+0000] {dagbag.py:538} INFO - Filling up the DagBag from /home/airflow/.local/lib/python3.8/site-packages/airflow/example_dags/tutorial_dag.py
[2025-10-12T10:04:35.441+0000] {processor.py:840} INFO - DAG(s) 'tutorial_dag' retrieved from /home/airflow/.local/lib/python3.8/site-packages/airflow/example_dags/tutorial_dag.py
[2025-10-12T10:04:35.468+0000] {logging_mixin.py:188} INFO - [2025-10-12T10:04:35.468+0000] {dag.py:3036} INFO - Sync 1 DAGs
[2025-10-12T10:04:35.483+0000] {logging_mixin.py:188} INFO - [2025-10-12T10:04:35.482+0000] {dag.py:3823} INFO - Setting next_dagrun for tutorial_dag to None, run_after=None
[2025-10-12T10:04:35.506+0000] {processor.py:183} INFO - Processing /home/airflow/.local/lib/python3.8/site-packages/airflow/example_dags/tutorial_dag.py took 0.078 seconds
[2025-10-12T10:05:05.931+0000] {processor.py:161} INFO - Started process (PID=18879) to work on /home/airflow/.local/lib/python3.8/site-packages/airflow/example_dags/tutorial_dag.py
[2025-10-12T10:05:05.932+0000] {processor.py:830} INFO - Processing file /home/airflow/.local/lib/python3.8/site-packages/airflow/example_dags/tutorial_dag.py for tasks to queue
[2025-10-12T10:05:05.935+0000] {logging_mixin.py:188} INFO - [2025-10-12T10:05:05.935+0000] {dagbag.py:538} INFO - Filling up the DagBag from /home/airflow/.local/lib/python3.8/site-packages/airflow/example_dags/tutorial_dag.py
[2025-10-12T10:05:05.946+0000] {processor.py:840} INFO - DAG(s) 'tutorial_dag' retrieved from /home/airflow/.local/lib/python3.8/site-packages/airflow/example_dags/tutorial_dag.py
[2025-10-12T10:05:05.979+0000] {logging_mixin.py:188} INFO - [2025-10-12T10:05:05.978+0000] {dag.py:3036} INFO - Sync 1 DAGs
[2025-10-12T10:05:05.995+0000] {logging_mixin.py:188} INFO - [2025-10-12T10:05:05.994+0000] {dag.py:3823} INFO - Setting next_dagrun for tutorial_dag to None, run_after=None
[2025-10-12T10:05:06.017+0000] {processor.py:183} INFO - Processing /home/airflow/.local/lib/python3.8/site-packages/airflow/example_dags/tutorial_dag.py took 0.092 seconds
[2025-10-12T10:05:37.129+0000] {processor.py:161} INFO - Started process (PID=18949) to work on /home/airflow/.local/lib/python3.8/site-packages/airflow/example_dags/tutorial_dag.py
[2025-10-12T10:05:37.131+0000] {processor.py:830} INFO - Processing file /home/airflow/.local/lib/python3.8/site-packages/airflow/example_dags/tutorial_dag.py for tasks to queue
[2025-10-12T10:05:37.133+0000] {logging_mixin.py:188} INFO - [2025-10-12T10:05:37.133+0000] {dagbag.py:538} INFO - Filling up the DagBag from /home/airflow/.local/lib/python3.8/site-packages/airflow/example_dags/tutorial_dag.py
[2025-10-12T10:05:37.140+0000] {processor.py:840} INFO - DAG(s) 'tutorial_dag' retrieved from /home/airflow/.local/lib/python3.8/site-packages/airflow/example_dags/tutorial_dag.py
[2025-10-12T10:05:37.168+0000] {logging_mixin.py:188} INFO - [2025-10-12T10:05:37.168+0000] {dag.py:3036} INFO - Sync 1 DAGs
[2025-10-12T10:05:37.182+0000] {logging_mixin.py:188} INFO - [2025-10-12T10:05:37.182+0000] {dag.py:3823} INFO - Setting next_dagrun for tutorial_dag to None, run_after=None
[2025-10-12T10:05:37.205+0000] {processor.py:183} INFO - Processing /home/airflow/.local/lib/python3.8/site-packages/airflow/example_dags/tutorial_dag.py took 0.080 seconds
[2025-10-12T10:06:07.765+0000] {processor.py:161} INFO - Started process (PID=19019) to work on /home/airflow/.local/lib/python3.8/site-packages/airflow/example_dags/tutorial_dag.py
[2025-10-12T10:06:07.766+0000] {processor.py:830} INFO - Processing file /home/airflow/.local/lib/python3.8/site-packages/airflow/example_dags/tutorial_dag.py for tasks to queue
[2025-10-12T10:06:07.768+0000] {logging_mixin.py:188} INFO - [2025-10-12T10:06:07.768+0000] {dagbag.py:538} INFO - Filling up the DagBag from /home/airflow/.local/lib/python3.8/site-packages/airflow/example_dags/tutorial_dag.py
[2025-10-12T10:06:07.774+0000] {processor.py:840} INFO - DAG(s) 'tutorial_dag' retrieved from /home/airflow/.local/lib/python3.8/site-packages/airflow/example_dags/tutorial_dag.py
[2025-10-12T10:06:07.804+0000] {logging_mixin.py:188} INFO - [2025-10-12T10:06:07.803+0000] {dag.py:3036} INFO - Sync 1 DAGs
[2025-10-12T10:06:07.819+0000] {logging_mixin.py:188} INFO - [2025-10-12T10:06:07.818+0000] {dag.py:3823} INFO - Setting next_dagrun for tutorial_dag to None, run_after=None
[2025-10-12T10:06:07.842+0000] {processor.py:183} INFO - Processing /home/airflow/.local/lib/python3.8/site-packages/airflow/example_dags/tutorial_dag.py took 0.082 seconds
[2025-10-12T10:06:39.021+0000] {processor.py:161} INFO - Started process (PID=19095) to work on /home/airflow/.local/lib/python3.8/site-packages/airflow/example_dags/tutorial_dag.py
[2025-10-12T10:06:39.022+0000] {processor.py:830} INFO - Processing file /home/airflow/.local/lib/python3.8/site-packages/airflow/example_dags/tutorial_dag.py for tasks to queue
[2025-10-12T10:06:39.025+0000] {logging_mixin.py:188} INFO - [2025-10-12T10:06:39.024+0000] {dagbag.py:538} INFO - Filling up the DagBag from /home/airflow/.local/lib/python3.8/site-packages/airflow/example_dags/tutorial_dag.py
[2025-10-12T10:06:39.031+0000] {processor.py:840} INFO - DAG(s) 'tutorial_dag' retrieved from /home/airflow/.local/lib/python3.8/site-packages/airflow/example_dags/tutorial_dag.py
[2025-10-12T10:06:39.061+0000] {logging_mixin.py:188} INFO - [2025-10-12T10:06:39.061+0000] {dag.py:3036} INFO - Sync 1 DAGs
[2025-10-12T10:06:39.098+0000] {logging_mixin.py:188} INFO - [2025-10-12T10:06:39.098+0000] {dag.py:3823} INFO - Setting next_dagrun for tutorial_dag to None, run_after=None
[2025-10-12T10:06:39.132+0000] {processor.py:183} INFO - Processing /home/airflow/.local/lib/python3.8/site-packages/airflow/example_dags/tutorial_dag.py took 0.116 seconds
[2025-10-12T10:07:09.880+0000] {processor.py:161} INFO - Started process (PID=19164) to work on /home/airflow/.local/lib/python3.8/site-packages/airflow/example_dags/tutorial_dag.py
[2025-10-12T10:07:09.881+0000] {processor.py:830} INFO - Processing file /home/airflow/.local/lib/python3.8/site-packages/airflow/example_dags/tutorial_dag.py for tasks to queue
[2025-10-12T10:07:09.883+0000] {logging_mixin.py:188} INFO - [2025-10-12T10:07:09.883+0000] {dagbag.py:538} INFO - Filling up the DagBag from /home/airflow/.local/lib/python3.8/site-packages/airflow/example_dags/tutorial_dag.py
[2025-10-12T10:07:09.889+0000] {processor.py:840} INFO - DAG(s) 'tutorial_dag' retrieved from /home/airflow/.local/lib/python3.8/site-packages/airflow/example_dags/tutorial_dag.py
[2025-10-12T10:07:09.918+0000] {logging_mixin.py:188} INFO - [2025-10-12T10:07:09.917+0000] {dag.py:3036} INFO - Sync 1 DAGs
[2025-10-12T10:07:09.932+0000] {logging_mixin.py:188} INFO - [2025-10-12T10:07:09.932+0000] {dag.py:3823} INFO - Setting next_dagrun for tutorial_dag to None, run_after=None
[2025-10-12T10:07:09.956+0000] {processor.py:183} INFO - Processing /home/airflow/.local/lib/python3.8/site-packages/airflow/example_dags/tutorial_dag.py took 0.080 seconds
[2025-10-12T12:27:21.532+0000] {processor.py:161} INFO - Started process (PID=19229) to work on /home/airflow/.local/lib/python3.8/site-packages/airflow/example_dags/tutorial_dag.py
[2025-10-12T12:27:21.533+0000] {processor.py:830} INFO - Processing file /home/airflow/.local/lib/python3.8/site-packages/airflow/example_dags/tutorial_dag.py for tasks to queue
[2025-10-12T12:27:21.536+0000] {logging_mixin.py:188} INFO - [2025-10-12T12:27:21.535+0000] {dagbag.py:538} INFO - Filling up the DagBag from /home/airflow/.local/lib/python3.8/site-packages/airflow/example_dags/tutorial_dag.py
[2025-10-12T12:27:21.543+0000] {processor.py:840} INFO - DAG(s) 'tutorial_dag' retrieved from /home/airflow/.local/lib/python3.8/site-packages/airflow/example_dags/tutorial_dag.py
[2025-10-12T12:27:21.576+0000] {logging_mixin.py:188} INFO - [2025-10-12T12:27:21.575+0000] {dag.py:3036} INFO - Sync 1 DAGs
[2025-10-12T12:27:21.593+0000] {logging_mixin.py:188} INFO - [2025-10-12T12:27:21.593+0000] {dag.py:3823} INFO - Setting next_dagrun for tutorial_dag to None, run_after=None
[2025-10-12T12:27:21.620+0000] {processor.py:183} INFO - Processing /home/airflow/.local/lib/python3.8/site-packages/airflow/example_dags/tutorial_dag.py took 0.092 seconds
[2025-10-12T12:27:51.986+0000] {processor.py:161} INFO - Started process (PID=19306) to work on /home/airflow/.local/lib/python3.8/site-packages/airflow/example_dags/tutorial_dag.py
[2025-10-12T12:27:51.987+0000] {processor.py:830} INFO - Processing file /home/airflow/.local/lib/python3.8/site-packages/airflow/example_dags/tutorial_dag.py for tasks to queue
[2025-10-12T12:27:51.990+0000] {logging_mixin.py:188} INFO - [2025-10-12T12:27:51.989+0000] {dagbag.py:538} INFO - Filling up the DagBag from /home/airflow/.local/lib/python3.8/site-packages/airflow/example_dags/tutorial_dag.py
[2025-10-12T12:27:51.996+0000] {processor.py:840} INFO - DAG(s) 'tutorial_dag' retrieved from /home/airflow/.local/lib/python3.8/site-packages/airflow/example_dags/tutorial_dag.py
[2025-10-12T12:27:52.023+0000] {logging_mixin.py:188} INFO - [2025-10-12T12:27:52.023+0000] {dag.py:3036} INFO - Sync 1 DAGs
[2025-10-12T12:27:52.037+0000] {logging_mixin.py:188} INFO - [2025-10-12T12:27:52.037+0000] {dag.py:3823} INFO - Setting next_dagrun for tutorial_dag to None, run_after=None
[2025-10-12T12:27:52.060+0000] {processor.py:183} INFO - Processing /home/airflow/.local/lib/python3.8/site-packages/airflow/example_dags/tutorial_dag.py took 0.078 seconds
[2025-10-12T12:28:27.221+0000] {processor.py:161} INFO - Started process (PID=19376) to work on /home/airflow/.local/lib/python3.8/site-packages/airflow/example_dags/tutorial_dag.py
[2025-10-12T12:28:27.223+0000] {processor.py:830} INFO - Processing file /home/airflow/.local/lib/python3.8/site-packages/airflow/example_dags/tutorial_dag.py for tasks to queue
[2025-10-12T12:28:27.225+0000] {logging_mixin.py:188} INFO - [2025-10-12T12:28:27.225+0000] {dagbag.py:538} INFO - Filling up the DagBag from /home/airflow/.local/lib/python3.8/site-packages/airflow/example_dags/tutorial_dag.py
[2025-10-12T12:28:27.231+0000] {processor.py:840} INFO - DAG(s) 'tutorial_dag' retrieved from /home/airflow/.local/lib/python3.8/site-packages/airflow/example_dags/tutorial_dag.py
[2025-10-12T12:28:27.263+0000] {logging_mixin.py:188} INFO - [2025-10-12T12:28:27.263+0000] {dag.py:3036} INFO - Sync 1 DAGs
[2025-10-12T12:28:27.279+0000] {logging_mixin.py:188} INFO - [2025-10-12T12:28:27.279+0000] {dag.py:3823} INFO - Setting next_dagrun for tutorial_dag to None, run_after=None
[2025-10-12T12:28:27.311+0000] {processor.py:183} INFO - Processing /home/airflow/.local/lib/python3.8/site-packages/airflow/example_dags/tutorial_dag.py took 0.093 seconds
[2025-10-12T12:28:57.499+0000] {processor.py:161} INFO - Started process (PID=19445) to work on /home/airflow/.local/lib/python3.8/site-packages/airflow/example_dags/tutorial_dag.py
[2025-10-12T12:28:57.500+0000] {processor.py:830} INFO - Processing file /home/airflow/.local/lib/python3.8/site-packages/airflow/example_dags/tutorial_dag.py for tasks to queue
[2025-10-12T12:28:57.503+0000] {logging_mixin.py:188} INFO - [2025-10-12T12:28:57.503+0000] {dagbag.py:538} INFO - Filling up the DagBag from /home/airflow/.local/lib/python3.8/site-packages/airflow/example_dags/tutorial_dag.py
[2025-10-12T12:28:57.509+0000] {processor.py:840} INFO - DAG(s) 'tutorial_dag' retrieved from /home/airflow/.local/lib/python3.8/site-packages/airflow/example_dags/tutorial_dag.py
[2025-10-12T12:28:57.536+0000] {logging_mixin.py:188} INFO - [2025-10-12T12:28:57.535+0000] {dag.py:3036} INFO - Sync 1 DAGs
[2025-10-12T12:28:57.550+0000] {logging_mixin.py:188} INFO - [2025-10-12T12:28:57.550+0000] {dag.py:3823} INFO - Setting next_dagrun for tutorial_dag to None, run_after=None
[2025-10-12T12:28:57.573+0000] {processor.py:183} INFO - Processing /home/airflow/.local/lib/python3.8/site-packages/airflow/example_dags/tutorial_dag.py took 0.078 seconds
[2025-10-12T12:29:27.963+0000] {processor.py:161} INFO - Started process (PID=19515) to work on /home/airflow/.local/lib/python3.8/site-packages/airflow/example_dags/tutorial_dag.py
[2025-10-12T12:29:27.965+0000] {processor.py:830} INFO - Processing file /home/airflow/.local/lib/python3.8/site-packages/airflow/example_dags/tutorial_dag.py for tasks to queue
[2025-10-12T12:29:27.967+0000] {logging_mixin.py:188} INFO - [2025-10-12T12:29:27.966+0000] {dagbag.py:538} INFO - Filling up the DagBag from /home/airflow/.local/lib/python3.8/site-packages/airflow/example_dags/tutorial_dag.py
[2025-10-12T12:29:27.973+0000] {processor.py:840} INFO - DAG(s) 'tutorial_dag' retrieved from /home/airflow/.local/lib/python3.8/site-packages/airflow/example_dags/tutorial_dag.py
[2025-10-12T12:29:27.999+0000] {logging_mixin.py:188} INFO - [2025-10-12T12:29:27.999+0000] {dag.py:3036} INFO - Sync 1 DAGs
[2025-10-12T12:29:28.013+0000] {logging_mixin.py:188} INFO - [2025-10-12T12:29:28.013+0000] {dag.py:3823} INFO - Setting next_dagrun for tutorial_dag to None, run_after=None
[2025-10-12T12:29:28.037+0000] {processor.py:183} INFO - Processing /home/airflow/.local/lib/python3.8/site-packages/airflow/example_dags/tutorial_dag.py took 0.077 seconds
[2025-10-12T12:29:58.324+0000] {processor.py:161} INFO - Started process (PID=19586) to work on /home/airflow/.local/lib/python3.8/site-packages/airflow/example_dags/tutorial_dag.py
[2025-10-12T12:29:58.325+0000] {processor.py:830} INFO - Processing file /home/airflow/.local/lib/python3.8/site-packages/airflow/example_dags/tutorial_dag.py for tasks to queue
[2025-10-12T12:29:58.327+0000] {logging_mixin.py:188} INFO - [2025-10-12T12:29:58.327+0000] {dagbag.py:538} INFO - Filling up the DagBag from /home/airflow/.local/lib/python3.8/site-packages/airflow/example_dags/tutorial_dag.py
[2025-10-12T12:29:58.333+0000] {processor.py:840} INFO - DAG(s) 'tutorial_dag' retrieved from /home/airflow/.local/lib/python3.8/site-packages/airflow/example_dags/tutorial_dag.py
[2025-10-12T12:29:58.358+0000] {logging_mixin.py:188} INFO - [2025-10-12T12:29:58.357+0000] {dag.py:3036} INFO - Sync 1 DAGs
[2025-10-12T12:29:58.371+0000] {logging_mixin.py:188} INFO - [2025-10-12T12:29:58.371+0000] {dag.py:3823} INFO - Setting next_dagrun for tutorial_dag to None, run_after=None
[2025-10-12T12:29:58.393+0000] {processor.py:183} INFO - Processing /home/airflow/.local/lib/python3.8/site-packages/airflow/example_dags/tutorial_dag.py took 0.073 seconds
[2025-10-12T12:30:29.052+0000] {processor.py:161} INFO - Started process (PID=19656) to work on /home/airflow/.local/lib/python3.8/site-packages/airflow/example_dags/tutorial_dag.py
[2025-10-12T12:30:29.053+0000] {processor.py:830} INFO - Processing file /home/airflow/.local/lib/python3.8/site-packages/airflow/example_dags/tutorial_dag.py for tasks to queue
[2025-10-12T12:30:29.055+0000] {logging_mixin.py:188} INFO - [2025-10-12T12:30:29.055+0000] {dagbag.py:538} INFO - Filling up the DagBag from /home/airflow/.local/lib/python3.8/site-packages/airflow/example_dags/tutorial_dag.py
[2025-10-12T12:30:29.061+0000] {processor.py:840} INFO - DAG(s) 'tutorial_dag' retrieved from /home/airflow/.local/lib/python3.8/site-packages/airflow/example_dags/tutorial_dag.py
[2025-10-12T12:30:29.089+0000] {logging_mixin.py:188} INFO - [2025-10-12T12:30:29.089+0000] {dag.py:3036} INFO - Sync 1 DAGs
[2025-10-12T12:30:29.104+0000] {logging_mixin.py:188} INFO - [2025-10-12T12:30:29.103+0000] {dag.py:3823} INFO - Setting next_dagrun for tutorial_dag to None, run_after=None
[2025-10-12T12:30:29.128+0000] {processor.py:183} INFO - Processing /home/airflow/.local/lib/python3.8/site-packages/airflow/example_dags/tutorial_dag.py took 0.080 seconds
[2025-10-12T12:31:00.290+0000] {processor.py:161} INFO - Started process (PID=19726) to work on /home/airflow/.local/lib/python3.8/site-packages/airflow/example_dags/tutorial_dag.py
[2025-10-12T12:31:00.292+0000] {processor.py:830} INFO - Processing file /home/airflow/.local/lib/python3.8/site-packages/airflow/example_dags/tutorial_dag.py for tasks to queue
[2025-10-12T12:31:00.294+0000] {logging_mixin.py:188} INFO - [2025-10-12T12:31:00.294+0000] {dagbag.py:538} INFO - Filling up the DagBag from /home/airflow/.local/lib/python3.8/site-packages/airflow/example_dags/tutorial_dag.py
[2025-10-12T12:31:00.302+0000] {processor.py:840} INFO - DAG(s) 'tutorial_dag' retrieved from /home/airflow/.local/lib/python3.8/site-packages/airflow/example_dags/tutorial_dag.py
[2025-10-12T12:31:00.335+0000] {logging_mixin.py:188} INFO - [2025-10-12T12:31:00.335+0000] {dag.py:3036} INFO - Sync 1 DAGs
[2025-10-12T12:31:00.350+0000] {logging_mixin.py:188} INFO - [2025-10-12T12:31:00.350+0000] {dag.py:3823} INFO - Setting next_dagrun for tutorial_dag to None, run_after=None
[2025-10-12T12:31:00.376+0000] {processor.py:183} INFO - Processing /home/airflow/.local/lib/python3.8/site-packages/airflow/example_dags/tutorial_dag.py took 0.092 seconds
[2025-10-12T12:31:30.504+0000] {processor.py:161} INFO - Started process (PID=19796) to work on /home/airflow/.local/lib/python3.8/site-packages/airflow/example_dags/tutorial_dag.py
[2025-10-12T12:31:30.505+0000] {processor.py:830} INFO - Processing file /home/airflow/.local/lib/python3.8/site-packages/airflow/example_dags/tutorial_dag.py for tasks to queue
[2025-10-12T12:31:30.507+0000] {logging_mixin.py:188} INFO - [2025-10-12T12:31:30.507+0000] {dagbag.py:538} INFO - Filling up the DagBag from /home/airflow/.local/lib/python3.8/site-packages/airflow/example_dags/tutorial_dag.py
[2025-10-12T12:31:30.513+0000] {processor.py:840} INFO - DAG(s) 'tutorial_dag' retrieved from /home/airflow/.local/lib/python3.8/site-packages/airflow/example_dags/tutorial_dag.py
[2025-10-12T12:31:30.541+0000] {logging_mixin.py:188} INFO - [2025-10-12T12:31:30.540+0000] {dag.py:3036} INFO - Sync 1 DAGs
[2025-10-12T12:31:30.555+0000] {logging_mixin.py:188} INFO - [2025-10-12T12:31:30.554+0000] {dag.py:3823} INFO - Setting next_dagrun for tutorial_dag to None, run_after=None
[2025-10-12T12:31:30.578+0000] {processor.py:183} INFO - Processing /home/airflow/.local/lib/python3.8/site-packages/airflow/example_dags/tutorial_dag.py took 0.078 seconds
[2025-10-12T12:32:01.120+0000] {processor.py:161} INFO - Started process (PID=19866) to work on /home/airflow/.local/lib/python3.8/site-packages/airflow/example_dags/tutorial_dag.py
[2025-10-12T12:32:01.121+0000] {processor.py:830} INFO - Processing file /home/airflow/.local/lib/python3.8/site-packages/airflow/example_dags/tutorial_dag.py for tasks to queue
[2025-10-12T12:32:01.124+0000] {logging_mixin.py:188} INFO - [2025-10-12T12:32:01.123+0000] {dagbag.py:538} INFO - Filling up the DagBag from /home/airflow/.local/lib/python3.8/site-packages/airflow/example_dags/tutorial_dag.py
[2025-10-12T12:32:01.130+0000] {processor.py:840} INFO - DAG(s) 'tutorial_dag' retrieved from /home/airflow/.local/lib/python3.8/site-packages/airflow/example_dags/tutorial_dag.py
[2025-10-12T12:32:01.157+0000] {logging_mixin.py:188} INFO - [2025-10-12T12:32:01.157+0000] {dag.py:3036} INFO - Sync 1 DAGs
[2025-10-12T12:32:01.174+0000] {logging_mixin.py:188} INFO - [2025-10-12T12:32:01.174+0000] {dag.py:3823} INFO - Setting next_dagrun for tutorial_dag to None, run_after=None
[2025-10-12T12:32:01.204+0000] {processor.py:183} INFO - Processing /home/airflow/.local/lib/python3.8/site-packages/airflow/example_dags/tutorial_dag.py took 0.087 seconds
[2025-10-12T12:32:32.823+0000] {processor.py:161} INFO - Started process (PID=19936) to work on /home/airflow/.local/lib/python3.8/site-packages/airflow/example_dags/tutorial_dag.py
[2025-10-12T12:32:32.825+0000] {processor.py:830} INFO - Processing file /home/airflow/.local/lib/python3.8/site-packages/airflow/example_dags/tutorial_dag.py for tasks to queue
[2025-10-12T12:32:32.828+0000] {logging_mixin.py:188} INFO - [2025-10-12T12:32:32.827+0000] {dagbag.py:538} INFO - Filling up the DagBag from /home/airflow/.local/lib/python3.8/site-packages/airflow/example_dags/tutorial_dag.py
[2025-10-12T12:32:32.835+0000] {processor.py:840} INFO - DAG(s) 'tutorial_dag' retrieved from /home/airflow/.local/lib/python3.8/site-packages/airflow/example_dags/tutorial_dag.py
[2025-10-12T12:32:32.870+0000] {logging_mixin.py:188} INFO - [2025-10-12T12:32:32.869+0000] {dag.py:3036} INFO - Sync 1 DAGs
[2025-10-12T12:32:32.886+0000] {logging_mixin.py:188} INFO - [2025-10-12T12:32:32.885+0000] {dag.py:3823} INFO - Setting next_dagrun for tutorial_dag to None, run_after=None
[2025-10-12T12:32:32.910+0000] {processor.py:183} INFO - Processing /home/airflow/.local/lib/python3.8/site-packages/airflow/example_dags/tutorial_dag.py took 0.091 seconds
[2025-10-12T12:33:03.068+0000] {processor.py:161} INFO - Started process (PID=20006) to work on /home/airflow/.local/lib/python3.8/site-packages/airflow/example_dags/tutorial_dag.py
[2025-10-12T12:33:03.069+0000] {processor.py:830} INFO - Processing file /home/airflow/.local/lib/python3.8/site-packages/airflow/example_dags/tutorial_dag.py for tasks to queue
[2025-10-12T12:33:03.072+0000] {logging_mixin.py:188} INFO - [2025-10-12T12:33:03.071+0000] {dagbag.py:538} INFO - Filling up the DagBag from /home/airflow/.local/lib/python3.8/site-packages/airflow/example_dags/tutorial_dag.py
[2025-10-12T12:33:03.078+0000] {processor.py:840} INFO - DAG(s) 'tutorial_dag' retrieved from /home/airflow/.local/lib/python3.8/site-packages/airflow/example_dags/tutorial_dag.py
[2025-10-12T12:33:03.108+0000] {logging_mixin.py:188} INFO - [2025-10-12T12:33:03.108+0000] {dag.py:3036} INFO - Sync 1 DAGs
[2025-10-12T12:33:03.125+0000] {logging_mixin.py:188} INFO - [2025-10-12T12:33:03.124+0000] {dag.py:3823} INFO - Setting next_dagrun for tutorial_dag to None, run_after=None
[2025-10-12T12:33:03.149+0000] {processor.py:183} INFO - Processing /home/airflow/.local/lib/python3.8/site-packages/airflow/example_dags/tutorial_dag.py took 0.087 seconds
[2025-10-12T12:33:33.577+0000] {processor.py:161} INFO - Started process (PID=20076) to work on /home/airflow/.local/lib/python3.8/site-packages/airflow/example_dags/tutorial_dag.py
[2025-10-12T12:33:33.578+0000] {processor.py:830} INFO - Processing file /home/airflow/.local/lib/python3.8/site-packages/airflow/example_dags/tutorial_dag.py for tasks to queue
[2025-10-12T12:33:33.580+0000] {logging_mixin.py:188} INFO - [2025-10-12T12:33:33.580+0000] {dagbag.py:538} INFO - Filling up the DagBag from /home/airflow/.local/lib/python3.8/site-packages/airflow/example_dags/tutorial_dag.py
[2025-10-12T12:33:33.588+0000] {processor.py:840} INFO - DAG(s) 'tutorial_dag' retrieved from /home/airflow/.local/lib/python3.8/site-packages/airflow/example_dags/tutorial_dag.py
[2025-10-12T12:33:33.638+0000] {logging_mixin.py:188} INFO - [2025-10-12T12:33:33.638+0000] {dag.py:3036} INFO - Sync 1 DAGs
[2025-10-12T12:33:33.663+0000] {logging_mixin.py:188} INFO - [2025-10-12T12:33:33.662+0000] {dag.py:3823} INFO - Setting next_dagrun for tutorial_dag to None, run_after=None
[2025-10-12T12:33:33.697+0000] {processor.py:183} INFO - Processing /home/airflow/.local/lib/python3.8/site-packages/airflow/example_dags/tutorial_dag.py took 0.125 seconds
[2025-10-12T12:34:04.064+0000] {processor.py:161} INFO - Started process (PID=20145) to work on /home/airflow/.local/lib/python3.8/site-packages/airflow/example_dags/tutorial_dag.py
[2025-10-12T12:34:04.065+0000] {processor.py:830} INFO - Processing file /home/airflow/.local/lib/python3.8/site-packages/airflow/example_dags/tutorial_dag.py for tasks to queue
[2025-10-12T12:34:04.068+0000] {logging_mixin.py:188} INFO - [2025-10-12T12:34:04.067+0000] {dagbag.py:538} INFO - Filling up the DagBag from /home/airflow/.local/lib/python3.8/site-packages/airflow/example_dags/tutorial_dag.py
[2025-10-12T12:34:04.074+0000] {processor.py:840} INFO - DAG(s) 'tutorial_dag' retrieved from /home/airflow/.local/lib/python3.8/site-packages/airflow/example_dags/tutorial_dag.py
[2025-10-12T12:34:04.102+0000] {logging_mixin.py:188} INFO - [2025-10-12T12:34:04.101+0000] {dag.py:3036} INFO - Sync 1 DAGs
[2025-10-12T12:34:04.119+0000] {logging_mixin.py:188} INFO - [2025-10-12T12:34:04.118+0000] {dag.py:3823} INFO - Setting next_dagrun for tutorial_dag to None, run_after=None
[2025-10-12T12:34:04.143+0000] {processor.py:183} INFO - Processing /home/airflow/.local/lib/python3.8/site-packages/airflow/example_dags/tutorial_dag.py took 0.083 seconds
[2025-10-12T12:34:35.044+0000] {processor.py:161} INFO - Started process (PID=20215) to work on /home/airflow/.local/lib/python3.8/site-packages/airflow/example_dags/tutorial_dag.py
[2025-10-12T12:34:35.045+0000] {processor.py:830} INFO - Processing file /home/airflow/.local/lib/python3.8/site-packages/airflow/example_dags/tutorial_dag.py for tasks to queue
[2025-10-12T12:34:35.048+0000] {logging_mixin.py:188} INFO - [2025-10-12T12:34:35.047+0000] {dagbag.py:538} INFO - Filling up the DagBag from /home/airflow/.local/lib/python3.8/site-packages/airflow/example_dags/tutorial_dag.py
[2025-10-12T12:34:35.054+0000] {processor.py:840} INFO - DAG(s) 'tutorial_dag' retrieved from /home/airflow/.local/lib/python3.8/site-packages/airflow/example_dags/tutorial_dag.py
[2025-10-12T12:34:35.083+0000] {logging_mixin.py:188} INFO - [2025-10-12T12:34:35.082+0000] {dag.py:3036} INFO - Sync 1 DAGs
[2025-10-12T12:34:35.100+0000] {logging_mixin.py:188} INFO - [2025-10-12T12:34:35.099+0000] {dag.py:3823} INFO - Setting next_dagrun for tutorial_dag to None, run_after=None
[2025-10-12T12:34:35.127+0000] {processor.py:183} INFO - Processing /home/airflow/.local/lib/python3.8/site-packages/airflow/example_dags/tutorial_dag.py took 0.086 seconds
[2025-10-12T12:35:05.216+0000] {processor.py:161} INFO - Started process (PID=20284) to work on /home/airflow/.local/lib/python3.8/site-packages/airflow/example_dags/tutorial_dag.py
[2025-10-12T12:35:05.217+0000] {processor.py:830} INFO - Processing file /home/airflow/.local/lib/python3.8/site-packages/airflow/example_dags/tutorial_dag.py for tasks to queue
[2025-10-12T12:35:05.219+0000] {logging_mixin.py:188} INFO - [2025-10-12T12:35:05.219+0000] {dagbag.py:538} INFO - Filling up the DagBag from /home/airflow/.local/lib/python3.8/site-packages/airflow/example_dags/tutorial_dag.py
[2025-10-12T12:35:05.225+0000] {processor.py:840} INFO - DAG(s) 'tutorial_dag' retrieved from /home/airflow/.local/lib/python3.8/site-packages/airflow/example_dags/tutorial_dag.py
[2025-10-12T12:35:05.254+0000] {logging_mixin.py:188} INFO - [2025-10-12T12:35:05.253+0000] {dag.py:3036} INFO - Sync 1 DAGs
[2025-10-12T12:35:05.268+0000] {logging_mixin.py:188} INFO - [2025-10-12T12:35:05.267+0000] {dag.py:3823} INFO - Setting next_dagrun for tutorial_dag to None, run_after=None
[2025-10-12T12:35:05.298+0000] {processor.py:183} INFO - Processing /home/airflow/.local/lib/python3.8/site-packages/airflow/example_dags/tutorial_dag.py took 0.086 seconds
[2025-10-12T12:35:35.964+0000] {processor.py:161} INFO - Started process (PID=20354) to work on /home/airflow/.local/lib/python3.8/site-packages/airflow/example_dags/tutorial_dag.py
[2025-10-12T12:35:35.965+0000] {processor.py:830} INFO - Processing file /home/airflow/.local/lib/python3.8/site-packages/airflow/example_dags/tutorial_dag.py for tasks to queue
[2025-10-12T12:35:35.967+0000] {logging_mixin.py:188} INFO - [2025-10-12T12:35:35.967+0000] {dagbag.py:538} INFO - Filling up the DagBag from /home/airflow/.local/lib/python3.8/site-packages/airflow/example_dags/tutorial_dag.py
[2025-10-12T12:35:35.973+0000] {processor.py:840} INFO - DAG(s) 'tutorial_dag' retrieved from /home/airflow/.local/lib/python3.8/site-packages/airflow/example_dags/tutorial_dag.py
[2025-10-12T12:35:36.001+0000] {logging_mixin.py:188} INFO - [2025-10-12T12:35:36.001+0000] {dag.py:3036} INFO - Sync 1 DAGs
[2025-10-12T12:35:36.015+0000] {logging_mixin.py:188} INFO - [2025-10-12T12:35:36.015+0000] {dag.py:3823} INFO - Setting next_dagrun for tutorial_dag to None, run_after=None
[2025-10-12T12:35:36.038+0000] {processor.py:183} INFO - Processing /home/airflow/.local/lib/python3.8/site-packages/airflow/example_dags/tutorial_dag.py took 0.077 seconds
[2025-10-12T12:36:06.600+0000] {processor.py:161} INFO - Started process (PID=20424) to work on /home/airflow/.local/lib/python3.8/site-packages/airflow/example_dags/tutorial_dag.py
[2025-10-12T12:36:06.601+0000] {processor.py:830} INFO - Processing file /home/airflow/.local/lib/python3.8/site-packages/airflow/example_dags/tutorial_dag.py for tasks to queue
[2025-10-12T12:36:06.603+0000] {logging_mixin.py:188} INFO - [2025-10-12T12:36:06.603+0000] {dagbag.py:538} INFO - Filling up the DagBag from /home/airflow/.local/lib/python3.8/site-packages/airflow/example_dags/tutorial_dag.py
[2025-10-12T12:36:06.609+0000] {processor.py:840} INFO - DAG(s) 'tutorial_dag' retrieved from /home/airflow/.local/lib/python3.8/site-packages/airflow/example_dags/tutorial_dag.py
[2025-10-12T12:36:06.638+0000] {logging_mixin.py:188} INFO - [2025-10-12T12:36:06.637+0000] {dag.py:3036} INFO - Sync 1 DAGs
[2025-10-12T12:36:06.655+0000] {logging_mixin.py:188} INFO - [2025-10-12T12:36:06.655+0000] {dag.py:3823} INFO - Setting next_dagrun for tutorial_dag to None, run_after=None
[2025-10-12T12:36:06.682+0000] {processor.py:183} INFO - Processing /home/airflow/.local/lib/python3.8/site-packages/airflow/example_dags/tutorial_dag.py took 0.086 seconds
[2025-10-12T12:36:37.758+0000] {processor.py:161} INFO - Started process (PID=20494) to work on /home/airflow/.local/lib/python3.8/site-packages/airflow/example_dags/tutorial_dag.py
[2025-10-12T12:36:37.760+0000] {processor.py:830} INFO - Processing file /home/airflow/.local/lib/python3.8/site-packages/airflow/example_dags/tutorial_dag.py for tasks to queue
[2025-10-12T12:36:37.762+0000] {logging_mixin.py:188} INFO - [2025-10-12T12:36:37.762+0000] {dagbag.py:538} INFO - Filling up the DagBag from /home/airflow/.local/lib/python3.8/site-packages/airflow/example_dags/tutorial_dag.py
[2025-10-12T12:36:37.768+0000] {processor.py:840} INFO - DAG(s) 'tutorial_dag' retrieved from /home/airflow/.local/lib/python3.8/site-packages/airflow/example_dags/tutorial_dag.py
[2025-10-12T12:36:37.797+0000] {logging_mixin.py:188} INFO - [2025-10-12T12:36:37.797+0000] {dag.py:3036} INFO - Sync 1 DAGs
[2025-10-12T12:36:37.811+0000] {logging_mixin.py:188} INFO - [2025-10-12T12:36:37.811+0000] {dag.py:3823} INFO - Setting next_dagrun for tutorial_dag to None, run_after=None
[2025-10-12T12:36:37.836+0000] {processor.py:183} INFO - Processing /home/airflow/.local/lib/python3.8/site-packages/airflow/example_dags/tutorial_dag.py took 0.081 seconds
[2025-10-12T12:37:09.239+0000] {processor.py:161} INFO - Started process (PID=20564) to work on /home/airflow/.local/lib/python3.8/site-packages/airflow/example_dags/tutorial_dag.py
[2025-10-12T12:37:09.241+0000] {processor.py:830} INFO - Processing file /home/airflow/.local/lib/python3.8/site-packages/airflow/example_dags/tutorial_dag.py for tasks to queue
[2025-10-12T12:37:09.243+0000] {logging_mixin.py:188} INFO - [2025-10-12T12:37:09.243+0000] {dagbag.py:538} INFO - Filling up the DagBag from /home/airflow/.local/lib/python3.8/site-packages/airflow/example_dags/tutorial_dag.py
[2025-10-12T12:37:09.252+0000] {processor.py:840} INFO - DAG(s) 'tutorial_dag' retrieved from /home/airflow/.local/lib/python3.8/site-packages/airflow/example_dags/tutorial_dag.py
[2025-10-12T12:37:09.285+0000] {logging_mixin.py:188} INFO - [2025-10-12T12:37:09.285+0000] {dag.py:3036} INFO - Sync 1 DAGs
[2025-10-12T12:37:09.310+0000] {logging_mixin.py:188} INFO - [2025-10-12T12:37:09.310+0000] {dag.py:3823} INFO - Setting next_dagrun for tutorial_dag to None, run_after=None
[2025-10-12T12:37:09.342+0000] {processor.py:183} INFO - Processing /home/airflow/.local/lib/python3.8/site-packages/airflow/example_dags/tutorial_dag.py took 0.106 seconds
[2025-10-12T12:37:40.319+0000] {processor.py:161} INFO - Started process (PID=20634) to work on /home/airflow/.local/lib/python3.8/site-packages/airflow/example_dags/tutorial_dag.py
[2025-10-12T12:37:40.321+0000] {processor.py:830} INFO - Processing file /home/airflow/.local/lib/python3.8/site-packages/airflow/example_dags/tutorial_dag.py for tasks to queue
[2025-10-12T12:37:40.323+0000] {logging_mixin.py:188} INFO - [2025-10-12T12:37:40.323+0000] {dagbag.py:538} INFO - Filling up the DagBag from /home/airflow/.local/lib/python3.8/site-packages/airflow/example_dags/tutorial_dag.py
[2025-10-12T12:37:40.329+0000] {processor.py:840} INFO - DAG(s) 'tutorial_dag' retrieved from /home/airflow/.local/lib/python3.8/site-packages/airflow/example_dags/tutorial_dag.py
[2025-10-12T12:37:40.358+0000] {logging_mixin.py:188} INFO - [2025-10-12T12:37:40.358+0000] {dag.py:3036} INFO - Sync 1 DAGs
[2025-10-12T12:37:40.373+0000] {logging_mixin.py:188} INFO - [2025-10-12T12:37:40.373+0000] {dag.py:3823} INFO - Setting next_dagrun for tutorial_dag to None, run_after=None
[2025-10-12T12:37:40.397+0000] {processor.py:183} INFO - Processing /home/airflow/.local/lib/python3.8/site-packages/airflow/example_dags/tutorial_dag.py took 0.081 seconds
[2025-10-12T12:38:11.158+0000] {processor.py:161} INFO - Started process (PID=20704) to work on /home/airflow/.local/lib/python3.8/site-packages/airflow/example_dags/tutorial_dag.py
[2025-10-12T12:38:11.159+0000] {processor.py:830} INFO - Processing file /home/airflow/.local/lib/python3.8/site-packages/airflow/example_dags/tutorial_dag.py for tasks to queue
[2025-10-12T12:38:11.162+0000] {logging_mixin.py:188} INFO - [2025-10-12T12:38:11.161+0000] {dagbag.py:538} INFO - Filling up the DagBag from /home/airflow/.local/lib/python3.8/site-packages/airflow/example_dags/tutorial_dag.py
[2025-10-12T12:38:11.168+0000] {processor.py:840} INFO - DAG(s) 'tutorial_dag' retrieved from /home/airflow/.local/lib/python3.8/site-packages/airflow/example_dags/tutorial_dag.py
[2025-10-12T12:38:11.196+0000] {logging_mixin.py:188} INFO - [2025-10-12T12:38:11.196+0000] {dag.py:3036} INFO - Sync 1 DAGs
[2025-10-12T12:38:11.210+0000] {logging_mixin.py:188} INFO - [2025-10-12T12:38:11.210+0000] {dag.py:3823} INFO - Setting next_dagrun for tutorial_dag to None, run_after=None
[2025-10-12T12:38:11.234+0000] {processor.py:183} INFO - Processing /home/airflow/.local/lib/python3.8/site-packages/airflow/example_dags/tutorial_dag.py took 0.080 seconds
[2025-10-12T12:38:42.165+0000] {processor.py:161} INFO - Started process (PID=20774) to work on /home/airflow/.local/lib/python3.8/site-packages/airflow/example_dags/tutorial_dag.py
[2025-10-12T12:38:42.167+0000] {processor.py:830} INFO - Processing file /home/airflow/.local/lib/python3.8/site-packages/airflow/example_dags/tutorial_dag.py for tasks to queue
[2025-10-12T12:38:42.169+0000] {logging_mixin.py:188} INFO - [2025-10-12T12:38:42.169+0000] {dagbag.py:538} INFO - Filling up the DagBag from /home/airflow/.local/lib/python3.8/site-packages/airflow/example_dags/tutorial_dag.py
[2025-10-12T12:38:42.175+0000] {processor.py:840} INFO - DAG(s) 'tutorial_dag' retrieved from /home/airflow/.local/lib/python3.8/site-packages/airflow/example_dags/tutorial_dag.py
[2025-10-12T12:38:42.203+0000] {logging_mixin.py:188} INFO - [2025-10-12T12:38:42.203+0000] {dag.py:3036} INFO - Sync 1 DAGs
[2025-10-12T12:38:42.219+0000] {logging_mixin.py:188} INFO - [2025-10-12T12:38:42.218+0000] {dag.py:3823} INFO - Setting next_dagrun for tutorial_dag to None, run_after=None
[2025-10-12T12:38:42.241+0000] {processor.py:183} INFO - Processing /home/airflow/.local/lib/python3.8/site-packages/airflow/example_dags/tutorial_dag.py took 0.079 seconds
[2025-10-12T12:39:13.736+0000] {processor.py:161} INFO - Started process (PID=20844) to work on /home/airflow/.local/lib/python3.8/site-packages/airflow/example_dags/tutorial_dag.py
[2025-10-12T12:39:13.737+0000] {processor.py:830} INFO - Processing file /home/airflow/.local/lib/python3.8/site-packages/airflow/example_dags/tutorial_dag.py for tasks to queue
[2025-10-12T12:39:13.740+0000] {logging_mixin.py:188} INFO - [2025-10-12T12:39:13.739+0000] {dagbag.py:538} INFO - Filling up the DagBag from /home/airflow/.local/lib/python3.8/site-packages/airflow/example_dags/tutorial_dag.py
[2025-10-12T12:39:13.747+0000] {processor.py:840} INFO - DAG(s) 'tutorial_dag' retrieved from /home/airflow/.local/lib/python3.8/site-packages/airflow/example_dags/tutorial_dag.py
[2025-10-12T12:39:13.779+0000] {logging_mixin.py:188} INFO - [2025-10-12T12:39:13.778+0000] {dag.py:3036} INFO - Sync 1 DAGs
[2025-10-12T12:39:13.794+0000] {logging_mixin.py:188} INFO - [2025-10-12T12:39:13.794+0000] {dag.py:3823} INFO - Setting next_dagrun for tutorial_dag to None, run_after=None
[2025-10-12T12:39:13.820+0000] {processor.py:183} INFO - Processing /home/airflow/.local/lib/python3.8/site-packages/airflow/example_dags/tutorial_dag.py took 0.088 seconds
[2025-10-12T12:39:44.429+0000] {processor.py:161} INFO - Started process (PID=20914) to work on /home/airflow/.local/lib/python3.8/site-packages/airflow/example_dags/tutorial_dag.py
[2025-10-12T12:39:44.431+0000] {processor.py:830} INFO - Processing file /home/airflow/.local/lib/python3.8/site-packages/airflow/example_dags/tutorial_dag.py for tasks to queue
[2025-10-12T12:39:44.433+0000] {logging_mixin.py:188} INFO - [2025-10-12T12:39:44.432+0000] {dagbag.py:538} INFO - Filling up the DagBag from /home/airflow/.local/lib/python3.8/site-packages/airflow/example_dags/tutorial_dag.py
[2025-10-12T12:39:44.441+0000] {processor.py:840} INFO - DAG(s) 'tutorial_dag' retrieved from /home/airflow/.local/lib/python3.8/site-packages/airflow/example_dags/tutorial_dag.py
[2025-10-12T12:39:44.475+0000] {logging_mixin.py:188} INFO - [2025-10-12T12:39:44.474+0000] {dag.py:3036} INFO - Sync 1 DAGs
[2025-10-12T12:39:44.493+0000] {logging_mixin.py:188} INFO - [2025-10-12T12:39:44.492+0000] {dag.py:3823} INFO - Setting next_dagrun for tutorial_dag to None, run_after=None
[2025-10-12T12:39:44.519+0000] {processor.py:183} INFO - Processing /home/airflow/.local/lib/python3.8/site-packages/airflow/example_dags/tutorial_dag.py took 0.093 seconds
[2025-10-12T12:40:14.680+0000] {processor.py:161} INFO - Started process (PID=20984) to work on /home/airflow/.local/lib/python3.8/site-packages/airflow/example_dags/tutorial_dag.py
[2025-10-12T12:40:14.682+0000] {processor.py:830} INFO - Processing file /home/airflow/.local/lib/python3.8/site-packages/airflow/example_dags/tutorial_dag.py for tasks to queue
[2025-10-12T12:40:14.684+0000] {logging_mixin.py:188} INFO - [2025-10-12T12:40:14.683+0000] {dagbag.py:538} INFO - Filling up the DagBag from /home/airflow/.local/lib/python3.8/site-packages/airflow/example_dags/tutorial_dag.py
[2025-10-12T12:40:14.690+0000] {processor.py:840} INFO - DAG(s) 'tutorial_dag' retrieved from /home/airflow/.local/lib/python3.8/site-packages/airflow/example_dags/tutorial_dag.py
[2025-10-12T12:40:14.718+0000] {logging_mixin.py:188} INFO - [2025-10-12T12:40:14.717+0000] {dag.py:3036} INFO - Sync 1 DAGs
[2025-10-12T12:40:14.733+0000] {logging_mixin.py:188} INFO - [2025-10-12T12:40:14.733+0000] {dag.py:3823} INFO - Setting next_dagrun for tutorial_dag to None, run_after=None
[2025-10-12T12:40:14.756+0000] {processor.py:183} INFO - Processing /home/airflow/.local/lib/python3.8/site-packages/airflow/example_dags/tutorial_dag.py took 0.079 seconds
[2025-10-12T12:40:45.961+0000] {processor.py:161} INFO - Started process (PID=21054) to work on /home/airflow/.local/lib/python3.8/site-packages/airflow/example_dags/tutorial_dag.py
[2025-10-12T12:40:45.962+0000] {processor.py:830} INFO - Processing file /home/airflow/.local/lib/python3.8/site-packages/airflow/example_dags/tutorial_dag.py for tasks to queue
[2025-10-12T12:40:45.964+0000] {logging_mixin.py:188} INFO - [2025-10-12T12:40:45.964+0000] {dagbag.py:538} INFO - Filling up the DagBag from /home/airflow/.local/lib/python3.8/site-packages/airflow/example_dags/tutorial_dag.py
[2025-10-12T12:40:45.970+0000] {processor.py:840} INFO - DAG(s) 'tutorial_dag' retrieved from /home/airflow/.local/lib/python3.8/site-packages/airflow/example_dags/tutorial_dag.py
[2025-10-12T12:40:45.999+0000] {logging_mixin.py:188} INFO - [2025-10-12T12:40:45.999+0000] {dag.py:3036} INFO - Sync 1 DAGs
[2025-10-12T12:40:46.014+0000] {logging_mixin.py:188} INFO - [2025-10-12T12:40:46.014+0000] {dag.py:3823} INFO - Setting next_dagrun for tutorial_dag to None, run_after=None
[2025-10-12T12:40:46.038+0000] {processor.py:183} INFO - Processing /home/airflow/.local/lib/python3.8/site-packages/airflow/example_dags/tutorial_dag.py took 0.080 seconds
[2025-10-12T12:41:16.699+0000] {processor.py:161} INFO - Started process (PID=21125) to work on /home/airflow/.local/lib/python3.8/site-packages/airflow/example_dags/tutorial_dag.py
[2025-10-12T12:41:16.700+0000] {processor.py:830} INFO - Processing file /home/airflow/.local/lib/python3.8/site-packages/airflow/example_dags/tutorial_dag.py for tasks to queue
[2025-10-12T12:41:16.702+0000] {logging_mixin.py:188} INFO - [2025-10-12T12:41:16.702+0000] {dagbag.py:538} INFO - Filling up the DagBag from /home/airflow/.local/lib/python3.8/site-packages/airflow/example_dags/tutorial_dag.py
[2025-10-12T12:41:16.709+0000] {processor.py:840} INFO - DAG(s) 'tutorial_dag' retrieved from /home/airflow/.local/lib/python3.8/site-packages/airflow/example_dags/tutorial_dag.py
[2025-10-12T12:41:16.740+0000] {logging_mixin.py:188} INFO - [2025-10-12T12:41:16.740+0000] {dag.py:3036} INFO - Sync 1 DAGs
[2025-10-12T12:41:16.758+0000] {logging_mixin.py:188} INFO - [2025-10-12T12:41:16.758+0000] {dag.py:3823} INFO - Setting next_dagrun for tutorial_dag to None, run_after=None
[2025-10-12T12:41:16.786+0000] {processor.py:183} INFO - Processing /home/airflow/.local/lib/python3.8/site-packages/airflow/example_dags/tutorial_dag.py took 0.091 seconds
[2025-10-12T12:41:47.733+0000] {processor.py:161} INFO - Started process (PID=21195) to work on /home/airflow/.local/lib/python3.8/site-packages/airflow/example_dags/tutorial_dag.py
[2025-10-12T12:41:47.735+0000] {processor.py:830} INFO - Processing file /home/airflow/.local/lib/python3.8/site-packages/airflow/example_dags/tutorial_dag.py for tasks to queue
[2025-10-12T12:41:47.737+0000] {logging_mixin.py:188} INFO - [2025-10-12T12:41:47.737+0000] {dagbag.py:538} INFO - Filling up the DagBag from /home/airflow/.local/lib/python3.8/site-packages/airflow/example_dags/tutorial_dag.py
[2025-10-12T12:41:47.744+0000] {processor.py:840} INFO - DAG(s) 'tutorial_dag' retrieved from /home/airflow/.local/lib/python3.8/site-packages/airflow/example_dags/tutorial_dag.py
[2025-10-12T12:41:47.775+0000] {logging_mixin.py:188} INFO - [2025-10-12T12:41:47.775+0000] {dag.py:3036} INFO - Sync 1 DAGs
[2025-10-12T12:41:47.791+0000] {logging_mixin.py:188} INFO - [2025-10-12T12:41:47.790+0000] {dag.py:3823} INFO - Setting next_dagrun for tutorial_dag to None, run_after=None
[2025-10-12T12:41:47.816+0000] {processor.py:183} INFO - Processing /home/airflow/.local/lib/python3.8/site-packages/airflow/example_dags/tutorial_dag.py took 0.086 seconds
[2025-10-12T12:42:19.235+0000] {processor.py:161} INFO - Started process (PID=21265) to work on /home/airflow/.local/lib/python3.8/site-packages/airflow/example_dags/tutorial_dag.py
[2025-10-12T12:42:19.237+0000] {processor.py:830} INFO - Processing file /home/airflow/.local/lib/python3.8/site-packages/airflow/example_dags/tutorial_dag.py for tasks to queue
[2025-10-12T12:42:19.241+0000] {logging_mixin.py:188} INFO - [2025-10-12T12:42:19.240+0000] {dagbag.py:538} INFO - Filling up the DagBag from /home/airflow/.local/lib/python3.8/site-packages/airflow/example_dags/tutorial_dag.py
[2025-10-12T12:42:19.248+0000] {processor.py:840} INFO - DAG(s) 'tutorial_dag' retrieved from /home/airflow/.local/lib/python3.8/site-packages/airflow/example_dags/tutorial_dag.py
[2025-10-12T12:42:19.282+0000] {logging_mixin.py:188} INFO - [2025-10-12T12:42:19.282+0000] {dag.py:3036} INFO - Sync 1 DAGs
[2025-10-12T12:42:19.299+0000] {logging_mixin.py:188} INFO - [2025-10-12T12:42:19.299+0000] {dag.py:3823} INFO - Setting next_dagrun for tutorial_dag to None, run_after=None
[2025-10-12T12:42:19.325+0000] {processor.py:183} INFO - Processing /home/airflow/.local/lib/python3.8/site-packages/airflow/example_dags/tutorial_dag.py took 0.096 seconds
[2025-10-12T12:42:50.072+0000] {processor.py:161} INFO - Started process (PID=21335) to work on /home/airflow/.local/lib/python3.8/site-packages/airflow/example_dags/tutorial_dag.py
[2025-10-12T12:42:50.074+0000] {processor.py:830} INFO - Processing file /home/airflow/.local/lib/python3.8/site-packages/airflow/example_dags/tutorial_dag.py for tasks to queue
[2025-10-12T12:42:50.076+0000] {logging_mixin.py:188} INFO - [2025-10-12T12:42:50.076+0000] {dagbag.py:538} INFO - Filling up the DagBag from /home/airflow/.local/lib/python3.8/site-packages/airflow/example_dags/tutorial_dag.py
[2025-10-12T12:42:50.082+0000] {processor.py:840} INFO - DAG(s) 'tutorial_dag' retrieved from /home/airflow/.local/lib/python3.8/site-packages/airflow/example_dags/tutorial_dag.py
[2025-10-12T12:42:50.110+0000] {logging_mixin.py:188} INFO - [2025-10-12T12:42:50.110+0000] {dag.py:3036} INFO - Sync 1 DAGs
[2025-10-12T12:42:50.125+0000] {logging_mixin.py:188} INFO - [2025-10-12T12:42:50.124+0000] {dag.py:3823} INFO - Setting next_dagrun for tutorial_dag to None, run_after=None
[2025-10-12T12:42:50.147+0000] {processor.py:183} INFO - Processing /home/airflow/.local/lib/python3.8/site-packages/airflow/example_dags/tutorial_dag.py took 0.079 seconds
[2025-10-12T12:43:21.634+0000] {processor.py:161} INFO - Started process (PID=21405) to work on /home/airflow/.local/lib/python3.8/site-packages/airflow/example_dags/tutorial_dag.py
[2025-10-12T12:43:21.636+0000] {processor.py:830} INFO - Processing file /home/airflow/.local/lib/python3.8/site-packages/airflow/example_dags/tutorial_dag.py for tasks to queue
[2025-10-12T12:43:21.638+0000] {logging_mixin.py:188} INFO - [2025-10-12T12:43:21.638+0000] {dagbag.py:538} INFO - Filling up the DagBag from /home/airflow/.local/lib/python3.8/site-packages/airflow/example_dags/tutorial_dag.py
[2025-10-12T12:43:21.645+0000] {processor.py:840} INFO - DAG(s) 'tutorial_dag' retrieved from /home/airflow/.local/lib/python3.8/site-packages/airflow/example_dags/tutorial_dag.py
[2025-10-12T12:43:21.676+0000] {logging_mixin.py:188} INFO - [2025-10-12T12:43:21.676+0000] {dag.py:3036} INFO - Sync 1 DAGs
[2025-10-12T12:43:21.692+0000] {logging_mixin.py:188} INFO - [2025-10-12T12:43:21.692+0000] {dag.py:3823} INFO - Setting next_dagrun for tutorial_dag to None, run_after=None
[2025-10-12T12:43:21.719+0000] {processor.py:183} INFO - Processing /home/airflow/.local/lib/python3.8/site-packages/airflow/example_dags/tutorial_dag.py took 0.089 seconds
[2025-10-12T12:43:51.961+0000] {processor.py:161} INFO - Started process (PID=21474) to work on /home/airflow/.local/lib/python3.8/site-packages/airflow/example_dags/tutorial_dag.py
[2025-10-12T12:43:51.963+0000] {processor.py:830} INFO - Processing file /home/airflow/.local/lib/python3.8/site-packages/airflow/example_dags/tutorial_dag.py for tasks to queue
[2025-10-12T12:43:51.965+0000] {logging_mixin.py:188} INFO - [2025-10-12T12:43:51.965+0000] {dagbag.py:538} INFO - Filling up the DagBag from /home/airflow/.local/lib/python3.8/site-packages/airflow/example_dags/tutorial_dag.py
[2025-10-12T12:43:51.971+0000] {processor.py:840} INFO - DAG(s) 'tutorial_dag' retrieved from /home/airflow/.local/lib/python3.8/site-packages/airflow/example_dags/tutorial_dag.py
[2025-10-12T12:43:52.001+0000] {logging_mixin.py:188} INFO - [2025-10-12T12:43:52.000+0000] {dag.py:3036} INFO - Sync 1 DAGs
[2025-10-12T12:43:52.017+0000] {logging_mixin.py:188} INFO - [2025-10-12T12:43:52.017+0000] {dag.py:3823} INFO - Setting next_dagrun for tutorial_dag to None, run_after=None
[2025-10-12T12:43:52.039+0000] {processor.py:183} INFO - Processing /home/airflow/.local/lib/python3.8/site-packages/airflow/example_dags/tutorial_dag.py took 0.083 seconds
[2025-10-12T12:44:23.852+0000] {processor.py:161} INFO - Started process (PID=21544) to work on /home/airflow/.local/lib/python3.8/site-packages/airflow/example_dags/tutorial_dag.py
[2025-10-12T12:44:23.854+0000] {processor.py:830} INFO - Processing file /home/airflow/.local/lib/python3.8/site-packages/airflow/example_dags/tutorial_dag.py for tasks to queue
[2025-10-12T12:44:23.856+0000] {logging_mixin.py:188} INFO - [2025-10-12T12:44:23.856+0000] {dagbag.py:538} INFO - Filling up the DagBag from /home/airflow/.local/lib/python3.8/site-packages/airflow/example_dags/tutorial_dag.py
[2025-10-12T12:44:23.869+0000] {processor.py:840} INFO - DAG(s) 'tutorial_dag' retrieved from /home/airflow/.local/lib/python3.8/site-packages/airflow/example_dags/tutorial_dag.py
[2025-10-12T12:44:23.905+0000] {logging_mixin.py:188} INFO - [2025-10-12T12:44:23.904+0000] {dag.py:3036} INFO - Sync 1 DAGs
[2025-10-12T12:44:23.920+0000] {logging_mixin.py:188} INFO - [2025-10-12T12:44:23.920+0000] {dag.py:3823} INFO - Setting next_dagrun for tutorial_dag to None, run_after=None
[2025-10-12T12:44:23.945+0000] {processor.py:183} INFO - Processing /home/airflow/.local/lib/python3.8/site-packages/airflow/example_dags/tutorial_dag.py took 0.097 seconds
[2025-10-12T12:44:54.726+0000] {processor.py:161} INFO - Started process (PID=21619) to work on /home/airflow/.local/lib/python3.8/site-packages/airflow/example_dags/tutorial_dag.py
[2025-10-12T12:44:54.727+0000] {processor.py:830} INFO - Processing file /home/airflow/.local/lib/python3.8/site-packages/airflow/example_dags/tutorial_dag.py for tasks to queue
[2025-10-12T12:44:54.730+0000] {logging_mixin.py:188} INFO - [2025-10-12T12:44:54.730+0000] {dagbag.py:538} INFO - Filling up the DagBag from /home/airflow/.local/lib/python3.8/site-packages/airflow/example_dags/tutorial_dag.py
[2025-10-12T12:44:54.736+0000] {processor.py:840} INFO - DAG(s) 'tutorial_dag' retrieved from /home/airflow/.local/lib/python3.8/site-packages/airflow/example_dags/tutorial_dag.py
[2025-10-12T12:44:54.768+0000] {logging_mixin.py:188} INFO - [2025-10-12T12:44:54.767+0000] {dag.py:3036} INFO - Sync 1 DAGs
[2025-10-12T12:44:54.785+0000] {logging_mixin.py:188} INFO - [2025-10-12T12:44:54.784+0000] {dag.py:3823} INFO - Setting next_dagrun for tutorial_dag to None, run_after=None
[2025-10-12T12:44:54.814+0000] {processor.py:183} INFO - Processing /home/airflow/.local/lib/python3.8/site-packages/airflow/example_dags/tutorial_dag.py took 0.093 seconds
[2025-10-12T12:45:25.462+0000] {processor.py:161} INFO - Started process (PID=21689) to work on /home/airflow/.local/lib/python3.8/site-packages/airflow/example_dags/tutorial_dag.py
[2025-10-12T12:45:25.463+0000] {processor.py:830} INFO - Processing file /home/airflow/.local/lib/python3.8/site-packages/airflow/example_dags/tutorial_dag.py for tasks to queue
[2025-10-12T12:45:25.465+0000] {logging_mixin.py:188} INFO - [2025-10-12T12:45:25.465+0000] {dagbag.py:538} INFO - Filling up the DagBag from /home/airflow/.local/lib/python3.8/site-packages/airflow/example_dags/tutorial_dag.py
[2025-10-12T12:45:25.472+0000] {processor.py:840} INFO - DAG(s) 'tutorial_dag' retrieved from /home/airflow/.local/lib/python3.8/site-packages/airflow/example_dags/tutorial_dag.py
[2025-10-12T12:45:25.504+0000] {logging_mixin.py:188} INFO - [2025-10-12T12:45:25.504+0000] {dag.py:3036} INFO - Sync 1 DAGs
[2025-10-12T12:45:25.519+0000] {logging_mixin.py:188} INFO - [2025-10-12T12:45:25.518+0000] {dag.py:3823} INFO - Setting next_dagrun for tutorial_dag to None, run_after=None
[2025-10-12T12:45:25.542+0000] {processor.py:183} INFO - Processing /home/airflow/.local/lib/python3.8/site-packages/airflow/example_dags/tutorial_dag.py took 0.085 seconds
[2025-10-12T12:45:56.608+0000] {processor.py:161} INFO - Started process (PID=21758) to work on /home/airflow/.local/lib/python3.8/site-packages/airflow/example_dags/tutorial_dag.py
[2025-10-12T12:45:56.610+0000] {processor.py:830} INFO - Processing file /home/airflow/.local/lib/python3.8/site-packages/airflow/example_dags/tutorial_dag.py for tasks to queue
[2025-10-12T12:45:56.612+0000] {logging_mixin.py:188} INFO - [2025-10-12T12:45:56.612+0000] {dagbag.py:538} INFO - Filling up the DagBag from /home/airflow/.local/lib/python3.8/site-packages/airflow/example_dags/tutorial_dag.py
[2025-10-12T12:45:56.620+0000] {processor.py:840} INFO - DAG(s) 'tutorial_dag' retrieved from /home/airflow/.local/lib/python3.8/site-packages/airflow/example_dags/tutorial_dag.py
[2025-10-12T12:45:56.653+0000] {logging_mixin.py:188} INFO - [2025-10-12T12:45:56.652+0000] {dag.py:3036} INFO - Sync 1 DAGs
[2025-10-12T12:45:56.670+0000] {logging_mixin.py:188} INFO - [2025-10-12T12:45:56.669+0000] {dag.py:3823} INFO - Setting next_dagrun for tutorial_dag to None, run_after=None
[2025-10-12T12:45:56.704+0000] {processor.py:183} INFO - Processing /home/airflow/.local/lib/python3.8/site-packages/airflow/example_dags/tutorial_dag.py took 0.100 seconds
[2025-10-12T12:46:28.207+0000] {processor.py:161} INFO - Started process (PID=21828) to work on /home/airflow/.local/lib/python3.8/site-packages/airflow/example_dags/tutorial_dag.py
[2025-10-12T12:46:28.208+0000] {processor.py:830} INFO - Processing file /home/airflow/.local/lib/python3.8/site-packages/airflow/example_dags/tutorial_dag.py for tasks to queue
[2025-10-12T12:46:28.211+0000] {logging_mixin.py:188} INFO - [2025-10-12T12:46:28.210+0000] {dagbag.py:538} INFO - Filling up the DagBag from /home/airflow/.local/lib/python3.8/site-packages/airflow/example_dags/tutorial_dag.py
[2025-10-12T12:46:28.220+0000] {processor.py:840} INFO - DAG(s) 'tutorial_dag' retrieved from /home/airflow/.local/lib/python3.8/site-packages/airflow/example_dags/tutorial_dag.py
[2025-10-12T12:46:28.258+0000] {logging_mixin.py:188} INFO - [2025-10-12T12:46:28.258+0000] {dag.py:3036} INFO - Sync 1 DAGs
[2025-10-12T12:46:28.276+0000] {logging_mixin.py:188} INFO - [2025-10-12T12:46:28.276+0000] {dag.py:3823} INFO - Setting next_dagrun for tutorial_dag to None, run_after=None
[2025-10-12T12:46:28.309+0000] {processor.py:183} INFO - Processing /home/airflow/.local/lib/python3.8/site-packages/airflow/example_dags/tutorial_dag.py took 0.107 seconds
[2025-10-12T12:46:59.552+0000] {processor.py:161} INFO - Started process (PID=21898) to work on /home/airflow/.local/lib/python3.8/site-packages/airflow/example_dags/tutorial_dag.py
[2025-10-12T12:46:59.553+0000] {processor.py:830} INFO - Processing file /home/airflow/.local/lib/python3.8/site-packages/airflow/example_dags/tutorial_dag.py for tasks to queue
[2025-10-12T12:46:59.556+0000] {logging_mixin.py:188} INFO - [2025-10-12T12:46:59.555+0000] {dagbag.py:538} INFO - Filling up the DagBag from /home/airflow/.local/lib/python3.8/site-packages/airflow/example_dags/tutorial_dag.py
[2025-10-12T12:46:59.565+0000] {processor.py:840} INFO - DAG(s) 'tutorial_dag' retrieved from /home/airflow/.local/lib/python3.8/site-packages/airflow/example_dags/tutorial_dag.py
[2025-10-12T12:46:59.600+0000] {logging_mixin.py:188} INFO - [2025-10-12T12:46:59.599+0000] {dag.py:3036} INFO - Sync 1 DAGs
[2025-10-12T12:46:59.621+0000] {logging_mixin.py:188} INFO - [2025-10-12T12:46:59.620+0000] {dag.py:3823} INFO - Setting next_dagrun for tutorial_dag to None, run_after=None
[2025-10-12T12:46:59.657+0000] {processor.py:183} INFO - Processing /home/airflow/.local/lib/python3.8/site-packages/airflow/example_dags/tutorial_dag.py took 0.110 seconds
[2025-10-12T12:47:30.878+0000] {processor.py:161} INFO - Started process (PID=21968) to work on /home/airflow/.local/lib/python3.8/site-packages/airflow/example_dags/tutorial_dag.py
[2025-10-12T12:47:30.880+0000] {processor.py:830} INFO - Processing file /home/airflow/.local/lib/python3.8/site-packages/airflow/example_dags/tutorial_dag.py for tasks to queue
[2025-10-12T12:47:30.883+0000] {logging_mixin.py:188} INFO - [2025-10-12T12:47:30.882+0000] {dagbag.py:538} INFO - Filling up the DagBag from /home/airflow/.local/lib/python3.8/site-packages/airflow/example_dags/tutorial_dag.py
[2025-10-12T12:47:30.890+0000] {processor.py:840} INFO - DAG(s) 'tutorial_dag' retrieved from /home/airflow/.local/lib/python3.8/site-packages/airflow/example_dags/tutorial_dag.py
[2025-10-12T12:47:30.927+0000] {logging_mixin.py:188} INFO - [2025-10-12T12:47:30.926+0000] {dag.py:3036} INFO - Sync 1 DAGs
[2025-10-12T12:47:30.944+0000] {logging_mixin.py:188} INFO - [2025-10-12T12:47:30.943+0000] {dag.py:3823} INFO - Setting next_dagrun for tutorial_dag to None, run_after=None
[2025-10-12T12:47:30.971+0000] {processor.py:183} INFO - Processing /home/airflow/.local/lib/python3.8/site-packages/airflow/example_dags/tutorial_dag.py took 0.097 seconds
[2025-10-12T12:48:01.702+0000] {processor.py:161} INFO - Started process (PID=22037) to work on /home/airflow/.local/lib/python3.8/site-packages/airflow/example_dags/tutorial_dag.py
[2025-10-12T12:48:01.704+0000] {processor.py:830} INFO - Processing file /home/airflow/.local/lib/python3.8/site-packages/airflow/example_dags/tutorial_dag.py for tasks to queue
[2025-10-12T12:48:01.706+0000] {logging_mixin.py:188} INFO - [2025-10-12T12:48:01.706+0000] {dagbag.py:538} INFO - Filling up the DagBag from /home/airflow/.local/lib/python3.8/site-packages/airflow/example_dags/tutorial_dag.py
[2025-10-12T12:48:01.713+0000] {processor.py:840} INFO - DAG(s) 'tutorial_dag' retrieved from /home/airflow/.local/lib/python3.8/site-packages/airflow/example_dags/tutorial_dag.py
[2025-10-12T12:48:01.744+0000] {logging_mixin.py:188} INFO - [2025-10-12T12:48:01.744+0000] {dag.py:3036} INFO - Sync 1 DAGs
[2025-10-12T12:48:01.762+0000] {logging_mixin.py:188} INFO - [2025-10-12T12:48:01.762+0000] {dag.py:3823} INFO - Setting next_dagrun for tutorial_dag to None, run_after=None
[2025-10-12T12:48:01.789+0000] {processor.py:183} INFO - Processing /home/airflow/.local/lib/python3.8/site-packages/airflow/example_dags/tutorial_dag.py took 0.091 seconds
[2025-10-12T12:48:32.370+0000] {processor.py:161} INFO - Started process (PID=22107) to work on /home/airflow/.local/lib/python3.8/site-packages/airflow/example_dags/tutorial_dag.py
[2025-10-12T12:48:32.372+0000] {processor.py:830} INFO - Processing file /home/airflow/.local/lib/python3.8/site-packages/airflow/example_dags/tutorial_dag.py for tasks to queue
[2025-10-12T12:48:32.375+0000] {logging_mixin.py:188} INFO - [2025-10-12T12:48:32.375+0000] {dagbag.py:538} INFO - Filling up the DagBag from /home/airflow/.local/lib/python3.8/site-packages/airflow/example_dags/tutorial_dag.py
[2025-10-12T12:48:32.385+0000] {processor.py:840} INFO - DAG(s) 'tutorial_dag' retrieved from /home/airflow/.local/lib/python3.8/site-packages/airflow/example_dags/tutorial_dag.py
[2025-10-12T12:48:32.426+0000] {logging_mixin.py:188} INFO - [2025-10-12T12:48:32.426+0000] {dag.py:3036} INFO - Sync 1 DAGs
[2025-10-12T12:48:32.449+0000] {logging_mixin.py:188} INFO - [2025-10-12T12:48:32.449+0000] {dag.py:3823} INFO - Setting next_dagrun for tutorial_dag to None, run_after=None
[2025-10-12T12:48:32.480+0000] {processor.py:183} INFO - Processing /home/airflow/.local/lib/python3.8/site-packages/airflow/example_dags/tutorial_dag.py took 0.116 seconds
[2025-10-12T12:49:03.460+0000] {processor.py:161} INFO - Started process (PID=22177) to work on /home/airflow/.local/lib/python3.8/site-packages/airflow/example_dags/tutorial_dag.py
[2025-10-12T12:49:03.462+0000] {processor.py:830} INFO - Processing file /home/airflow/.local/lib/python3.8/site-packages/airflow/example_dags/tutorial_dag.py for tasks to queue
[2025-10-12T12:49:03.465+0000] {logging_mixin.py:188} INFO - [2025-10-12T12:49:03.464+0000] {dagbag.py:538} INFO - Filling up the DagBag from /home/airflow/.local/lib/python3.8/site-packages/airflow/example_dags/tutorial_dag.py
[2025-10-12T12:49:03.472+0000] {processor.py:840} INFO - DAG(s) 'tutorial_dag' retrieved from /home/airflow/.local/lib/python3.8/site-packages/airflow/example_dags/tutorial_dag.py
[2025-10-12T12:49:03.503+0000] {logging_mixin.py:188} INFO - [2025-10-12T12:49:03.502+0000] {dag.py:3036} INFO - Sync 1 DAGs
[2025-10-12T12:49:03.521+0000] {logging_mixin.py:188} INFO - [2025-10-12T12:49:03.520+0000] {dag.py:3823} INFO - Setting next_dagrun for tutorial_dag to None, run_after=None
[2025-10-12T12:49:03.547+0000] {processor.py:183} INFO - Processing /home/airflow/.local/lib/python3.8/site-packages/airflow/example_dags/tutorial_dag.py took 0.091 seconds
[2025-10-12T12:49:34.652+0000] {processor.py:161} INFO - Started process (PID=22247) to work on /home/airflow/.local/lib/python3.8/site-packages/airflow/example_dags/tutorial_dag.py
[2025-10-12T12:49:34.653+0000] {processor.py:830} INFO - Processing file /home/airflow/.local/lib/python3.8/site-packages/airflow/example_dags/tutorial_dag.py for tasks to queue
[2025-10-12T12:49:34.655+0000] {logging_mixin.py:188} INFO - [2025-10-12T12:49:34.655+0000] {dagbag.py:538} INFO - Filling up the DagBag from /home/airflow/.local/lib/python3.8/site-packages/airflow/example_dags/tutorial_dag.py
[2025-10-12T12:49:34.663+0000] {processor.py:840} INFO - DAG(s) 'tutorial_dag' retrieved from /home/airflow/.local/lib/python3.8/site-packages/airflow/example_dags/tutorial_dag.py
[2025-10-12T12:49:34.696+0000] {logging_mixin.py:188} INFO - [2025-10-12T12:49:34.696+0000] {dag.py:3036} INFO - Sync 1 DAGs
[2025-10-12T12:49:34.716+0000] {logging_mixin.py:188} INFO - [2025-10-12T12:49:34.716+0000] {dag.py:3823} INFO - Setting next_dagrun for tutorial_dag to None, run_after=None
[2025-10-12T12:49:34.741+0000] {processor.py:183} INFO - Processing /home/airflow/.local/lib/python3.8/site-packages/airflow/example_dags/tutorial_dag.py took 0.094 seconds
[2025-10-12T12:50:05.560+0000] {processor.py:161} INFO - Started process (PID=22317) to work on /home/airflow/.local/lib/python3.8/site-packages/airflow/example_dags/tutorial_dag.py
[2025-10-12T12:50:05.562+0000] {processor.py:830} INFO - Processing file /home/airflow/.local/lib/python3.8/site-packages/airflow/example_dags/tutorial_dag.py for tasks to queue
[2025-10-12T12:50:05.564+0000] {logging_mixin.py:188} INFO - [2025-10-12T12:50:05.564+0000] {dagbag.py:538} INFO - Filling up the DagBag from /home/airflow/.local/lib/python3.8/site-packages/airflow/example_dags/tutorial_dag.py
[2025-10-12T12:50:05.571+0000] {processor.py:840} INFO - DAG(s) 'tutorial_dag' retrieved from /home/airflow/.local/lib/python3.8/site-packages/airflow/example_dags/tutorial_dag.py
[2025-10-12T12:50:05.603+0000] {logging_mixin.py:188} INFO - [2025-10-12T12:50:05.603+0000] {dag.py:3036} INFO - Sync 1 DAGs
[2025-10-12T12:50:05.620+0000] {logging_mixin.py:188} INFO - [2025-10-12T12:50:05.620+0000] {dag.py:3823} INFO - Setting next_dagrun for tutorial_dag to None, run_after=None
[2025-10-12T12:50:05.646+0000] {processor.py:183} INFO - Processing /home/airflow/.local/lib/python3.8/site-packages/airflow/example_dags/tutorial_dag.py took 0.091 seconds
[2025-10-12T12:50:36.085+0000] {processor.py:161} INFO - Started process (PID=22388) to work on /home/airflow/.local/lib/python3.8/site-packages/airflow/example_dags/tutorial_dag.py
[2025-10-12T12:50:36.086+0000] {processor.py:830} INFO - Processing file /home/airflow/.local/lib/python3.8/site-packages/airflow/example_dags/tutorial_dag.py for tasks to queue
[2025-10-12T12:50:36.090+0000] {logging_mixin.py:188} INFO - [2025-10-12T12:50:36.090+0000] {dagbag.py:538} INFO - Filling up the DagBag from /home/airflow/.local/lib/python3.8/site-packages/airflow/example_dags/tutorial_dag.py
[2025-10-12T12:50:36.100+0000] {processor.py:840} INFO - DAG(s) 'tutorial_dag' retrieved from /home/airflow/.local/lib/python3.8/site-packages/airflow/example_dags/tutorial_dag.py
[2025-10-12T12:50:36.133+0000] {logging_mixin.py:188} INFO - [2025-10-12T12:50:36.133+0000] {dag.py:3036} INFO - Sync 1 DAGs
[2025-10-12T12:50:36.150+0000] {logging_mixin.py:188} INFO - [2025-10-12T12:50:36.150+0000] {dag.py:3823} INFO - Setting next_dagrun for tutorial_dag to None, run_after=None
[2025-10-12T12:50:36.176+0000] {processor.py:183} INFO - Processing /home/airflow/.local/lib/python3.8/site-packages/airflow/example_dags/tutorial_dag.py took 0.095 seconds
[2025-10-12T12:51:07.428+0000] {processor.py:161} INFO - Started process (PID=22458) to work on /home/airflow/.local/lib/python3.8/site-packages/airflow/example_dags/tutorial_dag.py
[2025-10-12T12:51:07.429+0000] {processor.py:830} INFO - Processing file /home/airflow/.local/lib/python3.8/site-packages/airflow/example_dags/tutorial_dag.py for tasks to queue
[2025-10-12T12:51:07.432+0000] {logging_mixin.py:188} INFO - [2025-10-12T12:51:07.431+0000] {dagbag.py:538} INFO - Filling up the DagBag from /home/airflow/.local/lib/python3.8/site-packages/airflow/example_dags/tutorial_dag.py
[2025-10-12T12:51:07.439+0000] {processor.py:840} INFO - DAG(s) 'tutorial_dag' retrieved from /home/airflow/.local/lib/python3.8/site-packages/airflow/example_dags/tutorial_dag.py
[2025-10-12T12:51:07.472+0000] {logging_mixin.py:188} INFO - [2025-10-12T12:51:07.471+0000] {dag.py:3036} INFO - Sync 1 DAGs
[2025-10-12T12:51:07.489+0000] {logging_mixin.py:188} INFO - [2025-10-12T12:51:07.489+0000] {dag.py:3823} INFO - Setting next_dagrun for tutorial_dag to None, run_after=None
[2025-10-12T12:51:07.515+0000] {processor.py:183} INFO - Processing /home/airflow/.local/lib/python3.8/site-packages/airflow/example_dags/tutorial_dag.py took 0.092 seconds
[2025-10-12T12:51:38.879+0000] {processor.py:161} INFO - Started process (PID=22528) to work on /home/airflow/.local/lib/python3.8/site-packages/airflow/example_dags/tutorial_dag.py
[2025-10-12T12:51:38.881+0000] {processor.py:830} INFO - Processing file /home/airflow/.local/lib/python3.8/site-packages/airflow/example_dags/tutorial_dag.py for tasks to queue
[2025-10-12T12:51:38.884+0000] {logging_mixin.py:188} INFO - [2025-10-12T12:51:38.884+0000] {dagbag.py:538} INFO - Filling up the DagBag from /home/airflow/.local/lib/python3.8/site-packages/airflow/example_dags/tutorial_dag.py
[2025-10-12T12:51:38.891+0000] {processor.py:840} INFO - DAG(s) 'tutorial_dag' retrieved from /home/airflow/.local/lib/python3.8/site-packages/airflow/example_dags/tutorial_dag.py
[2025-10-12T12:51:38.923+0000] {logging_mixin.py:188} INFO - [2025-10-12T12:51:38.923+0000] {dag.py:3036} INFO - Sync 1 DAGs
[2025-10-12T12:51:38.940+0000] {logging_mixin.py:188} INFO - [2025-10-12T12:51:38.940+0000] {dag.py:3823} INFO - Setting next_dagrun for tutorial_dag to None, run_after=None
[2025-10-12T12:51:38.976+0000] {processor.py:183} INFO - Processing /home/airflow/.local/lib/python3.8/site-packages/airflow/example_dags/tutorial_dag.py took 0.101 seconds
[2025-10-12T12:52:09.953+0000] {processor.py:161} INFO - Started process (PID=22598) to work on /home/airflow/.local/lib/python3.8/site-packages/airflow/example_dags/tutorial_dag.py
[2025-10-12T12:52:09.954+0000] {processor.py:830} INFO - Processing file /home/airflow/.local/lib/python3.8/site-packages/airflow/example_dags/tutorial_dag.py for tasks to queue
[2025-10-12T12:52:09.956+0000] {logging_mixin.py:188} INFO - [2025-10-12T12:52:09.956+0000] {dagbag.py:538} INFO - Filling up the DagBag from /home/airflow/.local/lib/python3.8/site-packages/airflow/example_dags/tutorial_dag.py
[2025-10-12T12:52:09.963+0000] {processor.py:840} INFO - DAG(s) 'tutorial_dag' retrieved from /home/airflow/.local/lib/python3.8/site-packages/airflow/example_dags/tutorial_dag.py
[2025-10-12T12:52:09.995+0000] {logging_mixin.py:188} INFO - [2025-10-12T12:52:09.994+0000] {dag.py:3036} INFO - Sync 1 DAGs
[2025-10-12T12:52:10.016+0000] {logging_mixin.py:188} INFO - [2025-10-12T12:52:10.015+0000] {dag.py:3823} INFO - Setting next_dagrun for tutorial_dag to None, run_after=None
[2025-10-12T12:52:10.042+0000] {processor.py:183} INFO - Processing /home/airflow/.local/lib/python3.8/site-packages/airflow/example_dags/tutorial_dag.py took 0.094 seconds
[2025-10-12T12:52:41.035+0000] {processor.py:161} INFO - Started process (PID=22669) to work on /home/airflow/.local/lib/python3.8/site-packages/airflow/example_dags/tutorial_dag.py
[2025-10-12T12:52:41.036+0000] {processor.py:830} INFO - Processing file /home/airflow/.local/lib/python3.8/site-packages/airflow/example_dags/tutorial_dag.py for tasks to queue
[2025-10-12T12:52:41.039+0000] {logging_mixin.py:188} INFO - [2025-10-12T12:52:41.038+0000] {dagbag.py:538} INFO - Filling up the DagBag from /home/airflow/.local/lib/python3.8/site-packages/airflow/example_dags/tutorial_dag.py
[2025-10-12T12:52:41.047+0000] {processor.py:840} INFO - DAG(s) 'tutorial_dag' retrieved from /home/airflow/.local/lib/python3.8/site-packages/airflow/example_dags/tutorial_dag.py
[2025-10-12T12:52:41.082+0000] {logging_mixin.py:188} INFO - [2025-10-12T12:52:41.082+0000] {dag.py:3036} INFO - Sync 1 DAGs
[2025-10-12T12:52:41.103+0000] {logging_mixin.py:188} INFO - [2025-10-12T12:52:41.103+0000] {dag.py:3823} INFO - Setting next_dagrun for tutorial_dag to None, run_after=None
[2025-10-12T12:52:41.138+0000] {processor.py:183} INFO - Processing /home/airflow/.local/lib/python3.8/site-packages/airflow/example_dags/tutorial_dag.py took 0.108 seconds
[2025-10-12T12:53:11.583+0000] {processor.py:161} INFO - Started process (PID=22739) to work on /home/airflow/.local/lib/python3.8/site-packages/airflow/example_dags/tutorial_dag.py
[2025-10-12T12:53:11.584+0000] {processor.py:830} INFO - Processing file /home/airflow/.local/lib/python3.8/site-packages/airflow/example_dags/tutorial_dag.py for tasks to queue
[2025-10-12T12:53:11.586+0000] {logging_mixin.py:188} INFO - [2025-10-12T12:53:11.586+0000] {dagbag.py:538} INFO - Filling up the DagBag from /home/airflow/.local/lib/python3.8/site-packages/airflow/example_dags/tutorial_dag.py
[2025-10-12T12:53:11.593+0000] {processor.py:840} INFO - DAG(s) 'tutorial_dag' retrieved from /home/airflow/.local/lib/python3.8/site-packages/airflow/example_dags/tutorial_dag.py
[2025-10-12T12:53:11.622+0000] {logging_mixin.py:188} INFO - [2025-10-12T12:53:11.622+0000] {dag.py:3036} INFO - Sync 1 DAGs
[2025-10-12T12:53:11.638+0000] {logging_mixin.py:188} INFO - [2025-10-12T12:53:11.637+0000] {dag.py:3823} INFO - Setting next_dagrun for tutorial_dag to None, run_after=None
[2025-10-12T12:53:11.663+0000] {processor.py:183} INFO - Processing /home/airflow/.local/lib/python3.8/site-packages/airflow/example_dags/tutorial_dag.py took 0.084 seconds
[2025-10-12T12:53:43.777+0000] {processor.py:161} INFO - Started process (PID=22809) to work on /home/airflow/.local/lib/python3.8/site-packages/airflow/example_dags/tutorial_dag.py
[2025-10-12T12:53:43.779+0000] {processor.py:830} INFO - Processing file /home/airflow/.local/lib/python3.8/site-packages/airflow/example_dags/tutorial_dag.py for tasks to queue
[2025-10-12T12:53:43.784+0000] {logging_mixin.py:188} INFO - [2025-10-12T12:53:43.783+0000] {dagbag.py:538} INFO - Filling up the DagBag from /home/airflow/.local/lib/python3.8/site-packages/airflow/example_dags/tutorial_dag.py
[2025-10-12T12:53:43.800+0000] {processor.py:840} INFO - DAG(s) 'tutorial_dag' retrieved from /home/airflow/.local/lib/python3.8/site-packages/airflow/example_dags/tutorial_dag.py
[2025-10-12T12:53:43.891+0000] {logging_mixin.py:188} INFO - [2025-10-12T12:53:43.891+0000] {dag.py:3036} INFO - Sync 1 DAGs
[2025-10-12T12:53:43.927+0000] {logging_mixin.py:188} INFO - [2025-10-12T12:53:43.927+0000] {dag.py:3823} INFO - Setting next_dagrun for tutorial_dag to None, run_after=None
[2025-10-12T12:53:43.970+0000] {processor.py:183} INFO - Processing /home/airflow/.local/lib/python3.8/site-packages/airflow/example_dags/tutorial_dag.py took 0.201 seconds
[2025-10-12T12:54:14.421+0000] {processor.py:161} INFO - Started process (PID=22880) to work on /home/airflow/.local/lib/python3.8/site-packages/airflow/example_dags/tutorial_dag.py
[2025-10-12T12:54:14.422+0000] {processor.py:830} INFO - Processing file /home/airflow/.local/lib/python3.8/site-packages/airflow/example_dags/tutorial_dag.py for tasks to queue
[2025-10-12T12:54:14.424+0000] {logging_mixin.py:188} INFO - [2025-10-12T12:54:14.424+0000] {dagbag.py:538} INFO - Filling up the DagBag from /home/airflow/.local/lib/python3.8/site-packages/airflow/example_dags/tutorial_dag.py
[2025-10-12T12:54:14.431+0000] {processor.py:840} INFO - DAG(s) 'tutorial_dag' retrieved from /home/airflow/.local/lib/python3.8/site-packages/airflow/example_dags/tutorial_dag.py
[2025-10-12T12:54:14.461+0000] {logging_mixin.py:188} INFO - [2025-10-12T12:54:14.461+0000] {dag.py:3036} INFO - Sync 1 DAGs
[2025-10-12T12:54:14.478+0000] {logging_mixin.py:188} INFO - [2025-10-12T12:54:14.478+0000] {dag.py:3823} INFO - Setting next_dagrun for tutorial_dag to None, run_after=None
[2025-10-12T12:54:14.507+0000] {processor.py:183} INFO - Processing /home/airflow/.local/lib/python3.8/site-packages/airflow/example_dags/tutorial_dag.py took 0.090 seconds
[2025-10-12T12:54:45.642+0000] {processor.py:161} INFO - Started process (PID=22950) to work on /home/airflow/.local/lib/python3.8/site-packages/airflow/example_dags/tutorial_dag.py
[2025-10-12T12:54:45.643+0000] {processor.py:830} INFO - Processing file /home/airflow/.local/lib/python3.8/site-packages/airflow/example_dags/tutorial_dag.py for tasks to queue
[2025-10-12T12:54:45.645+0000] {logging_mixin.py:188} INFO - [2025-10-12T12:54:45.645+0000] {dagbag.py:538} INFO - Filling up the DagBag from /home/airflow/.local/lib/python3.8/site-packages/airflow/example_dags/tutorial_dag.py
[2025-10-12T12:54:45.653+0000] {processor.py:840} INFO - DAG(s) 'tutorial_dag' retrieved from /home/airflow/.local/lib/python3.8/site-packages/airflow/example_dags/tutorial_dag.py
[2025-10-12T12:54:45.683+0000] {logging_mixin.py:188} INFO - [2025-10-12T12:54:45.683+0000] {dag.py:3036} INFO - Sync 1 DAGs
[2025-10-12T12:54:45.700+0000] {logging_mixin.py:188} INFO - [2025-10-12T12:54:45.700+0000] {dag.py:3823} INFO - Setting next_dagrun for tutorial_dag to None, run_after=None
[2025-10-12T12:54:45.725+0000] {processor.py:183} INFO - Processing /home/airflow/.local/lib/python3.8/site-packages/airflow/example_dags/tutorial_dag.py took 0.087 seconds
[2025-10-12T12:55:18.864+0000] {processor.py:161} INFO - Started process (PID=23020) to work on /home/airflow/.local/lib/python3.8/site-packages/airflow/example_dags/tutorial_dag.py
[2025-10-12T12:55:18.866+0000] {processor.py:830} INFO - Processing file /home/airflow/.local/lib/python3.8/site-packages/airflow/example_dags/tutorial_dag.py for tasks to queue
[2025-10-12T12:55:18.871+0000] {logging_mixin.py:188} INFO - [2025-10-12T12:55:18.870+0000] {dagbag.py:538} INFO - Filling up the DagBag from /home/airflow/.local/lib/python3.8/site-packages/airflow/example_dags/tutorial_dag.py
[2025-10-12T12:55:18.883+0000] {processor.py:840} INFO - DAG(s) 'tutorial_dag' retrieved from /home/airflow/.local/lib/python3.8/site-packages/airflow/example_dags/tutorial_dag.py
[2025-10-12T12:55:18.945+0000] {logging_mixin.py:188} INFO - [2025-10-12T12:55:18.944+0000] {dag.py:3036} INFO - Sync 1 DAGs
[2025-10-12T12:55:18.962+0000] {logging_mixin.py:188} INFO - [2025-10-12T12:55:18.962+0000] {dag.py:3823} INFO - Setting next_dagrun for tutorial_dag to None, run_after=None
[2025-10-12T12:55:19.002+0000] {processor.py:183} INFO - Processing /home/airflow/.local/lib/python3.8/site-packages/airflow/example_dags/tutorial_dag.py took 0.143 seconds
[2025-10-12T12:55:50.448+0000] {processor.py:161} INFO - Started process (PID=23091) to work on /home/airflow/.local/lib/python3.8/site-packages/airflow/example_dags/tutorial_dag.py
[2025-10-12T12:55:50.450+0000] {processor.py:830} INFO - Processing file /home/airflow/.local/lib/python3.8/site-packages/airflow/example_dags/tutorial_dag.py for tasks to queue
[2025-10-12T12:55:50.453+0000] {logging_mixin.py:188} INFO - [2025-10-12T12:55:50.453+0000] {dagbag.py:538} INFO - Filling up the DagBag from /home/airflow/.local/lib/python3.8/site-packages/airflow/example_dags/tutorial_dag.py
[2025-10-12T12:55:50.462+0000] {processor.py:840} INFO - DAG(s) 'tutorial_dag' retrieved from /home/airflow/.local/lib/python3.8/site-packages/airflow/example_dags/tutorial_dag.py
[2025-10-12T12:55:50.508+0000] {logging_mixin.py:188} INFO - [2025-10-12T12:55:50.507+0000] {dag.py:3036} INFO - Sync 1 DAGs
[2025-10-12T12:55:50.533+0000] {logging_mixin.py:188} INFO - [2025-10-12T12:55:50.533+0000] {dag.py:3823} INFO - Setting next_dagrun for tutorial_dag to None, run_after=None
[2025-10-12T12:55:50.567+0000] {processor.py:183} INFO - Processing /home/airflow/.local/lib/python3.8/site-packages/airflow/example_dags/tutorial_dag.py took 0.125 seconds
[2025-10-12T12:56:22.185+0000] {processor.py:161} INFO - Started process (PID=23161) to work on /home/airflow/.local/lib/python3.8/site-packages/airflow/example_dags/tutorial_dag.py
[2025-10-12T12:56:22.187+0000] {processor.py:830} INFO - Processing file /home/airflow/.local/lib/python3.8/site-packages/airflow/example_dags/tutorial_dag.py for tasks to queue
[2025-10-12T12:56:22.190+0000] {logging_mixin.py:188} INFO - [2025-10-12T12:56:22.190+0000] {dagbag.py:538} INFO - Filling up the DagBag from /home/airflow/.local/lib/python3.8/site-packages/airflow/example_dags/tutorial_dag.py
[2025-10-12T12:56:22.200+0000] {processor.py:840} INFO - DAG(s) 'tutorial_dag' retrieved from /home/airflow/.local/lib/python3.8/site-packages/airflow/example_dags/tutorial_dag.py
[2025-10-12T12:56:22.241+0000] {logging_mixin.py:188} INFO - [2025-10-12T12:56:22.240+0000] {dag.py:3036} INFO - Sync 1 DAGs
[2025-10-12T12:56:22.265+0000] {logging_mixin.py:188} INFO - [2025-10-12T12:56:22.265+0000] {dag.py:3823} INFO - Setting next_dagrun for tutorial_dag to None, run_after=None
[2025-10-12T12:56:22.310+0000] {processor.py:183} INFO - Processing /home/airflow/.local/lib/python3.8/site-packages/airflow/example_dags/tutorial_dag.py took 0.131 seconds
[2025-10-12T12:56:53.406+0000] {processor.py:161} INFO - Started process (PID=23231) to work on /home/airflow/.local/lib/python3.8/site-packages/airflow/example_dags/tutorial_dag.py
[2025-10-12T12:56:53.408+0000] {processor.py:830} INFO - Processing file /home/airflow/.local/lib/python3.8/site-packages/airflow/example_dags/tutorial_dag.py for tasks to queue
[2025-10-12T12:56:53.411+0000] {logging_mixin.py:188} INFO - [2025-10-12T12:56:53.411+0000] {dagbag.py:538} INFO - Filling up the DagBag from /home/airflow/.local/lib/python3.8/site-packages/airflow/example_dags/tutorial_dag.py
[2025-10-12T12:56:53.420+0000] {processor.py:840} INFO - DAG(s) 'tutorial_dag' retrieved from /home/airflow/.local/lib/python3.8/site-packages/airflow/example_dags/tutorial_dag.py
[2025-10-12T12:56:53.457+0000] {logging_mixin.py:188} INFO - [2025-10-12T12:56:53.457+0000] {dag.py:3036} INFO - Sync 1 DAGs
[2025-10-12T12:56:53.476+0000] {logging_mixin.py:188} INFO - [2025-10-12T12:56:53.476+0000] {dag.py:3823} INFO - Setting next_dagrun for tutorial_dag to None, run_after=None
[2025-10-12T12:56:53.529+0000] {processor.py:183} INFO - Processing /home/airflow/.local/lib/python3.8/site-packages/airflow/example_dags/tutorial_dag.py took 0.129 seconds
[2025-10-12T12:57:24.164+0000] {processor.py:161} INFO - Started process (PID=23301) to work on /home/airflow/.local/lib/python3.8/site-packages/airflow/example_dags/tutorial_dag.py
[2025-10-12T12:57:24.166+0000] {processor.py:830} INFO - Processing file /home/airflow/.local/lib/python3.8/site-packages/airflow/example_dags/tutorial_dag.py for tasks to queue
[2025-10-12T12:57:24.171+0000] {logging_mixin.py:188} INFO - [2025-10-12T12:57:24.170+0000] {dagbag.py:538} INFO - Filling up the DagBag from /home/airflow/.local/lib/python3.8/site-packages/airflow/example_dags/tutorial_dag.py
[2025-10-12T12:57:24.185+0000] {processor.py:840} INFO - DAG(s) 'tutorial_dag' retrieved from /home/airflow/.local/lib/python3.8/site-packages/airflow/example_dags/tutorial_dag.py
[2025-10-12T12:57:24.227+0000] {logging_mixin.py:188} INFO - [2025-10-12T12:57:24.227+0000] {dag.py:3036} INFO - Sync 1 DAGs
[2025-10-12T12:57:24.247+0000] {logging_mixin.py:188} INFO - [2025-10-12T12:57:24.247+0000] {dag.py:3823} INFO - Setting next_dagrun for tutorial_dag to None, run_after=None
[2025-10-12T12:57:24.309+0000] {processor.py:183} INFO - Processing /home/airflow/.local/lib/python3.8/site-packages/airflow/example_dags/tutorial_dag.py took 0.153 seconds
[2025-10-12T12:57:56.492+0000] {processor.py:161} INFO - Started process (PID=23377) to work on /home/airflow/.local/lib/python3.8/site-packages/airflow/example_dags/tutorial_dag.py
[2025-10-12T12:57:56.494+0000] {processor.py:830} INFO - Processing file /home/airflow/.local/lib/python3.8/site-packages/airflow/example_dags/tutorial_dag.py for tasks to queue
[2025-10-12T12:57:56.497+0000] {logging_mixin.py:188} INFO - [2025-10-12T12:57:56.497+0000] {dagbag.py:538} INFO - Filling up the DagBag from /home/airflow/.local/lib/python3.8/site-packages/airflow/example_dags/tutorial_dag.py
[2025-10-12T12:57:56.506+0000] {processor.py:840} INFO - DAG(s) 'tutorial_dag' retrieved from /home/airflow/.local/lib/python3.8/site-packages/airflow/example_dags/tutorial_dag.py
[2025-10-12T12:57:56.555+0000] {logging_mixin.py:188} INFO - [2025-10-12T12:57:56.555+0000] {dag.py:3036} INFO - Sync 1 DAGs
[2025-10-12T12:57:56.582+0000] {logging_mixin.py:188} INFO - [2025-10-12T12:57:56.582+0000] {dag.py:3823} INFO - Setting next_dagrun for tutorial_dag to None, run_after=None
[2025-10-12T12:57:56.611+0000] {processor.py:183} INFO - Processing /home/airflow/.local/lib/python3.8/site-packages/airflow/example_dags/tutorial_dag.py took 0.125 seconds
[2025-10-12T12:58:27.486+0000] {processor.py:161} INFO - Started process (PID=23447) to work on /home/airflow/.local/lib/python3.8/site-packages/airflow/example_dags/tutorial_dag.py
[2025-10-12T12:58:27.488+0000] {processor.py:830} INFO - Processing file /home/airflow/.local/lib/python3.8/site-packages/airflow/example_dags/tutorial_dag.py for tasks to queue
[2025-10-12T12:58:27.492+0000] {logging_mixin.py:188} INFO - [2025-10-12T12:58:27.491+0000] {dagbag.py:538} INFO - Filling up the DagBag from /home/airflow/.local/lib/python3.8/site-packages/airflow/example_dags/tutorial_dag.py
[2025-10-12T12:58:27.505+0000] {processor.py:840} INFO - DAG(s) 'tutorial_dag' retrieved from /home/airflow/.local/lib/python3.8/site-packages/airflow/example_dags/tutorial_dag.py
[2025-10-12T12:58:27.552+0000] {logging_mixin.py:188} INFO - [2025-10-12T12:58:27.552+0000] {dag.py:3036} INFO - Sync 1 DAGs
[2025-10-12T12:58:27.573+0000] {logging_mixin.py:188} INFO - [2025-10-12T12:58:27.573+0000] {dag.py:3823} INFO - Setting next_dagrun for tutorial_dag to None, run_after=None
[2025-10-12T12:58:27.603+0000] {processor.py:183} INFO - Processing /home/airflow/.local/lib/python3.8/site-packages/airflow/example_dags/tutorial_dag.py took 0.123 seconds
[2025-10-12T12:59:00.663+0000] {processor.py:161} INFO - Started process (PID=23517) to work on /home/airflow/.local/lib/python3.8/site-packages/airflow/example_dags/tutorial_dag.py
[2025-10-12T12:59:00.666+0000] {processor.py:830} INFO - Processing file /home/airflow/.local/lib/python3.8/site-packages/airflow/example_dags/tutorial_dag.py for tasks to queue
[2025-10-12T12:59:00.670+0000] {logging_mixin.py:188} INFO - [2025-10-12T12:59:00.670+0000] {dagbag.py:538} INFO - Filling up the DagBag from /home/airflow/.local/lib/python3.8/site-packages/airflow/example_dags/tutorial_dag.py
[2025-10-12T12:59:00.708+0000] {processor.py:840} INFO - DAG(s) 'tutorial_dag' retrieved from /home/airflow/.local/lib/python3.8/site-packages/airflow/example_dags/tutorial_dag.py
[2025-10-12T12:59:00.804+0000] {logging_mixin.py:188} INFO - [2025-10-12T12:59:00.802+0000] {dag.py:3036} INFO - Sync 1 DAGs
[2025-10-12T12:59:00.877+0000] {logging_mixin.py:188} INFO - [2025-10-12T12:59:00.876+0000] {dag.py:3823} INFO - Setting next_dagrun for tutorial_dag to None, run_after=None
[2025-10-12T12:59:00.928+0000] {processor.py:183} INFO - Processing /home/airflow/.local/lib/python3.8/site-packages/airflow/example_dags/tutorial_dag.py took 0.273 seconds
[2025-10-12T12:59:31.262+0000] {processor.py:161} INFO - Started process (PID=23587) to work on /home/airflow/.local/lib/python3.8/site-packages/airflow/example_dags/tutorial_dag.py
[2025-10-12T12:59:31.264+0000] {processor.py:830} INFO - Processing file /home/airflow/.local/lib/python3.8/site-packages/airflow/example_dags/tutorial_dag.py for tasks to queue
[2025-10-12T12:59:31.269+0000] {logging_mixin.py:188} INFO - [2025-10-12T12:59:31.268+0000] {dagbag.py:538} INFO - Filling up the DagBag from /home/airflow/.local/lib/python3.8/site-packages/airflow/example_dags/tutorial_dag.py
[2025-10-12T12:59:31.283+0000] {processor.py:840} INFO - DAG(s) 'tutorial_dag' retrieved from /home/airflow/.local/lib/python3.8/site-packages/airflow/example_dags/tutorial_dag.py
[2025-10-12T12:59:31.349+0000] {logging_mixin.py:188} INFO - [2025-10-12T12:59:31.348+0000] {dag.py:3036} INFO - Sync 1 DAGs
[2025-10-12T12:59:31.388+0000] {logging_mixin.py:188} INFO - [2025-10-12T12:59:31.388+0000] {dag.py:3823} INFO - Setting next_dagrun for tutorial_dag to None, run_after=None
[2025-10-12T12:59:31.435+0000] {processor.py:183} INFO - Processing /home/airflow/.local/lib/python3.8/site-packages/airflow/example_dags/tutorial_dag.py took 0.183 seconds
[2025-10-12T13:00:02.405+0000] {processor.py:161} INFO - Started process (PID=23657) to work on /home/airflow/.local/lib/python3.8/site-packages/airflow/example_dags/tutorial_dag.py
[2025-10-12T13:00:02.407+0000] {processor.py:830} INFO - Processing file /home/airflow/.local/lib/python3.8/site-packages/airflow/example_dags/tutorial_dag.py for tasks to queue
[2025-10-12T13:00:02.410+0000] {logging_mixin.py:188} INFO - [2025-10-12T13:00:02.410+0000] {dagbag.py:538} INFO - Filling up the DagBag from /home/airflow/.local/lib/python3.8/site-packages/airflow/example_dags/tutorial_dag.py
[2025-10-12T13:00:02.420+0000] {processor.py:840} INFO - DAG(s) 'tutorial_dag' retrieved from /home/airflow/.local/lib/python3.8/site-packages/airflow/example_dags/tutorial_dag.py
[2025-10-12T13:00:02.463+0000] {logging_mixin.py:188} INFO - [2025-10-12T13:00:02.463+0000] {dag.py:3036} INFO - Sync 1 DAGs
[2025-10-12T13:00:02.483+0000] {logging_mixin.py:188} INFO - [2025-10-12T13:00:02.483+0000] {dag.py:3823} INFO - Setting next_dagrun for tutorial_dag to None, run_after=None
[2025-10-12T13:00:02.527+0000] {processor.py:183} INFO - Processing /home/airflow/.local/lib/python3.8/site-packages/airflow/example_dags/tutorial_dag.py took 0.128 seconds
[2025-10-12T13:00:33.308+0000] {processor.py:161} INFO - Started process (PID=23727) to work on /home/airflow/.local/lib/python3.8/site-packages/airflow/example_dags/tutorial_dag.py
[2025-10-12T13:00:33.309+0000] {processor.py:830} INFO - Processing file /home/airflow/.local/lib/python3.8/site-packages/airflow/example_dags/tutorial_dag.py for tasks to queue
[2025-10-12T13:00:33.312+0000] {logging_mixin.py:188} INFO - [2025-10-12T13:00:33.312+0000] {dagbag.py:538} INFO - Filling up the DagBag from /home/airflow/.local/lib/python3.8/site-packages/airflow/example_dags/tutorial_dag.py
[2025-10-12T13:00:33.321+0000] {processor.py:840} INFO - DAG(s) 'tutorial_dag' retrieved from /home/airflow/.local/lib/python3.8/site-packages/airflow/example_dags/tutorial_dag.py
[2025-10-12T13:00:33.357+0000] {logging_mixin.py:188} INFO - [2025-10-12T13:00:33.357+0000] {dag.py:3036} INFO - Sync 1 DAGs
[2025-10-12T13:00:33.377+0000] {logging_mixin.py:188} INFO - [2025-10-12T13:00:33.377+0000] {dag.py:3823} INFO - Setting next_dagrun for tutorial_dag to None, run_after=None
[2025-10-12T13:00:33.406+0000] {processor.py:183} INFO - Processing /home/airflow/.local/lib/python3.8/site-packages/airflow/example_dags/tutorial_dag.py took 0.104 seconds
[2025-10-12T13:01:04.324+0000] {processor.py:161} INFO - Started process (PID=23797) to work on /home/airflow/.local/lib/python3.8/site-packages/airflow/example_dags/tutorial_dag.py
[2025-10-12T13:01:04.326+0000] {processor.py:830} INFO - Processing file /home/airflow/.local/lib/python3.8/site-packages/airflow/example_dags/tutorial_dag.py for tasks to queue
[2025-10-12T13:01:04.330+0000] {logging_mixin.py:188} INFO - [2025-10-12T13:01:04.330+0000] {dagbag.py:538} INFO - Filling up the DagBag from /home/airflow/.local/lib/python3.8/site-packages/airflow/example_dags/tutorial_dag.py
[2025-10-12T13:01:04.339+0000] {processor.py:840} INFO - DAG(s) 'tutorial_dag' retrieved from /home/airflow/.local/lib/python3.8/site-packages/airflow/example_dags/tutorial_dag.py
[2025-10-12T13:01:04.383+0000] {logging_mixin.py:188} INFO - [2025-10-12T13:01:04.382+0000] {dag.py:3036} INFO - Sync 1 DAGs
[2025-10-12T13:01:04.406+0000] {logging_mixin.py:188} INFO - [2025-10-12T13:01:04.406+0000] {dag.py:3823} INFO - Setting next_dagrun for tutorial_dag to None, run_after=None
[2025-10-12T13:01:04.445+0000] {processor.py:183} INFO - Processing /home/airflow/.local/lib/python3.8/site-packages/airflow/example_dags/tutorial_dag.py took 0.128 seconds
[2025-10-12T13:01:35.262+0000] {processor.py:161} INFO - Started process (PID=23867) to work on /home/airflow/.local/lib/python3.8/site-packages/airflow/example_dags/tutorial_dag.py
[2025-10-12T13:01:35.264+0000] {processor.py:830} INFO - Processing file /home/airflow/.local/lib/python3.8/site-packages/airflow/example_dags/tutorial_dag.py for tasks to queue
[2025-10-12T13:01:35.268+0000] {logging_mixin.py:188} INFO - [2025-10-12T13:01:35.267+0000] {dagbag.py:538} INFO - Filling up the DagBag from /home/airflow/.local/lib/python3.8/site-packages/airflow/example_dags/tutorial_dag.py
[2025-10-12T13:01:35.280+0000] {processor.py:840} INFO - DAG(s) 'tutorial_dag' retrieved from /home/airflow/.local/lib/python3.8/site-packages/airflow/example_dags/tutorial_dag.py
[2025-10-12T13:01:35.329+0000] {logging_mixin.py:188} INFO - [2025-10-12T13:01:35.328+0000] {dag.py:3036} INFO - Sync 1 DAGs
[2025-10-12T13:01:35.350+0000] {logging_mixin.py:188} INFO - [2025-10-12T13:01:35.349+0000] {dag.py:3823} INFO - Setting next_dagrun for tutorial_dag to None, run_after=None
[2025-10-12T13:01:35.405+0000] {processor.py:183} INFO - Processing /home/airflow/.local/lib/python3.8/site-packages/airflow/example_dags/tutorial_dag.py took 0.149 seconds
[2025-10-12T13:02:05.925+0000] {processor.py:161} INFO - Started process (PID=23937) to work on /home/airflow/.local/lib/python3.8/site-packages/airflow/example_dags/tutorial_dag.py
[2025-10-12T13:02:05.927+0000] {processor.py:830} INFO - Processing file /home/airflow/.local/lib/python3.8/site-packages/airflow/example_dags/tutorial_dag.py for tasks to queue
[2025-10-12T13:02:05.930+0000] {logging_mixin.py:188} INFO - [2025-10-12T13:02:05.929+0000] {dagbag.py:538} INFO - Filling up the DagBag from /home/airflow/.local/lib/python3.8/site-packages/airflow/example_dags/tutorial_dag.py
[2025-10-12T13:02:05.937+0000] {processor.py:840} INFO - DAG(s) 'tutorial_dag' retrieved from /home/airflow/.local/lib/python3.8/site-packages/airflow/example_dags/tutorial_dag.py
[2025-10-12T13:02:05.973+0000] {logging_mixin.py:188} INFO - [2025-10-12T13:02:05.972+0000] {dag.py:3036} INFO - Sync 1 DAGs
[2025-10-12T13:02:05.993+0000] {logging_mixin.py:188} INFO - [2025-10-12T13:02:05.993+0000] {dag.py:3823} INFO - Setting next_dagrun for tutorial_dag to None, run_after=None
[2025-10-12T13:02:06.027+0000] {processor.py:183} INFO - Processing /home/airflow/.local/lib/python3.8/site-packages/airflow/example_dags/tutorial_dag.py took 0.108 seconds
[2025-10-12T13:02:38.020+0000] {processor.py:161} INFO - Started process (PID=24007) to work on /home/airflow/.local/lib/python3.8/site-packages/airflow/example_dags/tutorial_dag.py
[2025-10-12T13:02:38.022+0000] {processor.py:830} INFO - Processing file /home/airflow/.local/lib/python3.8/site-packages/airflow/example_dags/tutorial_dag.py for tasks to queue
[2025-10-12T13:02:38.024+0000] {logging_mixin.py:188} INFO - [2025-10-12T13:02:38.024+0000] {dagbag.py:538} INFO - Filling up the DagBag from /home/airflow/.local/lib/python3.8/site-packages/airflow/example_dags/tutorial_dag.py
[2025-10-12T13:02:38.033+0000] {processor.py:840} INFO - DAG(s) 'tutorial_dag' retrieved from /home/airflow/.local/lib/python3.8/site-packages/airflow/example_dags/tutorial_dag.py
[2025-10-12T13:02:38.071+0000] {logging_mixin.py:188} INFO - [2025-10-12T13:02:38.071+0000] {dag.py:3036} INFO - Sync 1 DAGs
[2025-10-12T13:02:38.092+0000] {logging_mixin.py:188} INFO - [2025-10-12T13:02:38.092+0000] {dag.py:3823} INFO - Setting next_dagrun for tutorial_dag to None, run_after=None
[2025-10-12T13:02:38.139+0000] {processor.py:183} INFO - Processing /home/airflow/.local/lib/python3.8/site-packages/airflow/example_dags/tutorial_dag.py took 0.124 seconds
[2025-10-12T13:03:09.240+0000] {processor.py:161} INFO - Started process (PID=24077) to work on /home/airflow/.local/lib/python3.8/site-packages/airflow/example_dags/tutorial_dag.py
[2025-10-12T13:03:09.242+0000] {processor.py:830} INFO - Processing file /home/airflow/.local/lib/python3.8/site-packages/airflow/example_dags/tutorial_dag.py for tasks to queue
[2025-10-12T13:03:09.247+0000] {logging_mixin.py:188} INFO - [2025-10-12T13:03:09.246+0000] {dagbag.py:538} INFO - Filling up the DagBag from /home/airflow/.local/lib/python3.8/site-packages/airflow/example_dags/tutorial_dag.py
[2025-10-12T13:03:09.256+0000] {processor.py:840} INFO - DAG(s) 'tutorial_dag' retrieved from /home/airflow/.local/lib/python3.8/site-packages/airflow/example_dags/tutorial_dag.py
[2025-10-12T13:03:09.291+0000] {logging_mixin.py:188} INFO - [2025-10-12T13:03:09.290+0000] {dag.py:3036} INFO - Sync 1 DAGs
[2025-10-12T13:03:09.309+0000] {logging_mixin.py:188} INFO - [2025-10-12T13:03:09.308+0000] {dag.py:3823} INFO - Setting next_dagrun for tutorial_dag to None, run_after=None
[2025-10-12T13:03:09.338+0000] {processor.py:183} INFO - Processing /home/airflow/.local/lib/python3.8/site-packages/airflow/example_dags/tutorial_dag.py took 0.104 seconds
[2025-10-12T13:03:40.364+0000] {processor.py:161} INFO - Started process (PID=24147) to work on /home/airflow/.local/lib/python3.8/site-packages/airflow/example_dags/tutorial_dag.py
[2025-10-12T13:03:40.366+0000] {processor.py:830} INFO - Processing file /home/airflow/.local/lib/python3.8/site-packages/airflow/example_dags/tutorial_dag.py for tasks to queue
[2025-10-12T13:03:40.370+0000] {logging_mixin.py:188} INFO - [2025-10-12T13:03:40.369+0000] {dagbag.py:538} INFO - Filling up the DagBag from /home/airflow/.local/lib/python3.8/site-packages/airflow/example_dags/tutorial_dag.py
[2025-10-12T13:03:40.380+0000] {processor.py:840} INFO - DAG(s) 'tutorial_dag' retrieved from /home/airflow/.local/lib/python3.8/site-packages/airflow/example_dags/tutorial_dag.py
[2025-10-12T13:03:40.422+0000] {logging_mixin.py:188} INFO - [2025-10-12T13:03:40.422+0000] {dag.py:3036} INFO - Sync 1 DAGs
[2025-10-12T13:03:40.450+0000] {logging_mixin.py:188} INFO - [2025-10-12T13:03:40.449+0000] {dag.py:3823} INFO - Setting next_dagrun for tutorial_dag to None, run_after=None
[2025-10-12T13:03:40.488+0000] {processor.py:183} INFO - Processing /home/airflow/.local/lib/python3.8/site-packages/airflow/example_dags/tutorial_dag.py took 0.129 seconds
[2025-10-12T13:04:11.966+0000] {processor.py:161} INFO - Started process (PID=24218) to work on /home/airflow/.local/lib/python3.8/site-packages/airflow/example_dags/tutorial_dag.py
[2025-10-12T13:04:11.968+0000] {processor.py:830} INFO - Processing file /home/airflow/.local/lib/python3.8/site-packages/airflow/example_dags/tutorial_dag.py for tasks to queue
[2025-10-12T13:04:11.972+0000] {logging_mixin.py:188} INFO - [2025-10-12T13:04:11.971+0000] {dagbag.py:538} INFO - Filling up the DagBag from /home/airflow/.local/lib/python3.8/site-packages/airflow/example_dags/tutorial_dag.py
[2025-10-12T13:04:11.981+0000] {processor.py:840} INFO - DAG(s) 'tutorial_dag' retrieved from /home/airflow/.local/lib/python3.8/site-packages/airflow/example_dags/tutorial_dag.py
[2025-10-12T13:04:12.021+0000] {logging_mixin.py:188} INFO - [2025-10-12T13:04:12.021+0000] {dag.py:3036} INFO - Sync 1 DAGs
[2025-10-12T13:04:12.040+0000] {logging_mixin.py:188} INFO - [2025-10-12T13:04:12.039+0000] {dag.py:3823} INFO - Setting next_dagrun for tutorial_dag to None, run_after=None
[2025-10-12T13:04:12.092+0000] {processor.py:183} INFO - Processing /home/airflow/.local/lib/python3.8/site-packages/airflow/example_dags/tutorial_dag.py took 0.132 seconds
[2025-10-12T13:04:43.878+0000] {processor.py:161} INFO - Started process (PID=24289) to work on /home/airflow/.local/lib/python3.8/site-packages/airflow/example_dags/tutorial_dag.py
[2025-10-12T13:04:43.879+0000] {processor.py:830} INFO - Processing file /home/airflow/.local/lib/python3.8/site-packages/airflow/example_dags/tutorial_dag.py for tasks to queue
[2025-10-12T13:04:43.883+0000] {logging_mixin.py:188} INFO - [2025-10-12T13:04:43.882+0000] {dagbag.py:538} INFO - Filling up the DagBag from /home/airflow/.local/lib/python3.8/site-packages/airflow/example_dags/tutorial_dag.py
[2025-10-12T13:04:43.893+0000] {processor.py:840} INFO - DAG(s) 'tutorial_dag' retrieved from /home/airflow/.local/lib/python3.8/site-packages/airflow/example_dags/tutorial_dag.py
[2025-10-12T13:04:43.932+0000] {logging_mixin.py:188} INFO - [2025-10-12T13:04:43.932+0000] {dag.py:3036} INFO - Sync 1 DAGs
[2025-10-12T13:04:43.959+0000] {logging_mixin.py:188} INFO - [2025-10-12T13:04:43.959+0000] {dag.py:3823} INFO - Setting next_dagrun for tutorial_dag to None, run_after=None
[2025-10-12T13:04:44.013+0000] {processor.py:183} INFO - Processing /home/airflow/.local/lib/python3.8/site-packages/airflow/example_dags/tutorial_dag.py took 0.140 seconds
[2025-10-12T13:05:15.255+0000] {processor.py:161} INFO - Started process (PID=24359) to work on /home/airflow/.local/lib/python3.8/site-packages/airflow/example_dags/tutorial_dag.py
[2025-10-12T13:05:15.256+0000] {processor.py:830} INFO - Processing file /home/airflow/.local/lib/python3.8/site-packages/airflow/example_dags/tutorial_dag.py for tasks to queue
[2025-10-12T13:05:15.259+0000] {logging_mixin.py:188} INFO - [2025-10-12T13:05:15.259+0000] {dagbag.py:538} INFO - Filling up the DagBag from /home/airflow/.local/lib/python3.8/site-packages/airflow/example_dags/tutorial_dag.py
[2025-10-12T13:05:15.267+0000] {processor.py:840} INFO - DAG(s) 'tutorial_dag' retrieved from /home/airflow/.local/lib/python3.8/site-packages/airflow/example_dags/tutorial_dag.py
[2025-10-12T13:05:15.305+0000] {logging_mixin.py:188} INFO - [2025-10-12T13:05:15.305+0000] {dag.py:3036} INFO - Sync 1 DAGs
[2025-10-12T13:05:15.324+0000] {logging_mixin.py:188} INFO - [2025-10-12T13:05:15.324+0000] {dag.py:3823} INFO - Setting next_dagrun for tutorial_dag to None, run_after=None
[2025-10-12T13:05:15.526+0000] {processor.py:183} INFO - Processing /home/airflow/.local/lib/python3.8/site-packages/airflow/example_dags/tutorial_dag.py took 0.275 seconds
[2025-10-12T13:05:45.767+0000] {processor.py:161} INFO - Started process (PID=24427) to work on /home/airflow/.local/lib/python3.8/site-packages/airflow/example_dags/tutorial_dag.py
[2025-10-12T13:05:45.769+0000] {processor.py:830} INFO - Processing file /home/airflow/.local/lib/python3.8/site-packages/airflow/example_dags/tutorial_dag.py for tasks to queue
[2025-10-12T13:05:45.772+0000] {logging_mixin.py:188} INFO - [2025-10-12T13:05:45.772+0000] {dagbag.py:538} INFO - Filling up the DagBag from /home/airflow/.local/lib/python3.8/site-packages/airflow/example_dags/tutorial_dag.py
[2025-10-12T13:05:45.781+0000] {processor.py:840} INFO - DAG(s) 'tutorial_dag' retrieved from /home/airflow/.local/lib/python3.8/site-packages/airflow/example_dags/tutorial_dag.py
[2025-10-12T13:05:45.820+0000] {logging_mixin.py:188} INFO - [2025-10-12T13:05:45.820+0000] {dag.py:3036} INFO - Sync 1 DAGs
[2025-10-12T13:05:45.838+0000] {logging_mixin.py:188} INFO - [2025-10-12T13:05:45.838+0000] {dag.py:3823} INFO - Setting next_dagrun for tutorial_dag to None, run_after=None
[2025-10-12T13:05:45.870+0000] {processor.py:183} INFO - Processing /home/airflow/.local/lib/python3.8/site-packages/airflow/example_dags/tutorial_dag.py took 0.110 seconds
[2025-10-12T13:06:16.235+0000] {processor.py:161} INFO - Started process (PID=24497) to work on /home/airflow/.local/lib/python3.8/site-packages/airflow/example_dags/tutorial_dag.py
[2025-10-12T13:06:16.237+0000] {processor.py:830} INFO - Processing file /home/airflow/.local/lib/python3.8/site-packages/airflow/example_dags/tutorial_dag.py for tasks to queue
[2025-10-12T13:06:16.242+0000] {logging_mixin.py:188} INFO - [2025-10-12T13:06:16.241+0000] {dagbag.py:538} INFO - Filling up the DagBag from /home/airflow/.local/lib/python3.8/site-packages/airflow/example_dags/tutorial_dag.py
[2025-10-12T13:06:16.256+0000] {processor.py:840} INFO - DAG(s) 'tutorial_dag' retrieved from /home/airflow/.local/lib/python3.8/site-packages/airflow/example_dags/tutorial_dag.py
[2025-10-12T13:06:16.299+0000] {logging_mixin.py:188} INFO - [2025-10-12T13:06:16.299+0000] {dag.py:3036} INFO - Sync 1 DAGs
[2025-10-12T13:06:16.320+0000] {logging_mixin.py:188} INFO - [2025-10-12T13:06:16.319+0000] {dag.py:3823} INFO - Setting next_dagrun for tutorial_dag to None, run_after=None
[2025-10-12T13:06:16.371+0000] {processor.py:183} INFO - Processing /home/airflow/.local/lib/python3.8/site-packages/airflow/example_dags/tutorial_dag.py took 0.144 seconds
[2025-10-12T13:06:47.123+0000] {processor.py:161} INFO - Started process (PID=24567) to work on /home/airflow/.local/lib/python3.8/site-packages/airflow/example_dags/tutorial_dag.py
[2025-10-12T13:06:47.124+0000] {processor.py:830} INFO - Processing file /home/airflow/.local/lib/python3.8/site-packages/airflow/example_dags/tutorial_dag.py for tasks to queue
[2025-10-12T13:06:47.127+0000] {logging_mixin.py:188} INFO - [2025-10-12T13:06:47.126+0000] {dagbag.py:538} INFO - Filling up the DagBag from /home/airflow/.local/lib/python3.8/site-packages/airflow/example_dags/tutorial_dag.py
[2025-10-12T13:06:47.135+0000] {processor.py:840} INFO - DAG(s) 'tutorial_dag' retrieved from /home/airflow/.local/lib/python3.8/site-packages/airflow/example_dags/tutorial_dag.py
[2025-10-12T13:06:47.170+0000] {logging_mixin.py:188} INFO - [2025-10-12T13:06:47.170+0000] {dag.py:3036} INFO - Sync 1 DAGs
[2025-10-12T13:06:47.190+0000] {logging_mixin.py:188} INFO - [2025-10-12T13:06:47.189+0000] {dag.py:3823} INFO - Setting next_dagrun for tutorial_dag to None, run_after=None
[2025-10-12T13:06:47.242+0000] {processor.py:183} INFO - Processing /home/airflow/.local/lib/python3.8/site-packages/airflow/example_dags/tutorial_dag.py took 0.124 seconds
[2025-10-12T13:07:18.484+0000] {processor.py:161} INFO - Started process (PID=24637) to work on /home/airflow/.local/lib/python3.8/site-packages/airflow/example_dags/tutorial_dag.py
[2025-10-12T13:07:18.486+0000] {processor.py:830} INFO - Processing file /home/airflow/.local/lib/python3.8/site-packages/airflow/example_dags/tutorial_dag.py for tasks to queue
[2025-10-12T13:07:18.490+0000] {logging_mixin.py:188} INFO - [2025-10-12T13:07:18.489+0000] {dagbag.py:538} INFO - Filling up the DagBag from /home/airflow/.local/lib/python3.8/site-packages/airflow/example_dags/tutorial_dag.py
[2025-10-12T13:07:18.498+0000] {processor.py:840} INFO - DAG(s) 'tutorial_dag' retrieved from /home/airflow/.local/lib/python3.8/site-packages/airflow/example_dags/tutorial_dag.py
[2025-10-12T13:07:18.543+0000] {logging_mixin.py:188} INFO - [2025-10-12T13:07:18.542+0000] {dag.py:3036} INFO - Sync 1 DAGs
[2025-10-12T13:07:18.565+0000] {logging_mixin.py:188} INFO - [2025-10-12T13:07:18.565+0000] {dag.py:3823} INFO - Setting next_dagrun for tutorial_dag to None, run_after=None
[2025-10-12T13:07:18.640+0000] {processor.py:183} INFO - Processing /home/airflow/.local/lib/python3.8/site-packages/airflow/example_dags/tutorial_dag.py took 0.161 seconds
[2025-10-12T13:07:49.384+0000] {processor.py:161} INFO - Started process (PID=24707) to work on /home/airflow/.local/lib/python3.8/site-packages/airflow/example_dags/tutorial_dag.py
[2025-10-12T13:07:49.386+0000] {processor.py:830} INFO - Processing file /home/airflow/.local/lib/python3.8/site-packages/airflow/example_dags/tutorial_dag.py for tasks to queue
[2025-10-12T13:07:49.390+0000] {logging_mixin.py:188} INFO - [2025-10-12T13:07:49.390+0000] {dagbag.py:538} INFO - Filling up the DagBag from /home/airflow/.local/lib/python3.8/site-packages/airflow/example_dags/tutorial_dag.py
[2025-10-12T13:07:49.398+0000] {processor.py:840} INFO - DAG(s) 'tutorial_dag' retrieved from /home/airflow/.local/lib/python3.8/site-packages/airflow/example_dags/tutorial_dag.py
[2025-10-12T13:07:49.434+0000] {logging_mixin.py:188} INFO - [2025-10-12T13:07:49.433+0000] {dag.py:3036} INFO - Sync 1 DAGs
[2025-10-12T13:07:49.453+0000] {logging_mixin.py:188} INFO - [2025-10-12T13:07:49.453+0000] {dag.py:3823} INFO - Setting next_dagrun for tutorial_dag to None, run_after=None
[2025-10-12T13:07:49.504+0000] {processor.py:183} INFO - Processing /home/airflow/.local/lib/python3.8/site-packages/airflow/example_dags/tutorial_dag.py took 0.126 seconds
[2025-10-12T13:08:20.175+0000] {processor.py:161} INFO - Started process (PID=24777) to work on /home/airflow/.local/lib/python3.8/site-packages/airflow/example_dags/tutorial_dag.py
[2025-10-12T13:08:20.177+0000] {processor.py:830} INFO - Processing file /home/airflow/.local/lib/python3.8/site-packages/airflow/example_dags/tutorial_dag.py for tasks to queue
[2025-10-12T13:08:20.179+0000] {logging_mixin.py:188} INFO - [2025-10-12T13:08:20.179+0000] {dagbag.py:538} INFO - Filling up the DagBag from /home/airflow/.local/lib/python3.8/site-packages/airflow/example_dags/tutorial_dag.py
[2025-10-12T13:08:20.188+0000] {processor.py:840} INFO - DAG(s) 'tutorial_dag' retrieved from /home/airflow/.local/lib/python3.8/site-packages/airflow/example_dags/tutorial_dag.py
[2025-10-12T13:08:20.224+0000] {logging_mixin.py:188} INFO - [2025-10-12T13:08:20.224+0000] {dag.py:3036} INFO - Sync 1 DAGs
[2025-10-12T13:08:20.242+0000] {logging_mixin.py:188} INFO - [2025-10-12T13:08:20.242+0000] {dag.py:3823} INFO - Setting next_dagrun for tutorial_dag to None, run_after=None
[2025-10-12T13:08:20.295+0000] {processor.py:183} INFO - Processing /home/airflow/.local/lib/python3.8/site-packages/airflow/example_dags/tutorial_dag.py took 0.125 seconds
[2025-10-12T13:08:51.260+0000] {processor.py:161} INFO - Started process (PID=24847) to work on /home/airflow/.local/lib/python3.8/site-packages/airflow/example_dags/tutorial_dag.py
[2025-10-12T13:08:51.262+0000] {processor.py:830} INFO - Processing file /home/airflow/.local/lib/python3.8/site-packages/airflow/example_dags/tutorial_dag.py for tasks to queue
[2025-10-12T13:08:51.266+0000] {logging_mixin.py:188} INFO - [2025-10-12T13:08:51.265+0000] {dagbag.py:538} INFO - Filling up the DagBag from /home/airflow/.local/lib/python3.8/site-packages/airflow/example_dags/tutorial_dag.py
[2025-10-12T13:08:51.275+0000] {processor.py:840} INFO - DAG(s) 'tutorial_dag' retrieved from /home/airflow/.local/lib/python3.8/site-packages/airflow/example_dags/tutorial_dag.py
[2025-10-12T13:08:51.321+0000] {logging_mixin.py:188} INFO - [2025-10-12T13:08:51.320+0000] {dag.py:3036} INFO - Sync 1 DAGs
[2025-10-12T13:08:51.347+0000] {logging_mixin.py:188} INFO - [2025-10-12T13:08:51.347+0000] {dag.py:3823} INFO - Setting next_dagrun for tutorial_dag to None, run_after=None
[2025-10-12T13:08:51.397+0000] {processor.py:183} INFO - Processing /home/airflow/.local/lib/python3.8/site-packages/airflow/example_dags/tutorial_dag.py took 0.142 seconds
[2025-10-12T13:09:22.606+0000] {processor.py:161} INFO - Started process (PID=24917) to work on /home/airflow/.local/lib/python3.8/site-packages/airflow/example_dags/tutorial_dag.py
[2025-10-12T13:09:22.608+0000] {processor.py:830} INFO - Processing file /home/airflow/.local/lib/python3.8/site-packages/airflow/example_dags/tutorial_dag.py for tasks to queue
[2025-10-12T13:09:22.612+0000] {logging_mixin.py:188} INFO - [2025-10-12T13:09:22.611+0000] {dagbag.py:538} INFO - Filling up the DagBag from /home/airflow/.local/lib/python3.8/site-packages/airflow/example_dags/tutorial_dag.py
[2025-10-12T13:09:22.622+0000] {processor.py:840} INFO - DAG(s) 'tutorial_dag' retrieved from /home/airflow/.local/lib/python3.8/site-packages/airflow/example_dags/tutorial_dag.py
[2025-10-12T13:09:22.656+0000] {logging_mixin.py:188} INFO - [2025-10-12T13:09:22.655+0000] {dag.py:3036} INFO - Sync 1 DAGs
[2025-10-12T13:09:22.672+0000] {logging_mixin.py:188} INFO - [2025-10-12T13:09:22.672+0000] {dag.py:3823} INFO - Setting next_dagrun for tutorial_dag to None, run_after=None
[2025-10-12T13:09:22.752+0000] {processor.py:183} INFO - Processing /home/airflow/.local/lib/python3.8/site-packages/airflow/example_dags/tutorial_dag.py took 0.152 seconds
[2025-10-12T13:09:53.849+0000] {processor.py:161} INFO - Started process (PID=24987) to work on /home/airflow/.local/lib/python3.8/site-packages/airflow/example_dags/tutorial_dag.py
[2025-10-12T13:09:53.850+0000] {processor.py:830} INFO - Processing file /home/airflow/.local/lib/python3.8/site-packages/airflow/example_dags/tutorial_dag.py for tasks to queue
[2025-10-12T13:09:53.853+0000] {logging_mixin.py:188} INFO - [2025-10-12T13:09:53.853+0000] {dagbag.py:538} INFO - Filling up the DagBag from /home/airflow/.local/lib/python3.8/site-packages/airflow/example_dags/tutorial_dag.py
[2025-10-12T13:09:53.863+0000] {processor.py:840} INFO - DAG(s) 'tutorial_dag' retrieved from /home/airflow/.local/lib/python3.8/site-packages/airflow/example_dags/tutorial_dag.py
[2025-10-12T13:09:53.908+0000] {logging_mixin.py:188} INFO - [2025-10-12T13:09:53.907+0000] {dag.py:3036} INFO - Sync 1 DAGs
[2025-10-12T13:09:53.932+0000] {logging_mixin.py:188} INFO - [2025-10-12T13:09:53.932+0000] {dag.py:3823} INFO - Setting next_dagrun for tutorial_dag to None, run_after=None
[2025-10-12T13:09:53.965+0000] {processor.py:183} INFO - Processing /home/airflow/.local/lib/python3.8/site-packages/airflow/example_dags/tutorial_dag.py took 0.121 seconds
[2025-10-12T13:10:25.242+0000] {processor.py:161} INFO - Started process (PID=25057) to work on /home/airflow/.local/lib/python3.8/site-packages/airflow/example_dags/tutorial_dag.py
[2025-10-12T13:10:25.245+0000] {processor.py:830} INFO - Processing file /home/airflow/.local/lib/python3.8/site-packages/airflow/example_dags/tutorial_dag.py for tasks to queue
[2025-10-12T13:10:25.249+0000] {logging_mixin.py:188} INFO - [2025-10-12T13:10:25.249+0000] {dagbag.py:538} INFO - Filling up the DagBag from /home/airflow/.local/lib/python3.8/site-packages/airflow/example_dags/tutorial_dag.py
[2025-10-12T13:10:25.262+0000] {processor.py:840} INFO - DAG(s) 'tutorial_dag' retrieved from /home/airflow/.local/lib/python3.8/site-packages/airflow/example_dags/tutorial_dag.py
[2025-10-12T13:10:25.323+0000] {logging_mixin.py:188} INFO - [2025-10-12T13:10:25.322+0000] {dag.py:3036} INFO - Sync 1 DAGs
[2025-10-12T13:10:25.348+0000] {logging_mixin.py:188} INFO - [2025-10-12T13:10:25.347+0000] {dag.py:3823} INFO - Setting next_dagrun for tutorial_dag to None, run_after=None
[2025-10-12T13:10:25.411+0000] {processor.py:183} INFO - Processing /home/airflow/.local/lib/python3.8/site-packages/airflow/example_dags/tutorial_dag.py took 0.177 seconds
[2025-10-12T13:10:56.287+0000] {processor.py:161} INFO - Started process (PID=25126) to work on /home/airflow/.local/lib/python3.8/site-packages/airflow/example_dags/tutorial_dag.py
[2025-10-12T13:10:56.288+0000] {processor.py:830} INFO - Processing file /home/airflow/.local/lib/python3.8/site-packages/airflow/example_dags/tutorial_dag.py for tasks to queue
[2025-10-12T13:10:56.291+0000] {logging_mixin.py:188} INFO - [2025-10-12T13:10:56.291+0000] {dagbag.py:538} INFO - Filling up the DagBag from /home/airflow/.local/lib/python3.8/site-packages/airflow/example_dags/tutorial_dag.py
[2025-10-12T13:10:56.300+0000] {processor.py:840} INFO - DAG(s) 'tutorial_dag' retrieved from /home/airflow/.local/lib/python3.8/site-packages/airflow/example_dags/tutorial_dag.py
[2025-10-12T13:10:56.338+0000] {logging_mixin.py:188} INFO - [2025-10-12T13:10:56.338+0000] {dag.py:3036} INFO - Sync 1 DAGs
[2025-10-12T13:10:56.361+0000] {logging_mixin.py:188} INFO - [2025-10-12T13:10:56.360+0000] {dag.py:3823} INFO - Setting next_dagrun for tutorial_dag to None, run_after=None
[2025-10-12T13:10:56.401+0000] {processor.py:183} INFO - Processing /home/airflow/.local/lib/python3.8/site-packages/airflow/example_dags/tutorial_dag.py took 0.121 seconds
[2025-10-12T13:11:27.432+0000] {processor.py:161} INFO - Started process (PID=25196) to work on /home/airflow/.local/lib/python3.8/site-packages/airflow/example_dags/tutorial_dag.py
[2025-10-12T13:11:27.434+0000] {processor.py:830} INFO - Processing file /home/airflow/.local/lib/python3.8/site-packages/airflow/example_dags/tutorial_dag.py for tasks to queue
[2025-10-12T13:11:27.437+0000] {logging_mixin.py:188} INFO - [2025-10-12T13:11:27.436+0000] {dagbag.py:538} INFO - Filling up the DagBag from /home/airflow/.local/lib/python3.8/site-packages/airflow/example_dags/tutorial_dag.py
[2025-10-12T13:11:27.445+0000] {processor.py:840} INFO - DAG(s) 'tutorial_dag' retrieved from /home/airflow/.local/lib/python3.8/site-packages/airflow/example_dags/tutorial_dag.py
[2025-10-12T13:11:27.481+0000] {logging_mixin.py:188} INFO - [2025-10-12T13:11:27.481+0000] {dag.py:3036} INFO - Sync 1 DAGs
[2025-10-12T13:11:27.508+0000] {logging_mixin.py:188} INFO - [2025-10-12T13:11:27.507+0000] {dag.py:3823} INFO - Setting next_dagrun for tutorial_dag to None, run_after=None
[2025-10-12T13:11:27.540+0000] {processor.py:183} INFO - Processing /home/airflow/.local/lib/python3.8/site-packages/airflow/example_dags/tutorial_dag.py took 0.112 seconds
[2025-10-12T13:11:58.763+0000] {processor.py:161} INFO - Started process (PID=25273) to work on /home/airflow/.local/lib/python3.8/site-packages/airflow/example_dags/tutorial_dag.py
[2025-10-12T13:11:58.765+0000] {processor.py:830} INFO - Processing file /home/airflow/.local/lib/python3.8/site-packages/airflow/example_dags/tutorial_dag.py for tasks to queue
[2025-10-12T13:11:58.769+0000] {logging_mixin.py:188} INFO - [2025-10-12T13:11:58.768+0000] {dagbag.py:538} INFO - Filling up the DagBag from /home/airflow/.local/lib/python3.8/site-packages/airflow/example_dags/tutorial_dag.py
[2025-10-12T13:11:58.779+0000] {processor.py:840} INFO - DAG(s) 'tutorial_dag' retrieved from /home/airflow/.local/lib/python3.8/site-packages/airflow/example_dags/tutorial_dag.py
[2025-10-12T13:11:58.816+0000] {logging_mixin.py:188} INFO - [2025-10-12T13:11:58.815+0000] {dag.py:3036} INFO - Sync 1 DAGs
[2025-10-12T13:11:58.834+0000] {logging_mixin.py:188} INFO - [2025-10-12T13:11:58.834+0000] {dag.py:3823} INFO - Setting next_dagrun for tutorial_dag to None, run_after=None
[2025-10-12T13:11:58.901+0000] {processor.py:183} INFO - Processing /home/airflow/.local/lib/python3.8/site-packages/airflow/example_dags/tutorial_dag.py took 0.145 seconds
[2025-10-12T13:12:29.501+0000] {processor.py:161} INFO - Started process (PID=25343) to work on /home/airflow/.local/lib/python3.8/site-packages/airflow/example_dags/tutorial_dag.py
[2025-10-12T13:12:29.502+0000] {processor.py:830} INFO - Processing file /home/airflow/.local/lib/python3.8/site-packages/airflow/example_dags/tutorial_dag.py for tasks to queue
[2025-10-12T13:12:29.505+0000] {logging_mixin.py:188} INFO - [2025-10-12T13:12:29.505+0000] {dagbag.py:538} INFO - Filling up the DagBag from /home/airflow/.local/lib/python3.8/site-packages/airflow/example_dags/tutorial_dag.py
[2025-10-12T13:12:29.513+0000] {processor.py:840} INFO - DAG(s) 'tutorial_dag' retrieved from /home/airflow/.local/lib/python3.8/site-packages/airflow/example_dags/tutorial_dag.py
[2025-10-12T13:12:29.546+0000] {logging_mixin.py:188} INFO - [2025-10-12T13:12:29.545+0000] {dag.py:3036} INFO - Sync 1 DAGs
[2025-10-12T13:12:29.566+0000] {logging_mixin.py:188} INFO - [2025-10-12T13:12:29.565+0000] {dag.py:3823} INFO - Setting next_dagrun for tutorial_dag to None, run_after=None
[2025-10-12T13:12:29.621+0000] {processor.py:183} INFO - Processing /home/airflow/.local/lib/python3.8/site-packages/airflow/example_dags/tutorial_dag.py took 0.125 seconds
[2025-10-12T13:13:01.049+0000] {processor.py:161} INFO - Started process (PID=25413) to work on /home/airflow/.local/lib/python3.8/site-packages/airflow/example_dags/tutorial_dag.py
[2025-10-12T13:13:01.052+0000] {processor.py:830} INFO - Processing file /home/airflow/.local/lib/python3.8/site-packages/airflow/example_dags/tutorial_dag.py for tasks to queue
[2025-10-12T13:13:01.056+0000] {logging_mixin.py:188} INFO - [2025-10-12T13:13:01.056+0000] {dagbag.py:538} INFO - Filling up the DagBag from /home/airflow/.local/lib/python3.8/site-packages/airflow/example_dags/tutorial_dag.py
[2025-10-12T13:13:01.070+0000] {processor.py:840} INFO - DAG(s) 'tutorial_dag' retrieved from /home/airflow/.local/lib/python3.8/site-packages/airflow/example_dags/tutorial_dag.py
[2025-10-12T13:13:01.107+0000] {logging_mixin.py:188} INFO - [2025-10-12T13:13:01.107+0000] {dag.py:3036} INFO - Sync 1 DAGs
[2025-10-12T13:13:01.124+0000] {logging_mixin.py:188} INFO - [2025-10-12T13:13:01.124+0000] {dag.py:3823} INFO - Setting next_dagrun for tutorial_dag to None, run_after=None
[2025-10-12T13:13:01.171+0000] {processor.py:183} INFO - Processing /home/airflow/.local/lib/python3.8/site-packages/airflow/example_dags/tutorial_dag.py took 0.131 seconds
[2025-10-12T13:13:31.473+0000] {processor.py:161} INFO - Started process (PID=25483) to work on /home/airflow/.local/lib/python3.8/site-packages/airflow/example_dags/tutorial_dag.py
[2025-10-12T13:13:31.475+0000] {processor.py:830} INFO - Processing file /home/airflow/.local/lib/python3.8/site-packages/airflow/example_dags/tutorial_dag.py for tasks to queue
[2025-10-12T13:13:31.479+0000] {logging_mixin.py:188} INFO - [2025-10-12T13:13:31.478+0000] {dagbag.py:538} INFO - Filling up the DagBag from /home/airflow/.local/lib/python3.8/site-packages/airflow/example_dags/tutorial_dag.py
[2025-10-12T13:13:31.492+0000] {processor.py:840} INFO - DAG(s) 'tutorial_dag' retrieved from /home/airflow/.local/lib/python3.8/site-packages/airflow/example_dags/tutorial_dag.py
[2025-10-12T13:13:31.535+0000] {logging_mixin.py:188} INFO - [2025-10-12T13:13:31.534+0000] {dag.py:3036} INFO - Sync 1 DAGs
[2025-10-12T13:13:31.554+0000] {logging_mixin.py:188} INFO - [2025-10-12T13:13:31.554+0000] {dag.py:3823} INFO - Setting next_dagrun for tutorial_dag to None, run_after=None
[2025-10-12T13:13:31.603+0000] {processor.py:183} INFO - Processing /home/airflow/.local/lib/python3.8/site-packages/airflow/example_dags/tutorial_dag.py took 0.135 seconds
[2025-10-12T13:14:03.042+0000] {processor.py:161} INFO - Started process (PID=25553) to work on /home/airflow/.local/lib/python3.8/site-packages/airflow/example_dags/tutorial_dag.py
[2025-10-12T13:14:03.044+0000] {processor.py:830} INFO - Processing file /home/airflow/.local/lib/python3.8/site-packages/airflow/example_dags/tutorial_dag.py for tasks to queue
[2025-10-12T13:14:03.047+0000] {logging_mixin.py:188} INFO - [2025-10-12T13:14:03.047+0000] {dagbag.py:538} INFO - Filling up the DagBag from /home/airflow/.local/lib/python3.8/site-packages/airflow/example_dags/tutorial_dag.py
[2025-10-12T13:14:03.054+0000] {processor.py:840} INFO - DAG(s) 'tutorial_dag' retrieved from /home/airflow/.local/lib/python3.8/site-packages/airflow/example_dags/tutorial_dag.py
[2025-10-12T13:14:03.086+0000] {logging_mixin.py:188} INFO - [2025-10-12T13:14:03.085+0000] {dag.py:3036} INFO - Sync 1 DAGs
[2025-10-12T13:14:03.101+0000] {logging_mixin.py:188} INFO - [2025-10-12T13:14:03.101+0000] {dag.py:3823} INFO - Setting next_dagrun for tutorial_dag to None, run_after=None
[2025-10-12T13:14:03.158+0000] {processor.py:183} INFO - Processing /home/airflow/.local/lib/python3.8/site-packages/airflow/example_dags/tutorial_dag.py took 0.121 seconds
[2025-10-12T13:14:33.447+0000] {processor.py:161} INFO - Started process (PID=25623) to work on /home/airflow/.local/lib/python3.8/site-packages/airflow/example_dags/tutorial_dag.py
[2025-10-12T13:14:33.448+0000] {processor.py:830} INFO - Processing file /home/airflow/.local/lib/python3.8/site-packages/airflow/example_dags/tutorial_dag.py for tasks to queue
[2025-10-12T13:14:33.451+0000] {logging_mixin.py:188} INFO - [2025-10-12T13:14:33.450+0000] {dagbag.py:538} INFO - Filling up the DagBag from /home/airflow/.local/lib/python3.8/site-packages/airflow/example_dags/tutorial_dag.py
[2025-10-12T13:14:33.459+0000] {processor.py:840} INFO - DAG(s) 'tutorial_dag' retrieved from /home/airflow/.local/lib/python3.8/site-packages/airflow/example_dags/tutorial_dag.py
[2025-10-12T13:14:33.492+0000] {logging_mixin.py:188} INFO - [2025-10-12T13:14:33.492+0000] {dag.py:3036} INFO - Sync 1 DAGs
[2025-10-12T13:14:33.511+0000] {logging_mixin.py:188} INFO - [2025-10-12T13:14:33.511+0000] {dag.py:3823} INFO - Setting next_dagrun for tutorial_dag to None, run_after=None
[2025-10-12T13:14:33.544+0000] {processor.py:183} INFO - Processing /home/airflow/.local/lib/python3.8/site-packages/airflow/example_dags/tutorial_dag.py took 0.101 seconds
[2025-10-12T13:15:04.103+0000] {processor.py:161} INFO - Started process (PID=25693) to work on /home/airflow/.local/lib/python3.8/site-packages/airflow/example_dags/tutorial_dag.py
[2025-10-12T13:15:04.105+0000] {processor.py:830} INFO - Processing file /home/airflow/.local/lib/python3.8/site-packages/airflow/example_dags/tutorial_dag.py for tasks to queue
[2025-10-12T13:15:04.108+0000] {logging_mixin.py:188} INFO - [2025-10-12T13:15:04.107+0000] {dagbag.py:538} INFO - Filling up the DagBag from /home/airflow/.local/lib/python3.8/site-packages/airflow/example_dags/tutorial_dag.py
[2025-10-12T13:15:04.116+0000] {processor.py:840} INFO - DAG(s) 'tutorial_dag' retrieved from /home/airflow/.local/lib/python3.8/site-packages/airflow/example_dags/tutorial_dag.py
[2025-10-12T13:15:04.154+0000] {logging_mixin.py:188} INFO - [2025-10-12T13:15:04.154+0000] {dag.py:3036} INFO - Sync 1 DAGs
[2025-10-12T13:15:04.171+0000] {logging_mixin.py:188} INFO - [2025-10-12T13:15:04.171+0000] {dag.py:3823} INFO - Setting next_dagrun for tutorial_dag to None, run_after=None
[2025-10-12T13:15:04.208+0000] {processor.py:183} INFO - Processing /home/airflow/.local/lib/python3.8/site-packages/airflow/example_dags/tutorial_dag.py took 0.108 seconds
[2025-10-12T13:15:35.630+0000] {processor.py:161} INFO - Started process (PID=25763) to work on /home/airflow/.local/lib/python3.8/site-packages/airflow/example_dags/tutorial_dag.py
[2025-10-12T13:15:35.633+0000] {processor.py:830} INFO - Processing file /home/airflow/.local/lib/python3.8/site-packages/airflow/example_dags/tutorial_dag.py for tasks to queue
[2025-10-12T13:15:35.638+0000] {logging_mixin.py:188} INFO - [2025-10-12T13:15:35.637+0000] {dagbag.py:538} INFO - Filling up the DagBag from /home/airflow/.local/lib/python3.8/site-packages/airflow/example_dags/tutorial_dag.py
[2025-10-12T13:15:35.651+0000] {processor.py:840} INFO - DAG(s) 'tutorial_dag' retrieved from /home/airflow/.local/lib/python3.8/site-packages/airflow/example_dags/tutorial_dag.py
[2025-10-12T13:15:35.713+0000] {logging_mixin.py:188} INFO - [2025-10-12T13:15:35.713+0000] {dag.py:3036} INFO - Sync 1 DAGs
[2025-10-12T13:15:35.738+0000] {logging_mixin.py:188} INFO - [2025-10-12T13:15:35.737+0000] {dag.py:3823} INFO - Setting next_dagrun for tutorial_dag to None, run_after=None
[2025-10-12T13:15:35.807+0000] {processor.py:183} INFO - Processing /home/airflow/.local/lib/python3.8/site-packages/airflow/example_dags/tutorial_dag.py took 0.185 seconds
[2025-10-12T13:19:52.005+0000] {processor.py:161} INFO - Started process (PID=25838) to work on /home/airflow/.local/lib/python3.8/site-packages/airflow/example_dags/tutorial_dag.py
[2025-10-12T13:19:52.007+0000] {processor.py:830} INFO - Processing file /home/airflow/.local/lib/python3.8/site-packages/airflow/example_dags/tutorial_dag.py for tasks to queue
[2025-10-12T13:19:52.009+0000] {logging_mixin.py:188} INFO - [2025-10-12T13:19:52.009+0000] {dagbag.py:538} INFO - Filling up the DagBag from /home/airflow/.local/lib/python3.8/site-packages/airflow/example_dags/tutorial_dag.py
[2025-10-12T13:19:52.016+0000] {processor.py:840} INFO - DAG(s) 'tutorial_dag' retrieved from /home/airflow/.local/lib/python3.8/site-packages/airflow/example_dags/tutorial_dag.py
[2025-10-12T13:19:52.047+0000] {logging_mixin.py:188} INFO - [2025-10-12T13:19:52.046+0000] {dag.py:3036} INFO - Sync 1 DAGs
[2025-10-12T13:19:52.062+0000] {logging_mixin.py:188} INFO - [2025-10-12T13:19:52.062+0000] {dag.py:3823} INFO - Setting next_dagrun for tutorial_dag to None, run_after=None
[2025-10-12T13:19:52.104+0000] {processor.py:183} INFO - Processing /home/airflow/.local/lib/python3.8/site-packages/airflow/example_dags/tutorial_dag.py took 0.103 seconds
[2025-10-12T13:20:22.794+0000] {processor.py:161} INFO - Started process (PID=25908) to work on /home/airflow/.local/lib/python3.8/site-packages/airflow/example_dags/tutorial_dag.py
[2025-10-12T13:20:22.795+0000] {processor.py:830} INFO - Processing file /home/airflow/.local/lib/python3.8/site-packages/airflow/example_dags/tutorial_dag.py for tasks to queue
[2025-10-12T13:20:22.797+0000] {logging_mixin.py:188} INFO - [2025-10-12T13:20:22.797+0000] {dagbag.py:538} INFO - Filling up the DagBag from /home/airflow/.local/lib/python3.8/site-packages/airflow/example_dags/tutorial_dag.py
[2025-10-12T13:20:22.803+0000] {processor.py:840} INFO - DAG(s) 'tutorial_dag' retrieved from /home/airflow/.local/lib/python3.8/site-packages/airflow/example_dags/tutorial_dag.py
[2025-10-12T13:20:22.831+0000] {logging_mixin.py:188} INFO - [2025-10-12T13:20:22.831+0000] {dag.py:3036} INFO - Sync 1 DAGs
[2025-10-12T13:20:22.846+0000] {logging_mixin.py:188} INFO - [2025-10-12T13:20:22.845+0000] {dag.py:3823} INFO - Setting next_dagrun for tutorial_dag to None, run_after=None
[2025-10-12T13:20:22.870+0000] {processor.py:183} INFO - Processing /home/airflow/.local/lib/python3.8/site-packages/airflow/example_dags/tutorial_dag.py took 0.079 seconds
[2025-10-12T13:20:54.419+0000] {processor.py:161} INFO - Started process (PID=25978) to work on /home/airflow/.local/lib/python3.8/site-packages/airflow/example_dags/tutorial_dag.py
[2025-10-12T13:20:54.421+0000] {processor.py:830} INFO - Processing file /home/airflow/.local/lib/python3.8/site-packages/airflow/example_dags/tutorial_dag.py for tasks to queue
[2025-10-12T13:20:54.423+0000] {logging_mixin.py:188} INFO - [2025-10-12T13:20:54.422+0000] {dagbag.py:538} INFO - Filling up the DagBag from /home/airflow/.local/lib/python3.8/site-packages/airflow/example_dags/tutorial_dag.py
[2025-10-12T13:20:54.429+0000] {processor.py:840} INFO - DAG(s) 'tutorial_dag' retrieved from /home/airflow/.local/lib/python3.8/site-packages/airflow/example_dags/tutorial_dag.py
[2025-10-12T13:20:54.457+0000] {logging_mixin.py:188} INFO - [2025-10-12T13:20:54.457+0000] {dag.py:3036} INFO - Sync 1 DAGs
[2025-10-12T13:20:54.472+0000] {logging_mixin.py:188} INFO - [2025-10-12T13:20:54.472+0000] {dag.py:3823} INFO - Setting next_dagrun for tutorial_dag to None, run_after=None
[2025-10-12T13:20:54.515+0000] {processor.py:183} INFO - Processing /home/airflow/.local/lib/python3.8/site-packages/airflow/example_dags/tutorial_dag.py took 0.100 seconds
[2025-10-12T13:21:27.073+0000] {processor.py:161} INFO - Started process (PID=26048) to work on /home/airflow/.local/lib/python3.8/site-packages/airflow/example_dags/tutorial_dag.py
[2025-10-12T13:21:27.074+0000] {processor.py:830} INFO - Processing file /home/airflow/.local/lib/python3.8/site-packages/airflow/example_dags/tutorial_dag.py for tasks to queue
[2025-10-12T13:21:27.077+0000] {logging_mixin.py:188} INFO - [2025-10-12T13:21:27.077+0000] {dagbag.py:538} INFO - Filling up the DagBag from /home/airflow/.local/lib/python3.8/site-packages/airflow/example_dags/tutorial_dag.py
[2025-10-12T13:21:27.086+0000] {processor.py:840} INFO - DAG(s) 'tutorial_dag' retrieved from /home/airflow/.local/lib/python3.8/site-packages/airflow/example_dags/tutorial_dag.py
[2025-10-12T13:21:27.122+0000] {logging_mixin.py:188} INFO - [2025-10-12T13:21:27.121+0000] {dag.py:3036} INFO - Sync 1 DAGs
[2025-10-12T13:21:27.144+0000] {logging_mixin.py:188} INFO - [2025-10-12T13:21:27.143+0000] {dag.py:3823} INFO - Setting next_dagrun for tutorial_dag to None, run_after=None
[2025-10-12T13:21:27.199+0000] {processor.py:183} INFO - Processing /home/airflow/.local/lib/python3.8/site-packages/airflow/example_dags/tutorial_dag.py took 0.131 seconds
[2025-10-12T13:21:58.907+0000] {processor.py:161} INFO - Started process (PID=26119) to work on /home/airflow/.local/lib/python3.8/site-packages/airflow/example_dags/tutorial_dag.py
[2025-10-12T13:21:58.908+0000] {processor.py:830} INFO - Processing file /home/airflow/.local/lib/python3.8/site-packages/airflow/example_dags/tutorial_dag.py for tasks to queue
[2025-10-12T13:21:58.912+0000] {logging_mixin.py:188} INFO - [2025-10-12T13:21:58.911+0000] {dagbag.py:538} INFO - Filling up the DagBag from /home/airflow/.local/lib/python3.8/site-packages/airflow/example_dags/tutorial_dag.py
[2025-10-12T13:21:58.924+0000] {processor.py:840} INFO - DAG(s) 'tutorial_dag' retrieved from /home/airflow/.local/lib/python3.8/site-packages/airflow/example_dags/tutorial_dag.py
[2025-10-12T13:21:58.995+0000] {logging_mixin.py:188} INFO - [2025-10-12T13:21:58.993+0000] {dag.py:3036} INFO - Sync 1 DAGs
[2025-10-12T13:21:59.034+0000] {logging_mixin.py:188} INFO - [2025-10-12T13:21:59.034+0000] {dag.py:3823} INFO - Setting next_dagrun for tutorial_dag to None, run_after=None
[2025-10-12T13:21:59.094+0000] {processor.py:183} INFO - Processing /home/airflow/.local/lib/python3.8/site-packages/airflow/example_dags/tutorial_dag.py took 0.194 seconds
[2025-10-12T13:22:30.088+0000] {processor.py:161} INFO - Started process (PID=26189) to work on /home/airflow/.local/lib/python3.8/site-packages/airflow/example_dags/tutorial_dag.py
[2025-10-12T13:22:30.090+0000] {processor.py:830} INFO - Processing file /home/airflow/.local/lib/python3.8/site-packages/airflow/example_dags/tutorial_dag.py for tasks to queue
[2025-10-12T13:22:30.093+0000] {logging_mixin.py:188} INFO - [2025-10-12T13:22:30.093+0000] {dagbag.py:538} INFO - Filling up the DagBag from /home/airflow/.local/lib/python3.8/site-packages/airflow/example_dags/tutorial_dag.py
[2025-10-12T13:22:30.104+0000] {processor.py:840} INFO - DAG(s) 'tutorial_dag' retrieved from /home/airflow/.local/lib/python3.8/site-packages/airflow/example_dags/tutorial_dag.py
[2025-10-12T13:22:30.146+0000] {logging_mixin.py:188} INFO - [2025-10-12T13:22:30.146+0000] {dag.py:3036} INFO - Sync 1 DAGs
[2025-10-12T13:22:30.164+0000] {logging_mixin.py:188} INFO - [2025-10-12T13:22:30.163+0000] {dag.py:3823} INFO - Setting next_dagrun for tutorial_dag to None, run_after=None
[2025-10-12T13:22:30.216+0000] {processor.py:183} INFO - Processing /home/airflow/.local/lib/python3.8/site-packages/airflow/example_dags/tutorial_dag.py took 0.136 seconds
[2025-10-12T13:23:00.765+0000] {processor.py:161} INFO - Started process (PID=26259) to work on /home/airflow/.local/lib/python3.8/site-packages/airflow/example_dags/tutorial_dag.py
[2025-10-12T13:23:00.767+0000] {processor.py:830} INFO - Processing file /home/airflow/.local/lib/python3.8/site-packages/airflow/example_dags/tutorial_dag.py for tasks to queue
[2025-10-12T13:23:00.772+0000] {logging_mixin.py:188} INFO - [2025-10-12T13:23:00.771+0000] {dagbag.py:538} INFO - Filling up the DagBag from /home/airflow/.local/lib/python3.8/site-packages/airflow/example_dags/tutorial_dag.py
[2025-10-12T13:23:00.784+0000] {processor.py:840} INFO - DAG(s) 'tutorial_dag' retrieved from /home/airflow/.local/lib/python3.8/site-packages/airflow/example_dags/tutorial_dag.py
[2025-10-12T13:23:00.837+0000] {logging_mixin.py:188} INFO - [2025-10-12T13:23:00.837+0000] {dag.py:3036} INFO - Sync 1 DAGs
[2025-10-12T13:23:00.857+0000] {logging_mixin.py:188} INFO - [2025-10-12T13:23:00.857+0000] {dag.py:3823} INFO - Setting next_dagrun for tutorial_dag to None, run_after=None
[2025-10-12T13:23:00.921+0000] {processor.py:183} INFO - Processing /home/airflow/.local/lib/python3.8/site-packages/airflow/example_dags/tutorial_dag.py took 0.161 seconds
[2025-10-12T13:23:31.256+0000] {processor.py:161} INFO - Started process (PID=26329) to work on /home/airflow/.local/lib/python3.8/site-packages/airflow/example_dags/tutorial_dag.py
[2025-10-12T13:23:31.258+0000] {processor.py:830} INFO - Processing file /home/airflow/.local/lib/python3.8/site-packages/airflow/example_dags/tutorial_dag.py for tasks to queue
[2025-10-12T13:23:31.261+0000] {logging_mixin.py:188} INFO - [2025-10-12T13:23:31.261+0000] {dagbag.py:538} INFO - Filling up the DagBag from /home/airflow/.local/lib/python3.8/site-packages/airflow/example_dags/tutorial_dag.py
[2025-10-12T13:23:31.270+0000] {processor.py:840} INFO - DAG(s) 'tutorial_dag' retrieved from /home/airflow/.local/lib/python3.8/site-packages/airflow/example_dags/tutorial_dag.py
[2025-10-12T13:23:31.306+0000] {logging_mixin.py:188} INFO - [2025-10-12T13:23:31.306+0000] {dag.py:3036} INFO - Sync 1 DAGs
[2025-10-12T13:23:31.322+0000] {logging_mixin.py:188} INFO - [2025-10-12T13:23:31.322+0000] {dag.py:3823} INFO - Setting next_dagrun for tutorial_dag to None, run_after=None
[2025-10-12T13:23:31.378+0000] {processor.py:183} INFO - Processing /home/airflow/.local/lib/python3.8/site-packages/airflow/example_dags/tutorial_dag.py took 0.126 seconds
[2025-10-12T13:24:02.177+0000] {processor.py:161} INFO - Started process (PID=26399) to work on /home/airflow/.local/lib/python3.8/site-packages/airflow/example_dags/tutorial_dag.py
[2025-10-12T13:24:02.179+0000] {processor.py:830} INFO - Processing file /home/airflow/.local/lib/python3.8/site-packages/airflow/example_dags/tutorial_dag.py for tasks to queue
[2025-10-12T13:24:02.182+0000] {logging_mixin.py:188} INFO - [2025-10-12T13:24:02.182+0000] {dagbag.py:538} INFO - Filling up the DagBag from /home/airflow/.local/lib/python3.8/site-packages/airflow/example_dags/tutorial_dag.py
[2025-10-12T13:24:02.191+0000] {processor.py:840} INFO - DAG(s) 'tutorial_dag' retrieved from /home/airflow/.local/lib/python3.8/site-packages/airflow/example_dags/tutorial_dag.py
[2025-10-12T13:24:02.234+0000] {logging_mixin.py:188} INFO - [2025-10-12T13:24:02.233+0000] {dag.py:3036} INFO - Sync 1 DAGs
[2025-10-12T13:24:02.256+0000] {logging_mixin.py:188} INFO - [2025-10-12T13:24:02.256+0000] {dag.py:3823} INFO - Setting next_dagrun for tutorial_dag to None, run_after=None
[2025-10-12T13:24:02.292+0000] {processor.py:183} INFO - Processing /home/airflow/.local/lib/python3.8/site-packages/airflow/example_dags/tutorial_dag.py took 0.121 seconds
[2025-10-12T13:24:33.965+0000] {processor.py:161} INFO - Started process (PID=26469) to work on /home/airflow/.local/lib/python3.8/site-packages/airflow/example_dags/tutorial_dag.py
[2025-10-12T13:24:33.968+0000] {processor.py:830} INFO - Processing file /home/airflow/.local/lib/python3.8/site-packages/airflow/example_dags/tutorial_dag.py for tasks to queue
[2025-10-12T13:24:33.972+0000] {logging_mixin.py:188} INFO - [2025-10-12T13:24:33.972+0000] {dagbag.py:538} INFO - Filling up the DagBag from /home/airflow/.local/lib/python3.8/site-packages/airflow/example_dags/tutorial_dag.py
[2025-10-12T13:24:33.983+0000] {processor.py:840} INFO - DAG(s) 'tutorial_dag' retrieved from /home/airflow/.local/lib/python3.8/site-packages/airflow/example_dags/tutorial_dag.py
[2025-10-12T13:24:34.016+0000] {logging_mixin.py:188} INFO - [2025-10-12T13:24:34.016+0000] {dag.py:3036} INFO - Sync 1 DAGs
[2025-10-12T13:24:34.032+0000] {logging_mixin.py:188} INFO - [2025-10-12T13:24:34.032+0000] {dag.py:3823} INFO - Setting next_dagrun for tutorial_dag to None, run_after=None
[2025-10-12T13:24:34.091+0000] {processor.py:183} INFO - Processing /home/airflow/.local/lib/python3.8/site-packages/airflow/example_dags/tutorial_dag.py took 0.132 seconds
[2025-10-12T13:25:04.917+0000] {processor.py:161} INFO - Started process (PID=26539) to work on /home/airflow/.local/lib/python3.8/site-packages/airflow/example_dags/tutorial_dag.py
[2025-10-12T13:25:04.918+0000] {processor.py:830} INFO - Processing file /home/airflow/.local/lib/python3.8/site-packages/airflow/example_dags/tutorial_dag.py for tasks to queue
[2025-10-12T13:25:04.921+0000] {logging_mixin.py:188} INFO - [2025-10-12T13:25:04.921+0000] {dagbag.py:538} INFO - Filling up the DagBag from /home/airflow/.local/lib/python3.8/site-packages/airflow/example_dags/tutorial_dag.py
[2025-10-12T13:25:04.929+0000] {processor.py:840} INFO - DAG(s) 'tutorial_dag' retrieved from /home/airflow/.local/lib/python3.8/site-packages/airflow/example_dags/tutorial_dag.py
[2025-10-12T13:25:04.966+0000] {logging_mixin.py:188} INFO - [2025-10-12T13:25:04.966+0000] {dag.py:3036} INFO - Sync 1 DAGs
[2025-10-12T13:25:04.985+0000] {logging_mixin.py:188} INFO - [2025-10-12T13:25:04.985+0000] {dag.py:3823} INFO - Setting next_dagrun for tutorial_dag to None, run_after=None
[2025-10-12T13:25:05.013+0000] {processor.py:183} INFO - Processing /home/airflow/.local/lib/python3.8/site-packages/airflow/example_dags/tutorial_dag.py took 0.101 seconds
[2025-10-12T13:25:35.755+0000] {processor.py:161} INFO - Started process (PID=26608) to work on /home/airflow/.local/lib/python3.8/site-packages/airflow/example_dags/tutorial_dag.py
[2025-10-12T13:25:35.757+0000] {processor.py:830} INFO - Processing file /home/airflow/.local/lib/python3.8/site-packages/airflow/example_dags/tutorial_dag.py for tasks to queue
[2025-10-12T13:25:35.759+0000] {logging_mixin.py:188} INFO - [2025-10-12T13:25:35.759+0000] {dagbag.py:538} INFO - Filling up the DagBag from /home/airflow/.local/lib/python3.8/site-packages/airflow/example_dags/tutorial_dag.py
[2025-10-12T13:25:35.767+0000] {processor.py:840} INFO - DAG(s) 'tutorial_dag' retrieved from /home/airflow/.local/lib/python3.8/site-packages/airflow/example_dags/tutorial_dag.py
[2025-10-12T13:25:35.802+0000] {logging_mixin.py:188} INFO - [2025-10-12T13:25:35.802+0000] {dag.py:3036} INFO - Sync 1 DAGs
[2025-10-12T13:25:35.820+0000] {logging_mixin.py:188} INFO - [2025-10-12T13:25:35.820+0000] {dag.py:3823} INFO - Setting next_dagrun for tutorial_dag to None, run_after=None
[2025-10-12T13:25:35.849+0000] {processor.py:183} INFO - Processing /home/airflow/.local/lib/python3.8/site-packages/airflow/example_dags/tutorial_dag.py took 0.098 seconds
[2025-10-12T13:26:08.087+0000] {processor.py:161} INFO - Started process (PID=26678) to work on /home/airflow/.local/lib/python3.8/site-packages/airflow/example_dags/tutorial_dag.py
[2025-10-12T13:26:08.088+0000] {processor.py:830} INFO - Processing file /home/airflow/.local/lib/python3.8/site-packages/airflow/example_dags/tutorial_dag.py for tasks to queue
[2025-10-12T13:26:08.091+0000] {logging_mixin.py:188} INFO - [2025-10-12T13:26:08.090+0000] {dagbag.py:538} INFO - Filling up the DagBag from /home/airflow/.local/lib/python3.8/site-packages/airflow/example_dags/tutorial_dag.py
[2025-10-12T13:26:08.098+0000] {processor.py:840} INFO - DAG(s) 'tutorial_dag' retrieved from /home/airflow/.local/lib/python3.8/site-packages/airflow/example_dags/tutorial_dag.py
[2025-10-12T13:26:08.134+0000] {logging_mixin.py:188} INFO - [2025-10-12T13:26:08.133+0000] {dag.py:3036} INFO - Sync 1 DAGs
[2025-10-12T13:26:08.151+0000] {logging_mixin.py:188} INFO - [2025-10-12T13:26:08.151+0000] {dag.py:3823} INFO - Setting next_dagrun for tutorial_dag to None, run_after=None
[2025-10-12T13:26:08.179+0000] {processor.py:183} INFO - Processing /home/airflow/.local/lib/python3.8/site-packages/airflow/example_dags/tutorial_dag.py took 0.096 seconds
[2025-10-12T13:26:38.834+0000] {processor.py:161} INFO - Started process (PID=26748) to work on /home/airflow/.local/lib/python3.8/site-packages/airflow/example_dags/tutorial_dag.py
[2025-10-12T13:26:38.836+0000] {processor.py:830} INFO - Processing file /home/airflow/.local/lib/python3.8/site-packages/airflow/example_dags/tutorial_dag.py for tasks to queue
[2025-10-12T13:26:38.839+0000] {logging_mixin.py:188} INFO - [2025-10-12T13:26:38.839+0000] {dagbag.py:538} INFO - Filling up the DagBag from /home/airflow/.local/lib/python3.8/site-packages/airflow/example_dags/tutorial_dag.py
[2025-10-12T13:26:38.848+0000] {processor.py:840} INFO - DAG(s) 'tutorial_dag' retrieved from /home/airflow/.local/lib/python3.8/site-packages/airflow/example_dags/tutorial_dag.py
[2025-10-12T13:26:38.888+0000] {logging_mixin.py:188} INFO - [2025-10-12T13:26:38.888+0000] {dag.py:3036} INFO - Sync 1 DAGs
[2025-10-12T13:26:38.909+0000] {logging_mixin.py:188} INFO - [2025-10-12T13:26:38.908+0000] {dag.py:3823} INFO - Setting next_dagrun for tutorial_dag to None, run_after=None
[2025-10-12T13:26:38.940+0000] {processor.py:183} INFO - Processing /home/airflow/.local/lib/python3.8/site-packages/airflow/example_dags/tutorial_dag.py took 0.110 seconds
[2025-10-12T13:27:10.345+0000] {processor.py:161} INFO - Started process (PID=26818) to work on /home/airflow/.local/lib/python3.8/site-packages/airflow/example_dags/tutorial_dag.py
[2025-10-12T13:27:10.347+0000] {processor.py:830} INFO - Processing file /home/airflow/.local/lib/python3.8/site-packages/airflow/example_dags/tutorial_dag.py for tasks to queue
[2025-10-12T13:27:10.351+0000] {logging_mixin.py:188} INFO - [2025-10-12T13:27:10.351+0000] {dagbag.py:538} INFO - Filling up the DagBag from /home/airflow/.local/lib/python3.8/site-packages/airflow/example_dags/tutorial_dag.py
[2025-10-12T13:27:10.362+0000] {processor.py:840} INFO - DAG(s) 'tutorial_dag' retrieved from /home/airflow/.local/lib/python3.8/site-packages/airflow/example_dags/tutorial_dag.py
[2025-10-12T13:27:10.408+0000] {logging_mixin.py:188} INFO - [2025-10-12T13:27:10.407+0000] {dag.py:3036} INFO - Sync 1 DAGs
[2025-10-12T13:27:10.437+0000] {logging_mixin.py:188} INFO - [2025-10-12T13:27:10.437+0000] {dag.py:3823} INFO - Setting next_dagrun for tutorial_dag to None, run_after=None
[2025-10-12T13:27:10.513+0000] {processor.py:183} INFO - Processing /home/airflow/.local/lib/python3.8/site-packages/airflow/example_dags/tutorial_dag.py took 0.174 seconds
[2025-10-12T13:27:43.590+0000] {processor.py:161} INFO - Started process (PID=26888) to work on /home/airflow/.local/lib/python3.8/site-packages/airflow/example_dags/tutorial_dag.py
[2025-10-12T13:27:43.591+0000] {processor.py:830} INFO - Processing file /home/airflow/.local/lib/python3.8/site-packages/airflow/example_dags/tutorial_dag.py for tasks to queue
[2025-10-12T13:27:43.594+0000] {logging_mixin.py:188} INFO - [2025-10-12T13:27:43.594+0000] {dagbag.py:538} INFO - Filling up the DagBag from /home/airflow/.local/lib/python3.8/site-packages/airflow/example_dags/tutorial_dag.py
[2025-10-12T13:27:43.605+0000] {processor.py:840} INFO - DAG(s) 'tutorial_dag' retrieved from /home/airflow/.local/lib/python3.8/site-packages/airflow/example_dags/tutorial_dag.py
[2025-10-12T13:27:43.645+0000] {logging_mixin.py:188} INFO - [2025-10-12T13:27:43.645+0000] {dag.py:3036} INFO - Sync 1 DAGs
[2025-10-12T13:27:43.676+0000] {logging_mixin.py:188} INFO - [2025-10-12T13:27:43.675+0000] {dag.py:3823} INFO - Setting next_dagrun for tutorial_dag to None, run_after=None
[2025-10-12T13:27:43.776+0000] {processor.py:183} INFO - Processing /home/airflow/.local/lib/python3.8/site-packages/airflow/example_dags/tutorial_dag.py took 0.194 seconds
[2025-10-12T13:28:14.867+0000] {processor.py:161} INFO - Started process (PID=26964) to work on /home/airflow/.local/lib/python3.8/site-packages/airflow/example_dags/tutorial_dag.py
[2025-10-12T13:28:14.870+0000] {processor.py:830} INFO - Processing file /home/airflow/.local/lib/python3.8/site-packages/airflow/example_dags/tutorial_dag.py for tasks to queue
[2025-10-12T13:28:14.873+0000] {logging_mixin.py:188} INFO - [2025-10-12T13:28:14.872+0000] {dagbag.py:538} INFO - Filling up the DagBag from /home/airflow/.local/lib/python3.8/site-packages/airflow/example_dags/tutorial_dag.py
[2025-10-12T13:28:14.882+0000] {processor.py:840} INFO - DAG(s) 'tutorial_dag' retrieved from /home/airflow/.local/lib/python3.8/site-packages/airflow/example_dags/tutorial_dag.py
[2025-10-12T13:28:14.929+0000] {logging_mixin.py:188} INFO - [2025-10-12T13:28:14.928+0000] {dag.py:3036} INFO - Sync 1 DAGs
[2025-10-12T13:28:14.956+0000] {logging_mixin.py:188} INFO - [2025-10-12T13:28:14.956+0000] {dag.py:3823} INFO - Setting next_dagrun for tutorial_dag to None, run_after=None
[2025-10-12T13:28:14.995+0000] {processor.py:183} INFO - Processing /home/airflow/.local/lib/python3.8/site-packages/airflow/example_dags/tutorial_dag.py took 0.133 seconds
[2025-10-12T13:28:45.518+0000] {processor.py:161} INFO - Started process (PID=27034) to work on /home/airflow/.local/lib/python3.8/site-packages/airflow/example_dags/tutorial_dag.py
[2025-10-12T13:28:45.520+0000] {processor.py:830} INFO - Processing file /home/airflow/.local/lib/python3.8/site-packages/airflow/example_dags/tutorial_dag.py for tasks to queue
[2025-10-12T13:28:45.524+0000] {logging_mixin.py:188} INFO - [2025-10-12T13:28:45.524+0000] {dagbag.py:538} INFO - Filling up the DagBag from /home/airflow/.local/lib/python3.8/site-packages/airflow/example_dags/tutorial_dag.py
[2025-10-12T13:28:45.536+0000] {processor.py:840} INFO - DAG(s) 'tutorial_dag' retrieved from /home/airflow/.local/lib/python3.8/site-packages/airflow/example_dags/tutorial_dag.py
[2025-10-12T13:28:45.581+0000] {logging_mixin.py:188} INFO - [2025-10-12T13:28:45.581+0000] {dag.py:3036} INFO - Sync 1 DAGs
[2025-10-12T13:28:45.601+0000] {logging_mixin.py:188} INFO - [2025-10-12T13:28:45.601+0000] {dag.py:3823} INFO - Setting next_dagrun for tutorial_dag to None, run_after=None
[2025-10-12T13:28:45.674+0000] {processor.py:183} INFO - Processing /home/airflow/.local/lib/python3.8/site-packages/airflow/example_dags/tutorial_dag.py took 0.163 seconds
[2025-10-12T13:29:18.760+0000] {processor.py:161} INFO - Started process (PID=27104) to work on /home/airflow/.local/lib/python3.8/site-packages/airflow/example_dags/tutorial_dag.py
[2025-10-12T13:29:18.762+0000] {processor.py:830} INFO - Processing file /home/airflow/.local/lib/python3.8/site-packages/airflow/example_dags/tutorial_dag.py for tasks to queue
[2025-10-12T13:29:18.768+0000] {logging_mixin.py:188} INFO - [2025-10-12T13:29:18.767+0000] {dagbag.py:538} INFO - Filling up the DagBag from /home/airflow/.local/lib/python3.8/site-packages/airflow/example_dags/tutorial_dag.py
[2025-10-12T13:29:18.777+0000] {processor.py:840} INFO - DAG(s) 'tutorial_dag' retrieved from /home/airflow/.local/lib/python3.8/site-packages/airflow/example_dags/tutorial_dag.py
[2025-10-12T13:29:18.827+0000] {logging_mixin.py:188} INFO - [2025-10-12T13:29:18.826+0000] {dag.py:3036} INFO - Sync 1 DAGs
[2025-10-12T13:29:18.852+0000] {logging_mixin.py:188} INFO - [2025-10-12T13:29:18.851+0000] {dag.py:3823} INFO - Setting next_dagrun for tutorial_dag to None, run_after=None
[2025-10-12T13:29:18.888+0000] {processor.py:183} INFO - Processing /home/airflow/.local/lib/python3.8/site-packages/airflow/example_dags/tutorial_dag.py took 0.135 seconds
[2025-10-12T13:29:49.829+0000] {processor.py:161} INFO - Started process (PID=27174) to work on /home/airflow/.local/lib/python3.8/site-packages/airflow/example_dags/tutorial_dag.py
[2025-10-12T13:29:49.834+0000] {processor.py:830} INFO - Processing file /home/airflow/.local/lib/python3.8/site-packages/airflow/example_dags/tutorial_dag.py for tasks to queue
[2025-10-12T13:29:49.839+0000] {logging_mixin.py:188} INFO - [2025-10-12T13:29:49.838+0000] {dagbag.py:538} INFO - Filling up the DagBag from /home/airflow/.local/lib/python3.8/site-packages/airflow/example_dags/tutorial_dag.py
[2025-10-12T13:29:49.870+0000] {processor.py:840} INFO - DAG(s) 'tutorial_dag' retrieved from /home/airflow/.local/lib/python3.8/site-packages/airflow/example_dags/tutorial_dag.py
[2025-10-12T13:29:49.914+0000] {logging_mixin.py:188} INFO - [2025-10-12T13:29:49.913+0000] {dag.py:3036} INFO - Sync 1 DAGs
[2025-10-12T13:29:49.945+0000] {logging_mixin.py:188} INFO - [2025-10-12T13:29:49.944+0000] {dag.py:3823} INFO - Setting next_dagrun for tutorial_dag to None, run_after=None
[2025-10-12T13:29:49.977+0000] {processor.py:183} INFO - Processing /home/airflow/.local/lib/python3.8/site-packages/airflow/example_dags/tutorial_dag.py took 0.158 seconds
[2025-10-12T13:30:21.246+0000] {processor.py:161} INFO - Started process (PID=27244) to work on /home/airflow/.local/lib/python3.8/site-packages/airflow/example_dags/tutorial_dag.py
[2025-10-12T13:30:21.248+0000] {processor.py:830} INFO - Processing file /home/airflow/.local/lib/python3.8/site-packages/airflow/example_dags/tutorial_dag.py for tasks to queue
[2025-10-12T13:30:21.251+0000] {logging_mixin.py:188} INFO - [2025-10-12T13:30:21.251+0000] {dagbag.py:538} INFO - Filling up the DagBag from /home/airflow/.local/lib/python3.8/site-packages/airflow/example_dags/tutorial_dag.py
[2025-10-12T13:30:21.259+0000] {processor.py:840} INFO - DAG(s) 'tutorial_dag' retrieved from /home/airflow/.local/lib/python3.8/site-packages/airflow/example_dags/tutorial_dag.py
[2025-10-12T13:30:21.299+0000] {logging_mixin.py:188} INFO - [2025-10-12T13:30:21.299+0000] {dag.py:3036} INFO - Sync 1 DAGs
[2025-10-12T13:30:21.320+0000] {logging_mixin.py:188} INFO - [2025-10-12T13:30:21.320+0000] {dag.py:3823} INFO - Setting next_dagrun for tutorial_dag to None, run_after=None
[2025-10-12T13:30:21.354+0000] {processor.py:183} INFO - Processing /home/airflow/.local/lib/python3.8/site-packages/airflow/example_dags/tutorial_dag.py took 0.113 seconds
[2025-10-12T13:30:52.965+0000] {processor.py:161} INFO - Started process (PID=27314) to work on /home/airflow/.local/lib/python3.8/site-packages/airflow/example_dags/tutorial_dag.py
[2025-10-12T13:30:52.966+0000] {processor.py:830} INFO - Processing file /home/airflow/.local/lib/python3.8/site-packages/airflow/example_dags/tutorial_dag.py for tasks to queue
[2025-10-12T13:30:52.969+0000] {logging_mixin.py:188} INFO - [2025-10-12T13:30:52.968+0000] {dagbag.py:538} INFO - Filling up the DagBag from /home/airflow/.local/lib/python3.8/site-packages/airflow/example_dags/tutorial_dag.py
[2025-10-12T13:30:52.977+0000] {processor.py:840} INFO - DAG(s) 'tutorial_dag' retrieved from /home/airflow/.local/lib/python3.8/site-packages/airflow/example_dags/tutorial_dag.py
[2025-10-12T13:30:53.009+0000] {logging_mixin.py:188} INFO - [2025-10-12T13:30:53.008+0000] {dag.py:3036} INFO - Sync 1 DAGs
[2025-10-12T13:30:53.027+0000] {logging_mixin.py:188} INFO - [2025-10-12T13:30:53.027+0000] {dag.py:3823} INFO - Setting next_dagrun for tutorial_dag to None, run_after=None
[2025-10-12T13:30:53.073+0000] {processor.py:183} INFO - Processing /home/airflow/.local/lib/python3.8/site-packages/airflow/example_dags/tutorial_dag.py took 0.113 seconds
[2025-10-12T13:31:25.083+0000] {processor.py:161} INFO - Started process (PID=27384) to work on /home/airflow/.local/lib/python3.8/site-packages/airflow/example_dags/tutorial_dag.py
[2025-10-12T13:31:25.084+0000] {processor.py:830} INFO - Processing file /home/airflow/.local/lib/python3.8/site-packages/airflow/example_dags/tutorial_dag.py for tasks to queue
[2025-10-12T13:31:25.087+0000] {logging_mixin.py:188} INFO - [2025-10-12T13:31:25.087+0000] {dagbag.py:538} INFO - Filling up the DagBag from /home/airflow/.local/lib/python3.8/site-packages/airflow/example_dags/tutorial_dag.py
[2025-10-12T13:31:25.096+0000] {processor.py:840} INFO - DAG(s) 'tutorial_dag' retrieved from /home/airflow/.local/lib/python3.8/site-packages/airflow/example_dags/tutorial_dag.py
[2025-10-12T13:31:25.136+0000] {logging_mixin.py:188} INFO - [2025-10-12T13:31:25.135+0000] {dag.py:3036} INFO - Sync 1 DAGs
[2025-10-12T13:31:25.159+0000] {logging_mixin.py:188} INFO - [2025-10-12T13:31:25.158+0000] {dag.py:3823} INFO - Setting next_dagrun for tutorial_dag to None, run_after=None
[2025-10-12T13:31:25.191+0000] {processor.py:183} INFO - Processing /home/airflow/.local/lib/python3.8/site-packages/airflow/example_dags/tutorial_dag.py took 0.114 seconds
[2025-10-12T13:31:56.459+0000] {processor.py:161} INFO - Started process (PID=27455) to work on /home/airflow/.local/lib/python3.8/site-packages/airflow/example_dags/tutorial_dag.py
[2025-10-12T13:31:56.461+0000] {processor.py:830} INFO - Processing file /home/airflow/.local/lib/python3.8/site-packages/airflow/example_dags/tutorial_dag.py for tasks to queue
[2025-10-12T13:31:56.464+0000] {logging_mixin.py:188} INFO - [2025-10-12T13:31:56.464+0000] {dagbag.py:538} INFO - Filling up the DagBag from /home/airflow/.local/lib/python3.8/site-packages/airflow/example_dags/tutorial_dag.py
[2025-10-12T13:31:56.473+0000] {processor.py:840} INFO - DAG(s) 'tutorial_dag' retrieved from /home/airflow/.local/lib/python3.8/site-packages/airflow/example_dags/tutorial_dag.py
[2025-10-12T13:31:56.522+0000] {logging_mixin.py:188} INFO - [2025-10-12T13:31:56.521+0000] {dag.py:3036} INFO - Sync 1 DAGs
[2025-10-12T13:31:56.549+0000] {logging_mixin.py:188} INFO - [2025-10-12T13:31:56.549+0000] {dag.py:3823} INFO - Setting next_dagrun for tutorial_dag to None, run_after=None
[2025-10-12T13:31:56.597+0000] {processor.py:183} INFO - Processing /home/airflow/.local/lib/python3.8/site-packages/airflow/example_dags/tutorial_dag.py took 0.143 seconds
[2025-10-12T13:32:28.942+0000] {processor.py:161} INFO - Started process (PID=27525) to work on /home/airflow/.local/lib/python3.8/site-packages/airflow/example_dags/tutorial_dag.py
[2025-10-12T13:32:28.943+0000] {processor.py:830} INFO - Processing file /home/airflow/.local/lib/python3.8/site-packages/airflow/example_dags/tutorial_dag.py for tasks to queue
[2025-10-12T13:32:28.947+0000] {logging_mixin.py:188} INFO - [2025-10-12T13:32:28.946+0000] {dagbag.py:538} INFO - Filling up the DagBag from /home/airflow/.local/lib/python3.8/site-packages/airflow/example_dags/tutorial_dag.py
[2025-10-12T13:32:28.958+0000] {processor.py:840} INFO - DAG(s) 'tutorial_dag' retrieved from /home/airflow/.local/lib/python3.8/site-packages/airflow/example_dags/tutorial_dag.py
[2025-10-12T13:32:29.000+0000] {logging_mixin.py:188} INFO - [2025-10-12T13:32:29.000+0000] {dag.py:3036} INFO - Sync 1 DAGs
[2025-10-12T13:32:29.024+0000] {logging_mixin.py:188} INFO - [2025-10-12T13:32:29.024+0000] {dag.py:3823} INFO - Setting next_dagrun for tutorial_dag to None, run_after=None
[2025-10-12T13:32:29.075+0000] {processor.py:183} INFO - Processing /home/airflow/.local/lib/python3.8/site-packages/airflow/example_dags/tutorial_dag.py took 0.140 seconds
[2025-10-12T13:33:00.598+0000] {processor.py:161} INFO - Started process (PID=27596) to work on /home/airflow/.local/lib/python3.8/site-packages/airflow/example_dags/tutorial_dag.py
[2025-10-12T13:33:00.600+0000] {processor.py:830} INFO - Processing file /home/airflow/.local/lib/python3.8/site-packages/airflow/example_dags/tutorial_dag.py for tasks to queue
[2025-10-12T13:33:00.604+0000] {logging_mixin.py:188} INFO - [2025-10-12T13:33:00.603+0000] {dagbag.py:538} INFO - Filling up the DagBag from /home/airflow/.local/lib/python3.8/site-packages/airflow/example_dags/tutorial_dag.py
[2025-10-12T13:33:00.615+0000] {processor.py:840} INFO - DAG(s) 'tutorial_dag' retrieved from /home/airflow/.local/lib/python3.8/site-packages/airflow/example_dags/tutorial_dag.py
[2025-10-12T13:33:00.659+0000] {logging_mixin.py:188} INFO - [2025-10-12T13:33:00.659+0000] {dag.py:3036} INFO - Sync 1 DAGs
[2025-10-12T13:33:00.679+0000] {logging_mixin.py:188} INFO - [2025-10-12T13:33:00.679+0000] {dag.py:3823} INFO - Setting next_dagrun for tutorial_dag to None, run_after=None
[2025-10-12T13:33:00.720+0000] {processor.py:183} INFO - Processing /home/airflow/.local/lib/python3.8/site-packages/airflow/example_dags/tutorial_dag.py took 0.126 seconds
[2025-10-12T13:33:32.814+0000] {processor.py:161} INFO - Started process (PID=27668) to work on /home/airflow/.local/lib/python3.8/site-packages/airflow/example_dags/tutorial_dag.py
[2025-10-12T13:33:32.817+0000] {processor.py:830} INFO - Processing file /home/airflow/.local/lib/python3.8/site-packages/airflow/example_dags/tutorial_dag.py for tasks to queue
[2025-10-12T13:33:32.820+0000] {logging_mixin.py:188} INFO - [2025-10-12T13:33:32.820+0000] {dagbag.py:538} INFO - Filling up the DagBag from /home/airflow/.local/lib/python3.8/site-packages/airflow/example_dags/tutorial_dag.py
[2025-10-12T13:33:32.833+0000] {processor.py:840} INFO - DAG(s) 'tutorial_dag' retrieved from /home/airflow/.local/lib/python3.8/site-packages/airflow/example_dags/tutorial_dag.py
[2025-10-12T13:33:32.883+0000] {logging_mixin.py:188} INFO - [2025-10-12T13:33:32.883+0000] {dag.py:3036} INFO - Sync 1 DAGs
[2025-10-12T13:33:32.907+0000] {logging_mixin.py:188} INFO - [2025-10-12T13:33:32.907+0000] {dag.py:3823} INFO - Setting next_dagrun for tutorial_dag to None, run_after=None
[2025-10-12T13:33:32.991+0000] {processor.py:183} INFO - Processing /home/airflow/.local/lib/python3.8/site-packages/airflow/example_dags/tutorial_dag.py took 0.184 seconds
[2025-10-12T13:34:03.111+0000] {processor.py:161} INFO - Started process (PID=27738) to work on /home/airflow/.local/lib/python3.8/site-packages/airflow/example_dags/tutorial_dag.py
[2025-10-12T13:34:03.114+0000] {processor.py:830} INFO - Processing file /home/airflow/.local/lib/python3.8/site-packages/airflow/example_dags/tutorial_dag.py for tasks to queue
[2025-10-12T13:34:03.118+0000] {logging_mixin.py:188} INFO - [2025-10-12T13:34:03.118+0000] {dagbag.py:538} INFO - Filling up the DagBag from /home/airflow/.local/lib/python3.8/site-packages/airflow/example_dags/tutorial_dag.py
[2025-10-12T13:34:03.128+0000] {processor.py:840} INFO - DAG(s) 'tutorial_dag' retrieved from /home/airflow/.local/lib/python3.8/site-packages/airflow/example_dags/tutorial_dag.py
[2025-10-12T13:34:03.167+0000] {logging_mixin.py:188} INFO - [2025-10-12T13:34:03.166+0000] {dag.py:3036} INFO - Sync 1 DAGs
[2025-10-12T13:34:03.184+0000] {logging_mixin.py:188} INFO - [2025-10-12T13:34:03.184+0000] {dag.py:3823} INFO - Setting next_dagrun for tutorial_dag to None, run_after=None
[2025-10-12T13:34:03.234+0000] {processor.py:183} INFO - Processing /home/airflow/.local/lib/python3.8/site-packages/airflow/example_dags/tutorial_dag.py took 0.131 seconds
[2025-10-12T13:34:33.952+0000] {processor.py:161} INFO - Started process (PID=27808) to work on /home/airflow/.local/lib/python3.8/site-packages/airflow/example_dags/tutorial_dag.py
[2025-10-12T13:34:33.955+0000] {processor.py:830} INFO - Processing file /home/airflow/.local/lib/python3.8/site-packages/airflow/example_dags/tutorial_dag.py for tasks to queue
[2025-10-12T13:34:33.960+0000] {logging_mixin.py:188} INFO - [2025-10-12T13:34:33.959+0000] {dagbag.py:538} INFO - Filling up the DagBag from /home/airflow/.local/lib/python3.8/site-packages/airflow/example_dags/tutorial_dag.py
[2025-10-12T13:34:33.973+0000] {processor.py:840} INFO - DAG(s) 'tutorial_dag' retrieved from /home/airflow/.local/lib/python3.8/site-packages/airflow/example_dags/tutorial_dag.py
[2025-10-12T13:34:34.030+0000] {logging_mixin.py:188} INFO - [2025-10-12T13:34:34.030+0000] {dag.py:3036} INFO - Sync 1 DAGs
[2025-10-12T13:34:34.063+0000] {logging_mixin.py:188} INFO - [2025-10-12T13:34:34.062+0000] {dag.py:3823} INFO - Setting next_dagrun for tutorial_dag to None, run_after=None
[2025-10-12T13:34:34.133+0000] {processor.py:183} INFO - Processing /home/airflow/.local/lib/python3.8/site-packages/airflow/example_dags/tutorial_dag.py took 0.186 seconds
[2025-10-12T13:35:05.758+0000] {processor.py:161} INFO - Started process (PID=27878) to work on /home/airflow/.local/lib/python3.8/site-packages/airflow/example_dags/tutorial_dag.py
[2025-10-12T13:35:05.761+0000] {processor.py:830} INFO - Processing file /home/airflow/.local/lib/python3.8/site-packages/airflow/example_dags/tutorial_dag.py for tasks to queue
[2025-10-12T13:35:05.766+0000] {logging_mixin.py:188} INFO - [2025-10-12T13:35:05.765+0000] {dagbag.py:538} INFO - Filling up the DagBag from /home/airflow/.local/lib/python3.8/site-packages/airflow/example_dags/tutorial_dag.py
[2025-10-12T13:35:05.780+0000] {processor.py:840} INFO - DAG(s) 'tutorial_dag' retrieved from /home/airflow/.local/lib/python3.8/site-packages/airflow/example_dags/tutorial_dag.py
[2025-10-12T13:35:05.843+0000] {logging_mixin.py:188} INFO - [2025-10-12T13:35:05.843+0000] {dag.py:3036} INFO - Sync 1 DAGs
[2025-10-12T13:35:05.876+0000] {logging_mixin.py:188} INFO - [2025-10-12T13:35:05.876+0000] {dag.py:3823} INFO - Setting next_dagrun for tutorial_dag to None, run_after=None
[2025-10-12T13:35:05.930+0000] {processor.py:183} INFO - Processing /home/airflow/.local/lib/python3.8/site-packages/airflow/example_dags/tutorial_dag.py took 0.180 seconds
[2025-10-12T13:35:36.698+0000] {processor.py:161} INFO - Started process (PID=27948) to work on /home/airflow/.local/lib/python3.8/site-packages/airflow/example_dags/tutorial_dag.py
[2025-10-12T13:35:36.699+0000] {processor.py:830} INFO - Processing file /home/airflow/.local/lib/python3.8/site-packages/airflow/example_dags/tutorial_dag.py for tasks to queue
[2025-10-12T13:35:36.702+0000] {logging_mixin.py:188} INFO - [2025-10-12T13:35:36.701+0000] {dagbag.py:538} INFO - Filling up the DagBag from /home/airflow/.local/lib/python3.8/site-packages/airflow/example_dags/tutorial_dag.py
[2025-10-12T13:35:36.712+0000] {processor.py:840} INFO - DAG(s) 'tutorial_dag' retrieved from /home/airflow/.local/lib/python3.8/site-packages/airflow/example_dags/tutorial_dag.py
[2025-10-12T13:35:36.752+0000] {logging_mixin.py:188} INFO - [2025-10-12T13:35:36.751+0000] {dag.py:3036} INFO - Sync 1 DAGs
[2025-10-12T13:35:36.775+0000] {logging_mixin.py:188} INFO - [2025-10-12T13:35:36.775+0000] {dag.py:3823} INFO - Setting next_dagrun for tutorial_dag to None, run_after=None
[2025-10-12T13:35:36.809+0000] {processor.py:183} INFO - Processing /home/airflow/.local/lib/python3.8/site-packages/airflow/example_dags/tutorial_dag.py took 0.118 seconds
[2025-10-12T13:36:08.054+0000] {processor.py:161} INFO - Started process (PID=28018) to work on /home/airflow/.local/lib/python3.8/site-packages/airflow/example_dags/tutorial_dag.py
[2025-10-12T13:36:08.056+0000] {processor.py:830} INFO - Processing file /home/airflow/.local/lib/python3.8/site-packages/airflow/example_dags/tutorial_dag.py for tasks to queue
[2025-10-12T13:36:08.059+0000] {logging_mixin.py:188} INFO - [2025-10-12T13:36:08.059+0000] {dagbag.py:538} INFO - Filling up the DagBag from /home/airflow/.local/lib/python3.8/site-packages/airflow/example_dags/tutorial_dag.py
[2025-10-12T13:36:08.068+0000] {processor.py:840} INFO - DAG(s) 'tutorial_dag' retrieved from /home/airflow/.local/lib/python3.8/site-packages/airflow/example_dags/tutorial_dag.py
[2025-10-12T13:36:08.102+0000] {logging_mixin.py:188} INFO - [2025-10-12T13:36:08.102+0000] {dag.py:3036} INFO - Sync 1 DAGs
[2025-10-12T13:36:08.121+0000] {logging_mixin.py:188} INFO - [2025-10-12T13:36:08.120+0000] {dag.py:3823} INFO - Setting next_dagrun for tutorial_dag to None, run_after=None
[2025-10-12T13:36:08.154+0000] {processor.py:183} INFO - Processing /home/airflow/.local/lib/python3.8/site-packages/airflow/example_dags/tutorial_dag.py took 0.105 seconds
[2025-10-12T13:36:39.633+0000] {processor.py:161} INFO - Started process (PID=28088) to work on /home/airflow/.local/lib/python3.8/site-packages/airflow/example_dags/tutorial_dag.py
[2025-10-12T13:36:39.636+0000] {processor.py:830} INFO - Processing file /home/airflow/.local/lib/python3.8/site-packages/airflow/example_dags/tutorial_dag.py for tasks to queue
[2025-10-12T13:36:39.641+0000] {logging_mixin.py:188} INFO - [2025-10-12T13:36:39.640+0000] {dagbag.py:538} INFO - Filling up the DagBag from /home/airflow/.local/lib/python3.8/site-packages/airflow/example_dags/tutorial_dag.py
[2025-10-12T13:36:39.654+0000] {processor.py:840} INFO - DAG(s) 'tutorial_dag' retrieved from /home/airflow/.local/lib/python3.8/site-packages/airflow/example_dags/tutorial_dag.py
[2025-10-12T13:36:39.714+0000] {logging_mixin.py:188} INFO - [2025-10-12T13:36:39.714+0000] {dag.py:3036} INFO - Sync 1 DAGs
[2025-10-12T13:36:39.732+0000] {logging_mixin.py:188} INFO - [2025-10-12T13:36:39.732+0000] {dag.py:3823} INFO - Setting next_dagrun for tutorial_dag to None, run_after=None
[2025-10-12T13:36:39.793+0000] {processor.py:183} INFO - Processing /home/airflow/.local/lib/python3.8/site-packages/airflow/example_dags/tutorial_dag.py took 0.170 seconds
[2025-10-12T13:37:11.193+0000] {processor.py:161} INFO - Started process (PID=28158) to work on /home/airflow/.local/lib/python3.8/site-packages/airflow/example_dags/tutorial_dag.py
[2025-10-12T13:37:11.195+0000] {processor.py:830} INFO - Processing file /home/airflow/.local/lib/python3.8/site-packages/airflow/example_dags/tutorial_dag.py for tasks to queue
[2025-10-12T13:37:11.199+0000] {logging_mixin.py:188} INFO - [2025-10-12T13:37:11.198+0000] {dagbag.py:538} INFO - Filling up the DagBag from /home/airflow/.local/lib/python3.8/site-packages/airflow/example_dags/tutorial_dag.py
[2025-10-12T13:37:11.208+0000] {processor.py:840} INFO - DAG(s) 'tutorial_dag' retrieved from /home/airflow/.local/lib/python3.8/site-packages/airflow/example_dags/tutorial_dag.py
[2025-10-12T13:37:11.248+0000] {logging_mixin.py:188} INFO - [2025-10-12T13:37:11.248+0000] {dag.py:3036} INFO - Sync 1 DAGs
[2025-10-12T13:37:11.269+0000] {logging_mixin.py:188} INFO - [2025-10-12T13:37:11.268+0000] {dag.py:3823} INFO - Setting next_dagrun for tutorial_dag to None, run_after=None
[2025-10-12T13:37:11.335+0000] {processor.py:183} INFO - Processing /home/airflow/.local/lib/python3.8/site-packages/airflow/example_dags/tutorial_dag.py took 0.147 seconds
[2025-10-12T13:37:43.102+0000] {processor.py:161} INFO - Started process (PID=28228) to work on /home/airflow/.local/lib/python3.8/site-packages/airflow/example_dags/tutorial_dag.py
[2025-10-12T13:37:43.103+0000] {processor.py:830} INFO - Processing file /home/airflow/.local/lib/python3.8/site-packages/airflow/example_dags/tutorial_dag.py for tasks to queue
[2025-10-12T13:37:43.106+0000] {logging_mixin.py:188} INFO - [2025-10-12T13:37:43.106+0000] {dagbag.py:538} INFO - Filling up the DagBag from /home/airflow/.local/lib/python3.8/site-packages/airflow/example_dags/tutorial_dag.py
[2025-10-12T13:37:43.114+0000] {processor.py:840} INFO - DAG(s) 'tutorial_dag' retrieved from /home/airflow/.local/lib/python3.8/site-packages/airflow/example_dags/tutorial_dag.py
[2025-10-12T13:37:43.156+0000] {logging_mixin.py:188} INFO - [2025-10-12T13:37:43.156+0000] {dag.py:3036} INFO - Sync 1 DAGs
[2025-10-12T13:37:43.183+0000] {logging_mixin.py:188} INFO - [2025-10-12T13:37:43.182+0000] {dag.py:3823} INFO - Setting next_dagrun for tutorial_dag to None, run_after=None
[2025-10-12T13:37:43.222+0000] {processor.py:183} INFO - Processing /home/airflow/.local/lib/python3.8/site-packages/airflow/example_dags/tutorial_dag.py took 0.126 seconds
[2025-10-12T13:38:14.495+0000] {processor.py:161} INFO - Started process (PID=28298) to work on /home/airflow/.local/lib/python3.8/site-packages/airflow/example_dags/tutorial_dag.py
[2025-10-12T13:38:14.500+0000] {processor.py:830} INFO - Processing file /home/airflow/.local/lib/python3.8/site-packages/airflow/example_dags/tutorial_dag.py for tasks to queue
[2025-10-12T13:38:14.505+0000] {logging_mixin.py:188} INFO - [2025-10-12T13:38:14.504+0000] {dagbag.py:538} INFO - Filling up the DagBag from /home/airflow/.local/lib/python3.8/site-packages/airflow/example_dags/tutorial_dag.py
[2025-10-12T13:38:14.519+0000] {processor.py:840} INFO - DAG(s) 'tutorial_dag' retrieved from /home/airflow/.local/lib/python3.8/site-packages/airflow/example_dags/tutorial_dag.py
[2025-10-12T13:38:14.583+0000] {logging_mixin.py:188} INFO - [2025-10-12T13:38:14.582+0000] {dag.py:3036} INFO - Sync 1 DAGs
[2025-10-12T13:38:14.628+0000] {logging_mixin.py:188} INFO - [2025-10-12T13:38:14.627+0000] {dag.py:3823} INFO - Setting next_dagrun for tutorial_dag to None, run_after=None
[2025-10-12T13:38:14.730+0000] {processor.py:183} INFO - Processing /home/airflow/.local/lib/python3.8/site-packages/airflow/example_dags/tutorial_dag.py took 0.243 seconds
[2025-10-12T13:38:46.790+0000] {processor.py:161} INFO - Started process (PID=28374) to work on /home/airflow/.local/lib/python3.8/site-packages/airflow/example_dags/tutorial_dag.py
[2025-10-12T13:38:46.792+0000] {processor.py:830} INFO - Processing file /home/airflow/.local/lib/python3.8/site-packages/airflow/example_dags/tutorial_dag.py for tasks to queue
[2025-10-12T13:38:46.794+0000] {logging_mixin.py:188} INFO - [2025-10-12T13:38:46.794+0000] {dagbag.py:538} INFO - Filling up the DagBag from /home/airflow/.local/lib/python3.8/site-packages/airflow/example_dags/tutorial_dag.py
[2025-10-12T13:38:46.803+0000] {processor.py:840} INFO - DAG(s) 'tutorial_dag' retrieved from /home/airflow/.local/lib/python3.8/site-packages/airflow/example_dags/tutorial_dag.py
[2025-10-12T13:38:46.870+0000] {logging_mixin.py:188} INFO - [2025-10-12T13:38:46.869+0000] {dag.py:3036} INFO - Sync 1 DAGs
[2025-10-12T13:38:46.895+0000] {logging_mixin.py:188} INFO - [2025-10-12T13:38:46.895+0000] {dag.py:3823} INFO - Setting next_dagrun for tutorial_dag to None, run_after=None
[2025-10-12T13:38:46.957+0000] {processor.py:183} INFO - Processing /home/airflow/.local/lib/python3.8/site-packages/airflow/example_dags/tutorial_dag.py took 0.173 seconds
[2025-10-12T13:39:18.960+0000] {processor.py:161} INFO - Started process (PID=28444) to work on /home/airflow/.local/lib/python3.8/site-packages/airflow/example_dags/tutorial_dag.py
[2025-10-12T13:39:18.962+0000] {processor.py:830} INFO - Processing file /home/airflow/.local/lib/python3.8/site-packages/airflow/example_dags/tutorial_dag.py for tasks to queue
[2025-10-12T13:39:18.968+0000] {logging_mixin.py:188} INFO - [2025-10-12T13:39:18.967+0000] {dagbag.py:538} INFO - Filling up the DagBag from /home/airflow/.local/lib/python3.8/site-packages/airflow/example_dags/tutorial_dag.py
[2025-10-12T13:39:18.979+0000] {processor.py:840} INFO - DAG(s) 'tutorial_dag' retrieved from /home/airflow/.local/lib/python3.8/site-packages/airflow/example_dags/tutorial_dag.py
[2025-10-12T13:39:19.024+0000] {logging_mixin.py:188} INFO - [2025-10-12T13:39:19.024+0000] {dag.py:3036} INFO - Sync 1 DAGs
[2025-10-12T13:39:19.048+0000] {logging_mixin.py:188} INFO - [2025-10-12T13:39:19.047+0000] {dag.py:3823} INFO - Setting next_dagrun for tutorial_dag to None, run_after=None
[2025-10-12T13:39:19.089+0000] {processor.py:183} INFO - Processing /home/airflow/.local/lib/python3.8/site-packages/airflow/example_dags/tutorial_dag.py took 0.139 seconds
[2025-10-12T13:39:50.917+0000] {processor.py:161} INFO - Started process (PID=28514) to work on /home/airflow/.local/lib/python3.8/site-packages/airflow/example_dags/tutorial_dag.py
[2025-10-12T13:39:50.919+0000] {processor.py:830} INFO - Processing file /home/airflow/.local/lib/python3.8/site-packages/airflow/example_dags/tutorial_dag.py for tasks to queue
[2025-10-12T13:39:50.922+0000] {logging_mixin.py:188} INFO - [2025-10-12T13:39:50.921+0000] {dagbag.py:538} INFO - Filling up the DagBag from /home/airflow/.local/lib/python3.8/site-packages/airflow/example_dags/tutorial_dag.py
[2025-10-12T13:39:50.930+0000] {processor.py:840} INFO - DAG(s) 'tutorial_dag' retrieved from /home/airflow/.local/lib/python3.8/site-packages/airflow/example_dags/tutorial_dag.py
[2025-10-12T13:39:50.969+0000] {logging_mixin.py:188} INFO - [2025-10-12T13:39:50.968+0000] {dag.py:3036} INFO - Sync 1 DAGs
[2025-10-12T13:39:50.990+0000] {logging_mixin.py:188} INFO - [2025-10-12T13:39:50.990+0000] {dag.py:3823} INFO - Setting next_dagrun for tutorial_dag to None, run_after=None
[2025-10-12T13:39:51.037+0000] {processor.py:183} INFO - Processing /home/airflow/.local/lib/python3.8/site-packages/airflow/example_dags/tutorial_dag.py took 0.126 seconds
[2025-10-12T13:40:23.433+0000] {processor.py:161} INFO - Started process (PID=28585) to work on /home/airflow/.local/lib/python3.8/site-packages/airflow/example_dags/tutorial_dag.py
[2025-10-12T13:40:23.435+0000] {processor.py:830} INFO - Processing file /home/airflow/.local/lib/python3.8/site-packages/airflow/example_dags/tutorial_dag.py for tasks to queue
[2025-10-12T13:40:23.439+0000] {logging_mixin.py:188} INFO - [2025-10-12T13:40:23.439+0000] {dagbag.py:538} INFO - Filling up the DagBag from /home/airflow/.local/lib/python3.8/site-packages/airflow/example_dags/tutorial_dag.py
[2025-10-12T13:40:23.449+0000] {processor.py:840} INFO - DAG(s) 'tutorial_dag' retrieved from /home/airflow/.local/lib/python3.8/site-packages/airflow/example_dags/tutorial_dag.py
[2025-10-12T13:40:23.503+0000] {logging_mixin.py:188} INFO - [2025-10-12T13:40:23.502+0000] {dag.py:3036} INFO - Sync 1 DAGs
[2025-10-12T13:40:23.532+0000] {logging_mixin.py:188} INFO - [2025-10-12T13:40:23.532+0000] {dag.py:3823} INFO - Setting next_dagrun for tutorial_dag to None, run_after=None
[2025-10-12T13:40:23.570+0000] {processor.py:183} INFO - Processing /home/airflow/.local/lib/python3.8/site-packages/airflow/example_dags/tutorial_dag.py took 0.143 seconds
[2025-10-12T13:40:54.385+0000] {processor.py:161} INFO - Started process (PID=28655) to work on /home/airflow/.local/lib/python3.8/site-packages/airflow/example_dags/tutorial_dag.py
[2025-10-12T13:40:54.387+0000] {processor.py:830} INFO - Processing file /home/airflow/.local/lib/python3.8/site-packages/airflow/example_dags/tutorial_dag.py for tasks to queue
[2025-10-12T13:40:54.390+0000] {logging_mixin.py:188} INFO - [2025-10-12T13:40:54.390+0000] {dagbag.py:538} INFO - Filling up the DagBag from /home/airflow/.local/lib/python3.8/site-packages/airflow/example_dags/tutorial_dag.py
[2025-10-12T13:40:54.401+0000] {processor.py:840} INFO - DAG(s) 'tutorial_dag' retrieved from /home/airflow/.local/lib/python3.8/site-packages/airflow/example_dags/tutorial_dag.py
[2025-10-12T13:40:54.444+0000] {logging_mixin.py:188} INFO - [2025-10-12T13:40:54.444+0000] {dag.py:3036} INFO - Sync 1 DAGs
[2025-10-12T13:40:54.471+0000] {logging_mixin.py:188} INFO - [2025-10-12T13:40:54.470+0000] {dag.py:3823} INFO - Setting next_dagrun for tutorial_dag to None, run_after=None
[2025-10-12T13:40:54.516+0000] {processor.py:183} INFO - Processing /home/airflow/.local/lib/python3.8/site-packages/airflow/example_dags/tutorial_dag.py took 0.139 seconds
[2025-10-12T13:41:25.403+0000] {processor.py:161} INFO - Started process (PID=28725) to work on /home/airflow/.local/lib/python3.8/site-packages/airflow/example_dags/tutorial_dag.py
[2025-10-12T13:41:25.405+0000] {processor.py:830} INFO - Processing file /home/airflow/.local/lib/python3.8/site-packages/airflow/example_dags/tutorial_dag.py for tasks to queue
[2025-10-12T13:41:25.408+0000] {logging_mixin.py:188} INFO - [2025-10-12T13:41:25.408+0000] {dagbag.py:538} INFO - Filling up the DagBag from /home/airflow/.local/lib/python3.8/site-packages/airflow/example_dags/tutorial_dag.py
[2025-10-12T13:41:25.417+0000] {processor.py:840} INFO - DAG(s) 'tutorial_dag' retrieved from /home/airflow/.local/lib/python3.8/site-packages/airflow/example_dags/tutorial_dag.py
[2025-10-12T13:41:25.463+0000] {logging_mixin.py:188} INFO - [2025-10-12T13:41:25.462+0000] {dag.py:3036} INFO - Sync 1 DAGs
[2025-10-12T13:41:25.489+0000] {logging_mixin.py:188} INFO - [2025-10-12T13:41:25.488+0000] {dag.py:3823} INFO - Setting next_dagrun for tutorial_dag to None, run_after=None
[2025-10-12T13:41:25.546+0000] {processor.py:183} INFO - Processing /home/airflow/.local/lib/python3.8/site-packages/airflow/example_dags/tutorial_dag.py took 0.148 seconds
[2025-10-12T13:41:57.874+0000] {processor.py:161} INFO - Started process (PID=28795) to work on /home/airflow/.local/lib/python3.8/site-packages/airflow/example_dags/tutorial_dag.py
[2025-10-12T13:41:57.876+0000] {processor.py:830} INFO - Processing file /home/airflow/.local/lib/python3.8/site-packages/airflow/example_dags/tutorial_dag.py for tasks to queue
[2025-10-12T13:41:57.880+0000] {logging_mixin.py:188} INFO - [2025-10-12T13:41:57.879+0000] {dagbag.py:538} INFO - Filling up the DagBag from /home/airflow/.local/lib/python3.8/site-packages/airflow/example_dags/tutorial_dag.py
[2025-10-12T13:41:57.890+0000] {processor.py:840} INFO - DAG(s) 'tutorial_dag' retrieved from /home/airflow/.local/lib/python3.8/site-packages/airflow/example_dags/tutorial_dag.py
[2025-10-12T13:41:57.942+0000] {logging_mixin.py:188} INFO - [2025-10-12T13:41:57.941+0000] {dag.py:3036} INFO - Sync 1 DAGs
[2025-10-12T13:41:57.968+0000] {logging_mixin.py:188} INFO - [2025-10-12T13:41:57.968+0000] {dag.py:3823} INFO - Setting next_dagrun for tutorial_dag to None, run_after=None
[2025-10-12T13:41:58.030+0000] {processor.py:183} INFO - Processing /home/airflow/.local/lib/python3.8/site-packages/airflow/example_dags/tutorial_dag.py took 0.163 seconds
[2025-10-12T13:42:28.164+0000] {processor.py:161} INFO - Started process (PID=28865) to work on /home/airflow/.local/lib/python3.8/site-packages/airflow/example_dags/tutorial_dag.py
[2025-10-12T13:42:28.167+0000] {processor.py:830} INFO - Processing file /home/airflow/.local/lib/python3.8/site-packages/airflow/example_dags/tutorial_dag.py for tasks to queue
[2025-10-12T13:42:28.171+0000] {logging_mixin.py:188} INFO - [2025-10-12T13:42:28.171+0000] {dagbag.py:538} INFO - Filling up the DagBag from /home/airflow/.local/lib/python3.8/site-packages/airflow/example_dags/tutorial_dag.py
[2025-10-12T13:42:28.182+0000] {processor.py:840} INFO - DAG(s) 'tutorial_dag' retrieved from /home/airflow/.local/lib/python3.8/site-packages/airflow/example_dags/tutorial_dag.py
[2025-10-12T13:42:28.218+0000] {logging_mixin.py:188} INFO - [2025-10-12T13:42:28.218+0000] {dag.py:3036} INFO - Sync 1 DAGs
[2025-10-12T13:42:28.239+0000] {logging_mixin.py:188} INFO - [2025-10-12T13:42:28.238+0000] {dag.py:3823} INFO - Setting next_dagrun for tutorial_dag to None, run_after=None
[2025-10-12T13:42:28.288+0000] {processor.py:183} INFO - Processing /home/airflow/.local/lib/python3.8/site-packages/airflow/example_dags/tutorial_dag.py took 0.132 seconds
[2025-10-12T13:43:01.473+0000] {processor.py:161} INFO - Started process (PID=28935) to work on /home/airflow/.local/lib/python3.8/site-packages/airflow/example_dags/tutorial_dag.py
[2025-10-12T13:43:01.475+0000] {processor.py:830} INFO - Processing file /home/airflow/.local/lib/python3.8/site-packages/airflow/example_dags/tutorial_dag.py for tasks to queue
[2025-10-12T13:43:01.481+0000] {logging_mixin.py:188} INFO - [2025-10-12T13:43:01.480+0000] {dagbag.py:538} INFO - Filling up the DagBag from /home/airflow/.local/lib/python3.8/site-packages/airflow/example_dags/tutorial_dag.py
[2025-10-12T13:43:01.489+0000] {processor.py:840} INFO - DAG(s) 'tutorial_dag' retrieved from /home/airflow/.local/lib/python3.8/site-packages/airflow/example_dags/tutorial_dag.py
[2025-10-12T13:43:01.532+0000] {logging_mixin.py:188} INFO - [2025-10-12T13:43:01.532+0000] {dag.py:3036} INFO - Sync 1 DAGs
[2025-10-12T13:43:01.557+0000] {logging_mixin.py:188} INFO - [2025-10-12T13:43:01.557+0000] {dag.py:3823} INFO - Setting next_dagrun for tutorial_dag to None, run_after=None
[2025-10-12T13:43:01.599+0000] {processor.py:183} INFO - Processing /home/airflow/.local/lib/python3.8/site-packages/airflow/example_dags/tutorial_dag.py took 0.134 seconds
[2025-10-12T13:43:32.207+0000] {processor.py:161} INFO - Started process (PID=29005) to work on /home/airflow/.local/lib/python3.8/site-packages/airflow/example_dags/tutorial_dag.py
[2025-10-12T13:43:32.209+0000] {processor.py:830} INFO - Processing file /home/airflow/.local/lib/python3.8/site-packages/airflow/example_dags/tutorial_dag.py for tasks to queue
[2025-10-12T13:43:32.212+0000] {logging_mixin.py:188} INFO - [2025-10-12T13:43:32.212+0000] {dagbag.py:538} INFO - Filling up the DagBag from /home/airflow/.local/lib/python3.8/site-packages/airflow/example_dags/tutorial_dag.py
[2025-10-12T13:43:32.225+0000] {processor.py:840} INFO - DAG(s) 'tutorial_dag' retrieved from /home/airflow/.local/lib/python3.8/site-packages/airflow/example_dags/tutorial_dag.py
[2025-10-12T13:43:32.273+0000] {logging_mixin.py:188} INFO - [2025-10-12T13:43:32.273+0000] {dag.py:3036} INFO - Sync 1 DAGs
[2025-10-12T13:43:32.292+0000] {logging_mixin.py:188} INFO - [2025-10-12T13:43:32.292+0000] {dag.py:3823} INFO - Setting next_dagrun for tutorial_dag to None, run_after=None
[2025-10-12T13:43:32.342+0000] {processor.py:183} INFO - Processing /home/airflow/.local/lib/python3.8/site-packages/airflow/example_dags/tutorial_dag.py took 0.142 seconds
[2025-10-12T13:44:03.389+0000] {processor.py:161} INFO - Started process (PID=29075) to work on /home/airflow/.local/lib/python3.8/site-packages/airflow/example_dags/tutorial_dag.py
[2025-10-12T13:44:03.391+0000] {processor.py:830} INFO - Processing file /home/airflow/.local/lib/python3.8/site-packages/airflow/example_dags/tutorial_dag.py for tasks to queue
[2025-10-12T13:44:03.395+0000] {logging_mixin.py:188} INFO - [2025-10-12T13:44:03.395+0000] {dagbag.py:538} INFO - Filling up the DagBag from /home/airflow/.local/lib/python3.8/site-packages/airflow/example_dags/tutorial_dag.py
[2025-10-12T13:44:03.404+0000] {processor.py:840} INFO - DAG(s) 'tutorial_dag' retrieved from /home/airflow/.local/lib/python3.8/site-packages/airflow/example_dags/tutorial_dag.py
[2025-10-12T13:44:03.448+0000] {logging_mixin.py:188} INFO - [2025-10-12T13:44:03.448+0000] {dag.py:3036} INFO - Sync 1 DAGs
[2025-10-12T13:44:03.470+0000] {logging_mixin.py:188} INFO - [2025-10-12T13:44:03.469+0000] {dag.py:3823} INFO - Setting next_dagrun for tutorial_dag to None, run_after=None
[2025-10-12T13:44:03.515+0000] {processor.py:183} INFO - Processing /home/airflow/.local/lib/python3.8/site-packages/airflow/example_dags/tutorial_dag.py took 0.131 seconds
[2025-10-12T13:44:33.694+0000] {processor.py:161} INFO - Started process (PID=29145) to work on /home/airflow/.local/lib/python3.8/site-packages/airflow/example_dags/tutorial_dag.py
[2025-10-12T13:44:33.696+0000] {processor.py:830} INFO - Processing file /home/airflow/.local/lib/python3.8/site-packages/airflow/example_dags/tutorial_dag.py for tasks to queue
[2025-10-12T13:44:33.699+0000] {logging_mixin.py:188} INFO - [2025-10-12T13:44:33.698+0000] {dagbag.py:538} INFO - Filling up the DagBag from /home/airflow/.local/lib/python3.8/site-packages/airflow/example_dags/tutorial_dag.py
[2025-10-12T13:44:33.707+0000] {processor.py:840} INFO - DAG(s) 'tutorial_dag' retrieved from /home/airflow/.local/lib/python3.8/site-packages/airflow/example_dags/tutorial_dag.py
[2025-10-12T13:44:33.745+0000] {logging_mixin.py:188} INFO - [2025-10-12T13:44:33.744+0000] {dag.py:3036} INFO - Sync 1 DAGs
[2025-10-12T13:44:33.765+0000] {logging_mixin.py:188} INFO - [2025-10-12T13:44:33.764+0000] {dag.py:3823} INFO - Setting next_dagrun for tutorial_dag to None, run_after=None
[2025-10-12T13:44:33.799+0000] {processor.py:183} INFO - Processing /home/airflow/.local/lib/python3.8/site-packages/airflow/example_dags/tutorial_dag.py took 0.110 seconds
[2025-10-12T13:45:04.768+0000] {processor.py:161} INFO - Started process (PID=29215) to work on /home/airflow/.local/lib/python3.8/site-packages/airflow/example_dags/tutorial_dag.py
[2025-10-12T13:45:04.770+0000] {processor.py:830} INFO - Processing file /home/airflow/.local/lib/python3.8/site-packages/airflow/example_dags/tutorial_dag.py for tasks to queue
[2025-10-12T13:45:04.774+0000] {logging_mixin.py:188} INFO - [2025-10-12T13:45:04.773+0000] {dagbag.py:538} INFO - Filling up the DagBag from /home/airflow/.local/lib/python3.8/site-packages/airflow/example_dags/tutorial_dag.py
[2025-10-12T13:45:04.782+0000] {processor.py:840} INFO - DAG(s) 'tutorial_dag' retrieved from /home/airflow/.local/lib/python3.8/site-packages/airflow/example_dags/tutorial_dag.py
[2025-10-12T13:45:04.841+0000] {logging_mixin.py:188} INFO - [2025-10-12T13:45:04.840+0000] {dag.py:3036} INFO - Sync 1 DAGs
[2025-10-12T13:45:04.867+0000] {logging_mixin.py:188} INFO - [2025-10-12T13:45:04.867+0000] {dag.py:3823} INFO - Setting next_dagrun for tutorial_dag to None, run_after=None
[2025-10-12T13:45:04.946+0000] {processor.py:183} INFO - Processing /home/airflow/.local/lib/python3.8/site-packages/airflow/example_dags/tutorial_dag.py took 0.183 seconds
[2025-10-12T13:45:36.154+0000] {processor.py:161} INFO - Started process (PID=29285) to work on /home/airflow/.local/lib/python3.8/site-packages/airflow/example_dags/tutorial_dag.py
[2025-10-12T13:45:36.156+0000] {processor.py:830} INFO - Processing file /home/airflow/.local/lib/python3.8/site-packages/airflow/example_dags/tutorial_dag.py for tasks to queue
[2025-10-12T13:45:36.159+0000] {logging_mixin.py:188} INFO - [2025-10-12T13:45:36.158+0000] {dagbag.py:538} INFO - Filling up the DagBag from /home/airflow/.local/lib/python3.8/site-packages/airflow/example_dags/tutorial_dag.py
[2025-10-12T13:45:36.168+0000] {processor.py:840} INFO - DAG(s) 'tutorial_dag' retrieved from /home/airflow/.local/lib/python3.8/site-packages/airflow/example_dags/tutorial_dag.py
[2025-10-12T13:45:36.209+0000] {logging_mixin.py:188} INFO - [2025-10-12T13:45:36.208+0000] {dag.py:3036} INFO - Sync 1 DAGs
[2025-10-12T13:45:36.230+0000] {logging_mixin.py:188} INFO - [2025-10-12T13:45:36.230+0000] {dag.py:3823} INFO - Setting next_dagrun for tutorial_dag to None, run_after=None
[2025-10-12T13:45:36.261+0000] {processor.py:183} INFO - Processing /home/airflow/.local/lib/python3.8/site-packages/airflow/example_dags/tutorial_dag.py took 0.112 seconds
[2025-10-12T13:46:07.334+0000] {processor.py:161} INFO - Started process (PID=29355) to work on /home/airflow/.local/lib/python3.8/site-packages/airflow/example_dags/tutorial_dag.py
[2025-10-12T13:46:07.335+0000] {processor.py:830} INFO - Processing file /home/airflow/.local/lib/python3.8/site-packages/airflow/example_dags/tutorial_dag.py for tasks to queue
[2025-10-12T13:46:07.338+0000] {logging_mixin.py:188} INFO - [2025-10-12T13:46:07.338+0000] {dagbag.py:538} INFO - Filling up the DagBag from /home/airflow/.local/lib/python3.8/site-packages/airflow/example_dags/tutorial_dag.py
[2025-10-12T13:46:07.346+0000] {processor.py:840} INFO - DAG(s) 'tutorial_dag' retrieved from /home/airflow/.local/lib/python3.8/site-packages/airflow/example_dags/tutorial_dag.py
[2025-10-12T13:46:07.389+0000] {logging_mixin.py:188} INFO - [2025-10-12T13:46:07.389+0000] {dag.py:3036} INFO - Sync 1 DAGs
[2025-10-12T13:46:07.415+0000] {logging_mixin.py:188} INFO - [2025-10-12T13:46:07.415+0000] {dag.py:3823} INFO - Setting next_dagrun for tutorial_dag to None, run_after=None
[2025-10-12T13:46:07.464+0000] {processor.py:183} INFO - Processing /home/airflow/.local/lib/python3.8/site-packages/airflow/example_dags/tutorial_dag.py took 0.136 seconds
[2025-10-12T13:46:38.687+0000] {processor.py:161} INFO - Started process (PID=29425) to work on /home/airflow/.local/lib/python3.8/site-packages/airflow/example_dags/tutorial_dag.py
[2025-10-12T13:46:38.689+0000] {processor.py:830} INFO - Processing file /home/airflow/.local/lib/python3.8/site-packages/airflow/example_dags/tutorial_dag.py for tasks to queue
[2025-10-12T13:46:38.692+0000] {logging_mixin.py:188} INFO - [2025-10-12T13:46:38.692+0000] {dagbag.py:538} INFO - Filling up the DagBag from /home/airflow/.local/lib/python3.8/site-packages/airflow/example_dags/tutorial_dag.py
[2025-10-12T13:46:38.700+0000] {processor.py:840} INFO - DAG(s) 'tutorial_dag' retrieved from /home/airflow/.local/lib/python3.8/site-packages/airflow/example_dags/tutorial_dag.py
[2025-10-12T13:46:38.739+0000] {logging_mixin.py:188} INFO - [2025-10-12T13:46:38.739+0000] {dag.py:3036} INFO - Sync 1 DAGs
[2025-10-12T13:46:38.759+0000] {logging_mixin.py:188} INFO - [2025-10-12T13:46:38.759+0000] {dag.py:3823} INFO - Setting next_dagrun for tutorial_dag to None, run_after=None
[2025-10-12T13:46:38.792+0000] {processor.py:183} INFO - Processing /home/airflow/.local/lib/python3.8/site-packages/airflow/example_dags/tutorial_dag.py took 0.110 seconds
[2025-10-12T13:47:10.262+0000] {processor.py:161} INFO - Started process (PID=29495) to work on /home/airflow/.local/lib/python3.8/site-packages/airflow/example_dags/tutorial_dag.py
[2025-10-12T13:47:10.264+0000] {processor.py:830} INFO - Processing file /home/airflow/.local/lib/python3.8/site-packages/airflow/example_dags/tutorial_dag.py for tasks to queue
[2025-10-12T13:47:10.267+0000] {logging_mixin.py:188} INFO - [2025-10-12T13:47:10.267+0000] {dagbag.py:538} INFO - Filling up the DagBag from /home/airflow/.local/lib/python3.8/site-packages/airflow/example_dags/tutorial_dag.py
[2025-10-12T13:47:10.276+0000] {processor.py:840} INFO - DAG(s) 'tutorial_dag' retrieved from /home/airflow/.local/lib/python3.8/site-packages/airflow/example_dags/tutorial_dag.py
[2025-10-12T13:47:10.314+0000] {logging_mixin.py:188} INFO - [2025-10-12T13:47:10.314+0000] {dag.py:3036} INFO - Sync 1 DAGs
[2025-10-12T13:47:10.336+0000] {logging_mixin.py:188} INFO - [2025-10-12T13:47:10.336+0000] {dag.py:3823} INFO - Setting next_dagrun for tutorial_dag to None, run_after=None
[2025-10-12T13:47:10.389+0000] {processor.py:183} INFO - Processing /home/airflow/.local/lib/python3.8/site-packages/airflow/example_dags/tutorial_dag.py took 0.132 seconds
[2025-10-12T13:47:41.989+0000] {processor.py:161} INFO - Started process (PID=29565) to work on /home/airflow/.local/lib/python3.8/site-packages/airflow/example_dags/tutorial_dag.py
[2025-10-12T13:47:41.991+0000] {processor.py:830} INFO - Processing file /home/airflow/.local/lib/python3.8/site-packages/airflow/example_dags/tutorial_dag.py for tasks to queue
[2025-10-12T13:47:41.994+0000] {logging_mixin.py:188} INFO - [2025-10-12T13:47:41.993+0000] {dagbag.py:538} INFO - Filling up the DagBag from /home/airflow/.local/lib/python3.8/site-packages/airflow/example_dags/tutorial_dag.py
[2025-10-12T13:47:42.002+0000] {processor.py:840} INFO - DAG(s) 'tutorial_dag' retrieved from /home/airflow/.local/lib/python3.8/site-packages/airflow/example_dags/tutorial_dag.py
[2025-10-12T13:47:42.038+0000] {logging_mixin.py:188} INFO - [2025-10-12T13:47:42.037+0000] {dag.py:3036} INFO - Sync 1 DAGs
[2025-10-12T13:47:42.058+0000] {logging_mixin.py:188} INFO - [2025-10-12T13:47:42.057+0000] {dag.py:3823} INFO - Setting next_dagrun for tutorial_dag to None, run_after=None
[2025-10-12T13:47:42.095+0000] {processor.py:183} INFO - Processing /home/airflow/.local/lib/python3.8/site-packages/airflow/example_dags/tutorial_dag.py took 0.112 seconds
[2025-10-12T13:48:13.870+0000] {processor.py:161} INFO - Started process (PID=29638) to work on /home/airflow/.local/lib/python3.8/site-packages/airflow/example_dags/tutorial_dag.py
[2025-10-12T13:48:13.872+0000] {processor.py:830} INFO - Processing file /home/airflow/.local/lib/python3.8/site-packages/airflow/example_dags/tutorial_dag.py for tasks to queue
[2025-10-12T13:48:13.875+0000] {logging_mixin.py:188} INFO - [2025-10-12T13:48:13.874+0000] {dagbag.py:538} INFO - Filling up the DagBag from /home/airflow/.local/lib/python3.8/site-packages/airflow/example_dags/tutorial_dag.py
[2025-10-12T13:48:13.882+0000] {processor.py:840} INFO - DAG(s) 'tutorial_dag' retrieved from /home/airflow/.local/lib/python3.8/site-packages/airflow/example_dags/tutorial_dag.py
[2025-10-12T13:48:13.920+0000] {logging_mixin.py:188} INFO - [2025-10-12T13:48:13.919+0000] {dag.py:3036} INFO - Sync 1 DAGs
[2025-10-12T13:48:13.939+0000] {logging_mixin.py:188} INFO - [2025-10-12T13:48:13.939+0000] {dag.py:3823} INFO - Setting next_dagrun for tutorial_dag to None, run_after=None
[2025-10-12T13:48:13.982+0000] {processor.py:183} INFO - Processing /home/airflow/.local/lib/python3.8/site-packages/airflow/example_dags/tutorial_dag.py took 0.117 seconds
[2025-10-12T13:48:45.236+0000] {processor.py:161} INFO - Started process (PID=29707) to work on /home/airflow/.local/lib/python3.8/site-packages/airflow/example_dags/tutorial_dag.py
[2025-10-12T13:48:45.238+0000] {processor.py:830} INFO - Processing file /home/airflow/.local/lib/python3.8/site-packages/airflow/example_dags/tutorial_dag.py for tasks to queue
[2025-10-12T13:48:45.241+0000] {logging_mixin.py:188} INFO - [2025-10-12T13:48:45.240+0000] {dagbag.py:538} INFO - Filling up the DagBag from /home/airflow/.local/lib/python3.8/site-packages/airflow/example_dags/tutorial_dag.py
[2025-10-12T13:48:45.249+0000] {processor.py:840} INFO - DAG(s) 'tutorial_dag' retrieved from /home/airflow/.local/lib/python3.8/site-packages/airflow/example_dags/tutorial_dag.py
[2025-10-12T13:48:45.289+0000] {logging_mixin.py:188} INFO - [2025-10-12T13:48:45.288+0000] {dag.py:3036} INFO - Sync 1 DAGs
[2025-10-12T13:48:45.311+0000] {logging_mixin.py:188} INFO - [2025-10-12T13:48:45.310+0000] {dag.py:3823} INFO - Setting next_dagrun for tutorial_dag to None, run_after=None
[2025-10-12T13:48:45.345+0000] {processor.py:183} INFO - Processing /home/airflow/.local/lib/python3.8/site-packages/airflow/example_dags/tutorial_dag.py took 0.113 seconds
[2025-10-12T13:49:15.920+0000] {processor.py:161} INFO - Started process (PID=29779) to work on /home/airflow/.local/lib/python3.8/site-packages/airflow/example_dags/tutorial_dag.py
[2025-10-12T13:49:15.922+0000] {processor.py:830} INFO - Processing file /home/airflow/.local/lib/python3.8/site-packages/airflow/example_dags/tutorial_dag.py for tasks to queue
[2025-10-12T13:49:15.924+0000] {logging_mixin.py:188} INFO - [2025-10-12T13:49:15.924+0000] {dagbag.py:538} INFO - Filling up the DagBag from /home/airflow/.local/lib/python3.8/site-packages/airflow/example_dags/tutorial_dag.py
[2025-10-12T13:49:15.931+0000] {processor.py:840} INFO - DAG(s) 'tutorial_dag' retrieved from /home/airflow/.local/lib/python3.8/site-packages/airflow/example_dags/tutorial_dag.py
[2025-10-12T13:49:15.963+0000] {logging_mixin.py:188} INFO - [2025-10-12T13:49:15.963+0000] {dag.py:3036} INFO - Sync 1 DAGs
[2025-10-12T13:49:15.981+0000] {logging_mixin.py:188} INFO - [2025-10-12T13:49:15.981+0000] {dag.py:3823} INFO - Setting next_dagrun for tutorial_dag to None, run_after=None
[2025-10-12T13:49:16.010+0000] {processor.py:183} INFO - Processing /home/airflow/.local/lib/python3.8/site-packages/airflow/example_dags/tutorial_dag.py took 0.094 seconds
[2025-10-12T13:49:46.566+0000] {processor.py:161} INFO - Started process (PID=29849) to work on /home/airflow/.local/lib/python3.8/site-packages/airflow/example_dags/tutorial_dag.py
[2025-10-12T13:49:46.579+0000] {processor.py:830} INFO - Processing file /home/airflow/.local/lib/python3.8/site-packages/airflow/example_dags/tutorial_dag.py for tasks to queue
[2025-10-12T13:49:46.590+0000] {logging_mixin.py:188} INFO - [2025-10-12T13:49:46.589+0000] {dagbag.py:538} INFO - Filling up the DagBag from /home/airflow/.local/lib/python3.8/site-packages/airflow/example_dags/tutorial_dag.py
[2025-10-12T13:49:46.615+0000] {processor.py:840} INFO - DAG(s) 'tutorial_dag' retrieved from /home/airflow/.local/lib/python3.8/site-packages/airflow/example_dags/tutorial_dag.py
[2025-10-12T13:49:46.664+0000] {logging_mixin.py:188} INFO - [2025-10-12T13:49:46.663+0000] {dag.py:3036} INFO - Sync 1 DAGs
[2025-10-12T13:49:46.699+0000] {logging_mixin.py:188} INFO - [2025-10-12T13:49:46.698+0000] {dag.py:3823} INFO - Setting next_dagrun for tutorial_dag to None, run_after=None
[2025-10-12T13:49:46.753+0000] {processor.py:183} INFO - Processing /home/airflow/.local/lib/python3.8/site-packages/airflow/example_dags/tutorial_dag.py took 0.197 seconds
[2025-10-12T13:50:18.392+0000] {processor.py:161} INFO - Started process (PID=29925) to work on /home/airflow/.local/lib/python3.8/site-packages/airflow/example_dags/tutorial_dag.py
[2025-10-12T13:50:18.394+0000] {processor.py:830} INFO - Processing file /home/airflow/.local/lib/python3.8/site-packages/airflow/example_dags/tutorial_dag.py for tasks to queue
[2025-10-12T13:50:18.397+0000] {logging_mixin.py:188} INFO - [2025-10-12T13:50:18.396+0000] {dagbag.py:538} INFO - Filling up the DagBag from /home/airflow/.local/lib/python3.8/site-packages/airflow/example_dags/tutorial_dag.py
[2025-10-12T13:50:18.408+0000] {processor.py:840} INFO - DAG(s) 'tutorial_dag' retrieved from /home/airflow/.local/lib/python3.8/site-packages/airflow/example_dags/tutorial_dag.py
[2025-10-12T13:50:18.450+0000] {logging_mixin.py:188} INFO - [2025-10-12T13:50:18.450+0000] {dag.py:3036} INFO - Sync 1 DAGs
[2025-10-12T13:50:18.473+0000] {logging_mixin.py:188} INFO - [2025-10-12T13:50:18.473+0000] {dag.py:3823} INFO - Setting next_dagrun for tutorial_dag to None, run_after=None
[2025-10-12T13:50:18.505+0000] {processor.py:183} INFO - Processing /home/airflow/.local/lib/python3.8/site-packages/airflow/example_dags/tutorial_dag.py took 0.118 seconds
[2025-10-12T13:50:49.179+0000] {processor.py:161} INFO - Started process (PID=29995) to work on /home/airflow/.local/lib/python3.8/site-packages/airflow/example_dags/tutorial_dag.py
[2025-10-12T13:50:49.182+0000] {processor.py:830} INFO - Processing file /home/airflow/.local/lib/python3.8/site-packages/airflow/example_dags/tutorial_dag.py for tasks to queue
[2025-10-12T13:50:49.187+0000] {logging_mixin.py:188} INFO - [2025-10-12T13:50:49.186+0000] {dagbag.py:538} INFO - Filling up the DagBag from /home/airflow/.local/lib/python3.8/site-packages/airflow/example_dags/tutorial_dag.py
[2025-10-12T13:50:49.199+0000] {processor.py:840} INFO - DAG(s) 'tutorial_dag' retrieved from /home/airflow/.local/lib/python3.8/site-packages/airflow/example_dags/tutorial_dag.py
[2025-10-12T13:50:49.258+0000] {logging_mixin.py:188} INFO - [2025-10-12T13:50:49.257+0000] {dag.py:3036} INFO - Sync 1 DAGs
[2025-10-12T13:50:49.277+0000] {logging_mixin.py:188} INFO - [2025-10-12T13:50:49.276+0000] {dag.py:3823} INFO - Setting next_dagrun for tutorial_dag to None, run_after=None
[2025-10-12T13:50:49.328+0000] {processor.py:183} INFO - Processing /home/airflow/.local/lib/python3.8/site-packages/airflow/example_dags/tutorial_dag.py took 0.158 seconds
[2025-10-12T13:51:21.567+0000] {processor.py:161} INFO - Started process (PID=30065) to work on /home/airflow/.local/lib/python3.8/site-packages/airflow/example_dags/tutorial_dag.py
[2025-10-12T13:51:21.570+0000] {processor.py:830} INFO - Processing file /home/airflow/.local/lib/python3.8/site-packages/airflow/example_dags/tutorial_dag.py for tasks to queue
[2025-10-12T13:51:21.575+0000] {logging_mixin.py:188} INFO - [2025-10-12T13:51:21.574+0000] {dagbag.py:538} INFO - Filling up the DagBag from /home/airflow/.local/lib/python3.8/site-packages/airflow/example_dags/tutorial_dag.py
[2025-10-12T13:51:21.592+0000] {processor.py:840} INFO - DAG(s) 'tutorial_dag' retrieved from /home/airflow/.local/lib/python3.8/site-packages/airflow/example_dags/tutorial_dag.py
[2025-10-12T13:51:21.642+0000] {logging_mixin.py:188} INFO - [2025-10-12T13:51:21.642+0000] {dag.py:3036} INFO - Sync 1 DAGs
[2025-10-12T13:51:21.660+0000] {logging_mixin.py:188} INFO - [2025-10-12T13:51:21.660+0000] {dag.py:3823} INFO - Setting next_dagrun for tutorial_dag to None, run_after=None
[2025-10-12T13:51:21.721+0000] {processor.py:183} INFO - Processing /home/airflow/.local/lib/python3.8/site-packages/airflow/example_dags/tutorial_dag.py took 0.162 seconds
[2025-10-12T13:51:52.260+0000] {processor.py:161} INFO - Started process (PID=30135) to work on /home/airflow/.local/lib/python3.8/site-packages/airflow/example_dags/tutorial_dag.py
[2025-10-12T13:51:52.262+0000] {processor.py:830} INFO - Processing file /home/airflow/.local/lib/python3.8/site-packages/airflow/example_dags/tutorial_dag.py for tasks to queue
[2025-10-12T13:51:52.265+0000] {logging_mixin.py:188} INFO - [2025-10-12T13:51:52.265+0000] {dagbag.py:538} INFO - Filling up the DagBag from /home/airflow/.local/lib/python3.8/site-packages/airflow/example_dags/tutorial_dag.py
[2025-10-12T13:51:52.278+0000] {processor.py:840} INFO - DAG(s) 'tutorial_dag' retrieved from /home/airflow/.local/lib/python3.8/site-packages/airflow/example_dags/tutorial_dag.py
[2025-10-12T13:51:52.317+0000] {logging_mixin.py:188} INFO - [2025-10-12T13:51:52.317+0000] {dag.py:3036} INFO - Sync 1 DAGs
[2025-10-12T13:51:52.337+0000] {logging_mixin.py:188} INFO - [2025-10-12T13:51:52.337+0000] {dag.py:3823} INFO - Setting next_dagrun for tutorial_dag to None, run_after=None
[2025-10-12T13:51:52.369+0000] {processor.py:183} INFO - Processing /home/airflow/.local/lib/python3.8/site-packages/airflow/example_dags/tutorial_dag.py took 0.114 seconds
[2025-10-12T13:52:24.326+0000] {processor.py:161} INFO - Started process (PID=30205) to work on /home/airflow/.local/lib/python3.8/site-packages/airflow/example_dags/tutorial_dag.py
[2025-10-12T13:52:24.329+0000] {processor.py:830} INFO - Processing file /home/airflow/.local/lib/python3.8/site-packages/airflow/example_dags/tutorial_dag.py for tasks to queue
[2025-10-12T13:52:24.333+0000] {logging_mixin.py:188} INFO - [2025-10-12T13:52:24.332+0000] {dagbag.py:538} INFO - Filling up the DagBag from /home/airflow/.local/lib/python3.8/site-packages/airflow/example_dags/tutorial_dag.py
[2025-10-12T13:52:24.342+0000] {processor.py:840} INFO - DAG(s) 'tutorial_dag' retrieved from /home/airflow/.local/lib/python3.8/site-packages/airflow/example_dags/tutorial_dag.py
[2025-10-12T13:52:24.388+0000] {logging_mixin.py:188} INFO - [2025-10-12T13:52:24.388+0000] {dag.py:3036} INFO - Sync 1 DAGs
[2025-10-12T13:52:24.413+0000] {logging_mixin.py:188} INFO - [2025-10-12T13:52:24.412+0000] {dag.py:3823} INFO - Setting next_dagrun for tutorial_dag to None, run_after=None
[2025-10-12T13:52:24.455+0000] {processor.py:183} INFO - Processing /home/airflow/.local/lib/python3.8/site-packages/airflow/example_dags/tutorial_dag.py took 0.134 seconds
[2025-10-12T13:52:54.937+0000] {processor.py:161} INFO - Started process (PID=30275) to work on /home/airflow/.local/lib/python3.8/site-packages/airflow/example_dags/tutorial_dag.py
[2025-10-12T13:52:54.938+0000] {processor.py:830} INFO - Processing file /home/airflow/.local/lib/python3.8/site-packages/airflow/example_dags/tutorial_dag.py for tasks to queue
[2025-10-12T13:52:54.942+0000] {logging_mixin.py:188} INFO - [2025-10-12T13:52:54.941+0000] {dagbag.py:538} INFO - Filling up the DagBag from /home/airflow/.local/lib/python3.8/site-packages/airflow/example_dags/tutorial_dag.py
[2025-10-12T13:52:54.951+0000] {processor.py:840} INFO - DAG(s) 'tutorial_dag' retrieved from /home/airflow/.local/lib/python3.8/site-packages/airflow/example_dags/tutorial_dag.py
[2025-10-12T13:52:54.992+0000] {logging_mixin.py:188} INFO - [2025-10-12T13:52:54.992+0000] {dag.py:3036} INFO - Sync 1 DAGs
[2025-10-12T13:52:55.018+0000] {logging_mixin.py:188} INFO - [2025-10-12T13:52:55.017+0000] {dag.py:3823} INFO - Setting next_dagrun for tutorial_dag to None, run_after=None
[2025-10-12T13:52:55.057+0000] {processor.py:183} INFO - Processing /home/airflow/.local/lib/python3.8/site-packages/airflow/example_dags/tutorial_dag.py took 0.127 seconds
[2025-10-12T13:53:26.684+0000] {processor.py:161} INFO - Started process (PID=30345) to work on /home/airflow/.local/lib/python3.8/site-packages/airflow/example_dags/tutorial_dag.py
[2025-10-12T13:53:26.686+0000] {processor.py:830} INFO - Processing file /home/airflow/.local/lib/python3.8/site-packages/airflow/example_dags/tutorial_dag.py for tasks to queue
[2025-10-12T13:53:26.689+0000] {logging_mixin.py:188} INFO - [2025-10-12T13:53:26.689+0000] {dagbag.py:538} INFO - Filling up the DagBag from /home/airflow/.local/lib/python3.8/site-packages/airflow/example_dags/tutorial_dag.py
[2025-10-12T13:53:26.698+0000] {processor.py:840} INFO - DAG(s) 'tutorial_dag' retrieved from /home/airflow/.local/lib/python3.8/site-packages/airflow/example_dags/tutorial_dag.py
[2025-10-12T13:53:26.739+0000] {logging_mixin.py:188} INFO - [2025-10-12T13:53:26.738+0000] {dag.py:3036} INFO - Sync 1 DAGs
[2025-10-12T13:53:26.770+0000] {logging_mixin.py:188} INFO - [2025-10-12T13:53:26.770+0000] {dag.py:3823} INFO - Setting next_dagrun for tutorial_dag to None, run_after=None
[2025-10-12T13:53:26.815+0000] {processor.py:183} INFO - Processing /home/airflow/.local/lib/python3.8/site-packages/airflow/example_dags/tutorial_dag.py took 0.137 seconds
[2025-10-12T13:53:57.358+0000] {processor.py:161} INFO - Started process (PID=30415) to work on /home/airflow/.local/lib/python3.8/site-packages/airflow/example_dags/tutorial_dag.py
[2025-10-12T13:53:57.360+0000] {processor.py:830} INFO - Processing file /home/airflow/.local/lib/python3.8/site-packages/airflow/example_dags/tutorial_dag.py for tasks to queue
[2025-10-12T13:53:57.365+0000] {logging_mixin.py:188} INFO - [2025-10-12T13:53:57.364+0000] {dagbag.py:538} INFO - Filling up the DagBag from /home/airflow/.local/lib/python3.8/site-packages/airflow/example_dags/tutorial_dag.py
[2025-10-12T13:53:57.398+0000] {processor.py:840} INFO - DAG(s) 'tutorial_dag' retrieved from /home/airflow/.local/lib/python3.8/site-packages/airflow/example_dags/tutorial_dag.py
[2025-10-12T13:53:57.443+0000] {logging_mixin.py:188} INFO - [2025-10-12T13:53:57.443+0000] {dag.py:3036} INFO - Sync 1 DAGs
[2025-10-12T13:53:57.465+0000] {logging_mixin.py:188} INFO - [2025-10-12T13:53:57.465+0000] {dag.py:3823} INFO - Setting next_dagrun for tutorial_dag to None, run_after=None
[2025-10-12T13:53:57.519+0000] {processor.py:183} INFO - Processing /home/airflow/.local/lib/python3.8/site-packages/airflow/example_dags/tutorial_dag.py took 0.169 seconds
[2025-10-12T13:54:29.046+0000] {processor.py:161} INFO - Started process (PID=30487) to work on /home/airflow/.local/lib/python3.8/site-packages/airflow/example_dags/tutorial_dag.py
[2025-10-12T13:54:29.049+0000] {processor.py:830} INFO - Processing file /home/airflow/.local/lib/python3.8/site-packages/airflow/example_dags/tutorial_dag.py for tasks to queue
[2025-10-12T13:54:29.052+0000] {logging_mixin.py:188} INFO - [2025-10-12T13:54:29.052+0000] {dagbag.py:538} INFO - Filling up the DagBag from /home/airflow/.local/lib/python3.8/site-packages/airflow/example_dags/tutorial_dag.py
[2025-10-12T13:54:29.061+0000] {processor.py:840} INFO - DAG(s) 'tutorial_dag' retrieved from /home/airflow/.local/lib/python3.8/site-packages/airflow/example_dags/tutorial_dag.py
[2025-10-12T13:54:29.103+0000] {logging_mixin.py:188} INFO - [2025-10-12T13:54:29.102+0000] {dag.py:3036} INFO - Sync 1 DAGs
[2025-10-12T13:54:29.125+0000] {logging_mixin.py:188} INFO - [2025-10-12T13:54:29.125+0000] {dag.py:3823} INFO - Setting next_dagrun for tutorial_dag to None, run_after=None
[2025-10-12T13:54:29.164+0000] {processor.py:183} INFO - Processing /home/airflow/.local/lib/python3.8/site-packages/airflow/example_dags/tutorial_dag.py took 0.125 seconds
[2025-10-12T13:55:00.001+0000] {processor.py:161} INFO - Started process (PID=30556) to work on /home/airflow/.local/lib/python3.8/site-packages/airflow/example_dags/tutorial_dag.py
[2025-10-12T13:55:00.003+0000] {processor.py:830} INFO - Processing file /home/airflow/.local/lib/python3.8/site-packages/airflow/example_dags/tutorial_dag.py for tasks to queue
[2025-10-12T13:55:00.007+0000] {logging_mixin.py:188} INFO - [2025-10-12T13:55:00.006+0000] {dagbag.py:538} INFO - Filling up the DagBag from /home/airflow/.local/lib/python3.8/site-packages/airflow/example_dags/tutorial_dag.py
[2025-10-12T13:55:00.025+0000] {processor.py:840} INFO - DAG(s) 'tutorial_dag' retrieved from /home/airflow/.local/lib/python3.8/site-packages/airflow/example_dags/tutorial_dag.py
[2025-10-12T13:55:00.091+0000] {logging_mixin.py:188} INFO - [2025-10-12T13:55:00.090+0000] {dag.py:3036} INFO - Sync 1 DAGs
[2025-10-12T13:55:00.128+0000] {logging_mixin.py:188} INFO - [2025-10-12T13:55:00.127+0000] {dag.py:3823} INFO - Setting next_dagrun for tutorial_dag to None, run_after=None
[2025-10-12T13:55:00.175+0000] {processor.py:183} INFO - Processing /home/airflow/.local/lib/python3.8/site-packages/airflow/example_dags/tutorial_dag.py took 0.183 seconds
[2025-10-12T13:55:32.738+0000] {processor.py:161} INFO - Started process (PID=30626) to work on /home/airflow/.local/lib/python3.8/site-packages/airflow/example_dags/tutorial_dag.py
[2025-10-12T13:55:32.740+0000] {processor.py:830} INFO - Processing file /home/airflow/.local/lib/python3.8/site-packages/airflow/example_dags/tutorial_dag.py for tasks to queue
[2025-10-12T13:55:32.748+0000] {logging_mixin.py:188} INFO - [2025-10-12T13:55:32.747+0000] {dagbag.py:538} INFO - Filling up the DagBag from /home/airflow/.local/lib/python3.8/site-packages/airflow/example_dags/tutorial_dag.py
[2025-10-12T13:55:32.763+0000] {processor.py:840} INFO - DAG(s) 'tutorial_dag' retrieved from /home/airflow/.local/lib/python3.8/site-packages/airflow/example_dags/tutorial_dag.py
[2025-10-12T13:55:32.838+0000] {logging_mixin.py:188} INFO - [2025-10-12T13:55:32.837+0000] {dag.py:3036} INFO - Sync 1 DAGs
[2025-10-12T13:55:32.881+0000] {logging_mixin.py:188} INFO - [2025-10-12T13:55:32.881+0000] {dag.py:3823} INFO - Setting next_dagrun for tutorial_dag to None, run_after=None
[2025-10-12T13:55:32.924+0000] {processor.py:183} INFO - Processing /home/airflow/.local/lib/python3.8/site-packages/airflow/example_dags/tutorial_dag.py took 0.193 seconds
[2025-10-12T13:56:04.222+0000] {processor.py:161} INFO - Started process (PID=30696) to work on /home/airflow/.local/lib/python3.8/site-packages/airflow/example_dags/tutorial_dag.py
[2025-10-12T13:56:04.224+0000] {processor.py:830} INFO - Processing file /home/airflow/.local/lib/python3.8/site-packages/airflow/example_dags/tutorial_dag.py for tasks to queue
[2025-10-12T13:56:04.229+0000] {logging_mixin.py:188} INFO - [2025-10-12T13:56:04.228+0000] {dagbag.py:538} INFO - Filling up the DagBag from /home/airflow/.local/lib/python3.8/site-packages/airflow/example_dags/tutorial_dag.py
[2025-10-12T13:56:04.239+0000] {processor.py:840} INFO - DAG(s) 'tutorial_dag' retrieved from /home/airflow/.local/lib/python3.8/site-packages/airflow/example_dags/tutorial_dag.py
[2025-10-12T13:56:04.284+0000] {logging_mixin.py:188} INFO - [2025-10-12T13:56:04.283+0000] {dag.py:3036} INFO - Sync 1 DAGs
[2025-10-12T13:56:04.305+0000] {logging_mixin.py:188} INFO - [2025-10-12T13:56:04.305+0000] {dag.py:3823} INFO - Setting next_dagrun for tutorial_dag to None, run_after=None
[2025-10-12T13:56:04.338+0000] {processor.py:183} INFO - Processing /home/airflow/.local/lib/python3.8/site-packages/airflow/example_dags/tutorial_dag.py took 0.122 seconds
[2025-10-12T13:56:35.149+0000] {processor.py:161} INFO - Started process (PID=30766) to work on /home/airflow/.local/lib/python3.8/site-packages/airflow/example_dags/tutorial_dag.py
[2025-10-12T13:56:35.151+0000] {processor.py:830} INFO - Processing file /home/airflow/.local/lib/python3.8/site-packages/airflow/example_dags/tutorial_dag.py for tasks to queue
[2025-10-12T13:56:35.154+0000] {logging_mixin.py:188} INFO - [2025-10-12T13:56:35.154+0000] {dagbag.py:538} INFO - Filling up the DagBag from /home/airflow/.local/lib/python3.8/site-packages/airflow/example_dags/tutorial_dag.py
[2025-10-12T13:56:35.165+0000] {processor.py:840} INFO - DAG(s) 'tutorial_dag' retrieved from /home/airflow/.local/lib/python3.8/site-packages/airflow/example_dags/tutorial_dag.py
[2025-10-12T13:56:35.209+0000] {logging_mixin.py:188} INFO - [2025-10-12T13:56:35.208+0000] {dag.py:3036} INFO - Sync 1 DAGs
[2025-10-12T13:56:35.229+0000] {logging_mixin.py:188} INFO - [2025-10-12T13:56:35.229+0000] {dag.py:3823} INFO - Setting next_dagrun for tutorial_dag to None, run_after=None
[2025-10-12T13:56:35.265+0000] {processor.py:183} INFO - Processing /home/airflow/.local/lib/python3.8/site-packages/airflow/example_dags/tutorial_dag.py took 0.122 seconds
[2025-10-12T13:57:05.725+0000] {processor.py:161} INFO - Started process (PID=30836) to work on /home/airflow/.local/lib/python3.8/site-packages/airflow/example_dags/tutorial_dag.py
[2025-10-12T13:57:05.727+0000] {processor.py:830} INFO - Processing file /home/airflow/.local/lib/python3.8/site-packages/airflow/example_dags/tutorial_dag.py for tasks to queue
[2025-10-12T13:57:05.730+0000] {logging_mixin.py:188} INFO - [2025-10-12T13:57:05.729+0000] {dagbag.py:538} INFO - Filling up the DagBag from /home/airflow/.local/lib/python3.8/site-packages/airflow/example_dags/tutorial_dag.py
[2025-10-12T13:57:05.739+0000] {processor.py:840} INFO - DAG(s) 'tutorial_dag' retrieved from /home/airflow/.local/lib/python3.8/site-packages/airflow/example_dags/tutorial_dag.py
[2025-10-12T13:57:05.782+0000] {logging_mixin.py:188} INFO - [2025-10-12T13:57:05.781+0000] {dag.py:3036} INFO - Sync 1 DAGs
[2025-10-12T13:57:05.803+0000] {logging_mixin.py:188} INFO - [2025-10-12T13:57:05.803+0000] {dag.py:3823} INFO - Setting next_dagrun for tutorial_dag to None, run_after=None
[2025-10-12T13:57:05.839+0000] {processor.py:183} INFO - Processing /home/airflow/.local/lib/python3.8/site-packages/airflow/example_dags/tutorial_dag.py took 0.120 seconds
[2025-10-12T13:57:36.830+0000] {processor.py:161} INFO - Started process (PID=30906) to work on /home/airflow/.local/lib/python3.8/site-packages/airflow/example_dags/tutorial_dag.py
[2025-10-12T13:57:36.832+0000] {processor.py:830} INFO - Processing file /home/airflow/.local/lib/python3.8/site-packages/airflow/example_dags/tutorial_dag.py for tasks to queue
[2025-10-12T13:57:36.835+0000] {logging_mixin.py:188} INFO - [2025-10-12T13:57:36.834+0000] {dagbag.py:538} INFO - Filling up the DagBag from /home/airflow/.local/lib/python3.8/site-packages/airflow/example_dags/tutorial_dag.py
[2025-10-12T13:57:36.844+0000] {processor.py:840} INFO - DAG(s) 'tutorial_dag' retrieved from /home/airflow/.local/lib/python3.8/site-packages/airflow/example_dags/tutorial_dag.py
[2025-10-12T13:57:36.886+0000] {logging_mixin.py:188} INFO - [2025-10-12T13:57:36.885+0000] {dag.py:3036} INFO - Sync 1 DAGs
[2025-10-12T13:57:36.908+0000] {logging_mixin.py:188} INFO - [2025-10-12T13:57:36.907+0000] {dag.py:3823} INFO - Setting next_dagrun for tutorial_dag to None, run_after=None
[2025-10-12T13:57:36.976+0000] {processor.py:183} INFO - Processing /home/airflow/.local/lib/python3.8/site-packages/airflow/example_dags/tutorial_dag.py took 0.152 seconds
[2025-10-12T13:58:07.814+0000] {processor.py:161} INFO - Started process (PID=30976) to work on /home/airflow/.local/lib/python3.8/site-packages/airflow/example_dags/tutorial_dag.py
[2025-10-12T13:58:07.816+0000] {processor.py:830} INFO - Processing file /home/airflow/.local/lib/python3.8/site-packages/airflow/example_dags/tutorial_dag.py for tasks to queue
[2025-10-12T13:58:07.819+0000] {logging_mixin.py:188} INFO - [2025-10-12T13:58:07.819+0000] {dagbag.py:538} INFO - Filling up the DagBag from /home/airflow/.local/lib/python3.8/site-packages/airflow/example_dags/tutorial_dag.py
[2025-10-12T13:58:07.828+0000] {processor.py:840} INFO - DAG(s) 'tutorial_dag' retrieved from /home/airflow/.local/lib/python3.8/site-packages/airflow/example_dags/tutorial_dag.py
[2025-10-12T13:58:07.866+0000] {logging_mixin.py:188} INFO - [2025-10-12T13:58:07.866+0000] {dag.py:3036} INFO - Sync 1 DAGs
[2025-10-12T13:58:07.890+0000] {logging_mixin.py:188} INFO - [2025-10-12T13:58:07.889+0000] {dag.py:3823} INFO - Setting next_dagrun for tutorial_dag to None, run_after=None
[2025-10-12T13:58:07.926+0000] {processor.py:183} INFO - Processing /home/airflow/.local/lib/python3.8/site-packages/airflow/example_dags/tutorial_dag.py took 0.117 seconds
[2025-10-12T13:58:38.817+0000] {processor.py:161} INFO - Started process (PID=31046) to work on /home/airflow/.local/lib/python3.8/site-packages/airflow/example_dags/tutorial_dag.py
[2025-10-12T13:58:38.819+0000] {processor.py:830} INFO - Processing file /home/airflow/.local/lib/python3.8/site-packages/airflow/example_dags/tutorial_dag.py for tasks to queue
[2025-10-12T13:58:38.829+0000] {logging_mixin.py:188} INFO - [2025-10-12T13:58:38.828+0000] {dagbag.py:538} INFO - Filling up the DagBag from /home/airflow/.local/lib/python3.8/site-packages/airflow/example_dags/tutorial_dag.py
[2025-10-12T13:58:38.842+0000] {processor.py:840} INFO - DAG(s) 'tutorial_dag' retrieved from /home/airflow/.local/lib/python3.8/site-packages/airflow/example_dags/tutorial_dag.py
[2025-10-12T13:58:38.903+0000] {logging_mixin.py:188} INFO - [2025-10-12T13:58:38.902+0000] {dag.py:3036} INFO - Sync 1 DAGs
[2025-10-12T13:58:38.938+0000] {logging_mixin.py:188} INFO - [2025-10-12T13:58:38.938+0000] {dag.py:3823} INFO - Setting next_dagrun for tutorial_dag to None, run_after=None
[2025-10-12T13:58:39.008+0000] {processor.py:183} INFO - Processing /home/airflow/.local/lib/python3.8/site-packages/airflow/example_dags/tutorial_dag.py took 0.197 seconds
[2025-10-12T13:59:09.845+0000] {processor.py:161} INFO - Started process (PID=31116) to work on /home/airflow/.local/lib/python3.8/site-packages/airflow/example_dags/tutorial_dag.py
[2025-10-12T13:59:09.850+0000] {processor.py:830} INFO - Processing file /home/airflow/.local/lib/python3.8/site-packages/airflow/example_dags/tutorial_dag.py for tasks to queue
[2025-10-12T13:59:09.856+0000] {logging_mixin.py:188} INFO - [2025-10-12T13:59:09.855+0000] {dagbag.py:538} INFO - Filling up the DagBag from /home/airflow/.local/lib/python3.8/site-packages/airflow/example_dags/tutorial_dag.py
[2025-10-12T13:59:09.871+0000] {processor.py:840} INFO - DAG(s) 'tutorial_dag' retrieved from /home/airflow/.local/lib/python3.8/site-packages/airflow/example_dags/tutorial_dag.py
[2025-10-12T13:59:09.940+0000] {logging_mixin.py:188} INFO - [2025-10-12T13:59:09.939+0000] {dag.py:3036} INFO - Sync 1 DAGs
[2025-10-12T13:59:09.976+0000] {logging_mixin.py:188} INFO - [2025-10-12T13:59:09.975+0000] {dag.py:3823} INFO - Setting next_dagrun for tutorial_dag to None, run_after=None
[2025-10-12T13:59:10.048+0000] {processor.py:183} INFO - Processing /home/airflow/.local/lib/python3.8/site-packages/airflow/example_dags/tutorial_dag.py took 0.213 seconds
[2025-10-12T13:59:44.585+0000] {processor.py:161} INFO - Started process (PID=31187) to work on /home/airflow/.local/lib/python3.8/site-packages/airflow/example_dags/tutorial_dag.py
[2025-10-12T13:59:44.587+0000] {processor.py:830} INFO - Processing file /home/airflow/.local/lib/python3.8/site-packages/airflow/example_dags/tutorial_dag.py for tasks to queue
[2025-10-12T13:59:44.590+0000] {logging_mixin.py:188} INFO - [2025-10-12T13:59:44.590+0000] {dagbag.py:538} INFO - Filling up the DagBag from /home/airflow/.local/lib/python3.8/site-packages/airflow/example_dags/tutorial_dag.py
[2025-10-12T13:59:44.605+0000] {processor.py:840} INFO - DAG(s) 'tutorial_dag' retrieved from /home/airflow/.local/lib/python3.8/site-packages/airflow/example_dags/tutorial_dag.py
[2025-10-12T13:59:44.650+0000] {logging_mixin.py:188} INFO - [2025-10-12T13:59:44.650+0000] {dag.py:3036} INFO - Sync 1 DAGs
[2025-10-12T13:59:44.676+0000] {logging_mixin.py:188} INFO - [2025-10-12T13:59:44.676+0000] {dag.py:3823} INFO - Setting next_dagrun for tutorial_dag to None, run_after=None
[2025-10-12T13:59:44.718+0000] {processor.py:183} INFO - Processing /home/airflow/.local/lib/python3.8/site-packages/airflow/example_dags/tutorial_dag.py took 0.141 seconds
[2025-10-12T14:00:14.822+0000] {processor.py:161} INFO - Started process (PID=31257) to work on /home/airflow/.local/lib/python3.8/site-packages/airflow/example_dags/tutorial_dag.py
[2025-10-12T14:00:14.824+0000] {processor.py:830} INFO - Processing file /home/airflow/.local/lib/python3.8/site-packages/airflow/example_dags/tutorial_dag.py for tasks to queue
[2025-10-12T14:00:14.828+0000] {logging_mixin.py:188} INFO - [2025-10-12T14:00:14.827+0000] {dagbag.py:538} INFO - Filling up the DagBag from /home/airflow/.local/lib/python3.8/site-packages/airflow/example_dags/tutorial_dag.py
[2025-10-12T14:00:14.838+0000] {processor.py:840} INFO - DAG(s) 'tutorial_dag' retrieved from /home/airflow/.local/lib/python3.8/site-packages/airflow/example_dags/tutorial_dag.py
[2025-10-12T14:00:14.884+0000] {logging_mixin.py:188} INFO - [2025-10-12T14:00:14.883+0000] {dag.py:3036} INFO - Sync 1 DAGs
[2025-10-12T14:00:14.905+0000] {logging_mixin.py:188} INFO - [2025-10-12T14:00:14.905+0000] {dag.py:3823} INFO - Setting next_dagrun for tutorial_dag to None, run_after=None
[2025-10-12T14:00:14.938+0000] {processor.py:183} INFO - Processing /home/airflow/.local/lib/python3.8/site-packages/airflow/example_dags/tutorial_dag.py took 0.123 seconds
[2025-10-12T14:00:46.000+0000] {processor.py:161} INFO - Started process (PID=31327) to work on /home/airflow/.local/lib/python3.8/site-packages/airflow/example_dags/tutorial_dag.py
[2025-10-12T14:00:46.002+0000] {processor.py:830} INFO - Processing file /home/airflow/.local/lib/python3.8/site-packages/airflow/example_dags/tutorial_dag.py for tasks to queue
[2025-10-12T14:00:46.005+0000] {logging_mixin.py:188} INFO - [2025-10-12T14:00:46.004+0000] {dagbag.py:538} INFO - Filling up the DagBag from /home/airflow/.local/lib/python3.8/site-packages/airflow/example_dags/tutorial_dag.py
[2025-10-12T14:00:46.013+0000] {processor.py:840} INFO - DAG(s) 'tutorial_dag' retrieved from /home/airflow/.local/lib/python3.8/site-packages/airflow/example_dags/tutorial_dag.py
[2025-10-12T14:00:46.050+0000] {logging_mixin.py:188} INFO - [2025-10-12T14:00:46.049+0000] {dag.py:3036} INFO - Sync 1 DAGs
[2025-10-12T14:00:46.069+0000] {logging_mixin.py:188} INFO - [2025-10-12T14:00:46.068+0000] {dag.py:3823} INFO - Setting next_dagrun for tutorial_dag to None, run_after=None
[2025-10-12T14:00:46.100+0000] {processor.py:183} INFO - Processing /home/airflow/.local/lib/python3.8/site-packages/airflow/example_dags/tutorial_dag.py took 0.106 seconds
[2025-10-12T14:01:16.348+0000] {processor.py:161} INFO - Started process (PID=31396) to work on /home/airflow/.local/lib/python3.8/site-packages/airflow/example_dags/tutorial_dag.py
[2025-10-12T14:01:16.350+0000] {processor.py:830} INFO - Processing file /home/airflow/.local/lib/python3.8/site-packages/airflow/example_dags/tutorial_dag.py for tasks to queue
[2025-10-12T14:01:16.354+0000] {logging_mixin.py:188} INFO - [2025-10-12T14:01:16.353+0000] {dagbag.py:538} INFO - Filling up the DagBag from /home/airflow/.local/lib/python3.8/site-packages/airflow/example_dags/tutorial_dag.py
[2025-10-12T14:01:16.363+0000] {processor.py:840} INFO - DAG(s) 'tutorial_dag' retrieved from /home/airflow/.local/lib/python3.8/site-packages/airflow/example_dags/tutorial_dag.py
[2025-10-12T14:01:16.404+0000] {logging_mixin.py:188} INFO - [2025-10-12T14:01:16.404+0000] {dag.py:3036} INFO - Sync 1 DAGs
[2025-10-12T14:01:16.429+0000] {logging_mixin.py:188} INFO - [2025-10-12T14:01:16.428+0000] {dag.py:3823} INFO - Setting next_dagrun for tutorial_dag to None, run_after=None
[2025-10-12T14:01:16.464+0000] {processor.py:183} INFO - Processing /home/airflow/.local/lib/python3.8/site-packages/airflow/example_dags/tutorial_dag.py took 0.122 seconds
[2025-10-12T14:01:47.859+0000] {processor.py:161} INFO - Started process (PID=31467) to work on /home/airflow/.local/lib/python3.8/site-packages/airflow/example_dags/tutorial_dag.py
[2025-10-12T14:01:47.864+0000] {processor.py:830} INFO - Processing file /home/airflow/.local/lib/python3.8/site-packages/airflow/example_dags/tutorial_dag.py for tasks to queue
[2025-10-12T14:01:47.876+0000] {logging_mixin.py:188} INFO - [2025-10-12T14:01:47.874+0000] {dagbag.py:538} INFO - Filling up the DagBag from /home/airflow/.local/lib/python3.8/site-packages/airflow/example_dags/tutorial_dag.py
[2025-10-12T14:01:47.905+0000] {processor.py:840} INFO - DAG(s) 'tutorial_dag' retrieved from /home/airflow/.local/lib/python3.8/site-packages/airflow/example_dags/tutorial_dag.py
[2025-10-12T14:01:48.051+0000] {logging_mixin.py:188} INFO - [2025-10-12T14:01:48.050+0000] {dag.py:3036} INFO - Sync 1 DAGs
[2025-10-12T14:01:48.105+0000] {logging_mixin.py:188} INFO - [2025-10-12T14:01:48.104+0000] {dag.py:3823} INFO - Setting next_dagrun for tutorial_dag to None, run_after=None
[2025-10-12T14:01:48.214+0000] {processor.py:183} INFO - Processing /home/airflow/.local/lib/python3.8/site-packages/airflow/example_dags/tutorial_dag.py took 0.376 seconds
[2025-10-12T14:02:19.864+0000] {processor.py:161} INFO - Started process (PID=31538) to work on /home/airflow/.local/lib/python3.8/site-packages/airflow/example_dags/tutorial_dag.py
[2025-10-12T14:02:19.866+0000] {processor.py:830} INFO - Processing file /home/airflow/.local/lib/python3.8/site-packages/airflow/example_dags/tutorial_dag.py for tasks to queue
[2025-10-12T14:02:19.869+0000] {logging_mixin.py:188} INFO - [2025-10-12T14:02:19.869+0000] {dagbag.py:538} INFO - Filling up the DagBag from /home/airflow/.local/lib/python3.8/site-packages/airflow/example_dags/tutorial_dag.py
[2025-10-12T14:02:19.880+0000] {processor.py:840} INFO - DAG(s) 'tutorial_dag' retrieved from /home/airflow/.local/lib/python3.8/site-packages/airflow/example_dags/tutorial_dag.py
[2025-10-12T14:02:19.922+0000] {logging_mixin.py:188} INFO - [2025-10-12T14:02:19.922+0000] {dag.py:3036} INFO - Sync 1 DAGs
[2025-10-12T14:02:19.947+0000] {logging_mixin.py:188} INFO - [2025-10-12T14:02:19.946+0000] {dag.py:3823} INFO - Setting next_dagrun for tutorial_dag to None, run_after=None
[2025-10-12T14:02:19.988+0000] {processor.py:183} INFO - Processing /home/airflow/.local/lib/python3.8/site-packages/airflow/example_dags/tutorial_dag.py took 0.130 seconds
[2025-10-12T14:02:51.470+0000] {processor.py:161} INFO - Started process (PID=31614) to work on /home/airflow/.local/lib/python3.8/site-packages/airflow/example_dags/tutorial_dag.py
[2025-10-12T14:02:51.472+0000] {processor.py:830} INFO - Processing file /home/airflow/.local/lib/python3.8/site-packages/airflow/example_dags/tutorial_dag.py for tasks to queue
[2025-10-12T14:02:51.476+0000] {logging_mixin.py:188} INFO - [2025-10-12T14:02:51.476+0000] {dagbag.py:538} INFO - Filling up the DagBag from /home/airflow/.local/lib/python3.8/site-packages/airflow/example_dags/tutorial_dag.py
[2025-10-12T14:02:51.485+0000] {processor.py:840} INFO - DAG(s) 'tutorial_dag' retrieved from /home/airflow/.local/lib/python3.8/site-packages/airflow/example_dags/tutorial_dag.py
[2025-10-12T14:02:51.524+0000] {logging_mixin.py:188} INFO - [2025-10-12T14:02:51.523+0000] {dag.py:3036} INFO - Sync 1 DAGs
[2025-10-12T14:02:51.547+0000] {logging_mixin.py:188} INFO - [2025-10-12T14:02:51.546+0000] {dag.py:3823} INFO - Setting next_dagrun for tutorial_dag to None, run_after=None
[2025-10-12T14:02:51.603+0000] {processor.py:183} INFO - Processing /home/airflow/.local/lib/python3.8/site-packages/airflow/example_dags/tutorial_dag.py took 0.137 seconds
[2025-10-12T14:03:22.515+0000] {processor.py:161} INFO - Started process (PID=31684) to work on /home/airflow/.local/lib/python3.8/site-packages/airflow/example_dags/tutorial_dag.py
[2025-10-12T14:03:22.518+0000] {processor.py:830} INFO - Processing file /home/airflow/.local/lib/python3.8/site-packages/airflow/example_dags/tutorial_dag.py for tasks to queue
[2025-10-12T14:03:22.525+0000] {logging_mixin.py:188} INFO - [2025-10-12T14:03:22.524+0000] {dagbag.py:538} INFO - Filling up the DagBag from /home/airflow/.local/lib/python3.8/site-packages/airflow/example_dags/tutorial_dag.py
[2025-10-12T14:03:22.538+0000] {processor.py:840} INFO - DAG(s) 'tutorial_dag' retrieved from /home/airflow/.local/lib/python3.8/site-packages/airflow/example_dags/tutorial_dag.py
[2025-10-12T14:03:22.591+0000] {logging_mixin.py:188} INFO - [2025-10-12T14:03:22.590+0000] {dag.py:3036} INFO - Sync 1 DAGs
[2025-10-12T14:03:22.615+0000] {logging_mixin.py:188} INFO - [2025-10-12T14:03:22.615+0000] {dag.py:3823} INFO - Setting next_dagrun for tutorial_dag to None, run_after=None
[2025-10-12T14:03:22.664+0000] {processor.py:183} INFO - Processing /home/airflow/.local/lib/python3.8/site-packages/airflow/example_dags/tutorial_dag.py took 0.156 seconds
[2025-10-12T14:03:53.327+0000] {processor.py:161} INFO - Started process (PID=31754) to work on /home/airflow/.local/lib/python3.8/site-packages/airflow/example_dags/tutorial_dag.py
[2025-10-12T14:03:53.329+0000] {processor.py:830} INFO - Processing file /home/airflow/.local/lib/python3.8/site-packages/airflow/example_dags/tutorial_dag.py for tasks to queue
[2025-10-12T14:03:53.333+0000] {logging_mixin.py:188} INFO - [2025-10-12T14:03:53.332+0000] {dagbag.py:538} INFO - Filling up the DagBag from /home/airflow/.local/lib/python3.8/site-packages/airflow/example_dags/tutorial_dag.py
[2025-10-12T14:03:53.345+0000] {processor.py:840} INFO - DAG(s) 'tutorial_dag' retrieved from /home/airflow/.local/lib/python3.8/site-packages/airflow/example_dags/tutorial_dag.py
[2025-10-12T14:03:53.388+0000] {logging_mixin.py:188} INFO - [2025-10-12T14:03:53.387+0000] {dag.py:3036} INFO - Sync 1 DAGs
[2025-10-12T14:03:53.409+0000] {logging_mixin.py:188} INFO - [2025-10-12T14:03:53.408+0000] {dag.py:3823} INFO - Setting next_dagrun for tutorial_dag to None, run_after=None
[2025-10-12T14:03:53.443+0000] {processor.py:183} INFO - Processing /home/airflow/.local/lib/python3.8/site-packages/airflow/example_dags/tutorial_dag.py took 0.122 seconds
[2025-10-12T14:04:24.157+0000] {processor.py:161} INFO - Started process (PID=31823) to work on /home/airflow/.local/lib/python3.8/site-packages/airflow/example_dags/tutorial_dag.py
[2025-10-12T14:04:24.158+0000] {processor.py:830} INFO - Processing file /home/airflow/.local/lib/python3.8/site-packages/airflow/example_dags/tutorial_dag.py for tasks to queue
[2025-10-12T14:04:24.162+0000] {logging_mixin.py:188} INFO - [2025-10-12T14:04:24.162+0000] {dagbag.py:538} INFO - Filling up the DagBag from /home/airflow/.local/lib/python3.8/site-packages/airflow/example_dags/tutorial_dag.py
[2025-10-12T14:04:24.173+0000] {processor.py:840} INFO - DAG(s) 'tutorial_dag' retrieved from /home/airflow/.local/lib/python3.8/site-packages/airflow/example_dags/tutorial_dag.py
[2025-10-12T14:04:24.211+0000] {logging_mixin.py:188} INFO - [2025-10-12T14:04:24.210+0000] {dag.py:3036} INFO - Sync 1 DAGs
[2025-10-12T14:04:24.232+0000] {logging_mixin.py:188} INFO - [2025-10-12T14:04:24.232+0000] {dag.py:3823} INFO - Setting next_dagrun for tutorial_dag to None, run_after=None
[2025-10-12T14:04:24.284+0000] {processor.py:183} INFO - Processing /home/airflow/.local/lib/python3.8/site-packages/airflow/example_dags/tutorial_dag.py took 0.132 seconds
[2025-10-12T14:04:57.148+0000] {processor.py:161} INFO - Started process (PID=31894) to work on /home/airflow/.local/lib/python3.8/site-packages/airflow/example_dags/tutorial_dag.py
[2025-10-12T14:04:57.150+0000] {processor.py:830} INFO - Processing file /home/airflow/.local/lib/python3.8/site-packages/airflow/example_dags/tutorial_dag.py for tasks to queue
[2025-10-12T14:04:57.153+0000] {logging_mixin.py:188} INFO - [2025-10-12T14:04:57.153+0000] {dagbag.py:538} INFO - Filling up the DagBag from /home/airflow/.local/lib/python3.8/site-packages/airflow/example_dags/tutorial_dag.py
[2025-10-12T14:04:57.164+0000] {processor.py:840} INFO - DAG(s) 'tutorial_dag' retrieved from /home/airflow/.local/lib/python3.8/site-packages/airflow/example_dags/tutorial_dag.py
[2025-10-12T14:04:57.212+0000] {logging_mixin.py:188} INFO - [2025-10-12T14:04:57.212+0000] {dag.py:3036} INFO - Sync 1 DAGs
[2025-10-12T14:04:57.241+0000] {logging_mixin.py:188} INFO - [2025-10-12T14:04:57.241+0000] {dag.py:3823} INFO - Setting next_dagrun for tutorial_dag to None, run_after=None
[2025-10-12T14:04:57.275+0000] {processor.py:183} INFO - Processing /home/airflow/.local/lib/python3.8/site-packages/airflow/example_dags/tutorial_dag.py took 0.132 seconds
[2025-10-12T14:05:28.162+0000] {processor.py:161} INFO - Started process (PID=31964) to work on /home/airflow/.local/lib/python3.8/site-packages/airflow/example_dags/tutorial_dag.py
[2025-10-12T14:05:28.165+0000] {processor.py:830} INFO - Processing file /home/airflow/.local/lib/python3.8/site-packages/airflow/example_dags/tutorial_dag.py for tasks to queue
[2025-10-12T14:05:28.169+0000] {logging_mixin.py:188} INFO - [2025-10-12T14:05:28.169+0000] {dagbag.py:538} INFO - Filling up the DagBag from /home/airflow/.local/lib/python3.8/site-packages/airflow/example_dags/tutorial_dag.py
[2025-10-12T14:05:28.179+0000] {processor.py:840} INFO - DAG(s) 'tutorial_dag' retrieved from /home/airflow/.local/lib/python3.8/site-packages/airflow/example_dags/tutorial_dag.py
[2025-10-12T14:05:28.225+0000] {logging_mixin.py:188} INFO - [2025-10-12T14:05:28.224+0000] {dag.py:3036} INFO - Sync 1 DAGs
[2025-10-12T14:05:28.247+0000] {logging_mixin.py:188} INFO - [2025-10-12T14:05:28.247+0000] {dag.py:3823} INFO - Setting next_dagrun for tutorial_dag to None, run_after=None
[2025-10-12T14:05:28.284+0000] {processor.py:183} INFO - Processing /home/airflow/.local/lib/python3.8/site-packages/airflow/example_dags/tutorial_dag.py took 0.129 seconds
[2025-10-12T14:05:59.584+0000] {processor.py:161} INFO - Started process (PID=32034) to work on /home/airflow/.local/lib/python3.8/site-packages/airflow/example_dags/tutorial_dag.py
[2025-10-12T14:05:59.586+0000] {processor.py:830} INFO - Processing file /home/airflow/.local/lib/python3.8/site-packages/airflow/example_dags/tutorial_dag.py for tasks to queue
[2025-10-12T14:05:59.589+0000] {logging_mixin.py:188} INFO - [2025-10-12T14:05:59.589+0000] {dagbag.py:538} INFO - Filling up the DagBag from /home/airflow/.local/lib/python3.8/site-packages/airflow/example_dags/tutorial_dag.py
[2025-10-12T14:05:59.600+0000] {processor.py:840} INFO - DAG(s) 'tutorial_dag' retrieved from /home/airflow/.local/lib/python3.8/site-packages/airflow/example_dags/tutorial_dag.py
[2025-10-12T14:05:59.647+0000] {logging_mixin.py:188} INFO - [2025-10-12T14:05:59.647+0000] {dag.py:3036} INFO - Sync 1 DAGs
[2025-10-12T14:05:59.675+0000] {logging_mixin.py:188} INFO - [2025-10-12T14:05:59.675+0000] {dag.py:3823} INFO - Setting next_dagrun for tutorial_dag to None, run_after=None
[2025-10-12T14:05:59.712+0000] {processor.py:183} INFO - Processing /home/airflow/.local/lib/python3.8/site-packages/airflow/example_dags/tutorial_dag.py took 0.134 seconds
[2025-10-12T14:06:30.533+0000] {processor.py:161} INFO - Started process (PID=32104) to work on /home/airflow/.local/lib/python3.8/site-packages/airflow/example_dags/tutorial_dag.py
[2025-10-12T14:06:30.535+0000] {processor.py:830} INFO - Processing file /home/airflow/.local/lib/python3.8/site-packages/airflow/example_dags/tutorial_dag.py for tasks to queue
[2025-10-12T14:06:30.543+0000] {logging_mixin.py:188} INFO - [2025-10-12T14:06:30.542+0000] {dagbag.py:538} INFO - Filling up the DagBag from /home/airflow/.local/lib/python3.8/site-packages/airflow/example_dags/tutorial_dag.py
[2025-10-12T14:06:30.561+0000] {processor.py:840} INFO - DAG(s) 'tutorial_dag' retrieved from /home/airflow/.local/lib/python3.8/site-packages/airflow/example_dags/tutorial_dag.py
[2025-10-12T14:06:30.718+0000] {logging_mixin.py:188} INFO - [2025-10-12T14:06:30.717+0000] {dag.py:3036} INFO - Sync 1 DAGs
[2025-10-12T14:06:30.841+0000] {logging_mixin.py:188} INFO - [2025-10-12T14:06:30.840+0000] {dag.py:3823} INFO - Setting next_dagrun for tutorial_dag to None, run_after=None
[2025-10-12T14:06:30.939+0000] {processor.py:183} INFO - Processing /home/airflow/.local/lib/python3.8/site-packages/airflow/example_dags/tutorial_dag.py took 0.412 seconds
[2025-10-12T14:07:01.916+0000] {processor.py:161} INFO - Started process (PID=32174) to work on /home/airflow/.local/lib/python3.8/site-packages/airflow/example_dags/tutorial_dag.py
[2025-10-12T14:07:01.919+0000] {processor.py:830} INFO - Processing file /home/airflow/.local/lib/python3.8/site-packages/airflow/example_dags/tutorial_dag.py for tasks to queue
[2025-10-12T14:07:01.924+0000] {logging_mixin.py:188} INFO - [2025-10-12T14:07:01.923+0000] {dagbag.py:538} INFO - Filling up the DagBag from /home/airflow/.local/lib/python3.8/site-packages/airflow/example_dags/tutorial_dag.py
[2025-10-12T14:07:01.940+0000] {processor.py:840} INFO - DAG(s) 'tutorial_dag' retrieved from /home/airflow/.local/lib/python3.8/site-packages/airflow/example_dags/tutorial_dag.py
[2025-10-12T14:07:02.007+0000] {logging_mixin.py:188} INFO - [2025-10-12T14:07:02.007+0000] {dag.py:3036} INFO - Sync 1 DAGs
[2025-10-12T14:07:02.046+0000] {logging_mixin.py:188} INFO - [2025-10-12T14:07:02.045+0000] {dag.py:3823} INFO - Setting next_dagrun for tutorial_dag to None, run_after=None
[2025-10-12T14:07:02.135+0000] {processor.py:183} INFO - Processing /home/airflow/.local/lib/python3.8/site-packages/airflow/example_dags/tutorial_dag.py took 0.231 seconds
[2025-10-12T14:07:35.421+0000] {processor.py:161} INFO - Started process (PID=32243) to work on /home/airflow/.local/lib/python3.8/site-packages/airflow/example_dags/tutorial_dag.py
[2025-10-12T14:07:35.423+0000] {processor.py:830} INFO - Processing file /home/airflow/.local/lib/python3.8/site-packages/airflow/example_dags/tutorial_dag.py for tasks to queue
[2025-10-12T14:07:35.427+0000] {logging_mixin.py:188} INFO - [2025-10-12T14:07:35.426+0000] {dagbag.py:538} INFO - Filling up the DagBag from /home/airflow/.local/lib/python3.8/site-packages/airflow/example_dags/tutorial_dag.py
[2025-10-12T14:07:35.436+0000] {processor.py:840} INFO - DAG(s) 'tutorial_dag' retrieved from /home/airflow/.local/lib/python3.8/site-packages/airflow/example_dags/tutorial_dag.py
[2025-10-12T14:07:35.504+0000] {logging_mixin.py:188} INFO - [2025-10-12T14:07:35.503+0000] {dag.py:3036} INFO - Sync 1 DAGs
[2025-10-12T14:07:35.540+0000] {logging_mixin.py:188} INFO - [2025-10-12T14:07:35.540+0000] {dag.py:3823} INFO - Setting next_dagrun for tutorial_dag to None, run_after=None
[2025-10-12T14:07:35.592+0000] {processor.py:183} INFO - Processing /home/airflow/.local/lib/python3.8/site-packages/airflow/example_dags/tutorial_dag.py took 0.176 seconds
[2025-10-12T14:08:07.554+0000] {processor.py:161} INFO - Started process (PID=32313) to work on /home/airflow/.local/lib/python3.8/site-packages/airflow/example_dags/tutorial_dag.py
[2025-10-12T14:08:07.556+0000] {processor.py:830} INFO - Processing file /home/airflow/.local/lib/python3.8/site-packages/airflow/example_dags/tutorial_dag.py for tasks to queue
[2025-10-12T14:08:07.560+0000] {logging_mixin.py:188} INFO - [2025-10-12T14:08:07.559+0000] {dagbag.py:538} INFO - Filling up the DagBag from /home/airflow/.local/lib/python3.8/site-packages/airflow/example_dags/tutorial_dag.py
[2025-10-12T14:08:07.576+0000] {processor.py:840} INFO - DAG(s) 'tutorial_dag' retrieved from /home/airflow/.local/lib/python3.8/site-packages/airflow/example_dags/tutorial_dag.py
[2025-10-12T14:08:07.621+0000] {logging_mixin.py:188} INFO - [2025-10-12T14:08:07.621+0000] {dag.py:3036} INFO - Sync 1 DAGs
[2025-10-12T14:08:07.648+0000] {logging_mixin.py:188} INFO - [2025-10-12T14:08:07.647+0000] {dag.py:3823} INFO - Setting next_dagrun for tutorial_dag to None, run_after=None
[2025-10-12T14:08:07.682+0000] {processor.py:183} INFO - Processing /home/airflow/.local/lib/python3.8/site-packages/airflow/example_dags/tutorial_dag.py took 0.135 seconds
[2025-10-12T14:08:38.517+0000] {processor.py:161} INFO - Started process (PID=32383) to work on /home/airflow/.local/lib/python3.8/site-packages/airflow/example_dags/tutorial_dag.py
[2025-10-12T14:08:38.519+0000] {processor.py:830} INFO - Processing file /home/airflow/.local/lib/python3.8/site-packages/airflow/example_dags/tutorial_dag.py for tasks to queue
[2025-10-12T14:08:38.522+0000] {logging_mixin.py:188} INFO - [2025-10-12T14:08:38.522+0000] {dagbag.py:538} INFO - Filling up the DagBag from /home/airflow/.local/lib/python3.8/site-packages/airflow/example_dags/tutorial_dag.py
[2025-10-12T14:08:38.531+0000] {processor.py:840} INFO - DAG(s) 'tutorial_dag' retrieved from /home/airflow/.local/lib/python3.8/site-packages/airflow/example_dags/tutorial_dag.py
[2025-10-12T14:08:38.573+0000] {logging_mixin.py:188} INFO - [2025-10-12T14:08:38.572+0000] {dag.py:3036} INFO - Sync 1 DAGs
[2025-10-12T14:08:38.595+0000] {logging_mixin.py:188} INFO - [2025-10-12T14:08:38.595+0000] {dag.py:3823} INFO - Setting next_dagrun for tutorial_dag to None, run_after=None
[2025-10-12T14:08:38.634+0000] {processor.py:183} INFO - Processing /home/airflow/.local/lib/python3.8/site-packages/airflow/example_dags/tutorial_dag.py took 0.123 seconds
[2025-10-12T14:09:08.969+0000] {processor.py:161} INFO - Started process (PID=32454) to work on /home/airflow/.local/lib/python3.8/site-packages/airflow/example_dags/tutorial_dag.py
[2025-10-12T14:09:08.971+0000] {processor.py:830} INFO - Processing file /home/airflow/.local/lib/python3.8/site-packages/airflow/example_dags/tutorial_dag.py for tasks to queue
[2025-10-12T14:09:08.973+0000] {logging_mixin.py:188} INFO - [2025-10-12T14:09:08.973+0000] {dagbag.py:538} INFO - Filling up the DagBag from /home/airflow/.local/lib/python3.8/site-packages/airflow/example_dags/tutorial_dag.py
[2025-10-12T14:09:08.981+0000] {processor.py:840} INFO - DAG(s) 'tutorial_dag' retrieved from /home/airflow/.local/lib/python3.8/site-packages/airflow/example_dags/tutorial_dag.py
[2025-10-12T14:09:09.016+0000] {logging_mixin.py:188} INFO - [2025-10-12T14:09:09.015+0000] {dag.py:3036} INFO - Sync 1 DAGs
[2025-10-12T14:09:09.033+0000] {logging_mixin.py:188} INFO - [2025-10-12T14:09:09.033+0000] {dag.py:3823} INFO - Setting next_dagrun for tutorial_dag to None, run_after=None
[2025-10-12T14:09:09.082+0000] {processor.py:183} INFO - Processing /home/airflow/.local/lib/python3.8/site-packages/airflow/example_dags/tutorial_dag.py took 0.117 seconds
[2025-10-12T14:09:39.976+0000] {processor.py:161} INFO - Started process (PID=32524) to work on /home/airflow/.local/lib/python3.8/site-packages/airflow/example_dags/tutorial_dag.py
[2025-10-12T14:09:39.978+0000] {processor.py:830} INFO - Processing file /home/airflow/.local/lib/python3.8/site-packages/airflow/example_dags/tutorial_dag.py for tasks to queue
[2025-10-12T14:09:39.982+0000] {logging_mixin.py:188} INFO - [2025-10-12T14:09:39.981+0000] {dagbag.py:538} INFO - Filling up the DagBag from /home/airflow/.local/lib/python3.8/site-packages/airflow/example_dags/tutorial_dag.py
[2025-10-12T14:09:39.991+0000] {processor.py:840} INFO - DAG(s) 'tutorial_dag' retrieved from /home/airflow/.local/lib/python3.8/site-packages/airflow/example_dags/tutorial_dag.py
[2025-10-12T14:09:40.040+0000] {logging_mixin.py:188} INFO - [2025-10-12T14:09:40.039+0000] {dag.py:3036} INFO - Sync 1 DAGs
[2025-10-12T14:09:40.064+0000] {logging_mixin.py:188} INFO - [2025-10-12T14:09:40.064+0000] {dag.py:3823} INFO - Setting next_dagrun for tutorial_dag to None, run_after=None
[2025-10-12T14:09:40.122+0000] {processor.py:183} INFO - Processing /home/airflow/.local/lib/python3.8/site-packages/airflow/example_dags/tutorial_dag.py took 0.153 seconds
[2025-10-12T14:10:11.373+0000] {processor.py:161} INFO - Started process (PID=32595) to work on /home/airflow/.local/lib/python3.8/site-packages/airflow/example_dags/tutorial_dag.py
[2025-10-12T14:10:11.375+0000] {processor.py:830} INFO - Processing file /home/airflow/.local/lib/python3.8/site-packages/airflow/example_dags/tutorial_dag.py for tasks to queue
[2025-10-12T14:10:11.380+0000] {logging_mixin.py:188} INFO - [2025-10-12T14:10:11.379+0000] {dagbag.py:538} INFO - Filling up the DagBag from /home/airflow/.local/lib/python3.8/site-packages/airflow/example_dags/tutorial_dag.py
[2025-10-12T14:10:11.394+0000] {processor.py:840} INFO - DAG(s) 'tutorial_dag' retrieved from /home/airflow/.local/lib/python3.8/site-packages/airflow/example_dags/tutorial_dag.py
[2025-10-12T14:10:11.458+0000] {logging_mixin.py:188} INFO - [2025-10-12T14:10:11.458+0000] {dag.py:3036} INFO - Sync 1 DAGs
[2025-10-12T14:10:11.490+0000] {logging_mixin.py:188} INFO - [2025-10-12T14:10:11.489+0000] {dag.py:3823} INFO - Setting next_dagrun for tutorial_dag to None, run_after=None
[2025-10-12T14:10:11.533+0000] {processor.py:183} INFO - Processing /home/airflow/.local/lib/python3.8/site-packages/airflow/example_dags/tutorial_dag.py took 0.168 seconds
[2025-10-12T14:10:42.077+0000] {processor.py:161} INFO - Started process (PID=32665) to work on /home/airflow/.local/lib/python3.8/site-packages/airflow/example_dags/tutorial_dag.py
[2025-10-12T14:10:42.079+0000] {processor.py:830} INFO - Processing file /home/airflow/.local/lib/python3.8/site-packages/airflow/example_dags/tutorial_dag.py for tasks to queue
[2025-10-12T14:10:42.082+0000] {logging_mixin.py:188} INFO - [2025-10-12T14:10:42.082+0000] {dagbag.py:538} INFO - Filling up the DagBag from /home/airflow/.local/lib/python3.8/site-packages/airflow/example_dags/tutorial_dag.py
[2025-10-12T14:10:42.090+0000] {processor.py:840} INFO - DAG(s) 'tutorial_dag' retrieved from /home/airflow/.local/lib/python3.8/site-packages/airflow/example_dags/tutorial_dag.py
[2025-10-12T14:10:42.127+0000] {logging_mixin.py:188} INFO - [2025-10-12T14:10:42.126+0000] {dag.py:3036} INFO - Sync 1 DAGs
[2025-10-12T14:10:42.147+0000] {logging_mixin.py:188} INFO - [2025-10-12T14:10:42.147+0000] {dag.py:3823} INFO - Setting next_dagrun for tutorial_dag to None, run_after=None
[2025-10-12T14:10:42.181+0000] {processor.py:183} INFO - Processing /home/airflow/.local/lib/python3.8/site-packages/airflow/example_dags/tutorial_dag.py took 0.108 seconds
[2025-10-12T14:11:12.778+0000] {processor.py:161} INFO - Started process (PID=32735) to work on /home/airflow/.local/lib/python3.8/site-packages/airflow/example_dags/tutorial_dag.py
[2025-10-12T14:11:12.779+0000] {processor.py:830} INFO - Processing file /home/airflow/.local/lib/python3.8/site-packages/airflow/example_dags/tutorial_dag.py for tasks to queue
[2025-10-12T14:11:12.783+0000] {logging_mixin.py:188} INFO - [2025-10-12T14:11:12.782+0000] {dagbag.py:538} INFO - Filling up the DagBag from /home/airflow/.local/lib/python3.8/site-packages/airflow/example_dags/tutorial_dag.py
[2025-10-12T14:11:12.795+0000] {processor.py:840} INFO - DAG(s) 'tutorial_dag' retrieved from /home/airflow/.local/lib/python3.8/site-packages/airflow/example_dags/tutorial_dag.py
[2025-10-12T14:11:12.855+0000] {logging_mixin.py:188} INFO - [2025-10-12T14:11:12.855+0000] {dag.py:3036} INFO - Sync 1 DAGs
[2025-10-12T14:11:12.881+0000] {logging_mixin.py:188} INFO - [2025-10-12T14:11:12.880+0000] {dag.py:3823} INFO - Setting next_dagrun for tutorial_dag to None, run_after=None
[2025-10-12T14:11:12.918+0000] {processor.py:183} INFO - Processing /home/airflow/.local/lib/python3.8/site-packages/airflow/example_dags/tutorial_dag.py took 0.147 seconds
[2025-10-12T14:11:44.068+0000] {processor.py:161} INFO - Started process (PID=32805) to work on /home/airflow/.local/lib/python3.8/site-packages/airflow/example_dags/tutorial_dag.py
[2025-10-12T14:11:44.070+0000] {processor.py:830} INFO - Processing file /home/airflow/.local/lib/python3.8/site-packages/airflow/example_dags/tutorial_dag.py for tasks to queue
[2025-10-12T14:11:44.073+0000] {logging_mixin.py:188} INFO - [2025-10-12T14:11:44.072+0000] {dagbag.py:538} INFO - Filling up the DagBag from /home/airflow/.local/lib/python3.8/site-packages/airflow/example_dags/tutorial_dag.py
[2025-10-12T14:11:44.083+0000] {processor.py:840} INFO - DAG(s) 'tutorial_dag' retrieved from /home/airflow/.local/lib/python3.8/site-packages/airflow/example_dags/tutorial_dag.py
[2025-10-12T14:11:44.126+0000] {logging_mixin.py:188} INFO - [2025-10-12T14:11:44.125+0000] {dag.py:3036} INFO - Sync 1 DAGs
[2025-10-12T14:11:44.153+0000] {logging_mixin.py:188} INFO - [2025-10-12T14:11:44.152+0000] {dag.py:3823} INFO - Setting next_dagrun for tutorial_dag to None, run_after=None
[2025-10-12T14:11:44.210+0000] {processor.py:183} INFO - Processing /home/airflow/.local/lib/python3.8/site-packages/airflow/example_dags/tutorial_dag.py took 0.147 seconds
[2025-10-12T14:12:15.158+0000] {processor.py:161} INFO - Started process (PID=32875) to work on /home/airflow/.local/lib/python3.8/site-packages/airflow/example_dags/tutorial_dag.py
[2025-10-12T14:12:15.160+0000] {processor.py:830} INFO - Processing file /home/airflow/.local/lib/python3.8/site-packages/airflow/example_dags/tutorial_dag.py for tasks to queue
[2025-10-12T14:12:15.163+0000] {logging_mixin.py:188} INFO - [2025-10-12T14:12:15.163+0000] {dagbag.py:538} INFO - Filling up the DagBag from /home/airflow/.local/lib/python3.8/site-packages/airflow/example_dags/tutorial_dag.py
[2025-10-12T14:12:15.172+0000] {processor.py:840} INFO - DAG(s) 'tutorial_dag' retrieved from /home/airflow/.local/lib/python3.8/site-packages/airflow/example_dags/tutorial_dag.py
[2025-10-12T14:12:15.211+0000] {logging_mixin.py:188} INFO - [2025-10-12T14:12:15.211+0000] {dag.py:3036} INFO - Sync 1 DAGs
[2025-10-12T14:12:15.231+0000] {logging_mixin.py:188} INFO - [2025-10-12T14:12:15.230+0000] {dag.py:3823} INFO - Setting next_dagrun for tutorial_dag to None, run_after=None
[2025-10-12T14:12:15.260+0000] {processor.py:183} INFO - Processing /home/airflow/.local/lib/python3.8/site-packages/airflow/example_dags/tutorial_dag.py took 0.108 seconds
[2025-10-12T14:12:46.571+0000] {processor.py:161} INFO - Started process (PID=32945) to work on /home/airflow/.local/lib/python3.8/site-packages/airflow/example_dags/tutorial_dag.py
[2025-10-12T14:12:46.573+0000] {processor.py:830} INFO - Processing file /home/airflow/.local/lib/python3.8/site-packages/airflow/example_dags/tutorial_dag.py for tasks to queue
[2025-10-12T14:12:46.576+0000] {logging_mixin.py:188} INFO - [2025-10-12T14:12:46.575+0000] {dagbag.py:538} INFO - Filling up the DagBag from /home/airflow/.local/lib/python3.8/site-packages/airflow/example_dags/tutorial_dag.py
[2025-10-12T14:12:46.584+0000] {processor.py:840} INFO - DAG(s) 'tutorial_dag' retrieved from /home/airflow/.local/lib/python3.8/site-packages/airflow/example_dags/tutorial_dag.py
[2025-10-12T14:12:46.623+0000] {logging_mixin.py:188} INFO - [2025-10-12T14:12:46.623+0000] {dag.py:3036} INFO - Sync 1 DAGs
[2025-10-12T14:12:46.648+0000] {logging_mixin.py:188} INFO - [2025-10-12T14:12:46.648+0000] {dag.py:3823} INFO - Setting next_dagrun for tutorial_dag to None, run_after=None
[2025-10-12T14:12:46.685+0000] {processor.py:183} INFO - Processing /home/airflow/.local/lib/python3.8/site-packages/airflow/example_dags/tutorial_dag.py took 0.119 seconds
[2025-10-12T14:13:17.088+0000] {processor.py:161} INFO - Started process (PID=33015) to work on /home/airflow/.local/lib/python3.8/site-packages/airflow/example_dags/tutorial_dag.py
[2025-10-12T14:13:17.090+0000] {processor.py:830} INFO - Processing file /home/airflow/.local/lib/python3.8/site-packages/airflow/example_dags/tutorial_dag.py for tasks to queue
[2025-10-12T14:13:17.092+0000] {logging_mixin.py:188} INFO - [2025-10-12T14:13:17.092+0000] {dagbag.py:538} INFO - Filling up the DagBag from /home/airflow/.local/lib/python3.8/site-packages/airflow/example_dags/tutorial_dag.py
[2025-10-12T14:13:17.100+0000] {processor.py:840} INFO - DAG(s) 'tutorial_dag' retrieved from /home/airflow/.local/lib/python3.8/site-packages/airflow/example_dags/tutorial_dag.py
[2025-10-12T14:13:17.135+0000] {logging_mixin.py:188} INFO - [2025-10-12T14:13:17.135+0000] {dag.py:3036} INFO - Sync 1 DAGs
[2025-10-12T14:13:17.156+0000] {logging_mixin.py:188} INFO - [2025-10-12T14:13:17.156+0000] {dag.py:3823} INFO - Setting next_dagrun for tutorial_dag to None, run_after=None
[2025-10-12T14:13:17.221+0000] {processor.py:183} INFO - Processing /home/airflow/.local/lib/python3.8/site-packages/airflow/example_dags/tutorial_dag.py took 0.138 seconds
[2025-10-12T14:13:50.631+0000] {processor.py:161} INFO - Started process (PID=33085) to work on /home/airflow/.local/lib/python3.8/site-packages/airflow/example_dags/tutorial_dag.py
[2025-10-12T14:13:50.633+0000] {processor.py:830} INFO - Processing file /home/airflow/.local/lib/python3.8/site-packages/airflow/example_dags/tutorial_dag.py for tasks to queue
[2025-10-12T14:13:50.635+0000] {logging_mixin.py:188} INFO - [2025-10-12T14:13:50.635+0000] {dagbag.py:538} INFO - Filling up the DagBag from /home/airflow/.local/lib/python3.8/site-packages/airflow/example_dags/tutorial_dag.py
[2025-10-12T14:13:50.645+0000] {processor.py:840} INFO - DAG(s) 'tutorial_dag' retrieved from /home/airflow/.local/lib/python3.8/site-packages/airflow/example_dags/tutorial_dag.py
[2025-10-12T14:13:50.691+0000] {logging_mixin.py:188} INFO - [2025-10-12T14:13:50.691+0000] {dag.py:3036} INFO - Sync 1 DAGs
[2025-10-12T14:13:50.717+0000] {logging_mixin.py:188} INFO - [2025-10-12T14:13:50.717+0000] {dag.py:3823} INFO - Setting next_dagrun for tutorial_dag to None, run_after=None
[2025-10-12T14:13:50.753+0000] {processor.py:183} INFO - Processing /home/airflow/.local/lib/python3.8/site-packages/airflow/example_dags/tutorial_dag.py took 0.128 seconds
[2025-10-12T14:14:22.247+0000] {processor.py:161} INFO - Started process (PID=33155) to work on /home/airflow/.local/lib/python3.8/site-packages/airflow/example_dags/tutorial_dag.py
[2025-10-12T14:14:22.248+0000] {processor.py:830} INFO - Processing file /home/airflow/.local/lib/python3.8/site-packages/airflow/example_dags/tutorial_dag.py for tasks to queue
[2025-10-12T14:14:22.251+0000] {logging_mixin.py:188} INFO - [2025-10-12T14:14:22.251+0000] {dagbag.py:538} INFO - Filling up the DagBag from /home/airflow/.local/lib/python3.8/site-packages/airflow/example_dags/tutorial_dag.py
[2025-10-12T14:14:22.259+0000] {processor.py:840} INFO - DAG(s) 'tutorial_dag' retrieved from /home/airflow/.local/lib/python3.8/site-packages/airflow/example_dags/tutorial_dag.py
[2025-10-12T14:14:22.299+0000] {logging_mixin.py:188} INFO - [2025-10-12T14:14:22.298+0000] {dag.py:3036} INFO - Sync 1 DAGs
[2025-10-12T14:14:22.320+0000] {logging_mixin.py:188} INFO - [2025-10-12T14:14:22.319+0000] {dag.py:3823} INFO - Setting next_dagrun for tutorial_dag to None, run_after=None
[2025-10-12T14:14:22.354+0000] {processor.py:183} INFO - Processing /home/airflow/.local/lib/python3.8/site-packages/airflow/example_dags/tutorial_dag.py took 0.112 seconds
[2025-10-12T14:14:53.422+0000] {processor.py:161} INFO - Started process (PID=33231) to work on /home/airflow/.local/lib/python3.8/site-packages/airflow/example_dags/tutorial_dag.py
[2025-10-12T14:14:53.424+0000] {processor.py:830} INFO - Processing file /home/airflow/.local/lib/python3.8/site-packages/airflow/example_dags/tutorial_dag.py for tasks to queue
[2025-10-12T14:14:53.427+0000] {logging_mixin.py:188} INFO - [2025-10-12T14:14:53.427+0000] {dagbag.py:538} INFO - Filling up the DagBag from /home/airflow/.local/lib/python3.8/site-packages/airflow/example_dags/tutorial_dag.py
[2025-10-12T14:14:53.436+0000] {processor.py:840} INFO - DAG(s) 'tutorial_dag' retrieved from /home/airflow/.local/lib/python3.8/site-packages/airflow/example_dags/tutorial_dag.py
[2025-10-12T14:14:53.475+0000] {logging_mixin.py:188} INFO - [2025-10-12T14:14:53.474+0000] {dag.py:3036} INFO - Sync 1 DAGs
[2025-10-12T14:14:53.500+0000] {logging_mixin.py:188} INFO - [2025-10-12T14:14:53.500+0000] {dag.py:3823} INFO - Setting next_dagrun for tutorial_dag to None, run_after=None
[2025-10-12T14:14:53.550+0000] {processor.py:183} INFO - Processing /home/airflow/.local/lib/python3.8/site-packages/airflow/example_dags/tutorial_dag.py took 0.133 seconds
[2025-10-12T14:15:24.837+0000] {processor.py:161} INFO - Started process (PID=33301) to work on /home/airflow/.local/lib/python3.8/site-packages/airflow/example_dags/tutorial_dag.py
[2025-10-12T14:15:24.838+0000] {processor.py:830} INFO - Processing file /home/airflow/.local/lib/python3.8/site-packages/airflow/example_dags/tutorial_dag.py for tasks to queue
[2025-10-12T14:15:24.842+0000] {logging_mixin.py:188} INFO - [2025-10-12T14:15:24.841+0000] {dagbag.py:538} INFO - Filling up the DagBag from /home/airflow/.local/lib/python3.8/site-packages/airflow/example_dags/tutorial_dag.py
[2025-10-12T14:15:24.850+0000] {processor.py:840} INFO - DAG(s) 'tutorial_dag' retrieved from /home/airflow/.local/lib/python3.8/site-packages/airflow/example_dags/tutorial_dag.py
[2025-10-12T14:15:24.894+0000] {logging_mixin.py:188} INFO - [2025-10-12T14:15:24.894+0000] {dag.py:3036} INFO - Sync 1 DAGs
[2025-10-12T14:15:24.916+0000] {logging_mixin.py:188} INFO - [2025-10-12T14:15:24.916+0000] {dag.py:3823} INFO - Setting next_dagrun for tutorial_dag to None, run_after=None
[2025-10-12T14:15:24.948+0000] {processor.py:183} INFO - Processing /home/airflow/.local/lib/python3.8/site-packages/airflow/example_dags/tutorial_dag.py took 0.116 seconds
[2025-10-12T14:15:55.772+0000] {processor.py:161} INFO - Started process (PID=33372) to work on /home/airflow/.local/lib/python3.8/site-packages/airflow/example_dags/tutorial_dag.py
[2025-10-12T14:15:55.773+0000] {processor.py:830} INFO - Processing file /home/airflow/.local/lib/python3.8/site-packages/airflow/example_dags/tutorial_dag.py for tasks to queue
[2025-10-12T14:15:55.776+0000] {logging_mixin.py:188} INFO - [2025-10-12T14:15:55.776+0000] {dagbag.py:538} INFO - Filling up the DagBag from /home/airflow/.local/lib/python3.8/site-packages/airflow/example_dags/tutorial_dag.py
[2025-10-12T14:15:55.784+0000] {processor.py:840} INFO - DAG(s) 'tutorial_dag' retrieved from /home/airflow/.local/lib/python3.8/site-packages/airflow/example_dags/tutorial_dag.py
[2025-10-12T14:15:55.823+0000] {logging_mixin.py:188} INFO - [2025-10-12T14:15:55.823+0000] {dag.py:3036} INFO - Sync 1 DAGs
[2025-10-12T14:15:55.849+0000] {logging_mixin.py:188} INFO - [2025-10-12T14:15:55.849+0000] {dag.py:3823} INFO - Setting next_dagrun for tutorial_dag to None, run_after=None
[2025-10-12T14:15:55.887+0000] {processor.py:183} INFO - Processing /home/airflow/.local/lib/python3.8/site-packages/airflow/example_dags/tutorial_dag.py took 0.121 seconds
[2025-10-12T14:16:27.346+0000] {processor.py:161} INFO - Started process (PID=33442) to work on /home/airflow/.local/lib/python3.8/site-packages/airflow/example_dags/tutorial_dag.py
[2025-10-12T14:16:27.348+0000] {processor.py:830} INFO - Processing file /home/airflow/.local/lib/python3.8/site-packages/airflow/example_dags/tutorial_dag.py for tasks to queue
[2025-10-12T14:16:27.351+0000] {logging_mixin.py:188} INFO - [2025-10-12T14:16:27.351+0000] {dagbag.py:538} INFO - Filling up the DagBag from /home/airflow/.local/lib/python3.8/site-packages/airflow/example_dags/tutorial_dag.py
[2025-10-12T14:16:27.360+0000] {processor.py:840} INFO - DAG(s) 'tutorial_dag' retrieved from /home/airflow/.local/lib/python3.8/site-packages/airflow/example_dags/tutorial_dag.py
[2025-10-12T14:16:27.404+0000] {logging_mixin.py:188} INFO - [2025-10-12T14:16:27.403+0000] {dag.py:3036} INFO - Sync 1 DAGs
[2025-10-12T14:16:27.430+0000] {logging_mixin.py:188} INFO - [2025-10-12T14:16:27.429+0000] {dag.py:3823} INFO - Setting next_dagrun for tutorial_dag to None, run_after=None
[2025-10-12T14:16:27.493+0000] {processor.py:183} INFO - Processing /home/airflow/.local/lib/python3.8/site-packages/airflow/example_dags/tutorial_dag.py took 0.153 seconds
[2025-10-12T14:16:58.955+0000] {processor.py:161} INFO - Started process (PID=33513) to work on /home/airflow/.local/lib/python3.8/site-packages/airflow/example_dags/tutorial_dag.py
[2025-10-12T14:16:58.957+0000] {processor.py:830} INFO - Processing file /home/airflow/.local/lib/python3.8/site-packages/airflow/example_dags/tutorial_dag.py for tasks to queue
[2025-10-12T14:16:58.960+0000] {logging_mixin.py:188} INFO - [2025-10-12T14:16:58.960+0000] {dagbag.py:538} INFO - Filling up the DagBag from /home/airflow/.local/lib/python3.8/site-packages/airflow/example_dags/tutorial_dag.py
[2025-10-12T14:16:58.969+0000] {processor.py:840} INFO - DAG(s) 'tutorial_dag' retrieved from /home/airflow/.local/lib/python3.8/site-packages/airflow/example_dags/tutorial_dag.py
[2025-10-12T14:16:59.009+0000] {logging_mixin.py:188} INFO - [2025-10-12T14:16:59.009+0000] {dag.py:3036} INFO - Sync 1 DAGs
[2025-10-12T14:16:59.034+0000] {logging_mixin.py:188} INFO - [2025-10-12T14:16:59.033+0000] {dag.py:3823} INFO - Setting next_dagrun for tutorial_dag to None, run_after=None
[2025-10-12T14:16:59.067+0000] {processor.py:183} INFO - Processing /home/airflow/.local/lib/python3.8/site-packages/airflow/example_dags/tutorial_dag.py took 0.117 seconds
[2025-10-12T14:17:30.077+0000] {processor.py:161} INFO - Started process (PID=33584) to work on /home/airflow/.local/lib/python3.8/site-packages/airflow/example_dags/tutorial_dag.py
[2025-10-12T14:17:30.079+0000] {processor.py:830} INFO - Processing file /home/airflow/.local/lib/python3.8/site-packages/airflow/example_dags/tutorial_dag.py for tasks to queue
[2025-10-12T14:17:30.083+0000] {logging_mixin.py:188} INFO - [2025-10-12T14:17:30.082+0000] {dagbag.py:538} INFO - Filling up the DagBag from /home/airflow/.local/lib/python3.8/site-packages/airflow/example_dags/tutorial_dag.py
[2025-10-12T14:17:30.092+0000] {processor.py:840} INFO - DAG(s) 'tutorial_dag' retrieved from /home/airflow/.local/lib/python3.8/site-packages/airflow/example_dags/tutorial_dag.py
[2025-10-12T14:17:30.129+0000] {logging_mixin.py:188} INFO - [2025-10-12T14:17:30.129+0000] {dag.py:3036} INFO - Sync 1 DAGs
[2025-10-12T14:17:30.148+0000] {logging_mixin.py:188} INFO - [2025-10-12T14:17:30.148+0000] {dag.py:3823} INFO - Setting next_dagrun for tutorial_dag to None, run_after=None
[2025-10-12T14:17:30.205+0000] {processor.py:183} INFO - Processing /home/airflow/.local/lib/python3.8/site-packages/airflow/example_dags/tutorial_dag.py took 0.134 seconds
[2025-10-12T14:18:02.793+0000] {processor.py:161} INFO - Started process (PID=33654) to work on /home/airflow/.local/lib/python3.8/site-packages/airflow/example_dags/tutorial_dag.py
[2025-10-12T14:18:02.795+0000] {processor.py:830} INFO - Processing file /home/airflow/.local/lib/python3.8/site-packages/airflow/example_dags/tutorial_dag.py for tasks to queue
[2025-10-12T14:18:02.798+0000] {logging_mixin.py:188} INFO - [2025-10-12T14:18:02.797+0000] {dagbag.py:538} INFO - Filling up the DagBag from /home/airflow/.local/lib/python3.8/site-packages/airflow/example_dags/tutorial_dag.py
[2025-10-12T14:18:02.809+0000] {processor.py:840} INFO - DAG(s) 'tutorial_dag' retrieved from /home/airflow/.local/lib/python3.8/site-packages/airflow/example_dags/tutorial_dag.py
[2025-10-12T14:18:02.853+0000] {logging_mixin.py:188} INFO - [2025-10-12T14:18:02.853+0000] {dag.py:3036} INFO - Sync 1 DAGs
[2025-10-12T14:18:02.873+0000] {logging_mixin.py:188} INFO - [2025-10-12T14:18:02.873+0000] {dag.py:3823} INFO - Setting next_dagrun for tutorial_dag to None, run_after=None
[2025-10-12T14:18:02.903+0000] {processor.py:183} INFO - Processing /home/airflow/.local/lib/python3.8/site-packages/airflow/example_dags/tutorial_dag.py took 0.116 seconds
[2025-10-12T14:18:33.575+0000] {processor.py:161} INFO - Started process (PID=33724) to work on /home/airflow/.local/lib/python3.8/site-packages/airflow/example_dags/tutorial_dag.py
[2025-10-12T14:18:33.577+0000] {processor.py:830} INFO - Processing file /home/airflow/.local/lib/python3.8/site-packages/airflow/example_dags/tutorial_dag.py for tasks to queue
[2025-10-12T14:18:33.580+0000] {logging_mixin.py:188} INFO - [2025-10-12T14:18:33.579+0000] {dagbag.py:538} INFO - Filling up the DagBag from /home/airflow/.local/lib/python3.8/site-packages/airflow/example_dags/tutorial_dag.py
[2025-10-12T14:18:33.588+0000] {processor.py:840} INFO - DAG(s) 'tutorial_dag' retrieved from /home/airflow/.local/lib/python3.8/site-packages/airflow/example_dags/tutorial_dag.py
[2025-10-12T14:18:33.629+0000] {logging_mixin.py:188} INFO - [2025-10-12T14:18:33.628+0000] {dag.py:3036} INFO - Sync 1 DAGs
[2025-10-12T14:18:33.651+0000] {logging_mixin.py:188} INFO - [2025-10-12T14:18:33.651+0000] {dag.py:3823} INFO - Setting next_dagrun for tutorial_dag to None, run_after=None
[2025-10-12T14:18:33.689+0000] {processor.py:183} INFO - Processing /home/airflow/.local/lib/python3.8/site-packages/airflow/example_dags/tutorial_dag.py took 0.119 seconds
[2025-10-12T14:19:05.062+0000] {processor.py:161} INFO - Started process (PID=33794) to work on /home/airflow/.local/lib/python3.8/site-packages/airflow/example_dags/tutorial_dag.py
[2025-10-12T14:19:05.064+0000] {processor.py:830} INFO - Processing file /home/airflow/.local/lib/python3.8/site-packages/airflow/example_dags/tutorial_dag.py for tasks to queue
[2025-10-12T14:19:05.067+0000] {logging_mixin.py:188} INFO - [2025-10-12T14:19:05.067+0000] {dagbag.py:538} INFO - Filling up the DagBag from /home/airflow/.local/lib/python3.8/site-packages/airflow/example_dags/tutorial_dag.py
[2025-10-12T14:19:05.077+0000] {processor.py:840} INFO - DAG(s) 'tutorial_dag' retrieved from /home/airflow/.local/lib/python3.8/site-packages/airflow/example_dags/tutorial_dag.py
[2025-10-12T14:19:05.119+0000] {logging_mixin.py:188} INFO - [2025-10-12T14:19:05.118+0000] {dag.py:3036} INFO - Sync 1 DAGs
[2025-10-12T14:19:05.138+0000] {logging_mixin.py:188} INFO - [2025-10-12T14:19:05.137+0000] {dag.py:3823} INFO - Setting next_dagrun for tutorial_dag to None, run_after=None
[2025-10-12T14:19:05.183+0000] {processor.py:183} INFO - Processing /home/airflow/.local/lib/python3.8/site-packages/airflow/example_dags/tutorial_dag.py took 0.126 seconds
[2025-10-12T14:19:37.085+0000] {processor.py:161} INFO - Started process (PID=33864) to work on /home/airflow/.local/lib/python3.8/site-packages/airflow/example_dags/tutorial_dag.py
[2025-10-12T14:19:37.088+0000] {processor.py:830} INFO - Processing file /home/airflow/.local/lib/python3.8/site-packages/airflow/example_dags/tutorial_dag.py for tasks to queue
[2025-10-12T14:19:37.093+0000] {logging_mixin.py:188} INFO - [2025-10-12T14:19:37.092+0000] {dagbag.py:538} INFO - Filling up the DagBag from /home/airflow/.local/lib/python3.8/site-packages/airflow/example_dags/tutorial_dag.py
[2025-10-12T14:19:37.109+0000] {processor.py:840} INFO - DAG(s) 'tutorial_dag' retrieved from /home/airflow/.local/lib/python3.8/site-packages/airflow/example_dags/tutorial_dag.py
[2025-10-12T14:19:37.180+0000] {logging_mixin.py:188} INFO - [2025-10-12T14:19:37.180+0000] {dag.py:3036} INFO - Sync 1 DAGs
[2025-10-12T14:19:37.217+0000] {logging_mixin.py:188} INFO - [2025-10-12T14:19:37.217+0000] {dag.py:3823} INFO - Setting next_dagrun for tutorial_dag to None, run_after=None
[2025-10-12T14:19:37.290+0000] {processor.py:183} INFO - Processing /home/airflow/.local/lib/python3.8/site-packages/airflow/example_dags/tutorial_dag.py took 0.224 seconds
[2025-10-12T14:20:07.649+0000] {processor.py:161} INFO - Started process (PID=33934) to work on /home/airflow/.local/lib/python3.8/site-packages/airflow/example_dags/tutorial_dag.py
[2025-10-12T14:20:07.651+0000] {processor.py:830} INFO - Processing file /home/airflow/.local/lib/python3.8/site-packages/airflow/example_dags/tutorial_dag.py for tasks to queue
[2025-10-12T14:20:07.654+0000] {logging_mixin.py:188} INFO - [2025-10-12T14:20:07.653+0000] {dagbag.py:538} INFO - Filling up the DagBag from /home/airflow/.local/lib/python3.8/site-packages/airflow/example_dags/tutorial_dag.py
[2025-10-12T14:20:07.661+0000] {processor.py:840} INFO - DAG(s) 'tutorial_dag' retrieved from /home/airflow/.local/lib/python3.8/site-packages/airflow/example_dags/tutorial_dag.py
[2025-10-12T14:20:07.693+0000] {logging_mixin.py:188} INFO - [2025-10-12T14:20:07.693+0000] {dag.py:3036} INFO - Sync 1 DAGs
[2025-10-12T14:20:07.711+0000] {logging_mixin.py:188} INFO - [2025-10-12T14:20:07.710+0000] {dag.py:3823} INFO - Setting next_dagrun for tutorial_dag to None, run_after=None
[2025-10-12T14:20:07.738+0000] {processor.py:183} INFO - Processing /home/airflow/.local/lib/python3.8/site-packages/airflow/example_dags/tutorial_dag.py took 0.093 seconds
[2025-10-12T14:20:38.358+0000] {processor.py:161} INFO - Started process (PID=34004) to work on /home/airflow/.local/lib/python3.8/site-packages/airflow/example_dags/tutorial_dag.py
[2025-10-12T14:20:38.359+0000] {processor.py:830} INFO - Processing file /home/airflow/.local/lib/python3.8/site-packages/airflow/example_dags/tutorial_dag.py for tasks to queue
[2025-10-12T14:20:38.362+0000] {logging_mixin.py:188} INFO - [2025-10-12T14:20:38.362+0000] {dagbag.py:538} INFO - Filling up the DagBag from /home/airflow/.local/lib/python3.8/site-packages/airflow/example_dags/tutorial_dag.py
[2025-10-12T14:20:38.369+0000] {processor.py:840} INFO - DAG(s) 'tutorial_dag' retrieved from /home/airflow/.local/lib/python3.8/site-packages/airflow/example_dags/tutorial_dag.py
[2025-10-12T14:20:38.405+0000] {logging_mixin.py:188} INFO - [2025-10-12T14:20:38.405+0000] {dag.py:3036} INFO - Sync 1 DAGs
[2025-10-12T14:20:38.422+0000] {logging_mixin.py:188} INFO - [2025-10-12T14:20:38.422+0000] {dag.py:3823} INFO - Setting next_dagrun for tutorial_dag to None, run_after=None
[2025-10-12T14:20:38.447+0000] {processor.py:183} INFO - Processing /home/airflow/.local/lib/python3.8/site-packages/airflow/example_dags/tutorial_dag.py took 0.094 seconds
[2025-10-12T14:21:12.758+0000] {processor.py:161} INFO - Started process (PID=34074) to work on /home/airflow/.local/lib/python3.8/site-packages/airflow/example_dags/tutorial_dag.py
[2025-10-12T14:21:12.760+0000] {processor.py:830} INFO - Processing file /home/airflow/.local/lib/python3.8/site-packages/airflow/example_dags/tutorial_dag.py for tasks to queue
[2025-10-12T14:21:12.763+0000] {logging_mixin.py:188} INFO - [2025-10-12T14:21:12.762+0000] {dagbag.py:538} INFO - Filling up the DagBag from /home/airflow/.local/lib/python3.8/site-packages/airflow/example_dags/tutorial_dag.py
[2025-10-12T14:21:12.769+0000] {processor.py:840} INFO - DAG(s) 'tutorial_dag' retrieved from /home/airflow/.local/lib/python3.8/site-packages/airflow/example_dags/tutorial_dag.py
[2025-10-12T14:21:12.803+0000] {logging_mixin.py:188} INFO - [2025-10-12T14:21:12.802+0000] {dag.py:3036} INFO - Sync 1 DAGs
[2025-10-12T14:21:12.820+0000] {logging_mixin.py:188} INFO - [2025-10-12T14:21:12.820+0000] {dag.py:3823} INFO - Setting next_dagrun for tutorial_dag to None, run_after=None
[2025-10-12T14:21:12.849+0000] {processor.py:183} INFO - Processing /home/airflow/.local/lib/python3.8/site-packages/airflow/example_dags/tutorial_dag.py took 0.095 seconds
[2025-10-12T14:21:43.582+0000] {processor.py:161} INFO - Started process (PID=34144) to work on /home/airflow/.local/lib/python3.8/site-packages/airflow/example_dags/tutorial_dag.py
[2025-10-12T14:21:43.583+0000] {processor.py:830} INFO - Processing file /home/airflow/.local/lib/python3.8/site-packages/airflow/example_dags/tutorial_dag.py for tasks to queue
[2025-10-12T14:21:43.586+0000] {logging_mixin.py:188} INFO - [2025-10-12T14:21:43.585+0000] {dagbag.py:538} INFO - Filling up the DagBag from /home/airflow/.local/lib/python3.8/site-packages/airflow/example_dags/tutorial_dag.py
[2025-10-12T14:21:43.595+0000] {processor.py:840} INFO - DAG(s) 'tutorial_dag' retrieved from /home/airflow/.local/lib/python3.8/site-packages/airflow/example_dags/tutorial_dag.py
[2025-10-12T14:21:43.633+0000] {logging_mixin.py:188} INFO - [2025-10-12T14:21:43.632+0000] {dag.py:3036} INFO - Sync 1 DAGs
[2025-10-12T14:21:43.656+0000] {logging_mixin.py:188} INFO - [2025-10-12T14:21:43.656+0000] {dag.py:3823} INFO - Setting next_dagrun for tutorial_dag to None, run_after=None
[2025-10-12T14:21:43.683+0000] {processor.py:183} INFO - Processing /home/airflow/.local/lib/python3.8/site-packages/airflow/example_dags/tutorial_dag.py took 0.107 seconds
[2025-10-12T14:22:14.403+0000] {processor.py:161} INFO - Started process (PID=34214) to work on /home/airflow/.local/lib/python3.8/site-packages/airflow/example_dags/tutorial_dag.py
[2025-10-12T14:22:14.405+0000] {processor.py:830} INFO - Processing file /home/airflow/.local/lib/python3.8/site-packages/airflow/example_dags/tutorial_dag.py for tasks to queue
[2025-10-12T14:22:14.409+0000] {logging_mixin.py:188} INFO - [2025-10-12T14:22:14.408+0000] {dagbag.py:538} INFO - Filling up the DagBag from /home/airflow/.local/lib/python3.8/site-packages/airflow/example_dags/tutorial_dag.py
[2025-10-12T14:22:14.419+0000] {processor.py:840} INFO - DAG(s) 'tutorial_dag' retrieved from /home/airflow/.local/lib/python3.8/site-packages/airflow/example_dags/tutorial_dag.py
[2025-10-12T14:22:14.460+0000] {logging_mixin.py:188} INFO - [2025-10-12T14:22:14.460+0000] {dag.py:3036} INFO - Sync 1 DAGs
[2025-10-12T14:22:14.488+0000] {logging_mixin.py:188} INFO - [2025-10-12T14:22:14.487+0000] {dag.py:3823} INFO - Setting next_dagrun for tutorial_dag to None, run_after=None
[2025-10-12T14:22:14.537+0000] {processor.py:183} INFO - Processing /home/airflow/.local/lib/python3.8/site-packages/airflow/example_dags/tutorial_dag.py took 0.140 seconds
[2025-10-12T14:22:46.259+0000] {processor.py:161} INFO - Started process (PID=34284) to work on /home/airflow/.local/lib/python3.8/site-packages/airflow/example_dags/tutorial_dag.py
[2025-10-12T14:22:46.261+0000] {processor.py:830} INFO - Processing file /home/airflow/.local/lib/python3.8/site-packages/airflow/example_dags/tutorial_dag.py for tasks to queue
[2025-10-12T14:22:46.264+0000] {logging_mixin.py:188} INFO - [2025-10-12T14:22:46.263+0000] {dagbag.py:538} INFO - Filling up the DagBag from /home/airflow/.local/lib/python3.8/site-packages/airflow/example_dags/tutorial_dag.py
[2025-10-12T14:22:46.274+0000] {processor.py:840} INFO - DAG(s) 'tutorial_dag' retrieved from /home/airflow/.local/lib/python3.8/site-packages/airflow/example_dags/tutorial_dag.py
[2025-10-12T14:22:46.319+0000] {logging_mixin.py:188} INFO - [2025-10-12T14:22:46.319+0000] {dag.py:3036} INFO - Sync 1 DAGs
[2025-10-12T14:22:46.342+0000] {logging_mixin.py:188} INFO - [2025-10-12T14:22:46.341+0000] {dag.py:3823} INFO - Setting next_dagrun for tutorial_dag to None, run_after=None
[2025-10-12T14:22:46.381+0000] {processor.py:183} INFO - Processing /home/airflow/.local/lib/python3.8/site-packages/airflow/example_dags/tutorial_dag.py took 0.129 seconds
[2025-10-12T14:23:16.996+0000] {processor.py:161} INFO - Started process (PID=34355) to work on /home/airflow/.local/lib/python3.8/site-packages/airflow/example_dags/tutorial_dag.py
[2025-10-12T14:23:16.999+0000] {processor.py:830} INFO - Processing file /home/airflow/.local/lib/python3.8/site-packages/airflow/example_dags/tutorial_dag.py for tasks to queue
[2025-10-12T14:23:17.002+0000] {logging_mixin.py:188} INFO - [2025-10-12T14:23:17.001+0000] {dagbag.py:538} INFO - Filling up the DagBag from /home/airflow/.local/lib/python3.8/site-packages/airflow/example_dags/tutorial_dag.py
[2025-10-12T14:23:17.010+0000] {processor.py:840} INFO - DAG(s) 'tutorial_dag' retrieved from /home/airflow/.local/lib/python3.8/site-packages/airflow/example_dags/tutorial_dag.py
[2025-10-12T14:23:17.059+0000] {logging_mixin.py:188} INFO - [2025-10-12T14:23:17.058+0000] {dag.py:3036} INFO - Sync 1 DAGs
[2025-10-12T14:23:17.095+0000] {logging_mixin.py:188} INFO - [2025-10-12T14:23:17.094+0000] {dag.py:3823} INFO - Setting next_dagrun for tutorial_dag to None, run_after=None
[2025-10-12T14:23:17.141+0000] {processor.py:183} INFO - Processing /home/airflow/.local/lib/python3.8/site-packages/airflow/example_dags/tutorial_dag.py took 0.151 seconds
[2025-10-12T14:23:48.549+0000] {processor.py:161} INFO - Started process (PID=34426) to work on /home/airflow/.local/lib/python3.8/site-packages/airflow/example_dags/tutorial_dag.py
[2025-10-12T14:23:48.550+0000] {processor.py:830} INFO - Processing file /home/airflow/.local/lib/python3.8/site-packages/airflow/example_dags/tutorial_dag.py for tasks to queue
[2025-10-12T14:23:48.555+0000] {logging_mixin.py:188} INFO - [2025-10-12T14:23:48.554+0000] {dagbag.py:538} INFO - Filling up the DagBag from /home/airflow/.local/lib/python3.8/site-packages/airflow/example_dags/tutorial_dag.py
[2025-10-12T14:23:48.567+0000] {processor.py:840} INFO - DAG(s) 'tutorial_dag' retrieved from /home/airflow/.local/lib/python3.8/site-packages/airflow/example_dags/tutorial_dag.py
[2025-10-12T14:23:48.606+0000] {logging_mixin.py:188} INFO - [2025-10-12T14:23:48.605+0000] {dag.py:3036} INFO - Sync 1 DAGs
[2025-10-12T14:23:48.629+0000] {logging_mixin.py:188} INFO - [2025-10-12T14:23:48.629+0000] {dag.py:3823} INFO - Setting next_dagrun for tutorial_dag to None, run_after=None
[2025-10-12T14:23:48.662+0000] {processor.py:183} INFO - Processing /home/airflow/.local/lib/python3.8/site-packages/airflow/example_dags/tutorial_dag.py took 0.120 seconds
[2025-10-12T14:24:20.497+0000] {processor.py:161} INFO - Started process (PID=34496) to work on /home/airflow/.local/lib/python3.8/site-packages/airflow/example_dags/tutorial_dag.py
[2025-10-12T14:24:20.499+0000] {processor.py:830} INFO - Processing file /home/airflow/.local/lib/python3.8/site-packages/airflow/example_dags/tutorial_dag.py for tasks to queue
[2025-10-12T14:24:20.502+0000] {logging_mixin.py:188} INFO - [2025-10-12T14:24:20.502+0000] {dagbag.py:538} INFO - Filling up the DagBag from /home/airflow/.local/lib/python3.8/site-packages/airflow/example_dags/tutorial_dag.py
[2025-10-12T14:24:20.510+0000] {processor.py:840} INFO - DAG(s) 'tutorial_dag' retrieved from /home/airflow/.local/lib/python3.8/site-packages/airflow/example_dags/tutorial_dag.py
[2025-10-12T14:24:20.547+0000] {logging_mixin.py:188} INFO - [2025-10-12T14:24:20.547+0000] {dag.py:3036} INFO - Sync 1 DAGs
[2025-10-12T14:24:20.567+0000] {logging_mixin.py:188} INFO - [2025-10-12T14:24:20.566+0000] {dag.py:3823} INFO - Setting next_dagrun for tutorial_dag to None, run_after=None
[2025-10-12T14:24:20.596+0000] {processor.py:183} INFO - Processing /home/airflow/.local/lib/python3.8/site-packages/airflow/example_dags/tutorial_dag.py took 0.103 seconds
[2025-10-12T14:24:52.727+0000] {processor.py:161} INFO - Started process (PID=34566) to work on /home/airflow/.local/lib/python3.8/site-packages/airflow/example_dags/tutorial_dag.py
[2025-10-12T14:24:52.732+0000] {processor.py:830} INFO - Processing file /home/airflow/.local/lib/python3.8/site-packages/airflow/example_dags/tutorial_dag.py for tasks to queue
[2025-10-12T14:24:52.737+0000] {logging_mixin.py:188} INFO - [2025-10-12T14:24:52.736+0000] {dagbag.py:538} INFO - Filling up the DagBag from /home/airflow/.local/lib/python3.8/site-packages/airflow/example_dags/tutorial_dag.py
[2025-10-12T14:24:52.746+0000] {processor.py:840} INFO - DAG(s) 'tutorial_dag' retrieved from /home/airflow/.local/lib/python3.8/site-packages/airflow/example_dags/tutorial_dag.py
[2025-10-12T14:24:52.787+0000] {logging_mixin.py:188} INFO - [2025-10-12T14:24:52.787+0000] {dag.py:3036} INFO - Sync 1 DAGs
[2025-10-12T14:24:52.809+0000] {logging_mixin.py:188} INFO - [2025-10-12T14:24:52.808+0000] {dag.py:3823} INFO - Setting next_dagrun for tutorial_dag to None, run_after=None
[2025-10-12T14:24:52.839+0000] {processor.py:183} INFO - Processing /home/airflow/.local/lib/python3.8/site-packages/airflow/example_dags/tutorial_dag.py took 0.120 seconds
[2025-10-12T14:25:24.968+0000] {processor.py:161} INFO - Started process (PID=34636) to work on /home/airflow/.local/lib/python3.8/site-packages/airflow/example_dags/tutorial_dag.py
[2025-10-12T14:25:24.969+0000] {processor.py:830} INFO - Processing file /home/airflow/.local/lib/python3.8/site-packages/airflow/example_dags/tutorial_dag.py for tasks to queue
[2025-10-12T14:25:24.972+0000] {logging_mixin.py:188} INFO - [2025-10-12T14:25:24.972+0000] {dagbag.py:538} INFO - Filling up the DagBag from /home/airflow/.local/lib/python3.8/site-packages/airflow/example_dags/tutorial_dag.py
[2025-10-12T14:25:24.982+0000] {processor.py:840} INFO - DAG(s) 'tutorial_dag' retrieved from /home/airflow/.local/lib/python3.8/site-packages/airflow/example_dags/tutorial_dag.py
[2025-10-12T14:25:25.025+0000] {logging_mixin.py:188} INFO - [2025-10-12T14:25:25.024+0000] {dag.py:3036} INFO - Sync 1 DAGs
[2025-10-12T14:25:25.053+0000] {logging_mixin.py:188} INFO - [2025-10-12T14:25:25.052+0000] {dag.py:3823} INFO - Setting next_dagrun for tutorial_dag to None, run_after=None
[2025-10-12T14:25:25.088+0000] {processor.py:183} INFO - Processing /home/airflow/.local/lib/python3.8/site-packages/airflow/example_dags/tutorial_dag.py took 0.126 seconds
[2025-10-12T14:25:56.387+0000] {processor.py:161} INFO - Started process (PID=34706) to work on /home/airflow/.local/lib/python3.8/site-packages/airflow/example_dags/tutorial_dag.py
[2025-10-12T14:25:56.389+0000] {processor.py:830} INFO - Processing file /home/airflow/.local/lib/python3.8/site-packages/airflow/example_dags/tutorial_dag.py for tasks to queue
[2025-10-12T14:25:56.392+0000] {logging_mixin.py:188} INFO - [2025-10-12T14:25:56.391+0000] {dagbag.py:538} INFO - Filling up the DagBag from /home/airflow/.local/lib/python3.8/site-packages/airflow/example_dags/tutorial_dag.py
[2025-10-12T14:25:56.401+0000] {processor.py:840} INFO - DAG(s) 'tutorial_dag' retrieved from /home/airflow/.local/lib/python3.8/site-packages/airflow/example_dags/tutorial_dag.py
[2025-10-12T14:25:56.441+0000] {logging_mixin.py:188} INFO - [2025-10-12T14:25:56.441+0000] {dag.py:3036} INFO - Sync 1 DAGs
[2025-10-12T14:25:56.465+0000] {logging_mixin.py:188} INFO - [2025-10-12T14:25:56.464+0000] {dag.py:3823} INFO - Setting next_dagrun for tutorial_dag to None, run_after=None
[2025-10-12T14:25:56.501+0000] {processor.py:183} INFO - Processing /home/airflow/.local/lib/python3.8/site-packages/airflow/example_dags/tutorial_dag.py took 0.119 seconds
[2025-10-12T14:26:28.301+0000] {processor.py:161} INFO - Started process (PID=34776) to work on /home/airflow/.local/lib/python3.8/site-packages/airflow/example_dags/tutorial_dag.py
[2025-10-12T14:26:28.303+0000] {processor.py:830} INFO - Processing file /home/airflow/.local/lib/python3.8/site-packages/airflow/example_dags/tutorial_dag.py for tasks to queue
[2025-10-12T14:26:28.307+0000] {logging_mixin.py:188} INFO - [2025-10-12T14:26:28.306+0000] {dagbag.py:538} INFO - Filling up the DagBag from /home/airflow/.local/lib/python3.8/site-packages/airflow/example_dags/tutorial_dag.py
[2025-10-12T14:26:28.319+0000] {processor.py:840} INFO - DAG(s) 'tutorial_dag' retrieved from /home/airflow/.local/lib/python3.8/site-packages/airflow/example_dags/tutorial_dag.py
[2025-10-12T14:26:28.379+0000] {logging_mixin.py:188} INFO - [2025-10-12T14:26:28.379+0000] {dag.py:3036} INFO - Sync 1 DAGs
[2025-10-12T14:26:28.409+0000] {logging_mixin.py:188} INFO - [2025-10-12T14:26:28.409+0000] {dag.py:3823} INFO - Setting next_dagrun for tutorial_dag to None, run_after=None
[2025-10-12T14:26:28.452+0000] {processor.py:183} INFO - Processing /home/airflow/.local/lib/python3.8/site-packages/airflow/example_dags/tutorial_dag.py took 0.156 seconds
[2025-10-12T14:27:00.531+0000] {processor.py:161} INFO - Started process (PID=34852) to work on /home/airflow/.local/lib/python3.8/site-packages/airflow/example_dags/tutorial_dag.py
[2025-10-12T14:27:00.533+0000] {processor.py:830} INFO - Processing file /home/airflow/.local/lib/python3.8/site-packages/airflow/example_dags/tutorial_dag.py for tasks to queue
[2025-10-12T14:27:00.536+0000] {logging_mixin.py:188} INFO - [2025-10-12T14:27:00.535+0000] {dagbag.py:538} INFO - Filling up the DagBag from /home/airflow/.local/lib/python3.8/site-packages/airflow/example_dags/tutorial_dag.py
[2025-10-12T14:27:00.545+0000] {processor.py:840} INFO - DAG(s) 'tutorial_dag' retrieved from /home/airflow/.local/lib/python3.8/site-packages/airflow/example_dags/tutorial_dag.py
[2025-10-12T14:27:00.585+0000] {logging_mixin.py:188} INFO - [2025-10-12T14:27:00.585+0000] {dag.py:3036} INFO - Sync 1 DAGs
[2025-10-12T14:27:00.610+0000] {logging_mixin.py:188} INFO - [2025-10-12T14:27:00.610+0000] {dag.py:3823} INFO - Setting next_dagrun for tutorial_dag to None, run_after=None
[2025-10-12T14:27:00.660+0000] {processor.py:183} INFO - Processing /home/airflow/.local/lib/python3.8/site-packages/airflow/example_dags/tutorial_dag.py took 0.134 seconds
[2025-10-12T14:27:31.423+0000] {processor.py:161} INFO - Started process (PID=34922) to work on /home/airflow/.local/lib/python3.8/site-packages/airflow/example_dags/tutorial_dag.py
[2025-10-12T14:27:31.425+0000] {processor.py:830} INFO - Processing file /home/airflow/.local/lib/python3.8/site-packages/airflow/example_dags/tutorial_dag.py for tasks to queue
[2025-10-12T14:27:31.429+0000] {logging_mixin.py:188} INFO - [2025-10-12T14:27:31.428+0000] {dagbag.py:538} INFO - Filling up the DagBag from /home/airflow/.local/lib/python3.8/site-packages/airflow/example_dags/tutorial_dag.py
[2025-10-12T14:27:31.439+0000] {processor.py:840} INFO - DAG(s) 'tutorial_dag' retrieved from /home/airflow/.local/lib/python3.8/site-packages/airflow/example_dags/tutorial_dag.py
[2025-10-12T14:27:31.476+0000] {logging_mixin.py:188} INFO - [2025-10-12T14:27:31.476+0000] {dag.py:3036} INFO - Sync 1 DAGs
[2025-10-12T14:27:31.497+0000] {logging_mixin.py:188} INFO - [2025-10-12T14:27:31.497+0000] {dag.py:3823} INFO - Setting next_dagrun for tutorial_dag to None, run_after=None
[2025-10-12T14:27:31.529+0000] {processor.py:183} INFO - Processing /home/airflow/.local/lib/python3.8/site-packages/airflow/example_dags/tutorial_dag.py took 0.111 seconds
[2025-10-12T14:28:02.259+0000] {processor.py:161} INFO - Started process (PID=34992) to work on /home/airflow/.local/lib/python3.8/site-packages/airflow/example_dags/tutorial_dag.py
[2025-10-12T14:28:02.260+0000] {processor.py:830} INFO - Processing file /home/airflow/.local/lib/python3.8/site-packages/airflow/example_dags/tutorial_dag.py for tasks to queue
[2025-10-12T14:28:02.263+0000] {logging_mixin.py:188} INFO - [2025-10-12T14:28:02.263+0000] {dagbag.py:538} INFO - Filling up the DagBag from /home/airflow/.local/lib/python3.8/site-packages/airflow/example_dags/tutorial_dag.py
[2025-10-12T14:28:02.272+0000] {processor.py:840} INFO - DAG(s) 'tutorial_dag' retrieved from /home/airflow/.local/lib/python3.8/site-packages/airflow/example_dags/tutorial_dag.py
[2025-10-12T14:28:02.307+0000] {logging_mixin.py:188} INFO - [2025-10-12T14:28:02.307+0000] {dag.py:3036} INFO - Sync 1 DAGs
[2025-10-12T14:28:02.327+0000] {logging_mixin.py:188} INFO - [2025-10-12T14:28:02.327+0000] {dag.py:3823} INFO - Setting next_dagrun for tutorial_dag to None, run_after=None
[2025-10-12T14:28:02.360+0000] {processor.py:183} INFO - Processing /home/airflow/.local/lib/python3.8/site-packages/airflow/example_dags/tutorial_dag.py took 0.106 seconds
[2025-10-12T14:28:33.221+0000] {processor.py:161} INFO - Started process (PID=35062) to work on /home/airflow/.local/lib/python3.8/site-packages/airflow/example_dags/tutorial_dag.py
[2025-10-12T14:28:33.223+0000] {processor.py:830} INFO - Processing file /home/airflow/.local/lib/python3.8/site-packages/airflow/example_dags/tutorial_dag.py for tasks to queue
[2025-10-12T14:28:33.227+0000] {logging_mixin.py:188} INFO - [2025-10-12T14:28:33.226+0000] {dagbag.py:538} INFO - Filling up the DagBag from /home/airflow/.local/lib/python3.8/site-packages/airflow/example_dags/tutorial_dag.py
[2025-10-12T14:28:33.235+0000] {processor.py:840} INFO - DAG(s) 'tutorial_dag' retrieved from /home/airflow/.local/lib/python3.8/site-packages/airflow/example_dags/tutorial_dag.py
[2025-10-12T14:28:33.275+0000] {logging_mixin.py:188} INFO - [2025-10-12T14:28:33.274+0000] {dag.py:3036} INFO - Sync 1 DAGs
[2025-10-12T14:28:33.299+0000] {logging_mixin.py:188} INFO - [2025-10-12T14:28:33.298+0000] {dag.py:3823} INFO - Setting next_dagrun for tutorial_dag to None, run_after=None
[2025-10-12T14:28:33.335+0000] {processor.py:183} INFO - Processing /home/airflow/.local/lib/python3.8/site-packages/airflow/example_dags/tutorial_dag.py took 0.118 seconds
[2025-10-12T14:29:05.152+0000] {processor.py:161} INFO - Started process (PID=35132) to work on /home/airflow/.local/lib/python3.8/site-packages/airflow/example_dags/tutorial_dag.py
[2025-10-12T14:29:05.154+0000] {processor.py:830} INFO - Processing file /home/airflow/.local/lib/python3.8/site-packages/airflow/example_dags/tutorial_dag.py for tasks to queue
[2025-10-12T14:29:05.157+0000] {logging_mixin.py:188} INFO - [2025-10-12T14:29:05.156+0000] {dagbag.py:538} INFO - Filling up the DagBag from /home/airflow/.local/lib/python3.8/site-packages/airflow/example_dags/tutorial_dag.py
[2025-10-12T14:29:05.165+0000] {processor.py:840} INFO - DAG(s) 'tutorial_dag' retrieved from /home/airflow/.local/lib/python3.8/site-packages/airflow/example_dags/tutorial_dag.py
[2025-10-12T14:29:05.202+0000] {logging_mixin.py:188} INFO - [2025-10-12T14:29:05.202+0000] {dag.py:3036} INFO - Sync 1 DAGs
[2025-10-12T14:29:05.222+0000] {logging_mixin.py:188} INFO - [2025-10-12T14:29:05.222+0000] {dag.py:3823} INFO - Setting next_dagrun for tutorial_dag to None, run_after=None
[2025-10-12T14:29:05.255+0000] {processor.py:183} INFO - Processing /home/airflow/.local/lib/python3.8/site-packages/airflow/example_dags/tutorial_dag.py took 0.110 seconds
[2025-10-12T14:29:36.014+0000] {processor.py:161} INFO - Started process (PID=35202) to work on /home/airflow/.local/lib/python3.8/site-packages/airflow/example_dags/tutorial_dag.py
[2025-10-12T14:29:36.015+0000] {processor.py:830} INFO - Processing file /home/airflow/.local/lib/python3.8/site-packages/airflow/example_dags/tutorial_dag.py for tasks to queue
[2025-10-12T14:29:36.018+0000] {logging_mixin.py:188} INFO - [2025-10-12T14:29:36.018+0000] {dagbag.py:538} INFO - Filling up the DagBag from /home/airflow/.local/lib/python3.8/site-packages/airflow/example_dags/tutorial_dag.py
[2025-10-12T14:29:36.026+0000] {processor.py:840} INFO - DAG(s) 'tutorial_dag' retrieved from /home/airflow/.local/lib/python3.8/site-packages/airflow/example_dags/tutorial_dag.py
[2025-10-12T14:29:36.062+0000] {logging_mixin.py:188} INFO - [2025-10-12T14:29:36.062+0000] {dag.py:3036} INFO - Sync 1 DAGs
[2025-10-12T14:29:36.081+0000] {logging_mixin.py:188} INFO - [2025-10-12T14:29:36.080+0000] {dag.py:3823} INFO - Setting next_dagrun for tutorial_dag to None, run_after=None
[2025-10-12T14:29:36.125+0000] {processor.py:183} INFO - Processing /home/airflow/.local/lib/python3.8/site-packages/airflow/example_dags/tutorial_dag.py took 0.116 seconds
[2025-10-12T14:30:07.804+0000] {processor.py:161} INFO - Started process (PID=35272) to work on /home/airflow/.local/lib/python3.8/site-packages/airflow/example_dags/tutorial_dag.py
[2025-10-12T14:30:07.806+0000] {processor.py:830} INFO - Processing file /home/airflow/.local/lib/python3.8/site-packages/airflow/example_dags/tutorial_dag.py for tasks to queue
[2025-10-12T14:30:07.809+0000] {logging_mixin.py:188} INFO - [2025-10-12T14:30:07.809+0000] {dagbag.py:538} INFO - Filling up the DagBag from /home/airflow/.local/lib/python3.8/site-packages/airflow/example_dags/tutorial_dag.py
[2025-10-12T14:30:07.819+0000] {processor.py:840} INFO - DAG(s) 'tutorial_dag' retrieved from /home/airflow/.local/lib/python3.8/site-packages/airflow/example_dags/tutorial_dag.py
[2025-10-12T14:30:07.856+0000] {logging_mixin.py:188} INFO - [2025-10-12T14:30:07.855+0000] {dag.py:3036} INFO - Sync 1 DAGs
[2025-10-12T14:30:07.875+0000] {logging_mixin.py:188} INFO - [2025-10-12T14:30:07.874+0000] {dag.py:3823} INFO - Setting next_dagrun for tutorial_dag to None, run_after=None
[2025-10-12T14:30:07.910+0000] {processor.py:183} INFO - Processing /home/airflow/.local/lib/python3.8/site-packages/airflow/example_dags/tutorial_dag.py took 0.110 seconds
[2025-10-12T14:30:38.893+0000] {processor.py:161} INFO - Started process (PID=35341) to work on /home/airflow/.local/lib/python3.8/site-packages/airflow/example_dags/tutorial_dag.py
[2025-10-12T14:30:38.896+0000] {processor.py:830} INFO - Processing file /home/airflow/.local/lib/python3.8/site-packages/airflow/example_dags/tutorial_dag.py for tasks to queue
[2025-10-12T14:30:38.900+0000] {logging_mixin.py:188} INFO - [2025-10-12T14:30:38.899+0000] {dagbag.py:538} INFO - Filling up the DagBag from /home/airflow/.local/lib/python3.8/site-packages/airflow/example_dags/tutorial_dag.py
[2025-10-12T14:30:38.909+0000] {processor.py:840} INFO - DAG(s) 'tutorial_dag' retrieved from /home/airflow/.local/lib/python3.8/site-packages/airflow/example_dags/tutorial_dag.py
[2025-10-12T14:30:38.961+0000] {logging_mixin.py:188} INFO - [2025-10-12T14:30:38.960+0000] {dag.py:3036} INFO - Sync 1 DAGs
[2025-10-12T14:30:38.986+0000] {logging_mixin.py:188} INFO - [2025-10-12T14:30:38.985+0000] {dag.py:3823} INFO - Setting next_dagrun for tutorial_dag to None, run_after=None
[2025-10-12T14:30:39.018+0000] {processor.py:183} INFO - Processing /home/airflow/.local/lib/python3.8/site-packages/airflow/example_dags/tutorial_dag.py took 0.131 seconds
[2025-10-12T14:31:11.736+0000] {processor.py:161} INFO - Started process (PID=35413) to work on /home/airflow/.local/lib/python3.8/site-packages/airflow/example_dags/tutorial_dag.py
[2025-10-12T14:31:11.737+0000] {processor.py:830} INFO - Processing file /home/airflow/.local/lib/python3.8/site-packages/airflow/example_dags/tutorial_dag.py for tasks to queue
[2025-10-12T14:31:11.741+0000] {logging_mixin.py:188} INFO - [2025-10-12T14:31:11.740+0000] {dagbag.py:538} INFO - Filling up the DagBag from /home/airflow/.local/lib/python3.8/site-packages/airflow/example_dags/tutorial_dag.py
[2025-10-12T14:31:11.750+0000] {processor.py:840} INFO - DAG(s) 'tutorial_dag' retrieved from /home/airflow/.local/lib/python3.8/site-packages/airflow/example_dags/tutorial_dag.py
[2025-10-12T14:31:11.796+0000] {logging_mixin.py:188} INFO - [2025-10-12T14:31:11.795+0000] {dag.py:3036} INFO - Sync 1 DAGs
[2025-10-12T14:31:11.819+0000] {logging_mixin.py:188} INFO - [2025-10-12T14:31:11.818+0000] {dag.py:3823} INFO - Setting next_dagrun for tutorial_dag to None, run_after=None
[2025-10-12T14:31:11.871+0000] {processor.py:183} INFO - Processing /home/airflow/.local/lib/python3.8/site-packages/airflow/example_dags/tutorial_dag.py took 0.140 seconds
[2025-10-12T14:31:43.296+0000] {processor.py:161} INFO - Started process (PID=35484) to work on /home/airflow/.local/lib/python3.8/site-packages/airflow/example_dags/tutorial_dag.py
[2025-10-12T14:31:43.298+0000] {processor.py:830} INFO - Processing file /home/airflow/.local/lib/python3.8/site-packages/airflow/example_dags/tutorial_dag.py for tasks to queue
[2025-10-12T14:31:43.302+0000] {logging_mixin.py:188} INFO - [2025-10-12T14:31:43.301+0000] {dagbag.py:538} INFO - Filling up the DagBag from /home/airflow/.local/lib/python3.8/site-packages/airflow/example_dags/tutorial_dag.py
[2025-10-12T14:31:43.311+0000] {processor.py:840} INFO - DAG(s) 'tutorial_dag' retrieved from /home/airflow/.local/lib/python3.8/site-packages/airflow/example_dags/tutorial_dag.py
[2025-10-12T14:31:43.347+0000] {logging_mixin.py:188} INFO - [2025-10-12T14:31:43.347+0000] {dag.py:3036} INFO - Sync 1 DAGs
[2025-10-12T14:31:43.365+0000] {logging_mixin.py:188} INFO - [2025-10-12T14:31:43.365+0000] {dag.py:3823} INFO - Setting next_dagrun for tutorial_dag to None, run_after=None
[2025-10-12T14:31:43.404+0000] {processor.py:183} INFO - Processing /home/airflow/.local/lib/python3.8/site-packages/airflow/example_dags/tutorial_dag.py took 0.115 seconds
[2025-10-12T14:32:13.549+0000] {processor.py:161} INFO - Started process (PID=35554) to work on /home/airflow/.local/lib/python3.8/site-packages/airflow/example_dags/tutorial_dag.py
[2025-10-12T14:32:13.551+0000] {processor.py:830} INFO - Processing file /home/airflow/.local/lib/python3.8/site-packages/airflow/example_dags/tutorial_dag.py for tasks to queue
[2025-10-12T14:32:13.553+0000] {logging_mixin.py:188} INFO - [2025-10-12T14:32:13.553+0000] {dagbag.py:538} INFO - Filling up the DagBag from /home/airflow/.local/lib/python3.8/site-packages/airflow/example_dags/tutorial_dag.py
[2025-10-12T14:32:13.561+0000] {processor.py:840} INFO - DAG(s) 'tutorial_dag' retrieved from /home/airflow/.local/lib/python3.8/site-packages/airflow/example_dags/tutorial_dag.py
[2025-10-12T14:32:13.594+0000] {logging_mixin.py:188} INFO - [2025-10-12T14:32:13.594+0000] {dag.py:3036} INFO - Sync 1 DAGs
[2025-10-12T14:32:13.613+0000] {logging_mixin.py:188} INFO - [2025-10-12T14:32:13.612+0000] {dag.py:3823} INFO - Setting next_dagrun for tutorial_dag to None, run_after=None
[2025-10-12T14:32:13.666+0000] {processor.py:183} INFO - Processing /home/airflow/.local/lib/python3.8/site-packages/airflow/example_dags/tutorial_dag.py took 0.121 seconds
[2025-10-12T14:32:43.898+0000] {processor.py:161} INFO - Started process (PID=35624) to work on /home/airflow/.local/lib/python3.8/site-packages/airflow/example_dags/tutorial_dag.py
[2025-10-12T14:32:43.899+0000] {processor.py:830} INFO - Processing file /home/airflow/.local/lib/python3.8/site-packages/airflow/example_dags/tutorial_dag.py for tasks to queue
[2025-10-12T14:32:43.902+0000] {logging_mixin.py:188} INFO - [2025-10-12T14:32:43.902+0000] {dagbag.py:538} INFO - Filling up the DagBag from /home/airflow/.local/lib/python3.8/site-packages/airflow/example_dags/tutorial_dag.py
[2025-10-12T14:32:43.909+0000] {processor.py:840} INFO - DAG(s) 'tutorial_dag' retrieved from /home/airflow/.local/lib/python3.8/site-packages/airflow/example_dags/tutorial_dag.py
[2025-10-12T14:32:43.943+0000] {logging_mixin.py:188} INFO - [2025-10-12T14:32:43.942+0000] {dag.py:3036} INFO - Sync 1 DAGs
[2025-10-12T14:32:43.960+0000] {logging_mixin.py:188} INFO - [2025-10-12T14:32:43.960+0000] {dag.py:3823} INFO - Setting next_dagrun for tutorial_dag to None, run_after=None
[2025-10-12T14:32:43.989+0000] {processor.py:183} INFO - Processing /home/airflow/.local/lib/python3.8/site-packages/airflow/example_dags/tutorial_dag.py took 0.095 seconds
[2025-10-12T14:33:14.689+0000] {processor.py:161} INFO - Started process (PID=35693) to work on /home/airflow/.local/lib/python3.8/site-packages/airflow/example_dags/tutorial_dag.py
[2025-10-12T14:33:14.690+0000] {processor.py:830} INFO - Processing file /home/airflow/.local/lib/python3.8/site-packages/airflow/example_dags/tutorial_dag.py for tasks to queue
[2025-10-12T14:33:14.693+0000] {logging_mixin.py:188} INFO - [2025-10-12T14:33:14.692+0000] {dagbag.py:538} INFO - Filling up the DagBag from /home/airflow/.local/lib/python3.8/site-packages/airflow/example_dags/tutorial_dag.py
[2025-10-12T14:33:14.701+0000] {processor.py:840} INFO - DAG(s) 'tutorial_dag' retrieved from /home/airflow/.local/lib/python3.8/site-packages/airflow/example_dags/tutorial_dag.py
[2025-10-12T14:33:14.737+0000] {logging_mixin.py:188} INFO - [2025-10-12T14:33:14.737+0000] {dag.py:3036} INFO - Sync 1 DAGs
[2025-10-12T14:33:14.757+0000] {logging_mixin.py:188} INFO - [2025-10-12T14:33:14.757+0000] {dag.py:3823} INFO - Setting next_dagrun for tutorial_dag to None, run_after=None
[2025-10-12T14:33:14.802+0000] {processor.py:183} INFO - Processing /home/airflow/.local/lib/python3.8/site-packages/airflow/example_dags/tutorial_dag.py took 0.119 seconds
[2025-10-12T14:33:45.058+0000] {processor.py:161} INFO - Started process (PID=35763) to work on /home/airflow/.local/lib/python3.8/site-packages/airflow/example_dags/tutorial_dag.py
[2025-10-12T14:33:45.059+0000] {processor.py:830} INFO - Processing file /home/airflow/.local/lib/python3.8/site-packages/airflow/example_dags/tutorial_dag.py for tasks to queue
[2025-10-12T14:33:45.063+0000] {logging_mixin.py:188} INFO - [2025-10-12T14:33:45.062+0000] {dagbag.py:538} INFO - Filling up the DagBag from /home/airflow/.local/lib/python3.8/site-packages/airflow/example_dags/tutorial_dag.py
[2025-10-12T14:33:45.074+0000] {processor.py:840} INFO - DAG(s) 'tutorial_dag' retrieved from /home/airflow/.local/lib/python3.8/site-packages/airflow/example_dags/tutorial_dag.py
[2025-10-12T14:33:45.115+0000] {logging_mixin.py:188} INFO - [2025-10-12T14:33:45.115+0000] {dag.py:3036} INFO - Sync 1 DAGs
[2025-10-12T14:33:45.133+0000] {logging_mixin.py:188} INFO - [2025-10-12T14:33:45.132+0000] {dag.py:3823} INFO - Setting next_dagrun for tutorial_dag to None, run_after=None
[2025-10-12T14:33:45.160+0000] {processor.py:183} INFO - Processing /home/airflow/.local/lib/python3.8/site-packages/airflow/example_dags/tutorial_dag.py took 0.107 seconds
[2025-10-12T14:34:15.966+0000] {processor.py:161} INFO - Started process (PID=35833) to work on /home/airflow/.local/lib/python3.8/site-packages/airflow/example_dags/tutorial_dag.py
[2025-10-12T14:34:15.967+0000] {processor.py:830} INFO - Processing file /home/airflow/.local/lib/python3.8/site-packages/airflow/example_dags/tutorial_dag.py for tasks to queue
[2025-10-12T14:34:15.970+0000] {logging_mixin.py:188} INFO - [2025-10-12T14:34:15.969+0000] {dagbag.py:538} INFO - Filling up the DagBag from /home/airflow/.local/lib/python3.8/site-packages/airflow/example_dags/tutorial_dag.py
[2025-10-12T14:34:15.978+0000] {processor.py:840} INFO - DAG(s) 'tutorial_dag' retrieved from /home/airflow/.local/lib/python3.8/site-packages/airflow/example_dags/tutorial_dag.py
[2025-10-12T14:34:16.013+0000] {logging_mixin.py:188} INFO - [2025-10-12T14:34:16.012+0000] {dag.py:3036} INFO - Sync 1 DAGs
[2025-10-12T14:34:16.031+0000] {logging_mixin.py:188} INFO - [2025-10-12T14:34:16.031+0000] {dag.py:3823} INFO - Setting next_dagrun for tutorial_dag to None, run_after=None
[2025-10-12T14:34:16.059+0000] {processor.py:183} INFO - Processing /home/airflow/.local/lib/python3.8/site-packages/airflow/example_dags/tutorial_dag.py took 0.098 seconds
[2025-10-12T14:34:46.625+0000] {processor.py:161} INFO - Started process (PID=35903) to work on /home/airflow/.local/lib/python3.8/site-packages/airflow/example_dags/tutorial_dag.py
[2025-10-12T14:34:46.626+0000] {processor.py:830} INFO - Processing file /home/airflow/.local/lib/python3.8/site-packages/airflow/example_dags/tutorial_dag.py for tasks to queue
[2025-10-12T14:34:46.629+0000] {logging_mixin.py:188} INFO - [2025-10-12T14:34:46.629+0000] {dagbag.py:538} INFO - Filling up the DagBag from /home/airflow/.local/lib/python3.8/site-packages/airflow/example_dags/tutorial_dag.py
[2025-10-12T14:34:46.637+0000] {processor.py:840} INFO - DAG(s) 'tutorial_dag' retrieved from /home/airflow/.local/lib/python3.8/site-packages/airflow/example_dags/tutorial_dag.py
[2025-10-12T14:34:46.673+0000] {logging_mixin.py:188} INFO - [2025-10-12T14:34:46.673+0000] {dag.py:3036} INFO - Sync 1 DAGs
[2025-10-12T14:34:46.692+0000] {logging_mixin.py:188} INFO - [2025-10-12T14:34:46.692+0000] {dag.py:3823} INFO - Setting next_dagrun for tutorial_dag to None, run_after=None
[2025-10-12T14:34:46.726+0000] {processor.py:183} INFO - Processing /home/airflow/.local/lib/python3.8/site-packages/airflow/example_dags/tutorial_dag.py took 0.106 seconds
[2025-10-12T14:35:17.824+0000] {processor.py:161} INFO - Started process (PID=35973) to work on /home/airflow/.local/lib/python3.8/site-packages/airflow/example_dags/tutorial_dag.py
[2025-10-12T14:35:17.826+0000] {processor.py:830} INFO - Processing file /home/airflow/.local/lib/python3.8/site-packages/airflow/example_dags/tutorial_dag.py for tasks to queue
[2025-10-12T14:35:17.828+0000] {logging_mixin.py:188} INFO - [2025-10-12T14:35:17.828+0000] {dagbag.py:538} INFO - Filling up the DagBag from /home/airflow/.local/lib/python3.8/site-packages/airflow/example_dags/tutorial_dag.py
[2025-10-12T14:35:17.836+0000] {processor.py:840} INFO - DAG(s) 'tutorial_dag' retrieved from /home/airflow/.local/lib/python3.8/site-packages/airflow/example_dags/tutorial_dag.py
[2025-10-12T14:35:17.869+0000] {logging_mixin.py:188} INFO - [2025-10-12T14:35:17.869+0000] {dag.py:3036} INFO - Sync 1 DAGs
[2025-10-12T14:35:17.893+0000] {logging_mixin.py:188} INFO - [2025-10-12T14:35:17.893+0000] {dag.py:3823} INFO - Setting next_dagrun for tutorial_dag to None, run_after=None
[2025-10-12T14:35:17.923+0000] {processor.py:183} INFO - Processing /home/airflow/.local/lib/python3.8/site-packages/airflow/example_dags/tutorial_dag.py took 0.103 seconds
[2025-10-12T14:35:48.602+0000] {processor.py:161} INFO - Started process (PID=36043) to work on /home/airflow/.local/lib/python3.8/site-packages/airflow/example_dags/tutorial_dag.py
[2025-10-12T14:35:48.603+0000] {processor.py:830} INFO - Processing file /home/airflow/.local/lib/python3.8/site-packages/airflow/example_dags/tutorial_dag.py for tasks to queue
[2025-10-12T14:35:48.606+0000] {logging_mixin.py:188} INFO - [2025-10-12T14:35:48.606+0000] {dagbag.py:538} INFO - Filling up the DagBag from /home/airflow/.local/lib/python3.8/site-packages/airflow/example_dags/tutorial_dag.py
[2025-10-12T14:35:48.614+0000] {processor.py:840} INFO - DAG(s) 'tutorial_dag' retrieved from /home/airflow/.local/lib/python3.8/site-packages/airflow/example_dags/tutorial_dag.py
[2025-10-12T14:35:48.649+0000] {logging_mixin.py:188} INFO - [2025-10-12T14:35:48.649+0000] {dag.py:3036} INFO - Sync 1 DAGs
[2025-10-12T14:35:48.668+0000] {logging_mixin.py:188} INFO - [2025-10-12T14:35:48.667+0000] {dag.py:3823} INFO - Setting next_dagrun for tutorial_dag to None, run_after=None
[2025-10-12T14:35:48.719+0000] {processor.py:183} INFO - Processing /home/airflow/.local/lib/python3.8/site-packages/airflow/example_dags/tutorial_dag.py took 0.122 seconds
[2025-10-12T14:36:19.220+0000] {processor.py:161} INFO - Started process (PID=36113) to work on /home/airflow/.local/lib/python3.8/site-packages/airflow/example_dags/tutorial_dag.py
[2025-10-12T14:36:19.222+0000] {processor.py:830} INFO - Processing file /home/airflow/.local/lib/python3.8/site-packages/airflow/example_dags/tutorial_dag.py for tasks to queue
[2025-10-12T14:36:19.225+0000] {logging_mixin.py:188} INFO - [2025-10-12T14:36:19.225+0000] {dagbag.py:538} INFO - Filling up the DagBag from /home/airflow/.local/lib/python3.8/site-packages/airflow/example_dags/tutorial_dag.py
[2025-10-12T14:36:19.233+0000] {processor.py:840} INFO - DAG(s) 'tutorial_dag' retrieved from /home/airflow/.local/lib/python3.8/site-packages/airflow/example_dags/tutorial_dag.py
[2025-10-12T14:36:19.265+0000] {logging_mixin.py:188} INFO - [2025-10-12T14:36:19.265+0000] {dag.py:3036} INFO - Sync 1 DAGs
[2025-10-12T14:36:19.281+0000] {logging_mixin.py:188} INFO - [2025-10-12T14:36:19.281+0000] {dag.py:3823} INFO - Setting next_dagrun for tutorial_dag to None, run_after=None
[2025-10-12T14:36:19.329+0000] {processor.py:183} INFO - Processing /home/airflow/.local/lib/python3.8/site-packages/airflow/example_dags/tutorial_dag.py took 0.114 seconds
[2025-10-12T14:36:50.979+0000] {processor.py:161} INFO - Started process (PID=36183) to work on /home/airflow/.local/lib/python3.8/site-packages/airflow/example_dags/tutorial_dag.py
[2025-10-12T14:36:50.980+0000] {processor.py:830} INFO - Processing file /home/airflow/.local/lib/python3.8/site-packages/airflow/example_dags/tutorial_dag.py for tasks to queue
[2025-10-12T14:36:50.983+0000] {logging_mixin.py:188} INFO - [2025-10-12T14:36:50.982+0000] {dagbag.py:538} INFO - Filling up the DagBag from /home/airflow/.local/lib/python3.8/site-packages/airflow/example_dags/tutorial_dag.py
[2025-10-12T14:36:50.990+0000] {processor.py:840} INFO - DAG(s) 'tutorial_dag' retrieved from /home/airflow/.local/lib/python3.8/site-packages/airflow/example_dags/tutorial_dag.py
[2025-10-12T14:36:51.021+0000] {logging_mixin.py:188} INFO - [2025-10-12T14:36:51.021+0000] {dag.py:3036} INFO - Sync 1 DAGs
[2025-10-12T14:36:51.037+0000] {logging_mixin.py:188} INFO - [2025-10-12T14:36:51.037+0000] {dag.py:3823} INFO - Setting next_dagrun for tutorial_dag to None, run_after=None
[2025-10-12T14:36:51.085+0000] {processor.py:183} INFO - Processing /home/airflow/.local/lib/python3.8/site-packages/airflow/example_dags/tutorial_dag.py took 0.111 seconds
[2025-10-12T14:37:21.841+0000] {processor.py:161} INFO - Started process (PID=36251) to work on /home/airflow/.local/lib/python3.8/site-packages/airflow/example_dags/tutorial_dag.py
[2025-10-12T14:37:21.843+0000] {processor.py:830} INFO - Processing file /home/airflow/.local/lib/python3.8/site-packages/airflow/example_dags/tutorial_dag.py for tasks to queue
[2025-10-12T14:37:21.845+0000] {logging_mixin.py:188} INFO - [2025-10-12T14:37:21.845+0000] {dagbag.py:538} INFO - Filling up the DagBag from /home/airflow/.local/lib/python3.8/site-packages/airflow/example_dags/tutorial_dag.py
[2025-10-12T14:37:21.853+0000] {processor.py:840} INFO - DAG(s) 'tutorial_dag' retrieved from /home/airflow/.local/lib/python3.8/site-packages/airflow/example_dags/tutorial_dag.py
[2025-10-12T14:37:21.887+0000] {logging_mixin.py:188} INFO - [2025-10-12T14:37:21.887+0000] {dag.py:3036} INFO - Sync 1 DAGs
[2025-10-12T14:37:21.906+0000] {logging_mixin.py:188} INFO - [2025-10-12T14:37:21.905+0000] {dag.py:3823} INFO - Setting next_dagrun for tutorial_dag to None, run_after=None
[2025-10-12T14:37:21.941+0000] {processor.py:183} INFO - Processing /home/airflow/.local/lib/python3.8/site-packages/airflow/example_dags/tutorial_dag.py took 0.105 seconds
[2025-10-12T14:37:53.222+0000] {processor.py:161} INFO - Started process (PID=36322) to work on /home/airflow/.local/lib/python3.8/site-packages/airflow/example_dags/tutorial_dag.py
[2025-10-12T14:37:53.224+0000] {processor.py:830} INFO - Processing file /home/airflow/.local/lib/python3.8/site-packages/airflow/example_dags/tutorial_dag.py for tasks to queue
[2025-10-12T14:37:53.227+0000] {logging_mixin.py:188} INFO - [2025-10-12T14:37:53.227+0000] {dagbag.py:538} INFO - Filling up the DagBag from /home/airflow/.local/lib/python3.8/site-packages/airflow/example_dags/tutorial_dag.py
[2025-10-12T14:37:53.235+0000] {processor.py:840} INFO - DAG(s) 'tutorial_dag' retrieved from /home/airflow/.local/lib/python3.8/site-packages/airflow/example_dags/tutorial_dag.py
[2025-10-12T14:37:53.271+0000] {logging_mixin.py:188} INFO - [2025-10-12T14:37:53.271+0000] {dag.py:3036} INFO - Sync 1 DAGs
[2025-10-12T14:37:53.289+0000] {logging_mixin.py:188} INFO - [2025-10-12T14:37:53.289+0000] {dag.py:3823} INFO - Setting next_dagrun for tutorial_dag to None, run_after=None
[2025-10-12T14:37:53.340+0000] {processor.py:183} INFO - Processing /home/airflow/.local/lib/python3.8/site-packages/airflow/example_dags/tutorial_dag.py took 0.122 seconds
[2025-10-12T14:38:23.413+0000] {processor.py:161} INFO - Started process (PID=36391) to work on /home/airflow/.local/lib/python3.8/site-packages/airflow/example_dags/tutorial_dag.py
[2025-10-12T14:38:23.415+0000] {processor.py:830} INFO - Processing file /home/airflow/.local/lib/python3.8/site-packages/airflow/example_dags/tutorial_dag.py for tasks to queue
[2025-10-12T14:38:23.418+0000] {logging_mixin.py:188} INFO - [2025-10-12T14:38:23.418+0000] {dagbag.py:538} INFO - Filling up the DagBag from /home/airflow/.local/lib/python3.8/site-packages/airflow/example_dags/tutorial_dag.py
[2025-10-12T14:38:23.427+0000] {processor.py:840} INFO - DAG(s) 'tutorial_dag' retrieved from /home/airflow/.local/lib/python3.8/site-packages/airflow/example_dags/tutorial_dag.py
[2025-10-12T14:38:23.460+0000] {logging_mixin.py:188} INFO - [2025-10-12T14:38:23.460+0000] {dag.py:3036} INFO - Sync 1 DAGs
[2025-10-12T14:38:23.478+0000] {logging_mixin.py:188} INFO - [2025-10-12T14:38:23.478+0000] {dag.py:3823} INFO - Setting next_dagrun for tutorial_dag to None, run_after=None
[2025-10-12T14:38:23.533+0000] {processor.py:183} INFO - Processing /home/airflow/.local/lib/python3.8/site-packages/airflow/example_dags/tutorial_dag.py took 0.126 seconds
[2025-10-12T14:38:54.190+0000] {processor.py:161} INFO - Started process (PID=36461) to work on /home/airflow/.local/lib/python3.8/site-packages/airflow/example_dags/tutorial_dag.py
[2025-10-12T14:38:54.191+0000] {processor.py:830} INFO - Processing file /home/airflow/.local/lib/python3.8/site-packages/airflow/example_dags/tutorial_dag.py for tasks to queue
[2025-10-12T14:38:54.195+0000] {logging_mixin.py:188} INFO - [2025-10-12T14:38:54.194+0000] {dagbag.py:538} INFO - Filling up the DagBag from /home/airflow/.local/lib/python3.8/site-packages/airflow/example_dags/tutorial_dag.py
[2025-10-12T14:38:54.203+0000] {processor.py:840} INFO - DAG(s) 'tutorial_dag' retrieved from /home/airflow/.local/lib/python3.8/site-packages/airflow/example_dags/tutorial_dag.py
[2025-10-12T14:38:54.238+0000] {logging_mixin.py:188} INFO - [2025-10-12T14:38:54.237+0000] {dag.py:3036} INFO - Sync 1 DAGs
[2025-10-12T14:38:54.257+0000] {logging_mixin.py:188} INFO - [2025-10-12T14:38:54.257+0000] {dag.py:3823} INFO - Setting next_dagrun for tutorial_dag to None, run_after=None
[2025-10-12T14:38:54.287+0000] {processor.py:183} INFO - Processing /home/airflow/.local/lib/python3.8/site-packages/airflow/example_dags/tutorial_dag.py took 0.102 seconds
[2025-10-12T14:39:24.868+0000] {processor.py:161} INFO - Started process (PID=36531) to work on /home/airflow/.local/lib/python3.8/site-packages/airflow/example_dags/tutorial_dag.py
[2025-10-12T14:39:24.869+0000] {processor.py:830} INFO - Processing file /home/airflow/.local/lib/python3.8/site-packages/airflow/example_dags/tutorial_dag.py for tasks to queue
[2025-10-12T14:39:24.873+0000] {logging_mixin.py:188} INFO - [2025-10-12T14:39:24.872+0000] {dagbag.py:538} INFO - Filling up the DagBag from /home/airflow/.local/lib/python3.8/site-packages/airflow/example_dags/tutorial_dag.py
[2025-10-12T14:39:24.882+0000] {processor.py:840} INFO - DAG(s) 'tutorial_dag' retrieved from /home/airflow/.local/lib/python3.8/site-packages/airflow/example_dags/tutorial_dag.py
[2025-10-12T14:39:24.920+0000] {logging_mixin.py:188} INFO - [2025-10-12T14:39:24.919+0000] {dag.py:3036} INFO - Sync 1 DAGs
[2025-10-12T14:39:24.940+0000] {logging_mixin.py:188} INFO - [2025-10-12T14:39:24.940+0000] {dag.py:3823} INFO - Setting next_dagrun for tutorial_dag to None, run_after=None
[2025-10-12T14:39:25.013+0000] {processor.py:183} INFO - Processing /home/airflow/.local/lib/python3.8/site-packages/airflow/example_dags/tutorial_dag.py took 0.151 seconds
[2025-10-12T14:39:56.027+0000] {processor.py:161} INFO - Started process (PID=36601) to work on /home/airflow/.local/lib/python3.8/site-packages/airflow/example_dags/tutorial_dag.py
[2025-10-12T14:39:56.029+0000] {processor.py:830} INFO - Processing file /home/airflow/.local/lib/python3.8/site-packages/airflow/example_dags/tutorial_dag.py for tasks to queue
[2025-10-12T14:39:56.033+0000] {logging_mixin.py:188} INFO - [2025-10-12T14:39:56.032+0000] {dagbag.py:538} INFO - Filling up the DagBag from /home/airflow/.local/lib/python3.8/site-packages/airflow/example_dags/tutorial_dag.py
[2025-10-12T14:39:56.041+0000] {processor.py:840} INFO - DAG(s) 'tutorial_dag' retrieved from /home/airflow/.local/lib/python3.8/site-packages/airflow/example_dags/tutorial_dag.py
[2025-10-12T14:39:56.074+0000] {logging_mixin.py:188} INFO - [2025-10-12T14:39:56.074+0000] {dag.py:3036} INFO - Sync 1 DAGs
[2025-10-12T14:39:56.092+0000] {logging_mixin.py:188} INFO - [2025-10-12T14:39:56.092+0000] {dag.py:3823} INFO - Setting next_dagrun for tutorial_dag to None, run_after=None
[2025-10-12T14:39:56.143+0000] {processor.py:183} INFO - Processing /home/airflow/.local/lib/python3.8/site-packages/airflow/example_dags/tutorial_dag.py took 0.121 seconds
[2025-10-12T14:40:26.587+0000] {processor.py:161} INFO - Started process (PID=36671) to work on /home/airflow/.local/lib/python3.8/site-packages/airflow/example_dags/tutorial_dag.py
[2025-10-12T14:40:26.588+0000] {processor.py:830} INFO - Processing file /home/airflow/.local/lib/python3.8/site-packages/airflow/example_dags/tutorial_dag.py for tasks to queue
[2025-10-12T14:40:26.591+0000] {logging_mixin.py:188} INFO - [2025-10-12T14:40:26.591+0000] {dagbag.py:538} INFO - Filling up the DagBag from /home/airflow/.local/lib/python3.8/site-packages/airflow/example_dags/tutorial_dag.py
[2025-10-12T14:40:26.598+0000] {processor.py:840} INFO - DAG(s) 'tutorial_dag' retrieved from /home/airflow/.local/lib/python3.8/site-packages/airflow/example_dags/tutorial_dag.py
[2025-10-12T14:40:26.631+0000] {logging_mixin.py:188} INFO - [2025-10-12T14:40:26.631+0000] {dag.py:3036} INFO - Sync 1 DAGs
[2025-10-12T14:40:26.649+0000] {logging_mixin.py:188} INFO - [2025-10-12T14:40:26.649+0000] {dag.py:3823} INFO - Setting next_dagrun for tutorial_dag to None, run_after=None
[2025-10-12T14:40:26.677+0000] {processor.py:183} INFO - Processing /home/airflow/.local/lib/python3.8/site-packages/airflow/example_dags/tutorial_dag.py took 0.095 seconds
[2025-10-12T14:40:57.245+0000] {processor.py:161} INFO - Started process (PID=36741) to work on /home/airflow/.local/lib/python3.8/site-packages/airflow/example_dags/tutorial_dag.py
[2025-10-12T14:40:57.246+0000] {processor.py:830} INFO - Processing file /home/airflow/.local/lib/python3.8/site-packages/airflow/example_dags/tutorial_dag.py for tasks to queue
[2025-10-12T14:40:57.249+0000] {logging_mixin.py:188} INFO - [2025-10-12T14:40:57.249+0000] {dagbag.py:538} INFO - Filling up the DagBag from /home/airflow/.local/lib/python3.8/site-packages/airflow/example_dags/tutorial_dag.py
[2025-10-12T14:40:57.256+0000] {processor.py:840} INFO - DAG(s) 'tutorial_dag' retrieved from /home/airflow/.local/lib/python3.8/site-packages/airflow/example_dags/tutorial_dag.py
[2025-10-12T14:40:57.292+0000] {logging_mixin.py:188} INFO - [2025-10-12T14:40:57.292+0000] {dag.py:3036} INFO - Sync 1 DAGs
[2025-10-12T14:40:57.310+0000] {logging_mixin.py:188} INFO - [2025-10-12T14:40:57.310+0000] {dag.py:3823} INFO - Setting next_dagrun for tutorial_dag to None, run_after=None
[2025-10-12T14:40:57.339+0000] {processor.py:183} INFO - Processing /home/airflow/.local/lib/python3.8/site-packages/airflow/example_dags/tutorial_dag.py took 0.100 seconds
[2025-10-12T14:41:27.880+0000] {processor.py:161} INFO - Started process (PID=36811) to work on /home/airflow/.local/lib/python3.8/site-packages/airflow/example_dags/tutorial_dag.py
[2025-10-12T14:41:27.881+0000] {processor.py:830} INFO - Processing file /home/airflow/.local/lib/python3.8/site-packages/airflow/example_dags/tutorial_dag.py for tasks to queue
[2025-10-12T14:41:27.884+0000] {logging_mixin.py:188} INFO - [2025-10-12T14:41:27.884+0000] {dagbag.py:538} INFO - Filling up the DagBag from /home/airflow/.local/lib/python3.8/site-packages/airflow/example_dags/tutorial_dag.py
[2025-10-12T14:41:27.891+0000] {processor.py:840} INFO - DAG(s) 'tutorial_dag' retrieved from /home/airflow/.local/lib/python3.8/site-packages/airflow/example_dags/tutorial_dag.py
[2025-10-12T14:41:27.923+0000] {logging_mixin.py:188} INFO - [2025-10-12T14:41:27.923+0000] {dag.py:3036} INFO - Sync 1 DAGs
[2025-10-12T14:41:27.940+0000] {logging_mixin.py:188} INFO - [2025-10-12T14:41:27.940+0000] {dag.py:3823} INFO - Setting next_dagrun for tutorial_dag to None, run_after=None
[2025-10-12T14:41:27.997+0000] {processor.py:183} INFO - Processing /home/airflow/.local/lib/python3.8/site-packages/airflow/example_dags/tutorial_dag.py took 0.121 seconds
[2025-10-12T14:41:58.267+0000] {processor.py:161} INFO - Started process (PID=36881) to work on /home/airflow/.local/lib/python3.8/site-packages/airflow/example_dags/tutorial_dag.py
[2025-10-12T14:41:58.268+0000] {processor.py:830} INFO - Processing file /home/airflow/.local/lib/python3.8/site-packages/airflow/example_dags/tutorial_dag.py for tasks to queue
[2025-10-12T14:41:58.270+0000] {logging_mixin.py:188} INFO - [2025-10-12T14:41:58.270+0000] {dagbag.py:538} INFO - Filling up the DagBag from /home/airflow/.local/lib/python3.8/site-packages/airflow/example_dags/tutorial_dag.py
[2025-10-12T14:41:58.277+0000] {processor.py:840} INFO - DAG(s) 'tutorial_dag' retrieved from /home/airflow/.local/lib/python3.8/site-packages/airflow/example_dags/tutorial_dag.py
[2025-10-12T14:41:58.310+0000] {logging_mixin.py:188} INFO - [2025-10-12T14:41:58.310+0000] {dag.py:3036} INFO - Sync 1 DAGs
[2025-10-12T14:41:58.329+0000] {logging_mixin.py:188} INFO - [2025-10-12T14:41:58.328+0000] {dag.py:3823} INFO - Setting next_dagrun for tutorial_dag to None, run_after=None
[2025-10-12T14:41:58.357+0000] {processor.py:183} INFO - Processing /home/airflow/.local/lib/python3.8/site-packages/airflow/example_dags/tutorial_dag.py took 0.095 seconds
[2025-10-12T14:42:29.612+0000] {processor.py:161} INFO - Started process (PID=36951) to work on /home/airflow/.local/lib/python3.8/site-packages/airflow/example_dags/tutorial_dag.py
[2025-10-12T14:42:29.614+0000] {processor.py:830} INFO - Processing file /home/airflow/.local/lib/python3.8/site-packages/airflow/example_dags/tutorial_dag.py for tasks to queue
[2025-10-12T14:42:29.616+0000] {logging_mixin.py:188} INFO - [2025-10-12T14:42:29.616+0000] {dagbag.py:538} INFO - Filling up the DagBag from /home/airflow/.local/lib/python3.8/site-packages/airflow/example_dags/tutorial_dag.py
[2025-10-12T14:42:29.623+0000] {processor.py:840} INFO - DAG(s) 'tutorial_dag' retrieved from /home/airflow/.local/lib/python3.8/site-packages/airflow/example_dags/tutorial_dag.py
[2025-10-12T14:42:29.662+0000] {logging_mixin.py:188} INFO - [2025-10-12T14:42:29.661+0000] {dag.py:3036} INFO - Sync 1 DAGs
[2025-10-12T14:42:29.684+0000] {logging_mixin.py:188} INFO - [2025-10-12T14:42:29.683+0000] {dag.py:3823} INFO - Setting next_dagrun for tutorial_dag to None, run_after=None
[2025-10-12T14:42:29.735+0000] {processor.py:183} INFO - Processing /home/airflow/.local/lib/python3.8/site-packages/airflow/example_dags/tutorial_dag.py took 0.127 seconds
[2025-10-12T14:43:00.660+0000] {processor.py:161} INFO - Started process (PID=37021) to work on /home/airflow/.local/lib/python3.8/site-packages/airflow/example_dags/tutorial_dag.py
[2025-10-12T14:43:00.661+0000] {processor.py:830} INFO - Processing file /home/airflow/.local/lib/python3.8/site-packages/airflow/example_dags/tutorial_dag.py for tasks to queue
[2025-10-12T14:43:00.663+0000] {logging_mixin.py:188} INFO - [2025-10-12T14:43:00.663+0000] {dagbag.py:538} INFO - Filling up the DagBag from /home/airflow/.local/lib/python3.8/site-packages/airflow/example_dags/tutorial_dag.py
[2025-10-12T14:43:00.670+0000] {processor.py:840} INFO - DAG(s) 'tutorial_dag' retrieved from /home/airflow/.local/lib/python3.8/site-packages/airflow/example_dags/tutorial_dag.py
[2025-10-12T14:43:00.705+0000] {logging_mixin.py:188} INFO - [2025-10-12T14:43:00.705+0000] {dag.py:3036} INFO - Sync 1 DAGs
[2025-10-12T14:43:00.724+0000] {logging_mixin.py:188} INFO - [2025-10-12T14:43:00.724+0000] {dag.py:3823} INFO - Setting next_dagrun for tutorial_dag to None, run_after=None
[2025-10-12T14:43:00.753+0000] {processor.py:183} INFO - Processing /home/airflow/.local/lib/python3.8/site-packages/airflow/example_dags/tutorial_dag.py took 0.097 seconds
[2025-10-12T14:43:31.251+0000] {processor.py:161} INFO - Started process (PID=37091) to work on /home/airflow/.local/lib/python3.8/site-packages/airflow/example_dags/tutorial_dag.py
[2025-10-12T14:43:31.254+0000] {processor.py:830} INFO - Processing file /home/airflow/.local/lib/python3.8/site-packages/airflow/example_dags/tutorial_dag.py for tasks to queue
[2025-10-12T14:43:31.259+0000] {logging_mixin.py:188} INFO - [2025-10-12T14:43:31.258+0000] {dagbag.py:538} INFO - Filling up the DagBag from /home/airflow/.local/lib/python3.8/site-packages/airflow/example_dags/tutorial_dag.py
[2025-10-12T14:43:31.270+0000] {processor.py:840} INFO - DAG(s) 'tutorial_dag' retrieved from /home/airflow/.local/lib/python3.8/site-packages/airflow/example_dags/tutorial_dag.py
[2025-10-12T14:43:31.327+0000] {logging_mixin.py:188} INFO - [2025-10-12T14:43:31.327+0000] {dag.py:3036} INFO - Sync 1 DAGs
[2025-10-12T14:43:31.354+0000] {logging_mixin.py:188} INFO - [2025-10-12T14:43:31.353+0000] {dag.py:3823} INFO - Setting next_dagrun for tutorial_dag to None, run_after=None
[2025-10-12T14:43:31.421+0000] {processor.py:183} INFO - Processing /home/airflow/.local/lib/python3.8/site-packages/airflow/example_dags/tutorial_dag.py took 0.178 seconds
[2025-10-12T14:44:02.998+0000] {processor.py:161} INFO - Started process (PID=37167) to work on /home/airflow/.local/lib/python3.8/site-packages/airflow/example_dags/tutorial_dag.py
[2025-10-12T14:44:03.005+0000] {processor.py:830} INFO - Processing file /home/airflow/.local/lib/python3.8/site-packages/airflow/example_dags/tutorial_dag.py for tasks to queue
[2025-10-12T14:44:03.012+0000] {logging_mixin.py:188} INFO - [2025-10-12T14:44:03.011+0000] {dagbag.py:538} INFO - Filling up the DagBag from /home/airflow/.local/lib/python3.8/site-packages/airflow/example_dags/tutorial_dag.py
[2025-10-12T14:44:03.023+0000] {processor.py:840} INFO - DAG(s) 'tutorial_dag' retrieved from /home/airflow/.local/lib/python3.8/site-packages/airflow/example_dags/tutorial_dag.py
[2025-10-12T14:44:03.073+0000] {logging_mixin.py:188} INFO - [2025-10-12T14:44:03.073+0000] {dag.py:3036} INFO - Sync 1 DAGs
[2025-10-12T14:44:03.090+0000] {logging_mixin.py:188} INFO - [2025-10-12T14:44:03.090+0000] {dag.py:3823} INFO - Setting next_dagrun for tutorial_dag to None, run_after=None
[2025-10-12T14:44:03.137+0000] {processor.py:183} INFO - Processing /home/airflow/.local/lib/python3.8/site-packages/airflow/example_dags/tutorial_dag.py took 0.147 seconds
[2025-10-12T14:44:34.462+0000] {processor.py:161} INFO - Started process (PID=37237) to work on /home/airflow/.local/lib/python3.8/site-packages/airflow/example_dags/tutorial_dag.py
[2025-10-12T14:44:34.464+0000] {processor.py:830} INFO - Processing file /home/airflow/.local/lib/python3.8/site-packages/airflow/example_dags/tutorial_dag.py for tasks to queue
[2025-10-12T14:44:34.467+0000] {logging_mixin.py:188} INFO - [2025-10-12T14:44:34.466+0000] {dagbag.py:538} INFO - Filling up the DagBag from /home/airflow/.local/lib/python3.8/site-packages/airflow/example_dags/tutorial_dag.py
[2025-10-12T14:44:34.474+0000] {processor.py:840} INFO - DAG(s) 'tutorial_dag' retrieved from /home/airflow/.local/lib/python3.8/site-packages/airflow/example_dags/tutorial_dag.py
[2025-10-12T14:44:34.509+0000] {logging_mixin.py:188} INFO - [2025-10-12T14:44:34.508+0000] {dag.py:3036} INFO - Sync 1 DAGs
[2025-10-12T14:44:34.526+0000] {logging_mixin.py:188} INFO - [2025-10-12T14:44:34.526+0000] {dag.py:3823} INFO - Setting next_dagrun for tutorial_dag to None, run_after=None
[2025-10-12T14:44:34.553+0000] {processor.py:183} INFO - Processing /home/airflow/.local/lib/python3.8/site-packages/airflow/example_dags/tutorial_dag.py took 0.096 seconds
[2025-10-12T14:45:05.194+0000] {processor.py:161} INFO - Started process (PID=37307) to work on /home/airflow/.local/lib/python3.8/site-packages/airflow/example_dags/tutorial_dag.py
[2025-10-12T14:45:05.195+0000] {processor.py:830} INFO - Processing file /home/airflow/.local/lib/python3.8/site-packages/airflow/example_dags/tutorial_dag.py for tasks to queue
[2025-10-12T14:45:05.198+0000] {logging_mixin.py:188} INFO - [2025-10-12T14:45:05.198+0000] {dagbag.py:538} INFO - Filling up the DagBag from /home/airflow/.local/lib/python3.8/site-packages/airflow/example_dags/tutorial_dag.py
[2025-10-12T14:45:05.206+0000] {processor.py:840} INFO - DAG(s) 'tutorial_dag' retrieved from /home/airflow/.local/lib/python3.8/site-packages/airflow/example_dags/tutorial_dag.py
[2025-10-12T14:45:05.241+0000] {logging_mixin.py:188} INFO - [2025-10-12T14:45:05.241+0000] {dag.py:3036} INFO - Sync 1 DAGs
[2025-10-12T14:45:05.259+0000] {logging_mixin.py:188} INFO - [2025-10-12T14:45:05.259+0000] {dag.py:3823} INFO - Setting next_dagrun for tutorial_dag to None, run_after=None
[2025-10-12T14:45:05.288+0000] {processor.py:183} INFO - Processing /home/airflow/.local/lib/python3.8/site-packages/airflow/example_dags/tutorial_dag.py took 0.101 seconds
[2025-10-12T14:45:36.668+0000] {processor.py:161} INFO - Started process (PID=37377) to work on /home/airflow/.local/lib/python3.8/site-packages/airflow/example_dags/tutorial_dag.py
[2025-10-12T14:45:36.670+0000] {processor.py:830} INFO - Processing file /home/airflow/.local/lib/python3.8/site-packages/airflow/example_dags/tutorial_dag.py for tasks to queue
[2025-10-12T14:45:36.674+0000] {logging_mixin.py:188} INFO - [2025-10-12T14:45:36.673+0000] {dagbag.py:538} INFO - Filling up the DagBag from /home/airflow/.local/lib/python3.8/site-packages/airflow/example_dags/tutorial_dag.py
[2025-10-12T14:45:36.684+0000] {processor.py:840} INFO - DAG(s) 'tutorial_dag' retrieved from /home/airflow/.local/lib/python3.8/site-packages/airflow/example_dags/tutorial_dag.py
[2025-10-12T14:45:36.722+0000] {logging_mixin.py:188} INFO - [2025-10-12T14:45:36.721+0000] {dag.py:3036} INFO - Sync 1 DAGs
[2025-10-12T14:45:36.743+0000] {logging_mixin.py:188} INFO - [2025-10-12T14:45:36.743+0000] {dag.py:3823} INFO - Setting next_dagrun for tutorial_dag to None, run_after=None
[2025-10-12T14:45:36.792+0000] {processor.py:183} INFO - Processing /home/airflow/.local/lib/python3.8/site-packages/airflow/example_dags/tutorial_dag.py took 0.131 seconds
[2025-10-12T14:46:08.107+0000] {processor.py:161} INFO - Started process (PID=37447) to work on /home/airflow/.local/lib/python3.8/site-packages/airflow/example_dags/tutorial_dag.py
[2025-10-12T14:46:08.108+0000] {processor.py:830} INFO - Processing file /home/airflow/.local/lib/python3.8/site-packages/airflow/example_dags/tutorial_dag.py for tasks to queue
[2025-10-12T14:46:08.111+0000] {logging_mixin.py:188} INFO - [2025-10-12T14:46:08.111+0000] {dagbag.py:538} INFO - Filling up the DagBag from /home/airflow/.local/lib/python3.8/site-packages/airflow/example_dags/tutorial_dag.py
[2025-10-12T14:46:08.119+0000] {processor.py:840} INFO - DAG(s) 'tutorial_dag' retrieved from /home/airflow/.local/lib/python3.8/site-packages/airflow/example_dags/tutorial_dag.py
[2025-10-12T14:46:08.153+0000] {logging_mixin.py:188} INFO - [2025-10-12T14:46:08.152+0000] {dag.py:3036} INFO - Sync 1 DAGs
[2025-10-12T14:46:08.169+0000] {logging_mixin.py:188} INFO - [2025-10-12T14:46:08.169+0000] {dag.py:3823} INFO - Setting next_dagrun for tutorial_dag to None, run_after=None
[2025-10-12T14:46:08.218+0000] {processor.py:183} INFO - Processing /home/airflow/.local/lib/python3.8/site-packages/airflow/example_dags/tutorial_dag.py took 0.116 seconds
[2025-10-12T14:46:38.833+0000] {processor.py:161} INFO - Started process (PID=37517) to work on /home/airflow/.local/lib/python3.8/site-packages/airflow/example_dags/tutorial_dag.py
[2025-10-12T14:46:38.834+0000] {processor.py:830} INFO - Processing file /home/airflow/.local/lib/python3.8/site-packages/airflow/example_dags/tutorial_dag.py for tasks to queue
[2025-10-12T14:46:38.837+0000] {logging_mixin.py:188} INFO - [2025-10-12T14:46:38.836+0000] {dagbag.py:538} INFO - Filling up the DagBag from /home/airflow/.local/lib/python3.8/site-packages/airflow/example_dags/tutorial_dag.py
[2025-10-12T14:46:38.844+0000] {processor.py:840} INFO - DAG(s) 'tutorial_dag' retrieved from /home/airflow/.local/lib/python3.8/site-packages/airflow/example_dags/tutorial_dag.py
[2025-10-12T14:46:38.880+0000] {logging_mixin.py:188} INFO - [2025-10-12T14:46:38.879+0000] {dag.py:3036} INFO - Sync 1 DAGs
[2025-10-12T14:46:38.896+0000] {logging_mixin.py:188} INFO - [2025-10-12T14:46:38.895+0000] {dag.py:3823} INFO - Setting next_dagrun for tutorial_dag to None, run_after=None
[2025-10-12T14:46:38.963+0000] {processor.py:183} INFO - Processing /home/airflow/.local/lib/python3.8/site-packages/airflow/example_dags/tutorial_dag.py took 0.135 seconds
[2025-10-12T14:47:09.043+0000] {processor.py:161} INFO - Started process (PID=37587) to work on /home/airflow/.local/lib/python3.8/site-packages/airflow/example_dags/tutorial_dag.py
[2025-10-12T14:47:09.044+0000] {processor.py:830} INFO - Processing file /home/airflow/.local/lib/python3.8/site-packages/airflow/example_dags/tutorial_dag.py for tasks to queue
[2025-10-12T14:47:09.046+0000] {logging_mixin.py:188} INFO - [2025-10-12T14:47:09.046+0000] {dagbag.py:538} INFO - Filling up the DagBag from /home/airflow/.local/lib/python3.8/site-packages/airflow/example_dags/tutorial_dag.py
[2025-10-12T14:47:09.052+0000] {processor.py:840} INFO - DAG(s) 'tutorial_dag' retrieved from /home/airflow/.local/lib/python3.8/site-packages/airflow/example_dags/tutorial_dag.py
[2025-10-12T14:47:09.079+0000] {logging_mixin.py:188} INFO - [2025-10-12T14:47:09.079+0000] {dag.py:3036} INFO - Sync 1 DAGs
[2025-10-12T14:47:09.093+0000] {logging_mixin.py:188} INFO - [2025-10-12T14:47:09.093+0000] {dag.py:3823} INFO - Setting next_dagrun for tutorial_dag to None, run_after=None
[2025-10-12T14:47:09.119+0000] {processor.py:183} INFO - Processing /home/airflow/.local/lib/python3.8/site-packages/airflow/example_dags/tutorial_dag.py took 0.079 seconds
[2025-10-12T15:33:27.922+0000] {processor.py:161} INFO - Started process (PID=37655) to work on /home/airflow/.local/lib/python3.8/site-packages/airflow/example_dags/tutorial_dag.py
[2025-10-12T15:33:27.924+0000] {processor.py:830} INFO - Processing file /home/airflow/.local/lib/python3.8/site-packages/airflow/example_dags/tutorial_dag.py for tasks to queue
[2025-10-12T15:33:27.927+0000] {logging_mixin.py:188} INFO - [2025-10-12T15:33:27.926+0000] {dagbag.py:538} INFO - Filling up the DagBag from /home/airflow/.local/lib/python3.8/site-packages/airflow/example_dags/tutorial_dag.py
[2025-10-12T15:33:27.937+0000] {processor.py:840} INFO - DAG(s) 'tutorial_dag' retrieved from /home/airflow/.local/lib/python3.8/site-packages/airflow/example_dags/tutorial_dag.py
[2025-10-12T15:33:27.974+0000] {logging_mixin.py:188} INFO - [2025-10-12T15:33:27.974+0000] {dag.py:3036} INFO - Sync 1 DAGs
[2025-10-12T15:33:27.991+0000] {logging_mixin.py:188} INFO - [2025-10-12T15:33:27.991+0000] {dag.py:3823} INFO - Setting next_dagrun for tutorial_dag to None, run_after=None
[2025-10-12T15:33:28.040+0000] {processor.py:183} INFO - Processing /home/airflow/.local/lib/python3.8/site-packages/airflow/example_dags/tutorial_dag.py took 0.123 seconds
[2025-10-12T15:33:59.503+0000] {processor.py:161} INFO - Started process (PID=37725) to work on /home/airflow/.local/lib/python3.8/site-packages/airflow/example_dags/tutorial_dag.py
[2025-10-12T15:33:59.504+0000] {processor.py:830} INFO - Processing file /home/airflow/.local/lib/python3.8/site-packages/airflow/example_dags/tutorial_dag.py for tasks to queue
[2025-10-12T15:33:59.508+0000] {logging_mixin.py:188} INFO - [2025-10-12T15:33:59.507+0000] {dagbag.py:538} INFO - Filling up the DagBag from /home/airflow/.local/lib/python3.8/site-packages/airflow/example_dags/tutorial_dag.py
[2025-10-12T15:33:59.515+0000] {processor.py:840} INFO - DAG(s) 'tutorial_dag' retrieved from /home/airflow/.local/lib/python3.8/site-packages/airflow/example_dags/tutorial_dag.py
[2025-10-12T15:33:59.548+0000] {logging_mixin.py:188} INFO - [2025-10-12T15:33:59.547+0000] {dag.py:3036} INFO - Sync 1 DAGs
[2025-10-12T15:33:59.567+0000] {logging_mixin.py:188} INFO - [2025-10-12T15:33:59.566+0000] {dag.py:3823} INFO - Setting next_dagrun for tutorial_dag to None, run_after=None
[2025-10-12T15:33:59.614+0000] {processor.py:183} INFO - Processing /home/airflow/.local/lib/python3.8/site-packages/airflow/example_dags/tutorial_dag.py took 0.116 seconds
[2025-10-12T15:34:30.485+0000] {processor.py:161} INFO - Started process (PID=37796) to work on /home/airflow/.local/lib/python3.8/site-packages/airflow/example_dags/tutorial_dag.py
[2025-10-12T15:34:30.486+0000] {processor.py:830} INFO - Processing file /home/airflow/.local/lib/python3.8/site-packages/airflow/example_dags/tutorial_dag.py for tasks to queue
[2025-10-12T15:34:30.490+0000] {logging_mixin.py:188} INFO - [2025-10-12T15:34:30.490+0000] {dagbag.py:538} INFO - Filling up the DagBag from /home/airflow/.local/lib/python3.8/site-packages/airflow/example_dags/tutorial_dag.py
[2025-10-12T15:34:30.501+0000] {processor.py:840} INFO - DAG(s) 'tutorial_dag' retrieved from /home/airflow/.local/lib/python3.8/site-packages/airflow/example_dags/tutorial_dag.py
[2025-10-12T15:34:30.541+0000] {logging_mixin.py:188} INFO - [2025-10-12T15:34:30.540+0000] {dag.py:3036} INFO - Sync 1 DAGs
[2025-10-12T15:34:30.562+0000] {logging_mixin.py:188} INFO - [2025-10-12T15:34:30.562+0000] {dag.py:3823} INFO - Setting next_dagrun for tutorial_dag to None, run_after=None
[2025-10-12T15:34:30.633+0000] {processor.py:183} INFO - Processing /home/airflow/.local/lib/python3.8/site-packages/airflow/example_dags/tutorial_dag.py took 0.154 seconds
[2025-10-12T15:35:02.098+0000] {processor.py:161} INFO - Started process (PID=37866) to work on /home/airflow/.local/lib/python3.8/site-packages/airflow/example_dags/tutorial_dag.py
[2025-10-12T15:35:02.100+0000] {processor.py:830} INFO - Processing file /home/airflow/.local/lib/python3.8/site-packages/airflow/example_dags/tutorial_dag.py for tasks to queue
[2025-10-12T15:35:02.103+0000] {logging_mixin.py:188} INFO - [2025-10-12T15:35:02.102+0000] {dagbag.py:538} INFO - Filling up the DagBag from /home/airflow/.local/lib/python3.8/site-packages/airflow/example_dags/tutorial_dag.py
[2025-10-12T15:35:02.111+0000] {processor.py:840} INFO - DAG(s) 'tutorial_dag' retrieved from /home/airflow/.local/lib/python3.8/site-packages/airflow/example_dags/tutorial_dag.py
[2025-10-12T15:35:02.148+0000] {logging_mixin.py:188} INFO - [2025-10-12T15:35:02.147+0000] {dag.py:3036} INFO - Sync 1 DAGs
[2025-10-12T15:35:02.168+0000] {logging_mixin.py:188} INFO - [2025-10-12T15:35:02.168+0000] {dag.py:3823} INFO - Setting next_dagrun for tutorial_dag to None, run_after=None
[2025-10-12T15:35:02.200+0000] {processor.py:183} INFO - Processing /home/airflow/.local/lib/python3.8/site-packages/airflow/example_dags/tutorial_dag.py took 0.107 seconds
[2025-10-12T15:35:33.435+0000] {processor.py:161} INFO - Started process (PID=37936) to work on /home/airflow/.local/lib/python3.8/site-packages/airflow/example_dags/tutorial_dag.py
[2025-10-12T15:35:33.437+0000] {processor.py:830} INFO - Processing file /home/airflow/.local/lib/python3.8/site-packages/airflow/example_dags/tutorial_dag.py for tasks to queue
[2025-10-12T15:35:33.440+0000] {logging_mixin.py:188} INFO - [2025-10-12T15:35:33.439+0000] {dagbag.py:538} INFO - Filling up the DagBag from /home/airflow/.local/lib/python3.8/site-packages/airflow/example_dags/tutorial_dag.py
[2025-10-12T15:35:33.451+0000] {processor.py:840} INFO - DAG(s) 'tutorial_dag' retrieved from /home/airflow/.local/lib/python3.8/site-packages/airflow/example_dags/tutorial_dag.py
[2025-10-12T15:35:33.498+0000] {logging_mixin.py:188} INFO - [2025-10-12T15:35:33.497+0000] {dag.py:3036} INFO - Sync 1 DAGs
[2025-10-12T15:35:33.520+0000] {logging_mixin.py:188} INFO - [2025-10-12T15:35:33.519+0000] {dag.py:3823} INFO - Setting next_dagrun for tutorial_dag to None, run_after=None
[2025-10-12T15:35:33.576+0000] {processor.py:183} INFO - Processing /home/airflow/.local/lib/python3.8/site-packages/airflow/example_dags/tutorial_dag.py took 0.147 seconds
[2025-10-12T15:36:05.742+0000] {processor.py:161} INFO - Started process (PID=38006) to work on /home/airflow/.local/lib/python3.8/site-packages/airflow/example_dags/tutorial_dag.py
[2025-10-12T15:36:05.746+0000] {processor.py:830} INFO - Processing file /home/airflow/.local/lib/python3.8/site-packages/airflow/example_dags/tutorial_dag.py for tasks to queue
[2025-10-12T15:36:05.750+0000] {logging_mixin.py:188} INFO - [2025-10-12T15:36:05.750+0000] {dagbag.py:538} INFO - Filling up the DagBag from /home/airflow/.local/lib/python3.8/site-packages/airflow/example_dags/tutorial_dag.py
[2025-10-12T15:36:05.760+0000] {processor.py:840} INFO - DAG(s) 'tutorial_dag' retrieved from /home/airflow/.local/lib/python3.8/site-packages/airflow/example_dags/tutorial_dag.py
[2025-10-12T15:36:05.812+0000] {logging_mixin.py:188} INFO - [2025-10-12T15:36:05.812+0000] {dag.py:3036} INFO - Sync 1 DAGs
[2025-10-12T15:36:05.843+0000] {logging_mixin.py:188} INFO - [2025-10-12T15:36:05.842+0000] {dag.py:3823} INFO - Setting next_dagrun for tutorial_dag to None, run_after=None
[2025-10-12T15:36:05.888+0000] {processor.py:183} INFO - Processing /home/airflow/.local/lib/python3.8/site-packages/airflow/example_dags/tutorial_dag.py took 0.152 seconds
[2025-10-12T15:36:36.797+0000] {processor.py:161} INFO - Started process (PID=38075) to work on /home/airflow/.local/lib/python3.8/site-packages/airflow/example_dags/tutorial_dag.py
[2025-10-12T15:36:36.799+0000] {processor.py:830} INFO - Processing file /home/airflow/.local/lib/python3.8/site-packages/airflow/example_dags/tutorial_dag.py for tasks to queue
[2025-10-12T15:36:36.804+0000] {logging_mixin.py:188} INFO - [2025-10-12T15:36:36.803+0000] {dagbag.py:538} INFO - Filling up the DagBag from /home/airflow/.local/lib/python3.8/site-packages/airflow/example_dags/tutorial_dag.py
[2025-10-12T15:36:36.816+0000] {processor.py:840} INFO - DAG(s) 'tutorial_dag' retrieved from /home/airflow/.local/lib/python3.8/site-packages/airflow/example_dags/tutorial_dag.py
[2025-10-12T15:36:36.870+0000] {logging_mixin.py:188} INFO - [2025-10-12T15:36:36.869+0000] {dag.py:3036} INFO - Sync 1 DAGs
[2025-10-12T15:36:36.900+0000] {logging_mixin.py:188} INFO - [2025-10-12T15:36:36.899+0000] {dag.py:3823} INFO - Setting next_dagrun for tutorial_dag to None, run_after=None
[2025-10-12T15:36:36.948+0000] {processor.py:183} INFO - Processing /home/airflow/.local/lib/python3.8/site-packages/airflow/example_dags/tutorial_dag.py took 0.157 seconds
[2025-10-12T15:37:08.446+0000] {processor.py:161} INFO - Started process (PID=38145) to work on /home/airflow/.local/lib/python3.8/site-packages/airflow/example_dags/tutorial_dag.py
[2025-10-12T15:37:08.448+0000] {processor.py:830} INFO - Processing file /home/airflow/.local/lib/python3.8/site-packages/airflow/example_dags/tutorial_dag.py for tasks to queue
[2025-10-12T15:37:08.455+0000] {logging_mixin.py:188} INFO - [2025-10-12T15:37:08.454+0000] {dagbag.py:538} INFO - Filling up the DagBag from /home/airflow/.local/lib/python3.8/site-packages/airflow/example_dags/tutorial_dag.py
[2025-10-12T15:37:08.468+0000] {processor.py:840} INFO - DAG(s) 'tutorial_dag' retrieved from /home/airflow/.local/lib/python3.8/site-packages/airflow/example_dags/tutorial_dag.py
[2025-10-12T15:37:08.517+0000] {logging_mixin.py:188} INFO - [2025-10-12T15:37:08.516+0000] {dag.py:3036} INFO - Sync 1 DAGs
[2025-10-12T15:37:08.544+0000] {logging_mixin.py:188} INFO - [2025-10-12T15:37:08.543+0000] {dag.py:3823} INFO - Setting next_dagrun for tutorial_dag to None, run_after=None
[2025-10-12T15:37:08.582+0000] {processor.py:183} INFO - Processing /home/airflow/.local/lib/python3.8/site-packages/airflow/example_dags/tutorial_dag.py took 0.143 seconds
[2025-10-12T15:37:38.840+0000] {processor.py:161} INFO - Started process (PID=38215) to work on /home/airflow/.local/lib/python3.8/site-packages/airflow/example_dags/tutorial_dag.py
[2025-10-12T15:37:38.843+0000] {processor.py:830} INFO - Processing file /home/airflow/.local/lib/python3.8/site-packages/airflow/example_dags/tutorial_dag.py for tasks to queue
[2025-10-12T15:37:38.847+0000] {logging_mixin.py:188} INFO - [2025-10-12T15:37:38.847+0000] {dagbag.py:538} INFO - Filling up the DagBag from /home/airflow/.local/lib/python3.8/site-packages/airflow/example_dags/tutorial_dag.py
[2025-10-12T15:37:38.858+0000] {processor.py:840} INFO - DAG(s) 'tutorial_dag' retrieved from /home/airflow/.local/lib/python3.8/site-packages/airflow/example_dags/tutorial_dag.py
[2025-10-12T15:37:38.904+0000] {logging_mixin.py:188} INFO - [2025-10-12T15:37:38.903+0000] {dag.py:3036} INFO - Sync 1 DAGs
[2025-10-12T15:37:38.926+0000] {logging_mixin.py:188} INFO - [2025-10-12T15:37:38.925+0000] {dag.py:3823} INFO - Setting next_dagrun for tutorial_dag to None, run_after=None
[2025-10-12T15:37:38.982+0000] {processor.py:183} INFO - Processing /home/airflow/.local/lib/python3.8/site-packages/airflow/example_dags/tutorial_dag.py took 0.149 seconds
[2025-10-12T15:38:09.956+0000] {processor.py:161} INFO - Started process (PID=38285) to work on /home/airflow/.local/lib/python3.8/site-packages/airflow/example_dags/tutorial_dag.py
[2025-10-12T15:38:09.958+0000] {processor.py:830} INFO - Processing file /home/airflow/.local/lib/python3.8/site-packages/airflow/example_dags/tutorial_dag.py for tasks to queue
[2025-10-12T15:38:09.961+0000] {logging_mixin.py:188} INFO - [2025-10-12T15:38:09.960+0000] {dagbag.py:538} INFO - Filling up the DagBag from /home/airflow/.local/lib/python3.8/site-packages/airflow/example_dags/tutorial_dag.py
[2025-10-12T15:38:09.973+0000] {processor.py:840} INFO - DAG(s) 'tutorial_dag' retrieved from /home/airflow/.local/lib/python3.8/site-packages/airflow/example_dags/tutorial_dag.py
[2025-10-12T15:38:10.028+0000] {logging_mixin.py:188} INFO - [2025-10-12T15:38:10.027+0000] {dag.py:3036} INFO - Sync 1 DAGs
[2025-10-12T15:38:10.061+0000] {logging_mixin.py:188} INFO - [2025-10-12T15:38:10.060+0000] {dag.py:3823} INFO - Setting next_dagrun for tutorial_dag to None, run_after=None
[2025-10-12T15:38:10.150+0000] {processor.py:183} INFO - Processing /home/airflow/.local/lib/python3.8/site-packages/airflow/example_dags/tutorial_dag.py took 0.204 seconds
[2025-10-12T15:38:41.764+0000] {processor.py:161} INFO - Started process (PID=38355) to work on /home/airflow/.local/lib/python3.8/site-packages/airflow/example_dags/tutorial_dag.py
[2025-10-12T15:38:41.767+0000] {processor.py:830} INFO - Processing file /home/airflow/.local/lib/python3.8/site-packages/airflow/example_dags/tutorial_dag.py for tasks to queue
[2025-10-12T15:38:41.772+0000] {logging_mixin.py:188} INFO - [2025-10-12T15:38:41.771+0000] {dagbag.py:538} INFO - Filling up the DagBag from /home/airflow/.local/lib/python3.8/site-packages/airflow/example_dags/tutorial_dag.py
[2025-10-12T15:38:41.788+0000] {processor.py:840} INFO - DAG(s) 'tutorial_dag' retrieved from /home/airflow/.local/lib/python3.8/site-packages/airflow/example_dags/tutorial_dag.py
[2025-10-12T15:38:41.837+0000] {logging_mixin.py:188} INFO - [2025-10-12T15:38:41.836+0000] {dag.py:3036} INFO - Sync 1 DAGs
[2025-10-12T15:38:41.863+0000] {logging_mixin.py:188} INFO - [2025-10-12T15:38:41.862+0000] {dag.py:3823} INFO - Setting next_dagrun for tutorial_dag to None, run_after=None
[2025-10-12T15:38:41.904+0000] {processor.py:183} INFO - Processing /home/airflow/.local/lib/python3.8/site-packages/airflow/example_dags/tutorial_dag.py took 0.149 seconds
[2025-10-12T15:39:16.587+0000] {processor.py:161} INFO - Started process (PID=38425) to work on /home/airflow/.local/lib/python3.8/site-packages/airflow/example_dags/tutorial_dag.py
[2025-10-12T15:39:16.589+0000] {processor.py:830} INFO - Processing file /home/airflow/.local/lib/python3.8/site-packages/airflow/example_dags/tutorial_dag.py for tasks to queue
[2025-10-12T15:39:16.595+0000] {logging_mixin.py:188} INFO - [2025-10-12T15:39:16.594+0000] {dagbag.py:538} INFO - Filling up the DagBag from /home/airflow/.local/lib/python3.8/site-packages/airflow/example_dags/tutorial_dag.py
[2025-10-12T15:39:16.617+0000] {processor.py:840} INFO - DAG(s) 'tutorial_dag' retrieved from /home/airflow/.local/lib/python3.8/site-packages/airflow/example_dags/tutorial_dag.py
[2025-10-12T15:39:16.733+0000] {logging_mixin.py:188} INFO - [2025-10-12T15:39:16.732+0000] {dag.py:3036} INFO - Sync 1 DAGs
[2025-10-12T15:39:16.791+0000] {logging_mixin.py:188} INFO - [2025-10-12T15:39:16.790+0000] {dag.py:3823} INFO - Setting next_dagrun for tutorial_dag to None, run_after=None
[2025-10-12T15:39:16.863+0000] {processor.py:183} INFO - Processing /home/airflow/.local/lib/python3.8/site-packages/airflow/example_dags/tutorial_dag.py took 0.288 seconds
[2025-10-12T15:39:48.716+0000] {processor.py:161} INFO - Started process (PID=38495) to work on /home/airflow/.local/lib/python3.8/site-packages/airflow/example_dags/tutorial_dag.py
[2025-10-12T15:39:48.719+0000] {processor.py:830} INFO - Processing file /home/airflow/.local/lib/python3.8/site-packages/airflow/example_dags/tutorial_dag.py for tasks to queue
[2025-10-12T15:39:48.732+0000] {logging_mixin.py:188} INFO - [2025-10-12T15:39:48.731+0000] {dagbag.py:538} INFO - Filling up the DagBag from /home/airflow/.local/lib/python3.8/site-packages/airflow/example_dags/tutorial_dag.py
[2025-10-12T15:39:48.769+0000] {processor.py:840} INFO - DAG(s) 'tutorial_dag' retrieved from /home/airflow/.local/lib/python3.8/site-packages/airflow/example_dags/tutorial_dag.py
[2025-10-12T15:39:48.921+0000] {logging_mixin.py:188} INFO - [2025-10-12T15:39:48.920+0000] {dag.py:3036} INFO - Sync 1 DAGs
[2025-10-12T15:39:48.987+0000] {logging_mixin.py:188} INFO - [2025-10-12T15:39:48.986+0000] {dag.py:3823} INFO - Setting next_dagrun for tutorial_dag to None, run_after=None
[2025-10-12T15:39:49.067+0000] {processor.py:183} INFO - Processing /home/airflow/.local/lib/python3.8/site-packages/airflow/example_dags/tutorial_dag.py took 0.370 seconds
[2025-10-12T15:40:19.162+0000] {processor.py:161} INFO - Started process (PID=38565) to work on /home/airflow/.local/lib/python3.8/site-packages/airflow/example_dags/tutorial_dag.py
[2025-10-12T15:40:19.164+0000] {processor.py:830} INFO - Processing file /home/airflow/.local/lib/python3.8/site-packages/airflow/example_dags/tutorial_dag.py for tasks to queue
[2025-10-12T15:40:19.168+0000] {logging_mixin.py:188} INFO - [2025-10-12T15:40:19.167+0000] {dagbag.py:538} INFO - Filling up the DagBag from /home/airflow/.local/lib/python3.8/site-packages/airflow/example_dags/tutorial_dag.py
[2025-10-12T15:40:19.179+0000] {processor.py:840} INFO - DAG(s) 'tutorial_dag' retrieved from /home/airflow/.local/lib/python3.8/site-packages/airflow/example_dags/tutorial_dag.py
[2025-10-12T15:40:19.224+0000] {logging_mixin.py:188} INFO - [2025-10-12T15:40:19.224+0000] {dag.py:3036} INFO - Sync 1 DAGs
[2025-10-12T15:40:19.247+0000] {logging_mixin.py:188} INFO - [2025-10-12T15:40:19.247+0000] {dag.py:3823} INFO - Setting next_dagrun for tutorial_dag to None, run_after=None
[2025-10-12T15:40:19.282+0000] {processor.py:183} INFO - Processing /home/airflow/.local/lib/python3.8/site-packages/airflow/example_dags/tutorial_dag.py took 0.126 seconds
[2025-10-12T15:40:49.548+0000] {processor.py:161} INFO - Started process (PID=38635) to work on /home/airflow/.local/lib/python3.8/site-packages/airflow/example_dags/tutorial_dag.py
[2025-10-12T15:40:49.551+0000] {processor.py:830} INFO - Processing file /home/airflow/.local/lib/python3.8/site-packages/airflow/example_dags/tutorial_dag.py for tasks to queue
[2025-10-12T15:40:49.555+0000] {logging_mixin.py:188} INFO - [2025-10-12T15:40:49.554+0000] {dagbag.py:538} INFO - Filling up the DagBag from /home/airflow/.local/lib/python3.8/site-packages/airflow/example_dags/tutorial_dag.py
[2025-10-12T15:40:49.566+0000] {processor.py:840} INFO - DAG(s) 'tutorial_dag' retrieved from /home/airflow/.local/lib/python3.8/site-packages/airflow/example_dags/tutorial_dag.py
[2025-10-12T15:40:49.623+0000] {logging_mixin.py:188} INFO - [2025-10-12T15:40:49.622+0000] {dag.py:3036} INFO - Sync 1 DAGs
[2025-10-12T15:40:49.651+0000] {logging_mixin.py:188} INFO - [2025-10-12T15:40:49.650+0000] {dag.py:3823} INFO - Setting next_dagrun for tutorial_dag to None, run_after=None
[2025-10-12T15:40:49.686+0000] {processor.py:183} INFO - Processing /home/airflow/.local/lib/python3.8/site-packages/airflow/example_dags/tutorial_dag.py took 0.147 seconds
[2025-10-12T15:41:20.875+0000] {processor.py:161} INFO - Started process (PID=38705) to work on /home/airflow/.local/lib/python3.8/site-packages/airflow/example_dags/tutorial_dag.py
[2025-10-12T15:41:20.877+0000] {processor.py:830} INFO - Processing file /home/airflow/.local/lib/python3.8/site-packages/airflow/example_dags/tutorial_dag.py for tasks to queue
[2025-10-12T15:41:20.882+0000] {logging_mixin.py:188} INFO - [2025-10-12T15:41:20.881+0000] {dagbag.py:538} INFO - Filling up the DagBag from /home/airflow/.local/lib/python3.8/site-packages/airflow/example_dags/tutorial_dag.py
[2025-10-12T15:41:20.896+0000] {processor.py:840} INFO - DAG(s) 'tutorial_dag' retrieved from /home/airflow/.local/lib/python3.8/site-packages/airflow/example_dags/tutorial_dag.py
[2025-10-12T15:41:20.939+0000] {logging_mixin.py:188} INFO - [2025-10-12T15:41:20.939+0000] {dag.py:3036} INFO - Sync 1 DAGs
[2025-10-12T15:41:20.967+0000] {logging_mixin.py:188} INFO - [2025-10-12T15:41:20.966+0000] {dag.py:3823} INFO - Setting next_dagrun for tutorial_dag to None, run_after=None
[2025-10-12T15:41:21.021+0000] {processor.py:183} INFO - Processing /home/airflow/.local/lib/python3.8/site-packages/airflow/example_dags/tutorial_dag.py took 0.152 seconds
[2025-10-12T15:41:51.220+0000] {processor.py:161} INFO - Started process (PID=38775) to work on /home/airflow/.local/lib/python3.8/site-packages/airflow/example_dags/tutorial_dag.py
[2025-10-12T15:41:51.223+0000] {processor.py:830} INFO - Processing file /home/airflow/.local/lib/python3.8/site-packages/airflow/example_dags/tutorial_dag.py for tasks to queue
[2025-10-12T15:41:51.226+0000] {logging_mixin.py:188} INFO - [2025-10-12T15:41:51.225+0000] {dagbag.py:538} INFO - Filling up the DagBag from /home/airflow/.local/lib/python3.8/site-packages/airflow/example_dags/tutorial_dag.py
[2025-10-12T15:41:51.235+0000] {processor.py:840} INFO - DAG(s) 'tutorial_dag' retrieved from /home/airflow/.local/lib/python3.8/site-packages/airflow/example_dags/tutorial_dag.py
[2025-10-12T15:41:51.281+0000] {logging_mixin.py:188} INFO - [2025-10-12T15:41:51.281+0000] {dag.py:3036} INFO - Sync 1 DAGs
[2025-10-12T15:41:51.305+0000] {logging_mixin.py:188} INFO - [2025-10-12T15:41:51.304+0000] {dag.py:3823} INFO - Setting next_dagrun for tutorial_dag to None, run_after=None
[2025-10-12T15:41:51.341+0000] {processor.py:183} INFO - Processing /home/airflow/.local/lib/python3.8/site-packages/airflow/example_dags/tutorial_dag.py took 0.126 seconds
[2025-10-12T15:42:23.230+0000] {processor.py:161} INFO - Started process (PID=38846) to work on /home/airflow/.local/lib/python3.8/site-packages/airflow/example_dags/tutorial_dag.py
[2025-10-12T15:42:23.232+0000] {processor.py:830} INFO - Processing file /home/airflow/.local/lib/python3.8/site-packages/airflow/example_dags/tutorial_dag.py for tasks to queue
[2025-10-12T15:42:23.235+0000] {logging_mixin.py:188} INFO - [2025-10-12T15:42:23.234+0000] {dagbag.py:538} INFO - Filling up the DagBag from /home/airflow/.local/lib/python3.8/site-packages/airflow/example_dags/tutorial_dag.py
[2025-10-12T15:42:23.246+0000] {processor.py:840} INFO - DAG(s) 'tutorial_dag' retrieved from /home/airflow/.local/lib/python3.8/site-packages/airflow/example_dags/tutorial_dag.py
[2025-10-12T15:42:23.312+0000] {logging_mixin.py:188} INFO - [2025-10-12T15:42:23.311+0000] {dag.py:3036} INFO - Sync 1 DAGs
[2025-10-12T15:42:23.358+0000] {logging_mixin.py:188} INFO - [2025-10-12T15:42:23.357+0000] {dag.py:3823} INFO - Setting next_dagrun for tutorial_dag to None, run_after=None
[2025-10-12T15:42:23.423+0000] {processor.py:183} INFO - Processing /home/airflow/.local/lib/python3.8/site-packages/airflow/example_dags/tutorial_dag.py took 0.198 seconds
[2025-10-12T15:43:03.818+0000] {processor.py:161} INFO - Started process (PID=38922) to work on /home/airflow/.local/lib/python3.8/site-packages/airflow/example_dags/tutorial_dag.py
[2025-10-12T15:43:03.821+0000] {processor.py:830} INFO - Processing file /home/airflow/.local/lib/python3.8/site-packages/airflow/example_dags/tutorial_dag.py for tasks to queue
[2025-10-12T15:43:03.834+0000] {logging_mixin.py:188} INFO - [2025-10-12T15:43:03.827+0000] {dagbag.py:538} INFO - Filling up the DagBag from /home/airflow/.local/lib/python3.8/site-packages/airflow/example_dags/tutorial_dag.py
[2025-10-12T15:43:03.865+0000] {processor.py:840} INFO - DAG(s) 'tutorial_dag' retrieved from /home/airflow/.local/lib/python3.8/site-packages/airflow/example_dags/tutorial_dag.py
[2025-10-12T15:43:03.954+0000] {logging_mixin.py:188} INFO - [2025-10-12T15:43:03.951+0000] {dag.py:3036} INFO - Sync 1 DAGs
[2025-10-12T15:43:04.021+0000] {logging_mixin.py:188} INFO - [2025-10-12T15:43:04.019+0000] {dag.py:3823} INFO - Setting next_dagrun for tutorial_dag to None, run_after=None
[2025-10-12T15:43:04.169+0000] {processor.py:183} INFO - Processing /home/airflow/.local/lib/python3.8/site-packages/airflow/example_dags/tutorial_dag.py took 0.367 seconds
[2025-10-12T15:43:35.379+0000] {processor.py:161} INFO - Started process (PID=38992) to work on /home/airflow/.local/lib/python3.8/site-packages/airflow/example_dags/tutorial_dag.py
[2025-10-12T15:43:35.380+0000] {processor.py:830} INFO - Processing file /home/airflow/.local/lib/python3.8/site-packages/airflow/example_dags/tutorial_dag.py for tasks to queue
[2025-10-12T15:43:35.383+0000] {logging_mixin.py:188} INFO - [2025-10-12T15:43:35.383+0000] {dagbag.py:538} INFO - Filling up the DagBag from /home/airflow/.local/lib/python3.8/site-packages/airflow/example_dags/tutorial_dag.py
[2025-10-12T15:43:35.391+0000] {processor.py:840} INFO - DAG(s) 'tutorial_dag' retrieved from /home/airflow/.local/lib/python3.8/site-packages/airflow/example_dags/tutorial_dag.py
[2025-10-12T15:43:35.424+0000] {logging_mixin.py:188} INFO - [2025-10-12T15:43:35.424+0000] {dag.py:3036} INFO - Sync 1 DAGs
[2025-10-12T15:43:35.442+0000] {logging_mixin.py:188} INFO - [2025-10-12T15:43:35.442+0000] {dag.py:3823} INFO - Setting next_dagrun for tutorial_dag to None, run_after=None
[2025-10-12T15:43:35.496+0000] {processor.py:183} INFO - Processing /home/airflow/.local/lib/python3.8/site-packages/airflow/example_dags/tutorial_dag.py took 0.122 seconds
[2025-10-12T15:44:05.638+0000] {processor.py:161} INFO - Started process (PID=39062) to work on /home/airflow/.local/lib/python3.8/site-packages/airflow/example_dags/tutorial_dag.py
[2025-10-12T15:44:05.640+0000] {processor.py:830} INFO - Processing file /home/airflow/.local/lib/python3.8/site-packages/airflow/example_dags/tutorial_dag.py for tasks to queue
[2025-10-12T15:44:05.644+0000] {logging_mixin.py:188} INFO - [2025-10-12T15:44:05.643+0000] {dagbag.py:538} INFO - Filling up the DagBag from /home/airflow/.local/lib/python3.8/site-packages/airflow/example_dags/tutorial_dag.py
[2025-10-12T15:44:05.654+0000] {processor.py:840} INFO - DAG(s) 'tutorial_dag' retrieved from /home/airflow/.local/lib/python3.8/site-packages/airflow/example_dags/tutorial_dag.py
[2025-10-12T15:44:05.696+0000] {logging_mixin.py:188} INFO - [2025-10-12T15:44:05.695+0000] {dag.py:3036} INFO - Sync 1 DAGs
[2025-10-12T15:44:05.714+0000] {logging_mixin.py:188} INFO - [2025-10-12T15:44:05.714+0000] {dag.py:3823} INFO - Setting next_dagrun for tutorial_dag to None, run_after=None
[2025-10-12T15:44:05.742+0000] {processor.py:183} INFO - Processing /home/airflow/.local/lib/python3.8/site-packages/airflow/example_dags/tutorial_dag.py took 0.111 seconds
[2025-10-12T15:44:36.516+0000] {processor.py:161} INFO - Started process (PID=39132) to work on /home/airflow/.local/lib/python3.8/site-packages/airflow/example_dags/tutorial_dag.py
[2025-10-12T15:44:36.517+0000] {processor.py:830} INFO - Processing file /home/airflow/.local/lib/python3.8/site-packages/airflow/example_dags/tutorial_dag.py for tasks to queue
[2025-10-12T15:44:36.521+0000] {logging_mixin.py:188} INFO - [2025-10-12T15:44:36.520+0000] {dagbag.py:538} INFO - Filling up the DagBag from /home/airflow/.local/lib/python3.8/site-packages/airflow/example_dags/tutorial_dag.py
[2025-10-12T15:44:36.532+0000] {processor.py:840} INFO - DAG(s) 'tutorial_dag' retrieved from /home/airflow/.local/lib/python3.8/site-packages/airflow/example_dags/tutorial_dag.py
[2025-10-12T15:44:36.574+0000] {logging_mixin.py:188} INFO - [2025-10-12T15:44:36.573+0000] {dag.py:3036} INFO - Sync 1 DAGs
[2025-10-12T15:44:36.595+0000] {logging_mixin.py:188} INFO - [2025-10-12T15:44:36.595+0000] {dag.py:3823} INFO - Setting next_dagrun for tutorial_dag to None, run_after=None
[2025-10-12T15:44:36.629+0000] {processor.py:183} INFO - Processing /home/airflow/.local/lib/python3.8/site-packages/airflow/example_dags/tutorial_dag.py took 0.119 seconds
[2025-10-12T15:45:07.337+0000] {processor.py:161} INFO - Started process (PID=39202) to work on /home/airflow/.local/lib/python3.8/site-packages/airflow/example_dags/tutorial_dag.py
[2025-10-12T15:45:07.339+0000] {processor.py:830} INFO - Processing file /home/airflow/.local/lib/python3.8/site-packages/airflow/example_dags/tutorial_dag.py for tasks to queue
[2025-10-12T15:45:07.342+0000] {logging_mixin.py:188} INFO - [2025-10-12T15:45:07.341+0000] {dagbag.py:538} INFO - Filling up the DagBag from /home/airflow/.local/lib/python3.8/site-packages/airflow/example_dags/tutorial_dag.py
[2025-10-12T15:45:07.353+0000] {processor.py:840} INFO - DAG(s) 'tutorial_dag' retrieved from /home/airflow/.local/lib/python3.8/site-packages/airflow/example_dags/tutorial_dag.py
[2025-10-12T15:45:07.407+0000] {logging_mixin.py:188} INFO - [2025-10-12T15:45:07.406+0000] {dag.py:3036} INFO - Sync 1 DAGs
[2025-10-12T15:45:07.430+0000] {logging_mixin.py:188} INFO - [2025-10-12T15:45:07.429+0000] {dag.py:3823} INFO - Setting next_dagrun for tutorial_dag to None, run_after=None
[2025-10-12T15:45:07.487+0000] {processor.py:183} INFO - Processing /home/airflow/.local/lib/python3.8/site-packages/airflow/example_dags/tutorial_dag.py took 0.155 seconds
[2025-10-12T15:45:38.351+0000] {processor.py:161} INFO - Started process (PID=39272) to work on /home/airflow/.local/lib/python3.8/site-packages/airflow/example_dags/tutorial_dag.py
[2025-10-12T15:45:38.354+0000] {processor.py:830} INFO - Processing file /home/airflow/.local/lib/python3.8/site-packages/airflow/example_dags/tutorial_dag.py for tasks to queue
[2025-10-12T15:45:38.358+0000] {logging_mixin.py:188} INFO - [2025-10-12T15:45:38.357+0000] {dagbag.py:538} INFO - Filling up the DagBag from /home/airflow/.local/lib/python3.8/site-packages/airflow/example_dags/tutorial_dag.py
[2025-10-12T15:45:38.367+0000] {processor.py:840} INFO - DAG(s) 'tutorial_dag' retrieved from /home/airflow/.local/lib/python3.8/site-packages/airflow/example_dags/tutorial_dag.py
[2025-10-12T15:45:38.418+0000] {logging_mixin.py:188} INFO - [2025-10-12T15:45:38.417+0000] {dag.py:3036} INFO - Sync 1 DAGs
[2025-10-12T15:45:38.445+0000] {logging_mixin.py:188} INFO - [2025-10-12T15:45:38.444+0000] {dag.py:3823} INFO - Setting next_dagrun for tutorial_dag to None, run_after=None
[2025-10-12T15:45:38.481+0000] {processor.py:183} INFO - Processing /home/airflow/.local/lib/python3.8/site-packages/airflow/example_dags/tutorial_dag.py took 0.137 seconds
[2025-10-12T15:46:08.897+0000] {processor.py:161} INFO - Started process (PID=39342) to work on /home/airflow/.local/lib/python3.8/site-packages/airflow/example_dags/tutorial_dag.py
[2025-10-12T15:46:08.899+0000] {processor.py:830} INFO - Processing file /home/airflow/.local/lib/python3.8/site-packages/airflow/example_dags/tutorial_dag.py for tasks to queue
[2025-10-12T15:46:08.903+0000] {logging_mixin.py:188} INFO - [2025-10-12T15:46:08.902+0000] {dagbag.py:538} INFO - Filling up the DagBag from /home/airflow/.local/lib/python3.8/site-packages/airflow/example_dags/tutorial_dag.py
[2025-10-12T15:46:08.912+0000] {processor.py:840} INFO - DAG(s) 'tutorial_dag' retrieved from /home/airflow/.local/lib/python3.8/site-packages/airflow/example_dags/tutorial_dag.py
[2025-10-12T15:46:08.952+0000] {logging_mixin.py:188} INFO - [2025-10-12T15:46:08.951+0000] {dag.py:3036} INFO - Sync 1 DAGs
[2025-10-12T15:46:08.974+0000] {logging_mixin.py:188} INFO - [2025-10-12T15:46:08.974+0000] {dag.py:3823} INFO - Setting next_dagrun for tutorial_dag to None, run_after=None
[2025-10-12T15:46:09.010+0000] {processor.py:183} INFO - Processing /home/airflow/.local/lib/python3.8/site-packages/airflow/example_dags/tutorial_dag.py took 0.120 seconds
[2025-10-12T15:46:39.875+0000] {processor.py:161} INFO - Started process (PID=39412) to work on /home/airflow/.local/lib/python3.8/site-packages/airflow/example_dags/tutorial_dag.py
[2025-10-12T15:46:39.877+0000] {processor.py:830} INFO - Processing file /home/airflow/.local/lib/python3.8/site-packages/airflow/example_dags/tutorial_dag.py for tasks to queue
[2025-10-12T15:46:39.881+0000] {logging_mixin.py:188} INFO - [2025-10-12T15:46:39.880+0000] {dagbag.py:538} INFO - Filling up the DagBag from /home/airflow/.local/lib/python3.8/site-packages/airflow/example_dags/tutorial_dag.py
[2025-10-12T15:46:39.891+0000] {processor.py:840} INFO - DAG(s) 'tutorial_dag' retrieved from /home/airflow/.local/lib/python3.8/site-packages/airflow/example_dags/tutorial_dag.py
[2025-10-12T15:46:39.926+0000] {logging_mixin.py:188} INFO - [2025-10-12T15:46:39.926+0000] {dag.py:3036} INFO - Sync 1 DAGs
[2025-10-12T15:46:39.946+0000] {logging_mixin.py:188} INFO - [2025-10-12T15:46:39.946+0000] {dag.py:3823} INFO - Setting next_dagrun for tutorial_dag to None, run_after=None
[2025-10-12T15:46:39.997+0000] {processor.py:183} INFO - Processing /home/airflow/.local/lib/python3.8/site-packages/airflow/example_dags/tutorial_dag.py took 0.130 seconds
[2025-10-12T15:47:12.222+0000] {processor.py:161} INFO - Started process (PID=39481) to work on /home/airflow/.local/lib/python3.8/site-packages/airflow/example_dags/tutorial_dag.py
[2025-10-12T15:47:12.228+0000] {processor.py:830} INFO - Processing file /home/airflow/.local/lib/python3.8/site-packages/airflow/example_dags/tutorial_dag.py for tasks to queue
[2025-10-12T15:47:12.238+0000] {logging_mixin.py:188} INFO - [2025-10-12T15:47:12.237+0000] {dagbag.py:538} INFO - Filling up the DagBag from /home/airflow/.local/lib/python3.8/site-packages/airflow/example_dags/tutorial_dag.py
[2025-10-12T15:47:12.256+0000] {processor.py:840} INFO - DAG(s) 'tutorial_dag' retrieved from /home/airflow/.local/lib/python3.8/site-packages/airflow/example_dags/tutorial_dag.py
[2025-10-12T15:47:12.322+0000] {logging_mixin.py:188} INFO - [2025-10-12T15:47:12.322+0000] {dag.py:3036} INFO - Sync 1 DAGs
[2025-10-12T15:47:12.357+0000] {logging_mixin.py:188} INFO - [2025-10-12T15:47:12.356+0000] {dag.py:3823} INFO - Setting next_dagrun for tutorial_dag to None, run_after=None
[2025-10-12T15:47:12.420+0000] {processor.py:183} INFO - Processing /home/airflow/.local/lib/python3.8/site-packages/airflow/example_dags/tutorial_dag.py took 0.205 seconds
[2025-10-12T15:47:44.803+0000] {processor.py:161} INFO - Started process (PID=39551) to work on /home/airflow/.local/lib/python3.8/site-packages/airflow/example_dags/tutorial_dag.py
[2025-10-12T15:47:44.805+0000] {processor.py:830} INFO - Processing file /home/airflow/.local/lib/python3.8/site-packages/airflow/example_dags/tutorial_dag.py for tasks to queue
[2025-10-12T15:47:44.808+0000] {logging_mixin.py:188} INFO - [2025-10-12T15:47:44.808+0000] {dagbag.py:538} INFO - Filling up the DagBag from /home/airflow/.local/lib/python3.8/site-packages/airflow/example_dags/tutorial_dag.py
[2025-10-12T15:47:44.820+0000] {processor.py:840} INFO - DAG(s) 'tutorial_dag' retrieved from /home/airflow/.local/lib/python3.8/site-packages/airflow/example_dags/tutorial_dag.py
[2025-10-12T15:47:44.865+0000] {logging_mixin.py:188} INFO - [2025-10-12T15:47:44.864+0000] {dag.py:3036} INFO - Sync 1 DAGs
[2025-10-12T15:47:44.907+0000] {logging_mixin.py:188} INFO - [2025-10-12T15:47:44.907+0000] {dag.py:3823} INFO - Setting next_dagrun for tutorial_dag to None, run_after=None
[2025-10-12T15:47:44.976+0000] {processor.py:183} INFO - Processing /home/airflow/.local/lib/python3.8/site-packages/airflow/example_dags/tutorial_dag.py took 0.179 seconds
[2025-10-12T15:48:15.764+0000] {processor.py:161} INFO - Started process (PID=39622) to work on /home/airflow/.local/lib/python3.8/site-packages/airflow/example_dags/tutorial_dag.py
[2025-10-12T15:48:15.765+0000] {processor.py:830} INFO - Processing file /home/airflow/.local/lib/python3.8/site-packages/airflow/example_dags/tutorial_dag.py for tasks to queue
[2025-10-12T15:48:15.768+0000] {logging_mixin.py:188} INFO - [2025-10-12T15:48:15.767+0000] {dagbag.py:538} INFO - Filling up the DagBag from /home/airflow/.local/lib/python3.8/site-packages/airflow/example_dags/tutorial_dag.py
[2025-10-12T15:48:15.775+0000] {processor.py:840} INFO - DAG(s) 'tutorial_dag' retrieved from /home/airflow/.local/lib/python3.8/site-packages/airflow/example_dags/tutorial_dag.py
[2025-10-12T15:48:15.822+0000] {logging_mixin.py:188} INFO - [2025-10-12T15:48:15.822+0000] {dag.py:3036} INFO - Sync 1 DAGs
[2025-10-12T15:48:15.849+0000] {logging_mixin.py:188} INFO - [2025-10-12T15:48:15.848+0000] {dag.py:3823} INFO - Setting next_dagrun for tutorial_dag to None, run_after=None
[2025-10-12T15:48:15.881+0000] {processor.py:183} INFO - Processing /home/airflow/.local/lib/python3.8/site-packages/airflow/example_dags/tutorial_dag.py took 0.123 seconds
[2025-10-12T15:48:46.297+0000] {processor.py:161} INFO - Started process (PID=39693) to work on /home/airflow/.local/lib/python3.8/site-packages/airflow/example_dags/tutorial_dag.py
[2025-10-12T15:48:46.299+0000] {processor.py:830} INFO - Processing file /home/airflow/.local/lib/python3.8/site-packages/airflow/example_dags/tutorial_dag.py for tasks to queue
[2025-10-12T15:48:46.301+0000] {logging_mixin.py:188} INFO - [2025-10-12T15:48:46.301+0000] {dagbag.py:538} INFO - Filling up the DagBag from /home/airflow/.local/lib/python3.8/site-packages/airflow/example_dags/tutorial_dag.py
[2025-10-12T15:48:46.309+0000] {processor.py:840} INFO - DAG(s) 'tutorial_dag' retrieved from /home/airflow/.local/lib/python3.8/site-packages/airflow/example_dags/tutorial_dag.py
[2025-10-12T15:48:46.345+0000] {logging_mixin.py:188} INFO - [2025-10-12T15:48:46.345+0000] {dag.py:3036} INFO - Sync 1 DAGs
[2025-10-12T15:48:46.368+0000] {logging_mixin.py:188} INFO - [2025-10-12T15:48:46.368+0000] {dag.py:3823} INFO - Setting next_dagrun for tutorial_dag to None, run_after=None
[2025-10-12T15:48:46.399+0000] {processor.py:183} INFO - Processing /home/airflow/.local/lib/python3.8/site-packages/airflow/example_dags/tutorial_dag.py took 0.105 seconds
[2025-10-12T15:49:17.100+0000] {processor.py:161} INFO - Started process (PID=39763) to work on /home/airflow/.local/lib/python3.8/site-packages/airflow/example_dags/tutorial_dag.py
[2025-10-12T15:49:17.103+0000] {processor.py:830} INFO - Processing file /home/airflow/.local/lib/python3.8/site-packages/airflow/example_dags/tutorial_dag.py for tasks to queue
[2025-10-12T15:49:17.107+0000] {logging_mixin.py:188} INFO - [2025-10-12T15:49:17.107+0000] {dagbag.py:538} INFO - Filling up the DagBag from /home/airflow/.local/lib/python3.8/site-packages/airflow/example_dags/tutorial_dag.py
[2025-10-12T15:49:17.117+0000] {processor.py:840} INFO - DAG(s) 'tutorial_dag' retrieved from /home/airflow/.local/lib/python3.8/site-packages/airflow/example_dags/tutorial_dag.py
[2025-10-12T15:49:17.159+0000] {logging_mixin.py:188} INFO - [2025-10-12T15:49:17.158+0000] {dag.py:3036} INFO - Sync 1 DAGs
[2025-10-12T15:49:17.182+0000] {logging_mixin.py:188} INFO - [2025-10-12T15:49:17.182+0000] {dag.py:3823} INFO - Setting next_dagrun for tutorial_dag to None, run_after=None
[2025-10-12T15:49:17.230+0000] {processor.py:183} INFO - Processing /home/airflow/.local/lib/python3.8/site-packages/airflow/example_dags/tutorial_dag.py took 0.136 seconds
[2025-10-12T15:49:47.989+0000] {processor.py:161} INFO - Started process (PID=39833) to work on /home/airflow/.local/lib/python3.8/site-packages/airflow/example_dags/tutorial_dag.py
[2025-10-12T15:49:47.991+0000] {processor.py:830} INFO - Processing file /home/airflow/.local/lib/python3.8/site-packages/airflow/example_dags/tutorial_dag.py for tasks to queue
[2025-10-12T15:49:47.995+0000] {logging_mixin.py:188} INFO - [2025-10-12T15:49:47.994+0000] {dagbag.py:538} INFO - Filling up the DagBag from /home/airflow/.local/lib/python3.8/site-packages/airflow/example_dags/tutorial_dag.py
[2025-10-12T15:49:48.004+0000] {processor.py:840} INFO - DAG(s) 'tutorial_dag' retrieved from /home/airflow/.local/lib/python3.8/site-packages/airflow/example_dags/tutorial_dag.py
[2025-10-12T15:49:48.049+0000] {logging_mixin.py:188} INFO - [2025-10-12T15:49:48.048+0000] {dag.py:3036} INFO - Sync 1 DAGs
[2025-10-12T15:49:48.077+0000] {logging_mixin.py:188} INFO - [2025-10-12T15:49:48.076+0000] {dag.py:3823} INFO - Setting next_dagrun for tutorial_dag to None, run_after=None
[2025-10-12T15:49:48.130+0000] {processor.py:183} INFO - Processing /home/airflow/.local/lib/python3.8/site-packages/airflow/example_dags/tutorial_dag.py took 0.146 seconds
[2025-10-12T15:50:20.214+0000] {processor.py:161} INFO - Started process (PID=39903) to work on /home/airflow/.local/lib/python3.8/site-packages/airflow/example_dags/tutorial_dag.py
[2025-10-12T15:50:20.216+0000] {processor.py:830} INFO - Processing file /home/airflow/.local/lib/python3.8/site-packages/airflow/example_dags/tutorial_dag.py for tasks to queue
[2025-10-12T15:50:20.220+0000] {logging_mixin.py:188} INFO - [2025-10-12T15:50:20.220+0000] {dagbag.py:538} INFO - Filling up the DagBag from /home/airflow/.local/lib/python3.8/site-packages/airflow/example_dags/tutorial_dag.py
[2025-10-12T15:50:20.232+0000] {processor.py:840} INFO - DAG(s) 'tutorial_dag' retrieved from /home/airflow/.local/lib/python3.8/site-packages/airflow/example_dags/tutorial_dag.py
[2025-10-12T15:50:20.282+0000] {logging_mixin.py:188} INFO - [2025-10-12T15:50:20.282+0000] {dag.py:3036} INFO - Sync 1 DAGs
[2025-10-12T15:50:20.303+0000] {logging_mixin.py:188} INFO - [2025-10-12T15:50:20.302+0000] {dag.py:3823} INFO - Setting next_dagrun for tutorial_dag to None, run_after=None
[2025-10-12T15:50:20.364+0000] {processor.py:183} INFO - Processing /home/airflow/.local/lib/python3.8/site-packages/airflow/example_dags/tutorial_dag.py took 0.155 seconds
[2025-10-12T15:50:51.960+0000] {processor.py:161} INFO - Started process (PID=39972) to work on /home/airflow/.local/lib/python3.8/site-packages/airflow/example_dags/tutorial_dag.py
[2025-10-12T15:50:51.963+0000] {processor.py:830} INFO - Processing file /home/airflow/.local/lib/python3.8/site-packages/airflow/example_dags/tutorial_dag.py for tasks to queue
[2025-10-12T15:50:51.966+0000] {logging_mixin.py:188} INFO - [2025-10-12T15:50:51.966+0000] {dagbag.py:538} INFO - Filling up the DagBag from /home/airflow/.local/lib/python3.8/site-packages/airflow/example_dags/tutorial_dag.py
[2025-10-12T15:50:51.977+0000] {processor.py:840} INFO - DAG(s) 'tutorial_dag' retrieved from /home/airflow/.local/lib/python3.8/site-packages/airflow/example_dags/tutorial_dag.py
[2025-10-12T15:50:52.024+0000] {logging_mixin.py:188} INFO - [2025-10-12T15:50:52.024+0000] {dag.py:3036} INFO - Sync 1 DAGs
[2025-10-12T15:50:52.047+0000] {logging_mixin.py:188} INFO - [2025-10-12T15:50:52.047+0000] {dag.py:3823} INFO - Setting next_dagrun for tutorial_dag to None, run_after=None
[2025-10-12T15:50:52.083+0000] {processor.py:183} INFO - Processing /home/airflow/.local/lib/python3.8/site-packages/airflow/example_dags/tutorial_dag.py took 0.129 seconds
[2025-10-12T15:51:22.292+0000] {processor.py:161} INFO - Started process (PID=40042) to work on /home/airflow/.local/lib/python3.8/site-packages/airflow/example_dags/tutorial_dag.py
[2025-10-12T15:51:22.294+0000] {processor.py:830} INFO - Processing file /home/airflow/.local/lib/python3.8/site-packages/airflow/example_dags/tutorial_dag.py for tasks to queue
[2025-10-12T15:51:22.297+0000] {logging_mixin.py:188} INFO - [2025-10-12T15:51:22.296+0000] {dagbag.py:538} INFO - Filling up the DagBag from /home/airflow/.local/lib/python3.8/site-packages/airflow/example_dags/tutorial_dag.py
[2025-10-12T15:51:22.307+0000] {processor.py:840} INFO - DAG(s) 'tutorial_dag' retrieved from /home/airflow/.local/lib/python3.8/site-packages/airflow/example_dags/tutorial_dag.py
[2025-10-12T15:51:22.347+0000] {logging_mixin.py:188} INFO - [2025-10-12T15:51:22.346+0000] {dag.py:3036} INFO - Sync 1 DAGs
[2025-10-12T15:51:22.368+0000] {logging_mixin.py:188} INFO - [2025-10-12T15:51:22.367+0000] {dag.py:3823} INFO - Setting next_dagrun for tutorial_dag to None, run_after=None
[2025-10-12T15:51:22.401+0000] {processor.py:183} INFO - Processing /home/airflow/.local/lib/python3.8/site-packages/airflow/example_dags/tutorial_dag.py took 0.115 seconds
[2025-10-12T15:51:52.699+0000] {processor.py:161} INFO - Started process (PID=40112) to work on /home/airflow/.local/lib/python3.8/site-packages/airflow/example_dags/tutorial_dag.py
[2025-10-12T15:51:52.701+0000] {processor.py:830} INFO - Processing file /home/airflow/.local/lib/python3.8/site-packages/airflow/example_dags/tutorial_dag.py for tasks to queue
[2025-10-12T15:51:52.704+0000] {logging_mixin.py:188} INFO - [2025-10-12T15:51:52.703+0000] {dagbag.py:538} INFO - Filling up the DagBag from /home/airflow/.local/lib/python3.8/site-packages/airflow/example_dags/tutorial_dag.py
[2025-10-12T15:51:52.711+0000] {processor.py:840} INFO - DAG(s) 'tutorial_dag' retrieved from /home/airflow/.local/lib/python3.8/site-packages/airflow/example_dags/tutorial_dag.py
[2025-10-12T15:51:52.745+0000] {logging_mixin.py:188} INFO - [2025-10-12T15:51:52.745+0000] {dag.py:3036} INFO - Sync 1 DAGs
[2025-10-12T15:51:52.762+0000] {logging_mixin.py:188} INFO - [2025-10-12T15:51:52.762+0000] {dag.py:3823} INFO - Setting next_dagrun for tutorial_dag to None, run_after=None
[2025-10-12T15:51:52.792+0000] {processor.py:183} INFO - Processing /home/airflow/.local/lib/python3.8/site-packages/airflow/example_dags/tutorial_dag.py took 0.101 seconds
[2025-10-12T15:52:24.104+0000] {processor.py:161} INFO - Started process (PID=40180) to work on /home/airflow/.local/lib/python3.8/site-packages/airflow/example_dags/tutorial_dag.py
[2025-10-12T15:52:24.106+0000] {processor.py:830} INFO - Processing file /home/airflow/.local/lib/python3.8/site-packages/airflow/example_dags/tutorial_dag.py for tasks to queue
[2025-10-12T15:52:24.109+0000] {logging_mixin.py:188} INFO - [2025-10-12T15:52:24.108+0000] {dagbag.py:538} INFO - Filling up the DagBag from /home/airflow/.local/lib/python3.8/site-packages/airflow/example_dags/tutorial_dag.py
[2025-10-12T15:52:24.117+0000] {processor.py:840} INFO - DAG(s) 'tutorial_dag' retrieved from /home/airflow/.local/lib/python3.8/site-packages/airflow/example_dags/tutorial_dag.py
[2025-10-12T15:52:24.159+0000] {logging_mixin.py:188} INFO - [2025-10-12T15:52:24.158+0000] {dag.py:3036} INFO - Sync 1 DAGs
[2025-10-12T15:52:24.179+0000] {logging_mixin.py:188} INFO - [2025-10-12T15:52:24.178+0000] {dag.py:3823} INFO - Setting next_dagrun for tutorial_dag to None, run_after=None
[2025-10-12T15:52:24.238+0000] {processor.py:183} INFO - Processing /home/airflow/.local/lib/python3.8/site-packages/airflow/example_dags/tutorial_dag.py took 0.140 seconds
[2025-10-12T15:52:56.123+0000] {processor.py:161} INFO - Started process (PID=40250) to work on /home/airflow/.local/lib/python3.8/site-packages/airflow/example_dags/tutorial_dag.py
[2025-10-12T15:52:56.126+0000] {processor.py:830} INFO - Processing file /home/airflow/.local/lib/python3.8/site-packages/airflow/example_dags/tutorial_dag.py for tasks to queue
[2025-10-12T15:52:56.130+0000] {logging_mixin.py:188} INFO - [2025-10-12T15:52:56.130+0000] {dagbag.py:538} INFO - Filling up the DagBag from /home/airflow/.local/lib/python3.8/site-packages/airflow/example_dags/tutorial_dag.py
[2025-10-12T15:52:56.144+0000] {processor.py:840} INFO - DAG(s) 'tutorial_dag' retrieved from /home/airflow/.local/lib/python3.8/site-packages/airflow/example_dags/tutorial_dag.py
[2025-10-12T15:52:56.212+0000] {logging_mixin.py:188} INFO - [2025-10-12T15:52:56.211+0000] {dag.py:3036} INFO - Sync 1 DAGs
[2025-10-12T15:52:56.250+0000] {logging_mixin.py:188} INFO - [2025-10-12T15:52:56.249+0000] {dag.py:3823} INFO - Setting next_dagrun for tutorial_dag to None, run_after=None
[2025-10-12T15:52:56.323+0000] {processor.py:183} INFO - Processing /home/airflow/.local/lib/python3.8/site-packages/airflow/example_dags/tutorial_dag.py took 0.208 seconds
[2025-10-12T15:53:27.483+0000] {processor.py:161} INFO - Started process (PID=40320) to work on /home/airflow/.local/lib/python3.8/site-packages/airflow/example_dags/tutorial_dag.py
[2025-10-12T15:53:27.485+0000] {processor.py:830} INFO - Processing file /home/airflow/.local/lib/python3.8/site-packages/airflow/example_dags/tutorial_dag.py for tasks to queue
[2025-10-12T15:53:27.488+0000] {logging_mixin.py:188} INFO - [2025-10-12T15:53:27.488+0000] {dagbag.py:538} INFO - Filling up the DagBag from /home/airflow/.local/lib/python3.8/site-packages/airflow/example_dags/tutorial_dag.py
[2025-10-12T15:53:27.500+0000] {processor.py:840} INFO - DAG(s) 'tutorial_dag' retrieved from /home/airflow/.local/lib/python3.8/site-packages/airflow/example_dags/tutorial_dag.py
[2025-10-12T15:53:27.545+0000] {logging_mixin.py:188} INFO - [2025-10-12T15:53:27.545+0000] {dag.py:3036} INFO - Sync 1 DAGs
[2025-10-12T15:53:27.565+0000] {logging_mixin.py:188} INFO - [2025-10-12T15:53:27.564+0000] {dag.py:3823} INFO - Setting next_dagrun for tutorial_dag to None, run_after=None
[2025-10-12T15:53:27.620+0000] {processor.py:183} INFO - Processing /home/airflow/.local/lib/python3.8/site-packages/airflow/example_dags/tutorial_dag.py took 0.144 seconds
[2025-10-12T15:53:59.308+0000] {processor.py:161} INFO - Started process (PID=40396) to work on /home/airflow/.local/lib/python3.8/site-packages/airflow/example_dags/tutorial_dag.py
[2025-10-12T15:53:59.309+0000] {processor.py:830} INFO - Processing file /home/airflow/.local/lib/python3.8/site-packages/airflow/example_dags/tutorial_dag.py for tasks to queue
[2025-10-12T15:53:59.313+0000] {logging_mixin.py:188} INFO - [2025-10-12T15:53:59.312+0000] {dagbag.py:538} INFO - Filling up the DagBag from /home/airflow/.local/lib/python3.8/site-packages/airflow/example_dags/tutorial_dag.py
[2025-10-12T15:53:59.322+0000] {processor.py:840} INFO - DAG(s) 'tutorial_dag' retrieved from /home/airflow/.local/lib/python3.8/site-packages/airflow/example_dags/tutorial_dag.py
[2025-10-12T15:53:59.364+0000] {logging_mixin.py:188} INFO - [2025-10-12T15:53:59.364+0000] {dag.py:3036} INFO - Sync 1 DAGs
[2025-10-12T15:53:59.386+0000] {logging_mixin.py:188} INFO - [2025-10-12T15:53:59.385+0000] {dag.py:3823} INFO - Setting next_dagrun for tutorial_dag to None, run_after=None
[2025-10-12T15:53:59.458+0000] {processor.py:183} INFO - Processing /home/airflow/.local/lib/python3.8/site-packages/airflow/example_dags/tutorial_dag.py took 0.157 seconds
[2025-10-12T15:54:30.566+0000] {processor.py:161} INFO - Started process (PID=40466) to work on /home/airflow/.local/lib/python3.8/site-packages/airflow/example_dags/tutorial_dag.py
[2025-10-12T15:54:30.567+0000] {processor.py:830} INFO - Processing file /home/airflow/.local/lib/python3.8/site-packages/airflow/example_dags/tutorial_dag.py for tasks to queue
[2025-10-12T15:54:30.570+0000] {logging_mixin.py:188} INFO - [2025-10-12T15:54:30.570+0000] {dagbag.py:538} INFO - Filling up the DagBag from /home/airflow/.local/lib/python3.8/site-packages/airflow/example_dags/tutorial_dag.py
[2025-10-12T15:54:30.578+0000] {processor.py:840} INFO - DAG(s) 'tutorial_dag' retrieved from /home/airflow/.local/lib/python3.8/site-packages/airflow/example_dags/tutorial_dag.py
[2025-10-12T15:54:30.612+0000] {logging_mixin.py:188} INFO - [2025-10-12T15:54:30.612+0000] {dag.py:3036} INFO - Sync 1 DAGs
[2025-10-12T15:54:30.637+0000] {logging_mixin.py:188} INFO - [2025-10-12T15:54:30.636+0000] {dag.py:3823} INFO - Setting next_dagrun for tutorial_dag to None, run_after=None
[2025-10-12T15:54:30.670+0000] {processor.py:183} INFO - Processing /home/airflow/.local/lib/python3.8/site-packages/airflow/example_dags/tutorial_dag.py took 0.108 seconds
[2025-10-12T15:55:01.469+0000] {processor.py:161} INFO - Started process (PID=40536) to work on /home/airflow/.local/lib/python3.8/site-packages/airflow/example_dags/tutorial_dag.py
[2025-10-12T15:55:01.470+0000] {processor.py:830} INFO - Processing file /home/airflow/.local/lib/python3.8/site-packages/airflow/example_dags/tutorial_dag.py for tasks to queue
[2025-10-12T15:55:01.475+0000] {logging_mixin.py:188} INFO - [2025-10-12T15:55:01.474+0000] {dagbag.py:538} INFO - Filling up the DagBag from /home/airflow/.local/lib/python3.8/site-packages/airflow/example_dags/tutorial_dag.py
[2025-10-12T15:55:01.486+0000] {processor.py:840} INFO - DAG(s) 'tutorial_dag' retrieved from /home/airflow/.local/lib/python3.8/site-packages/airflow/example_dags/tutorial_dag.py
[2025-10-12T15:55:01.530+0000] {logging_mixin.py:188} INFO - [2025-10-12T15:55:01.530+0000] {dag.py:3036} INFO - Sync 1 DAGs
[2025-10-12T15:55:01.555+0000] {logging_mixin.py:188} INFO - [2025-10-12T15:55:01.554+0000] {dag.py:3823} INFO - Setting next_dagrun for tutorial_dag to None, run_after=None
[2025-10-12T15:55:01.611+0000] {processor.py:183} INFO - Processing /home/airflow/.local/lib/python3.8/site-packages/airflow/example_dags/tutorial_dag.py took 0.148 seconds
[2025-10-12T15:55:32.668+0000] {processor.py:161} INFO - Started process (PID=40606) to work on /home/airflow/.local/lib/python3.8/site-packages/airflow/example_dags/tutorial_dag.py
[2025-10-12T15:55:32.670+0000] {processor.py:830} INFO - Processing file /home/airflow/.local/lib/python3.8/site-packages/airflow/example_dags/tutorial_dag.py for tasks to queue
[2025-10-12T15:55:32.675+0000] {logging_mixin.py:188} INFO - [2025-10-12T15:55:32.674+0000] {dagbag.py:538} INFO - Filling up the DagBag from /home/airflow/.local/lib/python3.8/site-packages/airflow/example_dags/tutorial_dag.py
[2025-10-12T15:55:32.690+0000] {processor.py:840} INFO - DAG(s) 'tutorial_dag' retrieved from /home/airflow/.local/lib/python3.8/site-packages/airflow/example_dags/tutorial_dag.py
[2025-10-12T15:55:32.769+0000] {logging_mixin.py:188} INFO - [2025-10-12T15:55:32.768+0000] {dag.py:3036} INFO - Sync 1 DAGs
[2025-10-12T15:55:32.807+0000] {logging_mixin.py:188} INFO - [2025-10-12T15:55:32.805+0000] {dag.py:3823} INFO - Setting next_dagrun for tutorial_dag to None, run_after=None
[2025-10-12T15:55:32.863+0000] {processor.py:183} INFO - Processing /home/airflow/.local/lib/python3.8/site-packages/airflow/example_dags/tutorial_dag.py took 0.203 seconds
[2025-10-12T15:56:03.932+0000] {processor.py:161} INFO - Started process (PID=40677) to work on /home/airflow/.local/lib/python3.8/site-packages/airflow/example_dags/tutorial_dag.py
[2025-10-12T15:56:03.934+0000] {processor.py:830} INFO - Processing file /home/airflow/.local/lib/python3.8/site-packages/airflow/example_dags/tutorial_dag.py for tasks to queue
[2025-10-12T15:56:03.939+0000] {logging_mixin.py:188} INFO - [2025-10-12T15:56:03.938+0000] {dagbag.py:538} INFO - Filling up the DagBag from /home/airflow/.local/lib/python3.8/site-packages/airflow/example_dags/tutorial_dag.py
[2025-10-12T15:56:03.952+0000] {processor.py:840} INFO - DAG(s) 'tutorial_dag' retrieved from /home/airflow/.local/lib/python3.8/site-packages/airflow/example_dags/tutorial_dag.py
[2025-10-12T15:56:04.012+0000] {logging_mixin.py:188} INFO - [2025-10-12T15:56:04.011+0000] {dag.py:3036} INFO - Sync 1 DAGs
[2025-10-12T15:56:04.030+0000] {logging_mixin.py:188} INFO - [2025-10-12T15:56:04.030+0000] {dag.py:3823} INFO - Setting next_dagrun for tutorial_dag to None, run_after=None
[2025-10-12T15:56:04.091+0000] {processor.py:183} INFO - Processing /home/airflow/.local/lib/python3.8/site-packages/airflow/example_dags/tutorial_dag.py took 0.166 seconds
[2025-10-12T15:56:34.901+0000] {processor.py:161} INFO - Started process (PID=40747) to work on /home/airflow/.local/lib/python3.8/site-packages/airflow/example_dags/tutorial_dag.py
[2025-10-12T15:56:34.903+0000] {processor.py:830} INFO - Processing file /home/airflow/.local/lib/python3.8/site-packages/airflow/example_dags/tutorial_dag.py for tasks to queue
[2025-10-12T15:56:34.905+0000] {logging_mixin.py:188} INFO - [2025-10-12T15:56:34.905+0000] {dagbag.py:538} INFO - Filling up the DagBag from /home/airflow/.local/lib/python3.8/site-packages/airflow/example_dags/tutorial_dag.py
[2025-10-12T15:56:34.913+0000] {processor.py:840} INFO - DAG(s) 'tutorial_dag' retrieved from /home/airflow/.local/lib/python3.8/site-packages/airflow/example_dags/tutorial_dag.py
[2025-10-12T15:56:34.948+0000] {logging_mixin.py:188} INFO - [2025-10-12T15:56:34.948+0000] {dag.py:3036} INFO - Sync 1 DAGs
[2025-10-12T15:56:34.971+0000] {logging_mixin.py:188} INFO - [2025-10-12T15:56:34.970+0000] {dag.py:3823} INFO - Setting next_dagrun for tutorial_dag to None, run_after=None
[2025-10-12T15:56:35.160+0000] {processor.py:183} INFO - Processing /home/airflow/.local/lib/python3.8/site-packages/airflow/example_dags/tutorial_dag.py took 0.264 seconds
[2025-10-12T15:57:07.790+0000] {processor.py:161} INFO - Started process (PID=40817) to work on /home/airflow/.local/lib/python3.8/site-packages/airflow/example_dags/tutorial_dag.py
[2025-10-12T15:57:07.797+0000] {processor.py:830} INFO - Processing file /home/airflow/.local/lib/python3.8/site-packages/airflow/example_dags/tutorial_dag.py for tasks to queue
[2025-10-12T15:57:07.801+0000] {logging_mixin.py:188} INFO - [2025-10-12T15:57:07.801+0000] {dagbag.py:538} INFO - Filling up the DagBag from /home/airflow/.local/lib/python3.8/site-packages/airflow/example_dags/tutorial_dag.py
[2025-10-12T15:57:07.813+0000] {processor.py:840} INFO - DAG(s) 'tutorial_dag' retrieved from /home/airflow/.local/lib/python3.8/site-packages/airflow/example_dags/tutorial_dag.py
[2025-10-12T15:57:07.868+0000] {logging_mixin.py:188} INFO - [2025-10-12T15:57:07.868+0000] {dag.py:3036} INFO - Sync 1 DAGs
[2025-10-12T15:57:07.892+0000] {logging_mixin.py:188} INFO - [2025-10-12T15:57:07.892+0000] {dag.py:3823} INFO - Setting next_dagrun for tutorial_dag to None, run_after=None
[2025-10-12T15:57:07.928+0000] {processor.py:183} INFO - Processing /home/airflow/.local/lib/python3.8/site-packages/airflow/example_dags/tutorial_dag.py took 0.146 seconds
[2025-10-12T15:57:38.606+0000] {processor.py:161} INFO - Started process (PID=40887) to work on /home/airflow/.local/lib/python3.8/site-packages/airflow/example_dags/tutorial_dag.py
[2025-10-12T15:57:38.608+0000] {processor.py:830} INFO - Processing file /home/airflow/.local/lib/python3.8/site-packages/airflow/example_dags/tutorial_dag.py for tasks to queue
[2025-10-12T15:57:38.611+0000] {logging_mixin.py:188} INFO - [2025-10-12T15:57:38.610+0000] {dagbag.py:538} INFO - Filling up the DagBag from /home/airflow/.local/lib/python3.8/site-packages/airflow/example_dags/tutorial_dag.py
[2025-10-12T15:57:38.619+0000] {processor.py:840} INFO - DAG(s) 'tutorial_dag' retrieved from /home/airflow/.local/lib/python3.8/site-packages/airflow/example_dags/tutorial_dag.py
[2025-10-12T15:57:38.667+0000] {logging_mixin.py:188} INFO - [2025-10-12T15:57:38.667+0000] {dag.py:3036} INFO - Sync 1 DAGs
[2025-10-12T15:57:38.696+0000] {logging_mixin.py:188} INFO - [2025-10-12T15:57:38.695+0000] {dag.py:3823} INFO - Setting next_dagrun for tutorial_dag to None, run_after=None
[2025-10-12T15:57:38.730+0000] {processor.py:183} INFO - Processing /home/airflow/.local/lib/python3.8/site-packages/airflow/example_dags/tutorial_dag.py took 0.129 seconds
[2025-10-12T15:58:09.420+0000] {processor.py:161} INFO - Started process (PID=40956) to work on /home/airflow/.local/lib/python3.8/site-packages/airflow/example_dags/tutorial_dag.py
[2025-10-12T15:58:09.422+0000] {processor.py:830} INFO - Processing file /home/airflow/.local/lib/python3.8/site-packages/airflow/example_dags/tutorial_dag.py for tasks to queue
[2025-10-12T15:58:09.425+0000] {logging_mixin.py:188} INFO - [2025-10-12T15:58:09.425+0000] {dagbag.py:538} INFO - Filling up the DagBag from /home/airflow/.local/lib/python3.8/site-packages/airflow/example_dags/tutorial_dag.py
[2025-10-12T15:58:09.435+0000] {processor.py:840} INFO - DAG(s) 'tutorial_dag' retrieved from /home/airflow/.local/lib/python3.8/site-packages/airflow/example_dags/tutorial_dag.py
[2025-10-12T15:58:09.477+0000] {logging_mixin.py:188} INFO - [2025-10-12T15:58:09.477+0000] {dag.py:3036} INFO - Sync 1 DAGs
[2025-10-12T15:58:09.501+0000] {logging_mixin.py:188} INFO - [2025-10-12T15:58:09.501+0000] {dag.py:3823} INFO - Setting next_dagrun for tutorial_dag to None, run_after=None
[2025-10-12T15:58:09.539+0000] {processor.py:183} INFO - Processing /home/airflow/.local/lib/python3.8/site-packages/airflow/example_dags/tutorial_dag.py took 0.126 seconds
[2025-10-12T15:58:41.890+0000] {processor.py:161} INFO - Started process (PID=41026) to work on /home/airflow/.local/lib/python3.8/site-packages/airflow/example_dags/tutorial_dag.py
[2025-10-12T15:58:41.904+0000] {processor.py:830} INFO - Processing file /home/airflow/.local/lib/python3.8/site-packages/airflow/example_dags/tutorial_dag.py for tasks to queue
[2025-10-12T15:58:41.911+0000] {logging_mixin.py:188} INFO - [2025-10-12T15:58:41.910+0000] {dagbag.py:538} INFO - Filling up the DagBag from /home/airflow/.local/lib/python3.8/site-packages/airflow/example_dags/tutorial_dag.py
[2025-10-12T15:58:41.962+0000] {processor.py:840} INFO - DAG(s) 'tutorial_dag' retrieved from /home/airflow/.local/lib/python3.8/site-packages/airflow/example_dags/tutorial_dag.py
[2025-10-12T15:58:42.074+0000] {logging_mixin.py:188} INFO - [2025-10-12T15:58:42.074+0000] {dag.py:3036} INFO - Sync 1 DAGs
[2025-10-12T15:58:42.129+0000] {logging_mixin.py:188} INFO - [2025-10-12T15:58:42.128+0000] {dag.py:3823} INFO - Setting next_dagrun for tutorial_dag to None, run_after=None
[2025-10-12T15:58:42.167+0000] {processor.py:183} INFO - Processing /home/airflow/.local/lib/python3.8/site-packages/airflow/example_dags/tutorial_dag.py took 0.298 seconds
[2025-10-12T15:59:14.777+0000] {processor.py:161} INFO - Started process (PID=41096) to work on /home/airflow/.local/lib/python3.8/site-packages/airflow/example_dags/tutorial_dag.py
[2025-10-12T15:59:14.778+0000] {processor.py:830} INFO - Processing file /home/airflow/.local/lib/python3.8/site-packages/airflow/example_dags/tutorial_dag.py for tasks to queue
[2025-10-12T15:59:14.782+0000] {logging_mixin.py:188} INFO - [2025-10-12T15:59:14.781+0000] {dagbag.py:538} INFO - Filling up the DagBag from /home/airflow/.local/lib/python3.8/site-packages/airflow/example_dags/tutorial_dag.py
[2025-10-12T15:59:14.797+0000] {processor.py:840} INFO - DAG(s) 'tutorial_dag' retrieved from /home/airflow/.local/lib/python3.8/site-packages/airflow/example_dags/tutorial_dag.py
[2025-10-12T15:59:14.851+0000] {logging_mixin.py:188} INFO - [2025-10-12T15:59:14.851+0000] {dag.py:3036} INFO - Sync 1 DAGs
[2025-10-12T15:59:14.881+0000] {logging_mixin.py:188} INFO - [2025-10-12T15:59:14.881+0000] {dag.py:3823} INFO - Setting next_dagrun for tutorial_dag to None, run_after=None
[2025-10-12T15:59:14.943+0000] {processor.py:183} INFO - Processing /home/airflow/.local/lib/python3.8/site-packages/airflow/example_dags/tutorial_dag.py took 0.172 seconds
[2025-10-12T15:59:45.345+0000] {processor.py:161} INFO - Started process (PID=41166) to work on /home/airflow/.local/lib/python3.8/site-packages/airflow/example_dags/tutorial_dag.py
[2025-10-12T15:59:45.346+0000] {processor.py:830} INFO - Processing file /home/airflow/.local/lib/python3.8/site-packages/airflow/example_dags/tutorial_dag.py for tasks to queue
[2025-10-12T15:59:45.349+0000] {logging_mixin.py:188} INFO - [2025-10-12T15:59:45.349+0000] {dagbag.py:538} INFO - Filling up the DagBag from /home/airflow/.local/lib/python3.8/site-packages/airflow/example_dags/tutorial_dag.py
[2025-10-12T15:59:45.357+0000] {processor.py:840} INFO - DAG(s) 'tutorial_dag' retrieved from /home/airflow/.local/lib/python3.8/site-packages/airflow/example_dags/tutorial_dag.py
[2025-10-12T15:59:45.398+0000] {logging_mixin.py:188} INFO - [2025-10-12T15:59:45.397+0000] {dag.py:3036} INFO - Sync 1 DAGs
[2025-10-12T15:59:45.418+0000] {logging_mixin.py:188} INFO - [2025-10-12T15:59:45.417+0000] {dag.py:3823} INFO - Setting next_dagrun for tutorial_dag to None, run_after=None
[2025-10-12T15:59:45.484+0000] {processor.py:183} INFO - Processing /home/airflow/.local/lib/python3.8/site-packages/airflow/example_dags/tutorial_dag.py took 0.144 seconds
[2025-10-12T16:00:16.263+0000] {processor.py:161} INFO - Started process (PID=41236) to work on /home/airflow/.local/lib/python3.8/site-packages/airflow/example_dags/tutorial_dag.py
[2025-10-12T16:00:16.266+0000] {processor.py:830} INFO - Processing file /home/airflow/.local/lib/python3.8/site-packages/airflow/example_dags/tutorial_dag.py for tasks to queue
[2025-10-12T16:00:16.269+0000] {logging_mixin.py:188} INFO - [2025-10-12T16:00:16.269+0000] {dagbag.py:538} INFO - Filling up the DagBag from /home/airflow/.local/lib/python3.8/site-packages/airflow/example_dags/tutorial_dag.py
[2025-10-12T16:00:16.285+0000] {processor.py:840} INFO - DAG(s) 'tutorial_dag' retrieved from /home/airflow/.local/lib/python3.8/site-packages/airflow/example_dags/tutorial_dag.py
[2025-10-12T16:00:16.331+0000] {logging_mixin.py:188} INFO - [2025-10-12T16:00:16.331+0000] {dag.py:3036} INFO - Sync 1 DAGs
[2025-10-12T16:00:16.351+0000] {logging_mixin.py:188} INFO - [2025-10-12T16:00:16.351+0000] {dag.py:3823} INFO - Setting next_dagrun for tutorial_dag to None, run_after=None
[2025-10-12T16:00:16.381+0000] {processor.py:183} INFO - Processing /home/airflow/.local/lib/python3.8/site-packages/airflow/example_dags/tutorial_dag.py took 0.127 seconds
[2025-10-12T16:00:47.528+0000] {processor.py:161} INFO - Started process (PID=41306) to work on /home/airflow/.local/lib/python3.8/site-packages/airflow/example_dags/tutorial_dag.py
[2025-10-12T16:00:47.530+0000] {processor.py:830} INFO - Processing file /home/airflow/.local/lib/python3.8/site-packages/airflow/example_dags/tutorial_dag.py for tasks to queue
[2025-10-12T16:00:47.535+0000] {logging_mixin.py:188} INFO - [2025-10-12T16:00:47.534+0000] {dagbag.py:538} INFO - Filling up the DagBag from /home/airflow/.local/lib/python3.8/site-packages/airflow/example_dags/tutorial_dag.py
[2025-10-12T16:00:47.546+0000] {processor.py:840} INFO - DAG(s) 'tutorial_dag' retrieved from /home/airflow/.local/lib/python3.8/site-packages/airflow/example_dags/tutorial_dag.py
[2025-10-12T16:00:47.596+0000] {logging_mixin.py:188} INFO - [2025-10-12T16:00:47.595+0000] {dag.py:3036} INFO - Sync 1 DAGs
[2025-10-12T16:00:47.644+0000] {logging_mixin.py:188} INFO - [2025-10-12T16:00:47.643+0000] {dag.py:3823} INFO - Setting next_dagrun for tutorial_dag to None, run_after=None
[2025-10-12T16:00:47.727+0000] {processor.py:183} INFO - Processing /home/airflow/.local/lib/python3.8/site-packages/airflow/example_dags/tutorial_dag.py took 0.206 seconds
[2025-10-12T16:01:18.260+0000] {processor.py:161} INFO - Started process (PID=41376) to work on /home/airflow/.local/lib/python3.8/site-packages/airflow/example_dags/tutorial_dag.py
[2025-10-12T16:01:18.261+0000] {processor.py:830} INFO - Processing file /home/airflow/.local/lib/python3.8/site-packages/airflow/example_dags/tutorial_dag.py for tasks to queue
[2025-10-12T16:01:18.264+0000] {logging_mixin.py:188} INFO - [2025-10-12T16:01:18.263+0000] {dagbag.py:538} INFO - Filling up the DagBag from /home/airflow/.local/lib/python3.8/site-packages/airflow/example_dags/tutorial_dag.py
[2025-10-12T16:01:18.271+0000] {processor.py:840} INFO - DAG(s) 'tutorial_dag' retrieved from /home/airflow/.local/lib/python3.8/site-packages/airflow/example_dags/tutorial_dag.py
[2025-10-12T16:01:18.310+0000] {logging_mixin.py:188} INFO - [2025-10-12T16:01:18.310+0000] {dag.py:3036} INFO - Sync 1 DAGs
[2025-10-12T16:01:18.337+0000] {logging_mixin.py:188} INFO - [2025-10-12T16:01:18.337+0000] {dag.py:3823} INFO - Setting next_dagrun for tutorial_dag to None, run_after=None
[2025-10-12T16:01:18.379+0000] {processor.py:183} INFO - Processing /home/airflow/.local/lib/python3.8/site-packages/airflow/example_dags/tutorial_dag.py took 0.123 seconds
[2025-10-12T16:01:49.746+0000] {processor.py:161} INFO - Started process (PID=41446) to work on /home/airflow/.local/lib/python3.8/site-packages/airflow/example_dags/tutorial_dag.py
[2025-10-12T16:01:49.748+0000] {processor.py:830} INFO - Processing file /home/airflow/.local/lib/python3.8/site-packages/airflow/example_dags/tutorial_dag.py for tasks to queue
[2025-10-12T16:01:49.751+0000] {logging_mixin.py:188} INFO - [2025-10-12T16:01:49.750+0000] {dagbag.py:538} INFO - Filling up the DagBag from /home/airflow/.local/lib/python3.8/site-packages/airflow/example_dags/tutorial_dag.py
[2025-10-12T16:01:49.758+0000] {processor.py:840} INFO - DAG(s) 'tutorial_dag' retrieved from /home/airflow/.local/lib/python3.8/site-packages/airflow/example_dags/tutorial_dag.py
[2025-10-12T16:01:49.791+0000] {logging_mixin.py:188} INFO - [2025-10-12T16:01:49.791+0000] {dag.py:3036} INFO - Sync 1 DAGs
[2025-10-12T16:01:49.808+0000] {logging_mixin.py:188} INFO - [2025-10-12T16:01:49.808+0000] {dag.py:3823} INFO - Setting next_dagrun for tutorial_dag to None, run_after=None
[2025-10-12T16:01:49.836+0000] {processor.py:183} INFO - Processing /home/airflow/.local/lib/python3.8/site-packages/airflow/example_dags/tutorial_dag.py took 0.095 seconds
[2025-10-12T16:02:20.318+0000] {processor.py:161} INFO - Started process (PID=41516) to work on /home/airflow/.local/lib/python3.8/site-packages/airflow/example_dags/tutorial_dag.py
[2025-10-12T16:02:20.319+0000] {processor.py:830} INFO - Processing file /home/airflow/.local/lib/python3.8/site-packages/airflow/example_dags/tutorial_dag.py for tasks to queue
[2025-10-12T16:02:20.322+0000] {logging_mixin.py:188} INFO - [2025-10-12T16:02:20.322+0000] {dagbag.py:538} INFO - Filling up the DagBag from /home/airflow/.local/lib/python3.8/site-packages/airflow/example_dags/tutorial_dag.py
[2025-10-12T16:02:20.332+0000] {processor.py:840} INFO - DAG(s) 'tutorial_dag' retrieved from /home/airflow/.local/lib/python3.8/site-packages/airflow/example_dags/tutorial_dag.py
[2025-10-12T16:02:20.377+0000] {logging_mixin.py:188} INFO - [2025-10-12T16:02:20.376+0000] {dag.py:3036} INFO - Sync 1 DAGs
[2025-10-12T16:02:20.397+0000] {logging_mixin.py:188} INFO - [2025-10-12T16:02:20.397+0000] {dag.py:3823} INFO - Setting next_dagrun for tutorial_dag to None, run_after=None
[2025-10-12T16:02:20.486+0000] {processor.py:183} INFO - Processing /home/airflow/.local/lib/python3.8/site-packages/airflow/example_dags/tutorial_dag.py took 0.175 seconds
[2025-10-12T16:02:50.913+0000] {processor.py:161} INFO - Started process (PID=41586) to work on /home/airflow/.local/lib/python3.8/site-packages/airflow/example_dags/tutorial_dag.py
[2025-10-12T16:02:50.915+0000] {processor.py:830} INFO - Processing file /home/airflow/.local/lib/python3.8/site-packages/airflow/example_dags/tutorial_dag.py for tasks to queue
[2025-10-12T16:02:50.918+0000] {logging_mixin.py:188} INFO - [2025-10-12T16:02:50.917+0000] {dagbag.py:538} INFO - Filling up the DagBag from /home/airflow/.local/lib/python3.8/site-packages/airflow/example_dags/tutorial_dag.py
[2025-10-12T16:02:50.925+0000] {processor.py:840} INFO - DAG(s) 'tutorial_dag' retrieved from /home/airflow/.local/lib/python3.8/site-packages/airflow/example_dags/tutorial_dag.py
[2025-10-12T16:02:50.958+0000] {logging_mixin.py:188} INFO - [2025-10-12T16:02:50.957+0000] {dag.py:3036} INFO - Sync 1 DAGs
[2025-10-12T16:02:50.976+0000] {logging_mixin.py:188} INFO - [2025-10-12T16:02:50.975+0000] {dag.py:3823} INFO - Setting next_dagrun for tutorial_dag to None, run_after=None
[2025-10-12T16:02:51.004+0000] {processor.py:183} INFO - Processing /home/airflow/.local/lib/python3.8/site-packages/airflow/example_dags/tutorial_dag.py took 0.095 seconds
[2025-10-12T16:03:22.543+0000] {processor.py:161} INFO - Started process (PID=41656) to work on /home/airflow/.local/lib/python3.8/site-packages/airflow/example_dags/tutorial_dag.py
[2025-10-12T16:03:22.545+0000] {processor.py:830} INFO - Processing file /home/airflow/.local/lib/python3.8/site-packages/airflow/example_dags/tutorial_dag.py for tasks to queue
[2025-10-12T16:03:22.550+0000] {logging_mixin.py:188} INFO - [2025-10-12T16:03:22.549+0000] {dagbag.py:538} INFO - Filling up the DagBag from /home/airflow/.local/lib/python3.8/site-packages/airflow/example_dags/tutorial_dag.py
[2025-10-12T16:03:22.561+0000] {processor.py:840} INFO - DAG(s) 'tutorial_dag' retrieved from /home/airflow/.local/lib/python3.8/site-packages/airflow/example_dags/tutorial_dag.py
[2025-10-12T16:03:22.606+0000] {logging_mixin.py:188} INFO - [2025-10-12T16:03:22.606+0000] {dag.py:3036} INFO - Sync 1 DAGs
[2025-10-12T16:03:22.626+0000] {logging_mixin.py:188} INFO - [2025-10-12T16:03:22.626+0000] {dag.py:3823} INFO - Setting next_dagrun for tutorial_dag to None, run_after=None
[2025-10-12T16:03:22.678+0000] {processor.py:183} INFO - Processing /home/airflow/.local/lib/python3.8/site-packages/airflow/example_dags/tutorial_dag.py took 0.141 seconds
[2025-10-12T16:03:53.222+0000] {processor.py:161} INFO - Started process (PID=41726) to work on /home/airflow/.local/lib/python3.8/site-packages/airflow/example_dags/tutorial_dag.py
[2025-10-12T16:03:53.224+0000] {processor.py:830} INFO - Processing file /home/airflow/.local/lib/python3.8/site-packages/airflow/example_dags/tutorial_dag.py for tasks to queue
[2025-10-12T16:03:53.228+0000] {logging_mixin.py:188} INFO - [2025-10-12T16:03:53.227+0000] {dagbag.py:538} INFO - Filling up the DagBag from /home/airflow/.local/lib/python3.8/site-packages/airflow/example_dags/tutorial_dag.py
[2025-10-12T16:03:53.240+0000] {processor.py:840} INFO - DAG(s) 'tutorial_dag' retrieved from /home/airflow/.local/lib/python3.8/site-packages/airflow/example_dags/tutorial_dag.py
[2025-10-12T16:03:53.285+0000] {logging_mixin.py:188} INFO - [2025-10-12T16:03:53.284+0000] {dag.py:3036} INFO - Sync 1 DAGs
[2025-10-12T16:03:53.303+0000] {logging_mixin.py:188} INFO - [2025-10-12T16:03:53.302+0000] {dag.py:3823} INFO - Setting next_dagrun for tutorial_dag to None, run_after=None
[2025-10-12T16:03:53.344+0000] {processor.py:183} INFO - Processing /home/airflow/.local/lib/python3.8/site-packages/airflow/example_dags/tutorial_dag.py took 0.129 seconds
[2025-10-12T16:04:24.868+0000] {processor.py:161} INFO - Started process (PID=41796) to work on /home/airflow/.local/lib/python3.8/site-packages/airflow/example_dags/tutorial_dag.py
[2025-10-12T16:04:24.870+0000] {processor.py:830} INFO - Processing file /home/airflow/.local/lib/python3.8/site-packages/airflow/example_dags/tutorial_dag.py for tasks to queue
[2025-10-12T16:04:24.873+0000] {logging_mixin.py:188} INFO - [2025-10-12T16:04:24.872+0000] {dagbag.py:538} INFO - Filling up the DagBag from /home/airflow/.local/lib/python3.8/site-packages/airflow/example_dags/tutorial_dag.py
[2025-10-12T16:04:24.883+0000] {processor.py:840} INFO - DAG(s) 'tutorial_dag' retrieved from /home/airflow/.local/lib/python3.8/site-packages/airflow/example_dags/tutorial_dag.py
[2025-10-12T16:04:24.918+0000] {logging_mixin.py:188} INFO - [2025-10-12T16:04:24.918+0000] {dag.py:3036} INFO - Sync 1 DAGs
[2025-10-12T16:04:24.936+0000] {logging_mixin.py:188} INFO - [2025-10-12T16:04:24.936+0000] {dag.py:3823} INFO - Setting next_dagrun for tutorial_dag to None, run_after=None
[2025-10-12T16:04:25.012+0000] {processor.py:183} INFO - Processing /home/airflow/.local/lib/python3.8/site-packages/airflow/example_dags/tutorial_dag.py took 0.149 seconds
[2025-10-12T16:04:55.858+0000] {processor.py:161} INFO - Started process (PID=41866) to work on /home/airflow/.local/lib/python3.8/site-packages/airflow/example_dags/tutorial_dag.py
[2025-10-12T16:04:55.859+0000] {processor.py:830} INFO - Processing file /home/airflow/.local/lib/python3.8/site-packages/airflow/example_dags/tutorial_dag.py for tasks to queue
[2025-10-12T16:04:55.862+0000] {logging_mixin.py:188} INFO - [2025-10-12T16:04:55.861+0000] {dagbag.py:538} INFO - Filling up the DagBag from /home/airflow/.local/lib/python3.8/site-packages/airflow/example_dags/tutorial_dag.py
[2025-10-12T16:04:55.869+0000] {processor.py:840} INFO - DAG(s) 'tutorial_dag' retrieved from /home/airflow/.local/lib/python3.8/site-packages/airflow/example_dags/tutorial_dag.py
[2025-10-12T16:04:55.910+0000] {logging_mixin.py:188} INFO - [2025-10-12T16:04:55.910+0000] {dag.py:3036} INFO - Sync 1 DAGs
[2025-10-12T16:04:55.928+0000] {logging_mixin.py:188} INFO - [2025-10-12T16:04:55.928+0000] {dag.py:3823} INFO - Setting next_dagrun for tutorial_dag to None, run_after=None
[2025-10-12T16:04:55.977+0000] {processor.py:183} INFO - Processing /home/airflow/.local/lib/python3.8/site-packages/airflow/example_dags/tutorial_dag.py took 0.125 seconds
[2025-10-12T16:05:26.681+0000] {processor.py:161} INFO - Started process (PID=41935) to work on /home/airflow/.local/lib/python3.8/site-packages/airflow/example_dags/tutorial_dag.py
[2025-10-12T16:05:26.683+0000] {processor.py:830} INFO - Processing file /home/airflow/.local/lib/python3.8/site-packages/airflow/example_dags/tutorial_dag.py for tasks to queue
[2025-10-12T16:05:26.688+0000] {logging_mixin.py:188} INFO - [2025-10-12T16:05:26.687+0000] {dagbag.py:538} INFO - Filling up the DagBag from /home/airflow/.local/lib/python3.8/site-packages/airflow/example_dags/tutorial_dag.py
[2025-10-12T16:05:26.701+0000] {processor.py:840} INFO - DAG(s) 'tutorial_dag' retrieved from /home/airflow/.local/lib/python3.8/site-packages/airflow/example_dags/tutorial_dag.py
[2025-10-12T16:05:26.758+0000] {logging_mixin.py:188} INFO - [2025-10-12T16:05:26.757+0000] {dag.py:3036} INFO - Sync 1 DAGs
[2025-10-12T16:05:26.797+0000] {logging_mixin.py:188} INFO - [2025-10-12T16:05:26.796+0000] {dag.py:3823} INFO - Setting next_dagrun for tutorial_dag to None, run_after=None
[2025-10-12T16:05:26.854+0000] {processor.py:183} INFO - Processing /home/airflow/.local/lib/python3.8/site-packages/airflow/example_dags/tutorial_dag.py took 0.180 seconds
[2025-10-12T16:05:57.237+0000] {processor.py:161} INFO - Started process (PID=42004) to work on /home/airflow/.local/lib/python3.8/site-packages/airflow/example_dags/tutorial_dag.py
[2025-10-12T16:05:57.239+0000] {processor.py:830} INFO - Processing file /home/airflow/.local/lib/python3.8/site-packages/airflow/example_dags/tutorial_dag.py for tasks to queue
[2025-10-12T16:05:57.243+0000] {logging_mixin.py:188} INFO - [2025-10-12T16:05:57.242+0000] {dagbag.py:538} INFO - Filling up the DagBag from /home/airflow/.local/lib/python3.8/site-packages/airflow/example_dags/tutorial_dag.py
[2025-10-12T16:05:57.252+0000] {processor.py:840} INFO - DAG(s) 'tutorial_dag' retrieved from /home/airflow/.local/lib/python3.8/site-packages/airflow/example_dags/tutorial_dag.py
[2025-10-12T16:05:57.297+0000] {logging_mixin.py:188} INFO - [2025-10-12T16:05:57.297+0000] {dag.py:3036} INFO - Sync 1 DAGs
[2025-10-12T16:05:57.343+0000] {logging_mixin.py:188} INFO - [2025-10-12T16:05:57.342+0000] {dag.py:3823} INFO - Setting next_dagrun for tutorial_dag to None, run_after=None
[2025-10-12T16:05:57.376+0000] {processor.py:183} INFO - Processing /home/airflow/.local/lib/python3.8/site-packages/airflow/example_dags/tutorial_dag.py took 0.144 seconds
[2025-10-12T16:06:27.624+0000] {processor.py:161} INFO - Started process (PID=42074) to work on /home/airflow/.local/lib/python3.8/site-packages/airflow/example_dags/tutorial_dag.py
[2025-10-12T16:06:27.626+0000] {processor.py:830} INFO - Processing file /home/airflow/.local/lib/python3.8/site-packages/airflow/example_dags/tutorial_dag.py for tasks to queue
[2025-10-12T16:06:27.629+0000] {logging_mixin.py:188} INFO - [2025-10-12T16:06:27.629+0000] {dagbag.py:538} INFO - Filling up the DagBag from /home/airflow/.local/lib/python3.8/site-packages/airflow/example_dags/tutorial_dag.py
[2025-10-12T16:06:27.638+0000] {processor.py:840} INFO - DAG(s) 'tutorial_dag' retrieved from /home/airflow/.local/lib/python3.8/site-packages/airflow/example_dags/tutorial_dag.py
[2025-10-12T16:06:27.694+0000] {logging_mixin.py:188} INFO - [2025-10-12T16:06:27.693+0000] {dag.py:3036} INFO - Sync 1 DAGs
[2025-10-12T16:06:27.726+0000] {logging_mixin.py:188} INFO - [2025-10-12T16:06:27.725+0000] {dag.py:3823} INFO - Setting next_dagrun for tutorial_dag to None, run_after=None
[2025-10-12T16:06:27.786+0000] {processor.py:183} INFO - Processing /home/airflow/.local/lib/python3.8/site-packages/airflow/example_dags/tutorial_dag.py took 0.169 seconds
[2025-10-12T16:06:58.888+0000] {processor.py:161} INFO - Started process (PID=42144) to work on /home/airflow/.local/lib/python3.8/site-packages/airflow/example_dags/tutorial_dag.py
[2025-10-12T16:06:58.890+0000] {processor.py:830} INFO - Processing file /home/airflow/.local/lib/python3.8/site-packages/airflow/example_dags/tutorial_dag.py for tasks to queue
[2025-10-12T16:06:58.892+0000] {logging_mixin.py:188} INFO - [2025-10-12T16:06:58.892+0000] {dagbag.py:538} INFO - Filling up the DagBag from /home/airflow/.local/lib/python3.8/site-packages/airflow/example_dags/tutorial_dag.py
[2025-10-12T16:06:58.899+0000] {processor.py:840} INFO - DAG(s) 'tutorial_dag' retrieved from /home/airflow/.local/lib/python3.8/site-packages/airflow/example_dags/tutorial_dag.py
[2025-10-12T16:06:58.931+0000] {logging_mixin.py:188} INFO - [2025-10-12T16:06:58.931+0000] {dag.py:3036} INFO - Sync 1 DAGs
[2025-10-12T16:06:58.949+0000] {logging_mixin.py:188} INFO - [2025-10-12T16:06:58.949+0000] {dag.py:3823} INFO - Setting next_dagrun for tutorial_dag to None, run_after=None
[2025-10-12T16:06:58.994+0000] {processor.py:183} INFO - Processing /home/airflow/.local/lib/python3.8/site-packages/airflow/example_dags/tutorial_dag.py took 0.111 seconds
[2025-10-12T16:07:30.207+0000] {processor.py:161} INFO - Started process (PID=42214) to work on /home/airflow/.local/lib/python3.8/site-packages/airflow/example_dags/tutorial_dag.py
[2025-10-12T16:07:30.208+0000] {processor.py:830} INFO - Processing file /home/airflow/.local/lib/python3.8/site-packages/airflow/example_dags/tutorial_dag.py for tasks to queue
[2025-10-12T16:07:30.212+0000] {logging_mixin.py:188} INFO - [2025-10-12T16:07:30.211+0000] {dagbag.py:538} INFO - Filling up the DagBag from /home/airflow/.local/lib/python3.8/site-packages/airflow/example_dags/tutorial_dag.py
[2025-10-12T16:07:30.221+0000] {processor.py:840} INFO - DAG(s) 'tutorial_dag' retrieved from /home/airflow/.local/lib/python3.8/site-packages/airflow/example_dags/tutorial_dag.py
[2025-10-12T16:07:30.265+0000] {logging_mixin.py:188} INFO - [2025-10-12T16:07:30.265+0000] {dag.py:3036} INFO - Sync 1 DAGs
[2025-10-12T16:07:30.290+0000] {logging_mixin.py:188} INFO - [2025-10-12T16:07:30.289+0000] {dag.py:3823} INFO - Setting next_dagrun for tutorial_dag to None, run_after=None
[2025-10-12T16:07:30.325+0000] {processor.py:183} INFO - Processing /home/airflow/.local/lib/python3.8/site-packages/airflow/example_dags/tutorial_dag.py took 0.125 seconds
[2025-10-12T16:08:01.767+0000] {processor.py:161} INFO - Started process (PID=42291) to work on /home/airflow/.local/lib/python3.8/site-packages/airflow/example_dags/tutorial_dag.py
[2025-10-12T16:08:01.769+0000] {processor.py:830} INFO - Processing file /home/airflow/.local/lib/python3.8/site-packages/airflow/example_dags/tutorial_dag.py for tasks to queue
[2025-10-12T16:08:01.773+0000] {logging_mixin.py:188} INFO - [2025-10-12T16:08:01.772+0000] {dagbag.py:538} INFO - Filling up the DagBag from /home/airflow/.local/lib/python3.8/site-packages/airflow/example_dags/tutorial_dag.py
[2025-10-12T16:08:01.781+0000] {processor.py:840} INFO - DAG(s) 'tutorial_dag' retrieved from /home/airflow/.local/lib/python3.8/site-packages/airflow/example_dags/tutorial_dag.py
[2025-10-12T16:08:01.829+0000] {logging_mixin.py:188} INFO - [2025-10-12T16:08:01.828+0000] {dag.py:3036} INFO - Sync 1 DAGs
[2025-10-12T16:08:01.857+0000] {logging_mixin.py:188} INFO - [2025-10-12T16:08:01.856+0000] {dag.py:3823} INFO - Setting next_dagrun for tutorial_dag to None, run_after=None
[2025-10-12T16:08:01.924+0000] {processor.py:183} INFO - Processing /home/airflow/.local/lib/python3.8/site-packages/airflow/example_dags/tutorial_dag.py took 0.164 seconds
[2025-10-12T16:08:33.406+0000] {processor.py:161} INFO - Started process (PID=42361) to work on /home/airflow/.local/lib/python3.8/site-packages/airflow/example_dags/tutorial_dag.py
[2025-10-12T16:08:33.408+0000] {processor.py:830} INFO - Processing file /home/airflow/.local/lib/python3.8/site-packages/airflow/example_dags/tutorial_dag.py for tasks to queue
[2025-10-12T16:08:33.412+0000] {logging_mixin.py:188} INFO - [2025-10-12T16:08:33.411+0000] {dagbag.py:538} INFO - Filling up the DagBag from /home/airflow/.local/lib/python3.8/site-packages/airflow/example_dags/tutorial_dag.py
[2025-10-12T16:08:33.421+0000] {processor.py:840} INFO - DAG(s) 'tutorial_dag' retrieved from /home/airflow/.local/lib/python3.8/site-packages/airflow/example_dags/tutorial_dag.py
[2025-10-12T16:08:33.465+0000] {logging_mixin.py:188} INFO - [2025-10-12T16:08:33.465+0000] {dag.py:3036} INFO - Sync 1 DAGs
[2025-10-12T16:08:33.493+0000] {logging_mixin.py:188} INFO - [2025-10-12T16:08:33.492+0000] {dag.py:3823} INFO - Setting next_dagrun for tutorial_dag to None, run_after=None
[2025-10-12T16:08:33.595+0000] {processor.py:183} INFO - Processing /home/airflow/.local/lib/python3.8/site-packages/airflow/example_dags/tutorial_dag.py took 0.193 seconds
[2025-10-12T16:09:04.684+0000] {processor.py:161} INFO - Started process (PID=42432) to work on /home/airflow/.local/lib/python3.8/site-packages/airflow/example_dags/tutorial_dag.py
[2025-10-12T16:09:04.685+0000] {processor.py:830} INFO - Processing file /home/airflow/.local/lib/python3.8/site-packages/airflow/example_dags/tutorial_dag.py for tasks to queue
[2025-10-12T16:09:04.688+0000] {logging_mixin.py:188} INFO - [2025-10-12T16:09:04.687+0000] {dagbag.py:538} INFO - Filling up the DagBag from /home/airflow/.local/lib/python3.8/site-packages/airflow/example_dags/tutorial_dag.py
[2025-10-12T16:09:04.697+0000] {processor.py:840} INFO - DAG(s) 'tutorial_dag' retrieved from /home/airflow/.local/lib/python3.8/site-packages/airflow/example_dags/tutorial_dag.py
[2025-10-12T16:09:04.734+0000] {logging_mixin.py:188} INFO - [2025-10-12T16:09:04.734+0000] {dag.py:3036} INFO - Sync 1 DAGs
[2025-10-12T16:09:04.752+0000] {logging_mixin.py:188} INFO - [2025-10-12T16:09:04.752+0000] {dag.py:3823} INFO - Setting next_dagrun for tutorial_dag to None, run_after=None
[2025-10-12T16:09:04.805+0000] {processor.py:183} INFO - Processing /home/airflow/.local/lib/python3.8/site-packages/airflow/example_dags/tutorial_dag.py took 0.126 seconds
[2025-10-12T16:09:36.997+0000] {processor.py:161} INFO - Started process (PID=42504) to work on /home/airflow/.local/lib/python3.8/site-packages/airflow/example_dags/tutorial_dag.py
[2025-10-12T16:09:36.998+0000] {processor.py:830} INFO - Processing file /home/airflow/.local/lib/python3.8/site-packages/airflow/example_dags/tutorial_dag.py for tasks to queue
[2025-10-12T16:09:37.001+0000] {logging_mixin.py:188} INFO - [2025-10-12T16:09:37.001+0000] {dagbag.py:538} INFO - Filling up the DagBag from /home/airflow/.local/lib/python3.8/site-packages/airflow/example_dags/tutorial_dag.py
[2025-10-12T16:09:37.010+0000] {processor.py:840} INFO - DAG(s) 'tutorial_dag' retrieved from /home/airflow/.local/lib/python3.8/site-packages/airflow/example_dags/tutorial_dag.py
[2025-10-12T16:09:37.059+0000] {logging_mixin.py:188} INFO - [2025-10-12T16:09:37.058+0000] {dag.py:3036} INFO - Sync 1 DAGs
[2025-10-12T16:09:37.097+0000] {logging_mixin.py:188} INFO - [2025-10-12T16:09:37.097+0000] {dag.py:3823} INFO - Setting next_dagrun for tutorial_dag to None, run_after=None
[2025-10-12T16:09:37.167+0000] {processor.py:183} INFO - Processing /home/airflow/.local/lib/python3.8/site-packages/airflow/example_dags/tutorial_dag.py took 0.175 seconds
[2025-10-12T16:10:08.658+0000] {processor.py:161} INFO - Started process (PID=42574) to work on /home/airflow/.local/lib/python3.8/site-packages/airflow/example_dags/tutorial_dag.py
[2025-10-12T16:10:08.663+0000] {processor.py:830} INFO - Processing file /home/airflow/.local/lib/python3.8/site-packages/airflow/example_dags/tutorial_dag.py for tasks to queue
[2025-10-12T16:10:08.672+0000] {logging_mixin.py:188} INFO - [2025-10-12T16:10:08.670+0000] {dagbag.py:538} INFO - Filling up the DagBag from /home/airflow/.local/lib/python3.8/site-packages/airflow/example_dags/tutorial_dag.py
[2025-10-12T16:10:08.693+0000] {processor.py:840} INFO - DAG(s) 'tutorial_dag' retrieved from /home/airflow/.local/lib/python3.8/site-packages/airflow/example_dags/tutorial_dag.py
[2025-10-12T16:10:08.756+0000] {logging_mixin.py:188} INFO - [2025-10-12T16:10:08.756+0000] {dag.py:3036} INFO - Sync 1 DAGs
[2025-10-12T16:10:08.785+0000] {logging_mixin.py:188} INFO - [2025-10-12T16:10:08.785+0000] {dag.py:3823} INFO - Setting next_dagrun for tutorial_dag to None, run_after=None
[2025-10-12T16:10:08.823+0000] {processor.py:183} INFO - Processing /home/airflow/.local/lib/python3.8/site-packages/airflow/example_dags/tutorial_dag.py took 0.179 seconds
[2025-10-12T16:10:39.841+0000] {processor.py:161} INFO - Started process (PID=42643) to work on /home/airflow/.local/lib/python3.8/site-packages/airflow/example_dags/tutorial_dag.py
[2025-10-12T16:10:39.842+0000] {processor.py:830} INFO - Processing file /home/airflow/.local/lib/python3.8/site-packages/airflow/example_dags/tutorial_dag.py for tasks to queue
[2025-10-12T16:10:39.845+0000] {logging_mixin.py:188} INFO - [2025-10-12T16:10:39.845+0000] {dagbag.py:538} INFO - Filling up the DagBag from /home/airflow/.local/lib/python3.8/site-packages/airflow/example_dags/tutorial_dag.py
[2025-10-12T16:10:39.854+0000] {processor.py:840} INFO - DAG(s) 'tutorial_dag' retrieved from /home/airflow/.local/lib/python3.8/site-packages/airflow/example_dags/tutorial_dag.py
[2025-10-12T16:10:39.898+0000] {logging_mixin.py:188} INFO - [2025-10-12T16:10:39.897+0000] {dag.py:3036} INFO - Sync 1 DAGs
[2025-10-12T16:10:39.917+0000] {logging_mixin.py:188} INFO - [2025-10-12T16:10:39.917+0000] {dag.py:3823} INFO - Setting next_dagrun for tutorial_dag to None, run_after=None
[2025-10-12T16:10:39.948+0000] {processor.py:183} INFO - Processing /home/airflow/.local/lib/python3.8/site-packages/airflow/example_dags/tutorial_dag.py took 0.112 seconds
[2025-10-12T16:11:11.251+0000] {processor.py:161} INFO - Started process (PID=42713) to work on /home/airflow/.local/lib/python3.8/site-packages/airflow/example_dags/tutorial_dag.py
[2025-10-12T16:11:11.253+0000] {processor.py:830} INFO - Processing file /home/airflow/.local/lib/python3.8/site-packages/airflow/example_dags/tutorial_dag.py for tasks to queue
[2025-10-12T16:11:11.256+0000] {logging_mixin.py:188} INFO - [2025-10-12T16:11:11.256+0000] {dagbag.py:538} INFO - Filling up the DagBag from /home/airflow/.local/lib/python3.8/site-packages/airflow/example_dags/tutorial_dag.py
[2025-10-12T16:11:11.264+0000] {processor.py:840} INFO - DAG(s) 'tutorial_dag' retrieved from /home/airflow/.local/lib/python3.8/site-packages/airflow/example_dags/tutorial_dag.py
[2025-10-12T16:11:11.306+0000] {logging_mixin.py:188} INFO - [2025-10-12T16:11:11.306+0000] {dag.py:3036} INFO - Sync 1 DAGs
[2025-10-12T16:11:11.327+0000] {logging_mixin.py:188} INFO - [2025-10-12T16:11:11.327+0000] {dag.py:3823} INFO - Setting next_dagrun for tutorial_dag to None, run_after=None
[2025-10-12T16:11:11.378+0000] {processor.py:183} INFO - Processing /home/airflow/.local/lib/python3.8/site-packages/airflow/example_dags/tutorial_dag.py took 0.132 seconds
[2025-10-12T16:11:42.567+0000] {processor.py:161} INFO - Started process (PID=42784) to work on /home/airflow/.local/lib/python3.8/site-packages/airflow/example_dags/tutorial_dag.py
[2025-10-12T16:11:42.570+0000] {processor.py:830} INFO - Processing file /home/airflow/.local/lib/python3.8/site-packages/airflow/example_dags/tutorial_dag.py for tasks to queue
[2025-10-12T16:11:42.575+0000] {logging_mixin.py:188} INFO - [2025-10-12T16:11:42.574+0000] {dagbag.py:538} INFO - Filling up the DagBag from /home/airflow/.local/lib/python3.8/site-packages/airflow/example_dags/tutorial_dag.py
[2025-10-12T16:11:42.586+0000] {processor.py:840} INFO - DAG(s) 'tutorial_dag' retrieved from /home/airflow/.local/lib/python3.8/site-packages/airflow/example_dags/tutorial_dag.py
[2025-10-12T16:11:42.636+0000] {logging_mixin.py:188} INFO - [2025-10-12T16:11:42.636+0000] {dag.py:3036} INFO - Sync 1 DAGs
[2025-10-12T16:11:42.655+0000] {logging_mixin.py:188} INFO - [2025-10-12T16:11:42.654+0000] {dag.py:3823} INFO - Setting next_dagrun for tutorial_dag to None, run_after=None
[2025-10-12T16:11:42.717+0000] {processor.py:183} INFO - Processing /home/airflow/.local/lib/python3.8/site-packages/airflow/example_dags/tutorial_dag.py took 0.157 seconds
[2025-10-12T16:12:12.975+0000] {processor.py:161} INFO - Started process (PID=42854) to work on /home/airflow/.local/lib/python3.8/site-packages/airflow/example_dags/tutorial_dag.py
[2025-10-12T16:12:12.977+0000] {processor.py:830} INFO - Processing file /home/airflow/.local/lib/python3.8/site-packages/airflow/example_dags/tutorial_dag.py for tasks to queue
[2025-10-12T16:12:12.981+0000] {logging_mixin.py:188} INFO - [2025-10-12T16:12:12.981+0000] {dagbag.py:538} INFO - Filling up the DagBag from /home/airflow/.local/lib/python3.8/site-packages/airflow/example_dags/tutorial_dag.py
[2025-10-12T16:12:12.992+0000] {processor.py:840} INFO - DAG(s) 'tutorial_dag' retrieved from /home/airflow/.local/lib/python3.8/site-packages/airflow/example_dags/tutorial_dag.py
[2025-10-12T16:12:13.033+0000] {logging_mixin.py:188} INFO - [2025-10-12T16:12:13.033+0000] {dag.py:3036} INFO - Sync 1 DAGs
[2025-10-12T16:12:13.051+0000] {logging_mixin.py:188} INFO - [2025-10-12T16:12:13.051+0000] {dag.py:3823} INFO - Setting next_dagrun for tutorial_dag to None, run_after=None
[2025-10-12T16:12:13.106+0000] {processor.py:183} INFO - Processing /home/airflow/.local/lib/python3.8/site-packages/airflow/example_dags/tutorial_dag.py took 0.138 seconds
[2025-10-12T16:12:45.229+0000] {processor.py:161} INFO - Started process (PID=42924) to work on /home/airflow/.local/lib/python3.8/site-packages/airflow/example_dags/tutorial_dag.py
[2025-10-12T16:12:45.231+0000] {processor.py:830} INFO - Processing file /home/airflow/.local/lib/python3.8/site-packages/airflow/example_dags/tutorial_dag.py for tasks to queue
[2025-10-12T16:12:45.236+0000] {logging_mixin.py:188} INFO - [2025-10-12T16:12:45.235+0000] {dagbag.py:538} INFO - Filling up the DagBag from /home/airflow/.local/lib/python3.8/site-packages/airflow/example_dags/tutorial_dag.py
[2025-10-12T16:12:45.252+0000] {processor.py:840} INFO - DAG(s) 'tutorial_dag' retrieved from /home/airflow/.local/lib/python3.8/site-packages/airflow/example_dags/tutorial_dag.py
[2025-10-12T16:12:45.309+0000] {logging_mixin.py:188} INFO - [2025-10-12T16:12:45.308+0000] {dag.py:3036} INFO - Sync 1 DAGs
[2025-10-12T16:12:45.342+0000] {logging_mixin.py:188} INFO - [2025-10-12T16:12:45.341+0000] {dag.py:3823} INFO - Setting next_dagrun for tutorial_dag to None, run_after=None
[2025-10-12T16:12:45.391+0000] {processor.py:183} INFO - Processing /home/airflow/.local/lib/python3.8/site-packages/airflow/example_dags/tutorial_dag.py took 0.171 seconds
[2025-10-12T16:13:16.061+0000] {processor.py:161} INFO - Started process (PID=42994) to work on /home/airflow/.local/lib/python3.8/site-packages/airflow/example_dags/tutorial_dag.py
[2025-10-12T16:13:16.063+0000] {processor.py:830} INFO - Processing file /home/airflow/.local/lib/python3.8/site-packages/airflow/example_dags/tutorial_dag.py for tasks to queue
[2025-10-12T16:13:16.067+0000] {logging_mixin.py:188} INFO - [2025-10-12T16:13:16.067+0000] {dagbag.py:538} INFO - Filling up the DagBag from /home/airflow/.local/lib/python3.8/site-packages/airflow/example_dags/tutorial_dag.py
[2025-10-12T16:13:16.077+0000] {processor.py:840} INFO - DAG(s) 'tutorial_dag' retrieved from /home/airflow/.local/lib/python3.8/site-packages/airflow/example_dags/tutorial_dag.py
[2025-10-12T16:13:16.126+0000] {logging_mixin.py:188} INFO - [2025-10-12T16:13:16.125+0000] {dag.py:3036} INFO - Sync 1 DAGs
[2025-10-12T16:13:16.149+0000] {logging_mixin.py:188} INFO - [2025-10-12T16:13:16.149+0000] {dag.py:3823} INFO - Setting next_dagrun for tutorial_dag to None, run_after=None
[2025-10-12T16:13:16.217+0000] {processor.py:183} INFO - Processing /home/airflow/.local/lib/python3.8/site-packages/airflow/example_dags/tutorial_dag.py took 0.163 seconds
[2025-10-12T16:13:47.082+0000] {processor.py:161} INFO - Started process (PID=43063) to work on /home/airflow/.local/lib/python3.8/site-packages/airflow/example_dags/tutorial_dag.py
[2025-10-12T16:13:47.084+0000] {processor.py:830} INFO - Processing file /home/airflow/.local/lib/python3.8/site-packages/airflow/example_dags/tutorial_dag.py for tasks to queue
[2025-10-12T16:13:47.088+0000] {logging_mixin.py:188} INFO - [2025-10-12T16:13:47.088+0000] {dagbag.py:538} INFO - Filling up the DagBag from /home/airflow/.local/lib/python3.8/site-packages/airflow/example_dags/tutorial_dag.py
[2025-10-12T16:13:47.100+0000] {processor.py:840} INFO - DAG(s) 'tutorial_dag' retrieved from /home/airflow/.local/lib/python3.8/site-packages/airflow/example_dags/tutorial_dag.py
[2025-10-12T16:13:47.147+0000] {logging_mixin.py:188} INFO - [2025-10-12T16:13:47.146+0000] {dag.py:3036} INFO - Sync 1 DAGs
[2025-10-12T16:13:47.171+0000] {logging_mixin.py:188} INFO - [2025-10-12T16:13:47.171+0000] {dag.py:3823} INFO - Setting next_dagrun for tutorial_dag to None, run_after=None
[2025-10-12T16:13:47.228+0000] {processor.py:183} INFO - Processing /home/airflow/.local/lib/python3.8/site-packages/airflow/example_dags/tutorial_dag.py took 0.153 seconds
[2025-10-12T16:14:18.403+0000] {processor.py:161} INFO - Started process (PID=43134) to work on /home/airflow/.local/lib/python3.8/site-packages/airflow/example_dags/tutorial_dag.py
[2025-10-12T16:14:18.405+0000] {processor.py:830} INFO - Processing file /home/airflow/.local/lib/python3.8/site-packages/airflow/example_dags/tutorial_dag.py for tasks to queue
[2025-10-12T16:14:18.409+0000] {logging_mixin.py:188} INFO - [2025-10-12T16:14:18.408+0000] {dagbag.py:538} INFO - Filling up the DagBag from /home/airflow/.local/lib/python3.8/site-packages/airflow/example_dags/tutorial_dag.py
[2025-10-12T16:14:18.420+0000] {processor.py:840} INFO - DAG(s) 'tutorial_dag' retrieved from /home/airflow/.local/lib/python3.8/site-packages/airflow/example_dags/tutorial_dag.py
[2025-10-12T16:14:18.465+0000] {logging_mixin.py:188} INFO - [2025-10-12T16:14:18.464+0000] {dag.py:3036} INFO - Sync 1 DAGs
[2025-10-12T16:14:18.488+0000] {logging_mixin.py:188} INFO - [2025-10-12T16:14:18.488+0000] {dag.py:3823} INFO - Setting next_dagrun for tutorial_dag to None, run_after=None
[2025-10-12T16:14:18.521+0000] {processor.py:183} INFO - Processing /home/airflow/.local/lib/python3.8/site-packages/airflow/example_dags/tutorial_dag.py took 0.125 seconds
[2025-10-12T16:14:49.107+0000] {processor.py:161} INFO - Started process (PID=43204) to work on /home/airflow/.local/lib/python3.8/site-packages/airflow/example_dags/tutorial_dag.py
[2025-10-12T16:14:49.109+0000] {processor.py:830} INFO - Processing file /home/airflow/.local/lib/python3.8/site-packages/airflow/example_dags/tutorial_dag.py for tasks to queue
[2025-10-12T16:14:49.113+0000] {logging_mixin.py:188} INFO - [2025-10-12T16:14:49.112+0000] {dagbag.py:538} INFO - Filling up the DagBag from /home/airflow/.local/lib/python3.8/site-packages/airflow/example_dags/tutorial_dag.py
[2025-10-12T16:14:49.128+0000] {processor.py:840} INFO - DAG(s) 'tutorial_dag' retrieved from /home/airflow/.local/lib/python3.8/site-packages/airflow/example_dags/tutorial_dag.py
[2025-10-12T16:14:49.181+0000] {logging_mixin.py:188} INFO - [2025-10-12T16:14:49.180+0000] {dag.py:3036} INFO - Sync 1 DAGs
[2025-10-12T16:14:49.205+0000] {logging_mixin.py:188} INFO - [2025-10-12T16:14:49.204+0000] {dag.py:3823} INFO - Setting next_dagrun for tutorial_dag to None, run_after=None
[2025-10-12T16:14:49.239+0000] {processor.py:183} INFO - Processing /home/airflow/.local/lib/python3.8/site-packages/airflow/example_dags/tutorial_dag.py took 0.141 seconds
[2025-10-12T16:15:19.842+0000] {processor.py:161} INFO - Started process (PID=43275) to work on /home/airflow/.local/lib/python3.8/site-packages/airflow/example_dags/tutorial_dag.py
[2025-10-12T16:15:19.843+0000] {processor.py:830} INFO - Processing file /home/airflow/.local/lib/python3.8/site-packages/airflow/example_dags/tutorial_dag.py for tasks to queue
[2025-10-12T16:15:19.847+0000] {logging_mixin.py:188} INFO - [2025-10-12T16:15:19.846+0000] {dagbag.py:538} INFO - Filling up the DagBag from /home/airflow/.local/lib/python3.8/site-packages/airflow/example_dags/tutorial_dag.py
[2025-10-12T16:15:19.859+0000] {processor.py:840} INFO - DAG(s) 'tutorial_dag' retrieved from /home/airflow/.local/lib/python3.8/site-packages/airflow/example_dags/tutorial_dag.py
[2025-10-12T16:15:19.905+0000] {logging_mixin.py:188} INFO - [2025-10-12T16:15:19.904+0000] {dag.py:3036} INFO - Sync 1 DAGs
[2025-10-12T16:15:19.931+0000] {logging_mixin.py:188} INFO - [2025-10-12T16:15:19.930+0000] {dag.py:3823} INFO - Setting next_dagrun for tutorial_dag to None, run_after=None
[2025-10-12T16:15:19.969+0000] {processor.py:183} INFO - Processing /home/airflow/.local/lib/python3.8/site-packages/airflow/example_dags/tutorial_dag.py took 0.133 seconds
[2025-10-12T16:15:51.465+0000] {processor.py:161} INFO - Started process (PID=43345) to work on /home/airflow/.local/lib/python3.8/site-packages/airflow/example_dags/tutorial_dag.py
[2025-10-12T16:15:51.467+0000] {processor.py:830} INFO - Processing file /home/airflow/.local/lib/python3.8/site-packages/airflow/example_dags/tutorial_dag.py for tasks to queue
[2025-10-12T16:15:51.470+0000] {logging_mixin.py:188} INFO - [2025-10-12T16:15:51.470+0000] {dagbag.py:538} INFO - Filling up the DagBag from /home/airflow/.local/lib/python3.8/site-packages/airflow/example_dags/tutorial_dag.py
[2025-10-12T16:15:51.483+0000] {processor.py:840} INFO - DAG(s) 'tutorial_dag' retrieved from /home/airflow/.local/lib/python3.8/site-packages/airflow/example_dags/tutorial_dag.py
[2025-10-12T16:15:51.544+0000] {logging_mixin.py:188} INFO - [2025-10-12T16:15:51.543+0000] {dag.py:3036} INFO - Sync 1 DAGs
[2025-10-12T16:15:51.576+0000] {logging_mixin.py:188} INFO - [2025-10-12T16:15:51.575+0000] {dag.py:3823} INFO - Setting next_dagrun for tutorial_dag to None, run_after=None
[2025-10-12T16:15:51.633+0000] {processor.py:183} INFO - Processing /home/airflow/.local/lib/python3.8/site-packages/airflow/example_dags/tutorial_dag.py took 0.173 seconds
[2025-10-12T16:16:23.160+0000] {processor.py:161} INFO - Started process (PID=43415) to work on /home/airflow/.local/lib/python3.8/site-packages/airflow/example_dags/tutorial_dag.py
[2025-10-12T16:16:23.162+0000] {processor.py:830} INFO - Processing file /home/airflow/.local/lib/python3.8/site-packages/airflow/example_dags/tutorial_dag.py for tasks to queue
[2025-10-12T16:16:23.165+0000] {logging_mixin.py:188} INFO - [2025-10-12T16:16:23.164+0000] {dagbag.py:538} INFO - Filling up the DagBag from /home/airflow/.local/lib/python3.8/site-packages/airflow/example_dags/tutorial_dag.py
[2025-10-12T16:16:23.172+0000] {processor.py:840} INFO - DAG(s) 'tutorial_dag' retrieved from /home/airflow/.local/lib/python3.8/site-packages/airflow/example_dags/tutorial_dag.py
[2025-10-12T16:16:23.207+0000] {logging_mixin.py:188} INFO - [2025-10-12T16:16:23.207+0000] {dag.py:3036} INFO - Sync 1 DAGs
[2025-10-12T16:16:23.227+0000] {logging_mixin.py:188} INFO - [2025-10-12T16:16:23.226+0000] {dag.py:3823} INFO - Setting next_dagrun for tutorial_dag to None, run_after=None
[2025-10-12T16:16:23.279+0000] {processor.py:183} INFO - Processing /home/airflow/.local/lib/python3.8/site-packages/airflow/example_dags/tutorial_dag.py took 0.124 seconds
[2025-10-12T16:16:54.719+0000] {processor.py:161} INFO - Started process (PID=43485) to work on /home/airflow/.local/lib/python3.8/site-packages/airflow/example_dags/tutorial_dag.py
[2025-10-12T16:16:54.720+0000] {processor.py:830} INFO - Processing file /home/airflow/.local/lib/python3.8/site-packages/airflow/example_dags/tutorial_dag.py for tasks to queue
[2025-10-12T16:16:54.724+0000] {logging_mixin.py:188} INFO - [2025-10-12T16:16:54.723+0000] {dagbag.py:538} INFO - Filling up the DagBag from /home/airflow/.local/lib/python3.8/site-packages/airflow/example_dags/tutorial_dag.py
[2025-10-12T16:16:54.733+0000] {processor.py:840} INFO - DAG(s) 'tutorial_dag' retrieved from /home/airflow/.local/lib/python3.8/site-packages/airflow/example_dags/tutorial_dag.py
[2025-10-12T16:16:54.771+0000] {logging_mixin.py:188} INFO - [2025-10-12T16:16:54.770+0000] {dag.py:3036} INFO - Sync 1 DAGs
[2025-10-12T16:16:54.791+0000] {logging_mixin.py:188} INFO - [2025-10-12T16:16:54.791+0000] {dag.py:3823} INFO - Setting next_dagrun for tutorial_dag to None, run_after=None
[2025-10-12T16:16:54.827+0000] {processor.py:183} INFO - Processing /home/airflow/.local/lib/python3.8/site-packages/airflow/example_dags/tutorial_dag.py took 0.114 seconds
[2025-10-12T16:17:28.226+0000] {processor.py:161} INFO - Started process (PID=43558) to work on /home/airflow/.local/lib/python3.8/site-packages/airflow/example_dags/tutorial_dag.py
[2025-10-12T16:17:28.228+0000] {processor.py:830} INFO - Processing file /home/airflow/.local/lib/python3.8/site-packages/airflow/example_dags/tutorial_dag.py for tasks to queue
[2025-10-12T16:17:28.231+0000] {logging_mixin.py:188} INFO - [2025-10-12T16:17:28.231+0000] {dagbag.py:538} INFO - Filling up the DagBag from /home/airflow/.local/lib/python3.8/site-packages/airflow/example_dags/tutorial_dag.py
[2025-10-12T16:17:28.241+0000] {processor.py:840} INFO - DAG(s) 'tutorial_dag' retrieved from /home/airflow/.local/lib/python3.8/site-packages/airflow/example_dags/tutorial_dag.py
[2025-10-12T16:17:28.289+0000] {logging_mixin.py:188} INFO - [2025-10-12T16:17:28.289+0000] {dag.py:3036} INFO - Sync 1 DAGs
[2025-10-12T16:17:28.313+0000] {logging_mixin.py:188} INFO - [2025-10-12T16:17:28.313+0000] {dag.py:3823} INFO - Setting next_dagrun for tutorial_dag to None, run_after=None
[2025-10-12T16:17:28.351+0000] {processor.py:183} INFO - Processing /home/airflow/.local/lib/python3.8/site-packages/airflow/example_dags/tutorial_dag.py took 0.131 seconds
[2025-10-12T16:17:58.881+0000] {processor.py:161} INFO - Started process (PID=43628) to work on /home/airflow/.local/lib/python3.8/site-packages/airflow/example_dags/tutorial_dag.py
[2025-10-12T16:17:58.883+0000] {processor.py:830} INFO - Processing file /home/airflow/.local/lib/python3.8/site-packages/airflow/example_dags/tutorial_dag.py for tasks to queue
[2025-10-12T16:17:58.886+0000] {logging_mixin.py:188} INFO - [2025-10-12T16:17:58.886+0000] {dagbag.py:538} INFO - Filling up the DagBag from /home/airflow/.local/lib/python3.8/site-packages/airflow/example_dags/tutorial_dag.py
[2025-10-12T16:17:58.895+0000] {processor.py:840} INFO - DAG(s) 'tutorial_dag' retrieved from /home/airflow/.local/lib/python3.8/site-packages/airflow/example_dags/tutorial_dag.py
[2025-10-12T16:17:58.935+0000] {logging_mixin.py:188} INFO - [2025-10-12T16:17:58.935+0000] {dag.py:3036} INFO - Sync 1 DAGs
[2025-10-12T16:17:58.959+0000] {logging_mixin.py:188} INFO - [2025-10-12T16:17:58.958+0000] {dag.py:3823} INFO - Setting next_dagrun for tutorial_dag to None, run_after=None
[2025-10-12T16:17:58.993+0000] {processor.py:183} INFO - Processing /home/airflow/.local/lib/python3.8/site-packages/airflow/example_dags/tutorial_dag.py took 0.118 seconds
[2025-10-12T16:18:30.488+0000] {processor.py:161} INFO - Started process (PID=43698) to work on /home/airflow/.local/lib/python3.8/site-packages/airflow/example_dags/tutorial_dag.py
[2025-10-12T16:18:30.490+0000] {processor.py:830} INFO - Processing file /home/airflow/.local/lib/python3.8/site-packages/airflow/example_dags/tutorial_dag.py for tasks to queue
[2025-10-12T16:18:30.496+0000] {logging_mixin.py:188} INFO - [2025-10-12T16:18:30.495+0000] {dagbag.py:538} INFO - Filling up the DagBag from /home/airflow/.local/lib/python3.8/site-packages/airflow/example_dags/tutorial_dag.py
[2025-10-12T16:18:30.506+0000] {processor.py:840} INFO - DAG(s) 'tutorial_dag' retrieved from /home/airflow/.local/lib/python3.8/site-packages/airflow/example_dags/tutorial_dag.py
[2025-10-12T16:18:30.548+0000] {logging_mixin.py:188} INFO - [2025-10-12T16:18:30.548+0000] {dag.py:3036} INFO - Sync 1 DAGs
[2025-10-12T16:18:30.574+0000] {logging_mixin.py:188} INFO - [2025-10-12T16:18:30.574+0000] {dag.py:3823} INFO - Setting next_dagrun for tutorial_dag to None, run_after=None
[2025-10-12T16:18:30.609+0000] {processor.py:183} INFO - Processing /home/airflow/.local/lib/python3.8/site-packages/airflow/example_dags/tutorial_dag.py took 0.130 seconds
[2025-10-12T16:19:01.249+0000] {processor.py:161} INFO - Started process (PID=43768) to work on /home/airflow/.local/lib/python3.8/site-packages/airflow/example_dags/tutorial_dag.py
[2025-10-12T16:19:01.251+0000] {processor.py:830} INFO - Processing file /home/airflow/.local/lib/python3.8/site-packages/airflow/example_dags/tutorial_dag.py for tasks to queue
[2025-10-12T16:19:01.254+0000] {logging_mixin.py:188} INFO - [2025-10-12T16:19:01.254+0000] {dagbag.py:538} INFO - Filling up the DagBag from /home/airflow/.local/lib/python3.8/site-packages/airflow/example_dags/tutorial_dag.py
[2025-10-12T16:19:01.264+0000] {processor.py:840} INFO - DAG(s) 'tutorial_dag' retrieved from /home/airflow/.local/lib/python3.8/site-packages/airflow/example_dags/tutorial_dag.py
[2025-10-12T16:19:01.308+0000] {logging_mixin.py:188} INFO - [2025-10-12T16:19:01.308+0000] {dag.py:3036} INFO - Sync 1 DAGs
[2025-10-12T16:19:01.336+0000] {logging_mixin.py:188} INFO - [2025-10-12T16:19:01.336+0000] {dag.py:3823} INFO - Setting next_dagrun for tutorial_dag to None, run_after=None
[2025-10-12T16:19:01.369+0000] {processor.py:183} INFO - Processing /home/airflow/.local/lib/python3.8/site-packages/airflow/example_dags/tutorial_dag.py took 0.125 seconds
[2025-10-12T16:19:31.922+0000] {processor.py:161} INFO - Started process (PID=43838) to work on /home/airflow/.local/lib/python3.8/site-packages/airflow/example_dags/tutorial_dag.py
[2025-10-12T16:19:31.924+0000] {processor.py:830} INFO - Processing file /home/airflow/.local/lib/python3.8/site-packages/airflow/example_dags/tutorial_dag.py for tasks to queue
[2025-10-12T16:19:31.928+0000] {logging_mixin.py:188} INFO - [2025-10-12T16:19:31.928+0000] {dagbag.py:538} INFO - Filling up the DagBag from /home/airflow/.local/lib/python3.8/site-packages/airflow/example_dags/tutorial_dag.py
[2025-10-12T16:19:31.940+0000] {processor.py:840} INFO - DAG(s) 'tutorial_dag' retrieved from /home/airflow/.local/lib/python3.8/site-packages/airflow/example_dags/tutorial_dag.py
[2025-10-12T16:19:31.980+0000] {logging_mixin.py:188} INFO - [2025-10-12T16:19:31.980+0000] {dag.py:3036} INFO - Sync 1 DAGs
[2025-10-12T16:19:32.040+0000] {logging_mixin.py:188} INFO - [2025-10-12T16:19:32.040+0000] {dag.py:3823} INFO - Setting next_dagrun for tutorial_dag to None, run_after=None
[2025-10-12T16:19:32.110+0000] {processor.py:183} INFO - Processing /home/airflow/.local/lib/python3.8/site-packages/airflow/example_dags/tutorial_dag.py took 0.196 seconds
