[2025-10-14T05:14:03.611+0000] {processor.py:161} INFO - Started process (PID=42312) to work on /home/airflow/.local/lib/python3.8/site-packages/airflow/example_dags/example_xcom.py
[2025-10-14T05:14:03.615+0000] {processor.py:830} INFO - Processing file /home/airflow/.local/lib/python3.8/site-packages/airflow/example_dags/example_xcom.py for tasks to queue
[2025-10-14T05:14:03.624+0000] {logging_mixin.py:188} INFO - [2025-10-14T05:14:03.616+0000] {dagbag.py:538} INFO - Filling up the DagBag from /home/airflow/.local/lib/python3.8/site-packages/airflow/example_dags/example_xcom.py
[2025-10-14T05:14:03.738+0000] {processor.py:840} INFO - DAG(s) 'example_xcom' retrieved from /home/airflow/.local/lib/python3.8/site-packages/airflow/example_dags/example_xcom.py
[2025-10-14T05:14:03.896+0000] {logging_mixin.py:188} INFO - [2025-10-14T05:14:03.895+0000] {dag.py:3036} INFO - Sync 1 DAGs
[2025-10-14T05:14:04.077+0000] {logging_mixin.py:188} INFO - [2025-10-14T05:14:04.076+0000] {dag.py:3823} INFO - Setting next_dagrun for example_xcom to 2021-01-01 00:00:00+00:00, run_after=2021-01-01 00:00:00+00:00
[2025-10-14T05:14:04.261+0000] {processor.py:183} INFO - Processing /home/airflow/.local/lib/python3.8/site-packages/airflow/example_dags/example_xcom.py took 0.657 seconds
[2025-10-14T05:14:34.800+0000] {processor.py:161} INFO - Started process (PID=42383) to work on /home/airflow/.local/lib/python3.8/site-packages/airflow/example_dags/example_xcom.py
[2025-10-14T05:14:34.802+0000] {processor.py:830} INFO - Processing file /home/airflow/.local/lib/python3.8/site-packages/airflow/example_dags/example_xcom.py for tasks to queue
[2025-10-14T05:14:34.804+0000] {logging_mixin.py:188} INFO - [2025-10-14T05:14:34.803+0000] {dagbag.py:538} INFO - Filling up the DagBag from /home/airflow/.local/lib/python3.8/site-packages/airflow/example_dags/example_xcom.py
[2025-10-14T05:14:34.829+0000] {processor.py:840} INFO - DAG(s) 'example_xcom' retrieved from /home/airflow/.local/lib/python3.8/site-packages/airflow/example_dags/example_xcom.py
[2025-10-14T05:14:34.887+0000] {logging_mixin.py:188} INFO - [2025-10-14T05:14:34.886+0000] {dag.py:3036} INFO - Sync 1 DAGs
[2025-10-14T05:14:34.931+0000] {logging_mixin.py:188} INFO - [2025-10-14T05:14:34.931+0000] {dag.py:3823} INFO - Setting next_dagrun for example_xcom to 2021-01-01 00:00:00+00:00, run_after=2021-01-01 00:00:00+00:00
[2025-10-14T05:14:34.966+0000] {processor.py:183} INFO - Processing /home/airflow/.local/lib/python3.8/site-packages/airflow/example_dags/example_xcom.py took 0.173 seconds
[2025-10-14T05:15:05.454+0000] {processor.py:161} INFO - Started process (PID=42453) to work on /home/airflow/.local/lib/python3.8/site-packages/airflow/example_dags/example_xcom.py
[2025-10-14T05:15:05.455+0000] {processor.py:830} INFO - Processing file /home/airflow/.local/lib/python3.8/site-packages/airflow/example_dags/example_xcom.py for tasks to queue
[2025-10-14T05:15:05.457+0000] {logging_mixin.py:188} INFO - [2025-10-14T05:15:05.456+0000] {dagbag.py:538} INFO - Filling up the DagBag from /home/airflow/.local/lib/python3.8/site-packages/airflow/example_dags/example_xcom.py
[2025-10-14T05:15:05.465+0000] {processor.py:840} INFO - DAG(s) 'example_xcom' retrieved from /home/airflow/.local/lib/python3.8/site-packages/airflow/example_dags/example_xcom.py
[2025-10-14T05:15:05.497+0000] {logging_mixin.py:188} INFO - [2025-10-14T05:15:05.496+0000] {dag.py:3036} INFO - Sync 1 DAGs
[2025-10-14T05:15:05.522+0000] {logging_mixin.py:188} INFO - [2025-10-14T05:15:05.521+0000] {dag.py:3823} INFO - Setting next_dagrun for example_xcom to 2021-01-01 00:00:00+00:00, run_after=2021-01-01 00:00:00+00:00
[2025-10-14T05:15:05.545+0000] {processor.py:183} INFO - Processing /home/airflow/.local/lib/python3.8/site-packages/airflow/example_dags/example_xcom.py took 0.095 seconds
[2025-10-14T05:15:36.180+0000] {processor.py:161} INFO - Started process (PID=42523) to work on /home/airflow/.local/lib/python3.8/site-packages/airflow/example_dags/example_xcom.py
[2025-10-14T05:15:36.181+0000] {processor.py:830} INFO - Processing file /home/airflow/.local/lib/python3.8/site-packages/airflow/example_dags/example_xcom.py for tasks to queue
[2025-10-14T05:15:36.183+0000] {logging_mixin.py:188} INFO - [2025-10-14T05:15:36.182+0000] {dagbag.py:538} INFO - Filling up the DagBag from /home/airflow/.local/lib/python3.8/site-packages/airflow/example_dags/example_xcom.py
[2025-10-14T05:15:36.192+0000] {processor.py:840} INFO - DAG(s) 'example_xcom' retrieved from /home/airflow/.local/lib/python3.8/site-packages/airflow/example_dags/example_xcom.py
[2025-10-14T05:15:36.224+0000] {logging_mixin.py:188} INFO - [2025-10-14T05:15:36.224+0000] {dag.py:3036} INFO - Sync 1 DAGs
[2025-10-14T05:15:36.250+0000] {logging_mixin.py:188} INFO - [2025-10-14T05:15:36.250+0000] {dag.py:3823} INFO - Setting next_dagrun for example_xcom to 2021-01-01 00:00:00+00:00, run_after=2021-01-01 00:00:00+00:00
[2025-10-14T05:15:36.273+0000] {processor.py:183} INFO - Processing /home/airflow/.local/lib/python3.8/site-packages/airflow/example_dags/example_xcom.py took 0.097 seconds
[2025-10-14T05:16:06.601+0000] {processor.py:161} INFO - Started process (PID=42593) to work on /home/airflow/.local/lib/python3.8/site-packages/airflow/example_dags/example_xcom.py
[2025-10-14T05:16:06.602+0000] {processor.py:830} INFO - Processing file /home/airflow/.local/lib/python3.8/site-packages/airflow/example_dags/example_xcom.py for tasks to queue
[2025-10-14T05:16:06.604+0000] {logging_mixin.py:188} INFO - [2025-10-14T05:16:06.603+0000] {dagbag.py:538} INFO - Filling up the DagBag from /home/airflow/.local/lib/python3.8/site-packages/airflow/example_dags/example_xcom.py
[2025-10-14T05:16:06.615+0000] {processor.py:840} INFO - DAG(s) 'example_xcom' retrieved from /home/airflow/.local/lib/python3.8/site-packages/airflow/example_dags/example_xcom.py
[2025-10-14T05:16:06.649+0000] {logging_mixin.py:188} INFO - [2025-10-14T05:16:06.648+0000] {dag.py:3036} INFO - Sync 1 DAGs
[2025-10-14T05:16:06.678+0000] {logging_mixin.py:188} INFO - [2025-10-14T05:16:06.677+0000] {dag.py:3823} INFO - Setting next_dagrun for example_xcom to 2021-01-01 00:00:00+00:00, run_after=2021-01-01 00:00:00+00:00
[2025-10-14T05:16:06.701+0000] {processor.py:183} INFO - Processing /home/airflow/.local/lib/python3.8/site-packages/airflow/example_dags/example_xcom.py took 0.104 seconds
[2025-10-14T05:16:36.780+0000] {processor.py:161} INFO - Started process (PID=42662) to work on /home/airflow/.local/lib/python3.8/site-packages/airflow/example_dags/example_xcom.py
[2025-10-14T05:16:36.782+0000] {processor.py:830} INFO - Processing file /home/airflow/.local/lib/python3.8/site-packages/airflow/example_dags/example_xcom.py for tasks to queue
[2025-10-14T05:16:36.784+0000] {logging_mixin.py:188} INFO - [2025-10-14T05:16:36.783+0000] {dagbag.py:538} INFO - Filling up the DagBag from /home/airflow/.local/lib/python3.8/site-packages/airflow/example_dags/example_xcom.py
[2025-10-14T05:16:36.796+0000] {processor.py:840} INFO - DAG(s) 'example_xcom' retrieved from /home/airflow/.local/lib/python3.8/site-packages/airflow/example_dags/example_xcom.py
[2025-10-14T05:16:36.840+0000] {logging_mixin.py:188} INFO - [2025-10-14T05:16:36.840+0000] {dag.py:3036} INFO - Sync 1 DAGs
[2025-10-14T05:16:36.884+0000] {logging_mixin.py:188} INFO - [2025-10-14T05:16:36.884+0000] {dag.py:3823} INFO - Setting next_dagrun for example_xcom to 2021-01-01 00:00:00+00:00, run_after=2021-01-01 00:00:00+00:00
[2025-10-14T05:16:36.919+0000] {processor.py:183} INFO - Processing /home/airflow/.local/lib/python3.8/site-packages/airflow/example_dags/example_xcom.py took 0.144 seconds
[2025-10-14T05:17:08.680+0000] {processor.py:161} INFO - Started process (PID=42734) to work on /home/airflow/.local/lib/python3.8/site-packages/airflow/example_dags/example_xcom.py
[2025-10-14T05:17:08.682+0000] {processor.py:830} INFO - Processing file /home/airflow/.local/lib/python3.8/site-packages/airflow/example_dags/example_xcom.py for tasks to queue
[2025-10-14T05:17:08.685+0000] {logging_mixin.py:188} INFO - [2025-10-14T05:17:08.684+0000] {dagbag.py:538} INFO - Filling up the DagBag from /home/airflow/.local/lib/python3.8/site-packages/airflow/example_dags/example_xcom.py
[2025-10-14T05:17:08.714+0000] {processor.py:840} INFO - DAG(s) 'example_xcom' retrieved from /home/airflow/.local/lib/python3.8/site-packages/airflow/example_dags/example_xcom.py
[2025-10-14T05:17:08.780+0000] {logging_mixin.py:188} INFO - [2025-10-14T05:17:08.780+0000] {dag.py:3036} INFO - Sync 1 DAGs
[2025-10-14T05:17:08.837+0000] {logging_mixin.py:188} INFO - [2025-10-14T05:17:08.836+0000] {dag.py:3823} INFO - Setting next_dagrun for example_xcom to 2021-01-01 00:00:00+00:00, run_after=2021-01-01 00:00:00+00:00
[2025-10-14T05:17:08.878+0000] {processor.py:183} INFO - Processing /home/airflow/.local/lib/python3.8/site-packages/airflow/example_dags/example_xcom.py took 0.205 seconds
[2025-10-14T05:17:39.372+0000] {processor.py:161} INFO - Started process (PID=42804) to work on /home/airflow/.local/lib/python3.8/site-packages/airflow/example_dags/example_xcom.py
[2025-10-14T05:17:39.374+0000] {processor.py:830} INFO - Processing file /home/airflow/.local/lib/python3.8/site-packages/airflow/example_dags/example_xcom.py for tasks to queue
[2025-10-14T05:17:39.376+0000] {logging_mixin.py:188} INFO - [2025-10-14T05:17:39.375+0000] {dagbag.py:538} INFO - Filling up the DagBag from /home/airflow/.local/lib/python3.8/site-packages/airflow/example_dags/example_xcom.py
[2025-10-14T05:17:39.393+0000] {processor.py:840} INFO - DAG(s) 'example_xcom' retrieved from /home/airflow/.local/lib/python3.8/site-packages/airflow/example_dags/example_xcom.py
[2025-10-14T05:17:39.438+0000] {logging_mixin.py:188} INFO - [2025-10-14T05:17:39.438+0000] {dag.py:3036} INFO - Sync 1 DAGs
[2025-10-14T05:17:39.511+0000] {logging_mixin.py:188} INFO - [2025-10-14T05:17:39.510+0000] {dag.py:3823} INFO - Setting next_dagrun for example_xcom to 2021-01-01 00:00:00+00:00, run_after=2021-01-01 00:00:00+00:00
[2025-10-14T05:17:39.578+0000] {processor.py:183} INFO - Processing /home/airflow/.local/lib/python3.8/site-packages/airflow/example_dags/example_xcom.py took 0.212 seconds
[2025-10-14T05:18:10.283+0000] {processor.py:161} INFO - Started process (PID=42874) to work on /home/airflow/.local/lib/python3.8/site-packages/airflow/example_dags/example_xcom.py
[2025-10-14T05:18:10.285+0000] {processor.py:830} INFO - Processing file /home/airflow/.local/lib/python3.8/site-packages/airflow/example_dags/example_xcom.py for tasks to queue
[2025-10-14T05:18:10.287+0000] {logging_mixin.py:188} INFO - [2025-10-14T05:18:10.286+0000] {dagbag.py:538} INFO - Filling up the DagBag from /home/airflow/.local/lib/python3.8/site-packages/airflow/example_dags/example_xcom.py
[2025-10-14T05:18:10.299+0000] {processor.py:840} INFO - DAG(s) 'example_xcom' retrieved from /home/airflow/.local/lib/python3.8/site-packages/airflow/example_dags/example_xcom.py
[2025-10-14T05:18:10.350+0000] {logging_mixin.py:188} INFO - [2025-10-14T05:18:10.350+0000] {dag.py:3036} INFO - Sync 1 DAGs
[2025-10-14T05:18:10.391+0000] {logging_mixin.py:188} INFO - [2025-10-14T05:18:10.391+0000] {dag.py:3823} INFO - Setting next_dagrun for example_xcom to 2021-01-01 00:00:00+00:00, run_after=2021-01-01 00:00:00+00:00
[2025-10-14T05:18:10.428+0000] {processor.py:183} INFO - Processing /home/airflow/.local/lib/python3.8/site-packages/airflow/example_dags/example_xcom.py took 0.151 seconds
[2025-10-14T05:18:49.833+0000] {processor.py:161} INFO - Started process (PID=42944) to work on /home/airflow/.local/lib/python3.8/site-packages/airflow/example_dags/example_xcom.py
[2025-10-14T05:18:49.835+0000] {processor.py:830} INFO - Processing file /home/airflow/.local/lib/python3.8/site-packages/airflow/example_dags/example_xcom.py for tasks to queue
[2025-10-14T05:18:49.859+0000] {logging_mixin.py:188} INFO - [2025-10-14T05:18:49.858+0000] {dagbag.py:538} INFO - Filling up the DagBag from /home/airflow/.local/lib/python3.8/site-packages/airflow/example_dags/example_xcom.py
[2025-10-14T05:18:49.884+0000] {processor.py:840} INFO - DAG(s) 'example_xcom' retrieved from /home/airflow/.local/lib/python3.8/site-packages/airflow/example_dags/example_xcom.py
[2025-10-14T05:18:49.986+0000] {logging_mixin.py:188} INFO - [2025-10-14T05:18:49.985+0000] {dag.py:3036} INFO - Sync 1 DAGs
[2025-10-14T05:18:50.114+0000] {logging_mixin.py:188} INFO - [2025-10-14T05:18:50.114+0000] {dag.py:3823} INFO - Setting next_dagrun for example_xcom to 2021-01-01 00:00:00+00:00, run_after=2021-01-01 00:00:00+00:00
[2025-10-14T05:18:50.209+0000] {processor.py:183} INFO - Processing /home/airflow/.local/lib/python3.8/site-packages/airflow/example_dags/example_xcom.py took 0.385 seconds
[2025-10-14T05:19:20.516+0000] {processor.py:161} INFO - Started process (PID=43014) to work on /home/airflow/.local/lib/python3.8/site-packages/airflow/example_dags/example_xcom.py
[2025-10-14T05:19:20.517+0000] {processor.py:830} INFO - Processing file /home/airflow/.local/lib/python3.8/site-packages/airflow/example_dags/example_xcom.py for tasks to queue
[2025-10-14T05:19:20.519+0000] {logging_mixin.py:188} INFO - [2025-10-14T05:19:20.518+0000] {dagbag.py:538} INFO - Filling up the DagBag from /home/airflow/.local/lib/python3.8/site-packages/airflow/example_dags/example_xcom.py
[2025-10-14T05:19:20.528+0000] {processor.py:840} INFO - DAG(s) 'example_xcom' retrieved from /home/airflow/.local/lib/python3.8/site-packages/airflow/example_dags/example_xcom.py
[2025-10-14T05:19:20.568+0000] {logging_mixin.py:188} INFO - [2025-10-14T05:19:20.568+0000] {dag.py:3036} INFO - Sync 1 DAGs
[2025-10-14T05:19:20.752+0000] {logging_mixin.py:188} INFO - [2025-10-14T05:19:20.751+0000] {dag.py:3823} INFO - Setting next_dagrun for example_xcom to 2021-01-01 00:00:00+00:00, run_after=2021-01-01 00:00:00+00:00
[2025-10-14T05:19:20.776+0000] {processor.py:183} INFO - Processing /home/airflow/.local/lib/python3.8/site-packages/airflow/example_dags/example_xcom.py took 0.264 seconds
[2025-10-14T05:19:50.841+0000] {processor.py:161} INFO - Started process (PID=43084) to work on /home/airflow/.local/lib/python3.8/site-packages/airflow/example_dags/example_xcom.py
[2025-10-14T05:19:50.842+0000] {processor.py:830} INFO - Processing file /home/airflow/.local/lib/python3.8/site-packages/airflow/example_dags/example_xcom.py for tasks to queue
[2025-10-14T05:19:50.844+0000] {logging_mixin.py:188} INFO - [2025-10-14T05:19:50.843+0000] {dagbag.py:538} INFO - Filling up the DagBag from /home/airflow/.local/lib/python3.8/site-packages/airflow/example_dags/example_xcom.py
[2025-10-14T05:19:50.853+0000] {processor.py:840} INFO - DAG(s) 'example_xcom' retrieved from /home/airflow/.local/lib/python3.8/site-packages/airflow/example_dags/example_xcom.py
[2025-10-14T05:19:50.886+0000] {logging_mixin.py:188} INFO - [2025-10-14T05:19:50.885+0000] {dag.py:3036} INFO - Sync 1 DAGs
[2025-10-14T05:19:51.078+0000] {logging_mixin.py:188} INFO - [2025-10-14T05:19:51.077+0000] {dag.py:3823} INFO - Setting next_dagrun for example_xcom to 2021-01-01 00:00:00+00:00, run_after=2021-01-01 00:00:00+00:00
[2025-10-14T05:19:51.105+0000] {processor.py:183} INFO - Processing /home/airflow/.local/lib/python3.8/site-packages/airflow/example_dags/example_xcom.py took 0.268 seconds
[2025-10-14T05:20:21.315+0000] {processor.py:161} INFO - Started process (PID=43153) to work on /home/airflow/.local/lib/python3.8/site-packages/airflow/example_dags/example_xcom.py
[2025-10-14T05:20:21.317+0000] {processor.py:830} INFO - Processing file /home/airflow/.local/lib/python3.8/site-packages/airflow/example_dags/example_xcom.py for tasks to queue
[2025-10-14T05:20:21.318+0000] {logging_mixin.py:188} INFO - [2025-10-14T05:20:21.318+0000] {dagbag.py:538} INFO - Filling up the DagBag from /home/airflow/.local/lib/python3.8/site-packages/airflow/example_dags/example_xcom.py
[2025-10-14T05:20:21.332+0000] {processor.py:840} INFO - DAG(s) 'example_xcom' retrieved from /home/airflow/.local/lib/python3.8/site-packages/airflow/example_dags/example_xcom.py
[2025-10-14T05:20:21.372+0000] {logging_mixin.py:188} INFO - [2025-10-14T05:20:21.372+0000] {dag.py:3036} INFO - Sync 1 DAGs
[2025-10-14T05:20:21.540+0000] {logging_mixin.py:188} INFO - [2025-10-14T05:20:21.540+0000] {dag.py:3823} INFO - Setting next_dagrun for example_xcom to 2021-01-01 00:00:00+00:00, run_after=2021-01-01 00:00:00+00:00
[2025-10-14T05:20:21.569+0000] {processor.py:183} INFO - Processing /home/airflow/.local/lib/python3.8/site-packages/airflow/example_dags/example_xcom.py took 0.259 seconds
[2025-10-14T05:20:51.630+0000] {processor.py:161} INFO - Started process (PID=43222) to work on /home/airflow/.local/lib/python3.8/site-packages/airflow/example_dags/example_xcom.py
[2025-10-14T05:20:51.631+0000] {processor.py:830} INFO - Processing file /home/airflow/.local/lib/python3.8/site-packages/airflow/example_dags/example_xcom.py for tasks to queue
[2025-10-14T05:20:51.633+0000] {logging_mixin.py:188} INFO - [2025-10-14T05:20:51.632+0000] {dagbag.py:538} INFO - Filling up the DagBag from /home/airflow/.local/lib/python3.8/site-packages/airflow/example_dags/example_xcom.py
[2025-10-14T05:20:51.643+0000] {processor.py:840} INFO - DAG(s) 'example_xcom' retrieved from /home/airflow/.local/lib/python3.8/site-packages/airflow/example_dags/example_xcom.py
[2025-10-14T05:20:51.674+0000] {logging_mixin.py:188} INFO - [2025-10-14T05:20:51.674+0000] {dag.py:3036} INFO - Sync 1 DAGs
[2025-10-14T05:20:51.909+0000] {logging_mixin.py:188} INFO - [2025-10-14T05:20:51.908+0000] {dag.py:3823} INFO - Setting next_dagrun for example_xcom to 2021-01-01 00:00:00+00:00, run_after=2021-01-01 00:00:00+00:00
[2025-10-14T05:20:51.936+0000] {processor.py:183} INFO - Processing /home/airflow/.local/lib/python3.8/site-packages/airflow/example_dags/example_xcom.py took 0.310 seconds
[2025-10-14T05:21:22.220+0000] {processor.py:161} INFO - Started process (PID=43292) to work on /home/airflow/.local/lib/python3.8/site-packages/airflow/example_dags/example_xcom.py
[2025-10-14T05:21:22.222+0000] {processor.py:830} INFO - Processing file /home/airflow/.local/lib/python3.8/site-packages/airflow/example_dags/example_xcom.py for tasks to queue
[2025-10-14T05:21:22.223+0000] {logging_mixin.py:188} INFO - [2025-10-14T05:21:22.223+0000] {dagbag.py:538} INFO - Filling up the DagBag from /home/airflow/.local/lib/python3.8/site-packages/airflow/example_dags/example_xcom.py
[2025-10-14T05:21:22.233+0000] {processor.py:840} INFO - DAG(s) 'example_xcom' retrieved from /home/airflow/.local/lib/python3.8/site-packages/airflow/example_dags/example_xcom.py
[2025-10-14T05:21:22.267+0000] {logging_mixin.py:188} INFO - [2025-10-14T05:21:22.267+0000] {dag.py:3036} INFO - Sync 1 DAGs
[2025-10-14T05:21:22.295+0000] {logging_mixin.py:188} INFO - [2025-10-14T05:21:22.295+0000] {dag.py:3823} INFO - Setting next_dagrun for example_xcom to 2021-01-01 00:00:00+00:00, run_after=2021-01-01 00:00:00+00:00
[2025-10-14T05:21:22.320+0000] {processor.py:183} INFO - Processing /home/airflow/.local/lib/python3.8/site-packages/airflow/example_dags/example_xcom.py took 0.105 seconds
[2025-10-14T05:21:53.024+0000] {processor.py:161} INFO - Started process (PID=43363) to work on /home/airflow/.local/lib/python3.8/site-packages/airflow/example_dags/example_xcom.py
[2025-10-14T05:21:53.025+0000] {processor.py:830} INFO - Processing file /home/airflow/.local/lib/python3.8/site-packages/airflow/example_dags/example_xcom.py for tasks to queue
[2025-10-14T05:21:53.027+0000] {logging_mixin.py:188} INFO - [2025-10-14T05:21:53.027+0000] {dagbag.py:538} INFO - Filling up the DagBag from /home/airflow/.local/lib/python3.8/site-packages/airflow/example_dags/example_xcom.py
[2025-10-14T05:21:53.037+0000] {processor.py:840} INFO - DAG(s) 'example_xcom' retrieved from /home/airflow/.local/lib/python3.8/site-packages/airflow/example_dags/example_xcom.py
[2025-10-14T05:21:53.069+0000] {logging_mixin.py:188} INFO - [2025-10-14T05:21:53.068+0000] {dag.py:3036} INFO - Sync 1 DAGs
[2025-10-14T05:21:53.095+0000] {logging_mixin.py:188} INFO - [2025-10-14T05:21:53.095+0000] {dag.py:3823} INFO - Setting next_dagrun for example_xcom to 2021-01-01 00:00:00+00:00, run_after=2021-01-01 00:00:00+00:00
[2025-10-14T05:21:53.121+0000] {processor.py:183} INFO - Processing /home/airflow/.local/lib/python3.8/site-packages/airflow/example_dags/example_xcom.py took 0.102 seconds
[2025-10-14T05:22:23.455+0000] {processor.py:161} INFO - Started process (PID=43433) to work on /home/airflow/.local/lib/python3.8/site-packages/airflow/example_dags/example_xcom.py
[2025-10-14T05:22:23.456+0000] {processor.py:830} INFO - Processing file /home/airflow/.local/lib/python3.8/site-packages/airflow/example_dags/example_xcom.py for tasks to queue
[2025-10-14T05:22:23.457+0000] {logging_mixin.py:188} INFO - [2025-10-14T05:22:23.457+0000] {dagbag.py:538} INFO - Filling up the DagBag from /home/airflow/.local/lib/python3.8/site-packages/airflow/example_dags/example_xcom.py
[2025-10-14T05:22:23.467+0000] {processor.py:840} INFO - DAG(s) 'example_xcom' retrieved from /home/airflow/.local/lib/python3.8/site-packages/airflow/example_dags/example_xcom.py
[2025-10-14T05:22:23.500+0000] {logging_mixin.py:188} INFO - [2025-10-14T05:22:23.500+0000] {dag.py:3036} INFO - Sync 1 DAGs
[2025-10-14T05:22:23.527+0000] {logging_mixin.py:188} INFO - [2025-10-14T05:22:23.526+0000] {dag.py:3823} INFO - Setting next_dagrun for example_xcom to 2021-01-01 00:00:00+00:00, run_after=2021-01-01 00:00:00+00:00
[2025-10-14T05:22:23.554+0000] {processor.py:183} INFO - Processing /home/airflow/.local/lib/python3.8/site-packages/airflow/example_dags/example_xcom.py took 0.103 seconds
[2025-10-14T05:22:54.049+0000] {processor.py:161} INFO - Started process (PID=43503) to work on /home/airflow/.local/lib/python3.8/site-packages/airflow/example_dags/example_xcom.py
[2025-10-14T05:22:54.050+0000] {processor.py:830} INFO - Processing file /home/airflow/.local/lib/python3.8/site-packages/airflow/example_dags/example_xcom.py for tasks to queue
[2025-10-14T05:22:54.052+0000] {logging_mixin.py:188} INFO - [2025-10-14T05:22:54.052+0000] {dagbag.py:538} INFO - Filling up the DagBag from /home/airflow/.local/lib/python3.8/site-packages/airflow/example_dags/example_xcom.py
[2025-10-14T05:22:54.065+0000] {processor.py:840} INFO - DAG(s) 'example_xcom' retrieved from /home/airflow/.local/lib/python3.8/site-packages/airflow/example_dags/example_xcom.py
[2025-10-14T05:22:54.103+0000] {logging_mixin.py:188} INFO - [2025-10-14T05:22:54.103+0000] {dag.py:3036} INFO - Sync 1 DAGs
[2025-10-14T05:22:54.133+0000] {logging_mixin.py:188} INFO - [2025-10-14T05:22:54.132+0000] {dag.py:3823} INFO - Setting next_dagrun for example_xcom to 2021-01-01 00:00:00+00:00, run_after=2021-01-01 00:00:00+00:00
[2025-10-14T05:22:54.156+0000] {processor.py:183} INFO - Processing /home/airflow/.local/lib/python3.8/site-packages/airflow/example_dags/example_xcom.py took 0.112 seconds
[2025-10-14T05:23:24.247+0000] {processor.py:161} INFO - Started process (PID=43573) to work on /home/airflow/.local/lib/python3.8/site-packages/airflow/example_dags/example_xcom.py
[2025-10-14T05:23:24.248+0000] {processor.py:830} INFO - Processing file /home/airflow/.local/lib/python3.8/site-packages/airflow/example_dags/example_xcom.py for tasks to queue
[2025-10-14T05:23:24.250+0000] {logging_mixin.py:188} INFO - [2025-10-14T05:23:24.250+0000] {dagbag.py:538} INFO - Filling up the DagBag from /home/airflow/.local/lib/python3.8/site-packages/airflow/example_dags/example_xcom.py
[2025-10-14T05:23:24.264+0000] {processor.py:840} INFO - DAG(s) 'example_xcom' retrieved from /home/airflow/.local/lib/python3.8/site-packages/airflow/example_dags/example_xcom.py
[2025-10-14T05:23:24.301+0000] {logging_mixin.py:188} INFO - [2025-10-14T05:23:24.301+0000] {dag.py:3036} INFO - Sync 1 DAGs
[2025-10-14T05:23:24.329+0000] {logging_mixin.py:188} INFO - [2025-10-14T05:23:24.328+0000] {dag.py:3823} INFO - Setting next_dagrun for example_xcom to 2021-01-01 00:00:00+00:00, run_after=2021-01-01 00:00:00+00:00
[2025-10-14T05:23:24.351+0000] {processor.py:183} INFO - Processing /home/airflow/.local/lib/python3.8/site-packages/airflow/example_dags/example_xcom.py took 0.111 seconds
[2025-10-14T05:23:54.844+0000] {processor.py:161} INFO - Started process (PID=43643) to work on /home/airflow/.local/lib/python3.8/site-packages/airflow/example_dags/example_xcom.py
[2025-10-14T05:23:54.845+0000] {processor.py:830} INFO - Processing file /home/airflow/.local/lib/python3.8/site-packages/airflow/example_dags/example_xcom.py for tasks to queue
[2025-10-14T05:23:54.847+0000] {logging_mixin.py:188} INFO - [2025-10-14T05:23:54.847+0000] {dagbag.py:538} INFO - Filling up the DagBag from /home/airflow/.local/lib/python3.8/site-packages/airflow/example_dags/example_xcom.py
[2025-10-14T05:23:54.861+0000] {processor.py:840} INFO - DAG(s) 'example_xcom' retrieved from /home/airflow/.local/lib/python3.8/site-packages/airflow/example_dags/example_xcom.py
[2025-10-14T05:23:54.919+0000] {logging_mixin.py:188} INFO - [2025-10-14T05:23:54.918+0000] {dag.py:3036} INFO - Sync 1 DAGs
[2025-10-14T05:23:54.958+0000] {logging_mixin.py:188} INFO - [2025-10-14T05:23:54.957+0000] {dag.py:3823} INFO - Setting next_dagrun for example_xcom to 2021-01-01 00:00:00+00:00, run_after=2021-01-01 00:00:00+00:00
[2025-10-14T05:23:54.982+0000] {processor.py:183} INFO - Processing /home/airflow/.local/lib/python3.8/site-packages/airflow/example_dags/example_xcom.py took 0.144 seconds
[2025-10-14T05:24:25.130+0000] {processor.py:161} INFO - Started process (PID=43713) to work on /home/airflow/.local/lib/python3.8/site-packages/airflow/example_dags/example_xcom.py
[2025-10-14T05:24:25.131+0000] {processor.py:830} INFO - Processing file /home/airflow/.local/lib/python3.8/site-packages/airflow/example_dags/example_xcom.py for tasks to queue
[2025-10-14T05:24:25.133+0000] {logging_mixin.py:188} INFO - [2025-10-14T05:24:25.132+0000] {dagbag.py:538} INFO - Filling up the DagBag from /home/airflow/.local/lib/python3.8/site-packages/airflow/example_dags/example_xcom.py
[2025-10-14T05:24:25.143+0000] {processor.py:840} INFO - DAG(s) 'example_xcom' retrieved from /home/airflow/.local/lib/python3.8/site-packages/airflow/example_dags/example_xcom.py
[2025-10-14T05:24:25.179+0000] {logging_mixin.py:188} INFO - [2025-10-14T05:24:25.178+0000] {dag.py:3036} INFO - Sync 1 DAGs
[2025-10-14T05:24:25.206+0000] {logging_mixin.py:188} INFO - [2025-10-14T05:24:25.206+0000] {dag.py:3823} INFO - Setting next_dagrun for example_xcom to 2021-01-01 00:00:00+00:00, run_after=2021-01-01 00:00:00+00:00
[2025-10-14T05:24:25.228+0000] {processor.py:183} INFO - Processing /home/airflow/.local/lib/python3.8/site-packages/airflow/example_dags/example_xcom.py took 0.102 seconds
[2025-10-14T05:24:55.449+0000] {processor.py:161} INFO - Started process (PID=43783) to work on /home/airflow/.local/lib/python3.8/site-packages/airflow/example_dags/example_xcom.py
[2025-10-14T05:24:55.451+0000] {processor.py:830} INFO - Processing file /home/airflow/.local/lib/python3.8/site-packages/airflow/example_dags/example_xcom.py for tasks to queue
[2025-10-14T05:24:55.452+0000] {logging_mixin.py:188} INFO - [2025-10-14T05:24:55.452+0000] {dagbag.py:538} INFO - Filling up the DagBag from /home/airflow/.local/lib/python3.8/site-packages/airflow/example_dags/example_xcom.py
[2025-10-14T05:24:55.465+0000] {processor.py:840} INFO - DAG(s) 'example_xcom' retrieved from /home/airflow/.local/lib/python3.8/site-packages/airflow/example_dags/example_xcom.py
[2025-10-14T05:24:55.512+0000] {logging_mixin.py:188} INFO - [2025-10-14T05:24:55.512+0000] {dag.py:3036} INFO - Sync 1 DAGs
[2025-10-14T05:24:55.547+0000] {logging_mixin.py:188} INFO - [2025-10-14T05:24:55.546+0000] {dag.py:3823} INFO - Setting next_dagrun for example_xcom to 2021-01-01 00:00:00+00:00, run_after=2021-01-01 00:00:00+00:00
[2025-10-14T05:24:55.576+0000] {processor.py:183} INFO - Processing /home/airflow/.local/lib/python3.8/site-packages/airflow/example_dags/example_xcom.py took 0.131 seconds
[2025-10-14T05:25:26.089+0000] {processor.py:161} INFO - Started process (PID=43853) to work on /home/airflow/.local/lib/python3.8/site-packages/airflow/example_dags/example_xcom.py
[2025-10-14T05:25:26.091+0000] {processor.py:830} INFO - Processing file /home/airflow/.local/lib/python3.8/site-packages/airflow/example_dags/example_xcom.py for tasks to queue
[2025-10-14T05:25:26.092+0000] {logging_mixin.py:188} INFO - [2025-10-14T05:25:26.092+0000] {dagbag.py:538} INFO - Filling up the DagBag from /home/airflow/.local/lib/python3.8/site-packages/airflow/example_dags/example_xcom.py
[2025-10-14T05:25:26.104+0000] {processor.py:840} INFO - DAG(s) 'example_xcom' retrieved from /home/airflow/.local/lib/python3.8/site-packages/airflow/example_dags/example_xcom.py
[2025-10-14T05:25:26.138+0000] {logging_mixin.py:188} INFO - [2025-10-14T05:25:26.138+0000] {dag.py:3036} INFO - Sync 1 DAGs
[2025-10-14T05:25:26.166+0000] {logging_mixin.py:188} INFO - [2025-10-14T05:25:26.166+0000] {dag.py:3823} INFO - Setting next_dagrun for example_xcom to 2021-01-01 00:00:00+00:00, run_after=2021-01-01 00:00:00+00:00
[2025-10-14T05:25:26.190+0000] {processor.py:183} INFO - Processing /home/airflow/.local/lib/python3.8/site-packages/airflow/example_dags/example_xcom.py took 0.105 seconds
[2025-10-14T05:25:56.318+0000] {processor.py:161} INFO - Started process (PID=43923) to work on /home/airflow/.local/lib/python3.8/site-packages/airflow/example_dags/example_xcom.py
[2025-10-14T05:25:56.319+0000] {processor.py:830} INFO - Processing file /home/airflow/.local/lib/python3.8/site-packages/airflow/example_dags/example_xcom.py for tasks to queue
[2025-10-14T05:25:56.321+0000] {logging_mixin.py:188} INFO - [2025-10-14T05:25:56.320+0000] {dagbag.py:538} INFO - Filling up the DagBag from /home/airflow/.local/lib/python3.8/site-packages/airflow/example_dags/example_xcom.py
[2025-10-14T05:25:56.330+0000] {processor.py:840} INFO - DAG(s) 'example_xcom' retrieved from /home/airflow/.local/lib/python3.8/site-packages/airflow/example_dags/example_xcom.py
[2025-10-14T05:25:56.360+0000] {logging_mixin.py:188} INFO - [2025-10-14T05:25:56.359+0000] {dag.py:3036} INFO - Sync 1 DAGs
[2025-10-14T05:25:56.386+0000] {logging_mixin.py:188} INFO - [2025-10-14T05:25:56.386+0000] {dag.py:3823} INFO - Setting next_dagrun for example_xcom to 2021-01-01 00:00:00+00:00, run_after=2021-01-01 00:00:00+00:00
[2025-10-14T05:25:56.411+0000] {processor.py:183} INFO - Processing /home/airflow/.local/lib/python3.8/site-packages/airflow/example_dags/example_xcom.py took 0.098 seconds
[2025-10-14T05:26:26.544+0000] {processor.py:161} INFO - Started process (PID=43993) to work on /home/airflow/.local/lib/python3.8/site-packages/airflow/example_dags/example_xcom.py
[2025-10-14T05:26:26.545+0000] {processor.py:830} INFO - Processing file /home/airflow/.local/lib/python3.8/site-packages/airflow/example_dags/example_xcom.py for tasks to queue
[2025-10-14T05:26:26.547+0000] {logging_mixin.py:188} INFO - [2025-10-14T05:26:26.546+0000] {dagbag.py:538} INFO - Filling up the DagBag from /home/airflow/.local/lib/python3.8/site-packages/airflow/example_dags/example_xcom.py
[2025-10-14T05:26:26.558+0000] {processor.py:840} INFO - DAG(s) 'example_xcom' retrieved from /home/airflow/.local/lib/python3.8/site-packages/airflow/example_dags/example_xcom.py
[2025-10-14T05:26:26.594+0000] {logging_mixin.py:188} INFO - [2025-10-14T05:26:26.594+0000] {dag.py:3036} INFO - Sync 1 DAGs
[2025-10-14T05:26:26.622+0000] {logging_mixin.py:188} INFO - [2025-10-14T05:26:26.621+0000] {dag.py:3823} INFO - Setting next_dagrun for example_xcom to 2021-01-01 00:00:00+00:00, run_after=2021-01-01 00:00:00+00:00
[2025-10-14T05:26:26.644+0000] {processor.py:183} INFO - Processing /home/airflow/.local/lib/python3.8/site-packages/airflow/example_dags/example_xcom.py took 0.105 seconds
[2025-10-14T05:26:57.351+0000] {processor.py:161} INFO - Started process (PID=44063) to work on /home/airflow/.local/lib/python3.8/site-packages/airflow/example_dags/example_xcom.py
[2025-10-14T05:26:57.352+0000] {processor.py:830} INFO - Processing file /home/airflow/.local/lib/python3.8/site-packages/airflow/example_dags/example_xcom.py for tasks to queue
[2025-10-14T05:26:57.353+0000] {logging_mixin.py:188} INFO - [2025-10-14T05:26:57.353+0000] {dagbag.py:538} INFO - Filling up the DagBag from /home/airflow/.local/lib/python3.8/site-packages/airflow/example_dags/example_xcom.py
[2025-10-14T05:26:57.367+0000] {processor.py:840} INFO - DAG(s) 'example_xcom' retrieved from /home/airflow/.local/lib/python3.8/site-packages/airflow/example_dags/example_xcom.py
[2025-10-14T05:26:57.402+0000] {logging_mixin.py:188} INFO - [2025-10-14T05:26:57.402+0000] {dag.py:3036} INFO - Sync 1 DAGs
[2025-10-14T05:26:57.434+0000] {logging_mixin.py:188} INFO - [2025-10-14T05:26:57.434+0000] {dag.py:3823} INFO - Setting next_dagrun for example_xcom to 2021-01-01 00:00:00+00:00, run_after=2021-01-01 00:00:00+00:00
[2025-10-14T05:26:57.461+0000] {processor.py:183} INFO - Processing /home/airflow/.local/lib/python3.8/site-packages/airflow/example_dags/example_xcom.py took 0.116 seconds
[2025-10-14T05:27:28.185+0000] {processor.py:161} INFO - Started process (PID=44133) to work on /home/airflow/.local/lib/python3.8/site-packages/airflow/example_dags/example_xcom.py
[2025-10-14T05:27:28.187+0000] {processor.py:830} INFO - Processing file /home/airflow/.local/lib/python3.8/site-packages/airflow/example_dags/example_xcom.py for tasks to queue
[2025-10-14T05:27:28.188+0000] {logging_mixin.py:188} INFO - [2025-10-14T05:27:28.188+0000] {dagbag.py:538} INFO - Filling up the DagBag from /home/airflow/.local/lib/python3.8/site-packages/airflow/example_dags/example_xcom.py
[2025-10-14T05:27:28.197+0000] {processor.py:840} INFO - DAG(s) 'example_xcom' retrieved from /home/airflow/.local/lib/python3.8/site-packages/airflow/example_dags/example_xcom.py
[2025-10-14T05:27:28.228+0000] {logging_mixin.py:188} INFO - [2025-10-14T05:27:28.227+0000] {dag.py:3036} INFO - Sync 1 DAGs
[2025-10-14T05:27:28.253+0000] {logging_mixin.py:188} INFO - [2025-10-14T05:27:28.253+0000] {dag.py:3823} INFO - Setting next_dagrun for example_xcom to 2021-01-01 00:00:00+00:00, run_after=2021-01-01 00:00:00+00:00
[2025-10-14T05:27:28.276+0000] {processor.py:183} INFO - Processing /home/airflow/.local/lib/python3.8/site-packages/airflow/example_dags/example_xcom.py took 0.095 seconds
[2025-10-14T05:27:58.904+0000] {processor.py:161} INFO - Started process (PID=44203) to work on /home/airflow/.local/lib/python3.8/site-packages/airflow/example_dags/example_xcom.py
[2025-10-14T05:27:58.905+0000] {processor.py:830} INFO - Processing file /home/airflow/.local/lib/python3.8/site-packages/airflow/example_dags/example_xcom.py for tasks to queue
[2025-10-14T05:27:58.907+0000] {logging_mixin.py:188} INFO - [2025-10-14T05:27:58.906+0000] {dagbag.py:538} INFO - Filling up the DagBag from /home/airflow/.local/lib/python3.8/site-packages/airflow/example_dags/example_xcom.py
[2025-10-14T05:27:58.917+0000] {processor.py:840} INFO - DAG(s) 'example_xcom' retrieved from /home/airflow/.local/lib/python3.8/site-packages/airflow/example_dags/example_xcom.py
[2025-10-14T05:27:58.946+0000] {logging_mixin.py:188} INFO - [2025-10-14T05:27:58.946+0000] {dag.py:3036} INFO - Sync 1 DAGs
[2025-10-14T05:27:58.973+0000] {logging_mixin.py:188} INFO - [2025-10-14T05:27:58.972+0000] {dag.py:3823} INFO - Setting next_dagrun for example_xcom to 2021-01-01 00:00:00+00:00, run_after=2021-01-01 00:00:00+00:00
[2025-10-14T05:27:58.995+0000] {processor.py:183} INFO - Processing /home/airflow/.local/lib/python3.8/site-packages/airflow/example_dags/example_xcom.py took 0.094 seconds
[2025-10-14T05:28:29.523+0000] {processor.py:161} INFO - Started process (PID=44273) to work on /home/airflow/.local/lib/python3.8/site-packages/airflow/example_dags/example_xcom.py
[2025-10-14T05:28:29.525+0000] {processor.py:830} INFO - Processing file /home/airflow/.local/lib/python3.8/site-packages/airflow/example_dags/example_xcom.py for tasks to queue
[2025-10-14T05:28:29.526+0000] {logging_mixin.py:188} INFO - [2025-10-14T05:28:29.526+0000] {dagbag.py:538} INFO - Filling up the DagBag from /home/airflow/.local/lib/python3.8/site-packages/airflow/example_dags/example_xcom.py
[2025-10-14T05:28:29.535+0000] {processor.py:840} INFO - DAG(s) 'example_xcom' retrieved from /home/airflow/.local/lib/python3.8/site-packages/airflow/example_dags/example_xcom.py
[2025-10-14T05:28:29.567+0000] {logging_mixin.py:188} INFO - [2025-10-14T05:28:29.566+0000] {dag.py:3036} INFO - Sync 1 DAGs
[2025-10-14T05:28:29.593+0000] {logging_mixin.py:188} INFO - [2025-10-14T05:28:29.592+0000] {dag.py:3823} INFO - Setting next_dagrun for example_xcom to 2021-01-01 00:00:00+00:00, run_after=2021-01-01 00:00:00+00:00
[2025-10-14T05:28:29.616+0000] {processor.py:183} INFO - Processing /home/airflow/.local/lib/python3.8/site-packages/airflow/example_dags/example_xcom.py took 0.097 seconds
[2025-10-14T05:29:00.294+0000] {processor.py:161} INFO - Started process (PID=44343) to work on /home/airflow/.local/lib/python3.8/site-packages/airflow/example_dags/example_xcom.py
[2025-10-14T05:29:00.296+0000] {processor.py:830} INFO - Processing file /home/airflow/.local/lib/python3.8/site-packages/airflow/example_dags/example_xcom.py for tasks to queue
[2025-10-14T05:29:00.297+0000] {logging_mixin.py:188} INFO - [2025-10-14T05:29:00.297+0000] {dagbag.py:538} INFO - Filling up the DagBag from /home/airflow/.local/lib/python3.8/site-packages/airflow/example_dags/example_xcom.py
[2025-10-14T05:29:00.308+0000] {processor.py:840} INFO - DAG(s) 'example_xcom' retrieved from /home/airflow/.local/lib/python3.8/site-packages/airflow/example_dags/example_xcom.py
[2025-10-14T05:29:00.341+0000] {logging_mixin.py:188} INFO - [2025-10-14T05:29:00.340+0000] {dag.py:3036} INFO - Sync 1 DAGs
[2025-10-14T05:29:00.368+0000] {logging_mixin.py:188} INFO - [2025-10-14T05:29:00.367+0000] {dag.py:3823} INFO - Setting next_dagrun for example_xcom to 2021-01-01 00:00:00+00:00, run_after=2021-01-01 00:00:00+00:00
[2025-10-14T05:29:00.392+0000] {processor.py:183} INFO - Processing /home/airflow/.local/lib/python3.8/site-packages/airflow/example_dags/example_xcom.py took 0.102 seconds
[2025-10-14T05:29:31.202+0000] {processor.py:161} INFO - Started process (PID=44413) to work on /home/airflow/.local/lib/python3.8/site-packages/airflow/example_dags/example_xcom.py
[2025-10-14T05:29:31.204+0000] {processor.py:830} INFO - Processing file /home/airflow/.local/lib/python3.8/site-packages/airflow/example_dags/example_xcom.py for tasks to queue
[2025-10-14T05:29:31.206+0000] {logging_mixin.py:188} INFO - [2025-10-14T05:29:31.205+0000] {dagbag.py:538} INFO - Filling up the DagBag from /home/airflow/.local/lib/python3.8/site-packages/airflow/example_dags/example_xcom.py
[2025-10-14T05:29:31.220+0000] {processor.py:840} INFO - DAG(s) 'example_xcom' retrieved from /home/airflow/.local/lib/python3.8/site-packages/airflow/example_dags/example_xcom.py
[2025-10-14T05:29:31.259+0000] {logging_mixin.py:188} INFO - [2025-10-14T05:29:31.259+0000] {dag.py:3036} INFO - Sync 1 DAGs
[2025-10-14T05:29:31.289+0000] {logging_mixin.py:188} INFO - [2025-10-14T05:29:31.289+0000] {dag.py:3823} INFO - Setting next_dagrun for example_xcom to 2021-01-01 00:00:00+00:00, run_after=2021-01-01 00:00:00+00:00
[2025-10-14T05:29:31.316+0000] {processor.py:183} INFO - Processing /home/airflow/.local/lib/python3.8/site-packages/airflow/example_dags/example_xcom.py took 0.118 seconds
[2025-10-14T05:30:01.786+0000] {processor.py:161} INFO - Started process (PID=44483) to work on /home/airflow/.local/lib/python3.8/site-packages/airflow/example_dags/example_xcom.py
[2025-10-14T05:30:01.787+0000] {processor.py:830} INFO - Processing file /home/airflow/.local/lib/python3.8/site-packages/airflow/example_dags/example_xcom.py for tasks to queue
[2025-10-14T05:30:01.788+0000] {logging_mixin.py:188} INFO - [2025-10-14T05:30:01.788+0000] {dagbag.py:538} INFO - Filling up the DagBag from /home/airflow/.local/lib/python3.8/site-packages/airflow/example_dags/example_xcom.py
[2025-10-14T05:30:01.797+0000] {processor.py:840} INFO - DAG(s) 'example_xcom' retrieved from /home/airflow/.local/lib/python3.8/site-packages/airflow/example_dags/example_xcom.py
[2025-10-14T05:30:01.831+0000] {logging_mixin.py:188} INFO - [2025-10-14T05:30:01.830+0000] {dag.py:3036} INFO - Sync 1 DAGs
[2025-10-14T05:30:01.860+0000] {logging_mixin.py:188} INFO - [2025-10-14T05:30:01.859+0000] {dag.py:3823} INFO - Setting next_dagrun for example_xcom to 2021-01-01 00:00:00+00:00, run_after=2021-01-01 00:00:00+00:00
[2025-10-14T05:30:01.885+0000] {processor.py:183} INFO - Processing /home/airflow/.local/lib/python3.8/site-packages/airflow/example_dags/example_xcom.py took 0.103 seconds
[2025-10-14T05:30:32.237+0000] {processor.py:161} INFO - Started process (PID=44553) to work on /home/airflow/.local/lib/python3.8/site-packages/airflow/example_dags/example_xcom.py
[2025-10-14T05:30:32.238+0000] {processor.py:830} INFO - Processing file /home/airflow/.local/lib/python3.8/site-packages/airflow/example_dags/example_xcom.py for tasks to queue
[2025-10-14T05:30:32.239+0000] {logging_mixin.py:188} INFO - [2025-10-14T05:30:32.239+0000] {dagbag.py:538} INFO - Filling up the DagBag from /home/airflow/.local/lib/python3.8/site-packages/airflow/example_dags/example_xcom.py
[2025-10-14T05:30:32.249+0000] {processor.py:840} INFO - DAG(s) 'example_xcom' retrieved from /home/airflow/.local/lib/python3.8/site-packages/airflow/example_dags/example_xcom.py
[2025-10-14T05:30:32.284+0000] {logging_mixin.py:188} INFO - [2025-10-14T05:30:32.283+0000] {dag.py:3036} INFO - Sync 1 DAGs
[2025-10-14T05:30:32.314+0000] {logging_mixin.py:188} INFO - [2025-10-14T05:30:32.313+0000] {dag.py:3823} INFO - Setting next_dagrun for example_xcom to 2021-01-01 00:00:00+00:00, run_after=2021-01-01 00:00:00+00:00
[2025-10-14T05:30:32.341+0000] {processor.py:183} INFO - Processing /home/airflow/.local/lib/python3.8/site-packages/airflow/example_dags/example_xcom.py took 0.109 seconds
[2025-10-14T05:31:03.672+0000] {processor.py:161} INFO - Started process (PID=44629) to work on /home/airflow/.local/lib/python3.8/site-packages/airflow/example_dags/example_xcom.py
[2025-10-14T05:31:03.674+0000] {processor.py:830} INFO - Processing file /home/airflow/.local/lib/python3.8/site-packages/airflow/example_dags/example_xcom.py for tasks to queue
[2025-10-14T05:31:03.675+0000] {logging_mixin.py:188} INFO - [2025-10-14T05:31:03.675+0000] {dagbag.py:538} INFO - Filling up the DagBag from /home/airflow/.local/lib/python3.8/site-packages/airflow/example_dags/example_xcom.py
[2025-10-14T05:31:03.688+0000] {processor.py:840} INFO - DAG(s) 'example_xcom' retrieved from /home/airflow/.local/lib/python3.8/site-packages/airflow/example_dags/example_xcom.py
[2025-10-14T05:31:03.726+0000] {logging_mixin.py:188} INFO - [2025-10-14T05:31:03.725+0000] {dag.py:3036} INFO - Sync 1 DAGs
[2025-10-14T05:31:03.756+0000] {logging_mixin.py:188} INFO - [2025-10-14T05:31:03.755+0000] {dag.py:3823} INFO - Setting next_dagrun for example_xcom to 2021-01-01 00:00:00+00:00, run_after=2021-01-01 00:00:00+00:00
[2025-10-14T05:31:03.779+0000] {processor.py:183} INFO - Processing /home/airflow/.local/lib/python3.8/site-packages/airflow/example_dags/example_xcom.py took 0.115 seconds
[2025-10-14T05:31:34.806+0000] {processor.py:161} INFO - Started process (PID=44699) to work on /home/airflow/.local/lib/python3.8/site-packages/airflow/example_dags/example_xcom.py
[2025-10-14T05:31:34.807+0000] {processor.py:830} INFO - Processing file /home/airflow/.local/lib/python3.8/site-packages/airflow/example_dags/example_xcom.py for tasks to queue
[2025-10-14T05:31:34.808+0000] {logging_mixin.py:188} INFO - [2025-10-14T05:31:34.808+0000] {dagbag.py:538} INFO - Filling up the DagBag from /home/airflow/.local/lib/python3.8/site-packages/airflow/example_dags/example_xcom.py
[2025-10-14T05:31:34.817+0000] {processor.py:840} INFO - DAG(s) 'example_xcom' retrieved from /home/airflow/.local/lib/python3.8/site-packages/airflow/example_dags/example_xcom.py
[2025-10-14T05:31:34.849+0000] {logging_mixin.py:188} INFO - [2025-10-14T05:31:34.849+0000] {dag.py:3036} INFO - Sync 1 DAGs
[2025-10-14T05:31:34.878+0000] {logging_mixin.py:188} INFO - [2025-10-14T05:31:34.877+0000] {dag.py:3823} INFO - Setting next_dagrun for example_xcom to 2021-01-01 00:00:00+00:00, run_after=2021-01-01 00:00:00+00:00
[2025-10-14T05:31:34.900+0000] {processor.py:183} INFO - Processing /home/airflow/.local/lib/python3.8/site-packages/airflow/example_dags/example_xcom.py took 0.099 seconds
[2025-10-14T05:32:05.342+0000] {processor.py:161} INFO - Started process (PID=44769) to work on /home/airflow/.local/lib/python3.8/site-packages/airflow/example_dags/example_xcom.py
[2025-10-14T05:32:05.343+0000] {processor.py:830} INFO - Processing file /home/airflow/.local/lib/python3.8/site-packages/airflow/example_dags/example_xcom.py for tasks to queue
[2025-10-14T05:32:05.345+0000] {logging_mixin.py:188} INFO - [2025-10-14T05:32:05.344+0000] {dagbag.py:538} INFO - Filling up the DagBag from /home/airflow/.local/lib/python3.8/site-packages/airflow/example_dags/example_xcom.py
[2025-10-14T05:32:05.355+0000] {processor.py:840} INFO - DAG(s) 'example_xcom' retrieved from /home/airflow/.local/lib/python3.8/site-packages/airflow/example_dags/example_xcom.py
[2025-10-14T05:32:05.389+0000] {logging_mixin.py:188} INFO - [2025-10-14T05:32:05.389+0000] {dag.py:3036} INFO - Sync 1 DAGs
[2025-10-14T05:32:05.436+0000] {logging_mixin.py:188} INFO - [2025-10-14T05:32:05.435+0000] {dag.py:3823} INFO - Setting next_dagrun for example_xcom to 2021-01-01 00:00:00+00:00, run_after=2021-01-01 00:00:00+00:00
[2025-10-14T05:32:05.480+0000] {processor.py:183} INFO - Processing /home/airflow/.local/lib/python3.8/site-packages/airflow/example_dags/example_xcom.py took 0.142 seconds
[2025-10-14T05:32:36.218+0000] {processor.py:161} INFO - Started process (PID=44839) to work on /home/airflow/.local/lib/python3.8/site-packages/airflow/example_dags/example_xcom.py
[2025-10-14T05:32:36.220+0000] {processor.py:830} INFO - Processing file /home/airflow/.local/lib/python3.8/site-packages/airflow/example_dags/example_xcom.py for tasks to queue
[2025-10-14T05:32:36.221+0000] {logging_mixin.py:188} INFO - [2025-10-14T05:32:36.221+0000] {dagbag.py:538} INFO - Filling up the DagBag from /home/airflow/.local/lib/python3.8/site-packages/airflow/example_dags/example_xcom.py
[2025-10-14T05:32:36.232+0000] {processor.py:840} INFO - DAG(s) 'example_xcom' retrieved from /home/airflow/.local/lib/python3.8/site-packages/airflow/example_dags/example_xcom.py
[2025-10-14T05:32:36.263+0000] {logging_mixin.py:188} INFO - [2025-10-14T05:32:36.263+0000] {dag.py:3036} INFO - Sync 1 DAGs
[2025-10-14T05:32:36.293+0000] {logging_mixin.py:188} INFO - [2025-10-14T05:32:36.292+0000] {dag.py:3823} INFO - Setting next_dagrun for example_xcom to 2021-01-01 00:00:00+00:00, run_after=2021-01-01 00:00:00+00:00
[2025-10-14T05:32:36.318+0000] {processor.py:183} INFO - Processing /home/airflow/.local/lib/python3.8/site-packages/airflow/example_dags/example_xcom.py took 0.104 seconds
[2025-10-14T05:33:06.743+0000] {processor.py:161} INFO - Started process (PID=44910) to work on /home/airflow/.local/lib/python3.8/site-packages/airflow/example_dags/example_xcom.py
[2025-10-14T05:33:06.744+0000] {processor.py:830} INFO - Processing file /home/airflow/.local/lib/python3.8/site-packages/airflow/example_dags/example_xcom.py for tasks to queue
[2025-10-14T05:33:06.746+0000] {logging_mixin.py:188} INFO - [2025-10-14T05:33:06.745+0000] {dagbag.py:538} INFO - Filling up the DagBag from /home/airflow/.local/lib/python3.8/site-packages/airflow/example_dags/example_xcom.py
[2025-10-14T05:33:06.755+0000] {processor.py:840} INFO - DAG(s) 'example_xcom' retrieved from /home/airflow/.local/lib/python3.8/site-packages/airflow/example_dags/example_xcom.py
[2025-10-14T05:33:06.786+0000] {logging_mixin.py:188} INFO - [2025-10-14T05:33:06.785+0000] {dag.py:3036} INFO - Sync 1 DAGs
[2025-10-14T05:33:06.812+0000] {logging_mixin.py:188} INFO - [2025-10-14T05:33:06.812+0000] {dag.py:3823} INFO - Setting next_dagrun for example_xcom to 2021-01-01 00:00:00+00:00, run_after=2021-01-01 00:00:00+00:00
[2025-10-14T05:33:06.834+0000] {processor.py:183} INFO - Processing /home/airflow/.local/lib/python3.8/site-packages/airflow/example_dags/example_xcom.py took 0.095 seconds
[2025-10-14T05:33:37.267+0000] {processor.py:161} INFO - Started process (PID=44980) to work on /home/airflow/.local/lib/python3.8/site-packages/airflow/example_dags/example_xcom.py
[2025-10-14T05:33:37.269+0000] {processor.py:830} INFO - Processing file /home/airflow/.local/lib/python3.8/site-packages/airflow/example_dags/example_xcom.py for tasks to queue
[2025-10-14T05:33:37.270+0000] {logging_mixin.py:188} INFO - [2025-10-14T05:33:37.270+0000] {dagbag.py:538} INFO - Filling up the DagBag from /home/airflow/.local/lib/python3.8/site-packages/airflow/example_dags/example_xcom.py
[2025-10-14T05:33:37.279+0000] {processor.py:840} INFO - DAG(s) 'example_xcom' retrieved from /home/airflow/.local/lib/python3.8/site-packages/airflow/example_dags/example_xcom.py
[2025-10-14T05:33:37.312+0000] {logging_mixin.py:188} INFO - [2025-10-14T05:33:37.311+0000] {dag.py:3036} INFO - Sync 1 DAGs
[2025-10-14T05:33:37.340+0000] {logging_mixin.py:188} INFO - [2025-10-14T05:33:37.340+0000] {dag.py:3823} INFO - Setting next_dagrun for example_xcom to 2021-01-01 00:00:00+00:00, run_after=2021-01-01 00:00:00+00:00
[2025-10-14T05:33:37.365+0000] {processor.py:183} INFO - Processing /home/airflow/.local/lib/python3.8/site-packages/airflow/example_dags/example_xcom.py took 0.101 seconds
[2025-10-14T05:34:08.448+0000] {processor.py:161} INFO - Started process (PID=45050) to work on /home/airflow/.local/lib/python3.8/site-packages/airflow/example_dags/example_xcom.py
[2025-10-14T05:34:08.449+0000] {processor.py:830} INFO - Processing file /home/airflow/.local/lib/python3.8/site-packages/airflow/example_dags/example_xcom.py for tasks to queue
[2025-10-14T05:34:08.450+0000] {logging_mixin.py:188} INFO - [2025-10-14T05:34:08.450+0000] {dagbag.py:538} INFO - Filling up the DagBag from /home/airflow/.local/lib/python3.8/site-packages/airflow/example_dags/example_xcom.py
[2025-10-14T05:34:08.459+0000] {processor.py:840} INFO - DAG(s) 'example_xcom' retrieved from /home/airflow/.local/lib/python3.8/site-packages/airflow/example_dags/example_xcom.py
[2025-10-14T05:34:08.490+0000] {logging_mixin.py:188} INFO - [2025-10-14T05:34:08.490+0000] {dag.py:3036} INFO - Sync 1 DAGs
[2025-10-14T05:34:08.518+0000] {logging_mixin.py:188} INFO - [2025-10-14T05:34:08.518+0000] {dag.py:3823} INFO - Setting next_dagrun for example_xcom to 2021-01-01 00:00:00+00:00, run_after=2021-01-01 00:00:00+00:00
[2025-10-14T05:34:08.544+0000] {processor.py:183} INFO - Processing /home/airflow/.local/lib/python3.8/site-packages/airflow/example_dags/example_xcom.py took 0.099 seconds
[2025-10-14T05:34:39.725+0000] {processor.py:161} INFO - Started process (PID=45120) to work on /home/airflow/.local/lib/python3.8/site-packages/airflow/example_dags/example_xcom.py
[2025-10-14T05:34:39.727+0000] {processor.py:830} INFO - Processing file /home/airflow/.local/lib/python3.8/site-packages/airflow/example_dags/example_xcom.py for tasks to queue
[2025-10-14T05:34:39.729+0000] {logging_mixin.py:188} INFO - [2025-10-14T05:34:39.728+0000] {dagbag.py:538} INFO - Filling up the DagBag from /home/airflow/.local/lib/python3.8/site-packages/airflow/example_dags/example_xcom.py
[2025-10-14T05:34:39.740+0000] {processor.py:840} INFO - DAG(s) 'example_xcom' retrieved from /home/airflow/.local/lib/python3.8/site-packages/airflow/example_dags/example_xcom.py
[2025-10-14T05:34:39.772+0000] {logging_mixin.py:188} INFO - [2025-10-14T05:34:39.772+0000] {dag.py:3036} INFO - Sync 1 DAGs
[2025-10-14T05:34:39.800+0000] {logging_mixin.py:188} INFO - [2025-10-14T05:34:39.800+0000] {dag.py:3823} INFO - Setting next_dagrun for example_xcom to 2021-01-01 00:00:00+00:00, run_after=2021-01-01 00:00:00+00:00
[2025-10-14T05:34:39.824+0000] {processor.py:183} INFO - Processing /home/airflow/.local/lib/python3.8/site-packages/airflow/example_dags/example_xcom.py took 0.105 seconds
[2025-10-14T05:35:11.000+0000] {processor.py:161} INFO - Started process (PID=45190) to work on /home/airflow/.local/lib/python3.8/site-packages/airflow/example_dags/example_xcom.py
[2025-10-14T05:35:11.002+0000] {processor.py:830} INFO - Processing file /home/airflow/.local/lib/python3.8/site-packages/airflow/example_dags/example_xcom.py for tasks to queue
[2025-10-14T05:35:11.003+0000] {logging_mixin.py:188} INFO - [2025-10-14T05:35:11.003+0000] {dagbag.py:538} INFO - Filling up the DagBag from /home/airflow/.local/lib/python3.8/site-packages/airflow/example_dags/example_xcom.py
[2025-10-14T05:35:11.013+0000] {processor.py:840} INFO - DAG(s) 'example_xcom' retrieved from /home/airflow/.local/lib/python3.8/site-packages/airflow/example_dags/example_xcom.py
[2025-10-14T05:35:11.046+0000] {logging_mixin.py:188} INFO - [2025-10-14T05:35:11.046+0000] {dag.py:3036} INFO - Sync 1 DAGs
[2025-10-14T05:35:11.072+0000] {logging_mixin.py:188} INFO - [2025-10-14T05:35:11.072+0000] {dag.py:3823} INFO - Setting next_dagrun for example_xcom to 2021-01-01 00:00:00+00:00, run_after=2021-01-01 00:00:00+00:00
[2025-10-14T05:35:11.095+0000] {processor.py:183} INFO - Processing /home/airflow/.local/lib/python3.8/site-packages/airflow/example_dags/example_xcom.py took 0.099 seconds
[2025-10-14T05:35:42.153+0000] {processor.py:161} INFO - Started process (PID=45260) to work on /home/airflow/.local/lib/python3.8/site-packages/airflow/example_dags/example_xcom.py
[2025-10-14T05:35:42.154+0000] {processor.py:830} INFO - Processing file /home/airflow/.local/lib/python3.8/site-packages/airflow/example_dags/example_xcom.py for tasks to queue
[2025-10-14T05:35:42.155+0000] {logging_mixin.py:188} INFO - [2025-10-14T05:35:42.155+0000] {dagbag.py:538} INFO - Filling up the DagBag from /home/airflow/.local/lib/python3.8/site-packages/airflow/example_dags/example_xcom.py
[2025-10-14T05:35:42.165+0000] {processor.py:840} INFO - DAG(s) 'example_xcom' retrieved from /home/airflow/.local/lib/python3.8/site-packages/airflow/example_dags/example_xcom.py
[2025-10-14T05:35:42.197+0000] {logging_mixin.py:188} INFO - [2025-10-14T05:35:42.197+0000] {dag.py:3036} INFO - Sync 1 DAGs
[2025-10-14T05:35:42.222+0000] {logging_mixin.py:188} INFO - [2025-10-14T05:35:42.222+0000] {dag.py:3823} INFO - Setting next_dagrun for example_xcom to 2021-01-01 00:00:00+00:00, run_after=2021-01-01 00:00:00+00:00
[2025-10-14T05:35:42.246+0000] {processor.py:183} INFO - Processing /home/airflow/.local/lib/python3.8/site-packages/airflow/example_dags/example_xcom.py took 0.097 seconds
[2025-10-14T05:36:14.135+0000] {processor.py:161} INFO - Started process (PID=45330) to work on /home/airflow/.local/lib/python3.8/site-packages/airflow/example_dags/example_xcom.py
[2025-10-14T05:36:14.137+0000] {processor.py:830} INFO - Processing file /home/airflow/.local/lib/python3.8/site-packages/airflow/example_dags/example_xcom.py for tasks to queue
[2025-10-14T05:36:14.139+0000] {logging_mixin.py:188} INFO - [2025-10-14T05:36:14.138+0000] {dagbag.py:538} INFO - Filling up the DagBag from /home/airflow/.local/lib/python3.8/site-packages/airflow/example_dags/example_xcom.py
[2025-10-14T05:36:14.150+0000] {processor.py:840} INFO - DAG(s) 'example_xcom' retrieved from /home/airflow/.local/lib/python3.8/site-packages/airflow/example_dags/example_xcom.py
[2025-10-14T05:36:14.180+0000] {logging_mixin.py:188} INFO - [2025-10-14T05:36:14.179+0000] {dag.py:3036} INFO - Sync 1 DAGs
[2025-10-14T05:36:14.206+0000] {logging_mixin.py:188} INFO - [2025-10-14T05:36:14.206+0000] {dag.py:3823} INFO - Setting next_dagrun for example_xcom to 2021-01-01 00:00:00+00:00, run_after=2021-01-01 00:00:00+00:00
[2025-10-14T05:36:14.230+0000] {processor.py:183} INFO - Processing /home/airflow/.local/lib/python3.8/site-packages/airflow/example_dags/example_xcom.py took 0.099 seconds
[2025-10-14T05:36:44.667+0000] {processor.py:161} INFO - Started process (PID=45400) to work on /home/airflow/.local/lib/python3.8/site-packages/airflow/example_dags/example_xcom.py
[2025-10-14T05:36:44.669+0000] {processor.py:830} INFO - Processing file /home/airflow/.local/lib/python3.8/site-packages/airflow/example_dags/example_xcom.py for tasks to queue
[2025-10-14T05:36:44.670+0000] {logging_mixin.py:188} INFO - [2025-10-14T05:36:44.669+0000] {dagbag.py:538} INFO - Filling up the DagBag from /home/airflow/.local/lib/python3.8/site-packages/airflow/example_dags/example_xcom.py
[2025-10-14T05:36:44.679+0000] {processor.py:840} INFO - DAG(s) 'example_xcom' retrieved from /home/airflow/.local/lib/python3.8/site-packages/airflow/example_dags/example_xcom.py
[2025-10-14T05:36:44.710+0000] {logging_mixin.py:188} INFO - [2025-10-14T05:36:44.710+0000] {dag.py:3036} INFO - Sync 1 DAGs
[2025-10-14T05:36:44.737+0000] {logging_mixin.py:188} INFO - [2025-10-14T05:36:44.737+0000] {dag.py:3823} INFO - Setting next_dagrun for example_xcom to 2021-01-01 00:00:00+00:00, run_after=2021-01-01 00:00:00+00:00
[2025-10-14T05:36:44.764+0000] {processor.py:183} INFO - Processing /home/airflow/.local/lib/python3.8/site-packages/airflow/example_dags/example_xcom.py took 0.100 seconds
[2025-10-14T05:37:16.018+0000] {processor.py:161} INFO - Started process (PID=45470) to work on /home/airflow/.local/lib/python3.8/site-packages/airflow/example_dags/example_xcom.py
[2025-10-14T05:37:16.019+0000] {processor.py:830} INFO - Processing file /home/airflow/.local/lib/python3.8/site-packages/airflow/example_dags/example_xcom.py for tasks to queue
[2025-10-14T05:37:16.021+0000] {logging_mixin.py:188} INFO - [2025-10-14T05:37:16.020+0000] {dagbag.py:538} INFO - Filling up the DagBag from /home/airflow/.local/lib/python3.8/site-packages/airflow/example_dags/example_xcom.py
[2025-10-14T05:37:16.030+0000] {processor.py:840} INFO - DAG(s) 'example_xcom' retrieved from /home/airflow/.local/lib/python3.8/site-packages/airflow/example_dags/example_xcom.py
[2025-10-14T05:37:16.061+0000] {logging_mixin.py:188} INFO - [2025-10-14T05:37:16.061+0000] {dag.py:3036} INFO - Sync 1 DAGs
[2025-10-14T05:37:16.087+0000] {logging_mixin.py:188} INFO - [2025-10-14T05:37:16.086+0000] {dag.py:3823} INFO - Setting next_dagrun for example_xcom to 2021-01-01 00:00:00+00:00, run_after=2021-01-01 00:00:00+00:00
[2025-10-14T05:37:16.112+0000] {processor.py:183} INFO - Processing /home/airflow/.local/lib/python3.8/site-packages/airflow/example_dags/example_xcom.py took 0.098 seconds
[2025-10-14T05:37:46.800+0000] {processor.py:161} INFO - Started process (PID=45540) to work on /home/airflow/.local/lib/python3.8/site-packages/airflow/example_dags/example_xcom.py
[2025-10-14T05:37:46.802+0000] {processor.py:830} INFO - Processing file /home/airflow/.local/lib/python3.8/site-packages/airflow/example_dags/example_xcom.py for tasks to queue
[2025-10-14T05:37:46.803+0000] {logging_mixin.py:188} INFO - [2025-10-14T05:37:46.803+0000] {dagbag.py:538} INFO - Filling up the DagBag from /home/airflow/.local/lib/python3.8/site-packages/airflow/example_dags/example_xcom.py
[2025-10-14T05:37:46.814+0000] {processor.py:840} INFO - DAG(s) 'example_xcom' retrieved from /home/airflow/.local/lib/python3.8/site-packages/airflow/example_dags/example_xcom.py
[2025-10-14T05:37:46.845+0000] {logging_mixin.py:188} INFO - [2025-10-14T05:37:46.845+0000] {dag.py:3036} INFO - Sync 1 DAGs
[2025-10-14T05:37:46.875+0000] {logging_mixin.py:188} INFO - [2025-10-14T05:37:46.875+0000] {dag.py:3823} INFO - Setting next_dagrun for example_xcom to 2021-01-01 00:00:00+00:00, run_after=2021-01-01 00:00:00+00:00
[2025-10-14T05:37:46.901+0000] {processor.py:183} INFO - Processing /home/airflow/.local/lib/python3.8/site-packages/airflow/example_dags/example_xcom.py took 0.105 seconds
[2025-10-14T05:38:18.459+0000] {processor.py:161} INFO - Started process (PID=45610) to work on /home/airflow/.local/lib/python3.8/site-packages/airflow/example_dags/example_xcom.py
[2025-10-14T05:38:18.461+0000] {processor.py:830} INFO - Processing file /home/airflow/.local/lib/python3.8/site-packages/airflow/example_dags/example_xcom.py for tasks to queue
[2025-10-14T05:38:18.463+0000] {logging_mixin.py:188} INFO - [2025-10-14T05:38:18.463+0000] {dagbag.py:538} INFO - Filling up the DagBag from /home/airflow/.local/lib/python3.8/site-packages/airflow/example_dags/example_xcom.py
[2025-10-14T05:38:18.481+0000] {processor.py:840} INFO - DAG(s) 'example_xcom' retrieved from /home/airflow/.local/lib/python3.8/site-packages/airflow/example_dags/example_xcom.py
[2025-10-14T05:38:18.531+0000] {logging_mixin.py:188} INFO - [2025-10-14T05:38:18.531+0000] {dag.py:3036} INFO - Sync 1 DAGs
[2025-10-14T05:38:18.573+0000] {logging_mixin.py:188} INFO - [2025-10-14T05:38:18.573+0000] {dag.py:3823} INFO - Setting next_dagrun for example_xcom to 2021-01-01 00:00:00+00:00, run_after=2021-01-01 00:00:00+00:00
[2025-10-14T05:38:18.594+0000] {processor.py:183} INFO - Processing /home/airflow/.local/lib/python3.8/site-packages/airflow/example_dags/example_xcom.py took 0.142 seconds
[2025-10-14T05:38:49.432+0000] {processor.py:161} INFO - Started process (PID=45681) to work on /home/airflow/.local/lib/python3.8/site-packages/airflow/example_dags/example_xcom.py
[2025-10-14T05:38:49.433+0000] {processor.py:830} INFO - Processing file /home/airflow/.local/lib/python3.8/site-packages/airflow/example_dags/example_xcom.py for tasks to queue
[2025-10-14T05:38:49.434+0000] {logging_mixin.py:188} INFO - [2025-10-14T05:38:49.434+0000] {dagbag.py:538} INFO - Filling up the DagBag from /home/airflow/.local/lib/python3.8/site-packages/airflow/example_dags/example_xcom.py
[2025-10-14T05:38:49.446+0000] {processor.py:840} INFO - DAG(s) 'example_xcom' retrieved from /home/airflow/.local/lib/python3.8/site-packages/airflow/example_dags/example_xcom.py
[2025-10-14T05:38:49.483+0000] {logging_mixin.py:188} INFO - [2025-10-14T05:38:49.483+0000] {dag.py:3036} INFO - Sync 1 DAGs
[2025-10-14T05:38:49.517+0000] {logging_mixin.py:188} INFO - [2025-10-14T05:38:49.517+0000] {dag.py:3823} INFO - Setting next_dagrun for example_xcom to 2021-01-01 00:00:00+00:00, run_after=2021-01-01 00:00:00+00:00
[2025-10-14T05:38:49.549+0000] {processor.py:183} INFO - Processing /home/airflow/.local/lib/python3.8/site-packages/airflow/example_dags/example_xcom.py took 0.122 seconds
[2025-10-14T05:39:20.313+0000] {processor.py:161} INFO - Started process (PID=45751) to work on /home/airflow/.local/lib/python3.8/site-packages/airflow/example_dags/example_xcom.py
[2025-10-14T05:39:20.314+0000] {processor.py:830} INFO - Processing file /home/airflow/.local/lib/python3.8/site-packages/airflow/example_dags/example_xcom.py for tasks to queue
[2025-10-14T05:39:20.316+0000] {logging_mixin.py:188} INFO - [2025-10-14T05:39:20.315+0000] {dagbag.py:538} INFO - Filling up the DagBag from /home/airflow/.local/lib/python3.8/site-packages/airflow/example_dags/example_xcom.py
[2025-10-14T05:39:20.327+0000] {processor.py:840} INFO - DAG(s) 'example_xcom' retrieved from /home/airflow/.local/lib/python3.8/site-packages/airflow/example_dags/example_xcom.py
[2025-10-14T05:39:20.362+0000] {logging_mixin.py:188} INFO - [2025-10-14T05:39:20.362+0000] {dag.py:3036} INFO - Sync 1 DAGs
[2025-10-14T05:39:20.391+0000] {logging_mixin.py:188} INFO - [2025-10-14T05:39:20.390+0000] {dag.py:3823} INFO - Setting next_dagrun for example_xcom to 2021-01-01 00:00:00+00:00, run_after=2021-01-01 00:00:00+00:00
[2025-10-14T05:39:20.420+0000] {processor.py:183} INFO - Processing /home/airflow/.local/lib/python3.8/site-packages/airflow/example_dags/example_xcom.py took 0.111 seconds
[2025-10-14T05:39:50.813+0000] {processor.py:161} INFO - Started process (PID=45819) to work on /home/airflow/.local/lib/python3.8/site-packages/airflow/example_dags/example_xcom.py
[2025-10-14T05:39:50.814+0000] {processor.py:830} INFO - Processing file /home/airflow/.local/lib/python3.8/site-packages/airflow/example_dags/example_xcom.py for tasks to queue
[2025-10-14T05:39:50.816+0000] {logging_mixin.py:188} INFO - [2025-10-14T05:39:50.815+0000] {dagbag.py:538} INFO - Filling up the DagBag from /home/airflow/.local/lib/python3.8/site-packages/airflow/example_dags/example_xcom.py
[2025-10-14T05:39:50.825+0000] {processor.py:840} INFO - DAG(s) 'example_xcom' retrieved from /home/airflow/.local/lib/python3.8/site-packages/airflow/example_dags/example_xcom.py
[2025-10-14T05:39:50.856+0000] {logging_mixin.py:188} INFO - [2025-10-14T05:39:50.856+0000] {dag.py:3036} INFO - Sync 1 DAGs
[2025-10-14T05:39:50.883+0000] {logging_mixin.py:188} INFO - [2025-10-14T05:39:50.882+0000] {dag.py:3823} INFO - Setting next_dagrun for example_xcom to 2021-01-01 00:00:00+00:00, run_after=2021-01-01 00:00:00+00:00
[2025-10-14T05:39:50.907+0000] {processor.py:183} INFO - Processing /home/airflow/.local/lib/python3.8/site-packages/airflow/example_dags/example_xcom.py took 0.098 seconds
[2025-10-14T05:40:20.991+0000] {processor.py:161} INFO - Started process (PID=45889) to work on /home/airflow/.local/lib/python3.8/site-packages/airflow/example_dags/example_xcom.py
[2025-10-14T05:40:20.992+0000] {processor.py:830} INFO - Processing file /home/airflow/.local/lib/python3.8/site-packages/airflow/example_dags/example_xcom.py for tasks to queue
[2025-10-14T05:40:20.994+0000] {logging_mixin.py:188} INFO - [2025-10-14T05:40:20.993+0000] {dagbag.py:538} INFO - Filling up the DagBag from /home/airflow/.local/lib/python3.8/site-packages/airflow/example_dags/example_xcom.py
[2025-10-14T05:40:21.003+0000] {processor.py:840} INFO - DAG(s) 'example_xcom' retrieved from /home/airflow/.local/lib/python3.8/site-packages/airflow/example_dags/example_xcom.py
[2025-10-14T05:40:21.034+0000] {logging_mixin.py:188} INFO - [2025-10-14T05:40:21.034+0000] {dag.py:3036} INFO - Sync 1 DAGs
[2025-10-14T05:40:21.059+0000] {logging_mixin.py:188} INFO - [2025-10-14T05:40:21.059+0000] {dag.py:3823} INFO - Setting next_dagrun for example_xcom to 2021-01-01 00:00:00+00:00, run_after=2021-01-01 00:00:00+00:00
[2025-10-14T05:40:21.083+0000] {processor.py:183} INFO - Processing /home/airflow/.local/lib/python3.8/site-packages/airflow/example_dags/example_xcom.py took 0.096 seconds
[2025-10-14T05:40:51.826+0000] {processor.py:161} INFO - Started process (PID=45959) to work on /home/airflow/.local/lib/python3.8/site-packages/airflow/example_dags/example_xcom.py
[2025-10-14T05:40:51.828+0000] {processor.py:830} INFO - Processing file /home/airflow/.local/lib/python3.8/site-packages/airflow/example_dags/example_xcom.py for tasks to queue
[2025-10-14T05:40:51.829+0000] {logging_mixin.py:188} INFO - [2025-10-14T05:40:51.829+0000] {dagbag.py:538} INFO - Filling up the DagBag from /home/airflow/.local/lib/python3.8/site-packages/airflow/example_dags/example_xcom.py
[2025-10-14T05:40:51.838+0000] {processor.py:840} INFO - DAG(s) 'example_xcom' retrieved from /home/airflow/.local/lib/python3.8/site-packages/airflow/example_dags/example_xcom.py
[2025-10-14T05:40:51.870+0000] {logging_mixin.py:188} INFO - [2025-10-14T05:40:51.869+0000] {dag.py:3036} INFO - Sync 1 DAGs
[2025-10-14T05:40:51.898+0000] {logging_mixin.py:188} INFO - [2025-10-14T05:40:51.897+0000] {dag.py:3823} INFO - Setting next_dagrun for example_xcom to 2021-01-01 00:00:00+00:00, run_after=2021-01-01 00:00:00+00:00
[2025-10-14T05:40:51.922+0000] {processor.py:183} INFO - Processing /home/airflow/.local/lib/python3.8/site-packages/airflow/example_dags/example_xcom.py took 0.100 seconds
[2025-10-14T05:41:22.376+0000] {processor.py:161} INFO - Started process (PID=46029) to work on /home/airflow/.local/lib/python3.8/site-packages/airflow/example_dags/example_xcom.py
[2025-10-14T05:41:22.377+0000] {processor.py:830} INFO - Processing file /home/airflow/.local/lib/python3.8/site-packages/airflow/example_dags/example_xcom.py for tasks to queue
[2025-10-14T05:41:22.379+0000] {logging_mixin.py:188} INFO - [2025-10-14T05:41:22.378+0000] {dagbag.py:538} INFO - Filling up the DagBag from /home/airflow/.local/lib/python3.8/site-packages/airflow/example_dags/example_xcom.py
[2025-10-14T05:41:22.388+0000] {processor.py:840} INFO - DAG(s) 'example_xcom' retrieved from /home/airflow/.local/lib/python3.8/site-packages/airflow/example_dags/example_xcom.py
[2025-10-14T05:41:22.420+0000] {logging_mixin.py:188} INFO - [2025-10-14T05:41:22.419+0000] {dag.py:3036} INFO - Sync 1 DAGs
[2025-10-14T05:41:22.446+0000] {logging_mixin.py:188} INFO - [2025-10-14T05:41:22.445+0000] {dag.py:3823} INFO - Setting next_dagrun for example_xcom to 2021-01-01 00:00:00+00:00, run_after=2021-01-01 00:00:00+00:00
[2025-10-14T05:41:22.473+0000] {processor.py:183} INFO - Processing /home/airflow/.local/lib/python3.8/site-packages/airflow/example_dags/example_xcom.py took 0.101 seconds
[2025-10-14T05:41:52.519+0000] {processor.py:161} INFO - Started process (PID=46097) to work on /home/airflow/.local/lib/python3.8/site-packages/airflow/example_dags/example_xcom.py
[2025-10-14T05:41:52.521+0000] {processor.py:830} INFO - Processing file /home/airflow/.local/lib/python3.8/site-packages/airflow/example_dags/example_xcom.py for tasks to queue
[2025-10-14T05:41:52.522+0000] {logging_mixin.py:188} INFO - [2025-10-14T05:41:52.522+0000] {dagbag.py:538} INFO - Filling up the DagBag from /home/airflow/.local/lib/python3.8/site-packages/airflow/example_dags/example_xcom.py
[2025-10-14T05:41:52.532+0000] {processor.py:840} INFO - DAG(s) 'example_xcom' retrieved from /home/airflow/.local/lib/python3.8/site-packages/airflow/example_dags/example_xcom.py
[2025-10-14T05:41:52.566+0000] {logging_mixin.py:188} INFO - [2025-10-14T05:41:52.566+0000] {dag.py:3036} INFO - Sync 1 DAGs
[2025-10-14T05:41:52.593+0000] {logging_mixin.py:188} INFO - [2025-10-14T05:41:52.593+0000] {dag.py:3823} INFO - Setting next_dagrun for example_xcom to 2021-01-01 00:00:00+00:00, run_after=2021-01-01 00:00:00+00:00
[2025-10-14T05:41:52.620+0000] {processor.py:183} INFO - Processing /home/airflow/.local/lib/python3.8/site-packages/airflow/example_dags/example_xcom.py took 0.104 seconds
[2025-10-14T05:42:23.037+0000] {processor.py:161} INFO - Started process (PID=46168) to work on /home/airflow/.local/lib/python3.8/site-packages/airflow/example_dags/example_xcom.py
[2025-10-14T05:42:23.038+0000] {processor.py:830} INFO - Processing file /home/airflow/.local/lib/python3.8/site-packages/airflow/example_dags/example_xcom.py for tasks to queue
[2025-10-14T05:42:23.039+0000] {logging_mixin.py:188} INFO - [2025-10-14T05:42:23.039+0000] {dagbag.py:538} INFO - Filling up the DagBag from /home/airflow/.local/lib/python3.8/site-packages/airflow/example_dags/example_xcom.py
[2025-10-14T05:42:23.053+0000] {processor.py:840} INFO - DAG(s) 'example_xcom' retrieved from /home/airflow/.local/lib/python3.8/site-packages/airflow/example_dags/example_xcom.py
[2025-10-14T05:42:23.084+0000] {logging_mixin.py:188} INFO - [2025-10-14T05:42:23.084+0000] {dag.py:3036} INFO - Sync 1 DAGs
[2025-10-14T05:42:23.111+0000] {logging_mixin.py:188} INFO - [2025-10-14T05:42:23.111+0000] {dag.py:3823} INFO - Setting next_dagrun for example_xcom to 2021-01-01 00:00:00+00:00, run_after=2021-01-01 00:00:00+00:00
[2025-10-14T05:42:23.135+0000] {processor.py:183} INFO - Processing /home/airflow/.local/lib/python3.8/site-packages/airflow/example_dags/example_xcom.py took 0.102 seconds
[2025-10-14T05:42:54.068+0000] {processor.py:161} INFO - Started process (PID=46238) to work on /home/airflow/.local/lib/python3.8/site-packages/airflow/example_dags/example_xcom.py
[2025-10-14T05:42:54.069+0000] {processor.py:830} INFO - Processing file /home/airflow/.local/lib/python3.8/site-packages/airflow/example_dags/example_xcom.py for tasks to queue
[2025-10-14T05:42:54.071+0000] {logging_mixin.py:188} INFO - [2025-10-14T05:42:54.070+0000] {dagbag.py:538} INFO - Filling up the DagBag from /home/airflow/.local/lib/python3.8/site-packages/airflow/example_dags/example_xcom.py
[2025-10-14T05:42:54.082+0000] {processor.py:840} INFO - DAG(s) 'example_xcom' retrieved from /home/airflow/.local/lib/python3.8/site-packages/airflow/example_dags/example_xcom.py
[2025-10-14T05:42:54.116+0000] {logging_mixin.py:188} INFO - [2025-10-14T05:42:54.115+0000] {dag.py:3036} INFO - Sync 1 DAGs
[2025-10-14T05:42:54.149+0000] {logging_mixin.py:188} INFO - [2025-10-14T05:42:54.148+0000] {dag.py:3823} INFO - Setting next_dagrun for example_xcom to 2021-01-01 00:00:00+00:00, run_after=2021-01-01 00:00:00+00:00
[2025-10-14T05:42:54.188+0000] {processor.py:183} INFO - Processing /home/airflow/.local/lib/python3.8/site-packages/airflow/example_dags/example_xcom.py took 0.124 seconds
[2025-10-14T05:43:24.366+0000] {processor.py:161} INFO - Started process (PID=46308) to work on /home/airflow/.local/lib/python3.8/site-packages/airflow/example_dags/example_xcom.py
[2025-10-14T05:43:24.368+0000] {processor.py:830} INFO - Processing file /home/airflow/.local/lib/python3.8/site-packages/airflow/example_dags/example_xcom.py for tasks to queue
[2025-10-14T05:43:24.370+0000] {logging_mixin.py:188} INFO - [2025-10-14T05:43:24.369+0000] {dagbag.py:538} INFO - Filling up the DagBag from /home/airflow/.local/lib/python3.8/site-packages/airflow/example_dags/example_xcom.py
[2025-10-14T05:43:24.379+0000] {processor.py:840} INFO - DAG(s) 'example_xcom' retrieved from /home/airflow/.local/lib/python3.8/site-packages/airflow/example_dags/example_xcom.py
[2025-10-14T05:43:24.418+0000] {logging_mixin.py:188} INFO - [2025-10-14T05:43:24.417+0000] {dag.py:3036} INFO - Sync 1 DAGs
[2025-10-14T05:43:24.463+0000] {logging_mixin.py:188} INFO - [2025-10-14T05:43:24.462+0000] {dag.py:3823} INFO - Setting next_dagrun for example_xcom to 2021-01-01 00:00:00+00:00, run_after=2021-01-01 00:00:00+00:00
[2025-10-14T05:43:24.489+0000] {processor.py:183} INFO - Processing /home/airflow/.local/lib/python3.8/site-packages/airflow/example_dags/example_xcom.py took 0.127 seconds
[2025-10-14T05:43:54.952+0000] {processor.py:161} INFO - Started process (PID=46376) to work on /home/airflow/.local/lib/python3.8/site-packages/airflow/example_dags/example_xcom.py
[2025-10-14T05:43:54.953+0000] {processor.py:830} INFO - Processing file /home/airflow/.local/lib/python3.8/site-packages/airflow/example_dags/example_xcom.py for tasks to queue
[2025-10-14T05:43:54.954+0000] {logging_mixin.py:188} INFO - [2025-10-14T05:43:54.954+0000] {dagbag.py:538} INFO - Filling up the DagBag from /home/airflow/.local/lib/python3.8/site-packages/airflow/example_dags/example_xcom.py
[2025-10-14T05:43:54.965+0000] {processor.py:840} INFO - DAG(s) 'example_xcom' retrieved from /home/airflow/.local/lib/python3.8/site-packages/airflow/example_dags/example_xcom.py
[2025-10-14T05:43:54.996+0000] {logging_mixin.py:188} INFO - [2025-10-14T05:43:54.995+0000] {dag.py:3036} INFO - Sync 1 DAGs
[2025-10-14T05:43:55.024+0000] {logging_mixin.py:188} INFO - [2025-10-14T05:43:55.023+0000] {dag.py:3823} INFO - Setting next_dagrun for example_xcom to 2021-01-01 00:00:00+00:00, run_after=2021-01-01 00:00:00+00:00
[2025-10-14T05:43:55.049+0000] {processor.py:183} INFO - Processing /home/airflow/.local/lib/python3.8/site-packages/airflow/example_dags/example_xcom.py took 0.102 seconds
[2025-10-14T05:44:26.453+0000] {processor.py:161} INFO - Started process (PID=46448) to work on /home/airflow/.local/lib/python3.8/site-packages/airflow/example_dags/example_xcom.py
[2025-10-14T05:44:26.454+0000] {processor.py:830} INFO - Processing file /home/airflow/.local/lib/python3.8/site-packages/airflow/example_dags/example_xcom.py for tasks to queue
[2025-10-14T05:44:26.455+0000] {logging_mixin.py:188} INFO - [2025-10-14T05:44:26.455+0000] {dagbag.py:538} INFO - Filling up the DagBag from /home/airflow/.local/lib/python3.8/site-packages/airflow/example_dags/example_xcom.py
[2025-10-14T05:44:26.466+0000] {processor.py:840} INFO - DAG(s) 'example_xcom' retrieved from /home/airflow/.local/lib/python3.8/site-packages/airflow/example_dags/example_xcom.py
[2025-10-14T05:44:26.498+0000] {logging_mixin.py:188} INFO - [2025-10-14T05:44:26.497+0000] {dag.py:3036} INFO - Sync 1 DAGs
[2025-10-14T05:44:26.523+0000] {logging_mixin.py:188} INFO - [2025-10-14T05:44:26.523+0000] {dag.py:3823} INFO - Setting next_dagrun for example_xcom to 2021-01-01 00:00:00+00:00, run_after=2021-01-01 00:00:00+00:00
[2025-10-14T05:44:26.546+0000] {processor.py:183} INFO - Processing /home/airflow/.local/lib/python3.8/site-packages/airflow/example_dags/example_xcom.py took 0.096 seconds
[2025-10-14T05:44:56.757+0000] {processor.py:161} INFO - Started process (PID=46518) to work on /home/airflow/.local/lib/python3.8/site-packages/airflow/example_dags/example_xcom.py
[2025-10-14T05:44:56.759+0000] {processor.py:830} INFO - Processing file /home/airflow/.local/lib/python3.8/site-packages/airflow/example_dags/example_xcom.py for tasks to queue
[2025-10-14T05:44:56.761+0000] {logging_mixin.py:188} INFO - [2025-10-14T05:44:56.761+0000] {dagbag.py:538} INFO - Filling up the DagBag from /home/airflow/.local/lib/python3.8/site-packages/airflow/example_dags/example_xcom.py
[2025-10-14T05:44:56.771+0000] {processor.py:840} INFO - DAG(s) 'example_xcom' retrieved from /home/airflow/.local/lib/python3.8/site-packages/airflow/example_dags/example_xcom.py
[2025-10-14T05:44:56.805+0000] {logging_mixin.py:188} INFO - [2025-10-14T05:44:56.805+0000] {dag.py:3036} INFO - Sync 1 DAGs
[2025-10-14T05:44:56.834+0000] {logging_mixin.py:188} INFO - [2025-10-14T05:44:56.834+0000] {dag.py:3823} INFO - Setting next_dagrun for example_xcom to 2021-01-01 00:00:00+00:00, run_after=2021-01-01 00:00:00+00:00
[2025-10-14T05:44:56.862+0000] {processor.py:183} INFO - Processing /home/airflow/.local/lib/python3.8/site-packages/airflow/example_dags/example_xcom.py took 0.109 seconds
[2025-10-14T05:45:27.261+0000] {processor.py:161} INFO - Started process (PID=46586) to work on /home/airflow/.local/lib/python3.8/site-packages/airflow/example_dags/example_xcom.py
[2025-10-14T05:45:27.263+0000] {processor.py:830} INFO - Processing file /home/airflow/.local/lib/python3.8/site-packages/airflow/example_dags/example_xcom.py for tasks to queue
[2025-10-14T05:45:27.265+0000] {logging_mixin.py:188} INFO - [2025-10-14T05:45:27.264+0000] {dagbag.py:538} INFO - Filling up the DagBag from /home/airflow/.local/lib/python3.8/site-packages/airflow/example_dags/example_xcom.py
[2025-10-14T05:45:27.277+0000] {processor.py:840} INFO - DAG(s) 'example_xcom' retrieved from /home/airflow/.local/lib/python3.8/site-packages/airflow/example_dags/example_xcom.py
[2025-10-14T05:45:27.329+0000] {logging_mixin.py:188} INFO - [2025-10-14T05:45:27.328+0000] {dag.py:3036} INFO - Sync 1 DAGs
[2025-10-14T05:45:27.376+0000] {logging_mixin.py:188} INFO - [2025-10-14T05:45:27.376+0000] {dag.py:3823} INFO - Setting next_dagrun for example_xcom to 2021-01-01 00:00:00+00:00, run_after=2021-01-01 00:00:00+00:00
[2025-10-14T05:45:27.403+0000] {processor.py:183} INFO - Processing /home/airflow/.local/lib/python3.8/site-packages/airflow/example_dags/example_xcom.py took 0.147 seconds
[2025-10-14T05:45:57.718+0000] {processor.py:161} INFO - Started process (PID=46656) to work on /home/airflow/.local/lib/python3.8/site-packages/airflow/example_dags/example_xcom.py
[2025-10-14T05:45:57.719+0000] {processor.py:830} INFO - Processing file /home/airflow/.local/lib/python3.8/site-packages/airflow/example_dags/example_xcom.py for tasks to queue
[2025-10-14T05:45:57.721+0000] {logging_mixin.py:188} INFO - [2025-10-14T05:45:57.720+0000] {dagbag.py:538} INFO - Filling up the DagBag from /home/airflow/.local/lib/python3.8/site-packages/airflow/example_dags/example_xcom.py
[2025-10-14T05:45:57.730+0000] {processor.py:840} INFO - DAG(s) 'example_xcom' retrieved from /home/airflow/.local/lib/python3.8/site-packages/airflow/example_dags/example_xcom.py
[2025-10-14T05:45:57.761+0000] {logging_mixin.py:188} INFO - [2025-10-14T05:45:57.761+0000] {dag.py:3036} INFO - Sync 1 DAGs
[2025-10-14T05:45:57.786+0000] {logging_mixin.py:188} INFO - [2025-10-14T05:45:57.786+0000] {dag.py:3823} INFO - Setting next_dagrun for example_xcom to 2021-01-01 00:00:00+00:00, run_after=2021-01-01 00:00:00+00:00
[2025-10-14T05:45:57.812+0000] {processor.py:183} INFO - Processing /home/airflow/.local/lib/python3.8/site-packages/airflow/example_dags/example_xcom.py took 0.098 seconds
[2025-10-14T05:46:28.382+0000] {processor.py:161} INFO - Started process (PID=46726) to work on /home/airflow/.local/lib/python3.8/site-packages/airflow/example_dags/example_xcom.py
[2025-10-14T05:46:28.384+0000] {processor.py:830} INFO - Processing file /home/airflow/.local/lib/python3.8/site-packages/airflow/example_dags/example_xcom.py for tasks to queue
[2025-10-14T05:46:28.385+0000] {logging_mixin.py:188} INFO - [2025-10-14T05:46:28.385+0000] {dagbag.py:538} INFO - Filling up the DagBag from /home/airflow/.local/lib/python3.8/site-packages/airflow/example_dags/example_xcom.py
[2025-10-14T05:46:28.394+0000] {processor.py:840} INFO - DAG(s) 'example_xcom' retrieved from /home/airflow/.local/lib/python3.8/site-packages/airflow/example_dags/example_xcom.py
[2025-10-14T05:46:28.425+0000] {logging_mixin.py:188} INFO - [2025-10-14T05:46:28.425+0000] {dag.py:3036} INFO - Sync 1 DAGs
[2025-10-14T05:46:28.452+0000] {logging_mixin.py:188} INFO - [2025-10-14T05:46:28.452+0000] {dag.py:3823} INFO - Setting next_dagrun for example_xcom to 2021-01-01 00:00:00+00:00, run_after=2021-01-01 00:00:00+00:00
[2025-10-14T05:46:28.476+0000] {processor.py:183} INFO - Processing /home/airflow/.local/lib/python3.8/site-packages/airflow/example_dags/example_xcom.py took 0.098 seconds
[2025-10-14T05:46:58.827+0000] {processor.py:161} INFO - Started process (PID=46796) to work on /home/airflow/.local/lib/python3.8/site-packages/airflow/example_dags/example_xcom.py
[2025-10-14T05:46:58.828+0000] {processor.py:830} INFO - Processing file /home/airflow/.local/lib/python3.8/site-packages/airflow/example_dags/example_xcom.py for tasks to queue
[2025-10-14T05:46:58.830+0000] {logging_mixin.py:188} INFO - [2025-10-14T05:46:58.829+0000] {dagbag.py:538} INFO - Filling up the DagBag from /home/airflow/.local/lib/python3.8/site-packages/airflow/example_dags/example_xcom.py
[2025-10-14T05:46:58.839+0000] {processor.py:840} INFO - DAG(s) 'example_xcom' retrieved from /home/airflow/.local/lib/python3.8/site-packages/airflow/example_dags/example_xcom.py
[2025-10-14T05:46:58.870+0000] {logging_mixin.py:188} INFO - [2025-10-14T05:46:58.870+0000] {dag.py:3036} INFO - Sync 1 DAGs
[2025-10-14T05:46:58.895+0000] {logging_mixin.py:188} INFO - [2025-10-14T05:46:58.895+0000] {dag.py:3823} INFO - Setting next_dagrun for example_xcom to 2021-01-01 00:00:00+00:00, run_after=2021-01-01 00:00:00+00:00
[2025-10-14T05:46:58.923+0000] {processor.py:183} INFO - Processing /home/airflow/.local/lib/python3.8/site-packages/airflow/example_dags/example_xcom.py took 0.100 seconds
[2025-10-14T05:47:29.349+0000] {processor.py:161} INFO - Started process (PID=46865) to work on /home/airflow/.local/lib/python3.8/site-packages/airflow/example_dags/example_xcom.py
[2025-10-14T05:47:29.351+0000] {processor.py:830} INFO - Processing file /home/airflow/.local/lib/python3.8/site-packages/airflow/example_dags/example_xcom.py for tasks to queue
[2025-10-14T05:47:29.352+0000] {logging_mixin.py:188} INFO - [2025-10-14T05:47:29.352+0000] {dagbag.py:538} INFO - Filling up the DagBag from /home/airflow/.local/lib/python3.8/site-packages/airflow/example_dags/example_xcom.py
[2025-10-14T05:47:29.365+0000] {processor.py:840} INFO - DAG(s) 'example_xcom' retrieved from /home/airflow/.local/lib/python3.8/site-packages/airflow/example_dags/example_xcom.py
[2025-10-14T05:47:29.399+0000] {logging_mixin.py:188} INFO - [2025-10-14T05:47:29.398+0000] {dag.py:3036} INFO - Sync 1 DAGs
[2025-10-14T05:47:29.427+0000] {logging_mixin.py:188} INFO - [2025-10-14T05:47:29.427+0000] {dag.py:3823} INFO - Setting next_dagrun for example_xcom to 2021-01-01 00:00:00+00:00, run_after=2021-01-01 00:00:00+00:00
[2025-10-14T05:47:29.450+0000] {processor.py:183} INFO - Processing /home/airflow/.local/lib/python3.8/site-packages/airflow/example_dags/example_xcom.py took 0.109 seconds
[2025-10-14T05:48:00.179+0000] {processor.py:161} INFO - Started process (PID=46935) to work on /home/airflow/.local/lib/python3.8/site-packages/airflow/example_dags/example_xcom.py
[2025-10-14T05:48:00.180+0000] {processor.py:830} INFO - Processing file /home/airflow/.local/lib/python3.8/site-packages/airflow/example_dags/example_xcom.py for tasks to queue
[2025-10-14T05:48:00.181+0000] {logging_mixin.py:188} INFO - [2025-10-14T05:48:00.181+0000] {dagbag.py:538} INFO - Filling up the DagBag from /home/airflow/.local/lib/python3.8/site-packages/airflow/example_dags/example_xcom.py
[2025-10-14T05:48:00.192+0000] {processor.py:840} INFO - DAG(s) 'example_xcom' retrieved from /home/airflow/.local/lib/python3.8/site-packages/airflow/example_dags/example_xcom.py
[2025-10-14T05:48:00.224+0000] {logging_mixin.py:188} INFO - [2025-10-14T05:48:00.224+0000] {dag.py:3036} INFO - Sync 1 DAGs
[2025-10-14T05:48:00.252+0000] {logging_mixin.py:188} INFO - [2025-10-14T05:48:00.252+0000] {dag.py:3823} INFO - Setting next_dagrun for example_xcom to 2021-01-01 00:00:00+00:00, run_after=2021-01-01 00:00:00+00:00
[2025-10-14T05:48:00.283+0000] {processor.py:183} INFO - Processing /home/airflow/.local/lib/python3.8/site-packages/airflow/example_dags/example_xcom.py took 0.111 seconds
[2025-10-14T05:48:30.426+0000] {processor.py:161} INFO - Started process (PID=47004) to work on /home/airflow/.local/lib/python3.8/site-packages/airflow/example_dags/example_xcom.py
[2025-10-14T05:48:30.427+0000] {processor.py:830} INFO - Processing file /home/airflow/.local/lib/python3.8/site-packages/airflow/example_dags/example_xcom.py for tasks to queue
[2025-10-14T05:48:30.429+0000] {logging_mixin.py:188} INFO - [2025-10-14T05:48:30.428+0000] {dagbag.py:538} INFO - Filling up the DagBag from /home/airflow/.local/lib/python3.8/site-packages/airflow/example_dags/example_xcom.py
[2025-10-14T05:48:30.438+0000] {processor.py:840} INFO - DAG(s) 'example_xcom' retrieved from /home/airflow/.local/lib/python3.8/site-packages/airflow/example_dags/example_xcom.py
[2025-10-14T05:48:30.469+0000] {logging_mixin.py:188} INFO - [2025-10-14T05:48:30.469+0000] {dag.py:3036} INFO - Sync 1 DAGs
[2025-10-14T05:48:30.499+0000] {logging_mixin.py:188} INFO - [2025-10-14T05:48:30.499+0000] {dag.py:3823} INFO - Setting next_dagrun for example_xcom to 2021-01-01 00:00:00+00:00, run_after=2021-01-01 00:00:00+00:00
[2025-10-14T05:48:30.524+0000] {processor.py:183} INFO - Processing /home/airflow/.local/lib/python3.8/site-packages/airflow/example_dags/example_xcom.py took 0.102 seconds
[2025-10-14T05:49:00.748+0000] {processor.py:161} INFO - Started process (PID=47072) to work on /home/airflow/.local/lib/python3.8/site-packages/airflow/example_dags/example_xcom.py
[2025-10-14T05:49:00.749+0000] {processor.py:830} INFO - Processing file /home/airflow/.local/lib/python3.8/site-packages/airflow/example_dags/example_xcom.py for tasks to queue
[2025-10-14T05:49:00.751+0000] {logging_mixin.py:188} INFO - [2025-10-14T05:49:00.750+0000] {dagbag.py:538} INFO - Filling up the DagBag from /home/airflow/.local/lib/python3.8/site-packages/airflow/example_dags/example_xcom.py
[2025-10-14T05:49:00.762+0000] {processor.py:840} INFO - DAG(s) 'example_xcom' retrieved from /home/airflow/.local/lib/python3.8/site-packages/airflow/example_dags/example_xcom.py
[2025-10-14T05:49:00.797+0000] {logging_mixin.py:188} INFO - [2025-10-14T05:49:00.796+0000] {dag.py:3036} INFO - Sync 1 DAGs
[2025-10-14T05:49:00.831+0000] {logging_mixin.py:188} INFO - [2025-10-14T05:49:00.831+0000] {dag.py:3823} INFO - Setting next_dagrun for example_xcom to 2021-01-01 00:00:00+00:00, run_after=2021-01-01 00:00:00+00:00
[2025-10-14T05:49:00.858+0000] {processor.py:183} INFO - Processing /home/airflow/.local/lib/python3.8/site-packages/airflow/example_dags/example_xcom.py took 0.114 seconds
[2025-10-14T05:49:31.060+0000] {processor.py:161} INFO - Started process (PID=47142) to work on /home/airflow/.local/lib/python3.8/site-packages/airflow/example_dags/example_xcom.py
[2025-10-14T05:49:31.061+0000] {processor.py:830} INFO - Processing file /home/airflow/.local/lib/python3.8/site-packages/airflow/example_dags/example_xcom.py for tasks to queue
[2025-10-14T05:49:31.063+0000] {logging_mixin.py:188} INFO - [2025-10-14T05:49:31.062+0000] {dagbag.py:538} INFO - Filling up the DagBag from /home/airflow/.local/lib/python3.8/site-packages/airflow/example_dags/example_xcom.py
[2025-10-14T05:49:31.090+0000] {processor.py:840} INFO - DAG(s) 'example_xcom' retrieved from /home/airflow/.local/lib/python3.8/site-packages/airflow/example_dags/example_xcom.py
[2025-10-14T05:49:31.126+0000] {logging_mixin.py:188} INFO - [2025-10-14T05:49:31.125+0000] {dag.py:3036} INFO - Sync 1 DAGs
[2025-10-14T05:49:31.161+0000] {logging_mixin.py:188} INFO - [2025-10-14T05:49:31.160+0000] {dag.py:3823} INFO - Setting next_dagrun for example_xcom to 2021-01-01 00:00:00+00:00, run_after=2021-01-01 00:00:00+00:00
[2025-10-14T05:49:31.186+0000] {processor.py:183} INFO - Processing /home/airflow/.local/lib/python3.8/site-packages/airflow/example_dags/example_xcom.py took 0.135 seconds
[2025-10-14T05:50:01.968+0000] {processor.py:161} INFO - Started process (PID=47212) to work on /home/airflow/.local/lib/python3.8/site-packages/airflow/example_dags/example_xcom.py
[2025-10-14T05:50:01.970+0000] {processor.py:830} INFO - Processing file /home/airflow/.local/lib/python3.8/site-packages/airflow/example_dags/example_xcom.py for tasks to queue
[2025-10-14T05:50:01.971+0000] {logging_mixin.py:188} INFO - [2025-10-14T05:50:01.970+0000] {dagbag.py:538} INFO - Filling up the DagBag from /home/airflow/.local/lib/python3.8/site-packages/airflow/example_dags/example_xcom.py
[2025-10-14T05:50:01.980+0000] {processor.py:840} INFO - DAG(s) 'example_xcom' retrieved from /home/airflow/.local/lib/python3.8/site-packages/airflow/example_dags/example_xcom.py
[2025-10-14T05:50:02.011+0000] {logging_mixin.py:188} INFO - [2025-10-14T05:50:02.011+0000] {dag.py:3036} INFO - Sync 1 DAGs
[2025-10-14T05:50:02.039+0000] {logging_mixin.py:188} INFO - [2025-10-14T05:50:02.039+0000] {dag.py:3823} INFO - Setting next_dagrun for example_xcom to 2021-01-01 00:00:00+00:00, run_after=2021-01-01 00:00:00+00:00
[2025-10-14T05:50:02.068+0000] {processor.py:183} INFO - Processing /home/airflow/.local/lib/python3.8/site-packages/airflow/example_dags/example_xcom.py took 0.105 seconds
[2025-10-14T05:50:32.438+0000] {processor.py:161} INFO - Started process (PID=47282) to work on /home/airflow/.local/lib/python3.8/site-packages/airflow/example_dags/example_xcom.py
[2025-10-14T05:50:32.440+0000] {processor.py:830} INFO - Processing file /home/airflow/.local/lib/python3.8/site-packages/airflow/example_dags/example_xcom.py for tasks to queue
[2025-10-14T05:50:32.442+0000] {logging_mixin.py:188} INFO - [2025-10-14T05:50:32.441+0000] {dagbag.py:538} INFO - Filling up the DagBag from /home/airflow/.local/lib/python3.8/site-packages/airflow/example_dags/example_xcom.py
[2025-10-14T05:50:32.456+0000] {processor.py:840} INFO - DAG(s) 'example_xcom' retrieved from /home/airflow/.local/lib/python3.8/site-packages/airflow/example_dags/example_xcom.py
[2025-10-14T05:50:32.507+0000] {logging_mixin.py:188} INFO - [2025-10-14T05:50:32.506+0000] {dag.py:3036} INFO - Sync 1 DAGs
[2025-10-14T05:50:32.572+0000] {logging_mixin.py:188} INFO - [2025-10-14T05:50:32.571+0000] {dag.py:3823} INFO - Setting next_dagrun for example_xcom to 2021-01-01 00:00:00+00:00, run_after=2021-01-01 00:00:00+00:00
[2025-10-14T05:50:32.647+0000] {processor.py:183} INFO - Processing /home/airflow/.local/lib/python3.8/site-packages/airflow/example_dags/example_xcom.py took 0.216 seconds
[2025-10-14T05:51:03.092+0000] {processor.py:161} INFO - Started process (PID=47349) to work on /home/airflow/.local/lib/python3.8/site-packages/airflow/example_dags/example_xcom.py
[2025-10-14T05:51:03.098+0000] {processor.py:830} INFO - Processing file /home/airflow/.local/lib/python3.8/site-packages/airflow/example_dags/example_xcom.py for tasks to queue
[2025-10-14T05:51:03.101+0000] {logging_mixin.py:188} INFO - [2025-10-14T05:51:03.100+0000] {dagbag.py:538} INFO - Filling up the DagBag from /home/airflow/.local/lib/python3.8/site-packages/airflow/example_dags/example_xcom.py
[2025-10-14T05:51:03.148+0000] {processor.py:840} INFO - DAG(s) 'example_xcom' retrieved from /home/airflow/.local/lib/python3.8/site-packages/airflow/example_dags/example_xcom.py
[2025-10-14T05:51:03.285+0000] {logging_mixin.py:188} INFO - [2025-10-14T05:51:03.284+0000] {dag.py:3036} INFO - Sync 1 DAGs
[2025-10-14T05:51:03.366+0000] {logging_mixin.py:188} INFO - [2025-10-14T05:51:03.365+0000] {dag.py:3823} INFO - Setting next_dagrun for example_xcom to 2021-01-01 00:00:00+00:00, run_after=2021-01-01 00:00:00+00:00
[2025-10-14T05:51:03.421+0000] {processor.py:183} INFO - Processing /home/airflow/.local/lib/python3.8/site-packages/airflow/example_dags/example_xcom.py took 0.340 seconds
[2025-10-14T05:51:34.093+0000] {processor.py:161} INFO - Started process (PID=47419) to work on /home/airflow/.local/lib/python3.8/site-packages/airflow/example_dags/example_xcom.py
[2025-10-14T05:51:34.094+0000] {processor.py:830} INFO - Processing file /home/airflow/.local/lib/python3.8/site-packages/airflow/example_dags/example_xcom.py for tasks to queue
[2025-10-14T05:51:34.096+0000] {logging_mixin.py:188} INFO - [2025-10-14T05:51:34.095+0000] {dagbag.py:538} INFO - Filling up the DagBag from /home/airflow/.local/lib/python3.8/site-packages/airflow/example_dags/example_xcom.py
[2025-10-14T05:51:34.105+0000] {processor.py:840} INFO - DAG(s) 'example_xcom' retrieved from /home/airflow/.local/lib/python3.8/site-packages/airflow/example_dags/example_xcom.py
[2025-10-14T05:51:34.142+0000] {logging_mixin.py:188} INFO - [2025-10-14T05:51:34.142+0000] {dag.py:3036} INFO - Sync 1 DAGs
[2025-10-14T05:51:34.183+0000] {logging_mixin.py:188} INFO - [2025-10-14T05:51:34.183+0000] {dag.py:3823} INFO - Setting next_dagrun for example_xcom to 2021-01-01 00:00:00+00:00, run_after=2021-01-01 00:00:00+00:00
[2025-10-14T05:51:34.220+0000] {processor.py:183} INFO - Processing /home/airflow/.local/lib/python3.8/site-packages/airflow/example_dags/example_xcom.py took 0.132 seconds
[2025-10-14T05:52:05.007+0000] {processor.py:161} INFO - Started process (PID=47489) to work on /home/airflow/.local/lib/python3.8/site-packages/airflow/example_dags/example_xcom.py
[2025-10-14T05:52:05.009+0000] {processor.py:830} INFO - Processing file /home/airflow/.local/lib/python3.8/site-packages/airflow/example_dags/example_xcom.py for tasks to queue
[2025-10-14T05:52:05.010+0000] {logging_mixin.py:188} INFO - [2025-10-14T05:52:05.010+0000] {dagbag.py:538} INFO - Filling up the DagBag from /home/airflow/.local/lib/python3.8/site-packages/airflow/example_dags/example_xcom.py
[2025-10-14T05:52:05.019+0000] {processor.py:840} INFO - DAG(s) 'example_xcom' retrieved from /home/airflow/.local/lib/python3.8/site-packages/airflow/example_dags/example_xcom.py
[2025-10-14T05:52:05.053+0000] {logging_mixin.py:188} INFO - [2025-10-14T05:52:05.053+0000] {dag.py:3036} INFO - Sync 1 DAGs
[2025-10-14T05:52:05.080+0000] {logging_mixin.py:188} INFO - [2025-10-14T05:52:05.080+0000] {dag.py:3823} INFO - Setting next_dagrun for example_xcom to 2021-01-01 00:00:00+00:00, run_after=2021-01-01 00:00:00+00:00
[2025-10-14T05:52:05.104+0000] {processor.py:183} INFO - Processing /home/airflow/.local/lib/python3.8/site-packages/airflow/example_dags/example_xcom.py took 0.103 seconds
[2025-10-14T05:52:35.346+0000] {processor.py:161} INFO - Started process (PID=47558) to work on /home/airflow/.local/lib/python3.8/site-packages/airflow/example_dags/example_xcom.py
[2025-10-14T05:52:35.347+0000] {processor.py:830} INFO - Processing file /home/airflow/.local/lib/python3.8/site-packages/airflow/example_dags/example_xcom.py for tasks to queue
[2025-10-14T05:52:35.350+0000] {logging_mixin.py:188} INFO - [2025-10-14T05:52:35.349+0000] {dagbag.py:538} INFO - Filling up the DagBag from /home/airflow/.local/lib/python3.8/site-packages/airflow/example_dags/example_xcom.py
[2025-10-14T05:52:35.360+0000] {processor.py:840} INFO - DAG(s) 'example_xcom' retrieved from /home/airflow/.local/lib/python3.8/site-packages/airflow/example_dags/example_xcom.py
[2025-10-14T05:52:35.399+0000] {logging_mixin.py:188} INFO - [2025-10-14T05:52:35.399+0000] {dag.py:3036} INFO - Sync 1 DAGs
[2025-10-14T05:52:35.447+0000] {logging_mixin.py:188} INFO - [2025-10-14T05:52:35.446+0000] {dag.py:3823} INFO - Setting next_dagrun for example_xcom to 2021-01-01 00:00:00+00:00, run_after=2021-01-01 00:00:00+00:00
[2025-10-14T05:52:35.480+0000] {processor.py:183} INFO - Processing /home/airflow/.local/lib/python3.8/site-packages/airflow/example_dags/example_xcom.py took 0.141 seconds
[2025-10-14T05:53:05.721+0000] {processor.py:161} INFO - Started process (PID=47628) to work on /home/airflow/.local/lib/python3.8/site-packages/airflow/example_dags/example_xcom.py
[2025-10-14T05:53:05.723+0000] {processor.py:830} INFO - Processing file /home/airflow/.local/lib/python3.8/site-packages/airflow/example_dags/example_xcom.py for tasks to queue
[2025-10-14T05:53:05.724+0000] {logging_mixin.py:188} INFO - [2025-10-14T05:53:05.724+0000] {dagbag.py:538} INFO - Filling up the DagBag from /home/airflow/.local/lib/python3.8/site-packages/airflow/example_dags/example_xcom.py
[2025-10-14T05:53:05.733+0000] {processor.py:840} INFO - DAG(s) 'example_xcom' retrieved from /home/airflow/.local/lib/python3.8/site-packages/airflow/example_dags/example_xcom.py
[2025-10-14T05:53:05.764+0000] {logging_mixin.py:188} INFO - [2025-10-14T05:53:05.764+0000] {dag.py:3036} INFO - Sync 1 DAGs
[2025-10-14T05:53:05.789+0000] {logging_mixin.py:188} INFO - [2025-10-14T05:53:05.789+0000] {dag.py:3823} INFO - Setting next_dagrun for example_xcom to 2021-01-01 00:00:00+00:00, run_after=2021-01-01 00:00:00+00:00
[2025-10-14T05:53:05.812+0000] {processor.py:183} INFO - Processing /home/airflow/.local/lib/python3.8/site-packages/airflow/example_dags/example_xcom.py took 0.095 seconds
[2025-10-14T05:53:36.445+0000] {processor.py:161} INFO - Started process (PID=47698) to work on /home/airflow/.local/lib/python3.8/site-packages/airflow/example_dags/example_xcom.py
[2025-10-14T05:53:36.446+0000] {processor.py:830} INFO - Processing file /home/airflow/.local/lib/python3.8/site-packages/airflow/example_dags/example_xcom.py for tasks to queue
[2025-10-14T05:53:36.448+0000] {logging_mixin.py:188} INFO - [2025-10-14T05:53:36.447+0000] {dagbag.py:538} INFO - Filling up the DagBag from /home/airflow/.local/lib/python3.8/site-packages/airflow/example_dags/example_xcom.py
[2025-10-14T05:53:36.457+0000] {processor.py:840} INFO - DAG(s) 'example_xcom' retrieved from /home/airflow/.local/lib/python3.8/site-packages/airflow/example_dags/example_xcom.py
[2025-10-14T05:53:36.493+0000] {logging_mixin.py:188} INFO - [2025-10-14T05:53:36.492+0000] {dag.py:3036} INFO - Sync 1 DAGs
[2025-10-14T05:53:36.522+0000] {logging_mixin.py:188} INFO - [2025-10-14T05:53:36.521+0000] {dag.py:3823} INFO - Setting next_dagrun for example_xcom to 2021-01-01 00:00:00+00:00, run_after=2021-01-01 00:00:00+00:00
[2025-10-14T05:53:36.549+0000] {processor.py:183} INFO - Processing /home/airflow/.local/lib/python3.8/site-packages/airflow/example_dags/example_xcom.py took 0.108 seconds
[2025-10-14T05:54:07.082+0000] {processor.py:161} INFO - Started process (PID=47768) to work on /home/airflow/.local/lib/python3.8/site-packages/airflow/example_dags/example_xcom.py
[2025-10-14T05:54:07.083+0000] {processor.py:830} INFO - Processing file /home/airflow/.local/lib/python3.8/site-packages/airflow/example_dags/example_xcom.py for tasks to queue
[2025-10-14T05:54:07.085+0000] {logging_mixin.py:188} INFO - [2025-10-14T05:54:07.084+0000] {dagbag.py:538} INFO - Filling up the DagBag from /home/airflow/.local/lib/python3.8/site-packages/airflow/example_dags/example_xcom.py
[2025-10-14T05:54:07.093+0000] {processor.py:840} INFO - DAG(s) 'example_xcom' retrieved from /home/airflow/.local/lib/python3.8/site-packages/airflow/example_dags/example_xcom.py
[2025-10-14T05:54:07.126+0000] {logging_mixin.py:188} INFO - [2025-10-14T05:54:07.126+0000] {dag.py:3036} INFO - Sync 1 DAGs
[2025-10-14T05:54:07.154+0000] {logging_mixin.py:188} INFO - [2025-10-14T05:54:07.154+0000] {dag.py:3823} INFO - Setting next_dagrun for example_xcom to 2021-01-01 00:00:00+00:00, run_after=2021-01-01 00:00:00+00:00
[2025-10-14T05:54:07.181+0000] {processor.py:183} INFO - Processing /home/airflow/.local/lib/python3.8/site-packages/airflow/example_dags/example_xcom.py took 0.105 seconds
[2025-10-14T05:54:37.390+0000] {processor.py:161} INFO - Started process (PID=47841) to work on /home/airflow/.local/lib/python3.8/site-packages/airflow/example_dags/example_xcom.py
[2025-10-14T05:54:37.392+0000] {processor.py:830} INFO - Processing file /home/airflow/.local/lib/python3.8/site-packages/airflow/example_dags/example_xcom.py for tasks to queue
[2025-10-14T05:54:37.393+0000] {logging_mixin.py:188} INFO - [2025-10-14T05:54:37.393+0000] {dagbag.py:538} INFO - Filling up the DagBag from /home/airflow/.local/lib/python3.8/site-packages/airflow/example_dags/example_xcom.py
[2025-10-14T05:54:37.403+0000] {processor.py:840} INFO - DAG(s) 'example_xcom' retrieved from /home/airflow/.local/lib/python3.8/site-packages/airflow/example_dags/example_xcom.py
[2025-10-14T05:54:37.434+0000] {logging_mixin.py:188} INFO - [2025-10-14T05:54:37.434+0000] {dag.py:3036} INFO - Sync 1 DAGs
[2025-10-14T05:54:37.460+0000] {logging_mixin.py:188} INFO - [2025-10-14T05:54:37.460+0000] {dag.py:3823} INFO - Setting next_dagrun for example_xcom to 2021-01-01 00:00:00+00:00, run_after=2021-01-01 00:00:00+00:00
[2025-10-14T05:54:37.481+0000] {processor.py:183} INFO - Processing /home/airflow/.local/lib/python3.8/site-packages/airflow/example_dags/example_xcom.py took 0.096 seconds
[2025-10-14T05:55:07.585+0000] {processor.py:161} INFO - Started process (PID=47912) to work on /home/airflow/.local/lib/python3.8/site-packages/airflow/example_dags/example_xcom.py
[2025-10-14T05:55:07.587+0000] {processor.py:830} INFO - Processing file /home/airflow/.local/lib/python3.8/site-packages/airflow/example_dags/example_xcom.py for tasks to queue
[2025-10-14T05:55:07.588+0000] {logging_mixin.py:188} INFO - [2025-10-14T05:55:07.588+0000] {dagbag.py:538} INFO - Filling up the DagBag from /home/airflow/.local/lib/python3.8/site-packages/airflow/example_dags/example_xcom.py
[2025-10-14T05:55:07.597+0000] {processor.py:840} INFO - DAG(s) 'example_xcom' retrieved from /home/airflow/.local/lib/python3.8/site-packages/airflow/example_dags/example_xcom.py
[2025-10-14T05:55:07.629+0000] {logging_mixin.py:188} INFO - [2025-10-14T05:55:07.629+0000] {dag.py:3036} INFO - Sync 1 DAGs
[2025-10-14T05:55:07.654+0000] {logging_mixin.py:188} INFO - [2025-10-14T05:55:07.654+0000] {dag.py:3823} INFO - Setting next_dagrun for example_xcom to 2021-01-01 00:00:00+00:00, run_after=2021-01-01 00:00:00+00:00
[2025-10-14T05:55:07.678+0000] {processor.py:183} INFO - Processing /home/airflow/.local/lib/python3.8/site-packages/airflow/example_dags/example_xcom.py took 0.098 seconds
[2025-10-14T05:55:37.777+0000] {processor.py:161} INFO - Started process (PID=47982) to work on /home/airflow/.local/lib/python3.8/site-packages/airflow/example_dags/example_xcom.py
[2025-10-14T05:55:37.778+0000] {processor.py:830} INFO - Processing file /home/airflow/.local/lib/python3.8/site-packages/airflow/example_dags/example_xcom.py for tasks to queue
[2025-10-14T05:55:37.780+0000] {logging_mixin.py:188} INFO - [2025-10-14T05:55:37.779+0000] {dagbag.py:538} INFO - Filling up the DagBag from /home/airflow/.local/lib/python3.8/site-packages/airflow/example_dags/example_xcom.py
[2025-10-14T05:55:37.788+0000] {processor.py:840} INFO - DAG(s) 'example_xcom' retrieved from /home/airflow/.local/lib/python3.8/site-packages/airflow/example_dags/example_xcom.py
[2025-10-14T05:55:37.826+0000] {logging_mixin.py:188} INFO - [2025-10-14T05:55:37.825+0000] {dag.py:3036} INFO - Sync 1 DAGs
[2025-10-14T05:55:37.852+0000] {logging_mixin.py:188} INFO - [2025-10-14T05:55:37.852+0000] {dag.py:3823} INFO - Setting next_dagrun for example_xcom to 2021-01-01 00:00:00+00:00, run_after=2021-01-01 00:00:00+00:00
[2025-10-14T05:55:37.878+0000] {processor.py:183} INFO - Processing /home/airflow/.local/lib/python3.8/site-packages/airflow/example_dags/example_xcom.py took 0.105 seconds
[2025-10-14T05:56:08.109+0000] {processor.py:161} INFO - Started process (PID=48052) to work on /home/airflow/.local/lib/python3.8/site-packages/airflow/example_dags/example_xcom.py
[2025-10-14T05:56:08.110+0000] {processor.py:830} INFO - Processing file /home/airflow/.local/lib/python3.8/site-packages/airflow/example_dags/example_xcom.py for tasks to queue
[2025-10-14T05:56:08.112+0000] {logging_mixin.py:188} INFO - [2025-10-14T05:56:08.111+0000] {dagbag.py:538} INFO - Filling up the DagBag from /home/airflow/.local/lib/python3.8/site-packages/airflow/example_dags/example_xcom.py
[2025-10-14T05:56:08.120+0000] {processor.py:840} INFO - DAG(s) 'example_xcom' retrieved from /home/airflow/.local/lib/python3.8/site-packages/airflow/example_dags/example_xcom.py
[2025-10-14T05:56:08.154+0000] {logging_mixin.py:188} INFO - [2025-10-14T05:56:08.154+0000] {dag.py:3036} INFO - Sync 1 DAGs
[2025-10-14T05:56:08.180+0000] {logging_mixin.py:188} INFO - [2025-10-14T05:56:08.180+0000] {dag.py:3823} INFO - Setting next_dagrun for example_xcom to 2021-01-01 00:00:00+00:00, run_after=2021-01-01 00:00:00+00:00
[2025-10-14T05:56:08.207+0000] {processor.py:183} INFO - Processing /home/airflow/.local/lib/python3.8/site-packages/airflow/example_dags/example_xcom.py took 0.102 seconds
[2025-10-14T05:56:38.834+0000] {processor.py:161} INFO - Started process (PID=48122) to work on /home/airflow/.local/lib/python3.8/site-packages/airflow/example_dags/example_xcom.py
[2025-10-14T05:56:38.835+0000] {processor.py:830} INFO - Processing file /home/airflow/.local/lib/python3.8/site-packages/airflow/example_dags/example_xcom.py for tasks to queue
[2025-10-14T05:56:38.837+0000] {logging_mixin.py:188} INFO - [2025-10-14T05:56:38.836+0000] {dagbag.py:538} INFO - Filling up the DagBag from /home/airflow/.local/lib/python3.8/site-packages/airflow/example_dags/example_xcom.py
[2025-10-14T05:56:38.845+0000] {processor.py:840} INFO - DAG(s) 'example_xcom' retrieved from /home/airflow/.local/lib/python3.8/site-packages/airflow/example_dags/example_xcom.py
[2025-10-14T05:56:38.877+0000] {logging_mixin.py:188} INFO - [2025-10-14T05:56:38.877+0000] {dag.py:3036} INFO - Sync 1 DAGs
[2025-10-14T05:56:38.905+0000] {logging_mixin.py:188} INFO - [2025-10-14T05:56:38.905+0000] {dag.py:3823} INFO - Setting next_dagrun for example_xcom to 2021-01-01 00:00:00+00:00, run_after=2021-01-01 00:00:00+00:00
[2025-10-14T05:56:38.932+0000] {processor.py:183} INFO - Processing /home/airflow/.local/lib/python3.8/site-packages/airflow/example_dags/example_xcom.py took 0.102 seconds
[2025-10-14T05:57:09.174+0000] {processor.py:161} INFO - Started process (PID=48191) to work on /home/airflow/.local/lib/python3.8/site-packages/airflow/example_dags/example_xcom.py
[2025-10-14T05:57:09.175+0000] {processor.py:830} INFO - Processing file /home/airflow/.local/lib/python3.8/site-packages/airflow/example_dags/example_xcom.py for tasks to queue
[2025-10-14T05:57:09.176+0000] {logging_mixin.py:188} INFO - [2025-10-14T05:57:09.176+0000] {dagbag.py:538} INFO - Filling up the DagBag from /home/airflow/.local/lib/python3.8/site-packages/airflow/example_dags/example_xcom.py
[2025-10-14T05:57:09.185+0000] {processor.py:840} INFO - DAG(s) 'example_xcom' retrieved from /home/airflow/.local/lib/python3.8/site-packages/airflow/example_dags/example_xcom.py
[2025-10-14T05:57:09.221+0000] {logging_mixin.py:188} INFO - [2025-10-14T05:57:09.220+0000] {dag.py:3036} INFO - Sync 1 DAGs
[2025-10-14T05:57:09.256+0000] {logging_mixin.py:188} INFO - [2025-10-14T05:57:09.256+0000] {dag.py:3823} INFO - Setting next_dagrun for example_xcom to 2021-01-01 00:00:00+00:00, run_after=2021-01-01 00:00:00+00:00
[2025-10-14T05:57:09.289+0000] {processor.py:183} INFO - Processing /home/airflow/.local/lib/python3.8/site-packages/airflow/example_dags/example_xcom.py took 0.119 seconds
[2025-10-14T05:57:39.793+0000] {processor.py:161} INFO - Started process (PID=48261) to work on /home/airflow/.local/lib/python3.8/site-packages/airflow/example_dags/example_xcom.py
[2025-10-14T05:57:39.794+0000] {processor.py:830} INFO - Processing file /home/airflow/.local/lib/python3.8/site-packages/airflow/example_dags/example_xcom.py for tasks to queue
[2025-10-14T05:57:39.795+0000] {logging_mixin.py:188} INFO - [2025-10-14T05:57:39.795+0000] {dagbag.py:538} INFO - Filling up the DagBag from /home/airflow/.local/lib/python3.8/site-packages/airflow/example_dags/example_xcom.py
[2025-10-14T05:57:39.804+0000] {processor.py:840} INFO - DAG(s) 'example_xcom' retrieved from /home/airflow/.local/lib/python3.8/site-packages/airflow/example_dags/example_xcom.py
[2025-10-14T05:57:39.835+0000] {logging_mixin.py:188} INFO - [2025-10-14T05:57:39.835+0000] {dag.py:3036} INFO - Sync 1 DAGs
[2025-10-14T05:57:39.860+0000] {logging_mixin.py:188} INFO - [2025-10-14T05:57:39.860+0000] {dag.py:3823} INFO - Setting next_dagrun for example_xcom to 2021-01-01 00:00:00+00:00, run_after=2021-01-01 00:00:00+00:00
[2025-10-14T05:57:39.887+0000] {processor.py:183} INFO - Processing /home/airflow/.local/lib/python3.8/site-packages/airflow/example_dags/example_xcom.py took 0.099 seconds
[2025-10-14T05:58:10.201+0000] {processor.py:161} INFO - Started process (PID=48331) to work on /home/airflow/.local/lib/python3.8/site-packages/airflow/example_dags/example_xcom.py
[2025-10-14T05:58:10.202+0000] {processor.py:830} INFO - Processing file /home/airflow/.local/lib/python3.8/site-packages/airflow/example_dags/example_xcom.py for tasks to queue
[2025-10-14T05:58:10.203+0000] {logging_mixin.py:188} INFO - [2025-10-14T05:58:10.203+0000] {dagbag.py:538} INFO - Filling up the DagBag from /home/airflow/.local/lib/python3.8/site-packages/airflow/example_dags/example_xcom.py
[2025-10-14T05:58:10.213+0000] {processor.py:840} INFO - DAG(s) 'example_xcom' retrieved from /home/airflow/.local/lib/python3.8/site-packages/airflow/example_dags/example_xcom.py
[2025-10-14T05:58:10.244+0000] {logging_mixin.py:188} INFO - [2025-10-14T05:58:10.244+0000] {dag.py:3036} INFO - Sync 1 DAGs
[2025-10-14T05:58:10.270+0000] {logging_mixin.py:188} INFO - [2025-10-14T05:58:10.269+0000] {dag.py:3823} INFO - Setting next_dagrun for example_xcom to 2021-01-01 00:00:00+00:00, run_after=2021-01-01 00:00:00+00:00
[2025-10-14T05:58:10.296+0000] {processor.py:183} INFO - Processing /home/airflow/.local/lib/python3.8/site-packages/airflow/example_dags/example_xcom.py took 0.099 seconds
[2025-10-14T05:58:40.749+0000] {processor.py:161} INFO - Started process (PID=48401) to work on /home/airflow/.local/lib/python3.8/site-packages/airflow/example_dags/example_xcom.py
[2025-10-14T05:58:40.750+0000] {processor.py:830} INFO - Processing file /home/airflow/.local/lib/python3.8/site-packages/airflow/example_dags/example_xcom.py for tasks to queue
[2025-10-14T05:58:40.752+0000] {logging_mixin.py:188} INFO - [2025-10-14T05:58:40.752+0000] {dagbag.py:538} INFO - Filling up the DagBag from /home/airflow/.local/lib/python3.8/site-packages/airflow/example_dags/example_xcom.py
[2025-10-14T05:58:40.761+0000] {processor.py:840} INFO - DAG(s) 'example_xcom' retrieved from /home/airflow/.local/lib/python3.8/site-packages/airflow/example_dags/example_xcom.py
[2025-10-14T05:58:40.794+0000] {logging_mixin.py:188} INFO - [2025-10-14T05:58:40.794+0000] {dag.py:3036} INFO - Sync 1 DAGs
[2025-10-14T05:58:40.821+0000] {logging_mixin.py:188} INFO - [2025-10-14T05:58:40.820+0000] {dag.py:3823} INFO - Setting next_dagrun for example_xcom to 2021-01-01 00:00:00+00:00, run_after=2021-01-01 00:00:00+00:00
[2025-10-14T05:58:40.846+0000] {processor.py:183} INFO - Processing /home/airflow/.local/lib/python3.8/site-packages/airflow/example_dags/example_xcom.py took 0.101 seconds
[2025-10-14T05:59:11.127+0000] {processor.py:161} INFO - Started process (PID=48471) to work on /home/airflow/.local/lib/python3.8/site-packages/airflow/example_dags/example_xcom.py
[2025-10-14T05:59:11.128+0000] {processor.py:830} INFO - Processing file /home/airflow/.local/lib/python3.8/site-packages/airflow/example_dags/example_xcom.py for tasks to queue
[2025-10-14T05:59:11.129+0000] {logging_mixin.py:188} INFO - [2025-10-14T05:59:11.129+0000] {dagbag.py:538} INFO - Filling up the DagBag from /home/airflow/.local/lib/python3.8/site-packages/airflow/example_dags/example_xcom.py
[2025-10-14T05:59:11.138+0000] {processor.py:840} INFO - DAG(s) 'example_xcom' retrieved from /home/airflow/.local/lib/python3.8/site-packages/airflow/example_dags/example_xcom.py
[2025-10-14T05:59:11.178+0000] {logging_mixin.py:188} INFO - [2025-10-14T05:59:11.178+0000] {dag.py:3036} INFO - Sync 1 DAGs
[2025-10-14T05:59:11.209+0000] {logging_mixin.py:188} INFO - [2025-10-14T05:59:11.208+0000] {dag.py:3823} INFO - Setting next_dagrun for example_xcom to 2021-01-01 00:00:00+00:00, run_after=2021-01-01 00:00:00+00:00
[2025-10-14T05:59:11.244+0000] {processor.py:183} INFO - Processing /home/airflow/.local/lib/python3.8/site-packages/airflow/example_dags/example_xcom.py took 0.121 seconds
[2025-10-14T05:59:41.390+0000] {processor.py:161} INFO - Started process (PID=48541) to work on /home/airflow/.local/lib/python3.8/site-packages/airflow/example_dags/example_xcom.py
[2025-10-14T05:59:41.391+0000] {processor.py:830} INFO - Processing file /home/airflow/.local/lib/python3.8/site-packages/airflow/example_dags/example_xcom.py for tasks to queue
[2025-10-14T05:59:41.393+0000] {logging_mixin.py:188} INFO - [2025-10-14T05:59:41.392+0000] {dagbag.py:538} INFO - Filling up the DagBag from /home/airflow/.local/lib/python3.8/site-packages/airflow/example_dags/example_xcom.py
[2025-10-14T05:59:41.404+0000] {processor.py:840} INFO - DAG(s) 'example_xcom' retrieved from /home/airflow/.local/lib/python3.8/site-packages/airflow/example_dags/example_xcom.py
[2025-10-14T05:59:41.437+0000] {logging_mixin.py:188} INFO - [2025-10-14T05:59:41.437+0000] {dag.py:3036} INFO - Sync 1 DAGs
[2025-10-14T05:59:41.464+0000] {logging_mixin.py:188} INFO - [2025-10-14T05:59:41.464+0000] {dag.py:3823} INFO - Setting next_dagrun for example_xcom to 2021-01-01 00:00:00+00:00, run_after=2021-01-01 00:00:00+00:00
[2025-10-14T05:59:41.490+0000] {processor.py:183} INFO - Processing /home/airflow/.local/lib/python3.8/site-packages/airflow/example_dags/example_xcom.py took 0.105 seconds
[2025-10-14T06:00:12.135+0000] {processor.py:161} INFO - Started process (PID=48609) to work on /home/airflow/.local/lib/python3.8/site-packages/airflow/example_dags/example_xcom.py
[2025-10-14T06:00:12.136+0000] {processor.py:830} INFO - Processing file /home/airflow/.local/lib/python3.8/site-packages/airflow/example_dags/example_xcom.py for tasks to queue
[2025-10-14T06:00:12.138+0000] {logging_mixin.py:188} INFO - [2025-10-14T06:00:12.138+0000] {dagbag.py:538} INFO - Filling up the DagBag from /home/airflow/.local/lib/python3.8/site-packages/airflow/example_dags/example_xcom.py
[2025-10-14T06:00:12.149+0000] {processor.py:840} INFO - DAG(s) 'example_xcom' retrieved from /home/airflow/.local/lib/python3.8/site-packages/airflow/example_dags/example_xcom.py
[2025-10-14T06:00:12.185+0000] {logging_mixin.py:188} INFO - [2025-10-14T06:00:12.184+0000] {dag.py:3036} INFO - Sync 1 DAGs
[2025-10-14T06:00:12.223+0000] {logging_mixin.py:188} INFO - [2025-10-14T06:00:12.223+0000] {dag.py:3823} INFO - Setting next_dagrun for example_xcom to 2021-01-01 00:00:00+00:00, run_after=2021-01-01 00:00:00+00:00
[2025-10-14T06:00:12.250+0000] {processor.py:183} INFO - Processing /home/airflow/.local/lib/python3.8/site-packages/airflow/example_dags/example_xcom.py took 0.120 seconds
[2025-10-14T06:00:42.936+0000] {processor.py:161} INFO - Started process (PID=48679) to work on /home/airflow/.local/lib/python3.8/site-packages/airflow/example_dags/example_xcom.py
[2025-10-14T06:00:42.937+0000] {processor.py:830} INFO - Processing file /home/airflow/.local/lib/python3.8/site-packages/airflow/example_dags/example_xcom.py for tasks to queue
[2025-10-14T06:00:42.939+0000] {logging_mixin.py:188} INFO - [2025-10-14T06:00:42.939+0000] {dagbag.py:538} INFO - Filling up the DagBag from /home/airflow/.local/lib/python3.8/site-packages/airflow/example_dags/example_xcom.py
[2025-10-14T06:00:42.948+0000] {processor.py:840} INFO - DAG(s) 'example_xcom' retrieved from /home/airflow/.local/lib/python3.8/site-packages/airflow/example_dags/example_xcom.py
[2025-10-14T06:00:43.124+0000] {logging_mixin.py:188} INFO - [2025-10-14T06:00:43.123+0000] {dag.py:3036} INFO - Sync 1 DAGs
[2025-10-14T06:00:43.152+0000] {logging_mixin.py:188} INFO - [2025-10-14T06:00:43.152+0000] {dag.py:3823} INFO - Setting next_dagrun for example_xcom to 2021-01-01 00:00:00+00:00, run_after=2021-01-01 00:00:00+00:00
[2025-10-14T06:00:43.177+0000] {processor.py:183} INFO - Processing /home/airflow/.local/lib/python3.8/site-packages/airflow/example_dags/example_xcom.py took 0.245 seconds
[2025-10-14T06:01:13.426+0000] {processor.py:161} INFO - Started process (PID=48749) to work on /home/airflow/.local/lib/python3.8/site-packages/airflow/example_dags/example_xcom.py
[2025-10-14T06:01:13.427+0000] {processor.py:830} INFO - Processing file /home/airflow/.local/lib/python3.8/site-packages/airflow/example_dags/example_xcom.py for tasks to queue
[2025-10-14T06:01:13.428+0000] {logging_mixin.py:188} INFO - [2025-10-14T06:01:13.428+0000] {dagbag.py:538} INFO - Filling up the DagBag from /home/airflow/.local/lib/python3.8/site-packages/airflow/example_dags/example_xcom.py
[2025-10-14T06:01:13.437+0000] {processor.py:840} INFO - DAG(s) 'example_xcom' retrieved from /home/airflow/.local/lib/python3.8/site-packages/airflow/example_dags/example_xcom.py
[2025-10-14T06:01:13.467+0000] {logging_mixin.py:188} INFO - [2025-10-14T06:01:13.467+0000] {dag.py:3036} INFO - Sync 1 DAGs
[2025-10-14T06:01:13.492+0000] {logging_mixin.py:188} INFO - [2025-10-14T06:01:13.491+0000] {dag.py:3823} INFO - Setting next_dagrun for example_xcom to 2021-01-01 00:00:00+00:00, run_after=2021-01-01 00:00:00+00:00
[2025-10-14T06:01:13.513+0000] {processor.py:183} INFO - Processing /home/airflow/.local/lib/python3.8/site-packages/airflow/example_dags/example_xcom.py took 0.091 seconds
[2025-10-14T06:01:44.066+0000] {processor.py:161} INFO - Started process (PID=48820) to work on /home/airflow/.local/lib/python3.8/site-packages/airflow/example_dags/example_xcom.py
[2025-10-14T06:01:44.067+0000] {processor.py:830} INFO - Processing file /home/airflow/.local/lib/python3.8/site-packages/airflow/example_dags/example_xcom.py for tasks to queue
[2025-10-14T06:01:44.069+0000] {logging_mixin.py:188} INFO - [2025-10-14T06:01:44.068+0000] {dagbag.py:538} INFO - Filling up the DagBag from /home/airflow/.local/lib/python3.8/site-packages/airflow/example_dags/example_xcom.py
[2025-10-14T06:01:44.077+0000] {processor.py:840} INFO - DAG(s) 'example_xcom' retrieved from /home/airflow/.local/lib/python3.8/site-packages/airflow/example_dags/example_xcom.py
[2025-10-14T06:01:44.109+0000] {logging_mixin.py:188} INFO - [2025-10-14T06:01:44.108+0000] {dag.py:3036} INFO - Sync 1 DAGs
[2025-10-14T06:01:44.137+0000] {logging_mixin.py:188} INFO - [2025-10-14T06:01:44.137+0000] {dag.py:3823} INFO - Setting next_dagrun for example_xcom to 2021-01-01 00:00:00+00:00, run_after=2021-01-01 00:00:00+00:00
[2025-10-14T06:01:44.161+0000] {processor.py:183} INFO - Processing /home/airflow/.local/lib/python3.8/site-packages/airflow/example_dags/example_xcom.py took 0.099 seconds
[2025-10-14T06:02:14.536+0000] {processor.py:161} INFO - Started process (PID=48890) to work on /home/airflow/.local/lib/python3.8/site-packages/airflow/example_dags/example_xcom.py
[2025-10-14T06:02:14.537+0000] {processor.py:830} INFO - Processing file /home/airflow/.local/lib/python3.8/site-packages/airflow/example_dags/example_xcom.py for tasks to queue
[2025-10-14T06:02:14.539+0000] {logging_mixin.py:188} INFO - [2025-10-14T06:02:14.538+0000] {dagbag.py:538} INFO - Filling up the DagBag from /home/airflow/.local/lib/python3.8/site-packages/airflow/example_dags/example_xcom.py
[2025-10-14T06:02:14.549+0000] {processor.py:840} INFO - DAG(s) 'example_xcom' retrieved from /home/airflow/.local/lib/python3.8/site-packages/airflow/example_dags/example_xcom.py
[2025-10-14T06:02:14.582+0000] {logging_mixin.py:188} INFO - [2025-10-14T06:02:14.581+0000] {dag.py:3036} INFO - Sync 1 DAGs
[2025-10-14T06:02:14.607+0000] {logging_mixin.py:188} INFO - [2025-10-14T06:02:14.607+0000] {dag.py:3823} INFO - Setting next_dagrun for example_xcom to 2021-01-01 00:00:00+00:00, run_after=2021-01-01 00:00:00+00:00
[2025-10-14T06:02:14.632+0000] {processor.py:183} INFO - Processing /home/airflow/.local/lib/python3.8/site-packages/airflow/example_dags/example_xcom.py took 0.101 seconds
[2025-10-14T06:02:45.226+0000] {processor.py:161} INFO - Started process (PID=48960) to work on /home/airflow/.local/lib/python3.8/site-packages/airflow/example_dags/example_xcom.py
[2025-10-14T06:02:45.227+0000] {processor.py:830} INFO - Processing file /home/airflow/.local/lib/python3.8/site-packages/airflow/example_dags/example_xcom.py for tasks to queue
[2025-10-14T06:02:45.228+0000] {logging_mixin.py:188} INFO - [2025-10-14T06:02:45.228+0000] {dagbag.py:538} INFO - Filling up the DagBag from /home/airflow/.local/lib/python3.8/site-packages/airflow/example_dags/example_xcom.py
[2025-10-14T06:02:45.240+0000] {processor.py:840} INFO - DAG(s) 'example_xcom' retrieved from /home/airflow/.local/lib/python3.8/site-packages/airflow/example_dags/example_xcom.py
[2025-10-14T06:02:45.273+0000] {logging_mixin.py:188} INFO - [2025-10-14T06:02:45.272+0000] {dag.py:3036} INFO - Sync 1 DAGs
[2025-10-14T06:02:45.301+0000] {logging_mixin.py:188} INFO - [2025-10-14T06:02:45.301+0000] {dag.py:3823} INFO - Setting next_dagrun for example_xcom to 2021-01-01 00:00:00+00:00, run_after=2021-01-01 00:00:00+00:00
[2025-10-14T06:02:45.326+0000] {processor.py:183} INFO - Processing /home/airflow/.local/lib/python3.8/site-packages/airflow/example_dags/example_xcom.py took 0.104 seconds
[2025-10-14T06:03:15.667+0000] {processor.py:161} INFO - Started process (PID=49030) to work on /home/airflow/.local/lib/python3.8/site-packages/airflow/example_dags/example_xcom.py
[2025-10-14T06:03:15.669+0000] {processor.py:830} INFO - Processing file /home/airflow/.local/lib/python3.8/site-packages/airflow/example_dags/example_xcom.py for tasks to queue
[2025-10-14T06:03:15.670+0000] {logging_mixin.py:188} INFO - [2025-10-14T06:03:15.670+0000] {dagbag.py:538} INFO - Filling up the DagBag from /home/airflow/.local/lib/python3.8/site-packages/airflow/example_dags/example_xcom.py
[2025-10-14T06:03:15.679+0000] {processor.py:840} INFO - DAG(s) 'example_xcom' retrieved from /home/airflow/.local/lib/python3.8/site-packages/airflow/example_dags/example_xcom.py
[2025-10-14T06:03:15.712+0000] {logging_mixin.py:188} INFO - [2025-10-14T06:03:15.711+0000] {dag.py:3036} INFO - Sync 1 DAGs
[2025-10-14T06:03:15.739+0000] {logging_mixin.py:188} INFO - [2025-10-14T06:03:15.739+0000] {dag.py:3823} INFO - Setting next_dagrun for example_xcom to 2021-01-01 00:00:00+00:00, run_after=2021-01-01 00:00:00+00:00
[2025-10-14T06:03:15.783+0000] {processor.py:183} INFO - Processing /home/airflow/.local/lib/python3.8/site-packages/airflow/example_dags/example_xcom.py took 0.119 seconds
[2025-10-14T06:03:46.134+0000] {processor.py:161} INFO - Started process (PID=49100) to work on /home/airflow/.local/lib/python3.8/site-packages/airflow/example_dags/example_xcom.py
[2025-10-14T06:03:46.135+0000] {processor.py:830} INFO - Processing file /home/airflow/.local/lib/python3.8/site-packages/airflow/example_dags/example_xcom.py for tasks to queue
[2025-10-14T06:03:46.136+0000] {logging_mixin.py:188} INFO - [2025-10-14T06:03:46.136+0000] {dagbag.py:538} INFO - Filling up the DagBag from /home/airflow/.local/lib/python3.8/site-packages/airflow/example_dags/example_xcom.py
[2025-10-14T06:03:46.147+0000] {processor.py:840} INFO - DAG(s) 'example_xcom' retrieved from /home/airflow/.local/lib/python3.8/site-packages/airflow/example_dags/example_xcom.py
[2025-10-14T06:03:46.178+0000] {logging_mixin.py:188} INFO - [2025-10-14T06:03:46.178+0000] {dag.py:3036} INFO - Sync 1 DAGs
[2025-10-14T06:03:46.205+0000] {logging_mixin.py:188} INFO - [2025-10-14T06:03:46.205+0000] {dag.py:3823} INFO - Setting next_dagrun for example_xcom to 2021-01-01 00:00:00+00:00, run_after=2021-01-01 00:00:00+00:00
[2025-10-14T06:03:46.229+0000] {processor.py:183} INFO - Processing /home/airflow/.local/lib/python3.8/site-packages/airflow/example_dags/example_xcom.py took 0.100 seconds
[2025-10-14T06:04:16.453+0000] {processor.py:161} INFO - Started process (PID=49170) to work on /home/airflow/.local/lib/python3.8/site-packages/airflow/example_dags/example_xcom.py
[2025-10-14T06:04:16.455+0000] {processor.py:830} INFO - Processing file /home/airflow/.local/lib/python3.8/site-packages/airflow/example_dags/example_xcom.py for tasks to queue
[2025-10-14T06:04:16.456+0000] {logging_mixin.py:188} INFO - [2025-10-14T06:04:16.456+0000] {dagbag.py:538} INFO - Filling up the DagBag from /home/airflow/.local/lib/python3.8/site-packages/airflow/example_dags/example_xcom.py
[2025-10-14T06:04:16.466+0000] {processor.py:840} INFO - DAG(s) 'example_xcom' retrieved from /home/airflow/.local/lib/python3.8/site-packages/airflow/example_dags/example_xcom.py
[2025-10-14T06:04:16.499+0000] {logging_mixin.py:188} INFO - [2025-10-14T06:04:16.499+0000] {dag.py:3036} INFO - Sync 1 DAGs
[2025-10-14T06:04:16.525+0000] {logging_mixin.py:188} INFO - [2025-10-14T06:04:16.525+0000] {dag.py:3823} INFO - Setting next_dagrun for example_xcom to 2021-01-01 00:00:00+00:00, run_after=2021-01-01 00:00:00+00:00
[2025-10-14T06:04:16.550+0000] {processor.py:183} INFO - Processing /home/airflow/.local/lib/python3.8/site-packages/airflow/example_dags/example_xcom.py took 0.101 seconds
[2025-10-14T06:04:47.423+0000] {processor.py:161} INFO - Started process (PID=49241) to work on /home/airflow/.local/lib/python3.8/site-packages/airflow/example_dags/example_xcom.py
[2025-10-14T06:04:47.424+0000] {processor.py:830} INFO - Processing file /home/airflow/.local/lib/python3.8/site-packages/airflow/example_dags/example_xcom.py for tasks to queue
[2025-10-14T06:04:47.425+0000] {logging_mixin.py:188} INFO - [2025-10-14T06:04:47.425+0000] {dagbag.py:538} INFO - Filling up the DagBag from /home/airflow/.local/lib/python3.8/site-packages/airflow/example_dags/example_xcom.py
[2025-10-14T06:04:47.435+0000] {processor.py:840} INFO - DAG(s) 'example_xcom' retrieved from /home/airflow/.local/lib/python3.8/site-packages/airflow/example_dags/example_xcom.py
[2025-10-14T06:04:47.467+0000] {logging_mixin.py:188} INFO - [2025-10-14T06:04:47.467+0000] {dag.py:3036} INFO - Sync 1 DAGs
[2025-10-14T06:04:47.495+0000] {logging_mixin.py:188} INFO - [2025-10-14T06:04:47.494+0000] {dag.py:3823} INFO - Setting next_dagrun for example_xcom to 2021-01-01 00:00:00+00:00, run_after=2021-01-01 00:00:00+00:00
[2025-10-14T06:04:47.520+0000] {processor.py:183} INFO - Processing /home/airflow/.local/lib/python3.8/site-packages/airflow/example_dags/example_xcom.py took 0.101 seconds
[2025-10-14T06:05:17.685+0000] {processor.py:161} INFO - Started process (PID=49311) to work on /home/airflow/.local/lib/python3.8/site-packages/airflow/example_dags/example_xcom.py
[2025-10-14T06:05:17.686+0000] {processor.py:830} INFO - Processing file /home/airflow/.local/lib/python3.8/site-packages/airflow/example_dags/example_xcom.py for tasks to queue
[2025-10-14T06:05:17.688+0000] {logging_mixin.py:188} INFO - [2025-10-14T06:05:17.688+0000] {dagbag.py:538} INFO - Filling up the DagBag from /home/airflow/.local/lib/python3.8/site-packages/airflow/example_dags/example_xcom.py
[2025-10-14T06:05:17.700+0000] {processor.py:840} INFO - DAG(s) 'example_xcom' retrieved from /home/airflow/.local/lib/python3.8/site-packages/airflow/example_dags/example_xcom.py
[2025-10-14T06:05:17.734+0000] {logging_mixin.py:188} INFO - [2025-10-14T06:05:17.734+0000] {dag.py:3036} INFO - Sync 1 DAGs
[2025-10-14T06:05:17.760+0000] {logging_mixin.py:188} INFO - [2025-10-14T06:05:17.759+0000] {dag.py:3823} INFO - Setting next_dagrun for example_xcom to 2021-01-01 00:00:00+00:00, run_after=2021-01-01 00:00:00+00:00
[2025-10-14T06:05:17.782+0000] {processor.py:183} INFO - Processing /home/airflow/.local/lib/python3.8/site-packages/airflow/example_dags/example_xcom.py took 0.101 seconds
[2025-10-14T06:05:47.857+0000] {processor.py:161} INFO - Started process (PID=49379) to work on /home/airflow/.local/lib/python3.8/site-packages/airflow/example_dags/example_xcom.py
[2025-10-14T06:05:47.859+0000] {processor.py:830} INFO - Processing file /home/airflow/.local/lib/python3.8/site-packages/airflow/example_dags/example_xcom.py for tasks to queue
[2025-10-14T06:05:47.861+0000] {logging_mixin.py:188} INFO - [2025-10-14T06:05:47.860+0000] {dagbag.py:538} INFO - Filling up the DagBag from /home/airflow/.local/lib/python3.8/site-packages/airflow/example_dags/example_xcom.py
[2025-10-14T06:05:47.870+0000] {processor.py:840} INFO - DAG(s) 'example_xcom' retrieved from /home/airflow/.local/lib/python3.8/site-packages/airflow/example_dags/example_xcom.py
[2025-10-14T06:05:47.904+0000] {logging_mixin.py:188} INFO - [2025-10-14T06:05:47.904+0000] {dag.py:3036} INFO - Sync 1 DAGs
[2025-10-14T06:05:47.932+0000] {logging_mixin.py:188} INFO - [2025-10-14T06:05:47.932+0000] {dag.py:3823} INFO - Setting next_dagrun for example_xcom to 2021-01-01 00:00:00+00:00, run_after=2021-01-01 00:00:00+00:00
[2025-10-14T06:05:47.956+0000] {processor.py:183} INFO - Processing /home/airflow/.local/lib/python3.8/site-packages/airflow/example_dags/example_xcom.py took 0.102 seconds
[2025-10-14T06:06:18.308+0000] {processor.py:161} INFO - Started process (PID=49449) to work on /home/airflow/.local/lib/python3.8/site-packages/airflow/example_dags/example_xcom.py
[2025-10-14T06:06:18.309+0000] {processor.py:830} INFO - Processing file /home/airflow/.local/lib/python3.8/site-packages/airflow/example_dags/example_xcom.py for tasks to queue
[2025-10-14T06:06:18.311+0000] {logging_mixin.py:188} INFO - [2025-10-14T06:06:18.311+0000] {dagbag.py:538} INFO - Filling up the DagBag from /home/airflow/.local/lib/python3.8/site-packages/airflow/example_dags/example_xcom.py
[2025-10-14T06:06:18.323+0000] {processor.py:840} INFO - DAG(s) 'example_xcom' retrieved from /home/airflow/.local/lib/python3.8/site-packages/airflow/example_dags/example_xcom.py
[2025-10-14T06:06:18.357+0000] {logging_mixin.py:188} INFO - [2025-10-14T06:06:18.357+0000] {dag.py:3036} INFO - Sync 1 DAGs
[2025-10-14T06:06:18.389+0000] {logging_mixin.py:188} INFO - [2025-10-14T06:06:18.389+0000] {dag.py:3823} INFO - Setting next_dagrun for example_xcom to 2021-01-01 00:00:00+00:00, run_after=2021-01-01 00:00:00+00:00
[2025-10-14T06:06:18.417+0000] {processor.py:183} INFO - Processing /home/airflow/.local/lib/python3.8/site-packages/airflow/example_dags/example_xcom.py took 0.113 seconds
[2025-10-14T06:06:48.665+0000] {processor.py:161} INFO - Started process (PID=49519) to work on /home/airflow/.local/lib/python3.8/site-packages/airflow/example_dags/example_xcom.py
[2025-10-14T06:06:48.666+0000] {processor.py:830} INFO - Processing file /home/airflow/.local/lib/python3.8/site-packages/airflow/example_dags/example_xcom.py for tasks to queue
[2025-10-14T06:06:48.668+0000] {logging_mixin.py:188} INFO - [2025-10-14T06:06:48.667+0000] {dagbag.py:538} INFO - Filling up the DagBag from /home/airflow/.local/lib/python3.8/site-packages/airflow/example_dags/example_xcom.py
[2025-10-14T06:06:48.677+0000] {processor.py:840} INFO - DAG(s) 'example_xcom' retrieved from /home/airflow/.local/lib/python3.8/site-packages/airflow/example_dags/example_xcom.py
[2025-10-14T06:06:48.707+0000] {logging_mixin.py:188} INFO - [2025-10-14T06:06:48.707+0000] {dag.py:3036} INFO - Sync 1 DAGs
[2025-10-14T06:06:48.732+0000] {logging_mixin.py:188} INFO - [2025-10-14T06:06:48.731+0000] {dag.py:3823} INFO - Setting next_dagrun for example_xcom to 2021-01-01 00:00:00+00:00, run_after=2021-01-01 00:00:00+00:00
[2025-10-14T06:06:48.754+0000] {processor.py:183} INFO - Processing /home/airflow/.local/lib/python3.8/site-packages/airflow/example_dags/example_xcom.py took 0.093 seconds
[2025-10-14T06:07:18.948+0000] {processor.py:161} INFO - Started process (PID=49589) to work on /home/airflow/.local/lib/python3.8/site-packages/airflow/example_dags/example_xcom.py
[2025-10-14T06:07:18.949+0000] {processor.py:830} INFO - Processing file /home/airflow/.local/lib/python3.8/site-packages/airflow/example_dags/example_xcom.py for tasks to queue
[2025-10-14T06:07:18.950+0000] {logging_mixin.py:188} INFO - [2025-10-14T06:07:18.950+0000] {dagbag.py:538} INFO - Filling up the DagBag from /home/airflow/.local/lib/python3.8/site-packages/airflow/example_dags/example_xcom.py
[2025-10-14T06:07:18.960+0000] {processor.py:840} INFO - DAG(s) 'example_xcom' retrieved from /home/airflow/.local/lib/python3.8/site-packages/airflow/example_dags/example_xcom.py
[2025-10-14T06:07:18.992+0000] {logging_mixin.py:188} INFO - [2025-10-14T06:07:18.992+0000] {dag.py:3036} INFO - Sync 1 DAGs
[2025-10-14T06:07:19.019+0000] {logging_mixin.py:188} INFO - [2025-10-14T06:07:19.019+0000] {dag.py:3823} INFO - Setting next_dagrun for example_xcom to 2021-01-01 00:00:00+00:00, run_after=2021-01-01 00:00:00+00:00
[2025-10-14T06:07:19.044+0000] {processor.py:183} INFO - Processing /home/airflow/.local/lib/python3.8/site-packages/airflow/example_dags/example_xcom.py took 0.100 seconds
[2025-10-14T06:07:49.226+0000] {processor.py:161} INFO - Started process (PID=49659) to work on /home/airflow/.local/lib/python3.8/site-packages/airflow/example_dags/example_xcom.py
[2025-10-14T06:07:49.228+0000] {processor.py:830} INFO - Processing file /home/airflow/.local/lib/python3.8/site-packages/airflow/example_dags/example_xcom.py for tasks to queue
[2025-10-14T06:07:49.229+0000] {logging_mixin.py:188} INFO - [2025-10-14T06:07:49.229+0000] {dagbag.py:538} INFO - Filling up the DagBag from /home/airflow/.local/lib/python3.8/site-packages/airflow/example_dags/example_xcom.py
[2025-10-14T06:07:49.249+0000] {processor.py:840} INFO - DAG(s) 'example_xcom' retrieved from /home/airflow/.local/lib/python3.8/site-packages/airflow/example_dags/example_xcom.py
[2025-10-14T06:07:49.298+0000] {logging_mixin.py:188} INFO - [2025-10-14T06:07:49.297+0000] {dag.py:3036} INFO - Sync 1 DAGs
[2025-10-14T06:07:49.336+0000] {logging_mixin.py:188} INFO - [2025-10-14T06:07:49.336+0000] {dag.py:3823} INFO - Setting next_dagrun for example_xcom to 2021-01-01 00:00:00+00:00, run_after=2021-01-01 00:00:00+00:00
[2025-10-14T06:07:49.361+0000] {processor.py:183} INFO - Processing /home/airflow/.local/lib/python3.8/site-packages/airflow/example_dags/example_xcom.py took 0.141 seconds
[2025-10-14T06:08:19.502+0000] {processor.py:161} INFO - Started process (PID=49729) to work on /home/airflow/.local/lib/python3.8/site-packages/airflow/example_dags/example_xcom.py
[2025-10-14T06:08:19.503+0000] {processor.py:830} INFO - Processing file /home/airflow/.local/lib/python3.8/site-packages/airflow/example_dags/example_xcom.py for tasks to queue
[2025-10-14T06:08:19.505+0000] {logging_mixin.py:188} INFO - [2025-10-14T06:08:19.504+0000] {dagbag.py:538} INFO - Filling up the DagBag from /home/airflow/.local/lib/python3.8/site-packages/airflow/example_dags/example_xcom.py
[2025-10-14T06:08:19.517+0000] {processor.py:840} INFO - DAG(s) 'example_xcom' retrieved from /home/airflow/.local/lib/python3.8/site-packages/airflow/example_dags/example_xcom.py
[2025-10-14T06:08:19.554+0000] {logging_mixin.py:188} INFO - [2025-10-14T06:08:19.554+0000] {dag.py:3036} INFO - Sync 1 DAGs
[2025-10-14T06:08:19.583+0000] {logging_mixin.py:188} INFO - [2025-10-14T06:08:19.583+0000] {dag.py:3823} INFO - Setting next_dagrun for example_xcom to 2021-01-01 00:00:00+00:00, run_after=2021-01-01 00:00:00+00:00
[2025-10-14T06:08:19.620+0000] {processor.py:183} INFO - Processing /home/airflow/.local/lib/python3.8/site-packages/airflow/example_dags/example_xcom.py took 0.123 seconds
[2025-10-14T06:08:49.793+0000] {processor.py:161} INFO - Started process (PID=49800) to work on /home/airflow/.local/lib/python3.8/site-packages/airflow/example_dags/example_xcom.py
[2025-10-14T06:08:49.794+0000] {processor.py:830} INFO - Processing file /home/airflow/.local/lib/python3.8/site-packages/airflow/example_dags/example_xcom.py for tasks to queue
[2025-10-14T06:08:49.796+0000] {logging_mixin.py:188} INFO - [2025-10-14T06:08:49.795+0000] {dagbag.py:538} INFO - Filling up the DagBag from /home/airflow/.local/lib/python3.8/site-packages/airflow/example_dags/example_xcom.py
[2025-10-14T06:08:49.805+0000] {processor.py:840} INFO - DAG(s) 'example_xcom' retrieved from /home/airflow/.local/lib/python3.8/site-packages/airflow/example_dags/example_xcom.py
[2025-10-14T06:08:49.838+0000] {logging_mixin.py:188} INFO - [2025-10-14T06:08:49.838+0000] {dag.py:3036} INFO - Sync 1 DAGs
[2025-10-14T06:08:49.868+0000] {logging_mixin.py:188} INFO - [2025-10-14T06:08:49.868+0000] {dag.py:3823} INFO - Setting next_dagrun for example_xcom to 2021-01-01 00:00:00+00:00, run_after=2021-01-01 00:00:00+00:00
[2025-10-14T06:08:49.892+0000] {processor.py:183} INFO - Processing /home/airflow/.local/lib/python3.8/site-packages/airflow/example_dags/example_xcom.py took 0.103 seconds
[2025-10-14T06:09:20.046+0000] {processor.py:161} INFO - Started process (PID=49870) to work on /home/airflow/.local/lib/python3.8/site-packages/airflow/example_dags/example_xcom.py
[2025-10-14T06:09:20.047+0000] {processor.py:830} INFO - Processing file /home/airflow/.local/lib/python3.8/site-packages/airflow/example_dags/example_xcom.py for tasks to queue
[2025-10-14T06:09:20.048+0000] {logging_mixin.py:188} INFO - [2025-10-14T06:09:20.048+0000] {dagbag.py:538} INFO - Filling up the DagBag from /home/airflow/.local/lib/python3.8/site-packages/airflow/example_dags/example_xcom.py
[2025-10-14T06:09:20.060+0000] {processor.py:840} INFO - DAG(s) 'example_xcom' retrieved from /home/airflow/.local/lib/python3.8/site-packages/airflow/example_dags/example_xcom.py
[2025-10-14T06:09:20.095+0000] {logging_mixin.py:188} INFO - [2025-10-14T06:09:20.094+0000] {dag.py:3036} INFO - Sync 1 DAGs
[2025-10-14T06:09:20.129+0000] {logging_mixin.py:188} INFO - [2025-10-14T06:09:20.129+0000] {dag.py:3823} INFO - Setting next_dagrun for example_xcom to 2021-01-01 00:00:00+00:00, run_after=2021-01-01 00:00:00+00:00
[2025-10-14T06:09:20.163+0000] {processor.py:183} INFO - Processing /home/airflow/.local/lib/python3.8/site-packages/airflow/example_dags/example_xcom.py took 0.121 seconds
[2025-10-14T06:09:50.504+0000] {processor.py:161} INFO - Started process (PID=49939) to work on /home/airflow/.local/lib/python3.8/site-packages/airflow/example_dags/example_xcom.py
[2025-10-14T06:09:50.506+0000] {processor.py:830} INFO - Processing file /home/airflow/.local/lib/python3.8/site-packages/airflow/example_dags/example_xcom.py for tasks to queue
[2025-10-14T06:09:50.508+0000] {logging_mixin.py:188} INFO - [2025-10-14T06:09:50.507+0000] {dagbag.py:538} INFO - Filling up the DagBag from /home/airflow/.local/lib/python3.8/site-packages/airflow/example_dags/example_xcom.py
[2025-10-14T06:09:50.518+0000] {processor.py:840} INFO - DAG(s) 'example_xcom' retrieved from /home/airflow/.local/lib/python3.8/site-packages/airflow/example_dags/example_xcom.py
[2025-10-14T06:09:50.567+0000] {logging_mixin.py:188} INFO - [2025-10-14T06:09:50.567+0000] {dag.py:3036} INFO - Sync 1 DAGs
[2025-10-14T06:09:50.595+0000] {logging_mixin.py:188} INFO - [2025-10-14T06:09:50.595+0000] {dag.py:3823} INFO - Setting next_dagrun for example_xcom to 2021-01-01 00:00:00+00:00, run_after=2021-01-01 00:00:00+00:00
[2025-10-14T06:09:50.620+0000] {processor.py:183} INFO - Processing /home/airflow/.local/lib/python3.8/site-packages/airflow/example_dags/example_xcom.py took 0.121 seconds
[2025-10-14T06:10:21.416+0000] {processor.py:161} INFO - Started process (PID=50009) to work on /home/airflow/.local/lib/python3.8/site-packages/airflow/example_dags/example_xcom.py
[2025-10-14T06:10:21.418+0000] {processor.py:830} INFO - Processing file /home/airflow/.local/lib/python3.8/site-packages/airflow/example_dags/example_xcom.py for tasks to queue
[2025-10-14T06:10:21.421+0000] {logging_mixin.py:188} INFO - [2025-10-14T06:10:21.420+0000] {dagbag.py:538} INFO - Filling up the DagBag from /home/airflow/.local/lib/python3.8/site-packages/airflow/example_dags/example_xcom.py
[2025-10-14T06:10:21.435+0000] {processor.py:840} INFO - DAG(s) 'example_xcom' retrieved from /home/airflow/.local/lib/python3.8/site-packages/airflow/example_dags/example_xcom.py
[2025-10-14T06:10:21.474+0000] {logging_mixin.py:188} INFO - [2025-10-14T06:10:21.474+0000] {dag.py:3036} INFO - Sync 1 DAGs
[2025-10-14T06:10:21.510+0000] {logging_mixin.py:188} INFO - [2025-10-14T06:10:21.510+0000] {dag.py:3823} INFO - Setting next_dagrun for example_xcom to 2021-01-01 00:00:00+00:00, run_after=2021-01-01 00:00:00+00:00
[2025-10-14T06:10:21.537+0000] {processor.py:183} INFO - Processing /home/airflow/.local/lib/python3.8/site-packages/airflow/example_dags/example_xcom.py took 0.127 seconds
[2025-10-14T06:10:52.105+0000] {processor.py:161} INFO - Started process (PID=50079) to work on /home/airflow/.local/lib/python3.8/site-packages/airflow/example_dags/example_xcom.py
[2025-10-14T06:10:52.107+0000] {processor.py:830} INFO - Processing file /home/airflow/.local/lib/python3.8/site-packages/airflow/example_dags/example_xcom.py for tasks to queue
[2025-10-14T06:10:52.109+0000] {logging_mixin.py:188} INFO - [2025-10-14T06:10:52.108+0000] {dagbag.py:538} INFO - Filling up the DagBag from /home/airflow/.local/lib/python3.8/site-packages/airflow/example_dags/example_xcom.py
[2025-10-14T06:10:52.121+0000] {processor.py:840} INFO - DAG(s) 'example_xcom' retrieved from /home/airflow/.local/lib/python3.8/site-packages/airflow/example_dags/example_xcom.py
[2025-10-14T06:10:52.157+0000] {logging_mixin.py:188} INFO - [2025-10-14T06:10:52.157+0000] {dag.py:3036} INFO - Sync 1 DAGs
[2025-10-14T06:10:52.190+0000] {logging_mixin.py:188} INFO - [2025-10-14T06:10:52.190+0000] {dag.py:3823} INFO - Setting next_dagrun for example_xcom to 2021-01-01 00:00:00+00:00, run_after=2021-01-01 00:00:00+00:00
[2025-10-14T06:10:52.215+0000] {processor.py:183} INFO - Processing /home/airflow/.local/lib/python3.8/site-packages/airflow/example_dags/example_xcom.py took 0.116 seconds
[2025-10-14T06:11:22.807+0000] {processor.py:161} INFO - Started process (PID=50148) to work on /home/airflow/.local/lib/python3.8/site-packages/airflow/example_dags/example_xcom.py
[2025-10-14T06:11:22.808+0000] {processor.py:830} INFO - Processing file /home/airflow/.local/lib/python3.8/site-packages/airflow/example_dags/example_xcom.py for tasks to queue
[2025-10-14T06:11:22.809+0000] {logging_mixin.py:188} INFO - [2025-10-14T06:11:22.809+0000] {dagbag.py:538} INFO - Filling up the DagBag from /home/airflow/.local/lib/python3.8/site-packages/airflow/example_dags/example_xcom.py
[2025-10-14T06:11:22.820+0000] {processor.py:840} INFO - DAG(s) 'example_xcom' retrieved from /home/airflow/.local/lib/python3.8/site-packages/airflow/example_dags/example_xcom.py
[2025-10-14T06:11:22.853+0000] {logging_mixin.py:188} INFO - [2025-10-14T06:11:22.853+0000] {dag.py:3036} INFO - Sync 1 DAGs
[2025-10-14T06:11:22.884+0000] {logging_mixin.py:188} INFO - [2025-10-14T06:11:22.884+0000] {dag.py:3823} INFO - Setting next_dagrun for example_xcom to 2021-01-01 00:00:00+00:00, run_after=2021-01-01 00:00:00+00:00
[2025-10-14T06:11:22.909+0000] {processor.py:183} INFO - Processing /home/airflow/.local/lib/python3.8/site-packages/airflow/example_dags/example_xcom.py took 0.108 seconds
[2025-10-14T06:11:53.159+0000] {processor.py:161} INFO - Started process (PID=50218) to work on /home/airflow/.local/lib/python3.8/site-packages/airflow/example_dags/example_xcom.py
[2025-10-14T06:11:53.161+0000] {processor.py:830} INFO - Processing file /home/airflow/.local/lib/python3.8/site-packages/airflow/example_dags/example_xcom.py for tasks to queue
[2025-10-14T06:11:53.163+0000] {logging_mixin.py:188} INFO - [2025-10-14T06:11:53.162+0000] {dagbag.py:538} INFO - Filling up the DagBag from /home/airflow/.local/lib/python3.8/site-packages/airflow/example_dags/example_xcom.py
[2025-10-14T06:11:53.176+0000] {processor.py:840} INFO - DAG(s) 'example_xcom' retrieved from /home/airflow/.local/lib/python3.8/site-packages/airflow/example_dags/example_xcom.py
[2025-10-14T06:11:53.212+0000] {logging_mixin.py:188} INFO - [2025-10-14T06:11:53.212+0000] {dag.py:3036} INFO - Sync 1 DAGs
[2025-10-14T06:11:53.237+0000] {logging_mixin.py:188} INFO - [2025-10-14T06:11:53.237+0000] {dag.py:3823} INFO - Setting next_dagrun for example_xcom to 2021-01-01 00:00:00+00:00, run_after=2021-01-01 00:00:00+00:00
[2025-10-14T06:11:53.260+0000] {processor.py:183} INFO - Processing /home/airflow/.local/lib/python3.8/site-packages/airflow/example_dags/example_xcom.py took 0.106 seconds
[2025-10-14T06:12:23.568+0000] {processor.py:161} INFO - Started process (PID=50288) to work on /home/airflow/.local/lib/python3.8/site-packages/airflow/example_dags/example_xcom.py
[2025-10-14T06:12:23.570+0000] {processor.py:830} INFO - Processing file /home/airflow/.local/lib/python3.8/site-packages/airflow/example_dags/example_xcom.py for tasks to queue
[2025-10-14T06:12:23.571+0000] {logging_mixin.py:188} INFO - [2025-10-14T06:12:23.571+0000] {dagbag.py:538} INFO - Filling up the DagBag from /home/airflow/.local/lib/python3.8/site-packages/airflow/example_dags/example_xcom.py
[2025-10-14T06:12:23.580+0000] {processor.py:840} INFO - DAG(s) 'example_xcom' retrieved from /home/airflow/.local/lib/python3.8/site-packages/airflow/example_dags/example_xcom.py
[2025-10-14T06:12:23.609+0000] {logging_mixin.py:188} INFO - [2025-10-14T06:12:23.608+0000] {dag.py:3036} INFO - Sync 1 DAGs
[2025-10-14T06:12:23.637+0000] {logging_mixin.py:188} INFO - [2025-10-14T06:12:23.636+0000] {dag.py:3823} INFO - Setting next_dagrun for example_xcom to 2021-01-01 00:00:00+00:00, run_after=2021-01-01 00:00:00+00:00
[2025-10-14T06:12:23.688+0000] {processor.py:183} INFO - Processing /home/airflow/.local/lib/python3.8/site-packages/airflow/example_dags/example_xcom.py took 0.124 seconds
[2025-10-14T06:12:54.313+0000] {processor.py:161} INFO - Started process (PID=50358) to work on /home/airflow/.local/lib/python3.8/site-packages/airflow/example_dags/example_xcom.py
[2025-10-14T06:12:54.315+0000] {processor.py:830} INFO - Processing file /home/airflow/.local/lib/python3.8/site-packages/airflow/example_dags/example_xcom.py for tasks to queue
[2025-10-14T06:12:54.316+0000] {logging_mixin.py:188} INFO - [2025-10-14T06:12:54.316+0000] {dagbag.py:538} INFO - Filling up the DagBag from /home/airflow/.local/lib/python3.8/site-packages/airflow/example_dags/example_xcom.py
[2025-10-14T06:12:54.326+0000] {processor.py:840} INFO - DAG(s) 'example_xcom' retrieved from /home/airflow/.local/lib/python3.8/site-packages/airflow/example_dags/example_xcom.py
[2025-10-14T06:12:54.360+0000] {logging_mixin.py:188} INFO - [2025-10-14T06:12:54.359+0000] {dag.py:3036} INFO - Sync 1 DAGs
[2025-10-14T06:12:54.389+0000] {logging_mixin.py:188} INFO - [2025-10-14T06:12:54.389+0000] {dag.py:3823} INFO - Setting next_dagrun for example_xcom to 2021-01-01 00:00:00+00:00, run_after=2021-01-01 00:00:00+00:00
[2025-10-14T06:12:54.414+0000] {processor.py:183} INFO - Processing /home/airflow/.local/lib/python3.8/site-packages/airflow/example_dags/example_xcom.py took 0.105 seconds
[2025-10-14T06:13:25.330+0000] {processor.py:161} INFO - Started process (PID=50427) to work on /home/airflow/.local/lib/python3.8/site-packages/airflow/example_dags/example_xcom.py
[2025-10-14T06:13:25.331+0000] {processor.py:830} INFO - Processing file /home/airflow/.local/lib/python3.8/site-packages/airflow/example_dags/example_xcom.py for tasks to queue
[2025-10-14T06:13:25.333+0000] {logging_mixin.py:188} INFO - [2025-10-14T06:13:25.332+0000] {dagbag.py:538} INFO - Filling up the DagBag from /home/airflow/.local/lib/python3.8/site-packages/airflow/example_dags/example_xcom.py
[2025-10-14T06:13:25.344+0000] {processor.py:840} INFO - DAG(s) 'example_xcom' retrieved from /home/airflow/.local/lib/python3.8/site-packages/airflow/example_dags/example_xcom.py
[2025-10-14T06:13:25.378+0000] {logging_mixin.py:188} INFO - [2025-10-14T06:13:25.378+0000] {dag.py:3036} INFO - Sync 1 DAGs
[2025-10-14T06:13:25.411+0000] {logging_mixin.py:188} INFO - [2025-10-14T06:13:25.411+0000] {dag.py:3823} INFO - Setting next_dagrun for example_xcom to 2021-01-01 00:00:00+00:00, run_after=2021-01-01 00:00:00+00:00
[2025-10-14T06:13:25.447+0000] {processor.py:183} INFO - Processing /home/airflow/.local/lib/python3.8/site-packages/airflow/example_dags/example_xcom.py took 0.121 seconds
[2025-10-14T06:13:57.327+0000] {processor.py:161} INFO - Started process (PID=50498) to work on /home/airflow/.local/lib/python3.8/site-packages/airflow/example_dags/example_xcom.py
[2025-10-14T06:13:57.328+0000] {processor.py:830} INFO - Processing file /home/airflow/.local/lib/python3.8/site-packages/airflow/example_dags/example_xcom.py for tasks to queue
[2025-10-14T06:13:57.330+0000] {logging_mixin.py:188} INFO - [2025-10-14T06:13:57.330+0000] {dagbag.py:538} INFO - Filling up the DagBag from /home/airflow/.local/lib/python3.8/site-packages/airflow/example_dags/example_xcom.py
[2025-10-14T06:13:57.352+0000] {processor.py:840} INFO - DAG(s) 'example_xcom' retrieved from /home/airflow/.local/lib/python3.8/site-packages/airflow/example_dags/example_xcom.py
[2025-10-14T06:13:57.415+0000] {logging_mixin.py:188} INFO - [2025-10-14T06:13:57.415+0000] {dag.py:3036} INFO - Sync 1 DAGs
[2025-10-14T06:13:57.460+0000] {logging_mixin.py:188} INFO - [2025-10-14T06:13:57.459+0000] {dag.py:3823} INFO - Setting next_dagrun for example_xcom to 2021-01-01 00:00:00+00:00, run_after=2021-01-01 00:00:00+00:00
[2025-10-14T06:13:57.488+0000] {processor.py:183} INFO - Processing /home/airflow/.local/lib/python3.8/site-packages/airflow/example_dags/example_xcom.py took 0.166 seconds
[2025-10-14T06:14:28.403+0000] {processor.py:161} INFO - Started process (PID=50568) to work on /home/airflow/.local/lib/python3.8/site-packages/airflow/example_dags/example_xcom.py
[2025-10-14T06:14:28.405+0000] {processor.py:830} INFO - Processing file /home/airflow/.local/lib/python3.8/site-packages/airflow/example_dags/example_xcom.py for tasks to queue
[2025-10-14T06:14:28.406+0000] {logging_mixin.py:188} INFO - [2025-10-14T06:14:28.406+0000] {dagbag.py:538} INFO - Filling up the DagBag from /home/airflow/.local/lib/python3.8/site-packages/airflow/example_dags/example_xcom.py
[2025-10-14T06:14:28.418+0000] {processor.py:840} INFO - DAG(s) 'example_xcom' retrieved from /home/airflow/.local/lib/python3.8/site-packages/airflow/example_dags/example_xcom.py
[2025-10-14T06:14:28.453+0000] {logging_mixin.py:188} INFO - [2025-10-14T06:14:28.453+0000] {dag.py:3036} INFO - Sync 1 DAGs
[2025-10-14T06:14:28.481+0000] {logging_mixin.py:188} INFO - [2025-10-14T06:14:28.480+0000] {dag.py:3823} INFO - Setting next_dagrun for example_xcom to 2021-01-01 00:00:00+00:00, run_after=2021-01-01 00:00:00+00:00
[2025-10-14T06:14:28.508+0000] {processor.py:183} INFO - Processing /home/airflow/.local/lib/python3.8/site-packages/airflow/example_dags/example_xcom.py took 0.109 seconds
[2025-10-14T06:14:58.914+0000] {processor.py:161} INFO - Started process (PID=50638) to work on /home/airflow/.local/lib/python3.8/site-packages/airflow/example_dags/example_xcom.py
[2025-10-14T06:14:58.915+0000] {processor.py:830} INFO - Processing file /home/airflow/.local/lib/python3.8/site-packages/airflow/example_dags/example_xcom.py for tasks to queue
[2025-10-14T06:14:58.917+0000] {logging_mixin.py:188} INFO - [2025-10-14T06:14:58.916+0000] {dagbag.py:538} INFO - Filling up the DagBag from /home/airflow/.local/lib/python3.8/site-packages/airflow/example_dags/example_xcom.py
[2025-10-14T06:14:58.925+0000] {processor.py:840} INFO - DAG(s) 'example_xcom' retrieved from /home/airflow/.local/lib/python3.8/site-packages/airflow/example_dags/example_xcom.py
[2025-10-14T06:14:58.955+0000] {logging_mixin.py:188} INFO - [2025-10-14T06:14:58.955+0000] {dag.py:3036} INFO - Sync 1 DAGs
[2025-10-14T06:14:58.983+0000] {logging_mixin.py:188} INFO - [2025-10-14T06:14:58.983+0000] {dag.py:3823} INFO - Setting next_dagrun for example_xcom to 2021-01-01 00:00:00+00:00, run_after=2021-01-01 00:00:00+00:00
[2025-10-14T06:14:59.006+0000] {processor.py:183} INFO - Processing /home/airflow/.local/lib/python3.8/site-packages/airflow/example_dags/example_xcom.py took 0.095 seconds
[2025-10-14T06:15:29.645+0000] {processor.py:161} INFO - Started process (PID=50704) to work on /home/airflow/.local/lib/python3.8/site-packages/airflow/example_dags/example_xcom.py
[2025-10-14T06:15:29.646+0000] {processor.py:830} INFO - Processing file /home/airflow/.local/lib/python3.8/site-packages/airflow/example_dags/example_xcom.py for tasks to queue
[2025-10-14T06:15:29.647+0000] {logging_mixin.py:188} INFO - [2025-10-14T06:15:29.647+0000] {dagbag.py:538} INFO - Filling up the DagBag from /home/airflow/.local/lib/python3.8/site-packages/airflow/example_dags/example_xcom.py
[2025-10-14T06:15:29.656+0000] {processor.py:840} INFO - DAG(s) 'example_xcom' retrieved from /home/airflow/.local/lib/python3.8/site-packages/airflow/example_dags/example_xcom.py
[2025-10-14T06:15:29.686+0000] {logging_mixin.py:188} INFO - [2025-10-14T06:15:29.686+0000] {dag.py:3036} INFO - Sync 1 DAGs
[2025-10-14T06:15:29.713+0000] {logging_mixin.py:188} INFO - [2025-10-14T06:15:29.713+0000] {dag.py:3823} INFO - Setting next_dagrun for example_xcom to 2021-01-01 00:00:00+00:00, run_after=2021-01-01 00:00:00+00:00
[2025-10-14T06:15:29.736+0000] {processor.py:183} INFO - Processing /home/airflow/.local/lib/python3.8/site-packages/airflow/example_dags/example_xcom.py took 0.095 seconds
[2025-10-14T06:16:00.459+0000] {processor.py:161} INFO - Started process (PID=50770) to work on /home/airflow/.local/lib/python3.8/site-packages/airflow/example_dags/example_xcom.py
[2025-10-14T06:16:00.461+0000] {processor.py:830} INFO - Processing file /home/airflow/.local/lib/python3.8/site-packages/airflow/example_dags/example_xcom.py for tasks to queue
[2025-10-14T06:16:00.462+0000] {logging_mixin.py:188} INFO - [2025-10-14T06:16:00.462+0000] {dagbag.py:538} INFO - Filling up the DagBag from /home/airflow/.local/lib/python3.8/site-packages/airflow/example_dags/example_xcom.py
[2025-10-14T06:16:00.473+0000] {processor.py:840} INFO - DAG(s) 'example_xcom' retrieved from /home/airflow/.local/lib/python3.8/site-packages/airflow/example_dags/example_xcom.py
[2025-10-14T06:16:00.507+0000] {logging_mixin.py:188} INFO - [2025-10-14T06:16:00.507+0000] {dag.py:3036} INFO - Sync 1 DAGs
[2025-10-14T06:16:00.535+0000] {logging_mixin.py:188} INFO - [2025-10-14T06:16:00.534+0000] {dag.py:3823} INFO - Setting next_dagrun for example_xcom to 2021-01-01 00:00:00+00:00, run_after=2021-01-01 00:00:00+00:00
[2025-10-14T06:16:00.571+0000] {processor.py:183} INFO - Processing /home/airflow/.local/lib/python3.8/site-packages/airflow/example_dags/example_xcom.py took 0.116 seconds
[2025-10-14T06:16:30.769+0000] {processor.py:161} INFO - Started process (PID=50840) to work on /home/airflow/.local/lib/python3.8/site-packages/airflow/example_dags/example_xcom.py
[2025-10-14T06:16:30.771+0000] {processor.py:830} INFO - Processing file /home/airflow/.local/lib/python3.8/site-packages/airflow/example_dags/example_xcom.py for tasks to queue
[2025-10-14T06:16:30.772+0000] {logging_mixin.py:188} INFO - [2025-10-14T06:16:30.772+0000] {dagbag.py:538} INFO - Filling up the DagBag from /home/airflow/.local/lib/python3.8/site-packages/airflow/example_dags/example_xcom.py
[2025-10-14T06:16:30.782+0000] {processor.py:840} INFO - DAG(s) 'example_xcom' retrieved from /home/airflow/.local/lib/python3.8/site-packages/airflow/example_dags/example_xcom.py
[2025-10-14T06:16:30.813+0000] {logging_mixin.py:188} INFO - [2025-10-14T06:16:30.813+0000] {dag.py:3036} INFO - Sync 1 DAGs
[2025-10-14T06:16:30.838+0000] {logging_mixin.py:188} INFO - [2025-10-14T06:16:30.838+0000] {dag.py:3823} INFO - Setting next_dagrun for example_xcom to 2021-01-01 00:00:00+00:00, run_after=2021-01-01 00:00:00+00:00
[2025-10-14T06:16:30.861+0000] {processor.py:183} INFO - Processing /home/airflow/.local/lib/python3.8/site-packages/airflow/example_dags/example_xcom.py took 0.096 seconds
[2025-10-14T06:17:01.466+0000] {processor.py:161} INFO - Started process (PID=50906) to work on /home/airflow/.local/lib/python3.8/site-packages/airflow/example_dags/example_xcom.py
[2025-10-14T06:17:01.467+0000] {processor.py:830} INFO - Processing file /home/airflow/.local/lib/python3.8/site-packages/airflow/example_dags/example_xcom.py for tasks to queue
[2025-10-14T06:17:01.468+0000] {logging_mixin.py:188} INFO - [2025-10-14T06:17:01.468+0000] {dagbag.py:538} INFO - Filling up the DagBag from /home/airflow/.local/lib/python3.8/site-packages/airflow/example_dags/example_xcom.py
[2025-10-14T06:17:01.477+0000] {processor.py:840} INFO - DAG(s) 'example_xcom' retrieved from /home/airflow/.local/lib/python3.8/site-packages/airflow/example_dags/example_xcom.py
[2025-10-14T06:17:01.510+0000] {logging_mixin.py:188} INFO - [2025-10-14T06:17:01.510+0000] {dag.py:3036} INFO - Sync 1 DAGs
[2025-10-14T06:17:01.553+0000] {logging_mixin.py:188} INFO - [2025-10-14T06:17:01.553+0000] {dag.py:3823} INFO - Setting next_dagrun for example_xcom to 2021-01-01 00:00:00+00:00, run_after=2021-01-01 00:00:00+00:00
[2025-10-14T06:17:01.582+0000] {processor.py:183} INFO - Processing /home/airflow/.local/lib/python3.8/site-packages/airflow/example_dags/example_xcom.py took 0.120 seconds
[2025-10-14T06:17:33.852+0000] {processor.py:161} INFO - Started process (PID=50976) to work on /home/airflow/.local/lib/python3.8/site-packages/airflow/example_dags/example_xcom.py
[2025-10-14T06:17:33.854+0000] {processor.py:830} INFO - Processing file /home/airflow/.local/lib/python3.8/site-packages/airflow/example_dags/example_xcom.py for tasks to queue
[2025-10-14T06:17:33.856+0000] {logging_mixin.py:188} INFO - [2025-10-14T06:17:33.855+0000] {dagbag.py:538} INFO - Filling up the DagBag from /home/airflow/.local/lib/python3.8/site-packages/airflow/example_dags/example_xcom.py
[2025-10-14T06:17:33.872+0000] {processor.py:840} INFO - DAG(s) 'example_xcom' retrieved from /home/airflow/.local/lib/python3.8/site-packages/airflow/example_dags/example_xcom.py
[2025-10-14T06:17:33.925+0000] {logging_mixin.py:188} INFO - [2025-10-14T06:17:33.924+0000] {dag.py:3036} INFO - Sync 1 DAGs
[2025-10-14T06:17:33.965+0000] {logging_mixin.py:188} INFO - [2025-10-14T06:17:33.964+0000] {dag.py:3823} INFO - Setting next_dagrun for example_xcom to 2021-01-01 00:00:00+00:00, run_after=2021-01-01 00:00:00+00:00
[2025-10-14T06:17:33.997+0000] {processor.py:183} INFO - Processing /home/airflow/.local/lib/python3.8/site-packages/airflow/example_dags/example_xcom.py took 0.153 seconds
[2025-10-14T06:18:04.431+0000] {processor.py:161} INFO - Started process (PID=51045) to work on /home/airflow/.local/lib/python3.8/site-packages/airflow/example_dags/example_xcom.py
[2025-10-14T06:18:04.433+0000] {processor.py:830} INFO - Processing file /home/airflow/.local/lib/python3.8/site-packages/airflow/example_dags/example_xcom.py for tasks to queue
[2025-10-14T06:18:04.435+0000] {logging_mixin.py:188} INFO - [2025-10-14T06:18:04.435+0000] {dagbag.py:538} INFO - Filling up the DagBag from /home/airflow/.local/lib/python3.8/site-packages/airflow/example_dags/example_xcom.py
[2025-10-14T06:18:04.448+0000] {processor.py:840} INFO - DAG(s) 'example_xcom' retrieved from /home/airflow/.local/lib/python3.8/site-packages/airflow/example_dags/example_xcom.py
[2025-10-14T06:18:04.484+0000] {logging_mixin.py:188} INFO - [2025-10-14T06:18:04.484+0000] {dag.py:3036} INFO - Sync 1 DAGs
[2025-10-14T06:18:04.519+0000] {logging_mixin.py:188} INFO - [2025-10-14T06:18:04.518+0000] {dag.py:3823} INFO - Setting next_dagrun for example_xcom to 2021-01-01 00:00:00+00:00, run_after=2021-01-01 00:00:00+00:00
[2025-10-14T06:18:04.552+0000] {processor.py:183} INFO - Processing /home/airflow/.local/lib/python3.8/site-packages/airflow/example_dags/example_xcom.py took 0.126 seconds
[2025-10-14T06:18:36.698+0000] {processor.py:161} INFO - Started process (PID=51116) to work on /home/airflow/.local/lib/python3.8/site-packages/airflow/example_dags/example_xcom.py
[2025-10-14T06:18:36.700+0000] {processor.py:830} INFO - Processing file /home/airflow/.local/lib/python3.8/site-packages/airflow/example_dags/example_xcom.py for tasks to queue
[2025-10-14T06:18:36.701+0000] {logging_mixin.py:188} INFO - [2025-10-14T06:18:36.701+0000] {dagbag.py:538} INFO - Filling up the DagBag from /home/airflow/.local/lib/python3.8/site-packages/airflow/example_dags/example_xcom.py
[2025-10-14T06:18:36.712+0000] {processor.py:840} INFO - DAG(s) 'example_xcom' retrieved from /home/airflow/.local/lib/python3.8/site-packages/airflow/example_dags/example_xcom.py
[2025-10-14T06:18:36.746+0000] {logging_mixin.py:188} INFO - [2025-10-14T06:18:36.746+0000] {dag.py:3036} INFO - Sync 1 DAGs
[2025-10-14T06:18:36.778+0000] {logging_mixin.py:188} INFO - [2025-10-14T06:18:36.778+0000] {dag.py:3823} INFO - Setting next_dagrun for example_xcom to 2021-01-01 00:00:00+00:00, run_after=2021-01-01 00:00:00+00:00
[2025-10-14T06:18:36.808+0000] {processor.py:183} INFO - Processing /home/airflow/.local/lib/python3.8/site-packages/airflow/example_dags/example_xcom.py took 0.114 seconds
[2025-10-14T06:19:07.266+0000] {processor.py:161} INFO - Started process (PID=51186) to work on /home/airflow/.local/lib/python3.8/site-packages/airflow/example_dags/example_xcom.py
[2025-10-14T06:19:07.268+0000] {processor.py:830} INFO - Processing file /home/airflow/.local/lib/python3.8/site-packages/airflow/example_dags/example_xcom.py for tasks to queue
[2025-10-14T06:19:07.270+0000] {logging_mixin.py:188} INFO - [2025-10-14T06:19:07.269+0000] {dagbag.py:538} INFO - Filling up the DagBag from /home/airflow/.local/lib/python3.8/site-packages/airflow/example_dags/example_xcom.py
[2025-10-14T06:19:07.279+0000] {processor.py:840} INFO - DAG(s) 'example_xcom' retrieved from /home/airflow/.local/lib/python3.8/site-packages/airflow/example_dags/example_xcom.py
[2025-10-14T06:19:07.310+0000] {logging_mixin.py:188} INFO - [2025-10-14T06:19:07.309+0000] {dag.py:3036} INFO - Sync 1 DAGs
[2025-10-14T06:19:07.335+0000] {logging_mixin.py:188} INFO - [2025-10-14T06:19:07.334+0000] {dag.py:3823} INFO - Setting next_dagrun for example_xcom to 2021-01-01 00:00:00+00:00, run_after=2021-01-01 00:00:00+00:00
[2025-10-14T06:19:07.358+0000] {processor.py:183} INFO - Processing /home/airflow/.local/lib/python3.8/site-packages/airflow/example_dags/example_xcom.py took 0.096 seconds
[2025-10-14T06:19:37.801+0000] {processor.py:161} INFO - Started process (PID=51256) to work on /home/airflow/.local/lib/python3.8/site-packages/airflow/example_dags/example_xcom.py
[2025-10-14T06:19:37.803+0000] {processor.py:830} INFO - Processing file /home/airflow/.local/lib/python3.8/site-packages/airflow/example_dags/example_xcom.py for tasks to queue
[2025-10-14T06:19:37.804+0000] {logging_mixin.py:188} INFO - [2025-10-14T06:19:37.804+0000] {dagbag.py:538} INFO - Filling up the DagBag from /home/airflow/.local/lib/python3.8/site-packages/airflow/example_dags/example_xcom.py
[2025-10-14T06:19:37.814+0000] {processor.py:840} INFO - DAG(s) 'example_xcom' retrieved from /home/airflow/.local/lib/python3.8/site-packages/airflow/example_dags/example_xcom.py
[2025-10-14T06:19:37.851+0000] {logging_mixin.py:188} INFO - [2025-10-14T06:19:37.851+0000] {dag.py:3036} INFO - Sync 1 DAGs
[2025-10-14T06:19:37.880+0000] {logging_mixin.py:188} INFO - [2025-10-14T06:19:37.880+0000] {dag.py:3823} INFO - Setting next_dagrun for example_xcom to 2021-01-01 00:00:00+00:00, run_after=2021-01-01 00:00:00+00:00
[2025-10-14T06:19:37.905+0000] {processor.py:183} INFO - Processing /home/airflow/.local/lib/python3.8/site-packages/airflow/example_dags/example_xcom.py took 0.108 seconds
[2025-10-14T06:20:08.519+0000] {processor.py:161} INFO - Started process (PID=51326) to work on /home/airflow/.local/lib/python3.8/site-packages/airflow/example_dags/example_xcom.py
[2025-10-14T06:20:08.521+0000] {processor.py:830} INFO - Processing file /home/airflow/.local/lib/python3.8/site-packages/airflow/example_dags/example_xcom.py for tasks to queue
[2025-10-14T06:20:08.522+0000] {logging_mixin.py:188} INFO - [2025-10-14T06:20:08.522+0000] {dagbag.py:538} INFO - Filling up the DagBag from /home/airflow/.local/lib/python3.8/site-packages/airflow/example_dags/example_xcom.py
[2025-10-14T06:20:08.532+0000] {processor.py:840} INFO - DAG(s) 'example_xcom' retrieved from /home/airflow/.local/lib/python3.8/site-packages/airflow/example_dags/example_xcom.py
[2025-10-14T06:20:08.573+0000] {logging_mixin.py:188} INFO - [2025-10-14T06:20:08.572+0000] {dag.py:3036} INFO - Sync 1 DAGs
[2025-10-14T06:20:08.629+0000] {logging_mixin.py:188} INFO - [2025-10-14T06:20:08.628+0000] {dag.py:3823} INFO - Setting next_dagrun for example_xcom to 2021-01-01 00:00:00+00:00, run_after=2021-01-01 00:00:00+00:00
[2025-10-14T06:20:08.683+0000] {processor.py:183} INFO - Processing /home/airflow/.local/lib/python3.8/site-packages/airflow/example_dags/example_xcom.py took 0.168 seconds
[2025-10-14T06:20:39.120+0000] {processor.py:161} INFO - Started process (PID=51396) to work on /home/airflow/.local/lib/python3.8/site-packages/airflow/example_dags/example_xcom.py
[2025-10-14T06:20:39.121+0000] {processor.py:830} INFO - Processing file /home/airflow/.local/lib/python3.8/site-packages/airflow/example_dags/example_xcom.py for tasks to queue
[2025-10-14T06:20:39.122+0000] {logging_mixin.py:188} INFO - [2025-10-14T06:20:39.122+0000] {dagbag.py:538} INFO - Filling up the DagBag from /home/airflow/.local/lib/python3.8/site-packages/airflow/example_dags/example_xcom.py
[2025-10-14T06:20:39.131+0000] {processor.py:840} INFO - DAG(s) 'example_xcom' retrieved from /home/airflow/.local/lib/python3.8/site-packages/airflow/example_dags/example_xcom.py
[2025-10-14T06:20:39.161+0000] {logging_mixin.py:188} INFO - [2025-10-14T06:20:39.160+0000] {dag.py:3036} INFO - Sync 1 DAGs
[2025-10-14T06:20:39.187+0000] {logging_mixin.py:188} INFO - [2025-10-14T06:20:39.186+0000] {dag.py:3823} INFO - Setting next_dagrun for example_xcom to 2021-01-01 00:00:00+00:00, run_after=2021-01-01 00:00:00+00:00
[2025-10-14T06:20:39.210+0000] {processor.py:183} INFO - Processing /home/airflow/.local/lib/python3.8/site-packages/airflow/example_dags/example_xcom.py took 0.095 seconds
[2025-10-14T06:21:09.894+0000] {processor.py:161} INFO - Started process (PID=51466) to work on /home/airflow/.local/lib/python3.8/site-packages/airflow/example_dags/example_xcom.py
[2025-10-14T06:21:09.896+0000] {processor.py:830} INFO - Processing file /home/airflow/.local/lib/python3.8/site-packages/airflow/example_dags/example_xcom.py for tasks to queue
[2025-10-14T06:21:09.897+0000] {logging_mixin.py:188} INFO - [2025-10-14T06:21:09.897+0000] {dagbag.py:538} INFO - Filling up the DagBag from /home/airflow/.local/lib/python3.8/site-packages/airflow/example_dags/example_xcom.py
[2025-10-14T06:21:09.906+0000] {processor.py:840} INFO - DAG(s) 'example_xcom' retrieved from /home/airflow/.local/lib/python3.8/site-packages/airflow/example_dags/example_xcom.py
[2025-10-14T06:21:09.939+0000] {logging_mixin.py:188} INFO - [2025-10-14T06:21:09.939+0000] {dag.py:3036} INFO - Sync 1 DAGs
[2025-10-14T06:21:09.965+0000] {logging_mixin.py:188} INFO - [2025-10-14T06:21:09.965+0000] {dag.py:3823} INFO - Setting next_dagrun for example_xcom to 2021-01-01 00:00:00+00:00, run_after=2021-01-01 00:00:00+00:00
[2025-10-14T06:21:09.988+0000] {processor.py:183} INFO - Processing /home/airflow/.local/lib/python3.8/site-packages/airflow/example_dags/example_xcom.py took 0.098 seconds
[2025-10-14T06:21:40.175+0000] {processor.py:161} INFO - Started process (PID=51534) to work on /home/airflow/.local/lib/python3.8/site-packages/airflow/example_dags/example_xcom.py
[2025-10-14T06:21:40.177+0000] {processor.py:830} INFO - Processing file /home/airflow/.local/lib/python3.8/site-packages/airflow/example_dags/example_xcom.py for tasks to queue
[2025-10-14T06:21:40.178+0000] {logging_mixin.py:188} INFO - [2025-10-14T06:21:40.178+0000] {dagbag.py:538} INFO - Filling up the DagBag from /home/airflow/.local/lib/python3.8/site-packages/airflow/example_dags/example_xcom.py
[2025-10-14T06:21:40.187+0000] {processor.py:840} INFO - DAG(s) 'example_xcom' retrieved from /home/airflow/.local/lib/python3.8/site-packages/airflow/example_dags/example_xcom.py
[2025-10-14T06:21:40.217+0000] {logging_mixin.py:188} INFO - [2025-10-14T06:21:40.217+0000] {dag.py:3036} INFO - Sync 1 DAGs
[2025-10-14T06:21:40.242+0000] {logging_mixin.py:188} INFO - [2025-10-14T06:21:40.241+0000] {dag.py:3823} INFO - Setting next_dagrun for example_xcom to 2021-01-01 00:00:00+00:00, run_after=2021-01-01 00:00:00+00:00
[2025-10-14T06:21:40.266+0000] {processor.py:183} INFO - Processing /home/airflow/.local/lib/python3.8/site-packages/airflow/example_dags/example_xcom.py took 0.095 seconds
[2025-10-14T06:22:10.832+0000] {processor.py:161} INFO - Started process (PID=51604) to work on /home/airflow/.local/lib/python3.8/site-packages/airflow/example_dags/example_xcom.py
[2025-10-14T06:22:10.833+0000] {processor.py:830} INFO - Processing file /home/airflow/.local/lib/python3.8/site-packages/airflow/example_dags/example_xcom.py for tasks to queue
[2025-10-14T06:22:10.835+0000] {logging_mixin.py:188} INFO - [2025-10-14T06:22:10.834+0000] {dagbag.py:538} INFO - Filling up the DagBag from /home/airflow/.local/lib/python3.8/site-packages/airflow/example_dags/example_xcom.py
[2025-10-14T06:22:10.844+0000] {processor.py:840} INFO - DAG(s) 'example_xcom' retrieved from /home/airflow/.local/lib/python3.8/site-packages/airflow/example_dags/example_xcom.py
[2025-10-14T06:22:10.874+0000] {logging_mixin.py:188} INFO - [2025-10-14T06:22:10.874+0000] {dag.py:3036} INFO - Sync 1 DAGs
[2025-10-14T06:22:10.899+0000] {logging_mixin.py:188} INFO - [2025-10-14T06:22:10.898+0000] {dag.py:3823} INFO - Setting next_dagrun for example_xcom to 2021-01-01 00:00:00+00:00, run_after=2021-01-01 00:00:00+00:00
[2025-10-14T06:22:10.926+0000] {processor.py:183} INFO - Processing /home/airflow/.local/lib/python3.8/site-packages/airflow/example_dags/example_xcom.py took 0.098 seconds
[2025-10-14T06:22:41.236+0000] {processor.py:161} INFO - Started process (PID=51680) to work on /home/airflow/.local/lib/python3.8/site-packages/airflow/example_dags/example_xcom.py
[2025-10-14T06:22:41.237+0000] {processor.py:830} INFO - Processing file /home/airflow/.local/lib/python3.8/site-packages/airflow/example_dags/example_xcom.py for tasks to queue
[2025-10-14T06:22:41.239+0000] {logging_mixin.py:188} INFO - [2025-10-14T06:22:41.238+0000] {dagbag.py:538} INFO - Filling up the DagBag from /home/airflow/.local/lib/python3.8/site-packages/airflow/example_dags/example_xcom.py
[2025-10-14T06:22:41.249+0000] {processor.py:840} INFO - DAG(s) 'example_xcom' retrieved from /home/airflow/.local/lib/python3.8/site-packages/airflow/example_dags/example_xcom.py
[2025-10-14T06:22:41.281+0000] {logging_mixin.py:188} INFO - [2025-10-14T06:22:41.280+0000] {dag.py:3036} INFO - Sync 1 DAGs
[2025-10-14T06:22:41.311+0000] {logging_mixin.py:188} INFO - [2025-10-14T06:22:41.311+0000] {dag.py:3823} INFO - Setting next_dagrun for example_xcom to 2021-01-01 00:00:00+00:00, run_after=2021-01-01 00:00:00+00:00
[2025-10-14T06:22:41.333+0000] {processor.py:183} INFO - Processing /home/airflow/.local/lib/python3.8/site-packages/airflow/example_dags/example_xcom.py took 0.103 seconds
[2025-10-14T06:23:12.057+0000] {processor.py:161} INFO - Started process (PID=51750) to work on /home/airflow/.local/lib/python3.8/site-packages/airflow/example_dags/example_xcom.py
[2025-10-14T06:23:12.059+0000] {processor.py:830} INFO - Processing file /home/airflow/.local/lib/python3.8/site-packages/airflow/example_dags/example_xcom.py for tasks to queue
[2025-10-14T06:23:12.061+0000] {logging_mixin.py:188} INFO - [2025-10-14T06:23:12.060+0000] {dagbag.py:538} INFO - Filling up the DagBag from /home/airflow/.local/lib/python3.8/site-packages/airflow/example_dags/example_xcom.py
[2025-10-14T06:23:12.072+0000] {processor.py:840} INFO - DAG(s) 'example_xcom' retrieved from /home/airflow/.local/lib/python3.8/site-packages/airflow/example_dags/example_xcom.py
[2025-10-14T06:23:12.103+0000] {logging_mixin.py:188} INFO - [2025-10-14T06:23:12.103+0000] {dag.py:3036} INFO - Sync 1 DAGs
[2025-10-14T06:23:12.129+0000] {logging_mixin.py:188} INFO - [2025-10-14T06:23:12.129+0000] {dag.py:3823} INFO - Setting next_dagrun for example_xcom to 2021-01-01 00:00:00+00:00, run_after=2021-01-01 00:00:00+00:00
[2025-10-14T06:23:12.152+0000] {processor.py:183} INFO - Processing /home/airflow/.local/lib/python3.8/site-packages/airflow/example_dags/example_xcom.py took 0.100 seconds
[2025-10-14T06:23:43.070+0000] {processor.py:161} INFO - Started process (PID=51820) to work on /home/airflow/.local/lib/python3.8/site-packages/airflow/example_dags/example_xcom.py
[2025-10-14T06:23:43.071+0000] {processor.py:830} INFO - Processing file /home/airflow/.local/lib/python3.8/site-packages/airflow/example_dags/example_xcom.py for tasks to queue
[2025-10-14T06:23:43.073+0000] {logging_mixin.py:188} INFO - [2025-10-14T06:23:43.072+0000] {dagbag.py:538} INFO - Filling up the DagBag from /home/airflow/.local/lib/python3.8/site-packages/airflow/example_dags/example_xcom.py
[2025-10-14T06:23:43.081+0000] {processor.py:840} INFO - DAG(s) 'example_xcom' retrieved from /home/airflow/.local/lib/python3.8/site-packages/airflow/example_dags/example_xcom.py
[2025-10-14T06:23:43.112+0000] {logging_mixin.py:188} INFO - [2025-10-14T06:23:43.112+0000] {dag.py:3036} INFO - Sync 1 DAGs
[2025-10-14T06:23:43.137+0000] {logging_mixin.py:188} INFO - [2025-10-14T06:23:43.136+0000] {dag.py:3823} INFO - Setting next_dagrun for example_xcom to 2021-01-01 00:00:00+00:00, run_after=2021-01-01 00:00:00+00:00
[2025-10-14T06:23:43.160+0000] {processor.py:183} INFO - Processing /home/airflow/.local/lib/python3.8/site-packages/airflow/example_dags/example_xcom.py took 0.094 seconds
[2025-10-14T06:24:13.442+0000] {processor.py:161} INFO - Started process (PID=51890) to work on /home/airflow/.local/lib/python3.8/site-packages/airflow/example_dags/example_xcom.py
[2025-10-14T06:24:13.444+0000] {processor.py:830} INFO - Processing file /home/airflow/.local/lib/python3.8/site-packages/airflow/example_dags/example_xcom.py for tasks to queue
[2025-10-14T06:24:13.445+0000] {logging_mixin.py:188} INFO - [2025-10-14T06:24:13.445+0000] {dagbag.py:538} INFO - Filling up the DagBag from /home/airflow/.local/lib/python3.8/site-packages/airflow/example_dags/example_xcom.py
[2025-10-14T06:24:13.454+0000] {processor.py:840} INFO - DAG(s) 'example_xcom' retrieved from /home/airflow/.local/lib/python3.8/site-packages/airflow/example_dags/example_xcom.py
[2025-10-14T06:24:13.484+0000] {logging_mixin.py:188} INFO - [2025-10-14T06:24:13.484+0000] {dag.py:3036} INFO - Sync 1 DAGs
[2025-10-14T06:24:13.510+0000] {logging_mixin.py:188} INFO - [2025-10-14T06:24:13.509+0000] {dag.py:3823} INFO - Setting next_dagrun for example_xcom to 2021-01-01 00:00:00+00:00, run_after=2021-01-01 00:00:00+00:00
[2025-10-14T06:24:13.532+0000] {processor.py:183} INFO - Processing /home/airflow/.local/lib/python3.8/site-packages/airflow/example_dags/example_xcom.py took 0.094 seconds
[2025-10-14T06:24:44.179+0000] {processor.py:161} INFO - Started process (PID=51960) to work on /home/airflow/.local/lib/python3.8/site-packages/airflow/example_dags/example_xcom.py
[2025-10-14T06:24:44.180+0000] {processor.py:830} INFO - Processing file /home/airflow/.local/lib/python3.8/site-packages/airflow/example_dags/example_xcom.py for tasks to queue
[2025-10-14T06:24:44.181+0000] {logging_mixin.py:188} INFO - [2025-10-14T06:24:44.181+0000] {dagbag.py:538} INFO - Filling up the DagBag from /home/airflow/.local/lib/python3.8/site-packages/airflow/example_dags/example_xcom.py
[2025-10-14T06:24:44.190+0000] {processor.py:840} INFO - DAG(s) 'example_xcom' retrieved from /home/airflow/.local/lib/python3.8/site-packages/airflow/example_dags/example_xcom.py
[2025-10-14T06:24:44.221+0000] {logging_mixin.py:188} INFO - [2025-10-14T06:24:44.221+0000] {dag.py:3036} INFO - Sync 1 DAGs
[2025-10-14T06:24:44.246+0000] {logging_mixin.py:188} INFO - [2025-10-14T06:24:44.245+0000] {dag.py:3823} INFO - Setting next_dagrun for example_xcom to 2021-01-01 00:00:00+00:00, run_after=2021-01-01 00:00:00+00:00
[2025-10-14T06:24:44.268+0000] {processor.py:183} INFO - Processing /home/airflow/.local/lib/python3.8/site-packages/airflow/example_dags/example_xcom.py took 0.094 seconds
[2025-10-14T06:25:14.881+0000] {processor.py:161} INFO - Started process (PID=52029) to work on /home/airflow/.local/lib/python3.8/site-packages/airflow/example_dags/example_xcom.py
[2025-10-14T06:25:14.883+0000] {processor.py:830} INFO - Processing file /home/airflow/.local/lib/python3.8/site-packages/airflow/example_dags/example_xcom.py for tasks to queue
[2025-10-14T06:25:14.885+0000] {logging_mixin.py:188} INFO - [2025-10-14T06:25:14.884+0000] {dagbag.py:538} INFO - Filling up the DagBag from /home/airflow/.local/lib/python3.8/site-packages/airflow/example_dags/example_xcom.py
[2025-10-14T06:25:14.898+0000] {processor.py:840} INFO - DAG(s) 'example_xcom' retrieved from /home/airflow/.local/lib/python3.8/site-packages/airflow/example_dags/example_xcom.py
[2025-10-14T06:25:14.933+0000] {logging_mixin.py:188} INFO - [2025-10-14T06:25:14.932+0000] {dag.py:3036} INFO - Sync 1 DAGs
[2025-10-14T06:25:14.961+0000] {logging_mixin.py:188} INFO - [2025-10-14T06:25:14.960+0000] {dag.py:3823} INFO - Setting next_dagrun for example_xcom to 2021-01-01 00:00:00+00:00, run_after=2021-01-01 00:00:00+00:00
[2025-10-14T06:25:14.997+0000] {processor.py:183} INFO - Processing /home/airflow/.local/lib/python3.8/site-packages/airflow/example_dags/example_xcom.py took 0.120 seconds
[2025-10-14T06:25:45.781+0000] {processor.py:161} INFO - Started process (PID=52099) to work on /home/airflow/.local/lib/python3.8/site-packages/airflow/example_dags/example_xcom.py
[2025-10-14T06:25:45.783+0000] {processor.py:830} INFO - Processing file /home/airflow/.local/lib/python3.8/site-packages/airflow/example_dags/example_xcom.py for tasks to queue
[2025-10-14T06:25:45.784+0000] {logging_mixin.py:188} INFO - [2025-10-14T06:25:45.784+0000] {dagbag.py:538} INFO - Filling up the DagBag from /home/airflow/.local/lib/python3.8/site-packages/airflow/example_dags/example_xcom.py
[2025-10-14T06:25:45.796+0000] {processor.py:840} INFO - DAG(s) 'example_xcom' retrieved from /home/airflow/.local/lib/python3.8/site-packages/airflow/example_dags/example_xcom.py
[2025-10-14T06:25:45.830+0000] {logging_mixin.py:188} INFO - [2025-10-14T06:25:45.830+0000] {dag.py:3036} INFO - Sync 1 DAGs
[2025-10-14T06:25:45.856+0000] {logging_mixin.py:188} INFO - [2025-10-14T06:25:45.855+0000] {dag.py:3823} INFO - Setting next_dagrun for example_xcom to 2021-01-01 00:00:00+00:00, run_after=2021-01-01 00:00:00+00:00
[2025-10-14T06:25:45.879+0000] {processor.py:183} INFO - Processing /home/airflow/.local/lib/python3.8/site-packages/airflow/example_dags/example_xcom.py took 0.102 seconds
[2025-10-14T06:26:16.575+0000] {processor.py:161} INFO - Started process (PID=52169) to work on /home/airflow/.local/lib/python3.8/site-packages/airflow/example_dags/example_xcom.py
[2025-10-14T06:26:16.576+0000] {processor.py:830} INFO - Processing file /home/airflow/.local/lib/python3.8/site-packages/airflow/example_dags/example_xcom.py for tasks to queue
[2025-10-14T06:26:16.577+0000] {logging_mixin.py:188} INFO - [2025-10-14T06:26:16.577+0000] {dagbag.py:538} INFO - Filling up the DagBag from /home/airflow/.local/lib/python3.8/site-packages/airflow/example_dags/example_xcom.py
[2025-10-14T06:26:16.587+0000] {processor.py:840} INFO - DAG(s) 'example_xcom' retrieved from /home/airflow/.local/lib/python3.8/site-packages/airflow/example_dags/example_xcom.py
[2025-10-14T06:26:16.616+0000] {logging_mixin.py:188} INFO - [2025-10-14T06:26:16.615+0000] {dag.py:3036} INFO - Sync 1 DAGs
[2025-10-14T06:26:16.640+0000] {logging_mixin.py:188} INFO - [2025-10-14T06:26:16.639+0000] {dag.py:3823} INFO - Setting next_dagrun for example_xcom to 2021-01-01 00:00:00+00:00, run_after=2021-01-01 00:00:00+00:00
[2025-10-14T06:26:16.662+0000] {processor.py:183} INFO - Processing /home/airflow/.local/lib/python3.8/site-packages/airflow/example_dags/example_xcom.py took 0.090 seconds
[2025-10-14T06:26:47.348+0000] {processor.py:161} INFO - Started process (PID=52239) to work on /home/airflow/.local/lib/python3.8/site-packages/airflow/example_dags/example_xcom.py
[2025-10-14T06:26:47.349+0000] {processor.py:830} INFO - Processing file /home/airflow/.local/lib/python3.8/site-packages/airflow/example_dags/example_xcom.py for tasks to queue
[2025-10-14T06:26:47.351+0000] {logging_mixin.py:188} INFO - [2025-10-14T06:26:47.350+0000] {dagbag.py:538} INFO - Filling up the DagBag from /home/airflow/.local/lib/python3.8/site-packages/airflow/example_dags/example_xcom.py
[2025-10-14T06:26:47.360+0000] {processor.py:840} INFO - DAG(s) 'example_xcom' retrieved from /home/airflow/.local/lib/python3.8/site-packages/airflow/example_dags/example_xcom.py
[2025-10-14T06:26:47.389+0000] {logging_mixin.py:188} INFO - [2025-10-14T06:26:47.389+0000] {dag.py:3036} INFO - Sync 1 DAGs
[2025-10-14T06:26:47.413+0000] {logging_mixin.py:188} INFO - [2025-10-14T06:26:47.413+0000] {dag.py:3823} INFO - Setting next_dagrun for example_xcom to 2021-01-01 00:00:00+00:00, run_after=2021-01-01 00:00:00+00:00
[2025-10-14T06:26:47.436+0000] {processor.py:183} INFO - Processing /home/airflow/.local/lib/python3.8/site-packages/airflow/example_dags/example_xcom.py took 0.091 seconds
[2025-10-14T06:27:17.634+0000] {processor.py:161} INFO - Started process (PID=52309) to work on /home/airflow/.local/lib/python3.8/site-packages/airflow/example_dags/example_xcom.py
[2025-10-14T06:27:17.635+0000] {processor.py:830} INFO - Processing file /home/airflow/.local/lib/python3.8/site-packages/airflow/example_dags/example_xcom.py for tasks to queue
[2025-10-14T06:27:17.636+0000] {logging_mixin.py:188} INFO - [2025-10-14T06:27:17.636+0000] {dagbag.py:538} INFO - Filling up the DagBag from /home/airflow/.local/lib/python3.8/site-packages/airflow/example_dags/example_xcom.py
[2025-10-14T06:27:17.645+0000] {processor.py:840} INFO - DAG(s) 'example_xcom' retrieved from /home/airflow/.local/lib/python3.8/site-packages/airflow/example_dags/example_xcom.py
[2025-10-14T06:27:17.678+0000] {logging_mixin.py:188} INFO - [2025-10-14T06:27:17.677+0000] {dag.py:3036} INFO - Sync 1 DAGs
[2025-10-14T06:27:17.703+0000] {logging_mixin.py:188} INFO - [2025-10-14T06:27:17.703+0000] {dag.py:3823} INFO - Setting next_dagrun for example_xcom to 2021-01-01 00:00:00+00:00, run_after=2021-01-01 00:00:00+00:00
[2025-10-14T06:27:17.727+0000] {processor.py:183} INFO - Processing /home/airflow/.local/lib/python3.8/site-packages/airflow/example_dags/example_xcom.py took 0.098 seconds
[2025-10-14T06:27:48.827+0000] {processor.py:161} INFO - Started process (PID=52379) to work on /home/airflow/.local/lib/python3.8/site-packages/airflow/example_dags/example_xcom.py
[2025-10-14T06:27:48.828+0000] {processor.py:830} INFO - Processing file /home/airflow/.local/lib/python3.8/site-packages/airflow/example_dags/example_xcom.py for tasks to queue
[2025-10-14T06:27:48.830+0000] {logging_mixin.py:188} INFO - [2025-10-14T06:27:48.829+0000] {dagbag.py:538} INFO - Filling up the DagBag from /home/airflow/.local/lib/python3.8/site-packages/airflow/example_dags/example_xcom.py
[2025-10-14T06:27:48.838+0000] {processor.py:840} INFO - DAG(s) 'example_xcom' retrieved from /home/airflow/.local/lib/python3.8/site-packages/airflow/example_dags/example_xcom.py
[2025-10-14T06:27:48.869+0000] {logging_mixin.py:188} INFO - [2025-10-14T06:27:48.868+0000] {dag.py:3036} INFO - Sync 1 DAGs
[2025-10-14T06:27:48.895+0000] {logging_mixin.py:188} INFO - [2025-10-14T06:27:48.895+0000] {dag.py:3823} INFO - Setting next_dagrun for example_xcom to 2021-01-01 00:00:00+00:00, run_after=2021-01-01 00:00:00+00:00
[2025-10-14T06:27:48.919+0000] {processor.py:183} INFO - Processing /home/airflow/.local/lib/python3.8/site-packages/airflow/example_dags/example_xcom.py took 0.096 seconds
[2025-10-14T06:28:19.599+0000] {processor.py:161} INFO - Started process (PID=52449) to work on /home/airflow/.local/lib/python3.8/site-packages/airflow/example_dags/example_xcom.py
[2025-10-14T06:28:19.601+0000] {processor.py:830} INFO - Processing file /home/airflow/.local/lib/python3.8/site-packages/airflow/example_dags/example_xcom.py for tasks to queue
[2025-10-14T06:28:19.603+0000] {logging_mixin.py:188} INFO - [2025-10-14T06:28:19.602+0000] {dagbag.py:538} INFO - Filling up the DagBag from /home/airflow/.local/lib/python3.8/site-packages/airflow/example_dags/example_xcom.py
[2025-10-14T06:28:19.615+0000] {processor.py:840} INFO - DAG(s) 'example_xcom' retrieved from /home/airflow/.local/lib/python3.8/site-packages/airflow/example_dags/example_xcom.py
[2025-10-14T06:28:19.653+0000] {logging_mixin.py:188} INFO - [2025-10-14T06:28:19.653+0000] {dag.py:3036} INFO - Sync 1 DAGs
[2025-10-14T06:28:19.680+0000] {logging_mixin.py:188} INFO - [2025-10-14T06:28:19.680+0000] {dag.py:3823} INFO - Setting next_dagrun for example_xcom to 2021-01-01 00:00:00+00:00, run_after=2021-01-01 00:00:00+00:00
[2025-10-14T06:28:19.706+0000] {processor.py:183} INFO - Processing /home/airflow/.local/lib/python3.8/site-packages/airflow/example_dags/example_xcom.py took 0.113 seconds
[2025-10-14T06:28:50.345+0000] {processor.py:161} INFO - Started process (PID=52519) to work on /home/airflow/.local/lib/python3.8/site-packages/airflow/example_dags/example_xcom.py
[2025-10-14T06:28:50.347+0000] {processor.py:830} INFO - Processing file /home/airflow/.local/lib/python3.8/site-packages/airflow/example_dags/example_xcom.py for tasks to queue
[2025-10-14T06:28:50.348+0000] {logging_mixin.py:188} INFO - [2025-10-14T06:28:50.348+0000] {dagbag.py:538} INFO - Filling up the DagBag from /home/airflow/.local/lib/python3.8/site-packages/airflow/example_dags/example_xcom.py
[2025-10-14T06:28:50.357+0000] {processor.py:840} INFO - DAG(s) 'example_xcom' retrieved from /home/airflow/.local/lib/python3.8/site-packages/airflow/example_dags/example_xcom.py
[2025-10-14T06:28:50.389+0000] {logging_mixin.py:188} INFO - [2025-10-14T06:28:50.389+0000] {dag.py:3036} INFO - Sync 1 DAGs
[2025-10-14T06:28:50.415+0000] {logging_mixin.py:188} INFO - [2025-10-14T06:28:50.414+0000] {dag.py:3823} INFO - Setting next_dagrun for example_xcom to 2021-01-01 00:00:00+00:00, run_after=2021-01-01 00:00:00+00:00
[2025-10-14T06:28:50.441+0000] {processor.py:183} INFO - Processing /home/airflow/.local/lib/python3.8/site-packages/airflow/example_dags/example_xcom.py took 0.100 seconds
[2025-10-14T06:29:21.176+0000] {processor.py:161} INFO - Started process (PID=52589) to work on /home/airflow/.local/lib/python3.8/site-packages/airflow/example_dags/example_xcom.py
[2025-10-14T06:29:21.177+0000] {processor.py:830} INFO - Processing file /home/airflow/.local/lib/python3.8/site-packages/airflow/example_dags/example_xcom.py for tasks to queue
[2025-10-14T06:29:21.178+0000] {logging_mixin.py:188} INFO - [2025-10-14T06:29:21.178+0000] {dagbag.py:538} INFO - Filling up the DagBag from /home/airflow/.local/lib/python3.8/site-packages/airflow/example_dags/example_xcom.py
[2025-10-14T06:29:21.187+0000] {processor.py:840} INFO - DAG(s) 'example_xcom' retrieved from /home/airflow/.local/lib/python3.8/site-packages/airflow/example_dags/example_xcom.py
[2025-10-14T06:29:21.217+0000] {logging_mixin.py:188} INFO - [2025-10-14T06:29:21.217+0000] {dag.py:3036} INFO - Sync 1 DAGs
[2025-10-14T06:29:21.244+0000] {logging_mixin.py:188} INFO - [2025-10-14T06:29:21.243+0000] {dag.py:3823} INFO - Setting next_dagrun for example_xcom to 2021-01-01 00:00:00+00:00, run_after=2021-01-01 00:00:00+00:00
[2025-10-14T06:29:21.271+0000] {processor.py:183} INFO - Processing /home/airflow/.local/lib/python3.8/site-packages/airflow/example_dags/example_xcom.py took 0.099 seconds
[2025-10-14T06:29:51.461+0000] {processor.py:161} INFO - Started process (PID=52657) to work on /home/airflow/.local/lib/python3.8/site-packages/airflow/example_dags/example_xcom.py
[2025-10-14T06:29:51.462+0000] {processor.py:830} INFO - Processing file /home/airflow/.local/lib/python3.8/site-packages/airflow/example_dags/example_xcom.py for tasks to queue
[2025-10-14T06:29:51.463+0000] {logging_mixin.py:188} INFO - [2025-10-14T06:29:51.463+0000] {dagbag.py:538} INFO - Filling up the DagBag from /home/airflow/.local/lib/python3.8/site-packages/airflow/example_dags/example_xcom.py
[2025-10-14T06:29:51.472+0000] {processor.py:840} INFO - DAG(s) 'example_xcom' retrieved from /home/airflow/.local/lib/python3.8/site-packages/airflow/example_dags/example_xcom.py
[2025-10-14T06:29:51.500+0000] {logging_mixin.py:188} INFO - [2025-10-14T06:29:51.500+0000] {dag.py:3036} INFO - Sync 1 DAGs
[2025-10-14T06:29:51.525+0000] {logging_mixin.py:188} INFO - [2025-10-14T06:29:51.525+0000] {dag.py:3823} INFO - Setting next_dagrun for example_xcom to 2021-01-01 00:00:00+00:00, run_after=2021-01-01 00:00:00+00:00
[2025-10-14T06:29:51.587+0000] {processor.py:183} INFO - Processing /home/airflow/.local/lib/python3.8/site-packages/airflow/example_dags/example_xcom.py took 0.130 seconds
[2025-10-14T06:30:22.252+0000] {processor.py:161} INFO - Started process (PID=52727) to work on /home/airflow/.local/lib/python3.8/site-packages/airflow/example_dags/example_xcom.py
[2025-10-14T06:30:22.253+0000] {processor.py:830} INFO - Processing file /home/airflow/.local/lib/python3.8/site-packages/airflow/example_dags/example_xcom.py for tasks to queue
[2025-10-14T06:30:22.255+0000] {logging_mixin.py:188} INFO - [2025-10-14T06:30:22.254+0000] {dagbag.py:538} INFO - Filling up the DagBag from /home/airflow/.local/lib/python3.8/site-packages/airflow/example_dags/example_xcom.py
[2025-10-14T06:30:22.263+0000] {processor.py:840} INFO - DAG(s) 'example_xcom' retrieved from /home/airflow/.local/lib/python3.8/site-packages/airflow/example_dags/example_xcom.py
[2025-10-14T06:30:22.291+0000] {logging_mixin.py:188} INFO - [2025-10-14T06:30:22.291+0000] {dag.py:3036} INFO - Sync 1 DAGs
[2025-10-14T06:30:22.317+0000] {logging_mixin.py:188} INFO - [2025-10-14T06:30:22.317+0000] {dag.py:3823} INFO - Setting next_dagrun for example_xcom to 2021-01-01 00:00:00+00:00, run_after=2021-01-01 00:00:00+00:00
[2025-10-14T06:30:22.339+0000] {processor.py:183} INFO - Processing /home/airflow/.local/lib/python3.8/site-packages/airflow/example_dags/example_xcom.py took 0.090 seconds
[2025-10-14T06:30:52.910+0000] {processor.py:161} INFO - Started process (PID=52797) to work on /home/airflow/.local/lib/python3.8/site-packages/airflow/example_dags/example_xcom.py
[2025-10-14T06:30:52.912+0000] {processor.py:830} INFO - Processing file /home/airflow/.local/lib/python3.8/site-packages/airflow/example_dags/example_xcom.py for tasks to queue
[2025-10-14T06:30:52.913+0000] {logging_mixin.py:188} INFO - [2025-10-14T06:30:52.913+0000] {dagbag.py:538} INFO - Filling up the DagBag from /home/airflow/.local/lib/python3.8/site-packages/airflow/example_dags/example_xcom.py
[2025-10-14T06:30:52.923+0000] {processor.py:840} INFO - DAG(s) 'example_xcom' retrieved from /home/airflow/.local/lib/python3.8/site-packages/airflow/example_dags/example_xcom.py
[2025-10-14T06:30:52.956+0000] {logging_mixin.py:188} INFO - [2025-10-14T06:30:52.956+0000] {dag.py:3036} INFO - Sync 1 DAGs
[2025-10-14T06:30:52.991+0000] {logging_mixin.py:188} INFO - [2025-10-14T06:30:52.990+0000] {dag.py:3823} INFO - Setting next_dagrun for example_xcom to 2021-01-01 00:00:00+00:00, run_after=2021-01-01 00:00:00+00:00
[2025-10-14T06:30:53.018+0000] {processor.py:183} INFO - Processing /home/airflow/.local/lib/python3.8/site-packages/airflow/example_dags/example_xcom.py took 0.111 seconds
[2025-10-14T06:31:23.699+0000] {processor.py:161} INFO - Started process (PID=52866) to work on /home/airflow/.local/lib/python3.8/site-packages/airflow/example_dags/example_xcom.py
[2025-10-14T06:31:23.700+0000] {processor.py:830} INFO - Processing file /home/airflow/.local/lib/python3.8/site-packages/airflow/example_dags/example_xcom.py for tasks to queue
[2025-10-14T06:31:23.701+0000] {logging_mixin.py:188} INFO - [2025-10-14T06:31:23.701+0000] {dagbag.py:538} INFO - Filling up the DagBag from /home/airflow/.local/lib/python3.8/site-packages/airflow/example_dags/example_xcom.py
[2025-10-14T06:31:23.711+0000] {processor.py:840} INFO - DAG(s) 'example_xcom' retrieved from /home/airflow/.local/lib/python3.8/site-packages/airflow/example_dags/example_xcom.py
[2025-10-14T06:31:23.741+0000] {logging_mixin.py:188} INFO - [2025-10-14T06:31:23.740+0000] {dag.py:3036} INFO - Sync 1 DAGs
[2025-10-14T06:31:23.765+0000] {logging_mixin.py:188} INFO - [2025-10-14T06:31:23.765+0000] {dag.py:3823} INFO - Setting next_dagrun for example_xcom to 2021-01-01 00:00:00+00:00, run_after=2021-01-01 00:00:00+00:00
[2025-10-14T06:31:23.788+0000] {processor.py:183} INFO - Processing /home/airflow/.local/lib/python3.8/site-packages/airflow/example_dags/example_xcom.py took 0.094 seconds
[2025-10-14T06:31:53.955+0000] {processor.py:161} INFO - Started process (PID=52936) to work on /home/airflow/.local/lib/python3.8/site-packages/airflow/example_dags/example_xcom.py
[2025-10-14T06:31:53.957+0000] {processor.py:830} INFO - Processing file /home/airflow/.local/lib/python3.8/site-packages/airflow/example_dags/example_xcom.py for tasks to queue
[2025-10-14T06:31:53.958+0000] {logging_mixin.py:188} INFO - [2025-10-14T06:31:53.958+0000] {dagbag.py:538} INFO - Filling up the DagBag from /home/airflow/.local/lib/python3.8/site-packages/airflow/example_dags/example_xcom.py
[2025-10-14T06:31:53.967+0000] {processor.py:840} INFO - DAG(s) 'example_xcom' retrieved from /home/airflow/.local/lib/python3.8/site-packages/airflow/example_dags/example_xcom.py
[2025-10-14T06:31:53.998+0000] {logging_mixin.py:188} INFO - [2025-10-14T06:31:53.998+0000] {dag.py:3036} INFO - Sync 1 DAGs
[2025-10-14T06:31:54.022+0000] {logging_mixin.py:188} INFO - [2025-10-14T06:31:54.022+0000] {dag.py:3823} INFO - Setting next_dagrun for example_xcom to 2021-01-01 00:00:00+00:00, run_after=2021-01-01 00:00:00+00:00
[2025-10-14T06:31:54.045+0000] {processor.py:183} INFO - Processing /home/airflow/.local/lib/python3.8/site-packages/airflow/example_dags/example_xcom.py took 0.093 seconds
[2025-10-14T06:32:24.674+0000] {processor.py:161} INFO - Started process (PID=53006) to work on /home/airflow/.local/lib/python3.8/site-packages/airflow/example_dags/example_xcom.py
[2025-10-14T06:32:24.676+0000] {processor.py:830} INFO - Processing file /home/airflow/.local/lib/python3.8/site-packages/airflow/example_dags/example_xcom.py for tasks to queue
[2025-10-14T06:32:24.677+0000] {logging_mixin.py:188} INFO - [2025-10-14T06:32:24.677+0000] {dagbag.py:538} INFO - Filling up the DagBag from /home/airflow/.local/lib/python3.8/site-packages/airflow/example_dags/example_xcom.py
[2025-10-14T06:32:24.686+0000] {processor.py:840} INFO - DAG(s) 'example_xcom' retrieved from /home/airflow/.local/lib/python3.8/site-packages/airflow/example_dags/example_xcom.py
[2025-10-14T06:32:24.715+0000] {logging_mixin.py:188} INFO - [2025-10-14T06:32:24.714+0000] {dag.py:3036} INFO - Sync 1 DAGs
[2025-10-14T06:32:24.748+0000] {logging_mixin.py:188} INFO - [2025-10-14T06:32:24.748+0000] {dag.py:3823} INFO - Setting next_dagrun for example_xcom to 2021-01-01 00:00:00+00:00, run_after=2021-01-01 00:00:00+00:00
[2025-10-14T06:32:24.778+0000] {processor.py:183} INFO - Processing /home/airflow/.local/lib/python3.8/site-packages/airflow/example_dags/example_xcom.py took 0.108 seconds
[2025-10-14T06:32:55.278+0000] {processor.py:161} INFO - Started process (PID=53076) to work on /home/airflow/.local/lib/python3.8/site-packages/airflow/example_dags/example_xcom.py
[2025-10-14T06:32:55.279+0000] {processor.py:830} INFO - Processing file /home/airflow/.local/lib/python3.8/site-packages/airflow/example_dags/example_xcom.py for tasks to queue
[2025-10-14T06:32:55.280+0000] {logging_mixin.py:188} INFO - [2025-10-14T06:32:55.280+0000] {dagbag.py:538} INFO - Filling up the DagBag from /home/airflow/.local/lib/python3.8/site-packages/airflow/example_dags/example_xcom.py
[2025-10-14T06:32:55.290+0000] {processor.py:840} INFO - DAG(s) 'example_xcom' retrieved from /home/airflow/.local/lib/python3.8/site-packages/airflow/example_dags/example_xcom.py
[2025-10-14T06:32:55.318+0000] {logging_mixin.py:188} INFO - [2025-10-14T06:32:55.318+0000] {dag.py:3036} INFO - Sync 1 DAGs
[2025-10-14T06:32:55.343+0000] {logging_mixin.py:188} INFO - [2025-10-14T06:32:55.342+0000] {dag.py:3823} INFO - Setting next_dagrun for example_xcom to 2021-01-01 00:00:00+00:00, run_after=2021-01-01 00:00:00+00:00
[2025-10-14T06:32:55.366+0000] {processor.py:183} INFO - Processing /home/airflow/.local/lib/python3.8/site-packages/airflow/example_dags/example_xcom.py took 0.092 seconds
[2025-10-14T06:33:26.235+0000] {processor.py:161} INFO - Started process (PID=53146) to work on /home/airflow/.local/lib/python3.8/site-packages/airflow/example_dags/example_xcom.py
[2025-10-14T06:33:26.237+0000] {processor.py:830} INFO - Processing file /home/airflow/.local/lib/python3.8/site-packages/airflow/example_dags/example_xcom.py for tasks to queue
[2025-10-14T06:33:26.239+0000] {logging_mixin.py:188} INFO - [2025-10-14T06:33:26.239+0000] {dagbag.py:538} INFO - Filling up the DagBag from /home/airflow/.local/lib/python3.8/site-packages/airflow/example_dags/example_xcom.py
[2025-10-14T06:33:26.250+0000] {processor.py:840} INFO - DAG(s) 'example_xcom' retrieved from /home/airflow/.local/lib/python3.8/site-packages/airflow/example_dags/example_xcom.py
[2025-10-14T06:33:26.285+0000] {logging_mixin.py:188} INFO - [2025-10-14T06:33:26.284+0000] {dag.py:3036} INFO - Sync 1 DAGs
[2025-10-14T06:33:26.341+0000] {logging_mixin.py:188} INFO - [2025-10-14T06:33:26.341+0000] {dag.py:3823} INFO - Setting next_dagrun for example_xcom to 2021-01-01 00:00:00+00:00, run_after=2021-01-01 00:00:00+00:00
[2025-10-14T06:33:26.371+0000] {processor.py:183} INFO - Processing /home/airflow/.local/lib/python3.8/site-packages/airflow/example_dags/example_xcom.py took 0.140 seconds
[2025-10-14T06:33:56.975+0000] {processor.py:161} INFO - Started process (PID=53216) to work on /home/airflow/.local/lib/python3.8/site-packages/airflow/example_dags/example_xcom.py
[2025-10-14T06:33:56.976+0000] {processor.py:830} INFO - Processing file /home/airflow/.local/lib/python3.8/site-packages/airflow/example_dags/example_xcom.py for tasks to queue
[2025-10-14T06:33:56.977+0000] {logging_mixin.py:188} INFO - [2025-10-14T06:33:56.977+0000] {dagbag.py:538} INFO - Filling up the DagBag from /home/airflow/.local/lib/python3.8/site-packages/airflow/example_dags/example_xcom.py
[2025-10-14T06:33:56.988+0000] {processor.py:840} INFO - DAG(s) 'example_xcom' retrieved from /home/airflow/.local/lib/python3.8/site-packages/airflow/example_dags/example_xcom.py
[2025-10-14T06:33:57.018+0000] {logging_mixin.py:188} INFO - [2025-10-14T06:33:57.018+0000] {dag.py:3036} INFO - Sync 1 DAGs
[2025-10-14T06:33:57.044+0000] {logging_mixin.py:188} INFO - [2025-10-14T06:33:57.043+0000] {dag.py:3823} INFO - Setting next_dagrun for example_xcom to 2021-01-01 00:00:00+00:00, run_after=2021-01-01 00:00:00+00:00
[2025-10-14T06:33:57.068+0000] {processor.py:183} INFO - Processing /home/airflow/.local/lib/python3.8/site-packages/airflow/example_dags/example_xcom.py took 0.098 seconds
[2025-10-14T06:34:27.703+0000] {processor.py:161} INFO - Started process (PID=53286) to work on /home/airflow/.local/lib/python3.8/site-packages/airflow/example_dags/example_xcom.py
[2025-10-14T06:34:27.704+0000] {processor.py:830} INFO - Processing file /home/airflow/.local/lib/python3.8/site-packages/airflow/example_dags/example_xcom.py for tasks to queue
[2025-10-14T06:34:27.706+0000] {logging_mixin.py:188} INFO - [2025-10-14T06:34:27.705+0000] {dagbag.py:538} INFO - Filling up the DagBag from /home/airflow/.local/lib/python3.8/site-packages/airflow/example_dags/example_xcom.py
[2025-10-14T06:34:27.716+0000] {processor.py:840} INFO - DAG(s) 'example_xcom' retrieved from /home/airflow/.local/lib/python3.8/site-packages/airflow/example_dags/example_xcom.py
[2025-10-14T06:34:27.753+0000] {logging_mixin.py:188} INFO - [2025-10-14T06:34:27.752+0000] {dag.py:3036} INFO - Sync 1 DAGs
[2025-10-14T06:34:27.784+0000] {logging_mixin.py:188} INFO - [2025-10-14T06:34:27.783+0000] {dag.py:3823} INFO - Setting next_dagrun for example_xcom to 2021-01-01 00:00:00+00:00, run_after=2021-01-01 00:00:00+00:00
[2025-10-14T06:34:27.812+0000] {processor.py:183} INFO - Processing /home/airflow/.local/lib/python3.8/site-packages/airflow/example_dags/example_xcom.py took 0.116 seconds
[2025-10-14T06:34:58.604+0000] {processor.py:161} INFO - Started process (PID=53356) to work on /home/airflow/.local/lib/python3.8/site-packages/airflow/example_dags/example_xcom.py
[2025-10-14T06:34:58.605+0000] {processor.py:830} INFO - Processing file /home/airflow/.local/lib/python3.8/site-packages/airflow/example_dags/example_xcom.py for tasks to queue
[2025-10-14T06:34:58.606+0000] {logging_mixin.py:188} INFO - [2025-10-14T06:34:58.606+0000] {dagbag.py:538} INFO - Filling up the DagBag from /home/airflow/.local/lib/python3.8/site-packages/airflow/example_dags/example_xcom.py
[2025-10-14T06:34:58.617+0000] {processor.py:840} INFO - DAG(s) 'example_xcom' retrieved from /home/airflow/.local/lib/python3.8/site-packages/airflow/example_dags/example_xcom.py
[2025-10-14T06:34:58.647+0000] {logging_mixin.py:188} INFO - [2025-10-14T06:34:58.647+0000] {dag.py:3036} INFO - Sync 1 DAGs
[2025-10-14T06:34:58.674+0000] {logging_mixin.py:188} INFO - [2025-10-14T06:34:58.673+0000] {dag.py:3823} INFO - Setting next_dagrun for example_xcom to 2021-01-01 00:00:00+00:00, run_after=2021-01-01 00:00:00+00:00
[2025-10-14T06:34:58.720+0000] {processor.py:183} INFO - Processing /home/airflow/.local/lib/python3.8/site-packages/airflow/example_dags/example_xcom.py took 0.120 seconds
[2025-10-14T06:35:29.188+0000] {processor.py:161} INFO - Started process (PID=53426) to work on /home/airflow/.local/lib/python3.8/site-packages/airflow/example_dags/example_xcom.py
[2025-10-14T06:35:29.190+0000] {processor.py:830} INFO - Processing file /home/airflow/.local/lib/python3.8/site-packages/airflow/example_dags/example_xcom.py for tasks to queue
[2025-10-14T06:35:29.191+0000] {logging_mixin.py:188} INFO - [2025-10-14T06:35:29.191+0000] {dagbag.py:538} INFO - Filling up the DagBag from /home/airflow/.local/lib/python3.8/site-packages/airflow/example_dags/example_xcom.py
[2025-10-14T06:35:29.200+0000] {processor.py:840} INFO - DAG(s) 'example_xcom' retrieved from /home/airflow/.local/lib/python3.8/site-packages/airflow/example_dags/example_xcom.py
[2025-10-14T06:35:29.233+0000] {logging_mixin.py:188} INFO - [2025-10-14T06:35:29.233+0000] {dag.py:3036} INFO - Sync 1 DAGs
[2025-10-14T06:35:29.261+0000] {logging_mixin.py:188} INFO - [2025-10-14T06:35:29.261+0000] {dag.py:3823} INFO - Setting next_dagrun for example_xcom to 2021-01-01 00:00:00+00:00, run_after=2021-01-01 00:00:00+00:00
[2025-10-14T06:35:29.284+0000] {processor.py:183} INFO - Processing /home/airflow/.local/lib/python3.8/site-packages/airflow/example_dags/example_xcom.py took 0.100 seconds
[2025-10-14T06:36:00.201+0000] {processor.py:161} INFO - Started process (PID=53493) to work on /home/airflow/.local/lib/python3.8/site-packages/airflow/example_dags/example_xcom.py
[2025-10-14T06:36:00.202+0000] {processor.py:830} INFO - Processing file /home/airflow/.local/lib/python3.8/site-packages/airflow/example_dags/example_xcom.py for tasks to queue
[2025-10-14T06:36:00.204+0000] {logging_mixin.py:188} INFO - [2025-10-14T06:36:00.204+0000] {dagbag.py:538} INFO - Filling up the DagBag from /home/airflow/.local/lib/python3.8/site-packages/airflow/example_dags/example_xcom.py
[2025-10-14T06:36:00.213+0000] {processor.py:840} INFO - DAG(s) 'example_xcom' retrieved from /home/airflow/.local/lib/python3.8/site-packages/airflow/example_dags/example_xcom.py
[2025-10-14T06:36:00.244+0000] {logging_mixin.py:188} INFO - [2025-10-14T06:36:00.244+0000] {dag.py:3036} INFO - Sync 1 DAGs
[2025-10-14T06:36:00.269+0000] {logging_mixin.py:188} INFO - [2025-10-14T06:36:00.269+0000] {dag.py:3823} INFO - Setting next_dagrun for example_xcom to 2021-01-01 00:00:00+00:00, run_after=2021-01-01 00:00:00+00:00
[2025-10-14T06:36:00.292+0000] {processor.py:183} INFO - Processing /home/airflow/.local/lib/python3.8/site-packages/airflow/example_dags/example_xcom.py took 0.095 seconds
[2025-10-14T06:36:30.900+0000] {processor.py:161} INFO - Started process (PID=53562) to work on /home/airflow/.local/lib/python3.8/site-packages/airflow/example_dags/example_xcom.py
[2025-10-14T06:36:30.901+0000] {processor.py:830} INFO - Processing file /home/airflow/.local/lib/python3.8/site-packages/airflow/example_dags/example_xcom.py for tasks to queue
[2025-10-14T06:36:30.902+0000] {logging_mixin.py:188} INFO - [2025-10-14T06:36:30.902+0000] {dagbag.py:538} INFO - Filling up the DagBag from /home/airflow/.local/lib/python3.8/site-packages/airflow/example_dags/example_xcom.py
[2025-10-14T06:36:30.911+0000] {processor.py:840} INFO - DAG(s) 'example_xcom' retrieved from /home/airflow/.local/lib/python3.8/site-packages/airflow/example_dags/example_xcom.py
[2025-10-14T06:36:30.940+0000] {logging_mixin.py:188} INFO - [2025-10-14T06:36:30.940+0000] {dag.py:3036} INFO - Sync 1 DAGs
[2025-10-14T06:36:30.965+0000] {logging_mixin.py:188} INFO - [2025-10-14T06:36:30.964+0000] {dag.py:3823} INFO - Setting next_dagrun for example_xcom to 2021-01-01 00:00:00+00:00, run_after=2021-01-01 00:00:00+00:00
[2025-10-14T06:36:30.989+0000] {processor.py:183} INFO - Processing /home/airflow/.local/lib/python3.8/site-packages/airflow/example_dags/example_xcom.py took 0.093 seconds
[2025-10-14T06:37:01.861+0000] {processor.py:161} INFO - Started process (PID=53631) to work on /home/airflow/.local/lib/python3.8/site-packages/airflow/example_dags/example_xcom.py
[2025-10-14T06:37:01.862+0000] {processor.py:830} INFO - Processing file /home/airflow/.local/lib/python3.8/site-packages/airflow/example_dags/example_xcom.py for tasks to queue
[2025-10-14T06:37:01.863+0000] {logging_mixin.py:188} INFO - [2025-10-14T06:37:01.863+0000] {dagbag.py:538} INFO - Filling up the DagBag from /home/airflow/.local/lib/python3.8/site-packages/airflow/example_dags/example_xcom.py
[2025-10-14T06:37:01.871+0000] {processor.py:840} INFO - DAG(s) 'example_xcom' retrieved from /home/airflow/.local/lib/python3.8/site-packages/airflow/example_dags/example_xcom.py
[2025-10-14T06:37:01.902+0000] {logging_mixin.py:188} INFO - [2025-10-14T06:37:01.901+0000] {dag.py:3036} INFO - Sync 1 DAGs
[2025-10-14T06:37:01.926+0000] {logging_mixin.py:188} INFO - [2025-10-14T06:37:01.926+0000] {dag.py:3823} INFO - Setting next_dagrun for example_xcom to 2021-01-01 00:00:00+00:00, run_after=2021-01-01 00:00:00+00:00
[2025-10-14T06:37:01.947+0000] {processor.py:183} INFO - Processing /home/airflow/.local/lib/python3.8/site-packages/airflow/example_dags/example_xcom.py took 0.090 seconds
[2025-10-14T06:37:33.061+0000] {processor.py:161} INFO - Started process (PID=53700) to work on /home/airflow/.local/lib/python3.8/site-packages/airflow/example_dags/example_xcom.py
[2025-10-14T06:37:33.063+0000] {processor.py:830} INFO - Processing file /home/airflow/.local/lib/python3.8/site-packages/airflow/example_dags/example_xcom.py for tasks to queue
[2025-10-14T06:37:33.064+0000] {logging_mixin.py:188} INFO - [2025-10-14T06:37:33.063+0000] {dagbag.py:538} INFO - Filling up the DagBag from /home/airflow/.local/lib/python3.8/site-packages/airflow/example_dags/example_xcom.py
[2025-10-14T06:37:33.073+0000] {processor.py:840} INFO - DAG(s) 'example_xcom' retrieved from /home/airflow/.local/lib/python3.8/site-packages/airflow/example_dags/example_xcom.py
[2025-10-14T06:37:33.102+0000] {logging_mixin.py:188} INFO - [2025-10-14T06:37:33.102+0000] {dag.py:3036} INFO - Sync 1 DAGs
[2025-10-14T06:37:33.127+0000] {logging_mixin.py:188} INFO - [2025-10-14T06:37:33.126+0000] {dag.py:3823} INFO - Setting next_dagrun for example_xcom to 2021-01-01 00:00:00+00:00, run_after=2021-01-01 00:00:00+00:00
[2025-10-14T06:37:33.149+0000] {processor.py:183} INFO - Processing /home/airflow/.local/lib/python3.8/site-packages/airflow/example_dags/example_xcom.py took 0.091 seconds
[2025-10-14T06:38:03.908+0000] {processor.py:161} INFO - Started process (PID=53770) to work on /home/airflow/.local/lib/python3.8/site-packages/airflow/example_dags/example_xcom.py
[2025-10-14T06:38:03.909+0000] {processor.py:830} INFO - Processing file /home/airflow/.local/lib/python3.8/site-packages/airflow/example_dags/example_xcom.py for tasks to queue
[2025-10-14T06:38:03.910+0000] {logging_mixin.py:188} INFO - [2025-10-14T06:38:03.910+0000] {dagbag.py:538} INFO - Filling up the DagBag from /home/airflow/.local/lib/python3.8/site-packages/airflow/example_dags/example_xcom.py
[2025-10-14T06:38:03.919+0000] {processor.py:840} INFO - DAG(s) 'example_xcom' retrieved from /home/airflow/.local/lib/python3.8/site-packages/airflow/example_dags/example_xcom.py
[2025-10-14T06:38:03.949+0000] {logging_mixin.py:188} INFO - [2025-10-14T06:38:03.948+0000] {dag.py:3036} INFO - Sync 1 DAGs
[2025-10-14T06:38:03.977+0000] {logging_mixin.py:188} INFO - [2025-10-14T06:38:03.977+0000] {dag.py:3823} INFO - Setting next_dagrun for example_xcom to 2021-01-01 00:00:00+00:00, run_after=2021-01-01 00:00:00+00:00
[2025-10-14T06:38:04.001+0000] {processor.py:183} INFO - Processing /home/airflow/.local/lib/python3.8/site-packages/airflow/example_dags/example_xcom.py took 0.097 seconds
[2025-10-14T06:38:35.048+0000] {processor.py:161} INFO - Started process (PID=53840) to work on /home/airflow/.local/lib/python3.8/site-packages/airflow/example_dags/example_xcom.py
[2025-10-14T06:38:35.050+0000] {processor.py:830} INFO - Processing file /home/airflow/.local/lib/python3.8/site-packages/airflow/example_dags/example_xcom.py for tasks to queue
[2025-10-14T06:38:35.051+0000] {logging_mixin.py:188} INFO - [2025-10-14T06:38:35.051+0000] {dagbag.py:538} INFO - Filling up the DagBag from /home/airflow/.local/lib/python3.8/site-packages/airflow/example_dags/example_xcom.py
[2025-10-14T06:38:35.059+0000] {processor.py:840} INFO - DAG(s) 'example_xcom' retrieved from /home/airflow/.local/lib/python3.8/site-packages/airflow/example_dags/example_xcom.py
[2025-10-14T06:38:35.091+0000] {logging_mixin.py:188} INFO - [2025-10-14T06:38:35.091+0000] {dag.py:3036} INFO - Sync 1 DAGs
[2025-10-14T06:38:35.122+0000] {logging_mixin.py:188} INFO - [2025-10-14T06:38:35.122+0000] {dag.py:3823} INFO - Setting next_dagrun for example_xcom to 2021-01-01 00:00:00+00:00, run_after=2021-01-01 00:00:00+00:00
[2025-10-14T06:38:35.147+0000] {processor.py:183} INFO - Processing /home/airflow/.local/lib/python3.8/site-packages/airflow/example_dags/example_xcom.py took 0.103 seconds
[2025-10-14T06:39:05.412+0000] {processor.py:161} INFO - Started process (PID=53910) to work on /home/airflow/.local/lib/python3.8/site-packages/airflow/example_dags/example_xcom.py
[2025-10-14T06:39:05.414+0000] {processor.py:830} INFO - Processing file /home/airflow/.local/lib/python3.8/site-packages/airflow/example_dags/example_xcom.py for tasks to queue
[2025-10-14T06:39:05.415+0000] {logging_mixin.py:188} INFO - [2025-10-14T06:39:05.415+0000] {dagbag.py:538} INFO - Filling up the DagBag from /home/airflow/.local/lib/python3.8/site-packages/airflow/example_dags/example_xcom.py
[2025-10-14T06:39:05.423+0000] {processor.py:840} INFO - DAG(s) 'example_xcom' retrieved from /home/airflow/.local/lib/python3.8/site-packages/airflow/example_dags/example_xcom.py
[2025-10-14T06:39:05.453+0000] {logging_mixin.py:188} INFO - [2025-10-14T06:39:05.453+0000] {dag.py:3036} INFO - Sync 1 DAGs
[2025-10-14T06:39:05.477+0000] {logging_mixin.py:188} INFO - [2025-10-14T06:39:05.477+0000] {dag.py:3823} INFO - Setting next_dagrun for example_xcom to 2021-01-01 00:00:00+00:00, run_after=2021-01-01 00:00:00+00:00
[2025-10-14T06:39:05.502+0000] {processor.py:183} INFO - Processing /home/airflow/.local/lib/python3.8/site-packages/airflow/example_dags/example_xcom.py took 0.094 seconds
[2025-10-14T06:39:36.555+0000] {processor.py:161} INFO - Started process (PID=53980) to work on /home/airflow/.local/lib/python3.8/site-packages/airflow/example_dags/example_xcom.py
[2025-10-14T06:39:36.556+0000] {processor.py:830} INFO - Processing file /home/airflow/.local/lib/python3.8/site-packages/airflow/example_dags/example_xcom.py for tasks to queue
[2025-10-14T06:39:36.558+0000] {logging_mixin.py:188} INFO - [2025-10-14T06:39:36.557+0000] {dagbag.py:538} INFO - Filling up the DagBag from /home/airflow/.local/lib/python3.8/site-packages/airflow/example_dags/example_xcom.py
[2025-10-14T06:39:36.566+0000] {processor.py:840} INFO - DAG(s) 'example_xcom' retrieved from /home/airflow/.local/lib/python3.8/site-packages/airflow/example_dags/example_xcom.py
[2025-10-14T06:39:36.596+0000] {logging_mixin.py:188} INFO - [2025-10-14T06:39:36.595+0000] {dag.py:3036} INFO - Sync 1 DAGs
[2025-10-14T06:39:36.620+0000] {logging_mixin.py:188} INFO - [2025-10-14T06:39:36.620+0000] {dag.py:3823} INFO - Setting next_dagrun for example_xcom to 2021-01-01 00:00:00+00:00, run_after=2021-01-01 00:00:00+00:00
[2025-10-14T06:39:36.677+0000] {processor.py:183} INFO - Processing /home/airflow/.local/lib/python3.8/site-packages/airflow/example_dags/example_xcom.py took 0.126 seconds
[2025-10-14T06:40:07.385+0000] {processor.py:161} INFO - Started process (PID=54050) to work on /home/airflow/.local/lib/python3.8/site-packages/airflow/example_dags/example_xcom.py
[2025-10-14T06:40:07.386+0000] {processor.py:830} INFO - Processing file /home/airflow/.local/lib/python3.8/site-packages/airflow/example_dags/example_xcom.py for tasks to queue
[2025-10-14T06:40:07.388+0000] {logging_mixin.py:188} INFO - [2025-10-14T06:40:07.387+0000] {dagbag.py:538} INFO - Filling up the DagBag from /home/airflow/.local/lib/python3.8/site-packages/airflow/example_dags/example_xcom.py
[2025-10-14T06:40:07.397+0000] {processor.py:840} INFO - DAG(s) 'example_xcom' retrieved from /home/airflow/.local/lib/python3.8/site-packages/airflow/example_dags/example_xcom.py
[2025-10-14T06:40:07.428+0000] {logging_mixin.py:188} INFO - [2025-10-14T06:40:07.428+0000] {dag.py:3036} INFO - Sync 1 DAGs
[2025-10-14T06:40:07.453+0000] {logging_mixin.py:188} INFO - [2025-10-14T06:40:07.453+0000] {dag.py:3823} INFO - Setting next_dagrun for example_xcom to 2021-01-01 00:00:00+00:00, run_after=2021-01-01 00:00:00+00:00
[2025-10-14T06:40:07.477+0000] {processor.py:183} INFO - Processing /home/airflow/.local/lib/python3.8/site-packages/airflow/example_dags/example_xcom.py took 0.096 seconds
[2025-10-14T06:40:39.240+0000] {processor.py:161} INFO - Started process (PID=54120) to work on /home/airflow/.local/lib/python3.8/site-packages/airflow/example_dags/example_xcom.py
[2025-10-14T06:40:39.241+0000] {processor.py:830} INFO - Processing file /home/airflow/.local/lib/python3.8/site-packages/airflow/example_dags/example_xcom.py for tasks to queue
[2025-10-14T06:40:39.243+0000] {logging_mixin.py:188} INFO - [2025-10-14T06:40:39.243+0000] {dagbag.py:538} INFO - Filling up the DagBag from /home/airflow/.local/lib/python3.8/site-packages/airflow/example_dags/example_xcom.py
[2025-10-14T06:40:39.256+0000] {processor.py:840} INFO - DAG(s) 'example_xcom' retrieved from /home/airflow/.local/lib/python3.8/site-packages/airflow/example_dags/example_xcom.py
[2025-10-14T06:40:39.292+0000] {logging_mixin.py:188} INFO - [2025-10-14T06:40:39.292+0000] {dag.py:3036} INFO - Sync 1 DAGs
[2025-10-14T06:40:39.317+0000] {logging_mixin.py:188} INFO - [2025-10-14T06:40:39.317+0000] {dag.py:3823} INFO - Setting next_dagrun for example_xcom to 2021-01-01 00:00:00+00:00, run_after=2021-01-01 00:00:00+00:00
[2025-10-14T06:40:39.339+0000] {processor.py:183} INFO - Processing /home/airflow/.local/lib/python3.8/site-packages/airflow/example_dags/example_xcom.py took 0.105 seconds
[2025-10-14T06:41:09.897+0000] {processor.py:161} INFO - Started process (PID=54190) to work on /home/airflow/.local/lib/python3.8/site-packages/airflow/example_dags/example_xcom.py
[2025-10-14T06:41:09.899+0000] {processor.py:830} INFO - Processing file /home/airflow/.local/lib/python3.8/site-packages/airflow/example_dags/example_xcom.py for tasks to queue
[2025-10-14T06:41:09.901+0000] {logging_mixin.py:188} INFO - [2025-10-14T06:41:09.901+0000] {dagbag.py:538} INFO - Filling up the DagBag from /home/airflow/.local/lib/python3.8/site-packages/airflow/example_dags/example_xcom.py
[2025-10-14T06:41:09.915+0000] {processor.py:840} INFO - DAG(s) 'example_xcom' retrieved from /home/airflow/.local/lib/python3.8/site-packages/airflow/example_dags/example_xcom.py
[2025-10-14T06:41:09.960+0000] {logging_mixin.py:188} INFO - [2025-10-14T06:41:09.960+0000] {dag.py:3036} INFO - Sync 1 DAGs
[2025-10-14T06:41:10.001+0000] {logging_mixin.py:188} INFO - [2025-10-14T06:41:10.000+0000] {dag.py:3823} INFO - Setting next_dagrun for example_xcom to 2021-01-01 00:00:00+00:00, run_after=2021-01-01 00:00:00+00:00
[2025-10-14T06:41:10.059+0000] {processor.py:183} INFO - Processing /home/airflow/.local/lib/python3.8/site-packages/airflow/example_dags/example_xcom.py took 0.167 seconds
[2025-10-14T06:41:40.752+0000] {processor.py:161} INFO - Started process (PID=54260) to work on /home/airflow/.local/lib/python3.8/site-packages/airflow/example_dags/example_xcom.py
[2025-10-14T06:41:40.753+0000] {processor.py:830} INFO - Processing file /home/airflow/.local/lib/python3.8/site-packages/airflow/example_dags/example_xcom.py for tasks to queue
[2025-10-14T06:41:40.755+0000] {logging_mixin.py:188} INFO - [2025-10-14T06:41:40.754+0000] {dagbag.py:538} INFO - Filling up the DagBag from /home/airflow/.local/lib/python3.8/site-packages/airflow/example_dags/example_xcom.py
[2025-10-14T06:41:40.769+0000] {processor.py:840} INFO - DAG(s) 'example_xcom' retrieved from /home/airflow/.local/lib/python3.8/site-packages/airflow/example_dags/example_xcom.py
[2025-10-14T06:41:40.822+0000] {logging_mixin.py:188} INFO - [2025-10-14T06:41:40.821+0000] {dag.py:3036} INFO - Sync 1 DAGs
[2025-10-14T06:41:40.864+0000] {logging_mixin.py:188} INFO - [2025-10-14T06:41:40.864+0000] {dag.py:3823} INFO - Setting next_dagrun for example_xcom to 2021-01-01 00:00:00+00:00, run_after=2021-01-01 00:00:00+00:00
[2025-10-14T06:41:40.913+0000] {processor.py:183} INFO - Processing /home/airflow/.local/lib/python3.8/site-packages/airflow/example_dags/example_xcom.py took 0.167 seconds
[2025-10-14T06:42:11.594+0000] {processor.py:161} INFO - Started process (PID=54330) to work on /home/airflow/.local/lib/python3.8/site-packages/airflow/example_dags/example_xcom.py
[2025-10-14T06:42:11.596+0000] {processor.py:830} INFO - Processing file /home/airflow/.local/lib/python3.8/site-packages/airflow/example_dags/example_xcom.py for tasks to queue
[2025-10-14T06:42:11.598+0000] {logging_mixin.py:188} INFO - [2025-10-14T06:42:11.597+0000] {dagbag.py:538} INFO - Filling up the DagBag from /home/airflow/.local/lib/python3.8/site-packages/airflow/example_dags/example_xcom.py
[2025-10-14T06:42:11.614+0000] {processor.py:840} INFO - DAG(s) 'example_xcom' retrieved from /home/airflow/.local/lib/python3.8/site-packages/airflow/example_dags/example_xcom.py
[2025-10-14T06:42:11.659+0000] {logging_mixin.py:188} INFO - [2025-10-14T06:42:11.659+0000] {dag.py:3036} INFO - Sync 1 DAGs
[2025-10-14T06:42:11.692+0000] {logging_mixin.py:188} INFO - [2025-10-14T06:42:11.692+0000] {dag.py:3823} INFO - Setting next_dagrun for example_xcom to 2021-01-01 00:00:00+00:00, run_after=2021-01-01 00:00:00+00:00
[2025-10-14T06:42:11.722+0000] {processor.py:183} INFO - Processing /home/airflow/.local/lib/python3.8/site-packages/airflow/example_dags/example_xcom.py took 0.135 seconds
[2025-10-14T06:42:42.873+0000] {processor.py:161} INFO - Started process (PID=54400) to work on /home/airflow/.local/lib/python3.8/site-packages/airflow/example_dags/example_xcom.py
[2025-10-14T06:42:42.875+0000] {processor.py:830} INFO - Processing file /home/airflow/.local/lib/python3.8/site-packages/airflow/example_dags/example_xcom.py for tasks to queue
[2025-10-14T06:42:42.877+0000] {logging_mixin.py:188} INFO - [2025-10-14T06:42:42.876+0000] {dagbag.py:538} INFO - Filling up the DagBag from /home/airflow/.local/lib/python3.8/site-packages/airflow/example_dags/example_xcom.py
[2025-10-14T06:42:42.892+0000] {processor.py:840} INFO - DAG(s) 'example_xcom' retrieved from /home/airflow/.local/lib/python3.8/site-packages/airflow/example_dags/example_xcom.py
[2025-10-14T06:42:42.941+0000] {logging_mixin.py:188} INFO - [2025-10-14T06:42:42.941+0000] {dag.py:3036} INFO - Sync 1 DAGs
[2025-10-14T06:42:42.978+0000] {logging_mixin.py:188} INFO - [2025-10-14T06:42:42.978+0000] {dag.py:3823} INFO - Setting next_dagrun for example_xcom to 2021-01-01 00:00:00+00:00, run_after=2021-01-01 00:00:00+00:00
[2025-10-14T06:42:43.008+0000] {processor.py:183} INFO - Processing /home/airflow/.local/lib/python3.8/site-packages/airflow/example_dags/example_xcom.py took 0.141 seconds
[2025-10-14T06:43:14.154+0000] {processor.py:161} INFO - Started process (PID=54476) to work on /home/airflow/.local/lib/python3.8/site-packages/airflow/example_dags/example_xcom.py
[2025-10-14T06:43:14.156+0000] {processor.py:830} INFO - Processing file /home/airflow/.local/lib/python3.8/site-packages/airflow/example_dags/example_xcom.py for tasks to queue
[2025-10-14T06:43:14.158+0000] {logging_mixin.py:188} INFO - [2025-10-14T06:43:14.157+0000] {dagbag.py:538} INFO - Filling up the DagBag from /home/airflow/.local/lib/python3.8/site-packages/airflow/example_dags/example_xcom.py
[2025-10-14T06:43:14.170+0000] {processor.py:840} INFO - DAG(s) 'example_xcom' retrieved from /home/airflow/.local/lib/python3.8/site-packages/airflow/example_dags/example_xcom.py
[2025-10-14T06:43:14.213+0000] {logging_mixin.py:188} INFO - [2025-10-14T06:43:14.213+0000] {dag.py:3036} INFO - Sync 1 DAGs
[2025-10-14T06:43:14.255+0000] {logging_mixin.py:188} INFO - [2025-10-14T06:43:14.254+0000] {dag.py:3823} INFO - Setting next_dagrun for example_xcom to 2021-01-01 00:00:00+00:00, run_after=2021-01-01 00:00:00+00:00
[2025-10-14T06:43:14.287+0000] {processor.py:183} INFO - Processing /home/airflow/.local/lib/python3.8/site-packages/airflow/example_dags/example_xcom.py took 0.138 seconds
[2025-10-14T06:43:44.875+0000] {processor.py:161} INFO - Started process (PID=54546) to work on /home/airflow/.local/lib/python3.8/site-packages/airflow/example_dags/example_xcom.py
[2025-10-14T06:43:44.877+0000] {processor.py:830} INFO - Processing file /home/airflow/.local/lib/python3.8/site-packages/airflow/example_dags/example_xcom.py for tasks to queue
[2025-10-14T06:43:44.879+0000] {logging_mixin.py:188} INFO - [2025-10-14T06:43:44.879+0000] {dagbag.py:538} INFO - Filling up the DagBag from /home/airflow/.local/lib/python3.8/site-packages/airflow/example_dags/example_xcom.py
[2025-10-14T06:43:44.893+0000] {processor.py:840} INFO - DAG(s) 'example_xcom' retrieved from /home/airflow/.local/lib/python3.8/site-packages/airflow/example_dags/example_xcom.py
[2025-10-14T06:43:44.940+0000] {logging_mixin.py:188} INFO - [2025-10-14T06:43:44.940+0000] {dag.py:3036} INFO - Sync 1 DAGs
[2025-10-14T06:43:44.986+0000] {logging_mixin.py:188} INFO - [2025-10-14T06:43:44.985+0000] {dag.py:3823} INFO - Setting next_dagrun for example_xcom to 2021-01-01 00:00:00+00:00, run_after=2021-01-01 00:00:00+00:00
[2025-10-14T06:43:45.023+0000] {processor.py:183} INFO - Processing /home/airflow/.local/lib/python3.8/site-packages/airflow/example_dags/example_xcom.py took 0.153 seconds
[2025-10-14T06:44:15.846+0000] {processor.py:161} INFO - Started process (PID=54616) to work on /home/airflow/.local/lib/python3.8/site-packages/airflow/example_dags/example_xcom.py
[2025-10-14T06:44:15.848+0000] {processor.py:830} INFO - Processing file /home/airflow/.local/lib/python3.8/site-packages/airflow/example_dags/example_xcom.py for tasks to queue
[2025-10-14T06:44:15.850+0000] {logging_mixin.py:188} INFO - [2025-10-14T06:44:15.849+0000] {dagbag.py:538} INFO - Filling up the DagBag from /home/airflow/.local/lib/python3.8/site-packages/airflow/example_dags/example_xcom.py
[2025-10-14T06:44:15.862+0000] {processor.py:840} INFO - DAG(s) 'example_xcom' retrieved from /home/airflow/.local/lib/python3.8/site-packages/airflow/example_dags/example_xcom.py
[2025-10-14T06:44:15.902+0000] {logging_mixin.py:188} INFO - [2025-10-14T06:44:15.902+0000] {dag.py:3036} INFO - Sync 1 DAGs
[2025-10-14T06:44:15.944+0000] {logging_mixin.py:188} INFO - [2025-10-14T06:44:15.944+0000] {dag.py:3823} INFO - Setting next_dagrun for example_xcom to 2021-01-01 00:00:00+00:00, run_after=2021-01-01 00:00:00+00:00
[2025-10-14T06:44:15.980+0000] {processor.py:183} INFO - Processing /home/airflow/.local/lib/python3.8/site-packages/airflow/example_dags/example_xcom.py took 0.138 seconds
[2025-10-14T06:44:46.720+0000] {processor.py:161} INFO - Started process (PID=54686) to work on /home/airflow/.local/lib/python3.8/site-packages/airflow/example_dags/example_xcom.py
[2025-10-14T06:44:46.721+0000] {processor.py:830} INFO - Processing file /home/airflow/.local/lib/python3.8/site-packages/airflow/example_dags/example_xcom.py for tasks to queue
[2025-10-14T06:44:46.723+0000] {logging_mixin.py:188} INFO - [2025-10-14T06:44:46.722+0000] {dagbag.py:538} INFO - Filling up the DagBag from /home/airflow/.local/lib/python3.8/site-packages/airflow/example_dags/example_xcom.py
[2025-10-14T06:44:46.733+0000] {processor.py:840} INFO - DAG(s) 'example_xcom' retrieved from /home/airflow/.local/lib/python3.8/site-packages/airflow/example_dags/example_xcom.py
[2025-10-14T06:44:46.769+0000] {logging_mixin.py:188} INFO - [2025-10-14T06:44:46.769+0000] {dag.py:3036} INFO - Sync 1 DAGs
[2025-10-14T06:44:46.805+0000] {logging_mixin.py:188} INFO - [2025-10-14T06:44:46.805+0000] {dag.py:3823} INFO - Setting next_dagrun for example_xcom to 2021-01-01 00:00:00+00:00, run_after=2021-01-01 00:00:00+00:00
[2025-10-14T06:44:46.841+0000] {processor.py:183} INFO - Processing /home/airflow/.local/lib/python3.8/site-packages/airflow/example_dags/example_xcom.py took 0.125 seconds
[2025-10-14T06:45:17.722+0000] {processor.py:161} INFO - Started process (PID=54756) to work on /home/airflow/.local/lib/python3.8/site-packages/airflow/example_dags/example_xcom.py
[2025-10-14T06:45:17.723+0000] {processor.py:830} INFO - Processing file /home/airflow/.local/lib/python3.8/site-packages/airflow/example_dags/example_xcom.py for tasks to queue
[2025-10-14T06:45:17.725+0000] {logging_mixin.py:188} INFO - [2025-10-14T06:45:17.724+0000] {dagbag.py:538} INFO - Filling up the DagBag from /home/airflow/.local/lib/python3.8/site-packages/airflow/example_dags/example_xcom.py
[2025-10-14T06:45:17.736+0000] {processor.py:840} INFO - DAG(s) 'example_xcom' retrieved from /home/airflow/.local/lib/python3.8/site-packages/airflow/example_dags/example_xcom.py
[2025-10-14T06:45:17.775+0000] {logging_mixin.py:188} INFO - [2025-10-14T06:45:17.775+0000] {dag.py:3036} INFO - Sync 1 DAGs
[2025-10-14T06:45:17.808+0000] {logging_mixin.py:188} INFO - [2025-10-14T06:45:17.808+0000] {dag.py:3823} INFO - Setting next_dagrun for example_xcom to 2021-01-01 00:00:00+00:00, run_after=2021-01-01 00:00:00+00:00
[2025-10-14T06:45:17.837+0000] {processor.py:183} INFO - Processing /home/airflow/.local/lib/python3.8/site-packages/airflow/example_dags/example_xcom.py took 0.120 seconds
[2025-10-14T06:45:48.743+0000] {processor.py:161} INFO - Started process (PID=54827) to work on /home/airflow/.local/lib/python3.8/site-packages/airflow/example_dags/example_xcom.py
[2025-10-14T06:45:48.745+0000] {processor.py:830} INFO - Processing file /home/airflow/.local/lib/python3.8/site-packages/airflow/example_dags/example_xcom.py for tasks to queue
[2025-10-14T06:45:48.747+0000] {logging_mixin.py:188} INFO - [2025-10-14T06:45:48.746+0000] {dagbag.py:538} INFO - Filling up the DagBag from /home/airflow/.local/lib/python3.8/site-packages/airflow/example_dags/example_xcom.py
[2025-10-14T06:45:48.757+0000] {processor.py:840} INFO - DAG(s) 'example_xcom' retrieved from /home/airflow/.local/lib/python3.8/site-packages/airflow/example_dags/example_xcom.py
[2025-10-14T06:45:48.795+0000] {logging_mixin.py:188} INFO - [2025-10-14T06:45:48.794+0000] {dag.py:3036} INFO - Sync 1 DAGs
[2025-10-14T06:45:48.827+0000] {logging_mixin.py:188} INFO - [2025-10-14T06:45:48.826+0000] {dag.py:3823} INFO - Setting next_dagrun for example_xcom to 2021-01-01 00:00:00+00:00, run_after=2021-01-01 00:00:00+00:00
[2025-10-14T06:45:48.858+0000] {processor.py:183} INFO - Processing /home/airflow/.local/lib/python3.8/site-packages/airflow/example_dags/example_xcom.py took 0.120 seconds
[2025-10-14T06:46:19.651+0000] {processor.py:161} INFO - Started process (PID=54897) to work on /home/airflow/.local/lib/python3.8/site-packages/airflow/example_dags/example_xcom.py
[2025-10-14T06:46:19.654+0000] {processor.py:830} INFO - Processing file /home/airflow/.local/lib/python3.8/site-packages/airflow/example_dags/example_xcom.py for tasks to queue
[2025-10-14T06:46:19.656+0000] {logging_mixin.py:188} INFO - [2025-10-14T06:46:19.655+0000] {dagbag.py:538} INFO - Filling up the DagBag from /home/airflow/.local/lib/python3.8/site-packages/airflow/example_dags/example_xcom.py
[2025-10-14T06:46:19.671+0000] {processor.py:840} INFO - DAG(s) 'example_xcom' retrieved from /home/airflow/.local/lib/python3.8/site-packages/airflow/example_dags/example_xcom.py
[2025-10-14T06:46:19.722+0000] {logging_mixin.py:188} INFO - [2025-10-14T06:46:19.721+0000] {dag.py:3036} INFO - Sync 1 DAGs
[2025-10-14T06:46:19.765+0000] {logging_mixin.py:188} INFO - [2025-10-14T06:46:19.764+0000] {dag.py:3823} INFO - Setting next_dagrun for example_xcom to 2021-01-01 00:00:00+00:00, run_after=2021-01-01 00:00:00+00:00
[2025-10-14T06:46:19.802+0000] {processor.py:183} INFO - Processing /home/airflow/.local/lib/python3.8/site-packages/airflow/example_dags/example_xcom.py took 0.158 seconds
[2025-10-14T06:46:50.344+0000] {processor.py:161} INFO - Started process (PID=54967) to work on /home/airflow/.local/lib/python3.8/site-packages/airflow/example_dags/example_xcom.py
[2025-10-14T06:46:50.346+0000] {processor.py:830} INFO - Processing file /home/airflow/.local/lib/python3.8/site-packages/airflow/example_dags/example_xcom.py for tasks to queue
[2025-10-14T06:46:50.347+0000] {logging_mixin.py:188} INFO - [2025-10-14T06:46:50.347+0000] {dagbag.py:538} INFO - Filling up the DagBag from /home/airflow/.local/lib/python3.8/site-packages/airflow/example_dags/example_xcom.py
[2025-10-14T06:46:50.360+0000] {processor.py:840} INFO - DAG(s) 'example_xcom' retrieved from /home/airflow/.local/lib/python3.8/site-packages/airflow/example_dags/example_xcom.py
[2025-10-14T06:46:50.398+0000] {logging_mixin.py:188} INFO - [2025-10-14T06:46:50.398+0000] {dag.py:3036} INFO - Sync 1 DAGs
[2025-10-14T06:46:50.430+0000] {logging_mixin.py:188} INFO - [2025-10-14T06:46:50.429+0000] {dag.py:3823} INFO - Setting next_dagrun for example_xcom to 2021-01-01 00:00:00+00:00, run_after=2021-01-01 00:00:00+00:00
[2025-10-14T06:46:50.487+0000] {processor.py:183} INFO - Processing /home/airflow/.local/lib/python3.8/site-packages/airflow/example_dags/example_xcom.py took 0.148 seconds
[2025-10-14T06:47:21.270+0000] {processor.py:161} INFO - Started process (PID=55038) to work on /home/airflow/.local/lib/python3.8/site-packages/airflow/example_dags/example_xcom.py
[2025-10-14T06:47:21.272+0000] {processor.py:830} INFO - Processing file /home/airflow/.local/lib/python3.8/site-packages/airflow/example_dags/example_xcom.py for tasks to queue
[2025-10-14T06:47:21.274+0000] {logging_mixin.py:188} INFO - [2025-10-14T06:47:21.273+0000] {dagbag.py:538} INFO - Filling up the DagBag from /home/airflow/.local/lib/python3.8/site-packages/airflow/example_dags/example_xcom.py
[2025-10-14T06:47:21.287+0000] {processor.py:840} INFO - DAG(s) 'example_xcom' retrieved from /home/airflow/.local/lib/python3.8/site-packages/airflow/example_dags/example_xcom.py
[2025-10-14T06:47:21.344+0000] {logging_mixin.py:188} INFO - [2025-10-14T06:47:21.343+0000] {dag.py:3036} INFO - Sync 1 DAGs
[2025-10-14T06:47:21.384+0000] {logging_mixin.py:188} INFO - [2025-10-14T06:47:21.383+0000] {dag.py:3823} INFO - Setting next_dagrun for example_xcom to 2021-01-01 00:00:00+00:00, run_after=2021-01-01 00:00:00+00:00
[2025-10-14T06:47:21.414+0000] {processor.py:183} INFO - Processing /home/airflow/.local/lib/python3.8/site-packages/airflow/example_dags/example_xcom.py took 0.151 seconds
[2025-10-14T06:47:52.315+0000] {processor.py:161} INFO - Started process (PID=55108) to work on /home/airflow/.local/lib/python3.8/site-packages/airflow/example_dags/example_xcom.py
[2025-10-14T06:47:52.317+0000] {processor.py:830} INFO - Processing file /home/airflow/.local/lib/python3.8/site-packages/airflow/example_dags/example_xcom.py for tasks to queue
[2025-10-14T06:47:52.318+0000] {logging_mixin.py:188} INFO - [2025-10-14T06:47:52.318+0000] {dagbag.py:538} INFO - Filling up the DagBag from /home/airflow/.local/lib/python3.8/site-packages/airflow/example_dags/example_xcom.py
[2025-10-14T06:47:52.330+0000] {processor.py:840} INFO - DAG(s) 'example_xcom' retrieved from /home/airflow/.local/lib/python3.8/site-packages/airflow/example_dags/example_xcom.py
[2025-10-14T06:47:52.369+0000] {logging_mixin.py:188} INFO - [2025-10-14T06:47:52.369+0000] {dag.py:3036} INFO - Sync 1 DAGs
[2025-10-14T06:47:52.403+0000] {logging_mixin.py:188} INFO - [2025-10-14T06:47:52.402+0000] {dag.py:3823} INFO - Setting next_dagrun for example_xcom to 2021-01-01 00:00:00+00:00, run_after=2021-01-01 00:00:00+00:00
[2025-10-14T06:47:52.456+0000] {processor.py:183} INFO - Processing /home/airflow/.local/lib/python3.8/site-packages/airflow/example_dags/example_xcom.py took 0.146 seconds
[2025-10-14T06:48:23.824+0000] {processor.py:161} INFO - Started process (PID=55178) to work on /home/airflow/.local/lib/python3.8/site-packages/airflow/example_dags/example_xcom.py
[2025-10-14T06:48:23.826+0000] {processor.py:830} INFO - Processing file /home/airflow/.local/lib/python3.8/site-packages/airflow/example_dags/example_xcom.py for tasks to queue
[2025-10-14T06:48:23.827+0000] {logging_mixin.py:188} INFO - [2025-10-14T06:48:23.827+0000] {dagbag.py:538} INFO - Filling up the DagBag from /home/airflow/.local/lib/python3.8/site-packages/airflow/example_dags/example_xcom.py
[2025-10-14T06:48:23.843+0000] {processor.py:840} INFO - DAG(s) 'example_xcom' retrieved from /home/airflow/.local/lib/python3.8/site-packages/airflow/example_dags/example_xcom.py
[2025-10-14T06:48:23.893+0000] {logging_mixin.py:188} INFO - [2025-10-14T06:48:23.892+0000] {dag.py:3036} INFO - Sync 1 DAGs
[2025-10-14T06:48:23.951+0000] {logging_mixin.py:188} INFO - [2025-10-14T06:48:23.950+0000] {dag.py:3823} INFO - Setting next_dagrun for example_xcom to 2021-01-01 00:00:00+00:00, run_after=2021-01-01 00:00:00+00:00
[2025-10-14T06:48:24.011+0000] {processor.py:183} INFO - Processing /home/airflow/.local/lib/python3.8/site-packages/airflow/example_dags/example_xcom.py took 0.197 seconds
[2025-10-14T06:48:54.700+0000] {processor.py:161} INFO - Started process (PID=55248) to work on /home/airflow/.local/lib/python3.8/site-packages/airflow/example_dags/example_xcom.py
[2025-10-14T06:48:54.702+0000] {processor.py:830} INFO - Processing file /home/airflow/.local/lib/python3.8/site-packages/airflow/example_dags/example_xcom.py for tasks to queue
[2025-10-14T06:48:54.704+0000] {logging_mixin.py:188} INFO - [2025-10-14T06:48:54.703+0000] {dagbag.py:538} INFO - Filling up the DagBag from /home/airflow/.local/lib/python3.8/site-packages/airflow/example_dags/example_xcom.py
[2025-10-14T06:48:54.720+0000] {processor.py:840} INFO - DAG(s) 'example_xcom' retrieved from /home/airflow/.local/lib/python3.8/site-packages/airflow/example_dags/example_xcom.py
[2025-10-14T06:48:54.770+0000] {logging_mixin.py:188} INFO - [2025-10-14T06:48:54.769+0000] {dag.py:3036} INFO - Sync 1 DAGs
[2025-10-14T06:48:54.811+0000] {logging_mixin.py:188} INFO - [2025-10-14T06:48:54.811+0000] {dag.py:3823} INFO - Setting next_dagrun for example_xcom to 2021-01-01 00:00:00+00:00, run_after=2021-01-01 00:00:00+00:00
[2025-10-14T06:48:54.863+0000] {processor.py:183} INFO - Processing /home/airflow/.local/lib/python3.8/site-packages/airflow/example_dags/example_xcom.py took 0.170 seconds
[2025-10-14T06:49:25.547+0000] {processor.py:161} INFO - Started process (PID=55318) to work on /home/airflow/.local/lib/python3.8/site-packages/airflow/example_dags/example_xcom.py
[2025-10-14T06:49:25.549+0000] {processor.py:830} INFO - Processing file /home/airflow/.local/lib/python3.8/site-packages/airflow/example_dags/example_xcom.py for tasks to queue
[2025-10-14T06:49:25.550+0000] {logging_mixin.py:188} INFO - [2025-10-14T06:49:25.550+0000] {dagbag.py:538} INFO - Filling up the DagBag from /home/airflow/.local/lib/python3.8/site-packages/airflow/example_dags/example_xcom.py
[2025-10-14T06:49:25.561+0000] {processor.py:840} INFO - DAG(s) 'example_xcom' retrieved from /home/airflow/.local/lib/python3.8/site-packages/airflow/example_dags/example_xcom.py
[2025-10-14T06:49:25.599+0000] {logging_mixin.py:188} INFO - [2025-10-14T06:49:25.599+0000] {dag.py:3036} INFO - Sync 1 DAGs
[2025-10-14T06:49:25.630+0000] {logging_mixin.py:188} INFO - [2025-10-14T06:49:25.630+0000] {dag.py:3823} INFO - Setting next_dagrun for example_xcom to 2021-01-01 00:00:00+00:00, run_after=2021-01-01 00:00:00+00:00
[2025-10-14T06:49:25.658+0000] {processor.py:183} INFO - Processing /home/airflow/.local/lib/python3.8/site-packages/airflow/example_dags/example_xcom.py took 0.116 seconds
[2025-10-14T06:49:56.434+0000] {processor.py:161} INFO - Started process (PID=55389) to work on /home/airflow/.local/lib/python3.8/site-packages/airflow/example_dags/example_xcom.py
[2025-10-14T06:49:56.437+0000] {processor.py:830} INFO - Processing file /home/airflow/.local/lib/python3.8/site-packages/airflow/example_dags/example_xcom.py for tasks to queue
[2025-10-14T06:49:56.440+0000] {logging_mixin.py:188} INFO - [2025-10-14T06:49:56.439+0000] {dagbag.py:538} INFO - Filling up the DagBag from /home/airflow/.local/lib/python3.8/site-packages/airflow/example_dags/example_xcom.py
[2025-10-14T06:49:56.464+0000] {processor.py:840} INFO - DAG(s) 'example_xcom' retrieved from /home/airflow/.local/lib/python3.8/site-packages/airflow/example_dags/example_xcom.py
[2025-10-14T06:49:56.525+0000] {logging_mixin.py:188} INFO - [2025-10-14T06:49:56.524+0000] {dag.py:3036} INFO - Sync 1 DAGs
[2025-10-14T06:49:56.581+0000] {logging_mixin.py:188} INFO - [2025-10-14T06:49:56.581+0000] {dag.py:3823} INFO - Setting next_dagrun for example_xcom to 2021-01-01 00:00:00+00:00, run_after=2021-01-01 00:00:00+00:00
[2025-10-14T06:49:56.625+0000] {processor.py:183} INFO - Processing /home/airflow/.local/lib/python3.8/site-packages/airflow/example_dags/example_xcom.py took 0.198 seconds
[2025-10-14T06:50:27.086+0000] {processor.py:161} INFO - Started process (PID=55458) to work on /home/airflow/.local/lib/python3.8/site-packages/airflow/example_dags/example_xcom.py
[2025-10-14T06:50:27.088+0000] {processor.py:830} INFO - Processing file /home/airflow/.local/lib/python3.8/site-packages/airflow/example_dags/example_xcom.py for tasks to queue
[2025-10-14T06:50:27.090+0000] {logging_mixin.py:188} INFO - [2025-10-14T06:50:27.089+0000] {dagbag.py:538} INFO - Filling up the DagBag from /home/airflow/.local/lib/python3.8/site-packages/airflow/example_dags/example_xcom.py
[2025-10-14T06:50:27.105+0000] {processor.py:840} INFO - DAG(s) 'example_xcom' retrieved from /home/airflow/.local/lib/python3.8/site-packages/airflow/example_dags/example_xcom.py
[2025-10-14T06:50:27.156+0000] {logging_mixin.py:188} INFO - [2025-10-14T06:50:27.156+0000] {dag.py:3036} INFO - Sync 1 DAGs
[2025-10-14T06:50:27.198+0000] {logging_mixin.py:188} INFO - [2025-10-14T06:50:27.198+0000] {dag.py:3823} INFO - Setting next_dagrun for example_xcom to 2021-01-01 00:00:00+00:00, run_after=2021-01-01 00:00:00+00:00
[2025-10-14T06:50:27.253+0000] {processor.py:183} INFO - Processing /home/airflow/.local/lib/python3.8/site-packages/airflow/example_dags/example_xcom.py took 0.173 seconds
[2025-10-14T06:50:58.071+0000] {processor.py:161} INFO - Started process (PID=55529) to work on /home/airflow/.local/lib/python3.8/site-packages/airflow/example_dags/example_xcom.py
[2025-10-14T06:50:58.073+0000] {processor.py:830} INFO - Processing file /home/airflow/.local/lib/python3.8/site-packages/airflow/example_dags/example_xcom.py for tasks to queue
[2025-10-14T06:50:58.076+0000] {logging_mixin.py:188} INFO - [2025-10-14T06:50:58.075+0000] {dagbag.py:538} INFO - Filling up the DagBag from /home/airflow/.local/lib/python3.8/site-packages/airflow/example_dags/example_xcom.py
[2025-10-14T06:50:58.089+0000] {processor.py:840} INFO - DAG(s) 'example_xcom' retrieved from /home/airflow/.local/lib/python3.8/site-packages/airflow/example_dags/example_xcom.py
[2025-10-14T06:50:58.129+0000] {logging_mixin.py:188} INFO - [2025-10-14T06:50:58.129+0000] {dag.py:3036} INFO - Sync 1 DAGs
[2025-10-14T06:50:58.174+0000] {logging_mixin.py:188} INFO - [2025-10-14T06:50:58.174+0000] {dag.py:3823} INFO - Setting next_dagrun for example_xcom to 2021-01-01 00:00:00+00:00, run_after=2021-01-01 00:00:00+00:00
[2025-10-14T06:50:58.231+0000] {processor.py:183} INFO - Processing /home/airflow/.local/lib/python3.8/site-packages/airflow/example_dags/example_xcom.py took 0.166 seconds
[2025-10-14T06:51:28.923+0000] {processor.py:161} INFO - Started process (PID=55599) to work on /home/airflow/.local/lib/python3.8/site-packages/airflow/example_dags/example_xcom.py
[2025-10-14T06:51:28.925+0000] {processor.py:830} INFO - Processing file /home/airflow/.local/lib/python3.8/site-packages/airflow/example_dags/example_xcom.py for tasks to queue
[2025-10-14T06:51:28.926+0000] {logging_mixin.py:188} INFO - [2025-10-14T06:51:28.926+0000] {dagbag.py:538} INFO - Filling up the DagBag from /home/airflow/.local/lib/python3.8/site-packages/airflow/example_dags/example_xcom.py
[2025-10-14T06:51:28.940+0000] {processor.py:840} INFO - DAG(s) 'example_xcom' retrieved from /home/airflow/.local/lib/python3.8/site-packages/airflow/example_dags/example_xcom.py
[2025-10-14T06:51:28.976+0000] {logging_mixin.py:188} INFO - [2025-10-14T06:51:28.975+0000] {dag.py:3036} INFO - Sync 1 DAGs
[2025-10-14T06:51:29.014+0000] {logging_mixin.py:188} INFO - [2025-10-14T06:51:29.013+0000] {dag.py:3823} INFO - Setting next_dagrun for example_xcom to 2021-01-01 00:00:00+00:00, run_after=2021-01-01 00:00:00+00:00
[2025-10-14T06:51:29.049+0000] {processor.py:183} INFO - Processing /home/airflow/.local/lib/python3.8/site-packages/airflow/example_dags/example_xcom.py took 0.132 seconds
[2025-10-14T06:51:59.163+0000] {processor.py:161} INFO - Started process (PID=55667) to work on /home/airflow/.local/lib/python3.8/site-packages/airflow/example_dags/example_xcom.py
[2025-10-14T06:51:59.165+0000] {processor.py:830} INFO - Processing file /home/airflow/.local/lib/python3.8/site-packages/airflow/example_dags/example_xcom.py for tasks to queue
[2025-10-14T06:51:59.167+0000] {logging_mixin.py:188} INFO - [2025-10-14T06:51:59.167+0000] {dagbag.py:538} INFO - Filling up the DagBag from /home/airflow/.local/lib/python3.8/site-packages/airflow/example_dags/example_xcom.py
[2025-10-14T06:51:59.179+0000] {processor.py:840} INFO - DAG(s) 'example_xcom' retrieved from /home/airflow/.local/lib/python3.8/site-packages/airflow/example_dags/example_xcom.py
[2025-10-14T06:51:59.217+0000] {logging_mixin.py:188} INFO - [2025-10-14T06:51:59.217+0000] {dag.py:3036} INFO - Sync 1 DAGs
[2025-10-14T06:51:59.256+0000] {logging_mixin.py:188} INFO - [2025-10-14T06:51:59.256+0000] {dag.py:3823} INFO - Setting next_dagrun for example_xcom to 2021-01-01 00:00:00+00:00, run_after=2021-01-01 00:00:00+00:00
[2025-10-14T06:51:59.306+0000] {processor.py:183} INFO - Processing /home/airflow/.local/lib/python3.8/site-packages/airflow/example_dags/example_xcom.py took 0.147 seconds
[2025-10-14T06:52:29.813+0000] {processor.py:161} INFO - Started process (PID=55735) to work on /home/airflow/.local/lib/python3.8/site-packages/airflow/example_dags/example_xcom.py
[2025-10-14T06:52:29.815+0000] {processor.py:830} INFO - Processing file /home/airflow/.local/lib/python3.8/site-packages/airflow/example_dags/example_xcom.py for tasks to queue
[2025-10-14T06:52:29.817+0000] {logging_mixin.py:188} INFO - [2025-10-14T06:52:29.816+0000] {dagbag.py:538} INFO - Filling up the DagBag from /home/airflow/.local/lib/python3.8/site-packages/airflow/example_dags/example_xcom.py
[2025-10-14T06:52:29.830+0000] {processor.py:840} INFO - DAG(s) 'example_xcom' retrieved from /home/airflow/.local/lib/python3.8/site-packages/airflow/example_dags/example_xcom.py
[2025-10-14T06:52:29.898+0000] {logging_mixin.py:188} INFO - [2025-10-14T06:52:29.898+0000] {dag.py:3036} INFO - Sync 1 DAGs
[2025-10-14T06:52:29.929+0000] {logging_mixin.py:188} INFO - [2025-10-14T06:52:29.929+0000] {dag.py:3823} INFO - Setting next_dagrun for example_xcom to 2021-01-01 00:00:00+00:00, run_after=2021-01-01 00:00:00+00:00
[2025-10-14T06:52:29.977+0000] {processor.py:183} INFO - Processing /home/airflow/.local/lib/python3.8/site-packages/airflow/example_dags/example_xcom.py took 0.171 seconds
[2025-10-14T06:53:00.579+0000] {processor.py:161} INFO - Started process (PID=55804) to work on /home/airflow/.local/lib/python3.8/site-packages/airflow/example_dags/example_xcom.py
[2025-10-14T06:53:00.581+0000] {processor.py:830} INFO - Processing file /home/airflow/.local/lib/python3.8/site-packages/airflow/example_dags/example_xcom.py for tasks to queue
[2025-10-14T06:53:00.583+0000] {logging_mixin.py:188} INFO - [2025-10-14T06:53:00.583+0000] {dagbag.py:538} INFO - Filling up the DagBag from /home/airflow/.local/lib/python3.8/site-packages/airflow/example_dags/example_xcom.py
[2025-10-14T06:53:00.596+0000] {processor.py:840} INFO - DAG(s) 'example_xcom' retrieved from /home/airflow/.local/lib/python3.8/site-packages/airflow/example_dags/example_xcom.py
[2025-10-14T06:53:00.635+0000] {logging_mixin.py:188} INFO - [2025-10-14T06:53:00.635+0000] {dag.py:3036} INFO - Sync 1 DAGs
[2025-10-14T06:53:00.666+0000] {logging_mixin.py:188} INFO - [2025-10-14T06:53:00.665+0000] {dag.py:3823} INFO - Setting next_dagrun for example_xcom to 2021-01-01 00:00:00+00:00, run_after=2021-01-01 00:00:00+00:00
[2025-10-14T06:53:00.694+0000] {processor.py:183} INFO - Processing /home/airflow/.local/lib/python3.8/site-packages/airflow/example_dags/example_xcom.py took 0.120 seconds
[2025-10-14T06:53:31.363+0000] {processor.py:161} INFO - Started process (PID=55874) to work on /home/airflow/.local/lib/python3.8/site-packages/airflow/example_dags/example_xcom.py
[2025-10-14T06:53:31.365+0000] {processor.py:830} INFO - Processing file /home/airflow/.local/lib/python3.8/site-packages/airflow/example_dags/example_xcom.py for tasks to queue
[2025-10-14T06:53:31.367+0000] {logging_mixin.py:188} INFO - [2025-10-14T06:53:31.366+0000] {dagbag.py:538} INFO - Filling up the DagBag from /home/airflow/.local/lib/python3.8/site-packages/airflow/example_dags/example_xcom.py
[2025-10-14T06:53:31.381+0000] {processor.py:840} INFO - DAG(s) 'example_xcom' retrieved from /home/airflow/.local/lib/python3.8/site-packages/airflow/example_dags/example_xcom.py
[2025-10-14T06:53:31.416+0000] {logging_mixin.py:188} INFO - [2025-10-14T06:53:31.416+0000] {dag.py:3036} INFO - Sync 1 DAGs
[2025-10-14T06:53:31.447+0000] {logging_mixin.py:188} INFO - [2025-10-14T06:53:31.446+0000] {dag.py:3823} INFO - Setting next_dagrun for example_xcom to 2021-01-01 00:00:00+00:00, run_after=2021-01-01 00:00:00+00:00
[2025-10-14T06:53:31.476+0000] {processor.py:183} INFO - Processing /home/airflow/.local/lib/python3.8/site-packages/airflow/example_dags/example_xcom.py took 0.119 seconds
[2025-10-14T06:54:01.658+0000] {processor.py:161} INFO - Started process (PID=55945) to work on /home/airflow/.local/lib/python3.8/site-packages/airflow/example_dags/example_xcom.py
[2025-10-14T06:54:01.662+0000] {processor.py:830} INFO - Processing file /home/airflow/.local/lib/python3.8/site-packages/airflow/example_dags/example_xcom.py for tasks to queue
[2025-10-14T06:54:01.665+0000] {logging_mixin.py:188} INFO - [2025-10-14T06:54:01.664+0000] {dagbag.py:538} INFO - Filling up the DagBag from /home/airflow/.local/lib/python3.8/site-packages/airflow/example_dags/example_xcom.py
[2025-10-14T06:54:01.679+0000] {processor.py:840} INFO - DAG(s) 'example_xcom' retrieved from /home/airflow/.local/lib/python3.8/site-packages/airflow/example_dags/example_xcom.py
[2025-10-14T06:54:01.716+0000] {logging_mixin.py:188} INFO - [2025-10-14T06:54:01.716+0000] {dag.py:3036} INFO - Sync 1 DAGs
[2025-10-14T06:54:01.748+0000] {logging_mixin.py:188} INFO - [2025-10-14T06:54:01.747+0000] {dag.py:3823} INFO - Setting next_dagrun for example_xcom to 2021-01-01 00:00:00+00:00, run_after=2021-01-01 00:00:00+00:00
[2025-10-14T06:54:01.805+0000] {processor.py:183} INFO - Processing /home/airflow/.local/lib/python3.8/site-packages/airflow/example_dags/example_xcom.py took 0.157 seconds
[2025-10-14T06:54:32.082+0000] {processor.py:161} INFO - Started process (PID=56015) to work on /home/airflow/.local/lib/python3.8/site-packages/airflow/example_dags/example_xcom.py
[2025-10-14T06:54:32.083+0000] {processor.py:830} INFO - Processing file /home/airflow/.local/lib/python3.8/site-packages/airflow/example_dags/example_xcom.py for tasks to queue
[2025-10-14T06:54:32.085+0000] {logging_mixin.py:188} INFO - [2025-10-14T06:54:32.085+0000] {dagbag.py:538} INFO - Filling up the DagBag from /home/airflow/.local/lib/python3.8/site-packages/airflow/example_dags/example_xcom.py
[2025-10-14T06:54:32.099+0000] {processor.py:840} INFO - DAG(s) 'example_xcom' retrieved from /home/airflow/.local/lib/python3.8/site-packages/airflow/example_dags/example_xcom.py
[2025-10-14T06:54:32.136+0000] {logging_mixin.py:188} INFO - [2025-10-14T06:54:32.136+0000] {dag.py:3036} INFO - Sync 1 DAGs
[2025-10-14T06:54:32.167+0000] {logging_mixin.py:188} INFO - [2025-10-14T06:54:32.166+0000] {dag.py:3823} INFO - Setting next_dagrun for example_xcom to 2021-01-01 00:00:00+00:00, run_after=2021-01-01 00:00:00+00:00
[2025-10-14T06:54:32.224+0000] {processor.py:183} INFO - Processing /home/airflow/.local/lib/python3.8/site-packages/airflow/example_dags/example_xcom.py took 0.148 seconds
[2025-10-14T06:55:02.486+0000] {processor.py:161} INFO - Started process (PID=56085) to work on /home/airflow/.local/lib/python3.8/site-packages/airflow/example_dags/example_xcom.py
[2025-10-14T06:55:02.488+0000] {processor.py:830} INFO - Processing file /home/airflow/.local/lib/python3.8/site-packages/airflow/example_dags/example_xcom.py for tasks to queue
[2025-10-14T06:55:02.489+0000] {logging_mixin.py:188} INFO - [2025-10-14T06:55:02.489+0000] {dagbag.py:538} INFO - Filling up the DagBag from /home/airflow/.local/lib/python3.8/site-packages/airflow/example_dags/example_xcom.py
[2025-10-14T06:55:02.499+0000] {processor.py:840} INFO - DAG(s) 'example_xcom' retrieved from /home/airflow/.local/lib/python3.8/site-packages/airflow/example_dags/example_xcom.py
[2025-10-14T06:55:02.536+0000] {logging_mixin.py:188} INFO - [2025-10-14T06:55:02.536+0000] {dag.py:3036} INFO - Sync 1 DAGs
[2025-10-14T06:55:02.568+0000] {logging_mixin.py:188} INFO - [2025-10-14T06:55:02.567+0000] {dag.py:3823} INFO - Setting next_dagrun for example_xcom to 2021-01-01 00:00:00+00:00, run_after=2021-01-01 00:00:00+00:00
[2025-10-14T06:55:02.596+0000] {processor.py:183} INFO - Processing /home/airflow/.local/lib/python3.8/site-packages/airflow/example_dags/example_xcom.py took 0.116 seconds
[2025-10-14T06:55:32.818+0000] {processor.py:161} INFO - Started process (PID=56155) to work on /home/airflow/.local/lib/python3.8/site-packages/airflow/example_dags/example_xcom.py
[2025-10-14T06:55:32.821+0000] {processor.py:830} INFO - Processing file /home/airflow/.local/lib/python3.8/site-packages/airflow/example_dags/example_xcom.py for tasks to queue
[2025-10-14T06:55:32.823+0000] {logging_mixin.py:188} INFO - [2025-10-14T06:55:32.823+0000] {dagbag.py:538} INFO - Filling up the DagBag from /home/airflow/.local/lib/python3.8/site-packages/airflow/example_dags/example_xcom.py
[2025-10-14T06:55:32.838+0000] {processor.py:840} INFO - DAG(s) 'example_xcom' retrieved from /home/airflow/.local/lib/python3.8/site-packages/airflow/example_dags/example_xcom.py
[2025-10-14T06:55:32.875+0000] {logging_mixin.py:188} INFO - [2025-10-14T06:55:32.875+0000] {dag.py:3036} INFO - Sync 1 DAGs
[2025-10-14T06:55:32.906+0000] {logging_mixin.py:188} INFO - [2025-10-14T06:55:32.905+0000] {dag.py:3823} INFO - Setting next_dagrun for example_xcom to 2021-01-01 00:00:00+00:00, run_after=2021-01-01 00:00:00+00:00
[2025-10-14T06:55:32.966+0000] {processor.py:183} INFO - Processing /home/airflow/.local/lib/python3.8/site-packages/airflow/example_dags/example_xcom.py took 0.157 seconds
[2025-10-14T06:56:03.927+0000] {processor.py:161} INFO - Started process (PID=56225) to work on /home/airflow/.local/lib/python3.8/site-packages/airflow/example_dags/example_xcom.py
[2025-10-14T06:56:03.934+0000] {processor.py:830} INFO - Processing file /home/airflow/.local/lib/python3.8/site-packages/airflow/example_dags/example_xcom.py for tasks to queue
[2025-10-14T06:56:03.941+0000] {logging_mixin.py:188} INFO - [2025-10-14T06:56:03.939+0000] {dagbag.py:538} INFO - Filling up the DagBag from /home/airflow/.local/lib/python3.8/site-packages/airflow/example_dags/example_xcom.py
[2025-10-14T06:56:03.993+0000] {processor.py:840} INFO - DAG(s) 'example_xcom' retrieved from /home/airflow/.local/lib/python3.8/site-packages/airflow/example_dags/example_xcom.py
[2025-10-14T06:56:04.053+0000] {logging_mixin.py:188} INFO - [2025-10-14T06:56:04.053+0000] {dag.py:3036} INFO - Sync 1 DAGs
[2025-10-14T06:56:04.095+0000] {logging_mixin.py:188} INFO - [2025-10-14T06:56:04.095+0000] {dag.py:3823} INFO - Setting next_dagrun for example_xcom to 2021-01-01 00:00:00+00:00, run_after=2021-01-01 00:00:00+00:00
[2025-10-14T06:56:04.142+0000] {processor.py:183} INFO - Processing /home/airflow/.local/lib/python3.8/site-packages/airflow/example_dags/example_xcom.py took 0.235 seconds
[2025-10-14T06:56:34.308+0000] {processor.py:161} INFO - Started process (PID=56295) to work on /home/airflow/.local/lib/python3.8/site-packages/airflow/example_dags/example_xcom.py
[2025-10-14T06:56:34.310+0000] {processor.py:830} INFO - Processing file /home/airflow/.local/lib/python3.8/site-packages/airflow/example_dags/example_xcom.py for tasks to queue
[2025-10-14T06:56:34.312+0000] {logging_mixin.py:188} INFO - [2025-10-14T06:56:34.312+0000] {dagbag.py:538} INFO - Filling up the DagBag from /home/airflow/.local/lib/python3.8/site-packages/airflow/example_dags/example_xcom.py
[2025-10-14T06:56:34.327+0000] {processor.py:840} INFO - DAG(s) 'example_xcom' retrieved from /home/airflow/.local/lib/python3.8/site-packages/airflow/example_dags/example_xcom.py
[2025-10-14T06:56:34.371+0000] {logging_mixin.py:188} INFO - [2025-10-14T06:56:34.371+0000] {dag.py:3036} INFO - Sync 1 DAGs
[2025-10-14T06:56:34.407+0000] {logging_mixin.py:188} INFO - [2025-10-14T06:56:34.407+0000] {dag.py:3823} INFO - Setting next_dagrun for example_xcom to 2021-01-01 00:00:00+00:00, run_after=2021-01-01 00:00:00+00:00
[2025-10-14T06:56:34.461+0000] {processor.py:183} INFO - Processing /home/airflow/.local/lib/python3.8/site-packages/airflow/example_dags/example_xcom.py took 0.158 seconds
[2025-10-14T06:57:04.759+0000] {processor.py:161} INFO - Started process (PID=56365) to work on /home/airflow/.local/lib/python3.8/site-packages/airflow/example_dags/example_xcom.py
[2025-10-14T06:57:04.761+0000] {processor.py:830} INFO - Processing file /home/airflow/.local/lib/python3.8/site-packages/airflow/example_dags/example_xcom.py for tasks to queue
[2025-10-14T06:57:04.763+0000] {logging_mixin.py:188} INFO - [2025-10-14T06:57:04.762+0000] {dagbag.py:538} INFO - Filling up the DagBag from /home/airflow/.local/lib/python3.8/site-packages/airflow/example_dags/example_xcom.py
[2025-10-14T06:57:04.774+0000] {processor.py:840} INFO - DAG(s) 'example_xcom' retrieved from /home/airflow/.local/lib/python3.8/site-packages/airflow/example_dags/example_xcom.py
[2025-10-14T06:57:04.816+0000] {logging_mixin.py:188} INFO - [2025-10-14T06:57:04.815+0000] {dag.py:3036} INFO - Sync 1 DAGs
[2025-10-14T06:57:04.867+0000] {logging_mixin.py:188} INFO - [2025-10-14T06:57:04.867+0000] {dag.py:3823} INFO - Setting next_dagrun for example_xcom to 2021-01-01 00:00:00+00:00, run_after=2021-01-01 00:00:00+00:00
[2025-10-14T06:57:04.923+0000] {processor.py:183} INFO - Processing /home/airflow/.local/lib/python3.8/site-packages/airflow/example_dags/example_xcom.py took 0.170 seconds
[2025-10-14T06:57:35.166+0000] {processor.py:161} INFO - Started process (PID=56435) to work on /home/airflow/.local/lib/python3.8/site-packages/airflow/example_dags/example_xcom.py
[2025-10-14T06:57:35.168+0000] {processor.py:830} INFO - Processing file /home/airflow/.local/lib/python3.8/site-packages/airflow/example_dags/example_xcom.py for tasks to queue
[2025-10-14T06:57:35.170+0000] {logging_mixin.py:188} INFO - [2025-10-14T06:57:35.169+0000] {dagbag.py:538} INFO - Filling up the DagBag from /home/airflow/.local/lib/python3.8/site-packages/airflow/example_dags/example_xcom.py
[2025-10-14T06:57:35.183+0000] {processor.py:840} INFO - DAG(s) 'example_xcom' retrieved from /home/airflow/.local/lib/python3.8/site-packages/airflow/example_dags/example_xcom.py
[2025-10-14T06:57:35.225+0000] {logging_mixin.py:188} INFO - [2025-10-14T06:57:35.225+0000] {dag.py:3036} INFO - Sync 1 DAGs
[2025-10-14T06:57:35.263+0000] {logging_mixin.py:188} INFO - [2025-10-14T06:57:35.262+0000] {dag.py:3823} INFO - Setting next_dagrun for example_xcom to 2021-01-01 00:00:00+00:00, run_after=2021-01-01 00:00:00+00:00
[2025-10-14T06:57:35.344+0000] {processor.py:183} INFO - Processing /home/airflow/.local/lib/python3.8/site-packages/airflow/example_dags/example_xcom.py took 0.183 seconds
[2025-10-14T06:58:06.232+0000] {processor.py:161} INFO - Started process (PID=56504) to work on /home/airflow/.local/lib/python3.8/site-packages/airflow/example_dags/example_xcom.py
[2025-10-14T06:58:06.234+0000] {processor.py:830} INFO - Processing file /home/airflow/.local/lib/python3.8/site-packages/airflow/example_dags/example_xcom.py for tasks to queue
[2025-10-14T06:58:06.236+0000] {logging_mixin.py:188} INFO - [2025-10-14T06:58:06.236+0000] {dagbag.py:538} INFO - Filling up the DagBag from /home/airflow/.local/lib/python3.8/site-packages/airflow/example_dags/example_xcom.py
[2025-10-14T06:58:06.248+0000] {processor.py:840} INFO - DAG(s) 'example_xcom' retrieved from /home/airflow/.local/lib/python3.8/site-packages/airflow/example_dags/example_xcom.py
[2025-10-14T06:58:06.286+0000] {logging_mixin.py:188} INFO - [2025-10-14T06:58:06.286+0000] {dag.py:3036} INFO - Sync 1 DAGs
[2025-10-14T06:58:06.319+0000] {logging_mixin.py:188} INFO - [2025-10-14T06:58:06.318+0000] {dag.py:3823} INFO - Setting next_dagrun for example_xcom to 2021-01-01 00:00:00+00:00, run_after=2021-01-01 00:00:00+00:00
[2025-10-14T06:58:06.378+0000] {processor.py:183} INFO - Processing /home/airflow/.local/lib/python3.8/site-packages/airflow/example_dags/example_xcom.py took 0.152 seconds
[2025-10-14T06:58:37.229+0000] {processor.py:161} INFO - Started process (PID=56574) to work on /home/airflow/.local/lib/python3.8/site-packages/airflow/example_dags/example_xcom.py
[2025-10-14T06:58:37.230+0000] {processor.py:830} INFO - Processing file /home/airflow/.local/lib/python3.8/site-packages/airflow/example_dags/example_xcom.py for tasks to queue
[2025-10-14T06:58:37.232+0000] {logging_mixin.py:188} INFO - [2025-10-14T06:58:37.232+0000] {dagbag.py:538} INFO - Filling up the DagBag from /home/airflow/.local/lib/python3.8/site-packages/airflow/example_dags/example_xcom.py
[2025-10-14T06:58:37.243+0000] {processor.py:840} INFO - DAG(s) 'example_xcom' retrieved from /home/airflow/.local/lib/python3.8/site-packages/airflow/example_dags/example_xcom.py
[2025-10-14T06:58:37.284+0000] {logging_mixin.py:188} INFO - [2025-10-14T06:58:37.284+0000] {dag.py:3036} INFO - Sync 1 DAGs
[2025-10-14T06:58:37.318+0000] {logging_mixin.py:188} INFO - [2025-10-14T06:58:37.317+0000] {dag.py:3823} INFO - Setting next_dagrun for example_xcom to 2021-01-01 00:00:00+00:00, run_after=2021-01-01 00:00:00+00:00
[2025-10-14T06:58:37.363+0000] {processor.py:183} INFO - Processing /home/airflow/.local/lib/python3.8/site-packages/airflow/example_dags/example_xcom.py took 0.139 seconds
[2025-10-14T06:59:07.645+0000] {processor.py:161} INFO - Started process (PID=56645) to work on /home/airflow/.local/lib/python3.8/site-packages/airflow/example_dags/example_xcom.py
[2025-10-14T06:59:07.646+0000] {processor.py:830} INFO - Processing file /home/airflow/.local/lib/python3.8/site-packages/airflow/example_dags/example_xcom.py for tasks to queue
[2025-10-14T06:59:07.648+0000] {logging_mixin.py:188} INFO - [2025-10-14T06:59:07.648+0000] {dagbag.py:538} INFO - Filling up the DagBag from /home/airflow/.local/lib/python3.8/site-packages/airflow/example_dags/example_xcom.py
[2025-10-14T06:59:07.661+0000] {processor.py:840} INFO - DAG(s) 'example_xcom' retrieved from /home/airflow/.local/lib/python3.8/site-packages/airflow/example_dags/example_xcom.py
[2025-10-14T06:59:07.703+0000] {logging_mixin.py:188} INFO - [2025-10-14T06:59:07.703+0000] {dag.py:3036} INFO - Sync 1 DAGs
[2025-10-14T06:59:07.743+0000] {logging_mixin.py:188} INFO - [2025-10-14T06:59:07.742+0000] {dag.py:3823} INFO - Setting next_dagrun for example_xcom to 2021-01-01 00:00:00+00:00, run_after=2021-01-01 00:00:00+00:00
[2025-10-14T06:59:07.787+0000] {processor.py:183} INFO - Processing /home/airflow/.local/lib/python3.8/site-packages/airflow/example_dags/example_xcom.py took 0.149 seconds
[2025-10-14T06:59:38.436+0000] {processor.py:161} INFO - Started process (PID=56715) to work on /home/airflow/.local/lib/python3.8/site-packages/airflow/example_dags/example_xcom.py
[2025-10-14T06:59:38.438+0000] {processor.py:830} INFO - Processing file /home/airflow/.local/lib/python3.8/site-packages/airflow/example_dags/example_xcom.py for tasks to queue
[2025-10-14T06:59:38.440+0000] {logging_mixin.py:188} INFO - [2025-10-14T06:59:38.439+0000] {dagbag.py:538} INFO - Filling up the DagBag from /home/airflow/.local/lib/python3.8/site-packages/airflow/example_dags/example_xcom.py
[2025-10-14T06:59:38.452+0000] {processor.py:840} INFO - DAG(s) 'example_xcom' retrieved from /home/airflow/.local/lib/python3.8/site-packages/airflow/example_dags/example_xcom.py
[2025-10-14T06:59:38.493+0000] {logging_mixin.py:188} INFO - [2025-10-14T06:59:38.493+0000] {dag.py:3036} INFO - Sync 1 DAGs
[2025-10-14T06:59:38.532+0000] {logging_mixin.py:188} INFO - [2025-10-14T06:59:38.531+0000] {dag.py:3823} INFO - Setting next_dagrun for example_xcom to 2021-01-01 00:00:00+00:00, run_after=2021-01-01 00:00:00+00:00
[2025-10-14T06:59:38.562+0000] {processor.py:183} INFO - Processing /home/airflow/.local/lib/python3.8/site-packages/airflow/example_dags/example_xcom.py took 0.131 seconds
[2025-10-14T07:00:10.522+0000] {processor.py:161} INFO - Started process (PID=56785) to work on /home/airflow/.local/lib/python3.8/site-packages/airflow/example_dags/example_xcom.py
[2025-10-14T07:00:10.524+0000] {processor.py:830} INFO - Processing file /home/airflow/.local/lib/python3.8/site-packages/airflow/example_dags/example_xcom.py for tasks to queue
[2025-10-14T07:00:10.525+0000] {logging_mixin.py:188} INFO - [2025-10-14T07:00:10.525+0000] {dagbag.py:538} INFO - Filling up the DagBag from /home/airflow/.local/lib/python3.8/site-packages/airflow/example_dags/example_xcom.py
[2025-10-14T07:00:10.536+0000] {processor.py:840} INFO - DAG(s) 'example_xcom' retrieved from /home/airflow/.local/lib/python3.8/site-packages/airflow/example_dags/example_xcom.py
[2025-10-14T07:00:10.572+0000] {logging_mixin.py:188} INFO - [2025-10-14T07:00:10.571+0000] {dag.py:3036} INFO - Sync 1 DAGs
[2025-10-14T07:00:10.601+0000] {logging_mixin.py:188} INFO - [2025-10-14T07:00:10.601+0000] {dag.py:3823} INFO - Setting next_dagrun for example_xcom to 2021-01-01 00:00:00+00:00, run_after=2021-01-01 00:00:00+00:00
[2025-10-14T07:00:10.629+0000] {processor.py:183} INFO - Processing /home/airflow/.local/lib/python3.8/site-packages/airflow/example_dags/example_xcom.py took 0.112 seconds
[2025-10-14T07:00:41.605+0000] {processor.py:161} INFO - Started process (PID=56855) to work on /home/airflow/.local/lib/python3.8/site-packages/airflow/example_dags/example_xcom.py
[2025-10-14T07:00:41.607+0000] {processor.py:830} INFO - Processing file /home/airflow/.local/lib/python3.8/site-packages/airflow/example_dags/example_xcom.py for tasks to queue
[2025-10-14T07:00:41.609+0000] {logging_mixin.py:188} INFO - [2025-10-14T07:00:41.608+0000] {dagbag.py:538} INFO - Filling up the DagBag from /home/airflow/.local/lib/python3.8/site-packages/airflow/example_dags/example_xcom.py
[2025-10-14T07:00:41.622+0000] {processor.py:840} INFO - DAG(s) 'example_xcom' retrieved from /home/airflow/.local/lib/python3.8/site-packages/airflow/example_dags/example_xcom.py
[2025-10-14T07:00:41.664+0000] {logging_mixin.py:188} INFO - [2025-10-14T07:00:41.664+0000] {dag.py:3036} INFO - Sync 1 DAGs
[2025-10-14T07:00:41.699+0000] {logging_mixin.py:188} INFO - [2025-10-14T07:00:41.699+0000] {dag.py:3823} INFO - Setting next_dagrun for example_xcom to 2021-01-01 00:00:00+00:00, run_after=2021-01-01 00:00:00+00:00
[2025-10-14T07:00:41.777+0000] {processor.py:183} INFO - Processing /home/airflow/.local/lib/python3.8/site-packages/airflow/example_dags/example_xcom.py took 0.177 seconds
[2025-10-14T07:01:13.380+0000] {processor.py:161} INFO - Started process (PID=56925) to work on /home/airflow/.local/lib/python3.8/site-packages/airflow/example_dags/example_xcom.py
[2025-10-14T07:01:13.382+0000] {processor.py:830} INFO - Processing file /home/airflow/.local/lib/python3.8/site-packages/airflow/example_dags/example_xcom.py for tasks to queue
[2025-10-14T07:01:13.384+0000] {logging_mixin.py:188} INFO - [2025-10-14T07:01:13.383+0000] {dagbag.py:538} INFO - Filling up the DagBag from /home/airflow/.local/lib/python3.8/site-packages/airflow/example_dags/example_xcom.py
[2025-10-14T07:01:13.402+0000] {processor.py:840} INFO - DAG(s) 'example_xcom' retrieved from /home/airflow/.local/lib/python3.8/site-packages/airflow/example_dags/example_xcom.py
[2025-10-14T07:01:13.484+0000] {logging_mixin.py:188} INFO - [2025-10-14T07:01:13.484+0000] {dag.py:3036} INFO - Sync 1 DAGs
[2025-10-14T07:01:13.537+0000] {logging_mixin.py:188} INFO - [2025-10-14T07:01:13.536+0000] {dag.py:3823} INFO - Setting next_dagrun for example_xcom to 2021-01-01 00:00:00+00:00, run_after=2021-01-01 00:00:00+00:00
[2025-10-14T07:01:13.627+0000] {processor.py:183} INFO - Processing /home/airflow/.local/lib/python3.8/site-packages/airflow/example_dags/example_xcom.py took 0.252 seconds
[2025-10-14T07:01:44.197+0000] {processor.py:161} INFO - Started process (PID=56995) to work on /home/airflow/.local/lib/python3.8/site-packages/airflow/example_dags/example_xcom.py
[2025-10-14T07:01:44.201+0000] {processor.py:830} INFO - Processing file /home/airflow/.local/lib/python3.8/site-packages/airflow/example_dags/example_xcom.py for tasks to queue
[2025-10-14T07:01:44.204+0000] {logging_mixin.py:188} INFO - [2025-10-14T07:01:44.203+0000] {dagbag.py:538} INFO - Filling up the DagBag from /home/airflow/.local/lib/python3.8/site-packages/airflow/example_dags/example_xcom.py
[2025-10-14T07:01:44.227+0000] {processor.py:840} INFO - DAG(s) 'example_xcom' retrieved from /home/airflow/.local/lib/python3.8/site-packages/airflow/example_dags/example_xcom.py
[2025-10-14T07:01:44.288+0000] {logging_mixin.py:188} INFO - [2025-10-14T07:01:44.287+0000] {dag.py:3036} INFO - Sync 1 DAGs
[2025-10-14T07:01:44.330+0000] {logging_mixin.py:188} INFO - [2025-10-14T07:01:44.330+0000] {dag.py:3823} INFO - Setting next_dagrun for example_xcom to 2021-01-01 00:00:00+00:00, run_after=2021-01-01 00:00:00+00:00
[2025-10-14T07:01:44.448+0000] {processor.py:183} INFO - Processing /home/airflow/.local/lib/python3.8/site-packages/airflow/example_dags/example_xcom.py took 0.261 seconds
[2025-10-14T07:02:14.936+0000] {processor.py:161} INFO - Started process (PID=57065) to work on /home/airflow/.local/lib/python3.8/site-packages/airflow/example_dags/example_xcom.py
[2025-10-14T07:02:14.938+0000] {processor.py:830} INFO - Processing file /home/airflow/.local/lib/python3.8/site-packages/airflow/example_dags/example_xcom.py for tasks to queue
[2025-10-14T07:02:14.940+0000] {logging_mixin.py:188} INFO - [2025-10-14T07:02:14.940+0000] {dagbag.py:538} INFO - Filling up the DagBag from /home/airflow/.local/lib/python3.8/site-packages/airflow/example_dags/example_xcom.py
[2025-10-14T07:02:14.956+0000] {processor.py:840} INFO - DAG(s) 'example_xcom' retrieved from /home/airflow/.local/lib/python3.8/site-packages/airflow/example_dags/example_xcom.py
[2025-10-14T07:02:14.995+0000] {logging_mixin.py:188} INFO - [2025-10-14T07:02:14.994+0000] {dag.py:3036} INFO - Sync 1 DAGs
[2025-10-14T07:02:15.027+0000] {logging_mixin.py:188} INFO - [2025-10-14T07:02:15.027+0000] {dag.py:3823} INFO - Setting next_dagrun for example_xcom to 2021-01-01 00:00:00+00:00, run_after=2021-01-01 00:00:00+00:00
[2025-10-14T07:02:15.077+0000] {processor.py:183} INFO - Processing /home/airflow/.local/lib/python3.8/site-packages/airflow/example_dags/example_xcom.py took 0.147 seconds
[2025-10-14T07:02:45.693+0000] {processor.py:161} INFO - Started process (PID=57135) to work on /home/airflow/.local/lib/python3.8/site-packages/airflow/example_dags/example_xcom.py
[2025-10-14T07:02:45.694+0000] {processor.py:830} INFO - Processing file /home/airflow/.local/lib/python3.8/site-packages/airflow/example_dags/example_xcom.py for tasks to queue
[2025-10-14T07:02:45.696+0000] {logging_mixin.py:188} INFO - [2025-10-14T07:02:45.696+0000] {dagbag.py:538} INFO - Filling up the DagBag from /home/airflow/.local/lib/python3.8/site-packages/airflow/example_dags/example_xcom.py
[2025-10-14T07:02:45.708+0000] {processor.py:840} INFO - DAG(s) 'example_xcom' retrieved from /home/airflow/.local/lib/python3.8/site-packages/airflow/example_dags/example_xcom.py
[2025-10-14T07:02:45.750+0000] {logging_mixin.py:188} INFO - [2025-10-14T07:02:45.750+0000] {dag.py:3036} INFO - Sync 1 DAGs
[2025-10-14T07:02:45.782+0000] {logging_mixin.py:188} INFO - [2025-10-14T07:02:45.781+0000] {dag.py:3823} INFO - Setting next_dagrun for example_xcom to 2021-01-01 00:00:00+00:00, run_after=2021-01-01 00:00:00+00:00
[2025-10-14T07:02:45.810+0000] {processor.py:183} INFO - Processing /home/airflow/.local/lib/python3.8/site-packages/airflow/example_dags/example_xcom.py took 0.123 seconds
[2025-10-14T07:03:16.977+0000] {processor.py:161} INFO - Started process (PID=57205) to work on /home/airflow/.local/lib/python3.8/site-packages/airflow/example_dags/example_xcom.py
[2025-10-14T07:03:16.979+0000] {processor.py:830} INFO - Processing file /home/airflow/.local/lib/python3.8/site-packages/airflow/example_dags/example_xcom.py for tasks to queue
[2025-10-14T07:03:16.981+0000] {logging_mixin.py:188} INFO - [2025-10-14T07:03:16.980+0000] {dagbag.py:538} INFO - Filling up the DagBag from /home/airflow/.local/lib/python3.8/site-packages/airflow/example_dags/example_xcom.py
[2025-10-14T07:03:16.993+0000] {processor.py:840} INFO - DAG(s) 'example_xcom' retrieved from /home/airflow/.local/lib/python3.8/site-packages/airflow/example_dags/example_xcom.py
[2025-10-14T07:03:17.038+0000] {logging_mixin.py:188} INFO - [2025-10-14T07:03:17.038+0000] {dag.py:3036} INFO - Sync 1 DAGs
[2025-10-14T07:03:17.074+0000] {logging_mixin.py:188} INFO - [2025-10-14T07:03:17.073+0000] {dag.py:3823} INFO - Setting next_dagrun for example_xcom to 2021-01-01 00:00:00+00:00, run_after=2021-01-01 00:00:00+00:00
[2025-10-14T07:03:17.124+0000] {processor.py:183} INFO - Processing /home/airflow/.local/lib/python3.8/site-packages/airflow/example_dags/example_xcom.py took 0.151 seconds
[2025-10-14T07:03:47.750+0000] {processor.py:161} INFO - Started process (PID=57281) to work on /home/airflow/.local/lib/python3.8/site-packages/airflow/example_dags/example_xcom.py
[2025-10-14T07:03:47.752+0000] {processor.py:830} INFO - Processing file /home/airflow/.local/lib/python3.8/site-packages/airflow/example_dags/example_xcom.py for tasks to queue
[2025-10-14T07:03:47.754+0000] {logging_mixin.py:188} INFO - [2025-10-14T07:03:47.754+0000] {dagbag.py:538} INFO - Filling up the DagBag from /home/airflow/.local/lib/python3.8/site-packages/airflow/example_dags/example_xcom.py
[2025-10-14T07:03:47.765+0000] {processor.py:840} INFO - DAG(s) 'example_xcom' retrieved from /home/airflow/.local/lib/python3.8/site-packages/airflow/example_dags/example_xcom.py
[2025-10-14T07:03:47.802+0000] {logging_mixin.py:188} INFO - [2025-10-14T07:03:47.801+0000] {dag.py:3036} INFO - Sync 1 DAGs
[2025-10-14T07:03:47.835+0000] {logging_mixin.py:188} INFO - [2025-10-14T07:03:47.834+0000] {dag.py:3823} INFO - Setting next_dagrun for example_xcom to 2021-01-01 00:00:00+00:00, run_after=2021-01-01 00:00:00+00:00
[2025-10-14T07:03:47.865+0000] {processor.py:183} INFO - Processing /home/airflow/.local/lib/python3.8/site-packages/airflow/example_dags/example_xcom.py took 0.120 seconds
[2025-10-14T07:04:18.924+0000] {processor.py:161} INFO - Started process (PID=57351) to work on /home/airflow/.local/lib/python3.8/site-packages/airflow/example_dags/example_xcom.py
[2025-10-14T07:04:18.926+0000] {processor.py:830} INFO - Processing file /home/airflow/.local/lib/python3.8/site-packages/airflow/example_dags/example_xcom.py for tasks to queue
[2025-10-14T07:04:18.927+0000] {logging_mixin.py:188} INFO - [2025-10-14T07:04:18.927+0000] {dagbag.py:538} INFO - Filling up the DagBag from /home/airflow/.local/lib/python3.8/site-packages/airflow/example_dags/example_xcom.py
[2025-10-14T07:04:18.938+0000] {processor.py:840} INFO - DAG(s) 'example_xcom' retrieved from /home/airflow/.local/lib/python3.8/site-packages/airflow/example_dags/example_xcom.py
[2025-10-14T07:04:18.974+0000] {logging_mixin.py:188} INFO - [2025-10-14T07:04:18.974+0000] {dag.py:3036} INFO - Sync 1 DAGs
[2025-10-14T07:04:19.004+0000] {logging_mixin.py:188} INFO - [2025-10-14T07:04:19.004+0000] {dag.py:3823} INFO - Setting next_dagrun for example_xcom to 2021-01-01 00:00:00+00:00, run_after=2021-01-01 00:00:00+00:00
[2025-10-14T07:04:19.034+0000] {processor.py:183} INFO - Processing /home/airflow/.local/lib/python3.8/site-packages/airflow/example_dags/example_xcom.py took 0.115 seconds
[2025-10-14T07:04:50.000+0000] {processor.py:161} INFO - Started process (PID=57421) to work on /home/airflow/.local/lib/python3.8/site-packages/airflow/example_dags/example_xcom.py
[2025-10-14T07:04:50.002+0000] {processor.py:830} INFO - Processing file /home/airflow/.local/lib/python3.8/site-packages/airflow/example_dags/example_xcom.py for tasks to queue
[2025-10-14T07:04:50.004+0000] {logging_mixin.py:188} INFO - [2025-10-14T07:04:50.003+0000] {dagbag.py:538} INFO - Filling up the DagBag from /home/airflow/.local/lib/python3.8/site-packages/airflow/example_dags/example_xcom.py
[2025-10-14T07:04:50.020+0000] {processor.py:840} INFO - DAG(s) 'example_xcom' retrieved from /home/airflow/.local/lib/python3.8/site-packages/airflow/example_dags/example_xcom.py
[2025-10-14T07:04:50.071+0000] {logging_mixin.py:188} INFO - [2025-10-14T07:04:50.071+0000] {dag.py:3036} INFO - Sync 1 DAGs
[2025-10-14T07:04:50.120+0000] {logging_mixin.py:188} INFO - [2025-10-14T07:04:50.120+0000] {dag.py:3823} INFO - Setting next_dagrun for example_xcom to 2021-01-01 00:00:00+00:00, run_after=2021-01-01 00:00:00+00:00
[2025-10-14T07:04:50.161+0000] {processor.py:183} INFO - Processing /home/airflow/.local/lib/python3.8/site-packages/airflow/example_dags/example_xcom.py took 0.167 seconds
[2025-10-14T07:05:20.627+0000] {processor.py:161} INFO - Started process (PID=57491) to work on /home/airflow/.local/lib/python3.8/site-packages/airflow/example_dags/example_xcom.py
[2025-10-14T07:05:20.628+0000] {processor.py:830} INFO - Processing file /home/airflow/.local/lib/python3.8/site-packages/airflow/example_dags/example_xcom.py for tasks to queue
[2025-10-14T07:05:20.630+0000] {logging_mixin.py:188} INFO - [2025-10-14T07:05:20.630+0000] {dagbag.py:538} INFO - Filling up the DagBag from /home/airflow/.local/lib/python3.8/site-packages/airflow/example_dags/example_xcom.py
[2025-10-14T07:05:20.649+0000] {processor.py:840} INFO - DAG(s) 'example_xcom' retrieved from /home/airflow/.local/lib/python3.8/site-packages/airflow/example_dags/example_xcom.py
[2025-10-14T07:05:20.693+0000] {logging_mixin.py:188} INFO - [2025-10-14T07:05:20.693+0000] {dag.py:3036} INFO - Sync 1 DAGs
[2025-10-14T07:05:20.734+0000] {logging_mixin.py:188} INFO - [2025-10-14T07:05:20.733+0000] {dag.py:3823} INFO - Setting next_dagrun for example_xcom to 2021-01-01 00:00:00+00:00, run_after=2021-01-01 00:00:00+00:00
[2025-10-14T07:05:20.800+0000] {processor.py:183} INFO - Processing /home/airflow/.local/lib/python3.8/site-packages/airflow/example_dags/example_xcom.py took 0.179 seconds
[2025-10-14T07:05:51.996+0000] {processor.py:161} INFO - Started process (PID=57562) to work on /home/airflow/.local/lib/python3.8/site-packages/airflow/example_dags/example_xcom.py
[2025-10-14T07:05:51.998+0000] {processor.py:830} INFO - Processing file /home/airflow/.local/lib/python3.8/site-packages/airflow/example_dags/example_xcom.py for tasks to queue
[2025-10-14T07:05:51.999+0000] {logging_mixin.py:188} INFO - [2025-10-14T07:05:51.999+0000] {dagbag.py:538} INFO - Filling up the DagBag from /home/airflow/.local/lib/python3.8/site-packages/airflow/example_dags/example_xcom.py
[2025-10-14T07:05:52.012+0000] {processor.py:840} INFO - DAG(s) 'example_xcom' retrieved from /home/airflow/.local/lib/python3.8/site-packages/airflow/example_dags/example_xcom.py
[2025-10-14T07:05:52.049+0000] {logging_mixin.py:188} INFO - [2025-10-14T07:05:52.049+0000] {dag.py:3036} INFO - Sync 1 DAGs
[2025-10-14T07:05:52.082+0000] {logging_mixin.py:188} INFO - [2025-10-14T07:05:52.081+0000] {dag.py:3823} INFO - Setting next_dagrun for example_xcom to 2021-01-01 00:00:00+00:00, run_after=2021-01-01 00:00:00+00:00
[2025-10-14T07:05:52.131+0000] {processor.py:183} INFO - Processing /home/airflow/.local/lib/python3.8/site-packages/airflow/example_dags/example_xcom.py took 0.140 seconds
[2025-10-14T07:06:23.594+0000] {processor.py:161} INFO - Started process (PID=57632) to work on /home/airflow/.local/lib/python3.8/site-packages/airflow/example_dags/example_xcom.py
[2025-10-14T07:06:23.597+0000] {processor.py:830} INFO - Processing file /home/airflow/.local/lib/python3.8/site-packages/airflow/example_dags/example_xcom.py for tasks to queue
[2025-10-14T07:06:23.600+0000] {logging_mixin.py:188} INFO - [2025-10-14T07:06:23.599+0000] {dagbag.py:538} INFO - Filling up the DagBag from /home/airflow/.local/lib/python3.8/site-packages/airflow/example_dags/example_xcom.py
[2025-10-14T07:06:23.620+0000] {processor.py:840} INFO - DAG(s) 'example_xcom' retrieved from /home/airflow/.local/lib/python3.8/site-packages/airflow/example_dags/example_xcom.py
[2025-10-14T07:06:23.685+0000] {logging_mixin.py:188} INFO - [2025-10-14T07:06:23.685+0000] {dag.py:3036} INFO - Sync 1 DAGs
[2025-10-14T07:06:23.719+0000] {logging_mixin.py:188} INFO - [2025-10-14T07:06:23.718+0000] {dag.py:3823} INFO - Setting next_dagrun for example_xcom to 2021-01-01 00:00:00+00:00, run_after=2021-01-01 00:00:00+00:00
[2025-10-14T07:06:23.767+0000] {processor.py:183} INFO - Processing /home/airflow/.local/lib/python3.8/site-packages/airflow/example_dags/example_xcom.py took 0.182 seconds
[2025-10-14T07:06:55.240+0000] {processor.py:161} INFO - Started process (PID=57702) to work on /home/airflow/.local/lib/python3.8/site-packages/airflow/example_dags/example_xcom.py
[2025-10-14T07:06:55.244+0000] {processor.py:830} INFO - Processing file /home/airflow/.local/lib/python3.8/site-packages/airflow/example_dags/example_xcom.py for tasks to queue
[2025-10-14T07:06:55.248+0000] {logging_mixin.py:188} INFO - [2025-10-14T07:06:55.246+0000] {dagbag.py:538} INFO - Filling up the DagBag from /home/airflow/.local/lib/python3.8/site-packages/airflow/example_dags/example_xcom.py
[2025-10-14T07:06:55.270+0000] {processor.py:840} INFO - DAG(s) 'example_xcom' retrieved from /home/airflow/.local/lib/python3.8/site-packages/airflow/example_dags/example_xcom.py
[2025-10-14T07:06:55.324+0000] {logging_mixin.py:188} INFO - [2025-10-14T07:06:55.323+0000] {dag.py:3036} INFO - Sync 1 DAGs
[2025-10-14T07:06:55.365+0000] {logging_mixin.py:188} INFO - [2025-10-14T07:06:55.364+0000] {dag.py:3823} INFO - Setting next_dagrun for example_xcom to 2021-01-01 00:00:00+00:00, run_after=2021-01-01 00:00:00+00:00
[2025-10-14T07:06:55.420+0000] {processor.py:183} INFO - Processing /home/airflow/.local/lib/python3.8/site-packages/airflow/example_dags/example_xcom.py took 0.190 seconds
[2025-10-14T07:07:26.907+0000] {processor.py:161} INFO - Started process (PID=57772) to work on /home/airflow/.local/lib/python3.8/site-packages/airflow/example_dags/example_xcom.py
[2025-10-14T07:07:26.909+0000] {processor.py:830} INFO - Processing file /home/airflow/.local/lib/python3.8/site-packages/airflow/example_dags/example_xcom.py for tasks to queue
[2025-10-14T07:07:26.911+0000] {logging_mixin.py:188} INFO - [2025-10-14T07:07:26.910+0000] {dagbag.py:538} INFO - Filling up the DagBag from /home/airflow/.local/lib/python3.8/site-packages/airflow/example_dags/example_xcom.py
[2025-10-14T07:07:26.923+0000] {processor.py:840} INFO - DAG(s) 'example_xcom' retrieved from /home/airflow/.local/lib/python3.8/site-packages/airflow/example_dags/example_xcom.py
[2025-10-14T07:07:26.959+0000] {logging_mixin.py:188} INFO - [2025-10-14T07:07:26.959+0000] {dag.py:3036} INFO - Sync 1 DAGs
[2025-10-14T07:07:26.990+0000] {logging_mixin.py:188} INFO - [2025-10-14T07:07:26.989+0000] {dag.py:3823} INFO - Setting next_dagrun for example_xcom to 2021-01-01 00:00:00+00:00, run_after=2021-01-01 00:00:00+00:00
[2025-10-14T07:07:27.045+0000] {processor.py:183} INFO - Processing /home/airflow/.local/lib/python3.8/site-packages/airflow/example_dags/example_xcom.py took 0.143 seconds
[2025-10-14T07:07:58.162+0000] {processor.py:161} INFO - Started process (PID=57842) to work on /home/airflow/.local/lib/python3.8/site-packages/airflow/example_dags/example_xcom.py
[2025-10-14T07:07:58.163+0000] {processor.py:830} INFO - Processing file /home/airflow/.local/lib/python3.8/site-packages/airflow/example_dags/example_xcom.py for tasks to queue
[2025-10-14T07:07:58.165+0000] {logging_mixin.py:188} INFO - [2025-10-14T07:07:58.165+0000] {dagbag.py:538} INFO - Filling up the DagBag from /home/airflow/.local/lib/python3.8/site-packages/airflow/example_dags/example_xcom.py
[2025-10-14T07:07:58.177+0000] {processor.py:840} INFO - DAG(s) 'example_xcom' retrieved from /home/airflow/.local/lib/python3.8/site-packages/airflow/example_dags/example_xcom.py
[2025-10-14T07:07:58.219+0000] {logging_mixin.py:188} INFO - [2025-10-14T07:07:58.219+0000] {dag.py:3036} INFO - Sync 1 DAGs
[2025-10-14T07:07:58.251+0000] {logging_mixin.py:188} INFO - [2025-10-14T07:07:58.251+0000] {dag.py:3823} INFO - Setting next_dagrun for example_xcom to 2021-01-01 00:00:00+00:00, run_after=2021-01-01 00:00:00+00:00
[2025-10-14T07:07:58.299+0000] {processor.py:183} INFO - Processing /home/airflow/.local/lib/python3.8/site-packages/airflow/example_dags/example_xcom.py took 0.143 seconds
[2025-10-14T07:08:29.444+0000] {processor.py:161} INFO - Started process (PID=57913) to work on /home/airflow/.local/lib/python3.8/site-packages/airflow/example_dags/example_xcom.py
[2025-10-14T07:08:29.446+0000] {processor.py:830} INFO - Processing file /home/airflow/.local/lib/python3.8/site-packages/airflow/example_dags/example_xcom.py for tasks to queue
[2025-10-14T07:08:29.449+0000] {logging_mixin.py:188} INFO - [2025-10-14T07:08:29.448+0000] {dagbag.py:538} INFO - Filling up the DagBag from /home/airflow/.local/lib/python3.8/site-packages/airflow/example_dags/example_xcom.py
[2025-10-14T07:08:29.473+0000] {processor.py:840} INFO - DAG(s) 'example_xcom' retrieved from /home/airflow/.local/lib/python3.8/site-packages/airflow/example_dags/example_xcom.py
[2025-10-14T07:08:29.542+0000] {logging_mixin.py:188} INFO - [2025-10-14T07:08:29.542+0000] {dag.py:3036} INFO - Sync 1 DAGs
[2025-10-14T07:08:29.583+0000] {logging_mixin.py:188} INFO - [2025-10-14T07:08:29.583+0000] {dag.py:3823} INFO - Setting next_dagrun for example_xcom to 2021-01-01 00:00:00+00:00, run_after=2021-01-01 00:00:00+00:00
[2025-10-14T07:08:29.615+0000] {processor.py:183} INFO - Processing /home/airflow/.local/lib/python3.8/site-packages/airflow/example_dags/example_xcom.py took 0.177 seconds
[2025-10-14T07:09:00.833+0000] {processor.py:161} INFO - Started process (PID=57983) to work on /home/airflow/.local/lib/python3.8/site-packages/airflow/example_dags/example_xcom.py
[2025-10-14T07:09:00.835+0000] {processor.py:830} INFO - Processing file /home/airflow/.local/lib/python3.8/site-packages/airflow/example_dags/example_xcom.py for tasks to queue
[2025-10-14T07:09:00.837+0000] {logging_mixin.py:188} INFO - [2025-10-14T07:09:00.836+0000] {dagbag.py:538} INFO - Filling up the DagBag from /home/airflow/.local/lib/python3.8/site-packages/airflow/example_dags/example_xcom.py
[2025-10-14T07:09:00.848+0000] {processor.py:840} INFO - DAG(s) 'example_xcom' retrieved from /home/airflow/.local/lib/python3.8/site-packages/airflow/example_dags/example_xcom.py
[2025-10-14T07:09:00.907+0000] {logging_mixin.py:188} INFO - [2025-10-14T07:09:00.906+0000] {dag.py:3036} INFO - Sync 1 DAGs
[2025-10-14T07:09:00.952+0000] {logging_mixin.py:188} INFO - [2025-10-14T07:09:00.951+0000] {dag.py:3823} INFO - Setting next_dagrun for example_xcom to 2021-01-01 00:00:00+00:00, run_after=2021-01-01 00:00:00+00:00
[2025-10-14T07:09:00.991+0000] {processor.py:183} INFO - Processing /home/airflow/.local/lib/python3.8/site-packages/airflow/example_dags/example_xcom.py took 0.164 seconds
[2025-10-14T07:09:32.595+0000] {processor.py:161} INFO - Started process (PID=58053) to work on /home/airflow/.local/lib/python3.8/site-packages/airflow/example_dags/example_xcom.py
[2025-10-14T07:09:32.598+0000] {processor.py:830} INFO - Processing file /home/airflow/.local/lib/python3.8/site-packages/airflow/example_dags/example_xcom.py for tasks to queue
[2025-10-14T07:09:32.600+0000] {logging_mixin.py:188} INFO - [2025-10-14T07:09:32.599+0000] {dagbag.py:538} INFO - Filling up the DagBag from /home/airflow/.local/lib/python3.8/site-packages/airflow/example_dags/example_xcom.py
[2025-10-14T07:09:32.612+0000] {processor.py:840} INFO - DAG(s) 'example_xcom' retrieved from /home/airflow/.local/lib/python3.8/site-packages/airflow/example_dags/example_xcom.py
[2025-10-14T07:09:32.657+0000] {logging_mixin.py:188} INFO - [2025-10-14T07:09:32.657+0000] {dag.py:3036} INFO - Sync 1 DAGs
[2025-10-14T07:09:32.690+0000] {logging_mixin.py:188} INFO - [2025-10-14T07:09:32.689+0000] {dag.py:3823} INFO - Setting next_dagrun for example_xcom to 2021-01-01 00:00:00+00:00, run_after=2021-01-01 00:00:00+00:00
[2025-10-14T07:09:32.764+0000] {processor.py:183} INFO - Processing /home/airflow/.local/lib/python3.8/site-packages/airflow/example_dags/example_xcom.py took 0.175 seconds
[2025-10-14T07:10:04.271+0000] {processor.py:161} INFO - Started process (PID=58123) to work on /home/airflow/.local/lib/python3.8/site-packages/airflow/example_dags/example_xcom.py
[2025-10-14T07:10:04.274+0000] {processor.py:830} INFO - Processing file /home/airflow/.local/lib/python3.8/site-packages/airflow/example_dags/example_xcom.py for tasks to queue
[2025-10-14T07:10:04.277+0000] {logging_mixin.py:188} INFO - [2025-10-14T07:10:04.276+0000] {dagbag.py:538} INFO - Filling up the DagBag from /home/airflow/.local/lib/python3.8/site-packages/airflow/example_dags/example_xcom.py
[2025-10-14T07:10:04.300+0000] {processor.py:840} INFO - DAG(s) 'example_xcom' retrieved from /home/airflow/.local/lib/python3.8/site-packages/airflow/example_dags/example_xcom.py
[2025-10-14T07:10:04.363+0000] {logging_mixin.py:188} INFO - [2025-10-14T07:10:04.363+0000] {dag.py:3036} INFO - Sync 1 DAGs
[2025-10-14T07:10:04.399+0000] {logging_mixin.py:188} INFO - [2025-10-14T07:10:04.399+0000] {dag.py:3823} INFO - Setting next_dagrun for example_xcom to 2021-01-01 00:00:00+00:00, run_after=2021-01-01 00:00:00+00:00
[2025-10-14T07:10:04.431+0000] {processor.py:183} INFO - Processing /home/airflow/.local/lib/python3.8/site-packages/airflow/example_dags/example_xcom.py took 0.171 seconds
[2025-10-14T07:10:35.366+0000] {processor.py:161} INFO - Started process (PID=58194) to work on /home/airflow/.local/lib/python3.8/site-packages/airflow/example_dags/example_xcom.py
[2025-10-14T07:10:35.369+0000] {processor.py:830} INFO - Processing file /home/airflow/.local/lib/python3.8/site-packages/airflow/example_dags/example_xcom.py for tasks to queue
[2025-10-14T07:10:35.372+0000] {logging_mixin.py:188} INFO - [2025-10-14T07:10:35.371+0000] {dagbag.py:538} INFO - Filling up the DagBag from /home/airflow/.local/lib/python3.8/site-packages/airflow/example_dags/example_xcom.py
[2025-10-14T07:10:35.384+0000] {processor.py:840} INFO - DAG(s) 'example_xcom' retrieved from /home/airflow/.local/lib/python3.8/site-packages/airflow/example_dags/example_xcom.py
[2025-10-14T07:10:35.423+0000] {logging_mixin.py:188} INFO - [2025-10-14T07:10:35.423+0000] {dag.py:3036} INFO - Sync 1 DAGs
[2025-10-14T07:10:35.457+0000] {logging_mixin.py:188} INFO - [2025-10-14T07:10:35.457+0000] {dag.py:3823} INFO - Setting next_dagrun for example_xcom to 2021-01-01 00:00:00+00:00, run_after=2021-01-01 00:00:00+00:00
[2025-10-14T07:10:35.511+0000] {processor.py:183} INFO - Processing /home/airflow/.local/lib/python3.8/site-packages/airflow/example_dags/example_xcom.py took 0.151 seconds
[2025-10-14T07:11:06.935+0000] {processor.py:161} INFO - Started process (PID=58264) to work on /home/airflow/.local/lib/python3.8/site-packages/airflow/example_dags/example_xcom.py
[2025-10-14T07:11:06.938+0000] {processor.py:830} INFO - Processing file /home/airflow/.local/lib/python3.8/site-packages/airflow/example_dags/example_xcom.py for tasks to queue
[2025-10-14T07:11:06.940+0000] {logging_mixin.py:188} INFO - [2025-10-14T07:11:06.940+0000] {dagbag.py:538} INFO - Filling up the DagBag from /home/airflow/.local/lib/python3.8/site-packages/airflow/example_dags/example_xcom.py
[2025-10-14T07:11:06.961+0000] {processor.py:840} INFO - DAG(s) 'example_xcom' retrieved from /home/airflow/.local/lib/python3.8/site-packages/airflow/example_dags/example_xcom.py
[2025-10-14T07:11:07.017+0000] {logging_mixin.py:188} INFO - [2025-10-14T07:11:07.017+0000] {dag.py:3036} INFO - Sync 1 DAGs
[2025-10-14T07:11:07.055+0000] {logging_mixin.py:188} INFO - [2025-10-14T07:11:07.054+0000] {dag.py:3823} INFO - Setting next_dagrun for example_xcom to 2021-01-01 00:00:00+00:00, run_after=2021-01-01 00:00:00+00:00
[2025-10-14T07:11:07.126+0000] {processor.py:183} INFO - Processing /home/airflow/.local/lib/python3.8/site-packages/airflow/example_dags/example_xcom.py took 0.202 seconds
[2025-10-14T07:11:38.211+0000] {processor.py:161} INFO - Started process (PID=58334) to work on /home/airflow/.local/lib/python3.8/site-packages/airflow/example_dags/example_xcom.py
[2025-10-14T07:11:38.214+0000] {processor.py:830} INFO - Processing file /home/airflow/.local/lib/python3.8/site-packages/airflow/example_dags/example_xcom.py for tasks to queue
[2025-10-14T07:11:38.216+0000] {logging_mixin.py:188} INFO - [2025-10-14T07:11:38.215+0000] {dagbag.py:538} INFO - Filling up the DagBag from /home/airflow/.local/lib/python3.8/site-packages/airflow/example_dags/example_xcom.py
[2025-10-14T07:11:38.233+0000] {processor.py:840} INFO - DAG(s) 'example_xcom' retrieved from /home/airflow/.local/lib/python3.8/site-packages/airflow/example_dags/example_xcom.py
[2025-10-14T07:11:38.290+0000] {logging_mixin.py:188} INFO - [2025-10-14T07:11:38.289+0000] {dag.py:3036} INFO - Sync 1 DAGs
[2025-10-14T07:11:38.326+0000] {logging_mixin.py:188} INFO - [2025-10-14T07:11:38.326+0000] {dag.py:3823} INFO - Setting next_dagrun for example_xcom to 2021-01-01 00:00:00+00:00, run_after=2021-01-01 00:00:00+00:00
[2025-10-14T07:11:38.382+0000] {processor.py:183} INFO - Processing /home/airflow/.local/lib/python3.8/site-packages/airflow/example_dags/example_xcom.py took 0.177 seconds
[2025-10-14T07:12:09.885+0000] {processor.py:161} INFO - Started process (PID=58404) to work on /home/airflow/.local/lib/python3.8/site-packages/airflow/example_dags/example_xcom.py
[2025-10-14T07:12:09.887+0000] {processor.py:830} INFO - Processing file /home/airflow/.local/lib/python3.8/site-packages/airflow/example_dags/example_xcom.py for tasks to queue
[2025-10-14T07:12:09.889+0000] {logging_mixin.py:188} INFO - [2025-10-14T07:12:09.888+0000] {dagbag.py:538} INFO - Filling up the DagBag from /home/airflow/.local/lib/python3.8/site-packages/airflow/example_dags/example_xcom.py
[2025-10-14T07:12:09.903+0000] {processor.py:840} INFO - DAG(s) 'example_xcom' retrieved from /home/airflow/.local/lib/python3.8/site-packages/airflow/example_dags/example_xcom.py
[2025-10-14T07:12:09.947+0000] {logging_mixin.py:188} INFO - [2025-10-14T07:12:09.947+0000] {dag.py:3036} INFO - Sync 1 DAGs
[2025-10-14T07:12:09.985+0000] {logging_mixin.py:188} INFO - [2025-10-14T07:12:09.985+0000] {dag.py:3823} INFO - Setting next_dagrun for example_xcom to 2021-01-01 00:00:00+00:00, run_after=2021-01-01 00:00:00+00:00
[2025-10-14T07:12:10.048+0000] {processor.py:183} INFO - Processing /home/airflow/.local/lib/python3.8/site-packages/airflow/example_dags/example_xcom.py took 0.168 seconds
[2025-10-14T07:12:41.179+0000] {processor.py:161} INFO - Started process (PID=58474) to work on /home/airflow/.local/lib/python3.8/site-packages/airflow/example_dags/example_xcom.py
[2025-10-14T07:12:41.182+0000] {processor.py:830} INFO - Processing file /home/airflow/.local/lib/python3.8/site-packages/airflow/example_dags/example_xcom.py for tasks to queue
[2025-10-14T07:12:41.184+0000] {logging_mixin.py:188} INFO - [2025-10-14T07:12:41.183+0000] {dagbag.py:538} INFO - Filling up the DagBag from /home/airflow/.local/lib/python3.8/site-packages/airflow/example_dags/example_xcom.py
[2025-10-14T07:12:41.199+0000] {processor.py:840} INFO - DAG(s) 'example_xcom' retrieved from /home/airflow/.local/lib/python3.8/site-packages/airflow/example_dags/example_xcom.py
[2025-10-14T07:12:41.246+0000] {logging_mixin.py:188} INFO - [2025-10-14T07:12:41.245+0000] {dag.py:3036} INFO - Sync 1 DAGs
[2025-10-14T07:12:41.284+0000] {logging_mixin.py:188} INFO - [2025-10-14T07:12:41.284+0000] {dag.py:3823} INFO - Setting next_dagrun for example_xcom to 2021-01-01 00:00:00+00:00, run_after=2021-01-01 00:00:00+00:00
[2025-10-14T07:12:41.318+0000] {processor.py:183} INFO - Processing /home/airflow/.local/lib/python3.8/site-packages/airflow/example_dags/example_xcom.py took 0.146 seconds
[2025-10-14T07:13:13.070+0000] {processor.py:161} INFO - Started process (PID=58544) to work on /home/airflow/.local/lib/python3.8/site-packages/airflow/example_dags/example_xcom.py
[2025-10-14T07:13:13.073+0000] {processor.py:830} INFO - Processing file /home/airflow/.local/lib/python3.8/site-packages/airflow/example_dags/example_xcom.py for tasks to queue
[2025-10-14T07:13:13.075+0000] {logging_mixin.py:188} INFO - [2025-10-14T07:13:13.075+0000] {dagbag.py:538} INFO - Filling up the DagBag from /home/airflow/.local/lib/python3.8/site-packages/airflow/example_dags/example_xcom.py
[2025-10-14T07:13:13.089+0000] {processor.py:840} INFO - DAG(s) 'example_xcom' retrieved from /home/airflow/.local/lib/python3.8/site-packages/airflow/example_dags/example_xcom.py
[2025-10-14T07:13:13.131+0000] {logging_mixin.py:188} INFO - [2025-10-14T07:13:13.130+0000] {dag.py:3036} INFO - Sync 1 DAGs
[2025-10-14T07:13:13.164+0000] {logging_mixin.py:188} INFO - [2025-10-14T07:13:13.163+0000] {dag.py:3823} INFO - Setting next_dagrun for example_xcom to 2021-01-01 00:00:00+00:00, run_after=2021-01-01 00:00:00+00:00
[2025-10-14T07:13:13.196+0000] {processor.py:183} INFO - Processing /home/airflow/.local/lib/python3.8/site-packages/airflow/example_dags/example_xcom.py took 0.131 seconds
[2025-10-14T07:13:45.248+0000] {processor.py:161} INFO - Started process (PID=58614) to work on /home/airflow/.local/lib/python3.8/site-packages/airflow/example_dags/example_xcom.py
[2025-10-14T07:13:45.250+0000] {processor.py:830} INFO - Processing file /home/airflow/.local/lib/python3.8/site-packages/airflow/example_dags/example_xcom.py for tasks to queue
[2025-10-14T07:13:45.252+0000] {logging_mixin.py:188} INFO - [2025-10-14T07:13:45.252+0000] {dagbag.py:538} INFO - Filling up the DagBag from /home/airflow/.local/lib/python3.8/site-packages/airflow/example_dags/example_xcom.py
[2025-10-14T07:13:45.266+0000] {processor.py:840} INFO - DAG(s) 'example_xcom' retrieved from /home/airflow/.local/lib/python3.8/site-packages/airflow/example_dags/example_xcom.py
[2025-10-14T07:13:45.306+0000] {logging_mixin.py:188} INFO - [2025-10-14T07:13:45.306+0000] {dag.py:3036} INFO - Sync 1 DAGs
[2025-10-14T07:13:45.339+0000] {logging_mixin.py:188} INFO - [2025-10-14T07:13:45.339+0000] {dag.py:3823} INFO - Setting next_dagrun for example_xcom to 2021-01-01 00:00:00+00:00, run_after=2021-01-01 00:00:00+00:00
[2025-10-14T07:13:45.397+0000] {processor.py:183} INFO - Processing /home/airflow/.local/lib/python3.8/site-packages/airflow/example_dags/example_xcom.py took 0.155 seconds
[2025-10-14T07:14:15.812+0000] {processor.py:161} INFO - Started process (PID=58684) to work on /home/airflow/.local/lib/python3.8/site-packages/airflow/example_dags/example_xcom.py
[2025-10-14T07:14:15.814+0000] {processor.py:830} INFO - Processing file /home/airflow/.local/lib/python3.8/site-packages/airflow/example_dags/example_xcom.py for tasks to queue
[2025-10-14T07:14:15.816+0000] {logging_mixin.py:188} INFO - [2025-10-14T07:14:15.816+0000] {dagbag.py:538} INFO - Filling up the DagBag from /home/airflow/.local/lib/python3.8/site-packages/airflow/example_dags/example_xcom.py
[2025-10-14T07:14:15.834+0000] {processor.py:840} INFO - DAG(s) 'example_xcom' retrieved from /home/airflow/.local/lib/python3.8/site-packages/airflow/example_dags/example_xcom.py
[2025-10-14T07:14:15.877+0000] {logging_mixin.py:188} INFO - [2025-10-14T07:14:15.876+0000] {dag.py:3036} INFO - Sync 1 DAGs
[2025-10-14T07:14:15.909+0000] {logging_mixin.py:188} INFO - [2025-10-14T07:14:15.908+0000] {dag.py:3823} INFO - Setting next_dagrun for example_xcom to 2021-01-01 00:00:00+00:00, run_after=2021-01-01 00:00:00+00:00
[2025-10-14T07:14:15.940+0000] {processor.py:183} INFO - Processing /home/airflow/.local/lib/python3.8/site-packages/airflow/example_dags/example_xcom.py took 0.137 seconds
[2025-10-14T07:14:46.915+0000] {processor.py:161} INFO - Started process (PID=58754) to work on /home/airflow/.local/lib/python3.8/site-packages/airflow/example_dags/example_xcom.py
[2025-10-14T07:14:46.917+0000] {processor.py:830} INFO - Processing file /home/airflow/.local/lib/python3.8/site-packages/airflow/example_dags/example_xcom.py for tasks to queue
[2025-10-14T07:14:46.920+0000] {logging_mixin.py:188} INFO - [2025-10-14T07:14:46.920+0000] {dagbag.py:538} INFO - Filling up the DagBag from /home/airflow/.local/lib/python3.8/site-packages/airflow/example_dags/example_xcom.py
[2025-10-14T07:14:46.944+0000] {processor.py:840} INFO - DAG(s) 'example_xcom' retrieved from /home/airflow/.local/lib/python3.8/site-packages/airflow/example_dags/example_xcom.py
[2025-10-14T07:14:47.015+0000] {logging_mixin.py:188} INFO - [2025-10-14T07:14:47.015+0000] {dag.py:3036} INFO - Sync 1 DAGs
[2025-10-14T07:14:47.054+0000] {logging_mixin.py:188} INFO - [2025-10-14T07:14:47.054+0000] {dag.py:3823} INFO - Setting next_dagrun for example_xcom to 2021-01-01 00:00:00+00:00, run_after=2021-01-01 00:00:00+00:00
[2025-10-14T07:14:47.124+0000] {processor.py:183} INFO - Processing /home/airflow/.local/lib/python3.8/site-packages/airflow/example_dags/example_xcom.py took 0.219 seconds
[2025-10-14T07:15:18.056+0000] {processor.py:161} INFO - Started process (PID=58824) to work on /home/airflow/.local/lib/python3.8/site-packages/airflow/example_dags/example_xcom.py
[2025-10-14T07:15:18.057+0000] {processor.py:830} INFO - Processing file /home/airflow/.local/lib/python3.8/site-packages/airflow/example_dags/example_xcom.py for tasks to queue
[2025-10-14T07:15:18.059+0000] {logging_mixin.py:188} INFO - [2025-10-14T07:15:18.059+0000] {dagbag.py:538} INFO - Filling up the DagBag from /home/airflow/.local/lib/python3.8/site-packages/airflow/example_dags/example_xcom.py
[2025-10-14T07:15:18.071+0000] {processor.py:840} INFO - DAG(s) 'example_xcom' retrieved from /home/airflow/.local/lib/python3.8/site-packages/airflow/example_dags/example_xcom.py
[2025-10-14T07:15:18.132+0000] {logging_mixin.py:188} INFO - [2025-10-14T07:15:18.132+0000] {dag.py:3036} INFO - Sync 1 DAGs
[2025-10-14T07:15:18.170+0000] {logging_mixin.py:188} INFO - [2025-10-14T07:15:18.170+0000] {dag.py:3823} INFO - Setting next_dagrun for example_xcom to 2021-01-01 00:00:00+00:00, run_after=2021-01-01 00:00:00+00:00
[2025-10-14T07:15:18.203+0000] {processor.py:183} INFO - Processing /home/airflow/.local/lib/python3.8/site-packages/airflow/example_dags/example_xcom.py took 0.152 seconds
[2025-10-14T07:15:49.914+0000] {processor.py:161} INFO - Started process (PID=58899) to work on /home/airflow/.local/lib/python3.8/site-packages/airflow/example_dags/example_xcom.py
[2025-10-14T07:15:49.916+0000] {processor.py:830} INFO - Processing file /home/airflow/.local/lib/python3.8/site-packages/airflow/example_dags/example_xcom.py for tasks to queue
[2025-10-14T07:15:49.917+0000] {logging_mixin.py:188} INFO - [2025-10-14T07:15:49.917+0000] {dagbag.py:538} INFO - Filling up the DagBag from /home/airflow/.local/lib/python3.8/site-packages/airflow/example_dags/example_xcom.py
[2025-10-14T07:15:49.934+0000] {processor.py:840} INFO - DAG(s) 'example_xcom' retrieved from /home/airflow/.local/lib/python3.8/site-packages/airflow/example_dags/example_xcom.py
[2025-10-14T07:15:49.977+0000] {logging_mixin.py:188} INFO - [2025-10-14T07:15:49.977+0000] {dag.py:3036} INFO - Sync 1 DAGs
[2025-10-14T07:15:50.030+0000] {logging_mixin.py:188} INFO - [2025-10-14T07:15:50.030+0000] {dag.py:3823} INFO - Setting next_dagrun for example_xcom to 2021-01-01 00:00:00+00:00, run_after=2021-01-01 00:00:00+00:00
[2025-10-14T07:15:50.091+0000] {processor.py:183} INFO - Processing /home/airflow/.local/lib/python3.8/site-packages/airflow/example_dags/example_xcom.py took 0.182 seconds
[2025-10-14T07:16:21.077+0000] {processor.py:161} INFO - Started process (PID=58969) to work on /home/airflow/.local/lib/python3.8/site-packages/airflow/example_dags/example_xcom.py
[2025-10-14T07:16:21.080+0000] {processor.py:830} INFO - Processing file /home/airflow/.local/lib/python3.8/site-packages/airflow/example_dags/example_xcom.py for tasks to queue
[2025-10-14T07:16:21.081+0000] {logging_mixin.py:188} INFO - [2025-10-14T07:16:21.081+0000] {dagbag.py:538} INFO - Filling up the DagBag from /home/airflow/.local/lib/python3.8/site-packages/airflow/example_dags/example_xcom.py
[2025-10-14T07:16:21.096+0000] {processor.py:840} INFO - DAG(s) 'example_xcom' retrieved from /home/airflow/.local/lib/python3.8/site-packages/airflow/example_dags/example_xcom.py
[2025-10-14T07:16:21.146+0000] {logging_mixin.py:188} INFO - [2025-10-14T07:16:21.146+0000] {dag.py:3036} INFO - Sync 1 DAGs
[2025-10-14T07:16:21.187+0000] {logging_mixin.py:188} INFO - [2025-10-14T07:16:21.187+0000] {dag.py:3823} INFO - Setting next_dagrun for example_xcom to 2021-01-01 00:00:00+00:00, run_after=2021-01-01 00:00:00+00:00
[2025-10-14T07:16:21.251+0000] {processor.py:183} INFO - Processing /home/airflow/.local/lib/python3.8/site-packages/airflow/example_dags/example_xcom.py took 0.180 seconds
[2025-10-14T07:16:52.652+0000] {processor.py:161} INFO - Started process (PID=59039) to work on /home/airflow/.local/lib/python3.8/site-packages/airflow/example_dags/example_xcom.py
[2025-10-14T07:16:52.655+0000] {processor.py:830} INFO - Processing file /home/airflow/.local/lib/python3.8/site-packages/airflow/example_dags/example_xcom.py for tasks to queue
[2025-10-14T07:16:52.658+0000] {logging_mixin.py:188} INFO - [2025-10-14T07:16:52.657+0000] {dagbag.py:538} INFO - Filling up the DagBag from /home/airflow/.local/lib/python3.8/site-packages/airflow/example_dags/example_xcom.py
[2025-10-14T07:16:52.680+0000] {processor.py:840} INFO - DAG(s) 'example_xcom' retrieved from /home/airflow/.local/lib/python3.8/site-packages/airflow/example_dags/example_xcom.py
[2025-10-14T07:16:52.732+0000] {logging_mixin.py:188} INFO - [2025-10-14T07:16:52.732+0000] {dag.py:3036} INFO - Sync 1 DAGs
[2025-10-14T07:16:52.771+0000] {logging_mixin.py:188} INFO - [2025-10-14T07:16:52.771+0000] {dag.py:3823} INFO - Setting next_dagrun for example_xcom to 2021-01-01 00:00:00+00:00, run_after=2021-01-01 00:00:00+00:00
[2025-10-14T07:16:52.834+0000] {processor.py:183} INFO - Processing /home/airflow/.local/lib/python3.8/site-packages/airflow/example_dags/example_xcom.py took 0.191 seconds
[2025-10-14T07:17:24.262+0000] {processor.py:161} INFO - Started process (PID=59109) to work on /home/airflow/.local/lib/python3.8/site-packages/airflow/example_dags/example_xcom.py
[2025-10-14T07:17:24.264+0000] {processor.py:830} INFO - Processing file /home/airflow/.local/lib/python3.8/site-packages/airflow/example_dags/example_xcom.py for tasks to queue
[2025-10-14T07:17:24.267+0000] {logging_mixin.py:188} INFO - [2025-10-14T07:17:24.266+0000] {dagbag.py:538} INFO - Filling up the DagBag from /home/airflow/.local/lib/python3.8/site-packages/airflow/example_dags/example_xcom.py
[2025-10-14T07:17:24.281+0000] {processor.py:840} INFO - DAG(s) 'example_xcom' retrieved from /home/airflow/.local/lib/python3.8/site-packages/airflow/example_dags/example_xcom.py
[2025-10-14T07:17:24.334+0000] {logging_mixin.py:188} INFO - [2025-10-14T07:17:24.334+0000] {dag.py:3036} INFO - Sync 1 DAGs
[2025-10-14T07:17:24.381+0000] {logging_mixin.py:188} INFO - [2025-10-14T07:17:24.381+0000] {dag.py:3823} INFO - Setting next_dagrun for example_xcom to 2021-01-01 00:00:00+00:00, run_after=2021-01-01 00:00:00+00:00
[2025-10-14T07:17:24.442+0000] {processor.py:183} INFO - Processing /home/airflow/.local/lib/python3.8/site-packages/airflow/example_dags/example_xcom.py took 0.186 seconds
[2025-10-14T07:17:55.875+0000] {processor.py:161} INFO - Started process (PID=59179) to work on /home/airflow/.local/lib/python3.8/site-packages/airflow/example_dags/example_xcom.py
[2025-10-14T07:17:55.876+0000] {processor.py:830} INFO - Processing file /home/airflow/.local/lib/python3.8/site-packages/airflow/example_dags/example_xcom.py for tasks to queue
[2025-10-14T07:17:55.878+0000] {logging_mixin.py:188} INFO - [2025-10-14T07:17:55.878+0000] {dagbag.py:538} INFO - Filling up the DagBag from /home/airflow/.local/lib/python3.8/site-packages/airflow/example_dags/example_xcom.py
[2025-10-14T07:17:55.892+0000] {processor.py:840} INFO - DAG(s) 'example_xcom' retrieved from /home/airflow/.local/lib/python3.8/site-packages/airflow/example_dags/example_xcom.py
[2025-10-14T07:17:55.941+0000] {logging_mixin.py:188} INFO - [2025-10-14T07:17:55.940+0000] {dag.py:3036} INFO - Sync 1 DAGs
[2025-10-14T07:17:55.984+0000] {logging_mixin.py:188} INFO - [2025-10-14T07:17:55.984+0000] {dag.py:3823} INFO - Setting next_dagrun for example_xcom to 2021-01-01 00:00:00+00:00, run_after=2021-01-01 00:00:00+00:00
[2025-10-14T07:17:56.041+0000] {processor.py:183} INFO - Processing /home/airflow/.local/lib/python3.8/site-packages/airflow/example_dags/example_xcom.py took 0.173 seconds
[2025-10-14T07:18:27.702+0000] {processor.py:161} INFO - Started process (PID=59249) to work on /home/airflow/.local/lib/python3.8/site-packages/airflow/example_dags/example_xcom.py
[2025-10-14T07:18:27.706+0000] {processor.py:830} INFO - Processing file /home/airflow/.local/lib/python3.8/site-packages/airflow/example_dags/example_xcom.py for tasks to queue
[2025-10-14T07:18:27.709+0000] {logging_mixin.py:188} INFO - [2025-10-14T07:18:27.708+0000] {dagbag.py:538} INFO - Filling up the DagBag from /home/airflow/.local/lib/python3.8/site-packages/airflow/example_dags/example_xcom.py
[2025-10-14T07:18:27.730+0000] {processor.py:840} INFO - DAG(s) 'example_xcom' retrieved from /home/airflow/.local/lib/python3.8/site-packages/airflow/example_dags/example_xcom.py
[2025-10-14T07:18:27.803+0000] {logging_mixin.py:188} INFO - [2025-10-14T07:18:27.802+0000] {dag.py:3036} INFO - Sync 1 DAGs
[2025-10-14T07:18:27.864+0000] {logging_mixin.py:188} INFO - [2025-10-14T07:18:27.863+0000] {dag.py:3823} INFO - Setting next_dagrun for example_xcom to 2021-01-01 00:00:00+00:00, run_after=2021-01-01 00:00:00+00:00
[2025-10-14T07:18:27.946+0000] {processor.py:183} INFO - Processing /home/airflow/.local/lib/python3.8/site-packages/airflow/example_dags/example_xcom.py took 0.252 seconds
[2025-10-14T07:18:58.737+0000] {processor.py:161} INFO - Started process (PID=59319) to work on /home/airflow/.local/lib/python3.8/site-packages/airflow/example_dags/example_xcom.py
[2025-10-14T07:18:58.739+0000] {processor.py:830} INFO - Processing file /home/airflow/.local/lib/python3.8/site-packages/airflow/example_dags/example_xcom.py for tasks to queue
[2025-10-14T07:18:58.741+0000] {logging_mixin.py:188} INFO - [2025-10-14T07:18:58.740+0000] {dagbag.py:538} INFO - Filling up the DagBag from /home/airflow/.local/lib/python3.8/site-packages/airflow/example_dags/example_xcom.py
[2025-10-14T07:18:58.753+0000] {processor.py:840} INFO - DAG(s) 'example_xcom' retrieved from /home/airflow/.local/lib/python3.8/site-packages/airflow/example_dags/example_xcom.py
[2025-10-14T07:18:58.805+0000] {logging_mixin.py:188} INFO - [2025-10-14T07:18:58.805+0000] {dag.py:3036} INFO - Sync 1 DAGs
[2025-10-14T07:18:58.836+0000] {logging_mixin.py:188} INFO - [2025-10-14T07:18:58.835+0000] {dag.py:3823} INFO - Setting next_dagrun for example_xcom to 2021-01-01 00:00:00+00:00, run_after=2021-01-01 00:00:00+00:00
[2025-10-14T07:18:58.895+0000] {processor.py:183} INFO - Processing /home/airflow/.local/lib/python3.8/site-packages/airflow/example_dags/example_xcom.py took 0.164 seconds
[2025-10-14T07:19:30.314+0000] {processor.py:161} INFO - Started process (PID=59389) to work on /home/airflow/.local/lib/python3.8/site-packages/airflow/example_dags/example_xcom.py
[2025-10-14T07:19:30.315+0000] {processor.py:830} INFO - Processing file /home/airflow/.local/lib/python3.8/site-packages/airflow/example_dags/example_xcom.py for tasks to queue
[2025-10-14T07:19:30.317+0000] {logging_mixin.py:188} INFO - [2025-10-14T07:19:30.316+0000] {dagbag.py:538} INFO - Filling up the DagBag from /home/airflow/.local/lib/python3.8/site-packages/airflow/example_dags/example_xcom.py
[2025-10-14T07:19:30.328+0000] {processor.py:840} INFO - DAG(s) 'example_xcom' retrieved from /home/airflow/.local/lib/python3.8/site-packages/airflow/example_dags/example_xcom.py
[2025-10-14T07:19:30.365+0000] {logging_mixin.py:188} INFO - [2025-10-14T07:19:30.364+0000] {dag.py:3036} INFO - Sync 1 DAGs
[2025-10-14T07:19:30.402+0000] {logging_mixin.py:188} INFO - [2025-10-14T07:19:30.402+0000] {dag.py:3823} INFO - Setting next_dagrun for example_xcom to 2021-01-01 00:00:00+00:00, run_after=2021-01-01 00:00:00+00:00
[2025-10-14T07:19:30.432+0000] {processor.py:183} INFO - Processing /home/airflow/.local/lib/python3.8/site-packages/airflow/example_dags/example_xcom.py took 0.123 seconds
[2025-10-14T07:20:02.175+0000] {processor.py:161} INFO - Started process (PID=59460) to work on /home/airflow/.local/lib/python3.8/site-packages/airflow/example_dags/example_xcom.py
[2025-10-14T07:20:02.177+0000] {processor.py:830} INFO - Processing file /home/airflow/.local/lib/python3.8/site-packages/airflow/example_dags/example_xcom.py for tasks to queue
[2025-10-14T07:20:02.178+0000] {logging_mixin.py:188} INFO - [2025-10-14T07:20:02.178+0000] {dagbag.py:538} INFO - Filling up the DagBag from /home/airflow/.local/lib/python3.8/site-packages/airflow/example_dags/example_xcom.py
[2025-10-14T07:20:02.190+0000] {processor.py:840} INFO - DAG(s) 'example_xcom' retrieved from /home/airflow/.local/lib/python3.8/site-packages/airflow/example_dags/example_xcom.py
[2025-10-14T07:20:02.236+0000] {logging_mixin.py:188} INFO - [2025-10-14T07:20:02.236+0000] {dag.py:3036} INFO - Sync 1 DAGs
[2025-10-14T07:20:02.277+0000] {logging_mixin.py:188} INFO - [2025-10-14T07:20:02.276+0000] {dag.py:3823} INFO - Setting next_dagrun for example_xcom to 2021-01-01 00:00:00+00:00, run_after=2021-01-01 00:00:00+00:00
[2025-10-14T07:20:02.333+0000] {processor.py:183} INFO - Processing /home/airflow/.local/lib/python3.8/site-packages/airflow/example_dags/example_xcom.py took 0.163 seconds
[2025-10-14T07:20:33.954+0000] {processor.py:161} INFO - Started process (PID=59530) to work on /home/airflow/.local/lib/python3.8/site-packages/airflow/example_dags/example_xcom.py
[2025-10-14T07:20:33.957+0000] {processor.py:830} INFO - Processing file /home/airflow/.local/lib/python3.8/site-packages/airflow/example_dags/example_xcom.py for tasks to queue
[2025-10-14T07:20:33.959+0000] {logging_mixin.py:188} INFO - [2025-10-14T07:20:33.958+0000] {dagbag.py:538} INFO - Filling up the DagBag from /home/airflow/.local/lib/python3.8/site-packages/airflow/example_dags/example_xcom.py
[2025-10-14T07:20:33.972+0000] {processor.py:840} INFO - DAG(s) 'example_xcom' retrieved from /home/airflow/.local/lib/python3.8/site-packages/airflow/example_dags/example_xcom.py
[2025-10-14T07:20:34.026+0000] {logging_mixin.py:188} INFO - [2025-10-14T07:20:34.026+0000] {dag.py:3036} INFO - Sync 1 DAGs
[2025-10-14T07:20:34.068+0000] {logging_mixin.py:188} INFO - [2025-10-14T07:20:34.068+0000] {dag.py:3823} INFO - Setting next_dagrun for example_xcom to 2021-01-01 00:00:00+00:00, run_after=2021-01-01 00:00:00+00:00
[2025-10-14T07:20:34.124+0000] {processor.py:183} INFO - Processing /home/airflow/.local/lib/python3.8/site-packages/airflow/example_dags/example_xcom.py took 0.176 seconds
[2025-10-14T07:21:05.348+0000] {processor.py:161} INFO - Started process (PID=59600) to work on /home/airflow/.local/lib/python3.8/site-packages/airflow/example_dags/example_xcom.py
[2025-10-14T07:21:05.350+0000] {processor.py:830} INFO - Processing file /home/airflow/.local/lib/python3.8/site-packages/airflow/example_dags/example_xcom.py for tasks to queue
[2025-10-14T07:21:05.352+0000] {logging_mixin.py:188} INFO - [2025-10-14T07:21:05.352+0000] {dagbag.py:538} INFO - Filling up the DagBag from /home/airflow/.local/lib/python3.8/site-packages/airflow/example_dags/example_xcom.py
[2025-10-14T07:21:05.366+0000] {processor.py:840} INFO - DAG(s) 'example_xcom' retrieved from /home/airflow/.local/lib/python3.8/site-packages/airflow/example_dags/example_xcom.py
[2025-10-14T07:21:05.410+0000] {logging_mixin.py:188} INFO - [2025-10-14T07:21:05.409+0000] {dag.py:3036} INFO - Sync 1 DAGs
[2025-10-14T07:21:05.448+0000] {logging_mixin.py:188} INFO - [2025-10-14T07:21:05.447+0000] {dag.py:3823} INFO - Setting next_dagrun for example_xcom to 2021-01-01 00:00:00+00:00, run_after=2021-01-01 00:00:00+00:00
[2025-10-14T07:21:05.495+0000] {processor.py:183} INFO - Processing /home/airflow/.local/lib/python3.8/site-packages/airflow/example_dags/example_xcom.py took 0.153 seconds
[2025-10-14T07:21:37.317+0000] {processor.py:161} INFO - Started process (PID=59670) to work on /home/airflow/.local/lib/python3.8/site-packages/airflow/example_dags/example_xcom.py
[2025-10-14T07:21:37.318+0000] {processor.py:830} INFO - Processing file /home/airflow/.local/lib/python3.8/site-packages/airflow/example_dags/example_xcom.py for tasks to queue
[2025-10-14T07:21:37.320+0000] {logging_mixin.py:188} INFO - [2025-10-14T07:21:37.320+0000] {dagbag.py:538} INFO - Filling up the DagBag from /home/airflow/.local/lib/python3.8/site-packages/airflow/example_dags/example_xcom.py
[2025-10-14T07:21:37.333+0000] {processor.py:840} INFO - DAG(s) 'example_xcom' retrieved from /home/airflow/.local/lib/python3.8/site-packages/airflow/example_dags/example_xcom.py
[2025-10-14T07:21:37.375+0000] {logging_mixin.py:188} INFO - [2025-10-14T07:21:37.374+0000] {dag.py:3036} INFO - Sync 1 DAGs
[2025-10-14T07:21:37.410+0000] {logging_mixin.py:188} INFO - [2025-10-14T07:21:37.410+0000] {dag.py:3823} INFO - Setting next_dagrun for example_xcom to 2021-01-01 00:00:00+00:00, run_after=2021-01-01 00:00:00+00:00
[2025-10-14T07:21:37.459+0000] {processor.py:183} INFO - Processing /home/airflow/.local/lib/python3.8/site-packages/airflow/example_dags/example_xcom.py took 0.147 seconds
[2025-10-14T07:22:08.426+0000] {processor.py:161} INFO - Started process (PID=59740) to work on /home/airflow/.local/lib/python3.8/site-packages/airflow/example_dags/example_xcom.py
[2025-10-14T07:22:08.428+0000] {processor.py:830} INFO - Processing file /home/airflow/.local/lib/python3.8/site-packages/airflow/example_dags/example_xcom.py for tasks to queue
[2025-10-14T07:22:08.430+0000] {logging_mixin.py:188} INFO - [2025-10-14T07:22:08.430+0000] {dagbag.py:538} INFO - Filling up the DagBag from /home/airflow/.local/lib/python3.8/site-packages/airflow/example_dags/example_xcom.py
[2025-10-14T07:22:08.444+0000] {processor.py:840} INFO - DAG(s) 'example_xcom' retrieved from /home/airflow/.local/lib/python3.8/site-packages/airflow/example_dags/example_xcom.py
[2025-10-14T07:22:08.490+0000] {logging_mixin.py:188} INFO - [2025-10-14T07:22:08.489+0000] {dag.py:3036} INFO - Sync 1 DAGs
[2025-10-14T07:22:08.751+0000] {logging_mixin.py:188} INFO - [2025-10-14T07:22:08.750+0000] {dag.py:3823} INFO - Setting next_dagrun for example_xcom to 2021-01-01 00:00:00+00:00, run_after=2021-01-01 00:00:00+00:00
[2025-10-14T07:22:08.814+0000] {processor.py:183} INFO - Processing /home/airflow/.local/lib/python3.8/site-packages/airflow/example_dags/example_xcom.py took 0.394 seconds
[2025-10-14T07:22:39.877+0000] {processor.py:161} INFO - Started process (PID=59810) to work on /home/airflow/.local/lib/python3.8/site-packages/airflow/example_dags/example_xcom.py
[2025-10-14T07:22:39.880+0000] {processor.py:830} INFO - Processing file /home/airflow/.local/lib/python3.8/site-packages/airflow/example_dags/example_xcom.py for tasks to queue
[2025-10-14T07:22:39.883+0000] {logging_mixin.py:188} INFO - [2025-10-14T07:22:39.882+0000] {dagbag.py:538} INFO - Filling up the DagBag from /home/airflow/.local/lib/python3.8/site-packages/airflow/example_dags/example_xcom.py
[2025-10-14T07:22:39.905+0000] {processor.py:840} INFO - DAG(s) 'example_xcom' retrieved from /home/airflow/.local/lib/python3.8/site-packages/airflow/example_dags/example_xcom.py
[2025-10-14T07:22:39.984+0000] {logging_mixin.py:188} INFO - [2025-10-14T07:22:39.983+0000] {dag.py:3036} INFO - Sync 1 DAGs
[2025-10-14T07:22:40.290+0000] {logging_mixin.py:188} INFO - [2025-10-14T07:22:40.289+0000] {dag.py:3823} INFO - Setting next_dagrun for example_xcom to 2021-01-01 00:00:00+00:00, run_after=2021-01-01 00:00:00+00:00
[2025-10-14T07:22:40.334+0000] {processor.py:183} INFO - Processing /home/airflow/.local/lib/python3.8/site-packages/airflow/example_dags/example_xcom.py took 0.466 seconds
[2025-10-14T07:23:11.298+0000] {processor.py:161} INFO - Started process (PID=59879) to work on /home/airflow/.local/lib/python3.8/site-packages/airflow/example_dags/example_xcom.py
[2025-10-14T07:23:11.300+0000] {processor.py:830} INFO - Processing file /home/airflow/.local/lib/python3.8/site-packages/airflow/example_dags/example_xcom.py for tasks to queue
[2025-10-14T07:23:11.302+0000] {logging_mixin.py:188} INFO - [2025-10-14T07:23:11.302+0000] {dagbag.py:538} INFO - Filling up the DagBag from /home/airflow/.local/lib/python3.8/site-packages/airflow/example_dags/example_xcom.py
[2025-10-14T07:23:11.321+0000] {processor.py:840} INFO - DAG(s) 'example_xcom' retrieved from /home/airflow/.local/lib/python3.8/site-packages/airflow/example_dags/example_xcom.py
[2025-10-14T07:23:11.367+0000] {logging_mixin.py:188} INFO - [2025-10-14T07:23:11.366+0000] {dag.py:3036} INFO - Sync 1 DAGs
[2025-10-14T07:23:11.603+0000] {logging_mixin.py:188} INFO - [2025-10-14T07:23:11.603+0000] {dag.py:3823} INFO - Setting next_dagrun for example_xcom to 2021-01-01 00:00:00+00:00, run_after=2021-01-01 00:00:00+00:00
[2025-10-14T07:23:11.638+0000] {processor.py:183} INFO - Processing /home/airflow/.local/lib/python3.8/site-packages/airflow/example_dags/example_xcom.py took 0.349 seconds
[2025-10-14T07:23:42.520+0000] {processor.py:161} INFO - Started process (PID=59949) to work on /home/airflow/.local/lib/python3.8/site-packages/airflow/example_dags/example_xcom.py
[2025-10-14T07:23:42.522+0000] {processor.py:830} INFO - Processing file /home/airflow/.local/lib/python3.8/site-packages/airflow/example_dags/example_xcom.py for tasks to queue
[2025-10-14T07:23:42.524+0000] {logging_mixin.py:188} INFO - [2025-10-14T07:23:42.523+0000] {dagbag.py:538} INFO - Filling up the DagBag from /home/airflow/.local/lib/python3.8/site-packages/airflow/example_dags/example_xcom.py
[2025-10-14T07:23:42.537+0000] {processor.py:840} INFO - DAG(s) 'example_xcom' retrieved from /home/airflow/.local/lib/python3.8/site-packages/airflow/example_dags/example_xcom.py
[2025-10-14T07:23:42.580+0000] {logging_mixin.py:188} INFO - [2025-10-14T07:23:42.580+0000] {dag.py:3036} INFO - Sync 1 DAGs
[2025-10-14T07:23:42.614+0000] {logging_mixin.py:188} INFO - [2025-10-14T07:23:42.613+0000] {dag.py:3823} INFO - Setting next_dagrun for example_xcom to 2021-01-01 00:00:00+00:00, run_after=2021-01-01 00:00:00+00:00
[2025-10-14T07:23:42.652+0000] {processor.py:183} INFO - Processing /home/airflow/.local/lib/python3.8/site-packages/airflow/example_dags/example_xcom.py took 0.138 seconds
[2025-10-14T07:24:13.545+0000] {processor.py:161} INFO - Started process (PID=60019) to work on /home/airflow/.local/lib/python3.8/site-packages/airflow/example_dags/example_xcom.py
[2025-10-14T07:24:13.546+0000] {processor.py:830} INFO - Processing file /home/airflow/.local/lib/python3.8/site-packages/airflow/example_dags/example_xcom.py for tasks to queue
[2025-10-14T07:24:13.548+0000] {logging_mixin.py:188} INFO - [2025-10-14T07:24:13.547+0000] {dagbag.py:538} INFO - Filling up the DagBag from /home/airflow/.local/lib/python3.8/site-packages/airflow/example_dags/example_xcom.py
[2025-10-14T07:24:13.561+0000] {processor.py:840} INFO - DAG(s) 'example_xcom' retrieved from /home/airflow/.local/lib/python3.8/site-packages/airflow/example_dags/example_xcom.py
[2025-10-14T07:24:13.604+0000] {logging_mixin.py:188} INFO - [2025-10-14T07:24:13.604+0000] {dag.py:3036} INFO - Sync 1 DAGs
[2025-10-14T07:24:13.643+0000] {logging_mixin.py:188} INFO - [2025-10-14T07:24:13.642+0000] {dag.py:3823} INFO - Setting next_dagrun for example_xcom to 2021-01-01 00:00:00+00:00, run_after=2021-01-01 00:00:00+00:00
[2025-10-14T07:24:13.717+0000] {processor.py:183} INFO - Processing /home/airflow/.local/lib/python3.8/site-packages/airflow/example_dags/example_xcom.py took 0.177 seconds
[2025-10-14T07:24:44.383+0000] {processor.py:161} INFO - Started process (PID=60089) to work on /home/airflow/.local/lib/python3.8/site-packages/airflow/example_dags/example_xcom.py
[2025-10-14T07:24:44.386+0000] {processor.py:830} INFO - Processing file /home/airflow/.local/lib/python3.8/site-packages/airflow/example_dags/example_xcom.py for tasks to queue
[2025-10-14T07:24:44.389+0000] {logging_mixin.py:188} INFO - [2025-10-14T07:24:44.388+0000] {dagbag.py:538} INFO - Filling up the DagBag from /home/airflow/.local/lib/python3.8/site-packages/airflow/example_dags/example_xcom.py
[2025-10-14T07:24:44.411+0000] {processor.py:840} INFO - DAG(s) 'example_xcom' retrieved from /home/airflow/.local/lib/python3.8/site-packages/airflow/example_dags/example_xcom.py
[2025-10-14T07:24:44.494+0000] {logging_mixin.py:188} INFO - [2025-10-14T07:24:44.493+0000] {dag.py:3036} INFO - Sync 1 DAGs
[2025-10-14T07:24:44.545+0000] {logging_mixin.py:188} INFO - [2025-10-14T07:24:44.544+0000] {dag.py:3823} INFO - Setting next_dagrun for example_xcom to 2021-01-01 00:00:00+00:00, run_after=2021-01-01 00:00:00+00:00
[2025-10-14T07:24:44.579+0000] {processor.py:183} INFO - Processing /home/airflow/.local/lib/python3.8/site-packages/airflow/example_dags/example_xcom.py took 0.207 seconds
[2025-10-14T07:25:15.299+0000] {processor.py:161} INFO - Started process (PID=60159) to work on /home/airflow/.local/lib/python3.8/site-packages/airflow/example_dags/example_xcom.py
[2025-10-14T07:25:15.302+0000] {processor.py:830} INFO - Processing file /home/airflow/.local/lib/python3.8/site-packages/airflow/example_dags/example_xcom.py for tasks to queue
[2025-10-14T07:25:15.304+0000] {logging_mixin.py:188} INFO - [2025-10-14T07:25:15.303+0000] {dagbag.py:538} INFO - Filling up the DagBag from /home/airflow/.local/lib/python3.8/site-packages/airflow/example_dags/example_xcom.py
[2025-10-14T07:25:15.318+0000] {processor.py:840} INFO - DAG(s) 'example_xcom' retrieved from /home/airflow/.local/lib/python3.8/site-packages/airflow/example_dags/example_xcom.py
[2025-10-14T07:25:15.366+0000] {logging_mixin.py:188} INFO - [2025-10-14T07:25:15.365+0000] {dag.py:3036} INFO - Sync 1 DAGs
[2025-10-14T07:25:15.411+0000] {logging_mixin.py:188} INFO - [2025-10-14T07:25:15.410+0000] {dag.py:3823} INFO - Setting next_dagrun for example_xcom to 2021-01-01 00:00:00+00:00, run_after=2021-01-01 00:00:00+00:00
[2025-10-14T07:25:15.458+0000] {processor.py:183} INFO - Processing /home/airflow/.local/lib/python3.8/site-packages/airflow/example_dags/example_xcom.py took 0.169 seconds
[2025-10-14T07:25:46.502+0000] {processor.py:161} INFO - Started process (PID=60230) to work on /home/airflow/.local/lib/python3.8/site-packages/airflow/example_dags/example_xcom.py
[2025-10-14T07:25:46.505+0000] {processor.py:830} INFO - Processing file /home/airflow/.local/lib/python3.8/site-packages/airflow/example_dags/example_xcom.py for tasks to queue
[2025-10-14T07:25:46.506+0000] {logging_mixin.py:188} INFO - [2025-10-14T07:25:46.506+0000] {dagbag.py:538} INFO - Filling up the DagBag from /home/airflow/.local/lib/python3.8/site-packages/airflow/example_dags/example_xcom.py
[2025-10-14T07:25:46.520+0000] {processor.py:840} INFO - DAG(s) 'example_xcom' retrieved from /home/airflow/.local/lib/python3.8/site-packages/airflow/example_dags/example_xcom.py
[2025-10-14T07:25:46.567+0000] {logging_mixin.py:188} INFO - [2025-10-14T07:25:46.566+0000] {dag.py:3036} INFO - Sync 1 DAGs
[2025-10-14T07:25:46.631+0000] {logging_mixin.py:188} INFO - [2025-10-14T07:25:46.630+0000] {dag.py:3823} INFO - Setting next_dagrun for example_xcom to 2021-01-01 00:00:00+00:00, run_after=2021-01-01 00:00:00+00:00
[2025-10-14T07:25:46.677+0000] {processor.py:183} INFO - Processing /home/airflow/.local/lib/python3.8/site-packages/airflow/example_dags/example_xcom.py took 0.181 seconds
[2025-10-14T07:26:17.751+0000] {processor.py:161} INFO - Started process (PID=60300) to work on /home/airflow/.local/lib/python3.8/site-packages/airflow/example_dags/example_xcom.py
[2025-10-14T07:26:17.753+0000] {processor.py:830} INFO - Processing file /home/airflow/.local/lib/python3.8/site-packages/airflow/example_dags/example_xcom.py for tasks to queue
[2025-10-14T07:26:17.756+0000] {logging_mixin.py:188} INFO - [2025-10-14T07:26:17.756+0000] {dagbag.py:538} INFO - Filling up the DagBag from /home/airflow/.local/lib/python3.8/site-packages/airflow/example_dags/example_xcom.py
[2025-10-14T07:26:17.779+0000] {processor.py:840} INFO - DAG(s) 'example_xcom' retrieved from /home/airflow/.local/lib/python3.8/site-packages/airflow/example_dags/example_xcom.py
[2025-10-14T07:26:17.832+0000] {logging_mixin.py:188} INFO - [2025-10-14T07:26:17.831+0000] {dag.py:3036} INFO - Sync 1 DAGs
[2025-10-14T07:26:17.871+0000] {logging_mixin.py:188} INFO - [2025-10-14T07:26:17.870+0000] {dag.py:3823} INFO - Setting next_dagrun for example_xcom to 2021-01-01 00:00:00+00:00, run_after=2021-01-01 00:00:00+00:00
[2025-10-14T07:26:17.899+0000] {processor.py:183} INFO - Processing /home/airflow/.local/lib/python3.8/site-packages/airflow/example_dags/example_xcom.py took 0.156 seconds
[2025-10-14T07:26:48.957+0000] {processor.py:161} INFO - Started process (PID=60370) to work on /home/airflow/.local/lib/python3.8/site-packages/airflow/example_dags/example_xcom.py
[2025-10-14T07:26:48.959+0000] {processor.py:830} INFO - Processing file /home/airflow/.local/lib/python3.8/site-packages/airflow/example_dags/example_xcom.py for tasks to queue
[2025-10-14T07:26:48.960+0000] {logging_mixin.py:188} INFO - [2025-10-14T07:26:48.960+0000] {dagbag.py:538} INFO - Filling up the DagBag from /home/airflow/.local/lib/python3.8/site-packages/airflow/example_dags/example_xcom.py
[2025-10-14T07:26:48.972+0000] {processor.py:840} INFO - DAG(s) 'example_xcom' retrieved from /home/airflow/.local/lib/python3.8/site-packages/airflow/example_dags/example_xcom.py
[2025-10-14T07:26:49.010+0000] {logging_mixin.py:188} INFO - [2025-10-14T07:26:49.009+0000] {dag.py:3036} INFO - Sync 1 DAGs
[2025-10-14T07:26:49.040+0000] {logging_mixin.py:188} INFO - [2025-10-14T07:26:49.040+0000] {dag.py:3823} INFO - Setting next_dagrun for example_xcom to 2021-01-01 00:00:00+00:00, run_after=2021-01-01 00:00:00+00:00
[2025-10-14T07:26:49.098+0000] {processor.py:183} INFO - Processing /home/airflow/.local/lib/python3.8/site-packages/airflow/example_dags/example_xcom.py took 0.146 seconds
[2025-10-14T07:27:20.311+0000] {processor.py:161} INFO - Started process (PID=60439) to work on /home/airflow/.local/lib/python3.8/site-packages/airflow/example_dags/example_xcom.py
[2025-10-14T07:27:20.314+0000] {processor.py:830} INFO - Processing file /home/airflow/.local/lib/python3.8/site-packages/airflow/example_dags/example_xcom.py for tasks to queue
[2025-10-14T07:27:20.317+0000] {logging_mixin.py:188} INFO - [2025-10-14T07:27:20.316+0000] {dagbag.py:538} INFO - Filling up the DagBag from /home/airflow/.local/lib/python3.8/site-packages/airflow/example_dags/example_xcom.py
[2025-10-14T07:27:20.338+0000] {processor.py:840} INFO - DAG(s) 'example_xcom' retrieved from /home/airflow/.local/lib/python3.8/site-packages/airflow/example_dags/example_xcom.py
[2025-10-14T07:27:20.412+0000] {logging_mixin.py:188} INFO - [2025-10-14T07:27:20.411+0000] {dag.py:3036} INFO - Sync 1 DAGs
[2025-10-14T07:27:20.472+0000] {logging_mixin.py:188} INFO - [2025-10-14T07:27:20.471+0000] {dag.py:3823} INFO - Setting next_dagrun for example_xcom to 2021-01-01 00:00:00+00:00, run_after=2021-01-01 00:00:00+00:00
[2025-10-14T07:27:20.520+0000] {processor.py:183} INFO - Processing /home/airflow/.local/lib/python3.8/site-packages/airflow/example_dags/example_xcom.py took 0.218 seconds
[2025-10-14T07:27:51.723+0000] {processor.py:161} INFO - Started process (PID=60509) to work on /home/airflow/.local/lib/python3.8/site-packages/airflow/example_dags/example_xcom.py
[2025-10-14T07:27:51.725+0000] {processor.py:830} INFO - Processing file /home/airflow/.local/lib/python3.8/site-packages/airflow/example_dags/example_xcom.py for tasks to queue
[2025-10-14T07:27:51.727+0000] {logging_mixin.py:188} INFO - [2025-10-14T07:27:51.727+0000] {dagbag.py:538} INFO - Filling up the DagBag from /home/airflow/.local/lib/python3.8/site-packages/airflow/example_dags/example_xcom.py
[2025-10-14T07:27:51.738+0000] {processor.py:840} INFO - DAG(s) 'example_xcom' retrieved from /home/airflow/.local/lib/python3.8/site-packages/airflow/example_dags/example_xcom.py
[2025-10-14T07:27:51.775+0000] {logging_mixin.py:188} INFO - [2025-10-14T07:27:51.775+0000] {dag.py:3036} INFO - Sync 1 DAGs
[2025-10-14T07:27:51.808+0000] {logging_mixin.py:188} INFO - [2025-10-14T07:27:51.808+0000] {dag.py:3823} INFO - Setting next_dagrun for example_xcom to 2021-01-01 00:00:00+00:00, run_after=2021-01-01 00:00:00+00:00
[2025-10-14T07:27:51.841+0000] {processor.py:183} INFO - Processing /home/airflow/.local/lib/python3.8/site-packages/airflow/example_dags/example_xcom.py took 0.123 seconds
[2025-10-14T07:28:23.040+0000] {processor.py:161} INFO - Started process (PID=60585) to work on /home/airflow/.local/lib/python3.8/site-packages/airflow/example_dags/example_xcom.py
[2025-10-14T07:28:23.041+0000] {processor.py:830} INFO - Processing file /home/airflow/.local/lib/python3.8/site-packages/airflow/example_dags/example_xcom.py for tasks to queue
[2025-10-14T07:28:23.043+0000] {logging_mixin.py:188} INFO - [2025-10-14T07:28:23.043+0000] {dagbag.py:538} INFO - Filling up the DagBag from /home/airflow/.local/lib/python3.8/site-packages/airflow/example_dags/example_xcom.py
[2025-10-14T07:28:23.057+0000] {processor.py:840} INFO - DAG(s) 'example_xcom' retrieved from /home/airflow/.local/lib/python3.8/site-packages/airflow/example_dags/example_xcom.py
[2025-10-14T07:28:23.097+0000] {logging_mixin.py:188} INFO - [2025-10-14T07:28:23.096+0000] {dag.py:3036} INFO - Sync 1 DAGs
[2025-10-14T07:28:23.125+0000] {logging_mixin.py:188} INFO - [2025-10-14T07:28:23.125+0000] {dag.py:3823} INFO - Setting next_dagrun for example_xcom to 2021-01-01 00:00:00+00:00, run_after=2021-01-01 00:00:00+00:00
[2025-10-14T07:28:23.204+0000] {processor.py:183} INFO - Processing /home/airflow/.local/lib/python3.8/site-packages/airflow/example_dags/example_xcom.py took 0.170 seconds
[2025-10-14T07:28:54.249+0000] {processor.py:161} INFO - Started process (PID=60655) to work on /home/airflow/.local/lib/python3.8/site-packages/airflow/example_dags/example_xcom.py
[2025-10-14T07:28:54.252+0000] {processor.py:830} INFO - Processing file /home/airflow/.local/lib/python3.8/site-packages/airflow/example_dags/example_xcom.py for tasks to queue
[2025-10-14T07:28:54.254+0000] {logging_mixin.py:188} INFO - [2025-10-14T07:28:54.254+0000] {dagbag.py:538} INFO - Filling up the DagBag from /home/airflow/.local/lib/python3.8/site-packages/airflow/example_dags/example_xcom.py
[2025-10-14T07:28:54.270+0000] {processor.py:840} INFO - DAG(s) 'example_xcom' retrieved from /home/airflow/.local/lib/python3.8/site-packages/airflow/example_dags/example_xcom.py
[2025-10-14T07:28:54.306+0000] {logging_mixin.py:188} INFO - [2025-10-14T07:28:54.306+0000] {dag.py:3036} INFO - Sync 1 DAGs
[2025-10-14T07:28:54.336+0000] {logging_mixin.py:188} INFO - [2025-10-14T07:28:54.336+0000] {dag.py:3823} INFO - Setting next_dagrun for example_xcom to 2021-01-01 00:00:00+00:00, run_after=2021-01-01 00:00:00+00:00
[2025-10-14T07:28:54.391+0000] {processor.py:183} INFO - Processing /home/airflow/.local/lib/python3.8/site-packages/airflow/example_dags/example_xcom.py took 0.148 seconds
[2025-10-14T07:29:25.439+0000] {processor.py:161} INFO - Started process (PID=60725) to work on /home/airflow/.local/lib/python3.8/site-packages/airflow/example_dags/example_xcom.py
[2025-10-14T07:29:25.443+0000] {processor.py:830} INFO - Processing file /home/airflow/.local/lib/python3.8/site-packages/airflow/example_dags/example_xcom.py for tasks to queue
[2025-10-14T07:29:25.446+0000] {logging_mixin.py:188} INFO - [2025-10-14T07:29:25.445+0000] {dagbag.py:538} INFO - Filling up the DagBag from /home/airflow/.local/lib/python3.8/site-packages/airflow/example_dags/example_xcom.py
[2025-10-14T07:29:25.469+0000] {processor.py:840} INFO - DAG(s) 'example_xcom' retrieved from /home/airflow/.local/lib/python3.8/site-packages/airflow/example_dags/example_xcom.py
[2025-10-14T07:29:25.542+0000] {logging_mixin.py:188} INFO - [2025-10-14T07:29:25.541+0000] {dag.py:3036} INFO - Sync 1 DAGs
[2025-10-14T07:29:25.621+0000] {logging_mixin.py:188} INFO - [2025-10-14T07:29:25.614+0000] {dag.py:3823} INFO - Setting next_dagrun for example_xcom to 2021-01-01 00:00:00+00:00, run_after=2021-01-01 00:00:00+00:00
[2025-10-14T07:29:25.762+0000] {processor.py:183} INFO - Processing /home/airflow/.local/lib/python3.8/site-packages/airflow/example_dags/example_xcom.py took 0.336 seconds
[2025-10-14T07:29:56.776+0000] {processor.py:161} INFO - Started process (PID=60796) to work on /home/airflow/.local/lib/python3.8/site-packages/airflow/example_dags/example_xcom.py
[2025-10-14T07:29:56.778+0000] {processor.py:830} INFO - Processing file /home/airflow/.local/lib/python3.8/site-packages/airflow/example_dags/example_xcom.py for tasks to queue
[2025-10-14T07:29:56.779+0000] {logging_mixin.py:188} INFO - [2025-10-14T07:29:56.779+0000] {dagbag.py:538} INFO - Filling up the DagBag from /home/airflow/.local/lib/python3.8/site-packages/airflow/example_dags/example_xcom.py
[2025-10-14T07:29:56.794+0000] {processor.py:840} INFO - DAG(s) 'example_xcom' retrieved from /home/airflow/.local/lib/python3.8/site-packages/airflow/example_dags/example_xcom.py
[2025-10-14T07:29:56.860+0000] {logging_mixin.py:188} INFO - [2025-10-14T07:29:56.858+0000] {dag.py:3036} INFO - Sync 1 DAGs
[2025-10-14T07:29:56.925+0000] {logging_mixin.py:188} INFO - [2025-10-14T07:29:56.924+0000] {dag.py:3823} INFO - Setting next_dagrun for example_xcom to 2021-01-01 00:00:00+00:00, run_after=2021-01-01 00:00:00+00:00
[2025-10-14T07:29:56.991+0000] {processor.py:183} INFO - Processing /home/airflow/.local/lib/python3.8/site-packages/airflow/example_dags/example_xcom.py took 0.220 seconds
[2025-10-14T07:30:28.048+0000] {processor.py:161} INFO - Started process (PID=60866) to work on /home/airflow/.local/lib/python3.8/site-packages/airflow/example_dags/example_xcom.py
[2025-10-14T07:30:28.051+0000] {processor.py:830} INFO - Processing file /home/airflow/.local/lib/python3.8/site-packages/airflow/example_dags/example_xcom.py for tasks to queue
[2025-10-14T07:30:28.052+0000] {logging_mixin.py:188} INFO - [2025-10-14T07:30:28.052+0000] {dagbag.py:538} INFO - Filling up the DagBag from /home/airflow/.local/lib/python3.8/site-packages/airflow/example_dags/example_xcom.py
[2025-10-14T07:30:28.065+0000] {processor.py:840} INFO - DAG(s) 'example_xcom' retrieved from /home/airflow/.local/lib/python3.8/site-packages/airflow/example_dags/example_xcom.py
[2025-10-14T07:30:28.104+0000] {logging_mixin.py:188} INFO - [2025-10-14T07:30:28.104+0000] {dag.py:3036} INFO - Sync 1 DAGs
[2025-10-14T07:30:28.138+0000] {logging_mixin.py:188} INFO - [2025-10-14T07:30:28.138+0000] {dag.py:3823} INFO - Setting next_dagrun for example_xcom to 2021-01-01 00:00:00+00:00, run_after=2021-01-01 00:00:00+00:00
[2025-10-14T07:30:28.186+0000] {processor.py:183} INFO - Processing /home/airflow/.local/lib/python3.8/site-packages/airflow/example_dags/example_xcom.py took 0.142 seconds
[2025-10-14T07:30:59.326+0000] {processor.py:161} INFO - Started process (PID=60936) to work on /home/airflow/.local/lib/python3.8/site-packages/airflow/example_dags/example_xcom.py
[2025-10-14T07:30:59.327+0000] {processor.py:830} INFO - Processing file /home/airflow/.local/lib/python3.8/site-packages/airflow/example_dags/example_xcom.py for tasks to queue
[2025-10-14T07:30:59.329+0000] {logging_mixin.py:188} INFO - [2025-10-14T07:30:59.328+0000] {dagbag.py:538} INFO - Filling up the DagBag from /home/airflow/.local/lib/python3.8/site-packages/airflow/example_dags/example_xcom.py
[2025-10-14T07:30:59.341+0000] {processor.py:840} INFO - DAG(s) 'example_xcom' retrieved from /home/airflow/.local/lib/python3.8/site-packages/airflow/example_dags/example_xcom.py
[2025-10-14T07:30:59.381+0000] {logging_mixin.py:188} INFO - [2025-10-14T07:30:59.381+0000] {dag.py:3036} INFO - Sync 1 DAGs
[2025-10-14T07:30:59.417+0000] {logging_mixin.py:188} INFO - [2025-10-14T07:30:59.416+0000] {dag.py:3823} INFO - Setting next_dagrun for example_xcom to 2021-01-01 00:00:00+00:00, run_after=2021-01-01 00:00:00+00:00
[2025-10-14T07:30:59.454+0000] {processor.py:183} INFO - Processing /home/airflow/.local/lib/python3.8/site-packages/airflow/example_dags/example_xcom.py took 0.134 seconds
[2025-10-14T07:56:18.825+0000] {processor.py:161} INFO - Started process (PID=61029) to work on /home/airflow/.local/lib/python3.8/site-packages/airflow/example_dags/example_xcom.py
[2025-10-14T07:56:18.828+0000] {processor.py:830} INFO - Processing file /home/airflow/.local/lib/python3.8/site-packages/airflow/example_dags/example_xcom.py for tasks to queue
[2025-10-14T07:56:18.830+0000] {logging_mixin.py:188} INFO - [2025-10-14T07:56:18.829+0000] {dagbag.py:538} INFO - Filling up the DagBag from /home/airflow/.local/lib/python3.8/site-packages/airflow/example_dags/example_xcom.py
[2025-10-14T07:56:18.850+0000] {processor.py:840} INFO - DAG(s) 'example_xcom' retrieved from /home/airflow/.local/lib/python3.8/site-packages/airflow/example_dags/example_xcom.py
[2025-10-14T07:56:18.916+0000] {logging_mixin.py:188} INFO - [2025-10-14T07:56:18.915+0000] {dag.py:3036} INFO - Sync 1 DAGs
[2025-10-14T07:56:18.965+0000] {logging_mixin.py:188} INFO - [2025-10-14T07:56:18.965+0000] {dag.py:3823} INFO - Setting next_dagrun for example_xcom to 2021-01-01 00:00:00+00:00, run_after=2021-01-01 00:00:00+00:00
[2025-10-14T07:56:19.006+0000] {processor.py:183} INFO - Processing /home/airflow/.local/lib/python3.8/site-packages/airflow/example_dags/example_xcom.py took 0.188 seconds
[2025-10-14T07:56:49.436+0000] {processor.py:161} INFO - Started process (PID=61100) to work on /home/airflow/.local/lib/python3.8/site-packages/airflow/example_dags/example_xcom.py
[2025-10-14T07:56:49.437+0000] {processor.py:830} INFO - Processing file /home/airflow/.local/lib/python3.8/site-packages/airflow/example_dags/example_xcom.py for tasks to queue
[2025-10-14T07:56:49.439+0000] {logging_mixin.py:188} INFO - [2025-10-14T07:56:49.438+0000] {dagbag.py:538} INFO - Filling up the DagBag from /home/airflow/.local/lib/python3.8/site-packages/airflow/example_dags/example_xcom.py
[2025-10-14T07:56:49.454+0000] {processor.py:840} INFO - DAG(s) 'example_xcom' retrieved from /home/airflow/.local/lib/python3.8/site-packages/airflow/example_dags/example_xcom.py
[2025-10-14T07:56:49.492+0000] {logging_mixin.py:188} INFO - [2025-10-14T07:56:49.492+0000] {dag.py:3036} INFO - Sync 1 DAGs
[2025-10-14T07:56:49.521+0000] {logging_mixin.py:188} INFO - [2025-10-14T07:56:49.520+0000] {dag.py:3823} INFO - Setting next_dagrun for example_xcom to 2021-01-01 00:00:00+00:00, run_after=2021-01-01 00:00:00+00:00
[2025-10-14T07:56:49.545+0000] {processor.py:183} INFO - Processing /home/airflow/.local/lib/python3.8/site-packages/airflow/example_dags/example_xcom.py took 0.115 seconds
[2025-10-14T07:57:20.077+0000] {processor.py:161} INFO - Started process (PID=61170) to work on /home/airflow/.local/lib/python3.8/site-packages/airflow/example_dags/example_xcom.py
[2025-10-14T07:57:20.079+0000] {processor.py:830} INFO - Processing file /home/airflow/.local/lib/python3.8/site-packages/airflow/example_dags/example_xcom.py for tasks to queue
[2025-10-14T07:57:20.082+0000] {logging_mixin.py:188} INFO - [2025-10-14T07:57:20.081+0000] {dagbag.py:538} INFO - Filling up the DagBag from /home/airflow/.local/lib/python3.8/site-packages/airflow/example_dags/example_xcom.py
[2025-10-14T07:57:20.099+0000] {processor.py:840} INFO - DAG(s) 'example_xcom' retrieved from /home/airflow/.local/lib/python3.8/site-packages/airflow/example_dags/example_xcom.py
[2025-10-14T07:57:20.146+0000] {logging_mixin.py:188} INFO - [2025-10-14T07:57:20.146+0000] {dag.py:3036} INFO - Sync 1 DAGs
[2025-10-14T07:57:20.179+0000] {logging_mixin.py:188} INFO - [2025-10-14T07:57:20.179+0000] {dag.py:3823} INFO - Setting next_dagrun for example_xcom to 2021-01-01 00:00:00+00:00, run_after=2021-01-01 00:00:00+00:00
[2025-10-14T07:57:20.209+0000] {processor.py:183} INFO - Processing /home/airflow/.local/lib/python3.8/site-packages/airflow/example_dags/example_xcom.py took 0.138 seconds
[2025-10-14T07:57:50.602+0000] {processor.py:161} INFO - Started process (PID=61241) to work on /home/airflow/.local/lib/python3.8/site-packages/airflow/example_dags/example_xcom.py
[2025-10-14T07:57:50.603+0000] {processor.py:830} INFO - Processing file /home/airflow/.local/lib/python3.8/site-packages/airflow/example_dags/example_xcom.py for tasks to queue
[2025-10-14T07:57:50.605+0000] {logging_mixin.py:188} INFO - [2025-10-14T07:57:50.604+0000] {dagbag.py:538} INFO - Filling up the DagBag from /home/airflow/.local/lib/python3.8/site-packages/airflow/example_dags/example_xcom.py
[2025-10-14T07:57:50.613+0000] {processor.py:840} INFO - DAG(s) 'example_xcom' retrieved from /home/airflow/.local/lib/python3.8/site-packages/airflow/example_dags/example_xcom.py
[2025-10-14T07:57:50.643+0000] {logging_mixin.py:188} INFO - [2025-10-14T07:57:50.643+0000] {dag.py:3036} INFO - Sync 1 DAGs
[2025-10-14T07:57:50.668+0000] {logging_mixin.py:188} INFO - [2025-10-14T07:57:50.668+0000] {dag.py:3823} INFO - Setting next_dagrun for example_xcom to 2021-01-01 00:00:00+00:00, run_after=2021-01-01 00:00:00+00:00
[2025-10-14T07:57:50.689+0000] {processor.py:183} INFO - Processing /home/airflow/.local/lib/python3.8/site-packages/airflow/example_dags/example_xcom.py took 0.091 seconds
[2025-10-14T07:58:21.393+0000] {processor.py:161} INFO - Started process (PID=61311) to work on /home/airflow/.local/lib/python3.8/site-packages/airflow/example_dags/example_xcom.py
[2025-10-14T07:58:21.395+0000] {processor.py:830} INFO - Processing file /home/airflow/.local/lib/python3.8/site-packages/airflow/example_dags/example_xcom.py for tasks to queue
[2025-10-14T07:58:21.396+0000] {logging_mixin.py:188} INFO - [2025-10-14T07:58:21.396+0000] {dagbag.py:538} INFO - Filling up the DagBag from /home/airflow/.local/lib/python3.8/site-packages/airflow/example_dags/example_xcom.py
[2025-10-14T07:58:21.407+0000] {processor.py:840} INFO - DAG(s) 'example_xcom' retrieved from /home/airflow/.local/lib/python3.8/site-packages/airflow/example_dags/example_xcom.py
[2025-10-14T07:58:21.440+0000] {logging_mixin.py:188} INFO - [2025-10-14T07:58:21.440+0000] {dag.py:3036} INFO - Sync 1 DAGs
[2025-10-14T07:58:21.466+0000] {logging_mixin.py:188} INFO - [2025-10-14T07:58:21.466+0000] {dag.py:3823} INFO - Setting next_dagrun for example_xcom to 2021-01-01 00:00:00+00:00, run_after=2021-01-01 00:00:00+00:00
[2025-10-14T07:58:21.488+0000] {processor.py:183} INFO - Processing /home/airflow/.local/lib/python3.8/site-packages/airflow/example_dags/example_xcom.py took 0.101 seconds
[2025-10-14T07:58:52.038+0000] {processor.py:161} INFO - Started process (PID=61381) to work on /home/airflow/.local/lib/python3.8/site-packages/airflow/example_dags/example_xcom.py
[2025-10-14T07:58:52.039+0000] {processor.py:830} INFO - Processing file /home/airflow/.local/lib/python3.8/site-packages/airflow/example_dags/example_xcom.py for tasks to queue
[2025-10-14T07:58:52.040+0000] {logging_mixin.py:188} INFO - [2025-10-14T07:58:52.040+0000] {dagbag.py:538} INFO - Filling up the DagBag from /home/airflow/.local/lib/python3.8/site-packages/airflow/example_dags/example_xcom.py
[2025-10-14T07:58:52.049+0000] {processor.py:840} INFO - DAG(s) 'example_xcom' retrieved from /home/airflow/.local/lib/python3.8/site-packages/airflow/example_dags/example_xcom.py
[2025-10-14T07:58:52.078+0000] {logging_mixin.py:188} INFO - [2025-10-14T07:58:52.078+0000] {dag.py:3036} INFO - Sync 1 DAGs
[2025-10-14T07:58:52.103+0000] {logging_mixin.py:188} INFO - [2025-10-14T07:58:52.102+0000] {dag.py:3823} INFO - Setting next_dagrun for example_xcom to 2021-01-01 00:00:00+00:00, run_after=2021-01-01 00:00:00+00:00
[2025-10-14T07:58:52.124+0000] {processor.py:183} INFO - Processing /home/airflow/.local/lib/python3.8/site-packages/airflow/example_dags/example_xcom.py took 0.090 seconds
[2025-10-14T07:59:22.835+0000] {processor.py:161} INFO - Started process (PID=61451) to work on /home/airflow/.local/lib/python3.8/site-packages/airflow/example_dags/example_xcom.py
[2025-10-14T07:59:22.837+0000] {processor.py:830} INFO - Processing file /home/airflow/.local/lib/python3.8/site-packages/airflow/example_dags/example_xcom.py for tasks to queue
[2025-10-14T07:59:22.838+0000] {logging_mixin.py:188} INFO - [2025-10-14T07:59:22.838+0000] {dagbag.py:538} INFO - Filling up the DagBag from /home/airflow/.local/lib/python3.8/site-packages/airflow/example_dags/example_xcom.py
[2025-10-14T07:59:22.847+0000] {processor.py:840} INFO - DAG(s) 'example_xcom' retrieved from /home/airflow/.local/lib/python3.8/site-packages/airflow/example_dags/example_xcom.py
[2025-10-14T07:59:22.877+0000] {logging_mixin.py:188} INFO - [2025-10-14T07:59:22.876+0000] {dag.py:3036} INFO - Sync 1 DAGs
[2025-10-14T07:59:22.903+0000] {logging_mixin.py:188} INFO - [2025-10-14T07:59:22.903+0000] {dag.py:3823} INFO - Setting next_dagrun for example_xcom to 2021-01-01 00:00:00+00:00, run_after=2021-01-01 00:00:00+00:00
[2025-10-14T07:59:22.932+0000] {processor.py:183} INFO - Processing /home/airflow/.local/lib/python3.8/site-packages/airflow/example_dags/example_xcom.py took 0.100 seconds
[2025-10-14T07:59:53.178+0000] {processor.py:161} INFO - Started process (PID=61521) to work on /home/airflow/.local/lib/python3.8/site-packages/airflow/example_dags/example_xcom.py
[2025-10-14T07:59:53.179+0000] {processor.py:830} INFO - Processing file /home/airflow/.local/lib/python3.8/site-packages/airflow/example_dags/example_xcom.py for tasks to queue
[2025-10-14T07:59:53.180+0000] {logging_mixin.py:188} INFO - [2025-10-14T07:59:53.180+0000] {dagbag.py:538} INFO - Filling up the DagBag from /home/airflow/.local/lib/python3.8/site-packages/airflow/example_dags/example_xcom.py
[2025-10-14T07:59:53.190+0000] {processor.py:840} INFO - DAG(s) 'example_xcom' retrieved from /home/airflow/.local/lib/python3.8/site-packages/airflow/example_dags/example_xcom.py
[2025-10-14T07:59:53.227+0000] {logging_mixin.py:188} INFO - [2025-10-14T07:59:53.227+0000] {dag.py:3036} INFO - Sync 1 DAGs
[2025-10-14T07:59:53.263+0000] {logging_mixin.py:188} INFO - [2025-10-14T07:59:53.263+0000] {dag.py:3823} INFO - Setting next_dagrun for example_xcom to 2021-01-01 00:00:00+00:00, run_after=2021-01-01 00:00:00+00:00
[2025-10-14T07:59:53.289+0000] {processor.py:183} INFO - Processing /home/airflow/.local/lib/python3.8/site-packages/airflow/example_dags/example_xcom.py took 0.115 seconds
[2025-10-14T08:00:23.919+0000] {processor.py:161} INFO - Started process (PID=61591) to work on /home/airflow/.local/lib/python3.8/site-packages/airflow/example_dags/example_xcom.py
[2025-10-14T08:00:23.921+0000] {processor.py:830} INFO - Processing file /home/airflow/.local/lib/python3.8/site-packages/airflow/example_dags/example_xcom.py for tasks to queue
[2025-10-14T08:00:23.922+0000] {logging_mixin.py:188} INFO - [2025-10-14T08:00:23.922+0000] {dagbag.py:538} INFO - Filling up the DagBag from /home/airflow/.local/lib/python3.8/site-packages/airflow/example_dags/example_xcom.py
[2025-10-14T08:00:23.931+0000] {processor.py:840} INFO - DAG(s) 'example_xcom' retrieved from /home/airflow/.local/lib/python3.8/site-packages/airflow/example_dags/example_xcom.py
[2025-10-14T08:00:23.962+0000] {logging_mixin.py:188} INFO - [2025-10-14T08:00:23.962+0000] {dag.py:3036} INFO - Sync 1 DAGs
[2025-10-14T08:00:23.990+0000] {logging_mixin.py:188} INFO - [2025-10-14T08:00:23.990+0000] {dag.py:3823} INFO - Setting next_dagrun for example_xcom to 2021-01-01 00:00:00+00:00, run_after=2021-01-01 00:00:00+00:00
[2025-10-14T08:00:24.012+0000] {processor.py:183} INFO - Processing /home/airflow/.local/lib/python3.8/site-packages/airflow/example_dags/example_xcom.py took 0.096 seconds
[2025-10-14T08:00:55.072+0000] {processor.py:161} INFO - Started process (PID=61661) to work on /home/airflow/.local/lib/python3.8/site-packages/airflow/example_dags/example_xcom.py
[2025-10-14T08:00:55.073+0000] {processor.py:830} INFO - Processing file /home/airflow/.local/lib/python3.8/site-packages/airflow/example_dags/example_xcom.py for tasks to queue
[2025-10-14T08:00:55.075+0000] {logging_mixin.py:188} INFO - [2025-10-14T08:00:55.074+0000] {dagbag.py:538} INFO - Filling up the DagBag from /home/airflow/.local/lib/python3.8/site-packages/airflow/example_dags/example_xcom.py
[2025-10-14T08:00:55.091+0000] {processor.py:840} INFO - DAG(s) 'example_xcom' retrieved from /home/airflow/.local/lib/python3.8/site-packages/airflow/example_dags/example_xcom.py
[2025-10-14T08:00:55.122+0000] {logging_mixin.py:188} INFO - [2025-10-14T08:00:55.122+0000] {dag.py:3036} INFO - Sync 1 DAGs
[2025-10-14T08:00:55.148+0000] {logging_mixin.py:188} INFO - [2025-10-14T08:00:55.148+0000] {dag.py:3823} INFO - Setting next_dagrun for example_xcom to 2021-01-01 00:00:00+00:00, run_after=2021-01-01 00:00:00+00:00
[2025-10-14T08:00:55.172+0000] {processor.py:183} INFO - Processing /home/airflow/.local/lib/python3.8/site-packages/airflow/example_dags/example_xcom.py took 0.103 seconds
[2025-10-14T08:01:25.585+0000] {processor.py:161} INFO - Started process (PID=61731) to work on /home/airflow/.local/lib/python3.8/site-packages/airflow/example_dags/example_xcom.py
[2025-10-14T08:01:25.587+0000] {processor.py:830} INFO - Processing file /home/airflow/.local/lib/python3.8/site-packages/airflow/example_dags/example_xcom.py for tasks to queue
[2025-10-14T08:01:25.588+0000] {logging_mixin.py:188} INFO - [2025-10-14T08:01:25.588+0000] {dagbag.py:538} INFO - Filling up the DagBag from /home/airflow/.local/lib/python3.8/site-packages/airflow/example_dags/example_xcom.py
[2025-10-14T08:01:25.598+0000] {processor.py:840} INFO - DAG(s) 'example_xcom' retrieved from /home/airflow/.local/lib/python3.8/site-packages/airflow/example_dags/example_xcom.py
[2025-10-14T08:01:25.630+0000] {logging_mixin.py:188} INFO - [2025-10-14T08:01:25.629+0000] {dag.py:3036} INFO - Sync 1 DAGs
[2025-10-14T08:01:25.657+0000] {logging_mixin.py:188} INFO - [2025-10-14T08:01:25.656+0000] {dag.py:3823} INFO - Setting next_dagrun for example_xcom to 2021-01-01 00:00:00+00:00, run_after=2021-01-01 00:00:00+00:00
[2025-10-14T08:01:25.684+0000] {processor.py:183} INFO - Processing /home/airflow/.local/lib/python3.8/site-packages/airflow/example_dags/example_xcom.py took 0.102 seconds
[2025-10-14T08:01:56.609+0000] {processor.py:161} INFO - Started process (PID=61800) to work on /home/airflow/.local/lib/python3.8/site-packages/airflow/example_dags/example_xcom.py
[2025-10-14T08:01:56.610+0000] {processor.py:830} INFO - Processing file /home/airflow/.local/lib/python3.8/site-packages/airflow/example_dags/example_xcom.py for tasks to queue
[2025-10-14T08:01:56.612+0000] {logging_mixin.py:188} INFO - [2025-10-14T08:01:56.611+0000] {dagbag.py:538} INFO - Filling up the DagBag from /home/airflow/.local/lib/python3.8/site-packages/airflow/example_dags/example_xcom.py
[2025-10-14T08:01:56.621+0000] {processor.py:840} INFO - DAG(s) 'example_xcom' retrieved from /home/airflow/.local/lib/python3.8/site-packages/airflow/example_dags/example_xcom.py
[2025-10-14T08:01:56.654+0000] {logging_mixin.py:188} INFO - [2025-10-14T08:01:56.654+0000] {dag.py:3036} INFO - Sync 1 DAGs
[2025-10-14T08:01:56.684+0000] {logging_mixin.py:188} INFO - [2025-10-14T08:01:56.684+0000] {dag.py:3823} INFO - Setting next_dagrun for example_xcom to 2021-01-01 00:00:00+00:00, run_after=2021-01-01 00:00:00+00:00
[2025-10-14T08:01:56.708+0000] {processor.py:183} INFO - Processing /home/airflow/.local/lib/python3.8/site-packages/airflow/example_dags/example_xcom.py took 0.103 seconds
[2025-10-14T08:02:27.535+0000] {processor.py:161} INFO - Started process (PID=61870) to work on /home/airflow/.local/lib/python3.8/site-packages/airflow/example_dags/example_xcom.py
[2025-10-14T08:02:27.536+0000] {processor.py:830} INFO - Processing file /home/airflow/.local/lib/python3.8/site-packages/airflow/example_dags/example_xcom.py for tasks to queue
[2025-10-14T08:02:27.537+0000] {logging_mixin.py:188} INFO - [2025-10-14T08:02:27.537+0000] {dagbag.py:538} INFO - Filling up the DagBag from /home/airflow/.local/lib/python3.8/site-packages/airflow/example_dags/example_xcom.py
[2025-10-14T08:02:27.547+0000] {processor.py:840} INFO - DAG(s) 'example_xcom' retrieved from /home/airflow/.local/lib/python3.8/site-packages/airflow/example_dags/example_xcom.py
[2025-10-14T08:02:27.579+0000] {logging_mixin.py:188} INFO - [2025-10-14T08:02:27.579+0000] {dag.py:3036} INFO - Sync 1 DAGs
[2025-10-14T08:02:27.609+0000] {logging_mixin.py:188} INFO - [2025-10-14T08:02:27.609+0000] {dag.py:3823} INFO - Setting next_dagrun for example_xcom to 2021-01-01 00:00:00+00:00, run_after=2021-01-01 00:00:00+00:00
[2025-10-14T08:02:27.633+0000] {processor.py:183} INFO - Processing /home/airflow/.local/lib/python3.8/site-packages/airflow/example_dags/example_xcom.py took 0.103 seconds
[2025-10-14T08:02:58.646+0000] {processor.py:161} INFO - Started process (PID=61940) to work on /home/airflow/.local/lib/python3.8/site-packages/airflow/example_dags/example_xcom.py
[2025-10-14T08:02:58.649+0000] {processor.py:830} INFO - Processing file /home/airflow/.local/lib/python3.8/site-packages/airflow/example_dags/example_xcom.py for tasks to queue
[2025-10-14T08:02:58.651+0000] {logging_mixin.py:188} INFO - [2025-10-14T08:02:58.651+0000] {dagbag.py:538} INFO - Filling up the DagBag from /home/airflow/.local/lib/python3.8/site-packages/airflow/example_dags/example_xcom.py
[2025-10-14T08:02:58.667+0000] {processor.py:840} INFO - DAG(s) 'example_xcom' retrieved from /home/airflow/.local/lib/python3.8/site-packages/airflow/example_dags/example_xcom.py
[2025-10-14T08:02:58.738+0000] {logging_mixin.py:188} INFO - [2025-10-14T08:02:58.737+0000] {dag.py:3036} INFO - Sync 1 DAGs
[2025-10-14T08:02:58.782+0000] {logging_mixin.py:188} INFO - [2025-10-14T08:02:58.781+0000] {dag.py:3823} INFO - Setting next_dagrun for example_xcom to 2021-01-01 00:00:00+00:00, run_after=2021-01-01 00:00:00+00:00
[2025-10-14T08:02:58.808+0000] {processor.py:183} INFO - Processing /home/airflow/.local/lib/python3.8/site-packages/airflow/example_dags/example_xcom.py took 0.170 seconds
[2025-10-14T08:03:30.502+0000] {processor.py:161} INFO - Started process (PID=62010) to work on /home/airflow/.local/lib/python3.8/site-packages/airflow/example_dags/example_xcom.py
[2025-10-14T08:03:30.504+0000] {processor.py:830} INFO - Processing file /home/airflow/.local/lib/python3.8/site-packages/airflow/example_dags/example_xcom.py for tasks to queue
[2025-10-14T08:03:30.505+0000] {logging_mixin.py:188} INFO - [2025-10-14T08:03:30.505+0000] {dagbag.py:538} INFO - Filling up the DagBag from /home/airflow/.local/lib/python3.8/site-packages/airflow/example_dags/example_xcom.py
[2025-10-14T08:03:30.520+0000] {processor.py:840} INFO - DAG(s) 'example_xcom' retrieved from /home/airflow/.local/lib/python3.8/site-packages/airflow/example_dags/example_xcom.py
[2025-10-14T08:03:30.559+0000] {logging_mixin.py:188} INFO - [2025-10-14T08:03:30.558+0000] {dag.py:3036} INFO - Sync 1 DAGs
[2025-10-14T08:03:30.594+0000] {logging_mixin.py:188} INFO - [2025-10-14T08:03:30.593+0000] {dag.py:3823} INFO - Setting next_dagrun for example_xcom to 2021-01-01 00:00:00+00:00, run_after=2021-01-01 00:00:00+00:00
[2025-10-14T08:03:30.624+0000] {processor.py:183} INFO - Processing /home/airflow/.local/lib/python3.8/site-packages/airflow/example_dags/example_xcom.py took 0.130 seconds
[2025-10-14T08:04:01.045+0000] {processor.py:161} INFO - Started process (PID=62080) to work on /home/airflow/.local/lib/python3.8/site-packages/airflow/example_dags/example_xcom.py
[2025-10-14T08:04:01.047+0000] {processor.py:830} INFO - Processing file /home/airflow/.local/lib/python3.8/site-packages/airflow/example_dags/example_xcom.py for tasks to queue
[2025-10-14T08:04:01.049+0000] {logging_mixin.py:188} INFO - [2025-10-14T08:04:01.048+0000] {dagbag.py:538} INFO - Filling up the DagBag from /home/airflow/.local/lib/python3.8/site-packages/airflow/example_dags/example_xcom.py
[2025-10-14T08:04:01.060+0000] {processor.py:840} INFO - DAG(s) 'example_xcom' retrieved from /home/airflow/.local/lib/python3.8/site-packages/airflow/example_dags/example_xcom.py
[2025-10-14T08:04:01.098+0000] {logging_mixin.py:188} INFO - [2025-10-14T08:04:01.097+0000] {dag.py:3036} INFO - Sync 1 DAGs
[2025-10-14T08:04:01.142+0000] {logging_mixin.py:188} INFO - [2025-10-14T08:04:01.141+0000] {dag.py:3823} INFO - Setting next_dagrun for example_xcom to 2021-01-01 00:00:00+00:00, run_after=2021-01-01 00:00:00+00:00
[2025-10-14T08:04:01.176+0000] {processor.py:183} INFO - Processing /home/airflow/.local/lib/python3.8/site-packages/airflow/example_dags/example_xcom.py took 0.134 seconds
[2025-10-14T08:04:31.808+0000] {processor.py:161} INFO - Started process (PID=62150) to work on /home/airflow/.local/lib/python3.8/site-packages/airflow/example_dags/example_xcom.py
[2025-10-14T08:04:31.809+0000] {processor.py:830} INFO - Processing file /home/airflow/.local/lib/python3.8/site-packages/airflow/example_dags/example_xcom.py for tasks to queue
[2025-10-14T08:04:31.811+0000] {logging_mixin.py:188} INFO - [2025-10-14T08:04:31.810+0000] {dagbag.py:538} INFO - Filling up the DagBag from /home/airflow/.local/lib/python3.8/site-packages/airflow/example_dags/example_xcom.py
[2025-10-14T08:04:31.819+0000] {processor.py:840} INFO - DAG(s) 'example_xcom' retrieved from /home/airflow/.local/lib/python3.8/site-packages/airflow/example_dags/example_xcom.py
[2025-10-14T08:04:31.850+0000] {logging_mixin.py:188} INFO - [2025-10-14T08:04:31.849+0000] {dag.py:3036} INFO - Sync 1 DAGs
[2025-10-14T08:04:31.877+0000] {logging_mixin.py:188} INFO - [2025-10-14T08:04:31.876+0000] {dag.py:3823} INFO - Setting next_dagrun for example_xcom to 2021-01-01 00:00:00+00:00, run_after=2021-01-01 00:00:00+00:00
[2025-10-14T08:04:31.909+0000] {processor.py:183} INFO - Processing /home/airflow/.local/lib/python3.8/site-packages/airflow/example_dags/example_xcom.py took 0.105 seconds
[2025-10-14T08:05:02.552+0000] {processor.py:161} INFO - Started process (PID=62220) to work on /home/airflow/.local/lib/python3.8/site-packages/airflow/example_dags/example_xcom.py
[2025-10-14T08:05:02.553+0000] {processor.py:830} INFO - Processing file /home/airflow/.local/lib/python3.8/site-packages/airflow/example_dags/example_xcom.py for tasks to queue
[2025-10-14T08:05:02.554+0000] {logging_mixin.py:188} INFO - [2025-10-14T08:05:02.554+0000] {dagbag.py:538} INFO - Filling up the DagBag from /home/airflow/.local/lib/python3.8/site-packages/airflow/example_dags/example_xcom.py
[2025-10-14T08:05:02.564+0000] {processor.py:840} INFO - DAG(s) 'example_xcom' retrieved from /home/airflow/.local/lib/python3.8/site-packages/airflow/example_dags/example_xcom.py
[2025-10-14T08:05:02.596+0000] {logging_mixin.py:188} INFO - [2025-10-14T08:05:02.596+0000] {dag.py:3036} INFO - Sync 1 DAGs
[2025-10-14T08:05:02.624+0000] {logging_mixin.py:188} INFO - [2025-10-14T08:05:02.624+0000] {dag.py:3823} INFO - Setting next_dagrun for example_xcom to 2021-01-01 00:00:00+00:00, run_after=2021-01-01 00:00:00+00:00
[2025-10-14T08:05:02.646+0000] {processor.py:183} INFO - Processing /home/airflow/.local/lib/python3.8/site-packages/airflow/example_dags/example_xcom.py took 0.099 seconds
[2025-10-14T08:05:32.816+0000] {processor.py:161} INFO - Started process (PID=62290) to work on /home/airflow/.local/lib/python3.8/site-packages/airflow/example_dags/example_xcom.py
[2025-10-14T08:05:32.817+0000] {processor.py:830} INFO - Processing file /home/airflow/.local/lib/python3.8/site-packages/airflow/example_dags/example_xcom.py for tasks to queue
[2025-10-14T08:05:32.819+0000] {logging_mixin.py:188} INFO - [2025-10-14T08:05:32.818+0000] {dagbag.py:538} INFO - Filling up the DagBag from /home/airflow/.local/lib/python3.8/site-packages/airflow/example_dags/example_xcom.py
[2025-10-14T08:05:32.831+0000] {processor.py:840} INFO - DAG(s) 'example_xcom' retrieved from /home/airflow/.local/lib/python3.8/site-packages/airflow/example_dags/example_xcom.py
[2025-10-14T08:05:32.863+0000] {logging_mixin.py:188} INFO - [2025-10-14T08:05:32.863+0000] {dag.py:3036} INFO - Sync 1 DAGs
[2025-10-14T08:05:32.891+0000] {logging_mixin.py:188} INFO - [2025-10-14T08:05:32.890+0000] {dag.py:3823} INFO - Setting next_dagrun for example_xcom to 2021-01-01 00:00:00+00:00, run_after=2021-01-01 00:00:00+00:00
[2025-10-14T08:05:32.911+0000] {processor.py:183} INFO - Processing /home/airflow/.local/lib/python3.8/site-packages/airflow/example_dags/example_xcom.py took 0.100 seconds
[2025-10-14T08:06:03.350+0000] {processor.py:161} INFO - Started process (PID=62364) to work on /home/airflow/.local/lib/python3.8/site-packages/airflow/example_dags/example_xcom.py
[2025-10-14T08:06:03.351+0000] {processor.py:830} INFO - Processing file /home/airflow/.local/lib/python3.8/site-packages/airflow/example_dags/example_xcom.py for tasks to queue
[2025-10-14T08:06:03.352+0000] {logging_mixin.py:188} INFO - [2025-10-14T08:06:03.352+0000] {dagbag.py:538} INFO - Filling up the DagBag from /home/airflow/.local/lib/python3.8/site-packages/airflow/example_dags/example_xcom.py
[2025-10-14T08:06:03.361+0000] {processor.py:840} INFO - DAG(s) 'example_xcom' retrieved from /home/airflow/.local/lib/python3.8/site-packages/airflow/example_dags/example_xcom.py
[2025-10-14T08:06:03.392+0000] {logging_mixin.py:188} INFO - [2025-10-14T08:06:03.391+0000] {dag.py:3036} INFO - Sync 1 DAGs
[2025-10-14T08:06:03.417+0000] {logging_mixin.py:188} INFO - [2025-10-14T08:06:03.416+0000] {dag.py:3823} INFO - Setting next_dagrun for example_xcom to 2021-01-01 00:00:00+00:00, run_after=2021-01-01 00:00:00+00:00
[2025-10-14T08:06:03.439+0000] {processor.py:183} INFO - Processing /home/airflow/.local/lib/python3.8/site-packages/airflow/example_dags/example_xcom.py took 0.094 seconds
[2025-10-14T08:06:34.194+0000] {processor.py:161} INFO - Started process (PID=62434) to work on /home/airflow/.local/lib/python3.8/site-packages/airflow/example_dags/example_xcom.py
[2025-10-14T08:06:34.195+0000] {processor.py:830} INFO - Processing file /home/airflow/.local/lib/python3.8/site-packages/airflow/example_dags/example_xcom.py for tasks to queue
[2025-10-14T08:06:34.197+0000] {logging_mixin.py:188} INFO - [2025-10-14T08:06:34.196+0000] {dagbag.py:538} INFO - Filling up the DagBag from /home/airflow/.local/lib/python3.8/site-packages/airflow/example_dags/example_xcom.py
[2025-10-14T08:06:34.206+0000] {processor.py:840} INFO - DAG(s) 'example_xcom' retrieved from /home/airflow/.local/lib/python3.8/site-packages/airflow/example_dags/example_xcom.py
[2025-10-14T08:06:34.237+0000] {logging_mixin.py:188} INFO - [2025-10-14T08:06:34.237+0000] {dag.py:3036} INFO - Sync 1 DAGs
[2025-10-14T08:06:34.263+0000] {logging_mixin.py:188} INFO - [2025-10-14T08:06:34.263+0000] {dag.py:3823} INFO - Setting next_dagrun for example_xcom to 2021-01-01 00:00:00+00:00, run_after=2021-01-01 00:00:00+00:00
[2025-10-14T08:06:34.287+0000] {processor.py:183} INFO - Processing /home/airflow/.local/lib/python3.8/site-packages/airflow/example_dags/example_xcom.py took 0.097 seconds
[2025-10-14T08:07:05.018+0000] {processor.py:161} INFO - Started process (PID=62504) to work on /home/airflow/.local/lib/python3.8/site-packages/airflow/example_dags/example_xcom.py
[2025-10-14T08:07:05.019+0000] {processor.py:830} INFO - Processing file /home/airflow/.local/lib/python3.8/site-packages/airflow/example_dags/example_xcom.py for tasks to queue
[2025-10-14T08:07:05.020+0000] {logging_mixin.py:188} INFO - [2025-10-14T08:07:05.020+0000] {dagbag.py:538} INFO - Filling up the DagBag from /home/airflow/.local/lib/python3.8/site-packages/airflow/example_dags/example_xcom.py
[2025-10-14T08:07:05.029+0000] {processor.py:840} INFO - DAG(s) 'example_xcom' retrieved from /home/airflow/.local/lib/python3.8/site-packages/airflow/example_dags/example_xcom.py
[2025-10-14T08:07:05.060+0000] {logging_mixin.py:188} INFO - [2025-10-14T08:07:05.060+0000] {dag.py:3036} INFO - Sync 1 DAGs
[2025-10-14T08:07:05.085+0000] {logging_mixin.py:188} INFO - [2025-10-14T08:07:05.084+0000] {dag.py:3823} INFO - Setting next_dagrun for example_xcom to 2021-01-01 00:00:00+00:00, run_after=2021-01-01 00:00:00+00:00
[2025-10-14T08:07:05.109+0000] {processor.py:183} INFO - Processing /home/airflow/.local/lib/python3.8/site-packages/airflow/example_dags/example_xcom.py took 0.095 seconds
[2025-10-14T08:07:36.000+0000] {processor.py:161} INFO - Started process (PID=62573) to work on /home/airflow/.local/lib/python3.8/site-packages/airflow/example_dags/example_xcom.py
[2025-10-14T08:07:36.002+0000] {processor.py:830} INFO - Processing file /home/airflow/.local/lib/python3.8/site-packages/airflow/example_dags/example_xcom.py for tasks to queue
[2025-10-14T08:07:36.003+0000] {logging_mixin.py:188} INFO - [2025-10-14T08:07:36.003+0000] {dagbag.py:538} INFO - Filling up the DagBag from /home/airflow/.local/lib/python3.8/site-packages/airflow/example_dags/example_xcom.py
[2025-10-14T08:07:36.036+0000] {processor.py:840} INFO - DAG(s) 'example_xcom' retrieved from /home/airflow/.local/lib/python3.8/site-packages/airflow/example_dags/example_xcom.py
[2025-10-14T08:07:36.073+0000] {logging_mixin.py:188} INFO - [2025-10-14T08:07:36.072+0000] {dag.py:3036} INFO - Sync 1 DAGs
[2025-10-14T08:07:36.115+0000] {logging_mixin.py:188} INFO - [2025-10-14T08:07:36.114+0000] {dag.py:3823} INFO - Setting next_dagrun for example_xcom to 2021-01-01 00:00:00+00:00, run_after=2021-01-01 00:00:00+00:00
[2025-10-14T08:07:36.138+0000] {processor.py:183} INFO - Processing /home/airflow/.local/lib/python3.8/site-packages/airflow/example_dags/example_xcom.py took 0.142 seconds
[2025-10-14T08:08:06.829+0000] {processor.py:161} INFO - Started process (PID=62643) to work on /home/airflow/.local/lib/python3.8/site-packages/airflow/example_dags/example_xcom.py
[2025-10-14T08:08:06.830+0000] {processor.py:830} INFO - Processing file /home/airflow/.local/lib/python3.8/site-packages/airflow/example_dags/example_xcom.py for tasks to queue
[2025-10-14T08:08:06.831+0000] {logging_mixin.py:188} INFO - [2025-10-14T08:08:06.831+0000] {dagbag.py:538} INFO - Filling up the DagBag from /home/airflow/.local/lib/python3.8/site-packages/airflow/example_dags/example_xcom.py
[2025-10-14T08:08:06.841+0000] {processor.py:840} INFO - DAG(s) 'example_xcom' retrieved from /home/airflow/.local/lib/python3.8/site-packages/airflow/example_dags/example_xcom.py
[2025-10-14T08:08:06.870+0000] {logging_mixin.py:188} INFO - [2025-10-14T08:08:06.870+0000] {dag.py:3036} INFO - Sync 1 DAGs
[2025-10-14T08:08:06.898+0000] {logging_mixin.py:188} INFO - [2025-10-14T08:08:06.897+0000] {dag.py:3823} INFO - Setting next_dagrun for example_xcom to 2021-01-01 00:00:00+00:00, run_after=2021-01-01 00:00:00+00:00
[2025-10-14T08:08:06.919+0000] {processor.py:183} INFO - Processing /home/airflow/.local/lib/python3.8/site-packages/airflow/example_dags/example_xcom.py took 0.094 seconds
[2025-10-14T08:08:37.894+0000] {processor.py:161} INFO - Started process (PID=62713) to work on /home/airflow/.local/lib/python3.8/site-packages/airflow/example_dags/example_xcom.py
[2025-10-14T08:08:37.895+0000] {processor.py:830} INFO - Processing file /home/airflow/.local/lib/python3.8/site-packages/airflow/example_dags/example_xcom.py for tasks to queue
[2025-10-14T08:08:37.898+0000] {logging_mixin.py:188} INFO - [2025-10-14T08:08:37.897+0000] {dagbag.py:538} INFO - Filling up the DagBag from /home/airflow/.local/lib/python3.8/site-packages/airflow/example_dags/example_xcom.py
[2025-10-14T08:08:37.912+0000] {processor.py:840} INFO - DAG(s) 'example_xcom' retrieved from /home/airflow/.local/lib/python3.8/site-packages/airflow/example_dags/example_xcom.py
[2025-10-14T08:08:37.952+0000] {logging_mixin.py:188} INFO - [2025-10-14T08:08:37.952+0000] {dag.py:3036} INFO - Sync 1 DAGs
[2025-10-14T08:08:38.003+0000] {logging_mixin.py:188} INFO - [2025-10-14T08:08:38.002+0000] {dag.py:3823} INFO - Setting next_dagrun for example_xcom to 2021-01-01 00:00:00+00:00, run_after=2021-01-01 00:00:00+00:00
[2025-10-14T08:08:38.050+0000] {processor.py:183} INFO - Processing /home/airflow/.local/lib/python3.8/site-packages/airflow/example_dags/example_xcom.py took 0.161 seconds
[2025-10-14T08:09:08.689+0000] {processor.py:161} INFO - Started process (PID=62784) to work on /home/airflow/.local/lib/python3.8/site-packages/airflow/example_dags/example_xcom.py
[2025-10-14T08:09:08.691+0000] {processor.py:830} INFO - Processing file /home/airflow/.local/lib/python3.8/site-packages/airflow/example_dags/example_xcom.py for tasks to queue
[2025-10-14T08:09:08.692+0000] {logging_mixin.py:188} INFO - [2025-10-14T08:09:08.692+0000] {dagbag.py:538} INFO - Filling up the DagBag from /home/airflow/.local/lib/python3.8/site-packages/airflow/example_dags/example_xcom.py
[2025-10-14T08:09:08.702+0000] {processor.py:840} INFO - DAG(s) 'example_xcom' retrieved from /home/airflow/.local/lib/python3.8/site-packages/airflow/example_dags/example_xcom.py
[2025-10-14T08:09:08.732+0000] {logging_mixin.py:188} INFO - [2025-10-14T08:09:08.732+0000] {dag.py:3036} INFO - Sync 1 DAGs
[2025-10-14T08:09:08.756+0000] {logging_mixin.py:188} INFO - [2025-10-14T08:09:08.756+0000] {dag.py:3823} INFO - Setting next_dagrun for example_xcom to 2021-01-01 00:00:00+00:00, run_after=2021-01-01 00:00:00+00:00
[2025-10-14T08:09:08.782+0000] {processor.py:183} INFO - Processing /home/airflow/.local/lib/python3.8/site-packages/airflow/example_dags/example_xcom.py took 0.096 seconds
[2025-10-14T08:09:39.623+0000] {processor.py:161} INFO - Started process (PID=62853) to work on /home/airflow/.local/lib/python3.8/site-packages/airflow/example_dags/example_xcom.py
[2025-10-14T08:09:39.624+0000] {processor.py:830} INFO - Processing file /home/airflow/.local/lib/python3.8/site-packages/airflow/example_dags/example_xcom.py for tasks to queue
[2025-10-14T08:09:39.626+0000] {logging_mixin.py:188} INFO - [2025-10-14T08:09:39.625+0000] {dagbag.py:538} INFO - Filling up the DagBag from /home/airflow/.local/lib/python3.8/site-packages/airflow/example_dags/example_xcom.py
[2025-10-14T08:09:39.635+0000] {processor.py:840} INFO - DAG(s) 'example_xcom' retrieved from /home/airflow/.local/lib/python3.8/site-packages/airflow/example_dags/example_xcom.py
[2025-10-14T08:09:39.676+0000] {logging_mixin.py:188} INFO - [2025-10-14T08:09:39.675+0000] {dag.py:3036} INFO - Sync 1 DAGs
[2025-10-14T08:09:39.713+0000] {logging_mixin.py:188} INFO - [2025-10-14T08:09:39.711+0000] {dag.py:3823} INFO - Setting next_dagrun for example_xcom to 2021-01-01 00:00:00+00:00, run_after=2021-01-01 00:00:00+00:00
[2025-10-14T08:09:39.739+0000] {processor.py:183} INFO - Processing /home/airflow/.local/lib/python3.8/site-packages/airflow/example_dags/example_xcom.py took 0.120 seconds
[2025-10-14T08:10:09.818+0000] {processor.py:161} INFO - Started process (PID=62923) to work on /home/airflow/.local/lib/python3.8/site-packages/airflow/example_dags/example_xcom.py
[2025-10-14T08:10:09.819+0000] {processor.py:830} INFO - Processing file /home/airflow/.local/lib/python3.8/site-packages/airflow/example_dags/example_xcom.py for tasks to queue
[2025-10-14T08:10:09.820+0000] {logging_mixin.py:188} INFO - [2025-10-14T08:10:09.820+0000] {dagbag.py:538} INFO - Filling up the DagBag from /home/airflow/.local/lib/python3.8/site-packages/airflow/example_dags/example_xcom.py
[2025-10-14T08:10:09.829+0000] {processor.py:840} INFO - DAG(s) 'example_xcom' retrieved from /home/airflow/.local/lib/python3.8/site-packages/airflow/example_dags/example_xcom.py
[2025-10-14T08:10:09.858+0000] {logging_mixin.py:188} INFO - [2025-10-14T08:10:09.858+0000] {dag.py:3036} INFO - Sync 1 DAGs
[2025-10-14T08:10:09.883+0000] {logging_mixin.py:188} INFO - [2025-10-14T08:10:09.882+0000] {dag.py:3823} INFO - Setting next_dagrun for example_xcom to 2021-01-01 00:00:00+00:00, run_after=2021-01-01 00:00:00+00:00
[2025-10-14T08:10:09.905+0000] {processor.py:183} INFO - Processing /home/airflow/.local/lib/python3.8/site-packages/airflow/example_dags/example_xcom.py took 0.091 seconds
[2025-10-14T08:10:40.579+0000] {processor.py:161} INFO - Started process (PID=62993) to work on /home/airflow/.local/lib/python3.8/site-packages/airflow/example_dags/example_xcom.py
[2025-10-14T08:10:40.580+0000] {processor.py:830} INFO - Processing file /home/airflow/.local/lib/python3.8/site-packages/airflow/example_dags/example_xcom.py for tasks to queue
[2025-10-14T08:10:40.582+0000] {logging_mixin.py:188} INFO - [2025-10-14T08:10:40.581+0000] {dagbag.py:538} INFO - Filling up the DagBag from /home/airflow/.local/lib/python3.8/site-packages/airflow/example_dags/example_xcom.py
[2025-10-14T08:10:40.591+0000] {processor.py:840} INFO - DAG(s) 'example_xcom' retrieved from /home/airflow/.local/lib/python3.8/site-packages/airflow/example_dags/example_xcom.py
[2025-10-14T08:10:40.623+0000] {logging_mixin.py:188} INFO - [2025-10-14T08:10:40.622+0000] {dag.py:3036} INFO - Sync 1 DAGs
[2025-10-14T08:10:40.651+0000] {logging_mixin.py:188} INFO - [2025-10-14T08:10:40.650+0000] {dag.py:3823} INFO - Setting next_dagrun for example_xcom to 2021-01-01 00:00:00+00:00, run_after=2021-01-01 00:00:00+00:00
[2025-10-14T08:10:40.676+0000] {processor.py:183} INFO - Processing /home/airflow/.local/lib/python3.8/site-packages/airflow/example_dags/example_xcom.py took 0.101 seconds
[2025-10-14T08:11:11.541+0000] {processor.py:161} INFO - Started process (PID=63063) to work on /home/airflow/.local/lib/python3.8/site-packages/airflow/example_dags/example_xcom.py
[2025-10-14T08:11:11.543+0000] {processor.py:830} INFO - Processing file /home/airflow/.local/lib/python3.8/site-packages/airflow/example_dags/example_xcom.py for tasks to queue
[2025-10-14T08:11:11.544+0000] {logging_mixin.py:188} INFO - [2025-10-14T08:11:11.544+0000] {dagbag.py:538} INFO - Filling up the DagBag from /home/airflow/.local/lib/python3.8/site-packages/airflow/example_dags/example_xcom.py
[2025-10-14T08:11:11.553+0000] {processor.py:840} INFO - DAG(s) 'example_xcom' retrieved from /home/airflow/.local/lib/python3.8/site-packages/airflow/example_dags/example_xcom.py
[2025-10-14T08:11:11.584+0000] {logging_mixin.py:188} INFO - [2025-10-14T08:11:11.584+0000] {dag.py:3036} INFO - Sync 1 DAGs
[2025-10-14T08:11:11.611+0000] {logging_mixin.py:188} INFO - [2025-10-14T08:11:11.610+0000] {dag.py:3823} INFO - Setting next_dagrun for example_xcom to 2021-01-01 00:00:00+00:00, run_after=2021-01-01 00:00:00+00:00
[2025-10-14T08:11:11.634+0000] {processor.py:183} INFO - Processing /home/airflow/.local/lib/python3.8/site-packages/airflow/example_dags/example_xcom.py took 0.097 seconds
[2025-10-14T08:11:42.887+0000] {processor.py:161} INFO - Started process (PID=63134) to work on /home/airflow/.local/lib/python3.8/site-packages/airflow/example_dags/example_xcom.py
[2025-10-14T08:11:42.889+0000] {processor.py:830} INFO - Processing file /home/airflow/.local/lib/python3.8/site-packages/airflow/example_dags/example_xcom.py for tasks to queue
[2025-10-14T08:11:42.890+0000] {logging_mixin.py:188} INFO - [2025-10-14T08:11:42.890+0000] {dagbag.py:538} INFO - Filling up the DagBag from /home/airflow/.local/lib/python3.8/site-packages/airflow/example_dags/example_xcom.py
[2025-10-14T08:11:42.900+0000] {processor.py:840} INFO - DAG(s) 'example_xcom' retrieved from /home/airflow/.local/lib/python3.8/site-packages/airflow/example_dags/example_xcom.py
[2025-10-14T08:11:42.930+0000] {logging_mixin.py:188} INFO - [2025-10-14T08:11:42.930+0000] {dag.py:3036} INFO - Sync 1 DAGs
[2025-10-14T08:11:42.959+0000] {logging_mixin.py:188} INFO - [2025-10-14T08:11:42.959+0000] {dag.py:3823} INFO - Setting next_dagrun for example_xcom to 2021-01-01 00:00:00+00:00, run_after=2021-01-01 00:00:00+00:00
[2025-10-14T08:11:42.981+0000] {processor.py:183} INFO - Processing /home/airflow/.local/lib/python3.8/site-packages/airflow/example_dags/example_xcom.py took 0.098 seconds
[2025-10-14T08:12:13.498+0000] {processor.py:161} INFO - Started process (PID=63203) to work on /home/airflow/.local/lib/python3.8/site-packages/airflow/example_dags/example_xcom.py
[2025-10-14T08:12:13.499+0000] {processor.py:830} INFO - Processing file /home/airflow/.local/lib/python3.8/site-packages/airflow/example_dags/example_xcom.py for tasks to queue
[2025-10-14T08:12:13.501+0000] {logging_mixin.py:188} INFO - [2025-10-14T08:12:13.500+0000] {dagbag.py:538} INFO - Filling up the DagBag from /home/airflow/.local/lib/python3.8/site-packages/airflow/example_dags/example_xcom.py
[2025-10-14T08:12:13.510+0000] {processor.py:840} INFO - DAG(s) 'example_xcom' retrieved from /home/airflow/.local/lib/python3.8/site-packages/airflow/example_dags/example_xcom.py
[2025-10-14T08:12:13.539+0000] {logging_mixin.py:188} INFO - [2025-10-14T08:12:13.539+0000] {dag.py:3036} INFO - Sync 1 DAGs
[2025-10-14T08:12:13.565+0000] {logging_mixin.py:188} INFO - [2025-10-14T08:12:13.565+0000] {dag.py:3823} INFO - Setting next_dagrun for example_xcom to 2021-01-01 00:00:00+00:00, run_after=2021-01-01 00:00:00+00:00
[2025-10-14T08:12:13.588+0000] {processor.py:183} INFO - Processing /home/airflow/.local/lib/python3.8/site-packages/airflow/example_dags/example_xcom.py took 0.094 seconds
[2025-10-14T08:12:45.463+0000] {processor.py:161} INFO - Started process (PID=63273) to work on /home/airflow/.local/lib/python3.8/site-packages/airflow/example_dags/example_xcom.py
[2025-10-14T08:12:45.465+0000] {processor.py:830} INFO - Processing file /home/airflow/.local/lib/python3.8/site-packages/airflow/example_dags/example_xcom.py for tasks to queue
[2025-10-14T08:12:45.466+0000] {logging_mixin.py:188} INFO - [2025-10-14T08:12:45.465+0000] {dagbag.py:538} INFO - Filling up the DagBag from /home/airflow/.local/lib/python3.8/site-packages/airflow/example_dags/example_xcom.py
[2025-10-14T08:12:45.474+0000] {processor.py:840} INFO - DAG(s) 'example_xcom' retrieved from /home/airflow/.local/lib/python3.8/site-packages/airflow/example_dags/example_xcom.py
[2025-10-14T08:12:45.511+0000] {logging_mixin.py:188} INFO - [2025-10-14T08:12:45.511+0000] {dag.py:3036} INFO - Sync 1 DAGs
[2025-10-14T08:12:45.536+0000] {logging_mixin.py:188} INFO - [2025-10-14T08:12:45.536+0000] {dag.py:3823} INFO - Setting next_dagrun for example_xcom to 2021-01-01 00:00:00+00:00, run_after=2021-01-01 00:00:00+00:00
[2025-10-14T08:12:45.561+0000] {processor.py:183} INFO - Processing /home/airflow/.local/lib/python3.8/site-packages/airflow/example_dags/example_xcom.py took 0.102 seconds
[2025-10-14T08:13:16.404+0000] {processor.py:161} INFO - Started process (PID=63343) to work on /home/airflow/.local/lib/python3.8/site-packages/airflow/example_dags/example_xcom.py
[2025-10-14T08:13:16.405+0000] {processor.py:830} INFO - Processing file /home/airflow/.local/lib/python3.8/site-packages/airflow/example_dags/example_xcom.py for tasks to queue
[2025-10-14T08:13:16.406+0000] {logging_mixin.py:188} INFO - [2025-10-14T08:13:16.406+0000] {dagbag.py:538} INFO - Filling up the DagBag from /home/airflow/.local/lib/python3.8/site-packages/airflow/example_dags/example_xcom.py
[2025-10-14T08:13:16.416+0000] {processor.py:840} INFO - DAG(s) 'example_xcom' retrieved from /home/airflow/.local/lib/python3.8/site-packages/airflow/example_dags/example_xcom.py
[2025-10-14T08:13:16.448+0000] {logging_mixin.py:188} INFO - [2025-10-14T08:13:16.447+0000] {dag.py:3036} INFO - Sync 1 DAGs
[2025-10-14T08:13:16.477+0000] {logging_mixin.py:188} INFO - [2025-10-14T08:13:16.477+0000] {dag.py:3823} INFO - Setting next_dagrun for example_xcom to 2021-01-01 00:00:00+00:00, run_after=2021-01-01 00:00:00+00:00
[2025-10-14T08:13:16.506+0000] {processor.py:183} INFO - Processing /home/airflow/.local/lib/python3.8/site-packages/airflow/example_dags/example_xcom.py took 0.107 seconds
[2025-10-14T08:13:47.097+0000] {processor.py:161} INFO - Started process (PID=63413) to work on /home/airflow/.local/lib/python3.8/site-packages/airflow/example_dags/example_xcom.py
[2025-10-14T08:13:47.098+0000] {processor.py:830} INFO - Processing file /home/airflow/.local/lib/python3.8/site-packages/airflow/example_dags/example_xcom.py for tasks to queue
[2025-10-14T08:13:47.100+0000] {logging_mixin.py:188} INFO - [2025-10-14T08:13:47.099+0000] {dagbag.py:538} INFO - Filling up the DagBag from /home/airflow/.local/lib/python3.8/site-packages/airflow/example_dags/example_xcom.py
[2025-10-14T08:13:47.109+0000] {processor.py:840} INFO - DAG(s) 'example_xcom' retrieved from /home/airflow/.local/lib/python3.8/site-packages/airflow/example_dags/example_xcom.py
[2025-10-14T08:13:47.141+0000] {logging_mixin.py:188} INFO - [2025-10-14T08:13:47.140+0000] {dag.py:3036} INFO - Sync 1 DAGs
[2025-10-14T08:13:47.168+0000] {logging_mixin.py:188} INFO - [2025-10-14T08:13:47.168+0000] {dag.py:3823} INFO - Setting next_dagrun for example_xcom to 2021-01-01 00:00:00+00:00, run_after=2021-01-01 00:00:00+00:00
[2025-10-14T08:13:47.191+0000] {processor.py:183} INFO - Processing /home/airflow/.local/lib/python3.8/site-packages/airflow/example_dags/example_xcom.py took 0.098 seconds
[2025-10-14T08:14:18.212+0000] {processor.py:161} INFO - Started process (PID=63483) to work on /home/airflow/.local/lib/python3.8/site-packages/airflow/example_dags/example_xcom.py
[2025-10-14T08:14:18.213+0000] {processor.py:830} INFO - Processing file /home/airflow/.local/lib/python3.8/site-packages/airflow/example_dags/example_xcom.py for tasks to queue
[2025-10-14T08:14:18.214+0000] {logging_mixin.py:188} INFO - [2025-10-14T08:14:18.214+0000] {dagbag.py:538} INFO - Filling up the DagBag from /home/airflow/.local/lib/python3.8/site-packages/airflow/example_dags/example_xcom.py
[2025-10-14T08:14:18.223+0000] {processor.py:840} INFO - DAG(s) 'example_xcom' retrieved from /home/airflow/.local/lib/python3.8/site-packages/airflow/example_dags/example_xcom.py
[2025-10-14T08:14:18.254+0000] {logging_mixin.py:188} INFO - [2025-10-14T08:14:18.253+0000] {dag.py:3036} INFO - Sync 1 DAGs
[2025-10-14T08:14:18.282+0000] {logging_mixin.py:188} INFO - [2025-10-14T08:14:18.282+0000] {dag.py:3823} INFO - Setting next_dagrun for example_xcom to 2021-01-01 00:00:00+00:00, run_after=2021-01-01 00:00:00+00:00
[2025-10-14T08:14:18.305+0000] {processor.py:183} INFO - Processing /home/airflow/.local/lib/python3.8/site-packages/airflow/example_dags/example_xcom.py took 0.097 seconds
[2025-10-14T08:14:49.363+0000] {processor.py:161} INFO - Started process (PID=63553) to work on /home/airflow/.local/lib/python3.8/site-packages/airflow/example_dags/example_xcom.py
[2025-10-14T08:14:49.364+0000] {processor.py:830} INFO - Processing file /home/airflow/.local/lib/python3.8/site-packages/airflow/example_dags/example_xcom.py for tasks to queue
[2025-10-14T08:14:49.365+0000] {logging_mixin.py:188} INFO - [2025-10-14T08:14:49.365+0000] {dagbag.py:538} INFO - Filling up the DagBag from /home/airflow/.local/lib/python3.8/site-packages/airflow/example_dags/example_xcom.py
[2025-10-14T08:14:49.374+0000] {processor.py:840} INFO - DAG(s) 'example_xcom' retrieved from /home/airflow/.local/lib/python3.8/site-packages/airflow/example_dags/example_xcom.py
[2025-10-14T08:14:49.404+0000] {logging_mixin.py:188} INFO - [2025-10-14T08:14:49.403+0000] {dag.py:3036} INFO - Sync 1 DAGs
[2025-10-14T08:14:49.428+0000] {logging_mixin.py:188} INFO - [2025-10-14T08:14:49.428+0000] {dag.py:3823} INFO - Setting next_dagrun for example_xcom to 2021-01-01 00:00:00+00:00, run_after=2021-01-01 00:00:00+00:00
[2025-10-14T08:14:49.449+0000] {processor.py:183} INFO - Processing /home/airflow/.local/lib/python3.8/site-packages/airflow/example_dags/example_xcom.py took 0.090 seconds
[2025-10-14T08:15:20.103+0000] {processor.py:161} INFO - Started process (PID=63623) to work on /home/airflow/.local/lib/python3.8/site-packages/airflow/example_dags/example_xcom.py
[2025-10-14T08:15:20.104+0000] {processor.py:830} INFO - Processing file /home/airflow/.local/lib/python3.8/site-packages/airflow/example_dags/example_xcom.py for tasks to queue
[2025-10-14T08:15:20.105+0000] {logging_mixin.py:188} INFO - [2025-10-14T08:15:20.105+0000] {dagbag.py:538} INFO - Filling up the DagBag from /home/airflow/.local/lib/python3.8/site-packages/airflow/example_dags/example_xcom.py
[2025-10-14T08:15:20.115+0000] {processor.py:840} INFO - DAG(s) 'example_xcom' retrieved from /home/airflow/.local/lib/python3.8/site-packages/airflow/example_dags/example_xcom.py
[2025-10-14T08:15:20.146+0000] {logging_mixin.py:188} INFO - [2025-10-14T08:15:20.145+0000] {dag.py:3036} INFO - Sync 1 DAGs
[2025-10-14T08:15:20.171+0000] {logging_mixin.py:188} INFO - [2025-10-14T08:15:20.171+0000] {dag.py:3823} INFO - Setting next_dagrun for example_xcom to 2021-01-01 00:00:00+00:00, run_after=2021-01-01 00:00:00+00:00
[2025-10-14T08:15:20.194+0000] {processor.py:183} INFO - Processing /home/airflow/.local/lib/python3.8/site-packages/airflow/example_dags/example_xcom.py took 0.095 seconds
[2025-10-14T08:15:50.965+0000] {processor.py:161} INFO - Started process (PID=63693) to work on /home/airflow/.local/lib/python3.8/site-packages/airflow/example_dags/example_xcom.py
[2025-10-14T08:15:50.966+0000] {processor.py:830} INFO - Processing file /home/airflow/.local/lib/python3.8/site-packages/airflow/example_dags/example_xcom.py for tasks to queue
[2025-10-14T08:15:50.968+0000] {logging_mixin.py:188} INFO - [2025-10-14T08:15:50.967+0000] {dagbag.py:538} INFO - Filling up the DagBag from /home/airflow/.local/lib/python3.8/site-packages/airflow/example_dags/example_xcom.py
[2025-10-14T08:15:50.977+0000] {processor.py:840} INFO - DAG(s) 'example_xcom' retrieved from /home/airflow/.local/lib/python3.8/site-packages/airflow/example_dags/example_xcom.py
[2025-10-14T08:15:51.008+0000] {logging_mixin.py:188} INFO - [2025-10-14T08:15:51.008+0000] {dag.py:3036} INFO - Sync 1 DAGs
[2025-10-14T08:15:51.033+0000] {logging_mixin.py:188} INFO - [2025-10-14T08:15:51.033+0000] {dag.py:3823} INFO - Setting next_dagrun for example_xcom to 2021-01-01 00:00:00+00:00, run_after=2021-01-01 00:00:00+00:00
[2025-10-14T08:15:51.056+0000] {processor.py:183} INFO - Processing /home/airflow/.local/lib/python3.8/site-packages/airflow/example_dags/example_xcom.py took 0.095 seconds
[2025-10-14T08:16:22.465+0000] {processor.py:161} INFO - Started process (PID=63763) to work on /home/airflow/.local/lib/python3.8/site-packages/airflow/example_dags/example_xcom.py
[2025-10-14T08:16:22.467+0000] {processor.py:830} INFO - Processing file /home/airflow/.local/lib/python3.8/site-packages/airflow/example_dags/example_xcom.py for tasks to queue
[2025-10-14T08:16:22.468+0000] {logging_mixin.py:188} INFO - [2025-10-14T08:16:22.467+0000] {dagbag.py:538} INFO - Filling up the DagBag from /home/airflow/.local/lib/python3.8/site-packages/airflow/example_dags/example_xcom.py
[2025-10-14T08:16:22.477+0000] {processor.py:840} INFO - DAG(s) 'example_xcom' retrieved from /home/airflow/.local/lib/python3.8/site-packages/airflow/example_dags/example_xcom.py
[2025-10-14T08:16:22.507+0000] {logging_mixin.py:188} INFO - [2025-10-14T08:16:22.507+0000] {dag.py:3036} INFO - Sync 1 DAGs
[2025-10-14T08:16:22.532+0000] {logging_mixin.py:188} INFO - [2025-10-14T08:16:22.531+0000] {dag.py:3823} INFO - Setting next_dagrun for example_xcom to 2021-01-01 00:00:00+00:00, run_after=2021-01-01 00:00:00+00:00
[2025-10-14T08:16:22.555+0000] {processor.py:183} INFO - Processing /home/airflow/.local/lib/python3.8/site-packages/airflow/example_dags/example_xcom.py took 0.093 seconds
[2025-10-14T08:16:53.261+0000] {processor.py:161} INFO - Started process (PID=63833) to work on /home/airflow/.local/lib/python3.8/site-packages/airflow/example_dags/example_xcom.py
[2025-10-14T08:16:53.263+0000] {processor.py:830} INFO - Processing file /home/airflow/.local/lib/python3.8/site-packages/airflow/example_dags/example_xcom.py for tasks to queue
[2025-10-14T08:16:53.264+0000] {logging_mixin.py:188} INFO - [2025-10-14T08:16:53.264+0000] {dagbag.py:538} INFO - Filling up the DagBag from /home/airflow/.local/lib/python3.8/site-packages/airflow/example_dags/example_xcom.py
[2025-10-14T08:16:53.273+0000] {processor.py:840} INFO - DAG(s) 'example_xcom' retrieved from /home/airflow/.local/lib/python3.8/site-packages/airflow/example_dags/example_xcom.py
[2025-10-14T08:16:53.303+0000] {logging_mixin.py:188} INFO - [2025-10-14T08:16:53.302+0000] {dag.py:3036} INFO - Sync 1 DAGs
[2025-10-14T08:16:53.327+0000] {logging_mixin.py:188} INFO - [2025-10-14T08:16:53.327+0000] {dag.py:3823} INFO - Setting next_dagrun for example_xcom to 2021-01-01 00:00:00+00:00, run_after=2021-01-01 00:00:00+00:00
[2025-10-14T08:16:53.352+0000] {processor.py:183} INFO - Processing /home/airflow/.local/lib/python3.8/site-packages/airflow/example_dags/example_xcom.py took 0.093 seconds
[2025-10-14T08:17:24.349+0000] {processor.py:161} INFO - Started process (PID=63903) to work on /home/airflow/.local/lib/python3.8/site-packages/airflow/example_dags/example_xcom.py
[2025-10-14T08:17:24.350+0000] {processor.py:830} INFO - Processing file /home/airflow/.local/lib/python3.8/site-packages/airflow/example_dags/example_xcom.py for tasks to queue
[2025-10-14T08:17:24.351+0000] {logging_mixin.py:188} INFO - [2025-10-14T08:17:24.351+0000] {dagbag.py:538} INFO - Filling up the DagBag from /home/airflow/.local/lib/python3.8/site-packages/airflow/example_dags/example_xcom.py
[2025-10-14T08:17:24.361+0000] {processor.py:840} INFO - DAG(s) 'example_xcom' retrieved from /home/airflow/.local/lib/python3.8/site-packages/airflow/example_dags/example_xcom.py
[2025-10-14T08:17:24.390+0000] {logging_mixin.py:188} INFO - [2025-10-14T08:17:24.390+0000] {dag.py:3036} INFO - Sync 1 DAGs
[2025-10-14T08:17:24.415+0000] {logging_mixin.py:188} INFO - [2025-10-14T08:17:24.415+0000] {dag.py:3823} INFO - Setting next_dagrun for example_xcom to 2021-01-01 00:00:00+00:00, run_after=2021-01-01 00:00:00+00:00
[2025-10-14T08:17:24.439+0000] {processor.py:183} INFO - Processing /home/airflow/.local/lib/python3.8/site-packages/airflow/example_dags/example_xcom.py took 0.094 seconds
[2025-10-14T08:17:55.571+0000] {processor.py:161} INFO - Started process (PID=63973) to work on /home/airflow/.local/lib/python3.8/site-packages/airflow/example_dags/example_xcom.py
[2025-10-14T08:17:55.573+0000] {processor.py:830} INFO - Processing file /home/airflow/.local/lib/python3.8/site-packages/airflow/example_dags/example_xcom.py for tasks to queue
[2025-10-14T08:17:55.574+0000] {logging_mixin.py:188} INFO - [2025-10-14T08:17:55.574+0000] {dagbag.py:538} INFO - Filling up the DagBag from /home/airflow/.local/lib/python3.8/site-packages/airflow/example_dags/example_xcom.py
[2025-10-14T08:17:55.583+0000] {processor.py:840} INFO - DAG(s) 'example_xcom' retrieved from /home/airflow/.local/lib/python3.8/site-packages/airflow/example_dags/example_xcom.py
[2025-10-14T08:17:55.613+0000] {logging_mixin.py:188} INFO - [2025-10-14T08:17:55.613+0000] {dag.py:3036} INFO - Sync 1 DAGs
[2025-10-14T08:17:55.638+0000] {logging_mixin.py:188} INFO - [2025-10-14T08:17:55.638+0000] {dag.py:3823} INFO - Setting next_dagrun for example_xcom to 2021-01-01 00:00:00+00:00, run_after=2021-01-01 00:00:00+00:00
[2025-10-14T08:17:55.662+0000] {processor.py:183} INFO - Processing /home/airflow/.local/lib/python3.8/site-packages/airflow/example_dags/example_xcom.py took 0.095 seconds
[2025-10-14T08:18:26.529+0000] {processor.py:161} INFO - Started process (PID=64043) to work on /home/airflow/.local/lib/python3.8/site-packages/airflow/example_dags/example_xcom.py
[2025-10-14T08:18:26.530+0000] {processor.py:830} INFO - Processing file /home/airflow/.local/lib/python3.8/site-packages/airflow/example_dags/example_xcom.py for tasks to queue
[2025-10-14T08:18:26.531+0000] {logging_mixin.py:188} INFO - [2025-10-14T08:18:26.531+0000] {dagbag.py:538} INFO - Filling up the DagBag from /home/airflow/.local/lib/python3.8/site-packages/airflow/example_dags/example_xcom.py
[2025-10-14T08:18:26.540+0000] {processor.py:840} INFO - DAG(s) 'example_xcom' retrieved from /home/airflow/.local/lib/python3.8/site-packages/airflow/example_dags/example_xcom.py
[2025-10-14T08:18:26.569+0000] {logging_mixin.py:188} INFO - [2025-10-14T08:18:26.569+0000] {dag.py:3036} INFO - Sync 1 DAGs
[2025-10-14T08:18:26.593+0000] {logging_mixin.py:188} INFO - [2025-10-14T08:18:26.593+0000] {dag.py:3823} INFO - Setting next_dagrun for example_xcom to 2021-01-01 00:00:00+00:00, run_after=2021-01-01 00:00:00+00:00
[2025-10-14T08:18:26.615+0000] {processor.py:183} INFO - Processing /home/airflow/.local/lib/python3.8/site-packages/airflow/example_dags/example_xcom.py took 0.090 seconds
[2025-10-14T08:18:57.591+0000] {processor.py:161} INFO - Started process (PID=64113) to work on /home/airflow/.local/lib/python3.8/site-packages/airflow/example_dags/example_xcom.py
[2025-10-14T08:18:57.592+0000] {processor.py:830} INFO - Processing file /home/airflow/.local/lib/python3.8/site-packages/airflow/example_dags/example_xcom.py for tasks to queue
[2025-10-14T08:18:57.594+0000] {logging_mixin.py:188} INFO - [2025-10-14T08:18:57.594+0000] {dagbag.py:538} INFO - Filling up the DagBag from /home/airflow/.local/lib/python3.8/site-packages/airflow/example_dags/example_xcom.py
[2025-10-14T08:18:57.603+0000] {processor.py:840} INFO - DAG(s) 'example_xcom' retrieved from /home/airflow/.local/lib/python3.8/site-packages/airflow/example_dags/example_xcom.py
[2025-10-14T08:18:57.634+0000] {logging_mixin.py:188} INFO - [2025-10-14T08:18:57.634+0000] {dag.py:3036} INFO - Sync 1 DAGs
[2025-10-14T08:18:57.668+0000] {logging_mixin.py:188} INFO - [2025-10-14T08:18:57.668+0000] {dag.py:3823} INFO - Setting next_dagrun for example_xcom to 2021-01-01 00:00:00+00:00, run_after=2021-01-01 00:00:00+00:00
[2025-10-14T08:18:57.691+0000] {processor.py:183} INFO - Processing /home/airflow/.local/lib/python3.8/site-packages/airflow/example_dags/example_xcom.py took 0.104 seconds
[2025-10-14T08:19:28.668+0000] {processor.py:161} INFO - Started process (PID=64183) to work on /home/airflow/.local/lib/python3.8/site-packages/airflow/example_dags/example_xcom.py
[2025-10-14T08:19:28.672+0000] {processor.py:830} INFO - Processing file /home/airflow/.local/lib/python3.8/site-packages/airflow/example_dags/example_xcom.py for tasks to queue
[2025-10-14T08:19:28.688+0000] {logging_mixin.py:188} INFO - [2025-10-14T08:19:28.686+0000] {dagbag.py:538} INFO - Filling up the DagBag from /home/airflow/.local/lib/python3.8/site-packages/airflow/example_dags/example_xcom.py
[2025-10-14T08:19:28.715+0000] {processor.py:840} INFO - DAG(s) 'example_xcom' retrieved from /home/airflow/.local/lib/python3.8/site-packages/airflow/example_dags/example_xcom.py
[2025-10-14T08:19:28.750+0000] {logging_mixin.py:188} INFO - [2025-10-14T08:19:28.749+0000] {dag.py:3036} INFO - Sync 1 DAGs
[2025-10-14T08:19:28.780+0000] {logging_mixin.py:188} INFO - [2025-10-14T08:19:28.779+0000] {dag.py:3823} INFO - Setting next_dagrun for example_xcom to 2021-01-01 00:00:00+00:00, run_after=2021-01-01 00:00:00+00:00
[2025-10-14T08:19:28.803+0000] {processor.py:183} INFO - Processing /home/airflow/.local/lib/python3.8/site-packages/airflow/example_dags/example_xcom.py took 0.138 seconds
[2025-10-14T08:19:59.411+0000] {processor.py:161} INFO - Started process (PID=64253) to work on /home/airflow/.local/lib/python3.8/site-packages/airflow/example_dags/example_xcom.py
[2025-10-14T08:19:59.413+0000] {processor.py:830} INFO - Processing file /home/airflow/.local/lib/python3.8/site-packages/airflow/example_dags/example_xcom.py for tasks to queue
[2025-10-14T08:19:59.414+0000] {logging_mixin.py:188} INFO - [2025-10-14T08:19:59.413+0000] {dagbag.py:538} INFO - Filling up the DagBag from /home/airflow/.local/lib/python3.8/site-packages/airflow/example_dags/example_xcom.py
[2025-10-14T08:19:59.423+0000] {processor.py:840} INFO - DAG(s) 'example_xcom' retrieved from /home/airflow/.local/lib/python3.8/site-packages/airflow/example_dags/example_xcom.py
[2025-10-14T08:19:59.453+0000] {logging_mixin.py:188} INFO - [2025-10-14T08:19:59.453+0000] {dag.py:3036} INFO - Sync 1 DAGs
[2025-10-14T08:19:59.484+0000] {logging_mixin.py:188} INFO - [2025-10-14T08:19:59.483+0000] {dag.py:3823} INFO - Setting next_dagrun for example_xcom to 2021-01-01 00:00:00+00:00, run_after=2021-01-01 00:00:00+00:00
[2025-10-14T08:19:59.505+0000] {processor.py:183} INFO - Processing /home/airflow/.local/lib/python3.8/site-packages/airflow/example_dags/example_xcom.py took 0.099 seconds
[2025-10-14T08:20:30.188+0000] {processor.py:161} INFO - Started process (PID=64323) to work on /home/airflow/.local/lib/python3.8/site-packages/airflow/example_dags/example_xcom.py
[2025-10-14T08:20:30.190+0000] {processor.py:830} INFO - Processing file /home/airflow/.local/lib/python3.8/site-packages/airflow/example_dags/example_xcom.py for tasks to queue
[2025-10-14T08:20:30.191+0000] {logging_mixin.py:188} INFO - [2025-10-14T08:20:30.191+0000] {dagbag.py:538} INFO - Filling up the DagBag from /home/airflow/.local/lib/python3.8/site-packages/airflow/example_dags/example_xcom.py
[2025-10-14T08:20:30.202+0000] {processor.py:840} INFO - DAG(s) 'example_xcom' retrieved from /home/airflow/.local/lib/python3.8/site-packages/airflow/example_dags/example_xcom.py
[2025-10-14T08:20:30.232+0000] {logging_mixin.py:188} INFO - [2025-10-14T08:20:30.232+0000] {dag.py:3036} INFO - Sync 1 DAGs
[2025-10-14T08:20:30.257+0000] {logging_mixin.py:188} INFO - [2025-10-14T08:20:30.257+0000] {dag.py:3823} INFO - Setting next_dagrun for example_xcom to 2021-01-01 00:00:00+00:00, run_after=2021-01-01 00:00:00+00:00
[2025-10-14T08:20:30.280+0000] {processor.py:183} INFO - Processing /home/airflow/.local/lib/python3.8/site-packages/airflow/example_dags/example_xcom.py took 0.097 seconds
[2025-10-14T08:21:01.479+0000] {processor.py:161} INFO - Started process (PID=64393) to work on /home/airflow/.local/lib/python3.8/site-packages/airflow/example_dags/example_xcom.py
[2025-10-14T08:21:01.481+0000] {processor.py:830} INFO - Processing file /home/airflow/.local/lib/python3.8/site-packages/airflow/example_dags/example_xcom.py for tasks to queue
[2025-10-14T08:21:01.482+0000] {logging_mixin.py:188} INFO - [2025-10-14T08:21:01.482+0000] {dagbag.py:538} INFO - Filling up the DagBag from /home/airflow/.local/lib/python3.8/site-packages/airflow/example_dags/example_xcom.py
[2025-10-14T08:21:01.491+0000] {processor.py:840} INFO - DAG(s) 'example_xcom' retrieved from /home/airflow/.local/lib/python3.8/site-packages/airflow/example_dags/example_xcom.py
[2025-10-14T08:21:01.520+0000] {logging_mixin.py:188} INFO - [2025-10-14T08:21:01.520+0000] {dag.py:3036} INFO - Sync 1 DAGs
[2025-10-14T08:21:01.546+0000] {logging_mixin.py:188} INFO - [2025-10-14T08:21:01.546+0000] {dag.py:3823} INFO - Setting next_dagrun for example_xcom to 2021-01-01 00:00:00+00:00, run_after=2021-01-01 00:00:00+00:00
[2025-10-14T08:21:01.570+0000] {processor.py:183} INFO - Processing /home/airflow/.local/lib/python3.8/site-packages/airflow/example_dags/example_xcom.py took 0.095 seconds
[2025-10-14T08:21:32.522+0000] {processor.py:161} INFO - Started process (PID=64463) to work on /home/airflow/.local/lib/python3.8/site-packages/airflow/example_dags/example_xcom.py
[2025-10-14T08:21:32.523+0000] {processor.py:830} INFO - Processing file /home/airflow/.local/lib/python3.8/site-packages/airflow/example_dags/example_xcom.py for tasks to queue
[2025-10-14T08:21:32.525+0000] {logging_mixin.py:188} INFO - [2025-10-14T08:21:32.524+0000] {dagbag.py:538} INFO - Filling up the DagBag from /home/airflow/.local/lib/python3.8/site-packages/airflow/example_dags/example_xcom.py
[2025-10-14T08:21:32.535+0000] {processor.py:840} INFO - DAG(s) 'example_xcom' retrieved from /home/airflow/.local/lib/python3.8/site-packages/airflow/example_dags/example_xcom.py
[2025-10-14T08:21:32.564+0000] {logging_mixin.py:188} INFO - [2025-10-14T08:21:32.564+0000] {dag.py:3036} INFO - Sync 1 DAGs
[2025-10-14T08:21:32.589+0000] {logging_mixin.py:188} INFO - [2025-10-14T08:21:32.589+0000] {dag.py:3823} INFO - Setting next_dagrun for example_xcom to 2021-01-01 00:00:00+00:00, run_after=2021-01-01 00:00:00+00:00
[2025-10-14T08:21:32.612+0000] {processor.py:183} INFO - Processing /home/airflow/.local/lib/python3.8/site-packages/airflow/example_dags/example_xcom.py took 0.094 seconds
[2025-10-14T08:22:03.524+0000] {processor.py:161} INFO - Started process (PID=64533) to work on /home/airflow/.local/lib/python3.8/site-packages/airflow/example_dags/example_xcom.py
[2025-10-14T08:22:03.526+0000] {processor.py:830} INFO - Processing file /home/airflow/.local/lib/python3.8/site-packages/airflow/example_dags/example_xcom.py for tasks to queue
[2025-10-14T08:22:03.529+0000] {logging_mixin.py:188} INFO - [2025-10-14T08:22:03.528+0000] {dagbag.py:538} INFO - Filling up the DagBag from /home/airflow/.local/lib/python3.8/site-packages/airflow/example_dags/example_xcom.py
[2025-10-14T08:22:03.540+0000] {processor.py:840} INFO - DAG(s) 'example_xcom' retrieved from /home/airflow/.local/lib/python3.8/site-packages/airflow/example_dags/example_xcom.py
[2025-10-14T08:22:03.577+0000] {logging_mixin.py:188} INFO - [2025-10-14T08:22:03.577+0000] {dag.py:3036} INFO - Sync 1 DAGs
[2025-10-14T08:22:03.603+0000] {logging_mixin.py:188} INFO - [2025-10-14T08:22:03.603+0000] {dag.py:3823} INFO - Setting next_dagrun for example_xcom to 2021-01-01 00:00:00+00:00, run_after=2021-01-01 00:00:00+00:00
[2025-10-14T08:22:03.626+0000] {processor.py:183} INFO - Processing /home/airflow/.local/lib/python3.8/site-packages/airflow/example_dags/example_xcom.py took 0.108 seconds
[2025-10-14T08:22:34.420+0000] {processor.py:161} INFO - Started process (PID=64603) to work on /home/airflow/.local/lib/python3.8/site-packages/airflow/example_dags/example_xcom.py
[2025-10-14T08:22:34.421+0000] {processor.py:830} INFO - Processing file /home/airflow/.local/lib/python3.8/site-packages/airflow/example_dags/example_xcom.py for tasks to queue
[2025-10-14T08:22:34.423+0000] {logging_mixin.py:188} INFO - [2025-10-14T08:22:34.422+0000] {dagbag.py:538} INFO - Filling up the DagBag from /home/airflow/.local/lib/python3.8/site-packages/airflow/example_dags/example_xcom.py
[2025-10-14T08:22:34.435+0000] {processor.py:840} INFO - DAG(s) 'example_xcom' retrieved from /home/airflow/.local/lib/python3.8/site-packages/airflow/example_dags/example_xcom.py
[2025-10-14T08:22:34.466+0000] {logging_mixin.py:188} INFO - [2025-10-14T08:22:34.466+0000] {dag.py:3036} INFO - Sync 1 DAGs
[2025-10-14T08:22:34.492+0000] {logging_mixin.py:188} INFO - [2025-10-14T08:22:34.491+0000] {dag.py:3823} INFO - Setting next_dagrun for example_xcom to 2021-01-01 00:00:00+00:00, run_after=2021-01-01 00:00:00+00:00
[2025-10-14T08:22:34.517+0000] {processor.py:183} INFO - Processing /home/airflow/.local/lib/python3.8/site-packages/airflow/example_dags/example_xcom.py took 0.103 seconds
[2025-10-14T08:23:05.267+0000] {processor.py:161} INFO - Started process (PID=64679) to work on /home/airflow/.local/lib/python3.8/site-packages/airflow/example_dags/example_xcom.py
[2025-10-14T08:23:05.269+0000] {processor.py:830} INFO - Processing file /home/airflow/.local/lib/python3.8/site-packages/airflow/example_dags/example_xcom.py for tasks to queue
[2025-10-14T08:23:05.270+0000] {logging_mixin.py:188} INFO - [2025-10-14T08:23:05.269+0000] {dagbag.py:538} INFO - Filling up the DagBag from /home/airflow/.local/lib/python3.8/site-packages/airflow/example_dags/example_xcom.py
[2025-10-14T08:23:05.279+0000] {processor.py:840} INFO - DAG(s) 'example_xcom' retrieved from /home/airflow/.local/lib/python3.8/site-packages/airflow/example_dags/example_xcom.py
[2025-10-14T08:23:05.310+0000] {logging_mixin.py:188} INFO - [2025-10-14T08:23:05.310+0000] {dag.py:3036} INFO - Sync 1 DAGs
[2025-10-14T08:23:05.336+0000] {logging_mixin.py:188} INFO - [2025-10-14T08:23:05.335+0000] {dag.py:3823} INFO - Setting next_dagrun for example_xcom to 2021-01-01 00:00:00+00:00, run_after=2021-01-01 00:00:00+00:00
[2025-10-14T08:23:05.356+0000] {processor.py:183} INFO - Processing /home/airflow/.local/lib/python3.8/site-packages/airflow/example_dags/example_xcom.py took 0.093 seconds
[2025-10-14T08:23:35.994+0000] {processor.py:161} INFO - Started process (PID=64748) to work on /home/airflow/.local/lib/python3.8/site-packages/airflow/example_dags/example_xcom.py
[2025-10-14T08:23:35.996+0000] {processor.py:830} INFO - Processing file /home/airflow/.local/lib/python3.8/site-packages/airflow/example_dags/example_xcom.py for tasks to queue
[2025-10-14T08:23:35.998+0000] {logging_mixin.py:188} INFO - [2025-10-14T08:23:35.998+0000] {dagbag.py:538} INFO - Filling up the DagBag from /home/airflow/.local/lib/python3.8/site-packages/airflow/example_dags/example_xcom.py
[2025-10-14T08:23:36.007+0000] {processor.py:840} INFO - DAG(s) 'example_xcom' retrieved from /home/airflow/.local/lib/python3.8/site-packages/airflow/example_dags/example_xcom.py
[2025-10-14T08:23:36.037+0000] {logging_mixin.py:188} INFO - [2025-10-14T08:23:36.037+0000] {dag.py:3036} INFO - Sync 1 DAGs
[2025-10-14T08:23:36.062+0000] {logging_mixin.py:188} INFO - [2025-10-14T08:23:36.061+0000] {dag.py:3823} INFO - Setting next_dagrun for example_xcom to 2021-01-01 00:00:00+00:00, run_after=2021-01-01 00:00:00+00:00
[2025-10-14T08:23:36.085+0000] {processor.py:183} INFO - Processing /home/airflow/.local/lib/python3.8/site-packages/airflow/example_dags/example_xcom.py took 0.094 seconds
[2025-10-14T08:24:06.579+0000] {processor.py:161} INFO - Started process (PID=64818) to work on /home/airflow/.local/lib/python3.8/site-packages/airflow/example_dags/example_xcom.py
[2025-10-14T08:24:06.581+0000] {processor.py:830} INFO - Processing file /home/airflow/.local/lib/python3.8/site-packages/airflow/example_dags/example_xcom.py for tasks to queue
[2025-10-14T08:24:06.582+0000] {logging_mixin.py:188} INFO - [2025-10-14T08:24:06.582+0000] {dagbag.py:538} INFO - Filling up the DagBag from /home/airflow/.local/lib/python3.8/site-packages/airflow/example_dags/example_xcom.py
[2025-10-14T08:24:06.591+0000] {processor.py:840} INFO - DAG(s) 'example_xcom' retrieved from /home/airflow/.local/lib/python3.8/site-packages/airflow/example_dags/example_xcom.py
[2025-10-14T08:24:06.624+0000] {logging_mixin.py:188} INFO - [2025-10-14T08:24:06.624+0000] {dag.py:3036} INFO - Sync 1 DAGs
[2025-10-14T08:24:06.650+0000] {logging_mixin.py:188} INFO - [2025-10-14T08:24:06.649+0000] {dag.py:3823} INFO - Setting next_dagrun for example_xcom to 2021-01-01 00:00:00+00:00, run_after=2021-01-01 00:00:00+00:00
[2025-10-14T08:24:06.673+0000] {processor.py:183} INFO - Processing /home/airflow/.local/lib/python3.8/site-packages/airflow/example_dags/example_xcom.py took 0.098 seconds
[2025-10-14T08:24:37.796+0000] {processor.py:161} INFO - Started process (PID=64889) to work on /home/airflow/.local/lib/python3.8/site-packages/airflow/example_dags/example_xcom.py
[2025-10-14T08:24:37.797+0000] {processor.py:830} INFO - Processing file /home/airflow/.local/lib/python3.8/site-packages/airflow/example_dags/example_xcom.py for tasks to queue
[2025-10-14T08:24:37.799+0000] {logging_mixin.py:188} INFO - [2025-10-14T08:24:37.798+0000] {dagbag.py:538} INFO - Filling up the DagBag from /home/airflow/.local/lib/python3.8/site-packages/airflow/example_dags/example_xcom.py
[2025-10-14T08:24:37.809+0000] {processor.py:840} INFO - DAG(s) 'example_xcom' retrieved from /home/airflow/.local/lib/python3.8/site-packages/airflow/example_dags/example_xcom.py
[2025-10-14T08:24:37.840+0000] {logging_mixin.py:188} INFO - [2025-10-14T08:24:37.840+0000] {dag.py:3036} INFO - Sync 1 DAGs
[2025-10-14T08:24:37.865+0000] {logging_mixin.py:188} INFO - [2025-10-14T08:24:37.865+0000] {dag.py:3823} INFO - Setting next_dagrun for example_xcom to 2021-01-01 00:00:00+00:00, run_after=2021-01-01 00:00:00+00:00
[2025-10-14T08:24:37.888+0000] {processor.py:183} INFO - Processing /home/airflow/.local/lib/python3.8/site-packages/airflow/example_dags/example_xcom.py took 0.097 seconds
[2025-10-14T08:25:08.380+0000] {processor.py:161} INFO - Started process (PID=64959) to work on /home/airflow/.local/lib/python3.8/site-packages/airflow/example_dags/example_xcom.py
[2025-10-14T08:25:08.381+0000] {processor.py:830} INFO - Processing file /home/airflow/.local/lib/python3.8/site-packages/airflow/example_dags/example_xcom.py for tasks to queue
[2025-10-14T08:25:08.382+0000] {logging_mixin.py:188} INFO - [2025-10-14T08:25:08.382+0000] {dagbag.py:538} INFO - Filling up the DagBag from /home/airflow/.local/lib/python3.8/site-packages/airflow/example_dags/example_xcom.py
[2025-10-14T08:25:08.391+0000] {processor.py:840} INFO - DAG(s) 'example_xcom' retrieved from /home/airflow/.local/lib/python3.8/site-packages/airflow/example_dags/example_xcom.py
[2025-10-14T08:25:08.423+0000] {logging_mixin.py:188} INFO - [2025-10-14T08:25:08.422+0000] {dag.py:3036} INFO - Sync 1 DAGs
[2025-10-14T08:25:08.450+0000] {logging_mixin.py:188} INFO - [2025-10-14T08:25:08.449+0000] {dag.py:3823} INFO - Setting next_dagrun for example_xcom to 2021-01-01 00:00:00+00:00, run_after=2021-01-01 00:00:00+00:00
[2025-10-14T08:25:08.472+0000] {processor.py:183} INFO - Processing /home/airflow/.local/lib/python3.8/site-packages/airflow/example_dags/example_xcom.py took 0.097 seconds
[2025-10-14T08:25:39.289+0000] {processor.py:161} INFO - Started process (PID=65029) to work on /home/airflow/.local/lib/python3.8/site-packages/airflow/example_dags/example_xcom.py
[2025-10-14T08:25:39.291+0000] {processor.py:830} INFO - Processing file /home/airflow/.local/lib/python3.8/site-packages/airflow/example_dags/example_xcom.py for tasks to queue
[2025-10-14T08:25:39.292+0000] {logging_mixin.py:188} INFO - [2025-10-14T08:25:39.292+0000] {dagbag.py:538} INFO - Filling up the DagBag from /home/airflow/.local/lib/python3.8/site-packages/airflow/example_dags/example_xcom.py
[2025-10-14T08:25:39.301+0000] {processor.py:840} INFO - DAG(s) 'example_xcom' retrieved from /home/airflow/.local/lib/python3.8/site-packages/airflow/example_dags/example_xcom.py
[2025-10-14T08:25:39.335+0000] {logging_mixin.py:188} INFO - [2025-10-14T08:25:39.335+0000] {dag.py:3036} INFO - Sync 1 DAGs
[2025-10-14T08:25:39.360+0000] {logging_mixin.py:188} INFO - [2025-10-14T08:25:39.360+0000] {dag.py:3823} INFO - Setting next_dagrun for example_xcom to 2021-01-01 00:00:00+00:00, run_after=2021-01-01 00:00:00+00:00
[2025-10-14T08:25:39.382+0000] {processor.py:183} INFO - Processing /home/airflow/.local/lib/python3.8/site-packages/airflow/example_dags/example_xcom.py took 0.097 seconds
[2025-10-14T08:26:10.136+0000] {processor.py:161} INFO - Started process (PID=65099) to work on /home/airflow/.local/lib/python3.8/site-packages/airflow/example_dags/example_xcom.py
[2025-10-14T08:26:10.138+0000] {processor.py:830} INFO - Processing file /home/airflow/.local/lib/python3.8/site-packages/airflow/example_dags/example_xcom.py for tasks to queue
[2025-10-14T08:26:10.139+0000] {logging_mixin.py:188} INFO - [2025-10-14T08:26:10.139+0000] {dagbag.py:538} INFO - Filling up the DagBag from /home/airflow/.local/lib/python3.8/site-packages/airflow/example_dags/example_xcom.py
[2025-10-14T08:26:10.149+0000] {processor.py:840} INFO - DAG(s) 'example_xcom' retrieved from /home/airflow/.local/lib/python3.8/site-packages/airflow/example_dags/example_xcom.py
[2025-10-14T08:26:10.179+0000] {logging_mixin.py:188} INFO - [2025-10-14T08:26:10.179+0000] {dag.py:3036} INFO - Sync 1 DAGs
[2025-10-14T08:26:10.204+0000] {logging_mixin.py:188} INFO - [2025-10-14T08:26:10.203+0000] {dag.py:3823} INFO - Setting next_dagrun for example_xcom to 2021-01-01 00:00:00+00:00, run_after=2021-01-01 00:00:00+00:00
[2025-10-14T08:26:10.230+0000] {processor.py:183} INFO - Processing /home/airflow/.local/lib/python3.8/site-packages/airflow/example_dags/example_xcom.py took 0.097 seconds
[2025-10-14T08:26:40.611+0000] {processor.py:161} INFO - Started process (PID=65169) to work on /home/airflow/.local/lib/python3.8/site-packages/airflow/example_dags/example_xcom.py
[2025-10-14T08:26:40.613+0000] {processor.py:830} INFO - Processing file /home/airflow/.local/lib/python3.8/site-packages/airflow/example_dags/example_xcom.py for tasks to queue
[2025-10-14T08:26:40.615+0000] {logging_mixin.py:188} INFO - [2025-10-14T08:26:40.614+0000] {dagbag.py:538} INFO - Filling up the DagBag from /home/airflow/.local/lib/python3.8/site-packages/airflow/example_dags/example_xcom.py
[2025-10-14T08:26:40.676+0000] {processor.py:840} INFO - DAG(s) 'example_xcom' retrieved from /home/airflow/.local/lib/python3.8/site-packages/airflow/example_dags/example_xcom.py
[2025-10-14T08:26:40.718+0000] {logging_mixin.py:188} INFO - [2025-10-14T08:26:40.717+0000] {dag.py:3036} INFO - Sync 1 DAGs
[2025-10-14T08:26:40.744+0000] {logging_mixin.py:188} INFO - [2025-10-14T08:26:40.743+0000] {dag.py:3823} INFO - Setting next_dagrun for example_xcom to 2021-01-01 00:00:00+00:00, run_after=2021-01-01 00:00:00+00:00
[2025-10-14T08:26:40.771+0000] {processor.py:183} INFO - Processing /home/airflow/.local/lib/python3.8/site-packages/airflow/example_dags/example_xcom.py took 0.164 seconds
[2025-10-14T08:27:11.000+0000] {processor.py:161} INFO - Started process (PID=65237) to work on /home/airflow/.local/lib/python3.8/site-packages/airflow/example_dags/example_xcom.py
[2025-10-14T08:27:11.002+0000] {processor.py:830} INFO - Processing file /home/airflow/.local/lib/python3.8/site-packages/airflow/example_dags/example_xcom.py for tasks to queue
[2025-10-14T08:27:11.003+0000] {logging_mixin.py:188} INFO - [2025-10-14T08:27:11.003+0000] {dagbag.py:538} INFO - Filling up the DagBag from /home/airflow/.local/lib/python3.8/site-packages/airflow/example_dags/example_xcom.py
[2025-10-14T08:27:11.013+0000] {processor.py:840} INFO - DAG(s) 'example_xcom' retrieved from /home/airflow/.local/lib/python3.8/site-packages/airflow/example_dags/example_xcom.py
[2025-10-14T08:27:11.046+0000] {logging_mixin.py:188} INFO - [2025-10-14T08:27:11.046+0000] {dag.py:3036} INFO - Sync 1 DAGs
[2025-10-14T08:27:11.073+0000] {logging_mixin.py:188} INFO - [2025-10-14T08:27:11.073+0000] {dag.py:3823} INFO - Setting next_dagrun for example_xcom to 2021-01-01 00:00:00+00:00, run_after=2021-01-01 00:00:00+00:00
[2025-10-14T08:27:11.096+0000] {processor.py:183} INFO - Processing /home/airflow/.local/lib/python3.8/site-packages/airflow/example_dags/example_xcom.py took 0.100 seconds
[2025-10-14T08:27:41.414+0000] {processor.py:161} INFO - Started process (PID=65305) to work on /home/airflow/.local/lib/python3.8/site-packages/airflow/example_dags/example_xcom.py
[2025-10-14T08:27:41.416+0000] {processor.py:830} INFO - Processing file /home/airflow/.local/lib/python3.8/site-packages/airflow/example_dags/example_xcom.py for tasks to queue
[2025-10-14T08:27:41.417+0000] {logging_mixin.py:188} INFO - [2025-10-14T08:27:41.416+0000] {dagbag.py:538} INFO - Filling up the DagBag from /home/airflow/.local/lib/python3.8/site-packages/airflow/example_dags/example_xcom.py
[2025-10-14T08:27:41.426+0000] {processor.py:840} INFO - DAG(s) 'example_xcom' retrieved from /home/airflow/.local/lib/python3.8/site-packages/airflow/example_dags/example_xcom.py
[2025-10-14T08:27:41.454+0000] {logging_mixin.py:188} INFO - [2025-10-14T08:27:41.453+0000] {dag.py:3036} INFO - Sync 1 DAGs
[2025-10-14T08:27:41.480+0000] {logging_mixin.py:188} INFO - [2025-10-14T08:27:41.479+0000] {dag.py:3823} INFO - Setting next_dagrun for example_xcom to 2021-01-01 00:00:00+00:00, run_after=2021-01-01 00:00:00+00:00
[2025-10-14T08:27:41.502+0000] {processor.py:183} INFO - Processing /home/airflow/.local/lib/python3.8/site-packages/airflow/example_dags/example_xcom.py took 0.091 seconds
[2025-10-14T08:28:12.746+0000] {processor.py:161} INFO - Started process (PID=65375) to work on /home/airflow/.local/lib/python3.8/site-packages/airflow/example_dags/example_xcom.py
[2025-10-14T08:28:12.747+0000] {processor.py:830} INFO - Processing file /home/airflow/.local/lib/python3.8/site-packages/airflow/example_dags/example_xcom.py for tasks to queue
[2025-10-14T08:28:12.749+0000] {logging_mixin.py:188} INFO - [2025-10-14T08:28:12.748+0000] {dagbag.py:538} INFO - Filling up the DagBag from /home/airflow/.local/lib/python3.8/site-packages/airflow/example_dags/example_xcom.py
[2025-10-14T08:28:12.771+0000] {processor.py:840} INFO - DAG(s) 'example_xcom' retrieved from /home/airflow/.local/lib/python3.8/site-packages/airflow/example_dags/example_xcom.py
[2025-10-14T08:28:12.827+0000] {logging_mixin.py:188} INFO - [2025-10-14T08:28:12.826+0000] {dag.py:3036} INFO - Sync 1 DAGs
[2025-10-14T08:28:12.860+0000] {logging_mixin.py:188} INFO - [2025-10-14T08:28:12.859+0000] {dag.py:3823} INFO - Setting next_dagrun for example_xcom to 2021-01-01 00:00:00+00:00, run_after=2021-01-01 00:00:00+00:00
[2025-10-14T08:28:12.909+0000] {processor.py:183} INFO - Processing /home/airflow/.local/lib/python3.8/site-packages/airflow/example_dags/example_xcom.py took 0.169 seconds
[2025-10-14T08:28:43.589+0000] {processor.py:161} INFO - Started process (PID=65445) to work on /home/airflow/.local/lib/python3.8/site-packages/airflow/example_dags/example_xcom.py
[2025-10-14T08:28:43.590+0000] {processor.py:830} INFO - Processing file /home/airflow/.local/lib/python3.8/site-packages/airflow/example_dags/example_xcom.py for tasks to queue
[2025-10-14T08:28:43.592+0000] {logging_mixin.py:188} INFO - [2025-10-14T08:28:43.591+0000] {dagbag.py:538} INFO - Filling up the DagBag from /home/airflow/.local/lib/python3.8/site-packages/airflow/example_dags/example_xcom.py
[2025-10-14T08:28:43.601+0000] {processor.py:840} INFO - DAG(s) 'example_xcom' retrieved from /home/airflow/.local/lib/python3.8/site-packages/airflow/example_dags/example_xcom.py
[2025-10-14T08:28:43.631+0000] {logging_mixin.py:188} INFO - [2025-10-14T08:28:43.631+0000] {dag.py:3036} INFO - Sync 1 DAGs
[2025-10-14T08:28:43.655+0000] {logging_mixin.py:188} INFO - [2025-10-14T08:28:43.655+0000] {dag.py:3823} INFO - Setting next_dagrun for example_xcom to 2021-01-01 00:00:00+00:00, run_after=2021-01-01 00:00:00+00:00
[2025-10-14T08:28:43.683+0000] {processor.py:183} INFO - Processing /home/airflow/.local/lib/python3.8/site-packages/airflow/example_dags/example_xcom.py took 0.098 seconds
[2025-10-14T08:29:13.842+0000] {processor.py:161} INFO - Started process (PID=65513) to work on /home/airflow/.local/lib/python3.8/site-packages/airflow/example_dags/example_xcom.py
[2025-10-14T08:29:13.843+0000] {processor.py:830} INFO - Processing file /home/airflow/.local/lib/python3.8/site-packages/airflow/example_dags/example_xcom.py for tasks to queue
[2025-10-14T08:29:13.844+0000] {logging_mixin.py:188} INFO - [2025-10-14T08:29:13.844+0000] {dagbag.py:538} INFO - Filling up the DagBag from /home/airflow/.local/lib/python3.8/site-packages/airflow/example_dags/example_xcom.py
[2025-10-14T08:29:13.854+0000] {processor.py:840} INFO - DAG(s) 'example_xcom' retrieved from /home/airflow/.local/lib/python3.8/site-packages/airflow/example_dags/example_xcom.py
[2025-10-14T08:29:13.883+0000] {logging_mixin.py:188} INFO - [2025-10-14T08:29:13.883+0000] {dag.py:3036} INFO - Sync 1 DAGs
[2025-10-14T08:29:13.906+0000] {logging_mixin.py:188} INFO - [2025-10-14T08:29:13.906+0000] {dag.py:3823} INFO - Setting next_dagrun for example_xcom to 2021-01-01 00:00:00+00:00, run_after=2021-01-01 00:00:00+00:00
[2025-10-14T08:29:13.933+0000] {processor.py:183} INFO - Processing /home/airflow/.local/lib/python3.8/site-packages/airflow/example_dags/example_xcom.py took 0.095 seconds
[2025-10-14T08:29:44.315+0000] {processor.py:161} INFO - Started process (PID=65584) to work on /home/airflow/.local/lib/python3.8/site-packages/airflow/example_dags/example_xcom.py
[2025-10-14T08:29:44.317+0000] {processor.py:830} INFO - Processing file /home/airflow/.local/lib/python3.8/site-packages/airflow/example_dags/example_xcom.py for tasks to queue
[2025-10-14T08:29:44.319+0000] {logging_mixin.py:188} INFO - [2025-10-14T08:29:44.318+0000] {dagbag.py:538} INFO - Filling up the DagBag from /home/airflow/.local/lib/python3.8/site-packages/airflow/example_dags/example_xcom.py
[2025-10-14T08:29:44.330+0000] {processor.py:840} INFO - DAG(s) 'example_xcom' retrieved from /home/airflow/.local/lib/python3.8/site-packages/airflow/example_dags/example_xcom.py
[2025-10-14T08:29:44.361+0000] {logging_mixin.py:188} INFO - [2025-10-14T08:29:44.360+0000] {dag.py:3036} INFO - Sync 1 DAGs
[2025-10-14T08:29:44.384+0000] {logging_mixin.py:188} INFO - [2025-10-14T08:29:44.384+0000] {dag.py:3823} INFO - Setting next_dagrun for example_xcom to 2021-01-01 00:00:00+00:00, run_after=2021-01-01 00:00:00+00:00
[2025-10-14T08:29:44.404+0000] {processor.py:183} INFO - Processing /home/airflow/.local/lib/python3.8/site-packages/airflow/example_dags/example_xcom.py took 0.095 seconds
[2025-10-14T08:30:14.496+0000] {processor.py:161} INFO - Started process (PID=65654) to work on /home/airflow/.local/lib/python3.8/site-packages/airflow/example_dags/example_xcom.py
[2025-10-14T08:30:14.498+0000] {processor.py:830} INFO - Processing file /home/airflow/.local/lib/python3.8/site-packages/airflow/example_dags/example_xcom.py for tasks to queue
[2025-10-14T08:30:14.499+0000] {logging_mixin.py:188} INFO - [2025-10-14T08:30:14.499+0000] {dagbag.py:538} INFO - Filling up the DagBag from /home/airflow/.local/lib/python3.8/site-packages/airflow/example_dags/example_xcom.py
[2025-10-14T08:30:14.508+0000] {processor.py:840} INFO - DAG(s) 'example_xcom' retrieved from /home/airflow/.local/lib/python3.8/site-packages/airflow/example_dags/example_xcom.py
[2025-10-14T08:30:14.540+0000] {logging_mixin.py:188} INFO - [2025-10-14T08:30:14.539+0000] {dag.py:3036} INFO - Sync 1 DAGs
[2025-10-14T08:30:14.566+0000] {logging_mixin.py:188} INFO - [2025-10-14T08:30:14.565+0000] {dag.py:3823} INFO - Setting next_dagrun for example_xcom to 2021-01-01 00:00:00+00:00, run_after=2021-01-01 00:00:00+00:00
[2025-10-14T08:30:14.592+0000] {processor.py:183} INFO - Processing /home/airflow/.local/lib/python3.8/site-packages/airflow/example_dags/example_xcom.py took 0.100 seconds
[2025-10-14T08:30:44.909+0000] {processor.py:161} INFO - Started process (PID=65724) to work on /home/airflow/.local/lib/python3.8/site-packages/airflow/example_dags/example_xcom.py
[2025-10-14T08:30:44.910+0000] {processor.py:830} INFO - Processing file /home/airflow/.local/lib/python3.8/site-packages/airflow/example_dags/example_xcom.py for tasks to queue
[2025-10-14T08:30:44.912+0000] {logging_mixin.py:188} INFO - [2025-10-14T08:30:44.911+0000] {dagbag.py:538} INFO - Filling up the DagBag from /home/airflow/.local/lib/python3.8/site-packages/airflow/example_dags/example_xcom.py
[2025-10-14T08:30:44.920+0000] {processor.py:840} INFO - DAG(s) 'example_xcom' retrieved from /home/airflow/.local/lib/python3.8/site-packages/airflow/example_dags/example_xcom.py
[2025-10-14T08:30:44.953+0000] {logging_mixin.py:188} INFO - [2025-10-14T08:30:44.953+0000] {dag.py:3036} INFO - Sync 1 DAGs
[2025-10-14T08:30:44.982+0000] {logging_mixin.py:188} INFO - [2025-10-14T08:30:44.980+0000] {dag.py:3823} INFO - Setting next_dagrun for example_xcom to 2021-01-01 00:00:00+00:00, run_after=2021-01-01 00:00:00+00:00
[2025-10-14T08:30:45.006+0000] {processor.py:183} INFO - Processing /home/airflow/.local/lib/python3.8/site-packages/airflow/example_dags/example_xcom.py took 0.100 seconds
[2025-10-14T08:31:15.622+0000] {processor.py:161} INFO - Started process (PID=65794) to work on /home/airflow/.local/lib/python3.8/site-packages/airflow/example_dags/example_xcom.py
[2025-10-14T08:31:15.623+0000] {processor.py:830} INFO - Processing file /home/airflow/.local/lib/python3.8/site-packages/airflow/example_dags/example_xcom.py for tasks to queue
[2025-10-14T08:31:15.625+0000] {logging_mixin.py:188} INFO - [2025-10-14T08:31:15.624+0000] {dagbag.py:538} INFO - Filling up the DagBag from /home/airflow/.local/lib/python3.8/site-packages/airflow/example_dags/example_xcom.py
[2025-10-14T08:31:15.633+0000] {processor.py:840} INFO - DAG(s) 'example_xcom' retrieved from /home/airflow/.local/lib/python3.8/site-packages/airflow/example_dags/example_xcom.py
[2025-10-14T08:31:15.662+0000] {logging_mixin.py:188} INFO - [2025-10-14T08:31:15.662+0000] {dag.py:3036} INFO - Sync 1 DAGs
[2025-10-14T08:31:15.688+0000] {logging_mixin.py:188} INFO - [2025-10-14T08:31:15.687+0000] {dag.py:3823} INFO - Setting next_dagrun for example_xcom to 2021-01-01 00:00:00+00:00, run_after=2021-01-01 00:00:00+00:00
[2025-10-14T08:31:15.710+0000] {processor.py:183} INFO - Processing /home/airflow/.local/lib/python3.8/site-packages/airflow/example_dags/example_xcom.py took 0.092 seconds
[2025-10-14T08:31:46.415+0000] {processor.py:161} INFO - Started process (PID=65864) to work on /home/airflow/.local/lib/python3.8/site-packages/airflow/example_dags/example_xcom.py
[2025-10-14T08:31:46.417+0000] {processor.py:830} INFO - Processing file /home/airflow/.local/lib/python3.8/site-packages/airflow/example_dags/example_xcom.py for tasks to queue
[2025-10-14T08:31:46.418+0000] {logging_mixin.py:188} INFO - [2025-10-14T08:31:46.418+0000] {dagbag.py:538} INFO - Filling up the DagBag from /home/airflow/.local/lib/python3.8/site-packages/airflow/example_dags/example_xcom.py
[2025-10-14T08:31:46.430+0000] {processor.py:840} INFO - DAG(s) 'example_xcom' retrieved from /home/airflow/.local/lib/python3.8/site-packages/airflow/example_dags/example_xcom.py
[2025-10-14T08:31:46.464+0000] {logging_mixin.py:188} INFO - [2025-10-14T08:31:46.464+0000] {dag.py:3036} INFO - Sync 1 DAGs
[2025-10-14T08:31:46.489+0000] {logging_mixin.py:188} INFO - [2025-10-14T08:31:46.489+0000] {dag.py:3823} INFO - Setting next_dagrun for example_xcom to 2021-01-01 00:00:00+00:00, run_after=2021-01-01 00:00:00+00:00
[2025-10-14T08:31:46.511+0000] {processor.py:183} INFO - Processing /home/airflow/.local/lib/python3.8/site-packages/airflow/example_dags/example_xcom.py took 0.100 seconds
[2025-10-14T08:32:17.718+0000] {processor.py:161} INFO - Started process (PID=65934) to work on /home/airflow/.local/lib/python3.8/site-packages/airflow/example_dags/example_xcom.py
[2025-10-14T08:32:17.719+0000] {processor.py:830} INFO - Processing file /home/airflow/.local/lib/python3.8/site-packages/airflow/example_dags/example_xcom.py for tasks to queue
[2025-10-14T08:32:17.721+0000] {logging_mixin.py:188} INFO - [2025-10-14T08:32:17.720+0000] {dagbag.py:538} INFO - Filling up the DagBag from /home/airflow/.local/lib/python3.8/site-packages/airflow/example_dags/example_xcom.py
[2025-10-14T08:32:17.730+0000] {processor.py:840} INFO - DAG(s) 'example_xcom' retrieved from /home/airflow/.local/lib/python3.8/site-packages/airflow/example_dags/example_xcom.py
[2025-10-14T08:32:17.761+0000] {logging_mixin.py:188} INFO - [2025-10-14T08:32:17.761+0000] {dag.py:3036} INFO - Sync 1 DAGs
[2025-10-14T08:32:17.786+0000] {logging_mixin.py:188} INFO - [2025-10-14T08:32:17.785+0000] {dag.py:3823} INFO - Setting next_dagrun for example_xcom to 2021-01-01 00:00:00+00:00, run_after=2021-01-01 00:00:00+00:00
[2025-10-14T08:32:17.809+0000] {processor.py:183} INFO - Processing /home/airflow/.local/lib/python3.8/site-packages/airflow/example_dags/example_xcom.py took 0.095 seconds
[2025-10-14T08:32:48.217+0000] {processor.py:161} INFO - Started process (PID=66004) to work on /home/airflow/.local/lib/python3.8/site-packages/airflow/example_dags/example_xcom.py
[2025-10-14T08:32:48.218+0000] {processor.py:830} INFO - Processing file /home/airflow/.local/lib/python3.8/site-packages/airflow/example_dags/example_xcom.py for tasks to queue
[2025-10-14T08:32:48.220+0000] {logging_mixin.py:188} INFO - [2025-10-14T08:32:48.220+0000] {dagbag.py:538} INFO - Filling up the DagBag from /home/airflow/.local/lib/python3.8/site-packages/airflow/example_dags/example_xcom.py
[2025-10-14T08:32:48.229+0000] {processor.py:840} INFO - DAG(s) 'example_xcom' retrieved from /home/airflow/.local/lib/python3.8/site-packages/airflow/example_dags/example_xcom.py
[2025-10-14T08:32:48.261+0000] {logging_mixin.py:188} INFO - [2025-10-14T08:32:48.261+0000] {dag.py:3036} INFO - Sync 1 DAGs
[2025-10-14T08:32:48.286+0000] {logging_mixin.py:188} INFO - [2025-10-14T08:32:48.286+0000] {dag.py:3823} INFO - Setting next_dagrun for example_xcom to 2021-01-01 00:00:00+00:00, run_after=2021-01-01 00:00:00+00:00
[2025-10-14T08:32:48.311+0000] {processor.py:183} INFO - Processing /home/airflow/.local/lib/python3.8/site-packages/airflow/example_dags/example_xcom.py took 0.098 seconds
[2025-10-14T08:33:19.492+0000] {processor.py:161} INFO - Started process (PID=66074) to work on /home/airflow/.local/lib/python3.8/site-packages/airflow/example_dags/example_xcom.py
[2025-10-14T08:33:19.493+0000] {processor.py:830} INFO - Processing file /home/airflow/.local/lib/python3.8/site-packages/airflow/example_dags/example_xcom.py for tasks to queue
[2025-10-14T08:33:19.494+0000] {logging_mixin.py:188} INFO - [2025-10-14T08:33:19.494+0000] {dagbag.py:538} INFO - Filling up the DagBag from /home/airflow/.local/lib/python3.8/site-packages/airflow/example_dags/example_xcom.py
[2025-10-14T08:33:19.504+0000] {processor.py:840} INFO - DAG(s) 'example_xcom' retrieved from /home/airflow/.local/lib/python3.8/site-packages/airflow/example_dags/example_xcom.py
[2025-10-14T08:33:19.537+0000] {logging_mixin.py:188} INFO - [2025-10-14T08:33:19.537+0000] {dag.py:3036} INFO - Sync 1 DAGs
[2025-10-14T08:33:19.565+0000] {logging_mixin.py:188} INFO - [2025-10-14T08:33:19.565+0000] {dag.py:3823} INFO - Setting next_dagrun for example_xcom to 2021-01-01 00:00:00+00:00, run_after=2021-01-01 00:00:00+00:00
[2025-10-14T08:33:19.590+0000] {processor.py:183} INFO - Processing /home/airflow/.local/lib/python3.8/site-packages/airflow/example_dags/example_xcom.py took 0.103 seconds
[2025-10-14T08:33:50.351+0000] {processor.py:161} INFO - Started process (PID=66142) to work on /home/airflow/.local/lib/python3.8/site-packages/airflow/example_dags/example_xcom.py
[2025-10-14T08:33:50.352+0000] {processor.py:830} INFO - Processing file /home/airflow/.local/lib/python3.8/site-packages/airflow/example_dags/example_xcom.py for tasks to queue
[2025-10-14T08:33:50.353+0000] {logging_mixin.py:188} INFO - [2025-10-14T08:33:50.353+0000] {dagbag.py:538} INFO - Filling up the DagBag from /home/airflow/.local/lib/python3.8/site-packages/airflow/example_dags/example_xcom.py
[2025-10-14T08:33:50.513+0000] {processor.py:840} INFO - DAG(s) 'example_xcom' retrieved from /home/airflow/.local/lib/python3.8/site-packages/airflow/example_dags/example_xcom.py
[2025-10-14T08:33:50.543+0000] {logging_mixin.py:188} INFO - [2025-10-14T08:33:50.543+0000] {dag.py:3036} INFO - Sync 1 DAGs
[2025-10-14T08:33:50.568+0000] {logging_mixin.py:188} INFO - [2025-10-14T08:33:50.568+0000] {dag.py:3823} INFO - Setting next_dagrun for example_xcom to 2021-01-01 00:00:00+00:00, run_after=2021-01-01 00:00:00+00:00
[2025-10-14T08:33:50.593+0000] {processor.py:183} INFO - Processing /home/airflow/.local/lib/python3.8/site-packages/airflow/example_dags/example_xcom.py took 0.248 seconds
[2025-10-14T08:34:21.272+0000] {processor.py:161} INFO - Started process (PID=66213) to work on /home/airflow/.local/lib/python3.8/site-packages/airflow/example_dags/example_xcom.py
[2025-10-14T08:34:21.274+0000] {processor.py:830} INFO - Processing file /home/airflow/.local/lib/python3.8/site-packages/airflow/example_dags/example_xcom.py for tasks to queue
[2025-10-14T08:34:21.275+0000] {logging_mixin.py:188} INFO - [2025-10-14T08:34:21.275+0000] {dagbag.py:538} INFO - Filling up the DagBag from /home/airflow/.local/lib/python3.8/site-packages/airflow/example_dags/example_xcom.py
[2025-10-14T08:34:21.286+0000] {processor.py:840} INFO - DAG(s) 'example_xcom' retrieved from /home/airflow/.local/lib/python3.8/site-packages/airflow/example_dags/example_xcom.py
[2025-10-14T08:34:21.317+0000] {logging_mixin.py:188} INFO - [2025-10-14T08:34:21.317+0000] {dag.py:3036} INFO - Sync 1 DAGs
[2025-10-14T08:34:21.342+0000] {logging_mixin.py:188} INFO - [2025-10-14T08:34:21.342+0000] {dag.py:3823} INFO - Setting next_dagrun for example_xcom to 2021-01-01 00:00:00+00:00, run_after=2021-01-01 00:00:00+00:00
[2025-10-14T08:34:21.366+0000] {processor.py:183} INFO - Processing /home/airflow/.local/lib/python3.8/site-packages/airflow/example_dags/example_xcom.py took 0.097 seconds
[2025-10-14T08:34:51.788+0000] {processor.py:161} INFO - Started process (PID=66282) to work on /home/airflow/.local/lib/python3.8/site-packages/airflow/example_dags/example_xcom.py
[2025-10-14T08:34:51.790+0000] {processor.py:830} INFO - Processing file /home/airflow/.local/lib/python3.8/site-packages/airflow/example_dags/example_xcom.py for tasks to queue
[2025-10-14T08:34:51.791+0000] {logging_mixin.py:188} INFO - [2025-10-14T08:34:51.791+0000] {dagbag.py:538} INFO - Filling up the DagBag from /home/airflow/.local/lib/python3.8/site-packages/airflow/example_dags/example_xcom.py
[2025-10-14T08:34:51.800+0000] {processor.py:840} INFO - DAG(s) 'example_xcom' retrieved from /home/airflow/.local/lib/python3.8/site-packages/airflow/example_dags/example_xcom.py
[2025-10-14T08:34:51.832+0000] {logging_mixin.py:188} INFO - [2025-10-14T08:34:51.832+0000] {dag.py:3036} INFO - Sync 1 DAGs
[2025-10-14T08:34:51.858+0000] {logging_mixin.py:188} INFO - [2025-10-14T08:34:51.857+0000] {dag.py:3823} INFO - Setting next_dagrun for example_xcom to 2021-01-01 00:00:00+00:00, run_after=2021-01-01 00:00:00+00:00
[2025-10-14T08:34:51.882+0000] {processor.py:183} INFO - Processing /home/airflow/.local/lib/python3.8/site-packages/airflow/example_dags/example_xcom.py took 0.097 seconds
[2025-10-14T08:35:22.205+0000] {processor.py:161} INFO - Started process (PID=66352) to work on /home/airflow/.local/lib/python3.8/site-packages/airflow/example_dags/example_xcom.py
[2025-10-14T08:35:22.206+0000] {processor.py:830} INFO - Processing file /home/airflow/.local/lib/python3.8/site-packages/airflow/example_dags/example_xcom.py for tasks to queue
[2025-10-14T08:35:22.208+0000] {logging_mixin.py:188} INFO - [2025-10-14T08:35:22.207+0000] {dagbag.py:538} INFO - Filling up the DagBag from /home/airflow/.local/lib/python3.8/site-packages/airflow/example_dags/example_xcom.py
[2025-10-14T08:35:22.219+0000] {processor.py:840} INFO - DAG(s) 'example_xcom' retrieved from /home/airflow/.local/lib/python3.8/site-packages/airflow/example_dags/example_xcom.py
[2025-10-14T08:35:22.250+0000] {logging_mixin.py:188} INFO - [2025-10-14T08:35:22.250+0000] {dag.py:3036} INFO - Sync 1 DAGs
[2025-10-14T08:35:22.276+0000] {logging_mixin.py:188} INFO - [2025-10-14T08:35:22.275+0000] {dag.py:3823} INFO - Setting next_dagrun for example_xcom to 2021-01-01 00:00:00+00:00, run_after=2021-01-01 00:00:00+00:00
[2025-10-14T08:35:22.299+0000] {processor.py:183} INFO - Processing /home/airflow/.local/lib/python3.8/site-packages/airflow/example_dags/example_xcom.py took 0.098 seconds
[2025-10-14T08:35:52.405+0000] {processor.py:161} INFO - Started process (PID=66421) to work on /home/airflow/.local/lib/python3.8/site-packages/airflow/example_dags/example_xcom.py
[2025-10-14T08:35:52.406+0000] {processor.py:830} INFO - Processing file /home/airflow/.local/lib/python3.8/site-packages/airflow/example_dags/example_xcom.py for tasks to queue
[2025-10-14T08:35:52.408+0000] {logging_mixin.py:188} INFO - [2025-10-14T08:35:52.407+0000] {dagbag.py:538} INFO - Filling up the DagBag from /home/airflow/.local/lib/python3.8/site-packages/airflow/example_dags/example_xcom.py
[2025-10-14T08:35:52.419+0000] {processor.py:840} INFO - DAG(s) 'example_xcom' retrieved from /home/airflow/.local/lib/python3.8/site-packages/airflow/example_dags/example_xcom.py
[2025-10-14T08:35:52.450+0000] {logging_mixin.py:188} INFO - [2025-10-14T08:35:52.450+0000] {dag.py:3036} INFO - Sync 1 DAGs
[2025-10-14T08:35:52.475+0000] {logging_mixin.py:188} INFO - [2025-10-14T08:35:52.474+0000] {dag.py:3823} INFO - Setting next_dagrun for example_xcom to 2021-01-01 00:00:00+00:00, run_after=2021-01-01 00:00:00+00:00
[2025-10-14T08:35:52.499+0000] {processor.py:183} INFO - Processing /home/airflow/.local/lib/python3.8/site-packages/airflow/example_dags/example_xcom.py took 0.099 seconds
[2025-10-14T08:36:22.922+0000] {processor.py:161} INFO - Started process (PID=66490) to work on /home/airflow/.local/lib/python3.8/site-packages/airflow/example_dags/example_xcom.py
[2025-10-14T08:36:22.923+0000] {processor.py:830} INFO - Processing file /home/airflow/.local/lib/python3.8/site-packages/airflow/example_dags/example_xcom.py for tasks to queue
[2025-10-14T08:36:22.924+0000] {logging_mixin.py:188} INFO - [2025-10-14T08:36:22.924+0000] {dagbag.py:538} INFO - Filling up the DagBag from /home/airflow/.local/lib/python3.8/site-packages/airflow/example_dags/example_xcom.py
[2025-10-14T08:36:22.933+0000] {processor.py:840} INFO - DAG(s) 'example_xcom' retrieved from /home/airflow/.local/lib/python3.8/site-packages/airflow/example_dags/example_xcom.py
[2025-10-14T08:36:22.966+0000] {logging_mixin.py:188} INFO - [2025-10-14T08:36:22.965+0000] {dag.py:3036} INFO - Sync 1 DAGs
[2025-10-14T08:36:22.995+0000] {logging_mixin.py:188} INFO - [2025-10-14T08:36:22.995+0000] {dag.py:3823} INFO - Setting next_dagrun for example_xcom to 2021-01-01 00:00:00+00:00, run_after=2021-01-01 00:00:00+00:00
[2025-10-14T08:36:23.019+0000] {processor.py:183} INFO - Processing /home/airflow/.local/lib/python3.8/site-packages/airflow/example_dags/example_xcom.py took 0.101 seconds
[2025-10-14T08:36:53.890+0000] {processor.py:161} INFO - Started process (PID=66560) to work on /home/airflow/.local/lib/python3.8/site-packages/airflow/example_dags/example_xcom.py
[2025-10-14T08:36:53.891+0000] {processor.py:830} INFO - Processing file /home/airflow/.local/lib/python3.8/site-packages/airflow/example_dags/example_xcom.py for tasks to queue
[2025-10-14T08:36:53.892+0000] {logging_mixin.py:188} INFO - [2025-10-14T08:36:53.892+0000] {dagbag.py:538} INFO - Filling up the DagBag from /home/airflow/.local/lib/python3.8/site-packages/airflow/example_dags/example_xcom.py
[2025-10-14T08:36:53.902+0000] {processor.py:840} INFO - DAG(s) 'example_xcom' retrieved from /home/airflow/.local/lib/python3.8/site-packages/airflow/example_dags/example_xcom.py
[2025-10-14T08:36:53.932+0000] {logging_mixin.py:188} INFO - [2025-10-14T08:36:53.931+0000] {dag.py:3036} INFO - Sync 1 DAGs
[2025-10-14T08:36:53.959+0000] {logging_mixin.py:188} INFO - [2025-10-14T08:36:53.959+0000] {dag.py:3823} INFO - Setting next_dagrun for example_xcom to 2021-01-01 00:00:00+00:00, run_after=2021-01-01 00:00:00+00:00
[2025-10-14T08:36:53.982+0000] {processor.py:183} INFO - Processing /home/airflow/.local/lib/python3.8/site-packages/airflow/example_dags/example_xcom.py took 0.097 seconds
[2025-10-14T08:37:24.976+0000] {processor.py:161} INFO - Started process (PID=66632) to work on /home/airflow/.local/lib/python3.8/site-packages/airflow/example_dags/example_xcom.py
[2025-10-14T08:37:24.977+0000] {processor.py:830} INFO - Processing file /home/airflow/.local/lib/python3.8/site-packages/airflow/example_dags/example_xcom.py for tasks to queue
[2025-10-14T08:37:24.979+0000] {logging_mixin.py:188} INFO - [2025-10-14T08:37:24.978+0000] {dagbag.py:538} INFO - Filling up the DagBag from /home/airflow/.local/lib/python3.8/site-packages/airflow/example_dags/example_xcom.py
[2025-10-14T08:37:24.988+0000] {processor.py:840} INFO - DAG(s) 'example_xcom' retrieved from /home/airflow/.local/lib/python3.8/site-packages/airflow/example_dags/example_xcom.py
[2025-10-14T08:37:25.017+0000] {logging_mixin.py:188} INFO - [2025-10-14T08:37:25.017+0000] {dag.py:3036} INFO - Sync 1 DAGs
[2025-10-14T08:37:25.045+0000] {logging_mixin.py:188} INFO - [2025-10-14T08:37:25.044+0000] {dag.py:3823} INFO - Setting next_dagrun for example_xcom to 2021-01-01 00:00:00+00:00, run_after=2021-01-01 00:00:00+00:00
[2025-10-14T08:37:25.068+0000] {processor.py:183} INFO - Processing /home/airflow/.local/lib/python3.8/site-packages/airflow/example_dags/example_xcom.py took 0.096 seconds
[2025-10-14T08:37:55.281+0000] {processor.py:161} INFO - Started process (PID=66701) to work on /home/airflow/.local/lib/python3.8/site-packages/airflow/example_dags/example_xcom.py
[2025-10-14T08:37:55.282+0000] {processor.py:830} INFO - Processing file /home/airflow/.local/lib/python3.8/site-packages/airflow/example_dags/example_xcom.py for tasks to queue
[2025-10-14T08:37:55.284+0000] {logging_mixin.py:188} INFO - [2025-10-14T08:37:55.283+0000] {dagbag.py:538} INFO - Filling up the DagBag from /home/airflow/.local/lib/python3.8/site-packages/airflow/example_dags/example_xcom.py
[2025-10-14T08:37:55.298+0000] {processor.py:840} INFO - DAG(s) 'example_xcom' retrieved from /home/airflow/.local/lib/python3.8/site-packages/airflow/example_dags/example_xcom.py
[2025-10-14T08:37:55.337+0000] {logging_mixin.py:188} INFO - [2025-10-14T08:37:55.336+0000] {dag.py:3036} INFO - Sync 1 DAGs
[2025-10-14T08:37:55.369+0000] {logging_mixin.py:188} INFO - [2025-10-14T08:37:55.369+0000] {dag.py:3823} INFO - Setting next_dagrun for example_xcom to 2021-01-01 00:00:00+00:00, run_after=2021-01-01 00:00:00+00:00
[2025-10-14T08:37:55.395+0000] {processor.py:183} INFO - Processing /home/airflow/.local/lib/python3.8/site-packages/airflow/example_dags/example_xcom.py took 0.118 seconds
[2025-10-14T08:38:25.654+0000] {processor.py:161} INFO - Started process (PID=66770) to work on /home/airflow/.local/lib/python3.8/site-packages/airflow/example_dags/example_xcom.py
[2025-10-14T08:38:25.656+0000] {processor.py:830} INFO - Processing file /home/airflow/.local/lib/python3.8/site-packages/airflow/example_dags/example_xcom.py for tasks to queue
[2025-10-14T08:38:25.658+0000] {logging_mixin.py:188} INFO - [2025-10-14T08:38:25.658+0000] {dagbag.py:538} INFO - Filling up the DagBag from /home/airflow/.local/lib/python3.8/site-packages/airflow/example_dags/example_xcom.py
[2025-10-14T08:38:25.670+0000] {processor.py:840} INFO - DAG(s) 'example_xcom' retrieved from /home/airflow/.local/lib/python3.8/site-packages/airflow/example_dags/example_xcom.py
[2025-10-14T08:38:25.710+0000] {logging_mixin.py:188} INFO - [2025-10-14T08:38:25.710+0000] {dag.py:3036} INFO - Sync 1 DAGs
[2025-10-14T08:38:25.742+0000] {logging_mixin.py:188} INFO - [2025-10-14T08:38:25.741+0000] {dag.py:3823} INFO - Setting next_dagrun for example_xcom to 2021-01-01 00:00:00+00:00, run_after=2021-01-01 00:00:00+00:00
[2025-10-14T08:38:25.764+0000] {processor.py:183} INFO - Processing /home/airflow/.local/lib/python3.8/site-packages/airflow/example_dags/example_xcom.py took 0.114 seconds
[2025-10-14T08:38:56.147+0000] {processor.py:161} INFO - Started process (PID=66838) to work on /home/airflow/.local/lib/python3.8/site-packages/airflow/example_dags/example_xcom.py
[2025-10-14T08:38:56.149+0000] {processor.py:830} INFO - Processing file /home/airflow/.local/lib/python3.8/site-packages/airflow/example_dags/example_xcom.py for tasks to queue
[2025-10-14T08:38:56.150+0000] {logging_mixin.py:188} INFO - [2025-10-14T08:38:56.150+0000] {dagbag.py:538} INFO - Filling up the DagBag from /home/airflow/.local/lib/python3.8/site-packages/airflow/example_dags/example_xcom.py
[2025-10-14T08:38:56.159+0000] {processor.py:840} INFO - DAG(s) 'example_xcom' retrieved from /home/airflow/.local/lib/python3.8/site-packages/airflow/example_dags/example_xcom.py
[2025-10-14T08:38:56.211+0000] {logging_mixin.py:188} INFO - [2025-10-14T08:38:56.210+0000] {dag.py:3036} INFO - Sync 1 DAGs
[2025-10-14T08:38:56.252+0000] {logging_mixin.py:188} INFO - [2025-10-14T08:38:56.252+0000] {dag.py:3823} INFO - Setting next_dagrun for example_xcom to 2021-01-01 00:00:00+00:00, run_after=2021-01-01 00:00:00+00:00
[2025-10-14T08:38:56.281+0000] {processor.py:183} INFO - Processing /home/airflow/.local/lib/python3.8/site-packages/airflow/example_dags/example_xcom.py took 0.138 seconds
[2025-10-14T08:39:27.101+0000] {processor.py:161} INFO - Started process (PID=66908) to work on /home/airflow/.local/lib/python3.8/site-packages/airflow/example_dags/example_xcom.py
[2025-10-14T08:39:27.102+0000] {processor.py:830} INFO - Processing file /home/airflow/.local/lib/python3.8/site-packages/airflow/example_dags/example_xcom.py for tasks to queue
[2025-10-14T08:39:27.104+0000] {logging_mixin.py:188} INFO - [2025-10-14T08:39:27.103+0000] {dagbag.py:538} INFO - Filling up the DagBag from /home/airflow/.local/lib/python3.8/site-packages/airflow/example_dags/example_xcom.py
[2025-10-14T08:39:27.113+0000] {processor.py:840} INFO - DAG(s) 'example_xcom' retrieved from /home/airflow/.local/lib/python3.8/site-packages/airflow/example_dags/example_xcom.py
[2025-10-14T08:39:27.143+0000] {logging_mixin.py:188} INFO - [2025-10-14T08:39:27.143+0000] {dag.py:3036} INFO - Sync 1 DAGs
[2025-10-14T08:39:27.168+0000] {logging_mixin.py:188} INFO - [2025-10-14T08:39:27.168+0000] {dag.py:3823} INFO - Setting next_dagrun for example_xcom to 2021-01-01 00:00:00+00:00, run_after=2021-01-01 00:00:00+00:00
[2025-10-14T08:39:27.191+0000] {processor.py:183} INFO - Processing /home/airflow/.local/lib/python3.8/site-packages/airflow/example_dags/example_xcom.py took 0.094 seconds
[2025-10-14T08:39:57.578+0000] {processor.py:161} INFO - Started process (PID=66978) to work on /home/airflow/.local/lib/python3.8/site-packages/airflow/example_dags/example_xcom.py
[2025-10-14T08:39:57.580+0000] {processor.py:830} INFO - Processing file /home/airflow/.local/lib/python3.8/site-packages/airflow/example_dags/example_xcom.py for tasks to queue
[2025-10-14T08:39:57.581+0000] {logging_mixin.py:188} INFO - [2025-10-14T08:39:57.581+0000] {dagbag.py:538} INFO - Filling up the DagBag from /home/airflow/.local/lib/python3.8/site-packages/airflow/example_dags/example_xcom.py
[2025-10-14T08:39:57.590+0000] {processor.py:840} INFO - DAG(s) 'example_xcom' retrieved from /home/airflow/.local/lib/python3.8/site-packages/airflow/example_dags/example_xcom.py
[2025-10-14T08:39:57.620+0000] {logging_mixin.py:188} INFO - [2025-10-14T08:39:57.620+0000] {dag.py:3036} INFO - Sync 1 DAGs
[2025-10-14T08:39:57.647+0000] {logging_mixin.py:188} INFO - [2025-10-14T08:39:57.647+0000] {dag.py:3823} INFO - Setting next_dagrun for example_xcom to 2021-01-01 00:00:00+00:00, run_after=2021-01-01 00:00:00+00:00
[2025-10-14T08:39:57.670+0000] {processor.py:183} INFO - Processing /home/airflow/.local/lib/python3.8/site-packages/airflow/example_dags/example_xcom.py took 0.096 seconds
[2025-10-14T08:40:28.071+0000] {processor.py:161} INFO - Started process (PID=67048) to work on /home/airflow/.local/lib/python3.8/site-packages/airflow/example_dags/example_xcom.py
[2025-10-14T08:40:28.073+0000] {processor.py:830} INFO - Processing file /home/airflow/.local/lib/python3.8/site-packages/airflow/example_dags/example_xcom.py for tasks to queue
[2025-10-14T08:40:28.074+0000] {logging_mixin.py:188} INFO - [2025-10-14T08:40:28.074+0000] {dagbag.py:538} INFO - Filling up the DagBag from /home/airflow/.local/lib/python3.8/site-packages/airflow/example_dags/example_xcom.py
[2025-10-14T08:40:28.085+0000] {processor.py:840} INFO - DAG(s) 'example_xcom' retrieved from /home/airflow/.local/lib/python3.8/site-packages/airflow/example_dags/example_xcom.py
[2025-10-14T08:40:28.115+0000] {logging_mixin.py:188} INFO - [2025-10-14T08:40:28.115+0000] {dag.py:3036} INFO - Sync 1 DAGs
[2025-10-14T08:40:28.142+0000] {logging_mixin.py:188} INFO - [2025-10-14T08:40:28.142+0000] {dag.py:3823} INFO - Setting next_dagrun for example_xcom to 2021-01-01 00:00:00+00:00, run_after=2021-01-01 00:00:00+00:00
[2025-10-14T08:40:28.171+0000] {processor.py:183} INFO - Processing /home/airflow/.local/lib/python3.8/site-packages/airflow/example_dags/example_xcom.py took 0.104 seconds
[2025-10-14T08:40:58.671+0000] {processor.py:161} INFO - Started process (PID=67118) to work on /home/airflow/.local/lib/python3.8/site-packages/airflow/example_dags/example_xcom.py
[2025-10-14T08:40:58.674+0000] {processor.py:830} INFO - Processing file /home/airflow/.local/lib/python3.8/site-packages/airflow/example_dags/example_xcom.py for tasks to queue
[2025-10-14T08:40:58.679+0000] {logging_mixin.py:188} INFO - [2025-10-14T08:40:58.678+0000] {dagbag.py:538} INFO - Filling up the DagBag from /home/airflow/.local/lib/python3.8/site-packages/airflow/example_dags/example_xcom.py
[2025-10-14T08:40:58.696+0000] {processor.py:840} INFO - DAG(s) 'example_xcom' retrieved from /home/airflow/.local/lib/python3.8/site-packages/airflow/example_dags/example_xcom.py
[2025-10-14T08:40:58.734+0000] {logging_mixin.py:188} INFO - [2025-10-14T08:40:58.734+0000] {dag.py:3036} INFO - Sync 1 DAGs
[2025-10-14T08:40:58.775+0000] {logging_mixin.py:188} INFO - [2025-10-14T08:40:58.775+0000] {dag.py:3823} INFO - Setting next_dagrun for example_xcom to 2021-01-01 00:00:00+00:00, run_after=2021-01-01 00:00:00+00:00
[2025-10-14T08:40:58.810+0000] {processor.py:183} INFO - Processing /home/airflow/.local/lib/python3.8/site-packages/airflow/example_dags/example_xcom.py took 0.146 seconds
[2025-10-14T08:41:28.865+0000] {processor.py:161} INFO - Started process (PID=67186) to work on /home/airflow/.local/lib/python3.8/site-packages/airflow/example_dags/example_xcom.py
[2025-10-14T08:41:28.866+0000] {processor.py:830} INFO - Processing file /home/airflow/.local/lib/python3.8/site-packages/airflow/example_dags/example_xcom.py for tasks to queue
[2025-10-14T08:41:28.868+0000] {logging_mixin.py:188} INFO - [2025-10-14T08:41:28.867+0000] {dagbag.py:538} INFO - Filling up the DagBag from /home/airflow/.local/lib/python3.8/site-packages/airflow/example_dags/example_xcom.py
[2025-10-14T08:41:28.877+0000] {processor.py:840} INFO - DAG(s) 'example_xcom' retrieved from /home/airflow/.local/lib/python3.8/site-packages/airflow/example_dags/example_xcom.py
[2025-10-14T08:41:28.911+0000] {logging_mixin.py:188} INFO - [2025-10-14T08:41:28.911+0000] {dag.py:3036} INFO - Sync 1 DAGs
[2025-10-14T08:41:28.936+0000] {logging_mixin.py:188} INFO - [2025-10-14T08:41:28.936+0000] {dag.py:3823} INFO - Setting next_dagrun for example_xcom to 2021-01-01 00:00:00+00:00, run_after=2021-01-01 00:00:00+00:00
[2025-10-14T08:41:28.959+0000] {processor.py:183} INFO - Processing /home/airflow/.local/lib/python3.8/site-packages/airflow/example_dags/example_xcom.py took 0.098 seconds
[2025-10-14T08:41:59.087+0000] {processor.py:161} INFO - Started process (PID=67256) to work on /home/airflow/.local/lib/python3.8/site-packages/airflow/example_dags/example_xcom.py
[2025-10-14T08:41:59.089+0000] {processor.py:830} INFO - Processing file /home/airflow/.local/lib/python3.8/site-packages/airflow/example_dags/example_xcom.py for tasks to queue
[2025-10-14T08:41:59.090+0000] {logging_mixin.py:188} INFO - [2025-10-14T08:41:59.090+0000] {dagbag.py:538} INFO - Filling up the DagBag from /home/airflow/.local/lib/python3.8/site-packages/airflow/example_dags/example_xcom.py
[2025-10-14T08:41:59.100+0000] {processor.py:840} INFO - DAG(s) 'example_xcom' retrieved from /home/airflow/.local/lib/python3.8/site-packages/airflow/example_dags/example_xcom.py
[2025-10-14T08:41:59.129+0000] {logging_mixin.py:188} INFO - [2025-10-14T08:41:59.128+0000] {dag.py:3036} INFO - Sync 1 DAGs
[2025-10-14T08:41:59.153+0000] {logging_mixin.py:188} INFO - [2025-10-14T08:41:59.153+0000] {dag.py:3823} INFO - Setting next_dagrun for example_xcom to 2021-01-01 00:00:00+00:00, run_after=2021-01-01 00:00:00+00:00
[2025-10-14T08:41:59.176+0000] {processor.py:183} INFO - Processing /home/airflow/.local/lib/python3.8/site-packages/airflow/example_dags/example_xcom.py took 0.093 seconds
[2025-10-14T08:42:29.315+0000] {processor.py:161} INFO - Started process (PID=67326) to work on /home/airflow/.local/lib/python3.8/site-packages/airflow/example_dags/example_xcom.py
[2025-10-14T08:42:29.317+0000] {processor.py:830} INFO - Processing file /home/airflow/.local/lib/python3.8/site-packages/airflow/example_dags/example_xcom.py for tasks to queue
[2025-10-14T08:42:29.318+0000] {logging_mixin.py:188} INFO - [2025-10-14T08:42:29.318+0000] {dagbag.py:538} INFO - Filling up the DagBag from /home/airflow/.local/lib/python3.8/site-packages/airflow/example_dags/example_xcom.py
[2025-10-14T08:42:29.327+0000] {processor.py:840} INFO - DAG(s) 'example_xcom' retrieved from /home/airflow/.local/lib/python3.8/site-packages/airflow/example_dags/example_xcom.py
[2025-10-14T08:42:29.357+0000] {logging_mixin.py:188} INFO - [2025-10-14T08:42:29.357+0000] {dag.py:3036} INFO - Sync 1 DAGs
[2025-10-14T08:42:29.384+0000] {logging_mixin.py:188} INFO - [2025-10-14T08:42:29.384+0000] {dag.py:3823} INFO - Setting next_dagrun for example_xcom to 2021-01-01 00:00:00+00:00, run_after=2021-01-01 00:00:00+00:00
[2025-10-14T08:42:29.407+0000] {processor.py:183} INFO - Processing /home/airflow/.local/lib/python3.8/site-packages/airflow/example_dags/example_xcom.py took 0.095 seconds
[2025-10-14T08:43:00.287+0000] {processor.py:161} INFO - Started process (PID=67396) to work on /home/airflow/.local/lib/python3.8/site-packages/airflow/example_dags/example_xcom.py
[2025-10-14T08:43:00.289+0000] {processor.py:830} INFO - Processing file /home/airflow/.local/lib/python3.8/site-packages/airflow/example_dags/example_xcom.py for tasks to queue
[2025-10-14T08:43:00.290+0000] {logging_mixin.py:188} INFO - [2025-10-14T08:43:00.290+0000] {dagbag.py:538} INFO - Filling up the DagBag from /home/airflow/.local/lib/python3.8/site-packages/airflow/example_dags/example_xcom.py
[2025-10-14T08:43:00.299+0000] {processor.py:840} INFO - DAG(s) 'example_xcom' retrieved from /home/airflow/.local/lib/python3.8/site-packages/airflow/example_dags/example_xcom.py
[2025-10-14T08:43:00.330+0000] {logging_mixin.py:188} INFO - [2025-10-14T08:43:00.330+0000] {dag.py:3036} INFO - Sync 1 DAGs
[2025-10-14T08:43:00.356+0000] {logging_mixin.py:188} INFO - [2025-10-14T08:43:00.356+0000] {dag.py:3823} INFO - Setting next_dagrun for example_xcom to 2021-01-01 00:00:00+00:00, run_after=2021-01-01 00:00:00+00:00
[2025-10-14T08:43:00.379+0000] {processor.py:183} INFO - Processing /home/airflow/.local/lib/python3.8/site-packages/airflow/example_dags/example_xcom.py took 0.096 seconds
[2025-10-14T08:43:30.937+0000] {processor.py:161} INFO - Started process (PID=67466) to work on /home/airflow/.local/lib/python3.8/site-packages/airflow/example_dags/example_xcom.py
[2025-10-14T08:43:30.938+0000] {processor.py:830} INFO - Processing file /home/airflow/.local/lib/python3.8/site-packages/airflow/example_dags/example_xcom.py for tasks to queue
[2025-10-14T08:43:30.939+0000] {logging_mixin.py:188} INFO - [2025-10-14T08:43:30.939+0000] {dagbag.py:538} INFO - Filling up the DagBag from /home/airflow/.local/lib/python3.8/site-packages/airflow/example_dags/example_xcom.py
[2025-10-14T08:43:30.948+0000] {processor.py:840} INFO - DAG(s) 'example_xcom' retrieved from /home/airflow/.local/lib/python3.8/site-packages/airflow/example_dags/example_xcom.py
[2025-10-14T08:43:30.978+0000] {logging_mixin.py:188} INFO - [2025-10-14T08:43:30.978+0000] {dag.py:3036} INFO - Sync 1 DAGs
[2025-10-14T08:43:31.003+0000] {logging_mixin.py:188} INFO - [2025-10-14T08:43:31.003+0000] {dag.py:3823} INFO - Setting next_dagrun for example_xcom to 2021-01-01 00:00:00+00:00, run_after=2021-01-01 00:00:00+00:00
[2025-10-14T08:43:31.025+0000] {processor.py:183} INFO - Processing /home/airflow/.local/lib/python3.8/site-packages/airflow/example_dags/example_xcom.py took 0.093 seconds
[2025-10-14T08:44:01.482+0000] {processor.py:161} INFO - Started process (PID=67537) to work on /home/airflow/.local/lib/python3.8/site-packages/airflow/example_dags/example_xcom.py
[2025-10-14T08:44:01.483+0000] {processor.py:830} INFO - Processing file /home/airflow/.local/lib/python3.8/site-packages/airflow/example_dags/example_xcom.py for tasks to queue
[2025-10-14T08:44:01.484+0000] {logging_mixin.py:188} INFO - [2025-10-14T08:44:01.484+0000] {dagbag.py:538} INFO - Filling up the DagBag from /home/airflow/.local/lib/python3.8/site-packages/airflow/example_dags/example_xcom.py
[2025-10-14T08:44:01.494+0000] {processor.py:840} INFO - DAG(s) 'example_xcom' retrieved from /home/airflow/.local/lib/python3.8/site-packages/airflow/example_dags/example_xcom.py
[2025-10-14T08:44:01.526+0000] {logging_mixin.py:188} INFO - [2025-10-14T08:44:01.526+0000] {dag.py:3036} INFO - Sync 1 DAGs
[2025-10-14T08:44:01.553+0000] {logging_mixin.py:188} INFO - [2025-10-14T08:44:01.552+0000] {dag.py:3823} INFO - Setting next_dagrun for example_xcom to 2021-01-01 00:00:00+00:00, run_after=2021-01-01 00:00:00+00:00
[2025-10-14T08:44:01.576+0000] {processor.py:183} INFO - Processing /home/airflow/.local/lib/python3.8/site-packages/airflow/example_dags/example_xcom.py took 0.098 seconds
[2025-10-14T08:44:31.927+0000] {processor.py:161} INFO - Started process (PID=67608) to work on /home/airflow/.local/lib/python3.8/site-packages/airflow/example_dags/example_xcom.py
[2025-10-14T08:44:31.928+0000] {processor.py:830} INFO - Processing file /home/airflow/.local/lib/python3.8/site-packages/airflow/example_dags/example_xcom.py for tasks to queue
[2025-10-14T08:44:31.930+0000] {logging_mixin.py:188} INFO - [2025-10-14T08:44:31.929+0000] {dagbag.py:538} INFO - Filling up the DagBag from /home/airflow/.local/lib/python3.8/site-packages/airflow/example_dags/example_xcom.py
[2025-10-14T08:44:31.939+0000] {processor.py:840} INFO - DAG(s) 'example_xcom' retrieved from /home/airflow/.local/lib/python3.8/site-packages/airflow/example_dags/example_xcom.py
[2025-10-14T08:44:31.970+0000] {logging_mixin.py:188} INFO - [2025-10-14T08:44:31.970+0000] {dag.py:3036} INFO - Sync 1 DAGs
[2025-10-14T08:44:31.995+0000] {logging_mixin.py:188} INFO - [2025-10-14T08:44:31.995+0000] {dag.py:3823} INFO - Setting next_dagrun for example_xcom to 2021-01-01 00:00:00+00:00, run_after=2021-01-01 00:00:00+00:00
[2025-10-14T08:44:32.018+0000] {processor.py:183} INFO - Processing /home/airflow/.local/lib/python3.8/site-packages/airflow/example_dags/example_xcom.py took 0.096 seconds
[2025-10-14T08:45:02.506+0000] {processor.py:161} INFO - Started process (PID=67678) to work on /home/airflow/.local/lib/python3.8/site-packages/airflow/example_dags/example_xcom.py
[2025-10-14T08:45:02.507+0000] {processor.py:830} INFO - Processing file /home/airflow/.local/lib/python3.8/site-packages/airflow/example_dags/example_xcom.py for tasks to queue
[2025-10-14T08:45:02.508+0000] {logging_mixin.py:188} INFO - [2025-10-14T08:45:02.508+0000] {dagbag.py:538} INFO - Filling up the DagBag from /home/airflow/.local/lib/python3.8/site-packages/airflow/example_dags/example_xcom.py
[2025-10-14T08:45:02.518+0000] {processor.py:840} INFO - DAG(s) 'example_xcom' retrieved from /home/airflow/.local/lib/python3.8/site-packages/airflow/example_dags/example_xcom.py
[2025-10-14T08:45:02.547+0000] {logging_mixin.py:188} INFO - [2025-10-14T08:45:02.547+0000] {dag.py:3036} INFO - Sync 1 DAGs
[2025-10-14T08:45:02.572+0000] {logging_mixin.py:188} INFO - [2025-10-14T08:45:02.572+0000] {dag.py:3823} INFO - Setting next_dagrun for example_xcom to 2021-01-01 00:00:00+00:00, run_after=2021-01-01 00:00:00+00:00
[2025-10-14T08:45:02.597+0000] {processor.py:183} INFO - Processing /home/airflow/.local/lib/python3.8/site-packages/airflow/example_dags/example_xcom.py took 0.095 seconds
[2025-10-14T08:45:33.152+0000] {processor.py:161} INFO - Started process (PID=67748) to work on /home/airflow/.local/lib/python3.8/site-packages/airflow/example_dags/example_xcom.py
[2025-10-14T08:45:33.153+0000] {processor.py:830} INFO - Processing file /home/airflow/.local/lib/python3.8/site-packages/airflow/example_dags/example_xcom.py for tasks to queue
[2025-10-14T08:45:33.155+0000] {logging_mixin.py:188} INFO - [2025-10-14T08:45:33.154+0000] {dagbag.py:538} INFO - Filling up the DagBag from /home/airflow/.local/lib/python3.8/site-packages/airflow/example_dags/example_xcom.py
[2025-10-14T08:45:33.164+0000] {processor.py:840} INFO - DAG(s) 'example_xcom' retrieved from /home/airflow/.local/lib/python3.8/site-packages/airflow/example_dags/example_xcom.py
[2025-10-14T08:45:33.199+0000] {logging_mixin.py:188} INFO - [2025-10-14T08:45:33.199+0000] {dag.py:3036} INFO - Sync 1 DAGs
[2025-10-14T08:45:33.225+0000] {logging_mixin.py:188} INFO - [2025-10-14T08:45:33.225+0000] {dag.py:3823} INFO - Setting next_dagrun for example_xcom to 2021-01-01 00:00:00+00:00, run_after=2021-01-01 00:00:00+00:00
[2025-10-14T08:45:33.252+0000] {processor.py:183} INFO - Processing /home/airflow/.local/lib/python3.8/site-packages/airflow/example_dags/example_xcom.py took 0.106 seconds
[2025-10-14T08:46:04.649+0000] {processor.py:161} INFO - Started process (PID=67818) to work on /home/airflow/.local/lib/python3.8/site-packages/airflow/example_dags/example_xcom.py
[2025-10-14T08:46:04.650+0000] {processor.py:830} INFO - Processing file /home/airflow/.local/lib/python3.8/site-packages/airflow/example_dags/example_xcom.py for tasks to queue
[2025-10-14T08:46:04.651+0000] {logging_mixin.py:188} INFO - [2025-10-14T08:46:04.651+0000] {dagbag.py:538} INFO - Filling up the DagBag from /home/airflow/.local/lib/python3.8/site-packages/airflow/example_dags/example_xcom.py
[2025-10-14T08:46:04.665+0000] {processor.py:840} INFO - DAG(s) 'example_xcom' retrieved from /home/airflow/.local/lib/python3.8/site-packages/airflow/example_dags/example_xcom.py
[2025-10-14T08:46:04.704+0000] {logging_mixin.py:188} INFO - [2025-10-14T08:46:04.703+0000] {dag.py:3036} INFO - Sync 1 DAGs
[2025-10-14T08:46:04.739+0000] {logging_mixin.py:188} INFO - [2025-10-14T08:46:04.739+0000] {dag.py:3823} INFO - Setting next_dagrun for example_xcom to 2021-01-01 00:00:00+00:00, run_after=2021-01-01 00:00:00+00:00
[2025-10-14T08:46:04.771+0000] {processor.py:183} INFO - Processing /home/airflow/.local/lib/python3.8/site-packages/airflow/example_dags/example_xcom.py took 0.130 seconds
[2025-10-14T08:46:34.946+0000] {processor.py:161} INFO - Started process (PID=67888) to work on /home/airflow/.local/lib/python3.8/site-packages/airflow/example_dags/example_xcom.py
[2025-10-14T08:46:34.947+0000] {processor.py:830} INFO - Processing file /home/airflow/.local/lib/python3.8/site-packages/airflow/example_dags/example_xcom.py for tasks to queue
[2025-10-14T08:46:34.949+0000] {logging_mixin.py:188} INFO - [2025-10-14T08:46:34.948+0000] {dagbag.py:538} INFO - Filling up the DagBag from /home/airflow/.local/lib/python3.8/site-packages/airflow/example_dags/example_xcom.py
[2025-10-14T08:46:34.958+0000] {processor.py:840} INFO - DAG(s) 'example_xcom' retrieved from /home/airflow/.local/lib/python3.8/site-packages/airflow/example_dags/example_xcom.py
[2025-10-14T08:46:34.987+0000] {logging_mixin.py:188} INFO - [2025-10-14T08:46:34.986+0000] {dag.py:3036} INFO - Sync 1 DAGs
[2025-10-14T08:46:35.011+0000] {logging_mixin.py:188} INFO - [2025-10-14T08:46:35.011+0000] {dag.py:3823} INFO - Setting next_dagrun for example_xcom to 2021-01-01 00:00:00+00:00, run_after=2021-01-01 00:00:00+00:00
[2025-10-14T08:46:35.033+0000] {processor.py:183} INFO - Processing /home/airflow/.local/lib/python3.8/site-packages/airflow/example_dags/example_xcom.py took 0.091 seconds
[2025-10-14T08:47:05.595+0000] {processor.py:161} INFO - Started process (PID=67958) to work on /home/airflow/.local/lib/python3.8/site-packages/airflow/example_dags/example_xcom.py
[2025-10-14T08:47:05.596+0000] {processor.py:830} INFO - Processing file /home/airflow/.local/lib/python3.8/site-packages/airflow/example_dags/example_xcom.py for tasks to queue
[2025-10-14T08:47:05.597+0000] {logging_mixin.py:188} INFO - [2025-10-14T08:47:05.597+0000] {dagbag.py:538} INFO - Filling up the DagBag from /home/airflow/.local/lib/python3.8/site-packages/airflow/example_dags/example_xcom.py
[2025-10-14T08:47:05.610+0000] {processor.py:840} INFO - DAG(s) 'example_xcom' retrieved from /home/airflow/.local/lib/python3.8/site-packages/airflow/example_dags/example_xcom.py
[2025-10-14T08:47:05.643+0000] {logging_mixin.py:188} INFO - [2025-10-14T08:47:05.643+0000] {dag.py:3036} INFO - Sync 1 DAGs
[2025-10-14T08:47:05.671+0000] {logging_mixin.py:188} INFO - [2025-10-14T08:47:05.671+0000] {dag.py:3823} INFO - Setting next_dagrun for example_xcom to 2021-01-01 00:00:00+00:00, run_after=2021-01-01 00:00:00+00:00
[2025-10-14T08:47:05.695+0000] {processor.py:183} INFO - Processing /home/airflow/.local/lib/python3.8/site-packages/airflow/example_dags/example_xcom.py took 0.104 seconds
[2025-10-14T08:47:35.824+0000] {processor.py:161} INFO - Started process (PID=68028) to work on /home/airflow/.local/lib/python3.8/site-packages/airflow/example_dags/example_xcom.py
[2025-10-14T08:47:35.825+0000] {processor.py:830} INFO - Processing file /home/airflow/.local/lib/python3.8/site-packages/airflow/example_dags/example_xcom.py for tasks to queue
[2025-10-14T08:47:35.826+0000] {logging_mixin.py:188} INFO - [2025-10-14T08:47:35.825+0000] {dagbag.py:538} INFO - Filling up the DagBag from /home/airflow/.local/lib/python3.8/site-packages/airflow/example_dags/example_xcom.py
[2025-10-14T08:47:35.834+0000] {processor.py:840} INFO - DAG(s) 'example_xcom' retrieved from /home/airflow/.local/lib/python3.8/site-packages/airflow/example_dags/example_xcom.py
[2025-10-14T08:47:35.867+0000] {logging_mixin.py:188} INFO - [2025-10-14T08:47:35.867+0000] {dag.py:3036} INFO - Sync 1 DAGs
[2025-10-14T08:47:35.893+0000] {logging_mixin.py:188} INFO - [2025-10-14T08:47:35.893+0000] {dag.py:3823} INFO - Setting next_dagrun for example_xcom to 2021-01-01 00:00:00+00:00, run_after=2021-01-01 00:00:00+00:00
[2025-10-14T08:47:35.917+0000] {processor.py:183} INFO - Processing /home/airflow/.local/lib/python3.8/site-packages/airflow/example_dags/example_xcom.py took 0.097 seconds
[2025-10-14T08:48:06.253+0000] {processor.py:161} INFO - Started process (PID=68098) to work on /home/airflow/.local/lib/python3.8/site-packages/airflow/example_dags/example_xcom.py
[2025-10-14T08:48:06.255+0000] {processor.py:830} INFO - Processing file /home/airflow/.local/lib/python3.8/site-packages/airflow/example_dags/example_xcom.py for tasks to queue
[2025-10-14T08:48:06.256+0000] {logging_mixin.py:188} INFO - [2025-10-14T08:48:06.256+0000] {dagbag.py:538} INFO - Filling up the DagBag from /home/airflow/.local/lib/python3.8/site-packages/airflow/example_dags/example_xcom.py
[2025-10-14T08:48:06.265+0000] {processor.py:840} INFO - DAG(s) 'example_xcom' retrieved from /home/airflow/.local/lib/python3.8/site-packages/airflow/example_dags/example_xcom.py
[2025-10-14T08:48:06.295+0000] {logging_mixin.py:188} INFO - [2025-10-14T08:48:06.294+0000] {dag.py:3036} INFO - Sync 1 DAGs
[2025-10-14T08:48:06.320+0000] {logging_mixin.py:188} INFO - [2025-10-14T08:48:06.320+0000] {dag.py:3823} INFO - Setting next_dagrun for example_xcom to 2021-01-01 00:00:00+00:00, run_after=2021-01-01 00:00:00+00:00
[2025-10-14T08:48:06.342+0000] {processor.py:183} INFO - Processing /home/airflow/.local/lib/python3.8/site-packages/airflow/example_dags/example_xcom.py took 0.093 seconds
[2025-10-14T08:48:36.725+0000] {processor.py:161} INFO - Started process (PID=68168) to work on /home/airflow/.local/lib/python3.8/site-packages/airflow/example_dags/example_xcom.py
[2025-10-14T08:48:36.726+0000] {processor.py:830} INFO - Processing file /home/airflow/.local/lib/python3.8/site-packages/airflow/example_dags/example_xcom.py for tasks to queue
[2025-10-14T08:48:36.728+0000] {logging_mixin.py:188} INFO - [2025-10-14T08:48:36.728+0000] {dagbag.py:538} INFO - Filling up the DagBag from /home/airflow/.local/lib/python3.8/site-packages/airflow/example_dags/example_xcom.py
[2025-10-14T08:48:36.738+0000] {processor.py:840} INFO - DAG(s) 'example_xcom' retrieved from /home/airflow/.local/lib/python3.8/site-packages/airflow/example_dags/example_xcom.py
[2025-10-14T08:48:36.772+0000] {logging_mixin.py:188} INFO - [2025-10-14T08:48:36.771+0000] {dag.py:3036} INFO - Sync 1 DAGs
[2025-10-14T08:48:36.806+0000] {logging_mixin.py:188} INFO - [2025-10-14T08:48:36.806+0000] {dag.py:3823} INFO - Setting next_dagrun for example_xcom to 2021-01-01 00:00:00+00:00, run_after=2021-01-01 00:00:00+00:00
[2025-10-14T08:48:36.827+0000] {processor.py:183} INFO - Processing /home/airflow/.local/lib/python3.8/site-packages/airflow/example_dags/example_xcom.py took 0.113 seconds
[2025-10-14T08:49:07.110+0000] {processor.py:161} INFO - Started process (PID=68238) to work on /home/airflow/.local/lib/python3.8/site-packages/airflow/example_dags/example_xcom.py
[2025-10-14T08:49:07.111+0000] {processor.py:830} INFO - Processing file /home/airflow/.local/lib/python3.8/site-packages/airflow/example_dags/example_xcom.py for tasks to queue
[2025-10-14T08:49:07.112+0000] {logging_mixin.py:188} INFO - [2025-10-14T08:49:07.112+0000] {dagbag.py:538} INFO - Filling up the DagBag from /home/airflow/.local/lib/python3.8/site-packages/airflow/example_dags/example_xcom.py
[2025-10-14T08:49:07.121+0000] {processor.py:840} INFO - DAG(s) 'example_xcom' retrieved from /home/airflow/.local/lib/python3.8/site-packages/airflow/example_dags/example_xcom.py
[2025-10-14T08:49:07.150+0000] {logging_mixin.py:188} INFO - [2025-10-14T08:49:07.149+0000] {dag.py:3036} INFO - Sync 1 DAGs
[2025-10-14T08:49:07.181+0000] {logging_mixin.py:188} INFO - [2025-10-14T08:49:07.181+0000] {dag.py:3823} INFO - Setting next_dagrun for example_xcom to 2021-01-01 00:00:00+00:00, run_after=2021-01-01 00:00:00+00:00
[2025-10-14T08:49:07.206+0000] {processor.py:183} INFO - Processing /home/airflow/.local/lib/python3.8/site-packages/airflow/example_dags/example_xcom.py took 0.100 seconds
[2025-10-14T08:49:37.400+0000] {processor.py:161} INFO - Started process (PID=68308) to work on /home/airflow/.local/lib/python3.8/site-packages/airflow/example_dags/example_xcom.py
[2025-10-14T08:49:37.401+0000] {processor.py:830} INFO - Processing file /home/airflow/.local/lib/python3.8/site-packages/airflow/example_dags/example_xcom.py for tasks to queue
[2025-10-14T08:49:37.403+0000] {logging_mixin.py:188} INFO - [2025-10-14T08:49:37.402+0000] {dagbag.py:538} INFO - Filling up the DagBag from /home/airflow/.local/lib/python3.8/site-packages/airflow/example_dags/example_xcom.py
[2025-10-14T08:49:37.413+0000] {processor.py:840} INFO - DAG(s) 'example_xcom' retrieved from /home/airflow/.local/lib/python3.8/site-packages/airflow/example_dags/example_xcom.py
[2025-10-14T08:49:37.443+0000] {logging_mixin.py:188} INFO - [2025-10-14T08:49:37.442+0000] {dag.py:3036} INFO - Sync 1 DAGs
[2025-10-14T08:49:37.468+0000] {logging_mixin.py:188} INFO - [2025-10-14T08:49:37.467+0000] {dag.py:3823} INFO - Setting next_dagrun for example_xcom to 2021-01-01 00:00:00+00:00, run_after=2021-01-01 00:00:00+00:00
[2025-10-14T08:49:37.495+0000] {processor.py:183} INFO - Processing /home/airflow/.local/lib/python3.8/site-packages/airflow/example_dags/example_xcom.py took 0.100 seconds
[2025-10-14T08:50:08.100+0000] {processor.py:161} INFO - Started process (PID=68378) to work on /home/airflow/.local/lib/python3.8/site-packages/airflow/example_dags/example_xcom.py
[2025-10-14T08:50:08.101+0000] {processor.py:830} INFO - Processing file /home/airflow/.local/lib/python3.8/site-packages/airflow/example_dags/example_xcom.py for tasks to queue
[2025-10-14T08:50:08.103+0000] {logging_mixin.py:188} INFO - [2025-10-14T08:50:08.102+0000] {dagbag.py:538} INFO - Filling up the DagBag from /home/airflow/.local/lib/python3.8/site-packages/airflow/example_dags/example_xcom.py
[2025-10-14T08:50:08.112+0000] {processor.py:840} INFO - DAG(s) 'example_xcom' retrieved from /home/airflow/.local/lib/python3.8/site-packages/airflow/example_dags/example_xcom.py
[2025-10-14T08:50:08.141+0000] {logging_mixin.py:188} INFO - [2025-10-14T08:50:08.141+0000] {dag.py:3036} INFO - Sync 1 DAGs
[2025-10-14T08:50:08.165+0000] {logging_mixin.py:188} INFO - [2025-10-14T08:50:08.164+0000] {dag.py:3823} INFO - Setting next_dagrun for example_xcom to 2021-01-01 00:00:00+00:00, run_after=2021-01-01 00:00:00+00:00
[2025-10-14T08:50:08.188+0000] {processor.py:183} INFO - Processing /home/airflow/.local/lib/python3.8/site-packages/airflow/example_dags/example_xcom.py took 0.092 seconds
[2025-10-14T08:50:38.651+0000] {processor.py:161} INFO - Started process (PID=68455) to work on /home/airflow/.local/lib/python3.8/site-packages/airflow/example_dags/example_xcom.py
[2025-10-14T08:50:38.653+0000] {processor.py:830} INFO - Processing file /home/airflow/.local/lib/python3.8/site-packages/airflow/example_dags/example_xcom.py for tasks to queue
[2025-10-14T08:50:38.654+0000] {logging_mixin.py:188} INFO - [2025-10-14T08:50:38.653+0000] {dagbag.py:538} INFO - Filling up the DagBag from /home/airflow/.local/lib/python3.8/site-packages/airflow/example_dags/example_xcom.py
[2025-10-14T08:50:38.663+0000] {processor.py:840} INFO - DAG(s) 'example_xcom' retrieved from /home/airflow/.local/lib/python3.8/site-packages/airflow/example_dags/example_xcom.py
[2025-10-14T08:50:38.692+0000] {logging_mixin.py:188} INFO - [2025-10-14T08:50:38.692+0000] {dag.py:3036} INFO - Sync 1 DAGs
[2025-10-14T08:50:38.717+0000] {logging_mixin.py:188} INFO - [2025-10-14T08:50:38.716+0000] {dag.py:3823} INFO - Setting next_dagrun for example_xcom to 2021-01-01 00:00:00+00:00, run_after=2021-01-01 00:00:00+00:00
[2025-10-14T08:50:38.740+0000] {processor.py:183} INFO - Processing /home/airflow/.local/lib/python3.8/site-packages/airflow/example_dags/example_xcom.py took 0.092 seconds
[2025-10-14T08:51:09.014+0000] {processor.py:161} INFO - Started process (PID=68525) to work on /home/airflow/.local/lib/python3.8/site-packages/airflow/example_dags/example_xcom.py
[2025-10-14T08:51:09.015+0000] {processor.py:830} INFO - Processing file /home/airflow/.local/lib/python3.8/site-packages/airflow/example_dags/example_xcom.py for tasks to queue
[2025-10-14T08:51:09.017+0000] {logging_mixin.py:188} INFO - [2025-10-14T08:51:09.016+0000] {dagbag.py:538} INFO - Filling up the DagBag from /home/airflow/.local/lib/python3.8/site-packages/airflow/example_dags/example_xcom.py
[2025-10-14T08:51:09.025+0000] {processor.py:840} INFO - DAG(s) 'example_xcom' retrieved from /home/airflow/.local/lib/python3.8/site-packages/airflow/example_dags/example_xcom.py
[2025-10-14T08:51:09.059+0000] {logging_mixin.py:188} INFO - [2025-10-14T08:51:09.059+0000] {dag.py:3036} INFO - Sync 1 DAGs
[2025-10-14T08:51:09.084+0000] {logging_mixin.py:188} INFO - [2025-10-14T08:51:09.084+0000] {dag.py:3823} INFO - Setting next_dagrun for example_xcom to 2021-01-01 00:00:00+00:00, run_after=2021-01-01 00:00:00+00:00
[2025-10-14T08:51:09.106+0000] {processor.py:183} INFO - Processing /home/airflow/.local/lib/python3.8/site-packages/airflow/example_dags/example_xcom.py took 0.096 seconds
[2025-10-14T08:51:39.492+0000] {processor.py:161} INFO - Started process (PID=68595) to work on /home/airflow/.local/lib/python3.8/site-packages/airflow/example_dags/example_xcom.py
[2025-10-14T08:51:39.494+0000] {processor.py:830} INFO - Processing file /home/airflow/.local/lib/python3.8/site-packages/airflow/example_dags/example_xcom.py for tasks to queue
[2025-10-14T08:51:39.495+0000] {logging_mixin.py:188} INFO - [2025-10-14T08:51:39.495+0000] {dagbag.py:538} INFO - Filling up the DagBag from /home/airflow/.local/lib/python3.8/site-packages/airflow/example_dags/example_xcom.py
[2025-10-14T08:51:39.504+0000] {processor.py:840} INFO - DAG(s) 'example_xcom' retrieved from /home/airflow/.local/lib/python3.8/site-packages/airflow/example_dags/example_xcom.py
[2025-10-14T08:51:39.535+0000] {logging_mixin.py:188} INFO - [2025-10-14T08:51:39.535+0000] {dag.py:3036} INFO - Sync 1 DAGs
[2025-10-14T08:51:39.559+0000] {logging_mixin.py:188} INFO - [2025-10-14T08:51:39.559+0000] {dag.py:3823} INFO - Setting next_dagrun for example_xcom to 2021-01-01 00:00:00+00:00, run_after=2021-01-01 00:00:00+00:00
[2025-10-14T08:51:39.582+0000] {processor.py:183} INFO - Processing /home/airflow/.local/lib/python3.8/site-packages/airflow/example_dags/example_xcom.py took 0.093 seconds
[2025-10-14T08:52:09.744+0000] {processor.py:161} INFO - Started process (PID=68665) to work on /home/airflow/.local/lib/python3.8/site-packages/airflow/example_dags/example_xcom.py
[2025-10-14T08:52:09.745+0000] {processor.py:830} INFO - Processing file /home/airflow/.local/lib/python3.8/site-packages/airflow/example_dags/example_xcom.py for tasks to queue
[2025-10-14T08:52:09.746+0000] {logging_mixin.py:188} INFO - [2025-10-14T08:52:09.746+0000] {dagbag.py:538} INFO - Filling up the DagBag from /home/airflow/.local/lib/python3.8/site-packages/airflow/example_dags/example_xcom.py
[2025-10-14T08:52:09.755+0000] {processor.py:840} INFO - DAG(s) 'example_xcom' retrieved from /home/airflow/.local/lib/python3.8/site-packages/airflow/example_dags/example_xcom.py
[2025-10-14T08:52:09.784+0000] {logging_mixin.py:188} INFO - [2025-10-14T08:52:09.784+0000] {dag.py:3036} INFO - Sync 1 DAGs
[2025-10-14T08:52:09.809+0000] {logging_mixin.py:188} INFO - [2025-10-14T08:52:09.809+0000] {dag.py:3823} INFO - Setting next_dagrun for example_xcom to 2021-01-01 00:00:00+00:00, run_after=2021-01-01 00:00:00+00:00
[2025-10-14T08:52:09.832+0000] {processor.py:183} INFO - Processing /home/airflow/.local/lib/python3.8/site-packages/airflow/example_dags/example_xcom.py took 0.093 seconds
[2025-10-14T08:52:40.103+0000] {processor.py:161} INFO - Started process (PID=68736) to work on /home/airflow/.local/lib/python3.8/site-packages/airflow/example_dags/example_xcom.py
[2025-10-14T08:52:40.105+0000] {processor.py:830} INFO - Processing file /home/airflow/.local/lib/python3.8/site-packages/airflow/example_dags/example_xcom.py for tasks to queue
[2025-10-14T08:52:40.106+0000] {logging_mixin.py:188} INFO - [2025-10-14T08:52:40.106+0000] {dagbag.py:538} INFO - Filling up the DagBag from /home/airflow/.local/lib/python3.8/site-packages/airflow/example_dags/example_xcom.py
[2025-10-14T08:52:40.119+0000] {processor.py:840} INFO - DAG(s) 'example_xcom' retrieved from /home/airflow/.local/lib/python3.8/site-packages/airflow/example_dags/example_xcom.py
[2025-10-14T08:52:40.152+0000] {logging_mixin.py:188} INFO - [2025-10-14T08:52:40.152+0000] {dag.py:3036} INFO - Sync 1 DAGs
[2025-10-14T08:52:40.183+0000] {logging_mixin.py:188} INFO - [2025-10-14T08:52:40.183+0000] {dag.py:3823} INFO - Setting next_dagrun for example_xcom to 2021-01-01 00:00:00+00:00, run_after=2021-01-01 00:00:00+00:00
[2025-10-14T08:52:40.208+0000] {processor.py:183} INFO - Processing /home/airflow/.local/lib/python3.8/site-packages/airflow/example_dags/example_xcom.py took 0.112 seconds
[2025-10-14T08:53:10.420+0000] {processor.py:161} INFO - Started process (PID=68806) to work on /home/airflow/.local/lib/python3.8/site-packages/airflow/example_dags/example_xcom.py
[2025-10-14T08:53:10.421+0000] {processor.py:830} INFO - Processing file /home/airflow/.local/lib/python3.8/site-packages/airflow/example_dags/example_xcom.py for tasks to queue
[2025-10-14T08:53:10.422+0000] {logging_mixin.py:188} INFO - [2025-10-14T08:53:10.422+0000] {dagbag.py:538} INFO - Filling up the DagBag from /home/airflow/.local/lib/python3.8/site-packages/airflow/example_dags/example_xcom.py
[2025-10-14T08:53:10.433+0000] {processor.py:840} INFO - DAG(s) 'example_xcom' retrieved from /home/airflow/.local/lib/python3.8/site-packages/airflow/example_dags/example_xcom.py
[2025-10-14T08:53:10.471+0000] {logging_mixin.py:188} INFO - [2025-10-14T08:53:10.471+0000] {dag.py:3036} INFO - Sync 1 DAGs
[2025-10-14T08:53:10.499+0000] {logging_mixin.py:188} INFO - [2025-10-14T08:53:10.498+0000] {dag.py:3823} INFO - Setting next_dagrun for example_xcom to 2021-01-01 00:00:00+00:00, run_after=2021-01-01 00:00:00+00:00
[2025-10-14T08:53:10.527+0000] {processor.py:183} INFO - Processing /home/airflow/.local/lib/python3.8/site-packages/airflow/example_dags/example_xcom.py took 0.112 seconds
[2025-10-14T08:53:40.730+0000] {processor.py:161} INFO - Started process (PID=68876) to work on /home/airflow/.local/lib/python3.8/site-packages/airflow/example_dags/example_xcom.py
[2025-10-14T08:53:40.731+0000] {processor.py:830} INFO - Processing file /home/airflow/.local/lib/python3.8/site-packages/airflow/example_dags/example_xcom.py for tasks to queue
[2025-10-14T08:53:40.733+0000] {logging_mixin.py:188} INFO - [2025-10-14T08:53:40.732+0000] {dagbag.py:538} INFO - Filling up the DagBag from /home/airflow/.local/lib/python3.8/site-packages/airflow/example_dags/example_xcom.py
[2025-10-14T08:53:40.741+0000] {processor.py:840} INFO - DAG(s) 'example_xcom' retrieved from /home/airflow/.local/lib/python3.8/site-packages/airflow/example_dags/example_xcom.py
[2025-10-14T08:53:40.774+0000] {logging_mixin.py:188} INFO - [2025-10-14T08:53:40.773+0000] {dag.py:3036} INFO - Sync 1 DAGs
[2025-10-14T08:53:40.800+0000] {logging_mixin.py:188} INFO - [2025-10-14T08:53:40.798+0000] {dag.py:3823} INFO - Setting next_dagrun for example_xcom to 2021-01-01 00:00:00+00:00, run_after=2021-01-01 00:00:00+00:00
[2025-10-14T08:53:40.823+0000] {processor.py:183} INFO - Processing /home/airflow/.local/lib/python3.8/site-packages/airflow/example_dags/example_xcom.py took 0.097 seconds
[2025-10-14T08:54:12.137+0000] {processor.py:161} INFO - Started process (PID=68946) to work on /home/airflow/.local/lib/python3.8/site-packages/airflow/example_dags/example_xcom.py
[2025-10-14T08:54:12.139+0000] {processor.py:830} INFO - Processing file /home/airflow/.local/lib/python3.8/site-packages/airflow/example_dags/example_xcom.py for tasks to queue
[2025-10-14T08:54:12.140+0000] {logging_mixin.py:188} INFO - [2025-10-14T08:54:12.140+0000] {dagbag.py:538} INFO - Filling up the DagBag from /home/airflow/.local/lib/python3.8/site-packages/airflow/example_dags/example_xcom.py
[2025-10-14T08:54:12.154+0000] {processor.py:840} INFO - DAG(s) 'example_xcom' retrieved from /home/airflow/.local/lib/python3.8/site-packages/airflow/example_dags/example_xcom.py
[2025-10-14T08:54:12.190+0000] {logging_mixin.py:188} INFO - [2025-10-14T08:54:12.190+0000] {dag.py:3036} INFO - Sync 1 DAGs
[2025-10-14T08:54:12.221+0000] {logging_mixin.py:188} INFO - [2025-10-14T08:54:12.220+0000] {dag.py:3823} INFO - Setting next_dagrun for example_xcom to 2021-01-01 00:00:00+00:00, run_after=2021-01-01 00:00:00+00:00
[2025-10-14T08:54:12.266+0000] {processor.py:183} INFO - Processing /home/airflow/.local/lib/python3.8/site-packages/airflow/example_dags/example_xcom.py took 0.137 seconds
[2025-10-14T08:54:43.236+0000] {processor.py:161} INFO - Started process (PID=69016) to work on /home/airflow/.local/lib/python3.8/site-packages/airflow/example_dags/example_xcom.py
[2025-10-14T08:54:43.239+0000] {processor.py:830} INFO - Processing file /home/airflow/.local/lib/python3.8/site-packages/airflow/example_dags/example_xcom.py for tasks to queue
[2025-10-14T08:54:43.242+0000] {logging_mixin.py:188} INFO - [2025-10-14T08:54:43.241+0000] {dagbag.py:538} INFO - Filling up the DagBag from /home/airflow/.local/lib/python3.8/site-packages/airflow/example_dags/example_xcom.py
[2025-10-14T08:54:43.259+0000] {processor.py:840} INFO - DAG(s) 'example_xcom' retrieved from /home/airflow/.local/lib/python3.8/site-packages/airflow/example_dags/example_xcom.py
[2025-10-14T08:54:43.298+0000] {logging_mixin.py:188} INFO - [2025-10-14T08:54:43.298+0000] {dag.py:3036} INFO - Sync 1 DAGs
[2025-10-14T08:54:43.329+0000] {logging_mixin.py:188} INFO - [2025-10-14T08:54:43.329+0000] {dag.py:3823} INFO - Setting next_dagrun for example_xcom to 2021-01-01 00:00:00+00:00, run_after=2021-01-01 00:00:00+00:00
[2025-10-14T08:54:43.380+0000] {processor.py:183} INFO - Processing /home/airflow/.local/lib/python3.8/site-packages/airflow/example_dags/example_xcom.py took 0.149 seconds
[2025-10-14T08:55:14.103+0000] {processor.py:161} INFO - Started process (PID=69086) to work on /home/airflow/.local/lib/python3.8/site-packages/airflow/example_dags/example_xcom.py
[2025-10-14T08:55:14.104+0000] {processor.py:830} INFO - Processing file /home/airflow/.local/lib/python3.8/site-packages/airflow/example_dags/example_xcom.py for tasks to queue
[2025-10-14T08:55:14.106+0000] {logging_mixin.py:188} INFO - [2025-10-14T08:55:14.106+0000] {dagbag.py:538} INFO - Filling up the DagBag from /home/airflow/.local/lib/python3.8/site-packages/airflow/example_dags/example_xcom.py
[2025-10-14T08:55:14.117+0000] {processor.py:840} INFO - DAG(s) 'example_xcom' retrieved from /home/airflow/.local/lib/python3.8/site-packages/airflow/example_dags/example_xcom.py
[2025-10-14T08:55:14.156+0000] {logging_mixin.py:188} INFO - [2025-10-14T08:55:14.156+0000] {dag.py:3036} INFO - Sync 1 DAGs
[2025-10-14T08:55:14.186+0000] {logging_mixin.py:188} INFO - [2025-10-14T08:55:14.185+0000] {dag.py:3823} INFO - Setting next_dagrun for example_xcom to 2021-01-01 00:00:00+00:00, run_after=2021-01-01 00:00:00+00:00
[2025-10-14T08:55:14.240+0000] {processor.py:183} INFO - Processing /home/airflow/.local/lib/python3.8/site-packages/airflow/example_dags/example_xcom.py took 0.142 seconds
[2025-10-14T08:55:45.227+0000] {processor.py:161} INFO - Started process (PID=69156) to work on /home/airflow/.local/lib/python3.8/site-packages/airflow/example_dags/example_xcom.py
[2025-10-14T08:55:45.229+0000] {processor.py:830} INFO - Processing file /home/airflow/.local/lib/python3.8/site-packages/airflow/example_dags/example_xcom.py for tasks to queue
[2025-10-14T08:55:45.232+0000] {logging_mixin.py:188} INFO - [2025-10-14T08:55:45.232+0000] {dagbag.py:538} INFO - Filling up the DagBag from /home/airflow/.local/lib/python3.8/site-packages/airflow/example_dags/example_xcom.py
[2025-10-14T08:55:45.245+0000] {processor.py:840} INFO - DAG(s) 'example_xcom' retrieved from /home/airflow/.local/lib/python3.8/site-packages/airflow/example_dags/example_xcom.py
[2025-10-14T08:55:45.289+0000] {logging_mixin.py:188} INFO - [2025-10-14T08:55:45.289+0000] {dag.py:3036} INFO - Sync 1 DAGs
[2025-10-14T08:55:45.319+0000] {logging_mixin.py:188} INFO - [2025-10-14T08:55:45.319+0000] {dag.py:3823} INFO - Setting next_dagrun for example_xcom to 2021-01-01 00:00:00+00:00, run_after=2021-01-01 00:00:00+00:00
[2025-10-14T08:55:45.348+0000] {processor.py:183} INFO - Processing /home/airflow/.local/lib/python3.8/site-packages/airflow/example_dags/example_xcom.py took 0.126 seconds
[2025-10-14T08:56:15.962+0000] {processor.py:161} INFO - Started process (PID=69227) to work on /home/airflow/.local/lib/python3.8/site-packages/airflow/example_dags/example_xcom.py
[2025-10-14T08:56:15.963+0000] {processor.py:830} INFO - Processing file /home/airflow/.local/lib/python3.8/site-packages/airflow/example_dags/example_xcom.py for tasks to queue
[2025-10-14T08:56:15.965+0000] {logging_mixin.py:188} INFO - [2025-10-14T08:56:15.964+0000] {dagbag.py:538} INFO - Filling up the DagBag from /home/airflow/.local/lib/python3.8/site-packages/airflow/example_dags/example_xcom.py
[2025-10-14T08:56:15.976+0000] {processor.py:840} INFO - DAG(s) 'example_xcom' retrieved from /home/airflow/.local/lib/python3.8/site-packages/airflow/example_dags/example_xcom.py
[2025-10-14T08:56:16.011+0000] {logging_mixin.py:188} INFO - [2025-10-14T08:56:16.011+0000] {dag.py:3036} INFO - Sync 1 DAGs
[2025-10-14T08:56:16.041+0000] {logging_mixin.py:188} INFO - [2025-10-14T08:56:16.041+0000] {dag.py:3823} INFO - Setting next_dagrun for example_xcom to 2021-01-01 00:00:00+00:00, run_after=2021-01-01 00:00:00+00:00
[2025-10-14T08:56:16.069+0000] {processor.py:183} INFO - Processing /home/airflow/.local/lib/python3.8/site-packages/airflow/example_dags/example_xcom.py took 0.112 seconds
[2025-10-14T08:56:47.141+0000] {processor.py:161} INFO - Started process (PID=69297) to work on /home/airflow/.local/lib/python3.8/site-packages/airflow/example_dags/example_xcom.py
[2025-10-14T08:56:47.142+0000] {processor.py:830} INFO - Processing file /home/airflow/.local/lib/python3.8/site-packages/airflow/example_dags/example_xcom.py for tasks to queue
[2025-10-14T08:56:47.144+0000] {logging_mixin.py:188} INFO - [2025-10-14T08:56:47.143+0000] {dagbag.py:538} INFO - Filling up the DagBag from /home/airflow/.local/lib/python3.8/site-packages/airflow/example_dags/example_xcom.py
[2025-10-14T08:56:47.156+0000] {processor.py:840} INFO - DAG(s) 'example_xcom' retrieved from /home/airflow/.local/lib/python3.8/site-packages/airflow/example_dags/example_xcom.py
[2025-10-14T08:56:47.195+0000] {logging_mixin.py:188} INFO - [2025-10-14T08:56:47.195+0000] {dag.py:3036} INFO - Sync 1 DAGs
[2025-10-14T08:56:47.229+0000] {logging_mixin.py:188} INFO - [2025-10-14T08:56:47.228+0000] {dag.py:3823} INFO - Setting next_dagrun for example_xcom to 2021-01-01 00:00:00+00:00, run_after=2021-01-01 00:00:00+00:00
[2025-10-14T08:56:47.300+0000] {processor.py:183} INFO - Processing /home/airflow/.local/lib/python3.8/site-packages/airflow/example_dags/example_xcom.py took 0.164 seconds
[2025-10-14T08:57:18.218+0000] {processor.py:161} INFO - Started process (PID=69367) to work on /home/airflow/.local/lib/python3.8/site-packages/airflow/example_dags/example_xcom.py
[2025-10-14T08:57:18.220+0000] {processor.py:830} INFO - Processing file /home/airflow/.local/lib/python3.8/site-packages/airflow/example_dags/example_xcom.py for tasks to queue
[2025-10-14T08:57:18.221+0000] {logging_mixin.py:188} INFO - [2025-10-14T08:57:18.221+0000] {dagbag.py:538} INFO - Filling up the DagBag from /home/airflow/.local/lib/python3.8/site-packages/airflow/example_dags/example_xcom.py
[2025-10-14T08:57:18.232+0000] {processor.py:840} INFO - DAG(s) 'example_xcom' retrieved from /home/airflow/.local/lib/python3.8/site-packages/airflow/example_dags/example_xcom.py
[2025-10-14T08:57:18.266+0000] {logging_mixin.py:188} INFO - [2025-10-14T08:57:18.265+0000] {dag.py:3036} INFO - Sync 1 DAGs
[2025-10-14T08:57:18.294+0000] {logging_mixin.py:188} INFO - [2025-10-14T08:57:18.294+0000] {dag.py:3823} INFO - Setting next_dagrun for example_xcom to 2021-01-01 00:00:00+00:00, run_after=2021-01-01 00:00:00+00:00
[2025-10-14T08:57:18.364+0000] {processor.py:183} INFO - Processing /home/airflow/.local/lib/python3.8/site-packages/airflow/example_dags/example_xcom.py took 0.151 seconds
[2025-10-14T08:57:48.803+0000] {processor.py:161} INFO - Started process (PID=69437) to work on /home/airflow/.local/lib/python3.8/site-packages/airflow/example_dags/example_xcom.py
[2025-10-14T08:57:48.804+0000] {processor.py:830} INFO - Processing file /home/airflow/.local/lib/python3.8/site-packages/airflow/example_dags/example_xcom.py for tasks to queue
[2025-10-14T08:57:48.806+0000] {logging_mixin.py:188} INFO - [2025-10-14T08:57:48.805+0000] {dagbag.py:538} INFO - Filling up the DagBag from /home/airflow/.local/lib/python3.8/site-packages/airflow/example_dags/example_xcom.py
[2025-10-14T08:57:48.817+0000] {processor.py:840} INFO - DAG(s) 'example_xcom' retrieved from /home/airflow/.local/lib/python3.8/site-packages/airflow/example_dags/example_xcom.py
[2025-10-14T08:57:48.853+0000] {logging_mixin.py:188} INFO - [2025-10-14T08:57:48.853+0000] {dag.py:3036} INFO - Sync 1 DAGs
[2025-10-14T08:57:48.886+0000] {logging_mixin.py:188} INFO - [2025-10-14T08:57:48.886+0000] {dag.py:3823} INFO - Setting next_dagrun for example_xcom to 2021-01-01 00:00:00+00:00, run_after=2021-01-01 00:00:00+00:00
[2025-10-14T08:57:48.918+0000] {processor.py:183} INFO - Processing /home/airflow/.local/lib/python3.8/site-packages/airflow/example_dags/example_xcom.py took 0.120 seconds
[2025-10-14T08:58:19.903+0000] {processor.py:161} INFO - Started process (PID=69507) to work on /home/airflow/.local/lib/python3.8/site-packages/airflow/example_dags/example_xcom.py
[2025-10-14T08:58:19.905+0000] {processor.py:830} INFO - Processing file /home/airflow/.local/lib/python3.8/site-packages/airflow/example_dags/example_xcom.py for tasks to queue
[2025-10-14T08:58:19.906+0000] {logging_mixin.py:188} INFO - [2025-10-14T08:58:19.906+0000] {dagbag.py:538} INFO - Filling up the DagBag from /home/airflow/.local/lib/python3.8/site-packages/airflow/example_dags/example_xcom.py
[2025-10-14T08:58:19.918+0000] {processor.py:840} INFO - DAG(s) 'example_xcom' retrieved from /home/airflow/.local/lib/python3.8/site-packages/airflow/example_dags/example_xcom.py
[2025-10-14T08:58:19.963+0000] {logging_mixin.py:188} INFO - [2025-10-14T08:58:19.962+0000] {dag.py:3036} INFO - Sync 1 DAGs
[2025-10-14T08:58:20.000+0000] {logging_mixin.py:188} INFO - [2025-10-14T08:58:20.000+0000] {dag.py:3823} INFO - Setting next_dagrun for example_xcom to 2021-01-01 00:00:00+00:00, run_after=2021-01-01 00:00:00+00:00
[2025-10-14T08:58:20.030+0000] {processor.py:183} INFO - Processing /home/airflow/.local/lib/python3.8/site-packages/airflow/example_dags/example_xcom.py took 0.132 seconds
[2025-10-14T08:58:50.297+0000] {processor.py:161} INFO - Started process (PID=69575) to work on /home/airflow/.local/lib/python3.8/site-packages/airflow/example_dags/example_xcom.py
[2025-10-14T08:58:50.299+0000] {processor.py:830} INFO - Processing file /home/airflow/.local/lib/python3.8/site-packages/airflow/example_dags/example_xcom.py for tasks to queue
[2025-10-14T08:58:50.301+0000] {logging_mixin.py:188} INFO - [2025-10-14T08:58:50.300+0000] {dagbag.py:538} INFO - Filling up the DagBag from /home/airflow/.local/lib/python3.8/site-packages/airflow/example_dags/example_xcom.py
[2025-10-14T08:58:50.313+0000] {processor.py:840} INFO - DAG(s) 'example_xcom' retrieved from /home/airflow/.local/lib/python3.8/site-packages/airflow/example_dags/example_xcom.py
[2025-10-14T08:58:50.349+0000] {logging_mixin.py:188} INFO - [2025-10-14T08:58:50.349+0000] {dag.py:3036} INFO - Sync 1 DAGs
[2025-10-14T08:58:50.379+0000] {logging_mixin.py:188} INFO - [2025-10-14T08:58:50.378+0000] {dag.py:3823} INFO - Setting next_dagrun for example_xcom to 2021-01-01 00:00:00+00:00, run_after=2021-01-01 00:00:00+00:00
[2025-10-14T08:58:50.415+0000] {processor.py:183} INFO - Processing /home/airflow/.local/lib/python3.8/site-packages/airflow/example_dags/example_xcom.py took 0.123 seconds
[2025-10-14T08:59:20.837+0000] {processor.py:161} INFO - Started process (PID=69645) to work on /home/airflow/.local/lib/python3.8/site-packages/airflow/example_dags/example_xcom.py
[2025-10-14T08:59:20.839+0000] {processor.py:830} INFO - Processing file /home/airflow/.local/lib/python3.8/site-packages/airflow/example_dags/example_xcom.py for tasks to queue
[2025-10-14T08:59:20.841+0000] {logging_mixin.py:188} INFO - [2025-10-14T08:59:20.840+0000] {dagbag.py:538} INFO - Filling up the DagBag from /home/airflow/.local/lib/python3.8/site-packages/airflow/example_dags/example_xcom.py
[2025-10-14T08:59:20.851+0000] {processor.py:840} INFO - DAG(s) 'example_xcom' retrieved from /home/airflow/.local/lib/python3.8/site-packages/airflow/example_dags/example_xcom.py
[2025-10-14T08:59:20.889+0000] {logging_mixin.py:188} INFO - [2025-10-14T08:59:20.888+0000] {dag.py:3036} INFO - Sync 1 DAGs
[2025-10-14T08:59:20.919+0000] {logging_mixin.py:188} INFO - [2025-10-14T08:59:20.918+0000] {dag.py:3823} INFO - Setting next_dagrun for example_xcom to 2021-01-01 00:00:00+00:00, run_after=2021-01-01 00:00:00+00:00
[2025-10-14T08:59:20.972+0000] {processor.py:183} INFO - Processing /home/airflow/.local/lib/python3.8/site-packages/airflow/example_dags/example_xcom.py took 0.140 seconds
[2025-10-14T09:03:14.130+0000] {processor.py:161} INFO - Started process (PID=69691) to work on /home/airflow/.local/lib/python3.8/site-packages/airflow/example_dags/example_xcom.py
[2025-10-14T09:03:14.132+0000] {processor.py:830} INFO - Processing file /home/airflow/.local/lib/python3.8/site-packages/airflow/example_dags/example_xcom.py for tasks to queue
[2025-10-14T09:03:14.134+0000] {logging_mixin.py:188} INFO - [2025-10-14T09:03:14.133+0000] {dagbag.py:538} INFO - Filling up the DagBag from /home/airflow/.local/lib/python3.8/site-packages/airflow/example_dags/example_xcom.py
[2025-10-14T09:03:14.145+0000] {processor.py:840} INFO - DAG(s) 'example_xcom' retrieved from /home/airflow/.local/lib/python3.8/site-packages/airflow/example_dags/example_xcom.py
[2025-10-14T09:03:14.183+0000] {logging_mixin.py:188} INFO - [2025-10-14T09:03:14.183+0000] {dag.py:3036} INFO - Sync 1 DAGs
[2025-10-14T09:03:14.216+0000] {logging_mixin.py:188} INFO - [2025-10-14T09:03:14.216+0000] {dag.py:3823} INFO - Setting next_dagrun for example_xcom to 2021-01-01 00:00:00+00:00, run_after=2021-01-01 00:00:00+00:00
[2025-10-14T09:03:14.247+0000] {processor.py:183} INFO - Processing /home/airflow/.local/lib/python3.8/site-packages/airflow/example_dags/example_xcom.py took 0.122 seconds
[2025-10-14T09:03:44.904+0000] {processor.py:161} INFO - Started process (PID=69761) to work on /home/airflow/.local/lib/python3.8/site-packages/airflow/example_dags/example_xcom.py
[2025-10-14T09:03:44.906+0000] {processor.py:830} INFO - Processing file /home/airflow/.local/lib/python3.8/site-packages/airflow/example_dags/example_xcom.py for tasks to queue
[2025-10-14T09:03:44.907+0000] {logging_mixin.py:188} INFO - [2025-10-14T09:03:44.907+0000] {dagbag.py:538} INFO - Filling up the DagBag from /home/airflow/.local/lib/python3.8/site-packages/airflow/example_dags/example_xcom.py
[2025-10-14T09:03:44.917+0000] {processor.py:840} INFO - DAG(s) 'example_xcom' retrieved from /home/airflow/.local/lib/python3.8/site-packages/airflow/example_dags/example_xcom.py
[2025-10-14T09:03:44.951+0000] {logging_mixin.py:188} INFO - [2025-10-14T09:03:44.951+0000] {dag.py:3036} INFO - Sync 1 DAGs
[2025-10-14T09:03:44.981+0000] {logging_mixin.py:188} INFO - [2025-10-14T09:03:44.981+0000] {dag.py:3823} INFO - Setting next_dagrun for example_xcom to 2021-01-01 00:00:00+00:00, run_after=2021-01-01 00:00:00+00:00
[2025-10-14T09:03:45.034+0000] {processor.py:183} INFO - Processing /home/airflow/.local/lib/python3.8/site-packages/airflow/example_dags/example_xcom.py took 0.134 seconds
[2025-10-14T09:04:15.411+0000] {processor.py:161} INFO - Started process (PID=69831) to work on /home/airflow/.local/lib/python3.8/site-packages/airflow/example_dags/example_xcom.py
[2025-10-14T09:04:15.413+0000] {processor.py:830} INFO - Processing file /home/airflow/.local/lib/python3.8/site-packages/airflow/example_dags/example_xcom.py for tasks to queue
[2025-10-14T09:04:15.414+0000] {logging_mixin.py:188} INFO - [2025-10-14T09:04:15.414+0000] {dagbag.py:538} INFO - Filling up the DagBag from /home/airflow/.local/lib/python3.8/site-packages/airflow/example_dags/example_xcom.py
[2025-10-14T09:04:15.423+0000] {processor.py:840} INFO - DAG(s) 'example_xcom' retrieved from /home/airflow/.local/lib/python3.8/site-packages/airflow/example_dags/example_xcom.py
[2025-10-14T09:04:15.453+0000] {logging_mixin.py:188} INFO - [2025-10-14T09:04:15.453+0000] {dag.py:3036} INFO - Sync 1 DAGs
[2025-10-14T09:04:15.478+0000] {logging_mixin.py:188} INFO - [2025-10-14T09:04:15.478+0000] {dag.py:3823} INFO - Setting next_dagrun for example_xcom to 2021-01-01 00:00:00+00:00, run_after=2021-01-01 00:00:00+00:00
[2025-10-14T09:04:15.506+0000] {processor.py:183} INFO - Processing /home/airflow/.local/lib/python3.8/site-packages/airflow/example_dags/example_xcom.py took 0.099 seconds
[2025-10-14T09:04:46.448+0000] {processor.py:161} INFO - Started process (PID=69901) to work on /home/airflow/.local/lib/python3.8/site-packages/airflow/example_dags/example_xcom.py
[2025-10-14T09:04:46.450+0000] {processor.py:830} INFO - Processing file /home/airflow/.local/lib/python3.8/site-packages/airflow/example_dags/example_xcom.py for tasks to queue
[2025-10-14T09:04:46.452+0000] {logging_mixin.py:188} INFO - [2025-10-14T09:04:46.451+0000] {dagbag.py:538} INFO - Filling up the DagBag from /home/airflow/.local/lib/python3.8/site-packages/airflow/example_dags/example_xcom.py
[2025-10-14T09:04:46.463+0000] {processor.py:840} INFO - DAG(s) 'example_xcom' retrieved from /home/airflow/.local/lib/python3.8/site-packages/airflow/example_dags/example_xcom.py
[2025-10-14T09:04:46.500+0000] {logging_mixin.py:188} INFO - [2025-10-14T09:04:46.500+0000] {dag.py:3036} INFO - Sync 1 DAGs
[2025-10-14T09:04:46.529+0000] {logging_mixin.py:188} INFO - [2025-10-14T09:04:46.529+0000] {dag.py:3823} INFO - Setting next_dagrun for example_xcom to 2021-01-01 00:00:00+00:00, run_after=2021-01-01 00:00:00+00:00
[2025-10-14T09:04:46.579+0000] {processor.py:183} INFO - Processing /home/airflow/.local/lib/python3.8/site-packages/airflow/example_dags/example_xcom.py took 0.135 seconds
[2025-10-14T09:05:17.536+0000] {processor.py:161} INFO - Started process (PID=69973) to work on /home/airflow/.local/lib/python3.8/site-packages/airflow/example_dags/example_xcom.py
[2025-10-14T09:05:17.538+0000] {processor.py:830} INFO - Processing file /home/airflow/.local/lib/python3.8/site-packages/airflow/example_dags/example_xcom.py for tasks to queue
[2025-10-14T09:05:17.540+0000] {logging_mixin.py:188} INFO - [2025-10-14T09:05:17.540+0000] {dagbag.py:538} INFO - Filling up the DagBag from /home/airflow/.local/lib/python3.8/site-packages/airflow/example_dags/example_xcom.py
[2025-10-14T09:05:17.556+0000] {processor.py:840} INFO - DAG(s) 'example_xcom' retrieved from /home/airflow/.local/lib/python3.8/site-packages/airflow/example_dags/example_xcom.py
[2025-10-14T09:05:17.596+0000] {logging_mixin.py:188} INFO - [2025-10-14T09:05:17.595+0000] {dag.py:3036} INFO - Sync 1 DAGs
[2025-10-14T09:05:17.627+0000] {logging_mixin.py:188} INFO - [2025-10-14T09:05:17.626+0000] {dag.py:3823} INFO - Setting next_dagrun for example_xcom to 2021-01-01 00:00:00+00:00, run_after=2021-01-01 00:00:00+00:00
[2025-10-14T09:05:17.674+0000] {processor.py:183} INFO - Processing /home/airflow/.local/lib/python3.8/site-packages/airflow/example_dags/example_xcom.py took 0.144 seconds
[2025-10-14T09:05:48.866+0000] {processor.py:161} INFO - Started process (PID=70042) to work on /home/airflow/.local/lib/python3.8/site-packages/airflow/example_dags/example_xcom.py
[2025-10-14T09:05:48.868+0000] {processor.py:830} INFO - Processing file /home/airflow/.local/lib/python3.8/site-packages/airflow/example_dags/example_xcom.py for tasks to queue
[2025-10-14T09:05:48.869+0000] {logging_mixin.py:188} INFO - [2025-10-14T09:05:48.869+0000] {dagbag.py:538} INFO - Filling up the DagBag from /home/airflow/.local/lib/python3.8/site-packages/airflow/example_dags/example_xcom.py
[2025-10-14T09:05:48.883+0000] {processor.py:840} INFO - DAG(s) 'example_xcom' retrieved from /home/airflow/.local/lib/python3.8/site-packages/airflow/example_dags/example_xcom.py
[2025-10-14T09:05:48.925+0000] {logging_mixin.py:188} INFO - [2025-10-14T09:05:48.924+0000] {dag.py:3036} INFO - Sync 1 DAGs
[2025-10-14T09:05:48.953+0000] {logging_mixin.py:188} INFO - [2025-10-14T09:05:48.953+0000] {dag.py:3823} INFO - Setting next_dagrun for example_xcom to 2021-01-01 00:00:00+00:00, run_after=2021-01-01 00:00:00+00:00
[2025-10-14T09:05:49.036+0000] {processor.py:183} INFO - Processing /home/airflow/.local/lib/python3.8/site-packages/airflow/example_dags/example_xcom.py took 0.176 seconds
[2025-10-14T09:06:20.611+0000] {processor.py:161} INFO - Started process (PID=70112) to work on /home/airflow/.local/lib/python3.8/site-packages/airflow/example_dags/example_xcom.py
[2025-10-14T09:06:20.613+0000] {processor.py:830} INFO - Processing file /home/airflow/.local/lib/python3.8/site-packages/airflow/example_dags/example_xcom.py for tasks to queue
[2025-10-14T09:06:20.614+0000] {logging_mixin.py:188} INFO - [2025-10-14T09:06:20.614+0000] {dagbag.py:538} INFO - Filling up the DagBag from /home/airflow/.local/lib/python3.8/site-packages/airflow/example_dags/example_xcom.py
[2025-10-14T09:06:20.625+0000] {processor.py:840} INFO - DAG(s) 'example_xcom' retrieved from /home/airflow/.local/lib/python3.8/site-packages/airflow/example_dags/example_xcom.py
[2025-10-14T09:06:20.663+0000] {logging_mixin.py:188} INFO - [2025-10-14T09:06:20.662+0000] {dag.py:3036} INFO - Sync 1 DAGs
[2025-10-14T09:06:20.695+0000] {logging_mixin.py:188} INFO - [2025-10-14T09:06:20.695+0000] {dag.py:3823} INFO - Setting next_dagrun for example_xcom to 2021-01-01 00:00:00+00:00, run_after=2021-01-01 00:00:00+00:00
[2025-10-14T09:06:20.739+0000] {processor.py:183} INFO - Processing /home/airflow/.local/lib/python3.8/site-packages/airflow/example_dags/example_xcom.py took 0.133 seconds
[2025-10-14T09:06:51.950+0000] {processor.py:161} INFO - Started process (PID=70182) to work on /home/airflow/.local/lib/python3.8/site-packages/airflow/example_dags/example_xcom.py
[2025-10-14T09:06:51.952+0000] {processor.py:830} INFO - Processing file /home/airflow/.local/lib/python3.8/site-packages/airflow/example_dags/example_xcom.py for tasks to queue
[2025-10-14T09:06:51.953+0000] {logging_mixin.py:188} INFO - [2025-10-14T09:06:51.953+0000] {dagbag.py:538} INFO - Filling up the DagBag from /home/airflow/.local/lib/python3.8/site-packages/airflow/example_dags/example_xcom.py
[2025-10-14T09:06:51.963+0000] {processor.py:840} INFO - DAG(s) 'example_xcom' retrieved from /home/airflow/.local/lib/python3.8/site-packages/airflow/example_dags/example_xcom.py
[2025-10-14T09:06:51.999+0000] {logging_mixin.py:188} INFO - [2025-10-14T09:06:51.998+0000] {dag.py:3036} INFO - Sync 1 DAGs
[2025-10-14T09:06:52.027+0000] {logging_mixin.py:188} INFO - [2025-10-14T09:06:52.027+0000] {dag.py:3823} INFO - Setting next_dagrun for example_xcom to 2021-01-01 00:00:00+00:00, run_after=2021-01-01 00:00:00+00:00
[2025-10-14T09:06:52.052+0000] {processor.py:183} INFO - Processing /home/airflow/.local/lib/python3.8/site-packages/airflow/example_dags/example_xcom.py took 0.106 seconds
[2025-10-14T09:07:23.247+0000] {processor.py:161} INFO - Started process (PID=70252) to work on /home/airflow/.local/lib/python3.8/site-packages/airflow/example_dags/example_xcom.py
[2025-10-14T09:07:23.249+0000] {processor.py:830} INFO - Processing file /home/airflow/.local/lib/python3.8/site-packages/airflow/example_dags/example_xcom.py for tasks to queue
[2025-10-14T09:07:23.250+0000] {logging_mixin.py:188} INFO - [2025-10-14T09:07:23.250+0000] {dagbag.py:538} INFO - Filling up the DagBag from /home/airflow/.local/lib/python3.8/site-packages/airflow/example_dags/example_xcom.py
[2025-10-14T09:07:23.262+0000] {processor.py:840} INFO - DAG(s) 'example_xcom' retrieved from /home/airflow/.local/lib/python3.8/site-packages/airflow/example_dags/example_xcom.py
[2025-10-14T09:07:23.309+0000] {logging_mixin.py:188} INFO - [2025-10-14T09:07:23.309+0000] {dag.py:3036} INFO - Sync 1 DAGs
[2025-10-14T09:07:23.348+0000] {logging_mixin.py:188} INFO - [2025-10-14T09:07:23.347+0000] {dag.py:3823} INFO - Setting next_dagrun for example_xcom to 2021-01-01 00:00:00+00:00, run_after=2021-01-01 00:00:00+00:00
[2025-10-14T09:07:23.382+0000] {processor.py:183} INFO - Processing /home/airflow/.local/lib/python3.8/site-packages/airflow/example_dags/example_xcom.py took 0.140 seconds
[2025-10-14T09:07:54.398+0000] {processor.py:161} INFO - Started process (PID=70322) to work on /home/airflow/.local/lib/python3.8/site-packages/airflow/example_dags/example_xcom.py
[2025-10-14T09:07:54.399+0000] {processor.py:830} INFO - Processing file /home/airflow/.local/lib/python3.8/site-packages/airflow/example_dags/example_xcom.py for tasks to queue
[2025-10-14T09:07:54.401+0000] {logging_mixin.py:188} INFO - [2025-10-14T09:07:54.400+0000] {dagbag.py:538} INFO - Filling up the DagBag from /home/airflow/.local/lib/python3.8/site-packages/airflow/example_dags/example_xcom.py
[2025-10-14T09:07:54.412+0000] {processor.py:840} INFO - DAG(s) 'example_xcom' retrieved from /home/airflow/.local/lib/python3.8/site-packages/airflow/example_dags/example_xcom.py
[2025-10-14T09:07:54.448+0000] {logging_mixin.py:188} INFO - [2025-10-14T09:07:54.448+0000] {dag.py:3036} INFO - Sync 1 DAGs
[2025-10-14T09:07:54.479+0000] {logging_mixin.py:188} INFO - [2025-10-14T09:07:54.478+0000] {dag.py:3823} INFO - Setting next_dagrun for example_xcom to 2021-01-01 00:00:00+00:00, run_after=2021-01-01 00:00:00+00:00
[2025-10-14T09:07:54.512+0000] {processor.py:183} INFO - Processing /home/airflow/.local/lib/python3.8/site-packages/airflow/example_dags/example_xcom.py took 0.120 seconds
[2025-10-14T09:08:26.196+0000] {processor.py:161} INFO - Started process (PID=70392) to work on /home/airflow/.local/lib/python3.8/site-packages/airflow/example_dags/example_xcom.py
[2025-10-14T09:08:26.200+0000] {processor.py:830} INFO - Processing file /home/airflow/.local/lib/python3.8/site-packages/airflow/example_dags/example_xcom.py for tasks to queue
[2025-10-14T09:08:26.202+0000] {logging_mixin.py:188} INFO - [2025-10-14T09:08:26.201+0000] {dagbag.py:538} INFO - Filling up the DagBag from /home/airflow/.local/lib/python3.8/site-packages/airflow/example_dags/example_xcom.py
[2025-10-14T09:08:26.226+0000] {processor.py:840} INFO - DAG(s) 'example_xcom' retrieved from /home/airflow/.local/lib/python3.8/site-packages/airflow/example_dags/example_xcom.py
[2025-10-14T09:08:26.298+0000] {logging_mixin.py:188} INFO - [2025-10-14T09:08:26.297+0000] {dag.py:3036} INFO - Sync 1 DAGs
[2025-10-14T09:08:26.354+0000] {logging_mixin.py:188} INFO - [2025-10-14T09:08:26.353+0000] {dag.py:3823} INFO - Setting next_dagrun for example_xcom to 2021-01-01 00:00:00+00:00, run_after=2021-01-01 00:00:00+00:00
[2025-10-14T09:08:26.406+0000] {processor.py:183} INFO - Processing /home/airflow/.local/lib/python3.8/site-packages/airflow/example_dags/example_xcom.py took 0.219 seconds
[2025-10-14T09:08:57.670+0000] {processor.py:161} INFO - Started process (PID=70462) to work on /home/airflow/.local/lib/python3.8/site-packages/airflow/example_dags/example_xcom.py
[2025-10-14T09:08:57.671+0000] {processor.py:830} INFO - Processing file /home/airflow/.local/lib/python3.8/site-packages/airflow/example_dags/example_xcom.py for tasks to queue
[2025-10-14T09:08:57.673+0000] {logging_mixin.py:188} INFO - [2025-10-14T09:08:57.672+0000] {dagbag.py:538} INFO - Filling up the DagBag from /home/airflow/.local/lib/python3.8/site-packages/airflow/example_dags/example_xcom.py
[2025-10-14T09:08:57.685+0000] {processor.py:840} INFO - DAG(s) 'example_xcom' retrieved from /home/airflow/.local/lib/python3.8/site-packages/airflow/example_dags/example_xcom.py
[2025-10-14T09:08:57.731+0000] {logging_mixin.py:188} INFO - [2025-10-14T09:08:57.730+0000] {dag.py:3036} INFO - Sync 1 DAGs
[2025-10-14T09:08:57.761+0000] {logging_mixin.py:188} INFO - [2025-10-14T09:08:57.760+0000] {dag.py:3823} INFO - Setting next_dagrun for example_xcom to 2021-01-01 00:00:00+00:00, run_after=2021-01-01 00:00:00+00:00
[2025-10-14T09:08:57.807+0000] {processor.py:183} INFO - Processing /home/airflow/.local/lib/python3.8/site-packages/airflow/example_dags/example_xcom.py took 0.143 seconds
[2025-10-14T09:09:29.303+0000] {processor.py:161} INFO - Started process (PID=70532) to work on /home/airflow/.local/lib/python3.8/site-packages/airflow/example_dags/example_xcom.py
[2025-10-14T09:09:29.305+0000] {processor.py:830} INFO - Processing file /home/airflow/.local/lib/python3.8/site-packages/airflow/example_dags/example_xcom.py for tasks to queue
[2025-10-14T09:09:29.307+0000] {logging_mixin.py:188} INFO - [2025-10-14T09:09:29.306+0000] {dagbag.py:538} INFO - Filling up the DagBag from /home/airflow/.local/lib/python3.8/site-packages/airflow/example_dags/example_xcom.py
[2025-10-14T09:09:29.321+0000] {processor.py:840} INFO - DAG(s) 'example_xcom' retrieved from /home/airflow/.local/lib/python3.8/site-packages/airflow/example_dags/example_xcom.py
[2025-10-14T09:09:29.357+0000] {logging_mixin.py:188} INFO - [2025-10-14T09:09:29.356+0000] {dag.py:3036} INFO - Sync 1 DAGs
[2025-10-14T09:09:29.391+0000] {logging_mixin.py:188} INFO - [2025-10-14T09:09:29.391+0000] {dag.py:3823} INFO - Setting next_dagrun for example_xcom to 2021-01-01 00:00:00+00:00, run_after=2021-01-01 00:00:00+00:00
[2025-10-14T09:09:29.422+0000] {processor.py:183} INFO - Processing /home/airflow/.local/lib/python3.8/site-packages/airflow/example_dags/example_xcom.py took 0.141 seconds
[2025-10-14T09:10:01.510+0000] {processor.py:161} INFO - Started process (PID=70602) to work on /home/airflow/.local/lib/python3.8/site-packages/airflow/example_dags/example_xcom.py
[2025-10-14T09:10:01.512+0000] {processor.py:830} INFO - Processing file /home/airflow/.local/lib/python3.8/site-packages/airflow/example_dags/example_xcom.py for tasks to queue
[2025-10-14T09:10:01.514+0000] {logging_mixin.py:188} INFO - [2025-10-14T09:10:01.513+0000] {dagbag.py:538} INFO - Filling up the DagBag from /home/airflow/.local/lib/python3.8/site-packages/airflow/example_dags/example_xcom.py
[2025-10-14T09:10:01.528+0000] {processor.py:840} INFO - DAG(s) 'example_xcom' retrieved from /home/airflow/.local/lib/python3.8/site-packages/airflow/example_dags/example_xcom.py
[2025-10-14T09:10:01.578+0000] {logging_mixin.py:188} INFO - [2025-10-14T09:10:01.578+0000] {dag.py:3036} INFO - Sync 1 DAGs
[2025-10-14T09:10:01.624+0000] {logging_mixin.py:188} INFO - [2025-10-14T09:10:01.624+0000] {dag.py:3823} INFO - Setting next_dagrun for example_xcom to 2021-01-01 00:00:00+00:00, run_after=2021-01-01 00:00:00+00:00
[2025-10-14T09:10:01.659+0000] {processor.py:183} INFO - Processing /home/airflow/.local/lib/python3.8/site-packages/airflow/example_dags/example_xcom.py took 0.155 seconds
[2025-10-14T09:10:32.188+0000] {processor.py:161} INFO - Started process (PID=70672) to work on /home/airflow/.local/lib/python3.8/site-packages/airflow/example_dags/example_xcom.py
[2025-10-14T09:10:32.190+0000] {processor.py:830} INFO - Processing file /home/airflow/.local/lib/python3.8/site-packages/airflow/example_dags/example_xcom.py for tasks to queue
[2025-10-14T09:10:32.193+0000] {logging_mixin.py:188} INFO - [2025-10-14T09:10:32.192+0000] {dagbag.py:538} INFO - Filling up the DagBag from /home/airflow/.local/lib/python3.8/site-packages/airflow/example_dags/example_xcom.py
[2025-10-14T09:10:32.207+0000] {processor.py:840} INFO - DAG(s) 'example_xcom' retrieved from /home/airflow/.local/lib/python3.8/site-packages/airflow/example_dags/example_xcom.py
[2025-10-14T09:10:32.250+0000] {logging_mixin.py:188} INFO - [2025-10-14T09:10:32.250+0000] {dag.py:3036} INFO - Sync 1 DAGs
[2025-10-14T09:10:32.282+0000] {logging_mixin.py:188} INFO - [2025-10-14T09:10:32.281+0000] {dag.py:3823} INFO - Setting next_dagrun for example_xcom to 2021-01-01 00:00:00+00:00, run_after=2021-01-01 00:00:00+00:00
[2025-10-14T09:10:32.310+0000] {processor.py:183} INFO - Processing /home/airflow/.local/lib/python3.8/site-packages/airflow/example_dags/example_xcom.py took 0.127 seconds
[2025-10-14T09:11:03.185+0000] {processor.py:161} INFO - Started process (PID=70742) to work on /home/airflow/.local/lib/python3.8/site-packages/airflow/example_dags/example_xcom.py
[2025-10-14T09:11:03.187+0000] {processor.py:830} INFO - Processing file /home/airflow/.local/lib/python3.8/site-packages/airflow/example_dags/example_xcom.py for tasks to queue
[2025-10-14T09:11:03.189+0000] {logging_mixin.py:188} INFO - [2025-10-14T09:11:03.188+0000] {dagbag.py:538} INFO - Filling up the DagBag from /home/airflow/.local/lib/python3.8/site-packages/airflow/example_dags/example_xcom.py
[2025-10-14T09:11:03.201+0000] {processor.py:840} INFO - DAG(s) 'example_xcom' retrieved from /home/airflow/.local/lib/python3.8/site-packages/airflow/example_dags/example_xcom.py
[2025-10-14T09:11:03.240+0000] {logging_mixin.py:188} INFO - [2025-10-14T09:11:03.240+0000] {dag.py:3036} INFO - Sync 1 DAGs
[2025-10-14T09:11:03.271+0000] {logging_mixin.py:188} INFO - [2025-10-14T09:11:03.271+0000] {dag.py:3823} INFO - Setting next_dagrun for example_xcom to 2021-01-01 00:00:00+00:00, run_after=2021-01-01 00:00:00+00:00
[2025-10-14T09:11:03.316+0000] {processor.py:183} INFO - Processing /home/airflow/.local/lib/python3.8/site-packages/airflow/example_dags/example_xcom.py took 0.136 seconds
[2025-10-14T09:11:34.379+0000] {processor.py:161} INFO - Started process (PID=70812) to work on /home/airflow/.local/lib/python3.8/site-packages/airflow/example_dags/example_xcom.py
[2025-10-14T09:11:34.381+0000] {processor.py:830} INFO - Processing file /home/airflow/.local/lib/python3.8/site-packages/airflow/example_dags/example_xcom.py for tasks to queue
[2025-10-14T09:11:34.382+0000] {logging_mixin.py:188} INFO - [2025-10-14T09:11:34.382+0000] {dagbag.py:538} INFO - Filling up the DagBag from /home/airflow/.local/lib/python3.8/site-packages/airflow/example_dags/example_xcom.py
[2025-10-14T09:11:34.395+0000] {processor.py:840} INFO - DAG(s) 'example_xcom' retrieved from /home/airflow/.local/lib/python3.8/site-packages/airflow/example_dags/example_xcom.py
[2025-10-14T09:11:34.435+0000] {logging_mixin.py:188} INFO - [2025-10-14T09:11:34.434+0000] {dag.py:3036} INFO - Sync 1 DAGs
[2025-10-14T09:11:34.476+0000] {logging_mixin.py:188} INFO - [2025-10-14T09:11:34.475+0000] {dag.py:3823} INFO - Setting next_dagrun for example_xcom to 2021-01-01 00:00:00+00:00, run_after=2021-01-01 00:00:00+00:00
[2025-10-14T09:11:34.536+0000] {processor.py:183} INFO - Processing /home/airflow/.local/lib/python3.8/site-packages/airflow/example_dags/example_xcom.py took 0.162 seconds
[2025-10-14T09:12:07.115+0000] {processor.py:161} INFO - Started process (PID=70882) to work on /home/airflow/.local/lib/python3.8/site-packages/airflow/example_dags/example_xcom.py
[2025-10-14T09:12:07.117+0000] {processor.py:830} INFO - Processing file /home/airflow/.local/lib/python3.8/site-packages/airflow/example_dags/example_xcom.py for tasks to queue
[2025-10-14T09:12:07.119+0000] {logging_mixin.py:188} INFO - [2025-10-14T09:12:07.119+0000] {dagbag.py:538} INFO - Filling up the DagBag from /home/airflow/.local/lib/python3.8/site-packages/airflow/example_dags/example_xcom.py
[2025-10-14T09:12:07.137+0000] {processor.py:840} INFO - DAG(s) 'example_xcom' retrieved from /home/airflow/.local/lib/python3.8/site-packages/airflow/example_dags/example_xcom.py
[2025-10-14T09:12:07.189+0000] {logging_mixin.py:188} INFO - [2025-10-14T09:12:07.188+0000] {dag.py:3036} INFO - Sync 1 DAGs
[2025-10-14T09:12:07.234+0000] {logging_mixin.py:188} INFO - [2025-10-14T09:12:07.233+0000] {dag.py:3823} INFO - Setting next_dagrun for example_xcom to 2021-01-01 00:00:00+00:00, run_after=2021-01-01 00:00:00+00:00
[2025-10-14T09:12:07.287+0000] {processor.py:183} INFO - Processing /home/airflow/.local/lib/python3.8/site-packages/airflow/example_dags/example_xcom.py took 0.181 seconds
[2025-10-14T09:12:38.893+0000] {processor.py:161} INFO - Started process (PID=70952) to work on /home/airflow/.local/lib/python3.8/site-packages/airflow/example_dags/example_xcom.py
[2025-10-14T09:12:38.896+0000] {processor.py:830} INFO - Processing file /home/airflow/.local/lib/python3.8/site-packages/airflow/example_dags/example_xcom.py for tasks to queue
[2025-10-14T09:12:38.898+0000] {logging_mixin.py:188} INFO - [2025-10-14T09:12:38.897+0000] {dagbag.py:538} INFO - Filling up the DagBag from /home/airflow/.local/lib/python3.8/site-packages/airflow/example_dags/example_xcom.py
[2025-10-14T09:12:38.914+0000] {processor.py:840} INFO - DAG(s) 'example_xcom' retrieved from /home/airflow/.local/lib/python3.8/site-packages/airflow/example_dags/example_xcom.py
[2025-10-14T09:12:38.955+0000] {logging_mixin.py:188} INFO - [2025-10-14T09:12:38.955+0000] {dag.py:3036} INFO - Sync 1 DAGs
[2025-10-14T09:12:38.989+0000] {logging_mixin.py:188} INFO - [2025-10-14T09:12:38.988+0000] {dag.py:3823} INFO - Setting next_dagrun for example_xcom to 2021-01-01 00:00:00+00:00, run_after=2021-01-01 00:00:00+00:00
[2025-10-14T09:12:39.021+0000] {processor.py:183} INFO - Processing /home/airflow/.local/lib/python3.8/site-packages/airflow/example_dags/example_xcom.py took 0.134 seconds
[2025-10-14T09:13:10.799+0000] {processor.py:161} INFO - Started process (PID=71028) to work on /home/airflow/.local/lib/python3.8/site-packages/airflow/example_dags/example_xcom.py
[2025-10-14T09:13:10.801+0000] {processor.py:830} INFO - Processing file /home/airflow/.local/lib/python3.8/site-packages/airflow/example_dags/example_xcom.py for tasks to queue
[2025-10-14T09:13:10.803+0000] {logging_mixin.py:188} INFO - [2025-10-14T09:13:10.802+0000] {dagbag.py:538} INFO - Filling up the DagBag from /home/airflow/.local/lib/python3.8/site-packages/airflow/example_dags/example_xcom.py
[2025-10-14T09:13:10.818+0000] {processor.py:840} INFO - DAG(s) 'example_xcom' retrieved from /home/airflow/.local/lib/python3.8/site-packages/airflow/example_dags/example_xcom.py
[2025-10-14T09:13:10.862+0000] {logging_mixin.py:188} INFO - [2025-10-14T09:13:10.861+0000] {dag.py:3036} INFO - Sync 1 DAGs
[2025-10-14T09:13:10.900+0000] {logging_mixin.py:188} INFO - [2025-10-14T09:13:10.900+0000] {dag.py:3823} INFO - Setting next_dagrun for example_xcom to 2021-01-01 00:00:00+00:00, run_after=2021-01-01 00:00:00+00:00
[2025-10-14T09:13:10.972+0000] {processor.py:183} INFO - Processing /home/airflow/.local/lib/python3.8/site-packages/airflow/example_dags/example_xcom.py took 0.179 seconds
[2025-10-14T09:13:41.755+0000] {processor.py:161} INFO - Started process (PID=71098) to work on /home/airflow/.local/lib/python3.8/site-packages/airflow/example_dags/example_xcom.py
[2025-10-14T09:13:41.757+0000] {processor.py:830} INFO - Processing file /home/airflow/.local/lib/python3.8/site-packages/airflow/example_dags/example_xcom.py for tasks to queue
[2025-10-14T09:13:41.759+0000] {logging_mixin.py:188} INFO - [2025-10-14T09:13:41.758+0000] {dagbag.py:538} INFO - Filling up the DagBag from /home/airflow/.local/lib/python3.8/site-packages/airflow/example_dags/example_xcom.py
[2025-10-14T09:13:41.773+0000] {processor.py:840} INFO - DAG(s) 'example_xcom' retrieved from /home/airflow/.local/lib/python3.8/site-packages/airflow/example_dags/example_xcom.py
[2025-10-14T09:13:41.826+0000] {logging_mixin.py:188} INFO - [2025-10-14T09:13:41.825+0000] {dag.py:3036} INFO - Sync 1 DAGs
[2025-10-14T09:13:41.880+0000] {logging_mixin.py:188} INFO - [2025-10-14T09:13:41.880+0000] {dag.py:3823} INFO - Setting next_dagrun for example_xcom to 2021-01-01 00:00:00+00:00, run_after=2021-01-01 00:00:00+00:00
[2025-10-14T09:13:41.945+0000] {processor.py:183} INFO - Processing /home/airflow/.local/lib/python3.8/site-packages/airflow/example_dags/example_xcom.py took 0.196 seconds
[2025-10-14T09:14:12.999+0000] {processor.py:161} INFO - Started process (PID=71168) to work on /home/airflow/.local/lib/python3.8/site-packages/airflow/example_dags/example_xcom.py
[2025-10-14T09:14:13.001+0000] {processor.py:830} INFO - Processing file /home/airflow/.local/lib/python3.8/site-packages/airflow/example_dags/example_xcom.py for tasks to queue
[2025-10-14T09:14:13.003+0000] {logging_mixin.py:188} INFO - [2025-10-14T09:14:13.002+0000] {dagbag.py:538} INFO - Filling up the DagBag from /home/airflow/.local/lib/python3.8/site-packages/airflow/example_dags/example_xcom.py
[2025-10-14T09:14:13.015+0000] {processor.py:840} INFO - DAG(s) 'example_xcom' retrieved from /home/airflow/.local/lib/python3.8/site-packages/airflow/example_dags/example_xcom.py
[2025-10-14T09:14:13.058+0000] {logging_mixin.py:188} INFO - [2025-10-14T09:14:13.057+0000] {dag.py:3036} INFO - Sync 1 DAGs
[2025-10-14T09:14:13.093+0000] {logging_mixin.py:188} INFO - [2025-10-14T09:14:13.093+0000] {dag.py:3823} INFO - Setting next_dagrun for example_xcom to 2021-01-01 00:00:00+00:00, run_after=2021-01-01 00:00:00+00:00
[2025-10-14T09:14:13.130+0000] {processor.py:183} INFO - Processing /home/airflow/.local/lib/python3.8/site-packages/airflow/example_dags/example_xcom.py took 0.136 seconds
[2025-10-14T09:14:44.541+0000] {processor.py:161} INFO - Started process (PID=71238) to work on /home/airflow/.local/lib/python3.8/site-packages/airflow/example_dags/example_xcom.py
[2025-10-14T09:14:44.544+0000] {processor.py:830} INFO - Processing file /home/airflow/.local/lib/python3.8/site-packages/airflow/example_dags/example_xcom.py for tasks to queue
[2025-10-14T09:14:44.546+0000] {logging_mixin.py:188} INFO - [2025-10-14T09:14:44.546+0000] {dagbag.py:538} INFO - Filling up the DagBag from /home/airflow/.local/lib/python3.8/site-packages/airflow/example_dags/example_xcom.py
[2025-10-14T09:14:44.568+0000] {processor.py:840} INFO - DAG(s) 'example_xcom' retrieved from /home/airflow/.local/lib/python3.8/site-packages/airflow/example_dags/example_xcom.py
[2025-10-14T09:14:44.629+0000] {logging_mixin.py:188} INFO - [2025-10-14T09:14:44.629+0000] {dag.py:3036} INFO - Sync 1 DAGs
[2025-10-14T09:14:44.678+0000] {logging_mixin.py:188} INFO - [2025-10-14T09:14:44.677+0000] {dag.py:3823} INFO - Setting next_dagrun for example_xcom to 2021-01-01 00:00:00+00:00, run_after=2021-01-01 00:00:00+00:00
[2025-10-14T09:14:44.713+0000] {processor.py:183} INFO - Processing /home/airflow/.local/lib/python3.8/site-packages/airflow/example_dags/example_xcom.py took 0.180 seconds
[2025-10-14T09:15:15.490+0000] {processor.py:161} INFO - Started process (PID=71308) to work on /home/airflow/.local/lib/python3.8/site-packages/airflow/example_dags/example_xcom.py
[2025-10-14T09:15:15.492+0000] {processor.py:830} INFO - Processing file /home/airflow/.local/lib/python3.8/site-packages/airflow/example_dags/example_xcom.py for tasks to queue
[2025-10-14T09:15:15.494+0000] {logging_mixin.py:188} INFO - [2025-10-14T09:15:15.493+0000] {dagbag.py:538} INFO - Filling up the DagBag from /home/airflow/.local/lib/python3.8/site-packages/airflow/example_dags/example_xcom.py
[2025-10-14T09:15:15.507+0000] {processor.py:840} INFO - DAG(s) 'example_xcom' retrieved from /home/airflow/.local/lib/python3.8/site-packages/airflow/example_dags/example_xcom.py
[2025-10-14T09:15:15.549+0000] {logging_mixin.py:188} INFO - [2025-10-14T09:15:15.548+0000] {dag.py:3036} INFO - Sync 1 DAGs
[2025-10-14T09:15:15.581+0000] {logging_mixin.py:188} INFO - [2025-10-14T09:15:15.580+0000] {dag.py:3823} INFO - Setting next_dagrun for example_xcom to 2021-01-01 00:00:00+00:00, run_after=2021-01-01 00:00:00+00:00
[2025-10-14T09:15:15.609+0000] {processor.py:183} INFO - Processing /home/airflow/.local/lib/python3.8/site-packages/airflow/example_dags/example_xcom.py took 0.125 seconds
[2025-10-14T09:15:47.327+0000] {processor.py:161} INFO - Started process (PID=71378) to work on /home/airflow/.local/lib/python3.8/site-packages/airflow/example_dags/example_xcom.py
[2025-10-14T09:15:47.329+0000] {processor.py:830} INFO - Processing file /home/airflow/.local/lib/python3.8/site-packages/airflow/example_dags/example_xcom.py for tasks to queue
[2025-10-14T09:15:47.331+0000] {logging_mixin.py:188} INFO - [2025-10-14T09:15:47.330+0000] {dagbag.py:538} INFO - Filling up the DagBag from /home/airflow/.local/lib/python3.8/site-packages/airflow/example_dags/example_xcom.py
[2025-10-14T09:15:47.345+0000] {processor.py:840} INFO - DAG(s) 'example_xcom' retrieved from /home/airflow/.local/lib/python3.8/site-packages/airflow/example_dags/example_xcom.py
[2025-10-14T09:15:47.385+0000] {logging_mixin.py:188} INFO - [2025-10-14T09:15:47.384+0000] {dag.py:3036} INFO - Sync 1 DAGs
[2025-10-14T09:15:47.427+0000] {logging_mixin.py:188} INFO - [2025-10-14T09:15:47.427+0000] {dag.py:3823} INFO - Setting next_dagrun for example_xcom to 2021-01-01 00:00:00+00:00, run_after=2021-01-01 00:00:00+00:00
[2025-10-14T09:15:47.468+0000] {processor.py:183} INFO - Processing /home/airflow/.local/lib/python3.8/site-packages/airflow/example_dags/example_xcom.py took 0.147 seconds
[2025-10-14T09:16:18.101+0000] {processor.py:161} INFO - Started process (PID=71448) to work on /home/airflow/.local/lib/python3.8/site-packages/airflow/example_dags/example_xcom.py
[2025-10-14T09:16:18.103+0000] {processor.py:830} INFO - Processing file /home/airflow/.local/lib/python3.8/site-packages/airflow/example_dags/example_xcom.py for tasks to queue
[2025-10-14T09:16:18.106+0000] {logging_mixin.py:188} INFO - [2025-10-14T09:16:18.105+0000] {dagbag.py:538} INFO - Filling up the DagBag from /home/airflow/.local/lib/python3.8/site-packages/airflow/example_dags/example_xcom.py
[2025-10-14T09:16:18.120+0000] {processor.py:840} INFO - DAG(s) 'example_xcom' retrieved from /home/airflow/.local/lib/python3.8/site-packages/airflow/example_dags/example_xcom.py
[2025-10-14T09:16:18.155+0000] {logging_mixin.py:188} INFO - [2025-10-14T09:16:18.155+0000] {dag.py:3036} INFO - Sync 1 DAGs
[2025-10-14T09:16:18.185+0000] {logging_mixin.py:188} INFO - [2025-10-14T09:16:18.185+0000] {dag.py:3823} INFO - Setting next_dagrun for example_xcom to 2021-01-01 00:00:00+00:00, run_after=2021-01-01 00:00:00+00:00
[2025-10-14T09:16:18.213+0000] {processor.py:183} INFO - Processing /home/airflow/.local/lib/python3.8/site-packages/airflow/example_dags/example_xcom.py took 0.119 seconds
[2025-10-14T09:16:50.816+0000] {processor.py:161} INFO - Started process (PID=71518) to work on /home/airflow/.local/lib/python3.8/site-packages/airflow/example_dags/example_xcom.py
[2025-10-14T09:16:50.818+0000] {processor.py:830} INFO - Processing file /home/airflow/.local/lib/python3.8/site-packages/airflow/example_dags/example_xcom.py for tasks to queue
[2025-10-14T09:16:50.821+0000] {logging_mixin.py:188} INFO - [2025-10-14T09:16:50.820+0000] {dagbag.py:538} INFO - Filling up the DagBag from /home/airflow/.local/lib/python3.8/site-packages/airflow/example_dags/example_xcom.py
[2025-10-14T09:16:50.841+0000] {processor.py:840} INFO - DAG(s) 'example_xcom' retrieved from /home/airflow/.local/lib/python3.8/site-packages/airflow/example_dags/example_xcom.py
[2025-10-14T09:16:50.957+0000] {logging_mixin.py:188} INFO - [2025-10-14T09:16:50.957+0000] {dag.py:3036} INFO - Sync 1 DAGs
[2025-10-14T09:16:51.020+0000] {logging_mixin.py:188} INFO - [2025-10-14T09:16:51.020+0000] {dag.py:3823} INFO - Setting next_dagrun for example_xcom to 2021-01-01 00:00:00+00:00, run_after=2021-01-01 00:00:00+00:00
[2025-10-14T09:16:51.050+0000] {processor.py:183} INFO - Processing /home/airflow/.local/lib/python3.8/site-packages/airflow/example_dags/example_xcom.py took 0.242 seconds
[2025-10-14T09:17:22.109+0000] {processor.py:161} INFO - Started process (PID=71588) to work on /home/airflow/.local/lib/python3.8/site-packages/airflow/example_dags/example_xcom.py
[2025-10-14T09:17:22.111+0000] {processor.py:830} INFO - Processing file /home/airflow/.local/lib/python3.8/site-packages/airflow/example_dags/example_xcom.py for tasks to queue
[2025-10-14T09:17:22.113+0000] {logging_mixin.py:188} INFO - [2025-10-14T09:17:22.113+0000] {dagbag.py:538} INFO - Filling up the DagBag from /home/airflow/.local/lib/python3.8/site-packages/airflow/example_dags/example_xcom.py
[2025-10-14T09:17:22.129+0000] {processor.py:840} INFO - DAG(s) 'example_xcom' retrieved from /home/airflow/.local/lib/python3.8/site-packages/airflow/example_dags/example_xcom.py
[2025-10-14T09:17:22.174+0000] {logging_mixin.py:188} INFO - [2025-10-14T09:17:22.174+0000] {dag.py:3036} INFO - Sync 1 DAGs
[2025-10-14T09:17:22.388+0000] {logging_mixin.py:188} INFO - [2025-10-14T09:17:22.388+0000] {dag.py:3823} INFO - Setting next_dagrun for example_xcom to 2021-01-01 00:00:00+00:00, run_after=2021-01-01 00:00:00+00:00
[2025-10-14T09:17:22.419+0000] {processor.py:183} INFO - Processing /home/airflow/.local/lib/python3.8/site-packages/airflow/example_dags/example_xcom.py took 0.318 seconds
[2025-10-14T09:17:53.166+0000] {processor.py:161} INFO - Started process (PID=71658) to work on /home/airflow/.local/lib/python3.8/site-packages/airflow/example_dags/example_xcom.py
[2025-10-14T09:17:53.167+0000] {processor.py:830} INFO - Processing file /home/airflow/.local/lib/python3.8/site-packages/airflow/example_dags/example_xcom.py for tasks to queue
[2025-10-14T09:17:53.169+0000] {logging_mixin.py:188} INFO - [2025-10-14T09:17:53.169+0000] {dagbag.py:538} INFO - Filling up the DagBag from /home/airflow/.local/lib/python3.8/site-packages/airflow/example_dags/example_xcom.py
[2025-10-14T09:17:53.183+0000] {processor.py:840} INFO - DAG(s) 'example_xcom' retrieved from /home/airflow/.local/lib/python3.8/site-packages/airflow/example_dags/example_xcom.py
[2025-10-14T09:17:53.227+0000] {logging_mixin.py:188} INFO - [2025-10-14T09:17:53.227+0000] {dag.py:3036} INFO - Sync 1 DAGs
[2025-10-14T09:17:53.435+0000] {logging_mixin.py:188} INFO - [2025-10-14T09:17:53.434+0000] {dag.py:3823} INFO - Setting next_dagrun for example_xcom to 2021-01-01 00:00:00+00:00, run_after=2021-01-01 00:00:00+00:00
[2025-10-14T09:17:53.463+0000] {processor.py:183} INFO - Processing /home/airflow/.local/lib/python3.8/site-packages/airflow/example_dags/example_xcom.py took 0.303 seconds
[2025-10-14T09:18:25.197+0000] {processor.py:161} INFO - Started process (PID=71728) to work on /home/airflow/.local/lib/python3.8/site-packages/airflow/example_dags/example_xcom.py
[2025-10-14T09:18:25.199+0000] {processor.py:830} INFO - Processing file /home/airflow/.local/lib/python3.8/site-packages/airflow/example_dags/example_xcom.py for tasks to queue
[2025-10-14T09:18:25.201+0000] {logging_mixin.py:188} INFO - [2025-10-14T09:18:25.200+0000] {dagbag.py:538} INFO - Filling up the DagBag from /home/airflow/.local/lib/python3.8/site-packages/airflow/example_dags/example_xcom.py
[2025-10-14T09:18:25.218+0000] {processor.py:840} INFO - DAG(s) 'example_xcom' retrieved from /home/airflow/.local/lib/python3.8/site-packages/airflow/example_dags/example_xcom.py
[2025-10-14T09:18:25.441+0000] {logging_mixin.py:188} INFO - [2025-10-14T09:18:25.440+0000] {dag.py:3036} INFO - Sync 1 DAGs
[2025-10-14T09:18:25.474+0000] {logging_mixin.py:188} INFO - [2025-10-14T09:18:25.474+0000] {dag.py:3823} INFO - Setting next_dagrun for example_xcom to 2021-01-01 00:00:00+00:00, run_after=2021-01-01 00:00:00+00:00
[2025-10-14T09:18:25.504+0000] {processor.py:183} INFO - Processing /home/airflow/.local/lib/python3.8/site-packages/airflow/example_dags/example_xcom.py took 0.313 seconds
[2025-10-14T09:18:56.017+0000] {processor.py:161} INFO - Started process (PID=71798) to work on /home/airflow/.local/lib/python3.8/site-packages/airflow/example_dags/example_xcom.py
[2025-10-14T09:18:56.019+0000] {processor.py:830} INFO - Processing file /home/airflow/.local/lib/python3.8/site-packages/airflow/example_dags/example_xcom.py for tasks to queue
[2025-10-14T09:18:56.021+0000] {logging_mixin.py:188} INFO - [2025-10-14T09:18:56.021+0000] {dagbag.py:538} INFO - Filling up the DagBag from /home/airflow/.local/lib/python3.8/site-packages/airflow/example_dags/example_xcom.py
[2025-10-14T09:18:56.033+0000] {processor.py:840} INFO - DAG(s) 'example_xcom' retrieved from /home/airflow/.local/lib/python3.8/site-packages/airflow/example_dags/example_xcom.py
[2025-10-14T09:18:56.261+0000] {logging_mixin.py:188} INFO - [2025-10-14T09:18:56.261+0000] {dag.py:3036} INFO - Sync 1 DAGs
[2025-10-14T09:18:56.294+0000] {logging_mixin.py:188} INFO - [2025-10-14T09:18:56.294+0000] {dag.py:3823} INFO - Setting next_dagrun for example_xcom to 2021-01-01 00:00:00+00:00, run_after=2021-01-01 00:00:00+00:00
[2025-10-14T09:18:56.333+0000] {processor.py:183} INFO - Processing /home/airflow/.local/lib/python3.8/site-packages/airflow/example_dags/example_xcom.py took 0.321 seconds
[2025-10-14T09:19:27.475+0000] {processor.py:161} INFO - Started process (PID=71868) to work on /home/airflow/.local/lib/python3.8/site-packages/airflow/example_dags/example_xcom.py
[2025-10-14T09:19:27.477+0000] {processor.py:830} INFO - Processing file /home/airflow/.local/lib/python3.8/site-packages/airflow/example_dags/example_xcom.py for tasks to queue
[2025-10-14T09:19:27.479+0000] {logging_mixin.py:188} INFO - [2025-10-14T09:19:27.478+0000] {dagbag.py:538} INFO - Filling up the DagBag from /home/airflow/.local/lib/python3.8/site-packages/airflow/example_dags/example_xcom.py
[2025-10-14T09:19:27.491+0000] {processor.py:840} INFO - DAG(s) 'example_xcom' retrieved from /home/airflow/.local/lib/python3.8/site-packages/airflow/example_dags/example_xcom.py
[2025-10-14T09:19:27.531+0000] {logging_mixin.py:188} INFO - [2025-10-14T09:19:27.531+0000] {dag.py:3036} INFO - Sync 1 DAGs
[2025-10-14T09:19:27.566+0000] {logging_mixin.py:188} INFO - [2025-10-14T09:19:27.566+0000] {dag.py:3823} INFO - Setting next_dagrun for example_xcom to 2021-01-01 00:00:00+00:00, run_after=2021-01-01 00:00:00+00:00
[2025-10-14T09:19:27.595+0000] {processor.py:183} INFO - Processing /home/airflow/.local/lib/python3.8/site-packages/airflow/example_dags/example_xcom.py took 0.124 seconds
[2025-10-14T09:19:58.104+0000] {processor.py:161} INFO - Started process (PID=71938) to work on /home/airflow/.local/lib/python3.8/site-packages/airflow/example_dags/example_xcom.py
[2025-10-14T09:19:58.106+0000] {processor.py:830} INFO - Processing file /home/airflow/.local/lib/python3.8/site-packages/airflow/example_dags/example_xcom.py for tasks to queue
[2025-10-14T09:19:58.107+0000] {logging_mixin.py:188} INFO - [2025-10-14T09:19:58.107+0000] {dagbag.py:538} INFO - Filling up the DagBag from /home/airflow/.local/lib/python3.8/site-packages/airflow/example_dags/example_xcom.py
[2025-10-14T09:19:58.120+0000] {processor.py:840} INFO - DAG(s) 'example_xcom' retrieved from /home/airflow/.local/lib/python3.8/site-packages/airflow/example_dags/example_xcom.py
[2025-10-14T09:19:58.156+0000] {logging_mixin.py:188} INFO - [2025-10-14T09:19:58.155+0000] {dag.py:3036} INFO - Sync 1 DAGs
[2025-10-14T09:19:58.185+0000] {logging_mixin.py:188} INFO - [2025-10-14T09:19:58.184+0000] {dag.py:3823} INFO - Setting next_dagrun for example_xcom to 2021-01-01 00:00:00+00:00, run_after=2021-01-01 00:00:00+00:00
[2025-10-14T09:19:58.241+0000] {processor.py:183} INFO - Processing /home/airflow/.local/lib/python3.8/site-packages/airflow/example_dags/example_xcom.py took 0.141 seconds
[2025-10-14T09:20:29.036+0000] {processor.py:161} INFO - Started process (PID=72008) to work on /home/airflow/.local/lib/python3.8/site-packages/airflow/example_dags/example_xcom.py
[2025-10-14T09:20:29.037+0000] {processor.py:830} INFO - Processing file /home/airflow/.local/lib/python3.8/site-packages/airflow/example_dags/example_xcom.py for tasks to queue
[2025-10-14T09:20:29.039+0000] {logging_mixin.py:188} INFO - [2025-10-14T09:20:29.038+0000] {dagbag.py:538} INFO - Filling up the DagBag from /home/airflow/.local/lib/python3.8/site-packages/airflow/example_dags/example_xcom.py
[2025-10-14T09:20:29.050+0000] {processor.py:840} INFO - DAG(s) 'example_xcom' retrieved from /home/airflow/.local/lib/python3.8/site-packages/airflow/example_dags/example_xcom.py
[2025-10-14T09:20:29.093+0000] {logging_mixin.py:188} INFO - [2025-10-14T09:20:29.093+0000] {dag.py:3036} INFO - Sync 1 DAGs
[2025-10-14T09:20:29.128+0000] {logging_mixin.py:188} INFO - [2025-10-14T09:20:29.128+0000] {dag.py:3823} INFO - Setting next_dagrun for example_xcom to 2021-01-01 00:00:00+00:00, run_after=2021-01-01 00:00:00+00:00
[2025-10-14T09:20:29.177+0000] {processor.py:183} INFO - Processing /home/airflow/.local/lib/python3.8/site-packages/airflow/example_dags/example_xcom.py took 0.147 seconds
[2025-10-14T09:21:00.074+0000] {processor.py:161} INFO - Started process (PID=72078) to work on /home/airflow/.local/lib/python3.8/site-packages/airflow/example_dags/example_xcom.py
[2025-10-14T09:21:00.076+0000] {processor.py:830} INFO - Processing file /home/airflow/.local/lib/python3.8/site-packages/airflow/example_dags/example_xcom.py for tasks to queue
[2025-10-14T09:21:00.077+0000] {logging_mixin.py:188} INFO - [2025-10-14T09:21:00.077+0000] {dagbag.py:538} INFO - Filling up the DagBag from /home/airflow/.local/lib/python3.8/site-packages/airflow/example_dags/example_xcom.py
[2025-10-14T09:21:00.088+0000] {processor.py:840} INFO - DAG(s) 'example_xcom' retrieved from /home/airflow/.local/lib/python3.8/site-packages/airflow/example_dags/example_xcom.py
[2025-10-14T09:21:00.123+0000] {logging_mixin.py:188} INFO - [2025-10-14T09:21:00.123+0000] {dag.py:3036} INFO - Sync 1 DAGs
[2025-10-14T09:21:00.153+0000] {logging_mixin.py:188} INFO - [2025-10-14T09:21:00.153+0000] {dag.py:3823} INFO - Setting next_dagrun for example_xcom to 2021-01-01 00:00:00+00:00, run_after=2021-01-01 00:00:00+00:00
[2025-10-14T09:21:00.199+0000] {processor.py:183} INFO - Processing /home/airflow/.local/lib/python3.8/site-packages/airflow/example_dags/example_xcom.py took 0.129 seconds
[2025-10-14T09:21:31.861+0000] {processor.py:161} INFO - Started process (PID=72148) to work on /home/airflow/.local/lib/python3.8/site-packages/airflow/example_dags/example_xcom.py
[2025-10-14T09:21:31.863+0000] {processor.py:830} INFO - Processing file /home/airflow/.local/lib/python3.8/site-packages/airflow/example_dags/example_xcom.py for tasks to queue
[2025-10-14T09:21:31.865+0000] {logging_mixin.py:188} INFO - [2025-10-14T09:21:31.864+0000] {dagbag.py:538} INFO - Filling up the DagBag from /home/airflow/.local/lib/python3.8/site-packages/airflow/example_dags/example_xcom.py
[2025-10-14T09:21:31.877+0000] {processor.py:840} INFO - DAG(s) 'example_xcom' retrieved from /home/airflow/.local/lib/python3.8/site-packages/airflow/example_dags/example_xcom.py
[2025-10-14T09:21:31.916+0000] {logging_mixin.py:188} INFO - [2025-10-14T09:21:31.916+0000] {dag.py:3036} INFO - Sync 1 DAGs
[2025-10-14T09:21:31.957+0000] {logging_mixin.py:188} INFO - [2025-10-14T09:21:31.956+0000] {dag.py:3823} INFO - Setting next_dagrun for example_xcom to 2021-01-01 00:00:00+00:00, run_after=2021-01-01 00:00:00+00:00
[2025-10-14T09:21:31.987+0000] {processor.py:183} INFO - Processing /home/airflow/.local/lib/python3.8/site-packages/airflow/example_dags/example_xcom.py took 0.130 seconds
[2025-10-14T09:22:02.788+0000] {processor.py:161} INFO - Started process (PID=72218) to work on /home/airflow/.local/lib/python3.8/site-packages/airflow/example_dags/example_xcom.py
[2025-10-14T09:22:02.790+0000] {processor.py:830} INFO - Processing file /home/airflow/.local/lib/python3.8/site-packages/airflow/example_dags/example_xcom.py for tasks to queue
[2025-10-14T09:22:02.793+0000] {logging_mixin.py:188} INFO - [2025-10-14T09:22:02.792+0000] {dagbag.py:538} INFO - Filling up the DagBag from /home/airflow/.local/lib/python3.8/site-packages/airflow/example_dags/example_xcom.py
[2025-10-14T09:22:02.807+0000] {processor.py:840} INFO - DAG(s) 'example_xcom' retrieved from /home/airflow/.local/lib/python3.8/site-packages/airflow/example_dags/example_xcom.py
[2025-10-14T09:22:02.845+0000] {logging_mixin.py:188} INFO - [2025-10-14T09:22:02.845+0000] {dag.py:3036} INFO - Sync 1 DAGs
[2025-10-14T09:22:02.876+0000] {logging_mixin.py:188} INFO - [2025-10-14T09:22:02.875+0000] {dag.py:3823} INFO - Setting next_dagrun for example_xcom to 2021-01-01 00:00:00+00:00, run_after=2021-01-01 00:00:00+00:00
[2025-10-14T09:22:02.910+0000] {processor.py:183} INFO - Processing /home/airflow/.local/lib/python3.8/site-packages/airflow/example_dags/example_xcom.py took 0.128 seconds
[2025-10-14T09:22:33.244+0000] {processor.py:161} INFO - Started process (PID=72287) to work on /home/airflow/.local/lib/python3.8/site-packages/airflow/example_dags/example_xcom.py
[2025-10-14T09:22:33.246+0000] {processor.py:830} INFO - Processing file /home/airflow/.local/lib/python3.8/site-packages/airflow/example_dags/example_xcom.py for tasks to queue
[2025-10-14T09:22:33.248+0000] {logging_mixin.py:188} INFO - [2025-10-14T09:22:33.248+0000] {dagbag.py:538} INFO - Filling up the DagBag from /home/airflow/.local/lib/python3.8/site-packages/airflow/example_dags/example_xcom.py
[2025-10-14T09:22:33.269+0000] {processor.py:840} INFO - DAG(s) 'example_xcom' retrieved from /home/airflow/.local/lib/python3.8/site-packages/airflow/example_dags/example_xcom.py
[2025-10-14T09:22:33.311+0000] {logging_mixin.py:188} INFO - [2025-10-14T09:22:33.311+0000] {dag.py:3036} INFO - Sync 1 DAGs
[2025-10-14T09:22:33.347+0000] {logging_mixin.py:188} INFO - [2025-10-14T09:22:33.346+0000] {dag.py:3823} INFO - Setting next_dagrun for example_xcom to 2021-01-01 00:00:00+00:00, run_after=2021-01-01 00:00:00+00:00
[2025-10-14T09:22:33.421+0000] {processor.py:183} INFO - Processing /home/airflow/.local/lib/python3.8/site-packages/airflow/example_dags/example_xcom.py took 0.182 seconds
[2025-10-14T09:23:03.903+0000] {processor.py:161} INFO - Started process (PID=72357) to work on /home/airflow/.local/lib/python3.8/site-packages/airflow/example_dags/example_xcom.py
[2025-10-14T09:23:03.904+0000] {processor.py:830} INFO - Processing file /home/airflow/.local/lib/python3.8/site-packages/airflow/example_dags/example_xcom.py for tasks to queue
[2025-10-14T09:23:03.906+0000] {logging_mixin.py:188} INFO - [2025-10-14T09:23:03.906+0000] {dagbag.py:538} INFO - Filling up the DagBag from /home/airflow/.local/lib/python3.8/site-packages/airflow/example_dags/example_xcom.py
[2025-10-14T09:23:03.917+0000] {processor.py:840} INFO - DAG(s) 'example_xcom' retrieved from /home/airflow/.local/lib/python3.8/site-packages/airflow/example_dags/example_xcom.py
[2025-10-14T09:23:03.953+0000] {logging_mixin.py:188} INFO - [2025-10-14T09:23:03.953+0000] {dag.py:3036} INFO - Sync 1 DAGs
[2025-10-14T09:23:03.983+0000] {logging_mixin.py:188} INFO - [2025-10-14T09:23:03.983+0000] {dag.py:3823} INFO - Setting next_dagrun for example_xcom to 2021-01-01 00:00:00+00:00, run_after=2021-01-01 00:00:00+00:00
[2025-10-14T09:23:04.029+0000] {processor.py:183} INFO - Processing /home/airflow/.local/lib/python3.8/site-packages/airflow/example_dags/example_xcom.py took 0.132 seconds
[2025-10-14T09:23:35.679+0000] {processor.py:161} INFO - Started process (PID=72427) to work on /home/airflow/.local/lib/python3.8/site-packages/airflow/example_dags/example_xcom.py
[2025-10-14T09:23:35.681+0000] {processor.py:830} INFO - Processing file /home/airflow/.local/lib/python3.8/site-packages/airflow/example_dags/example_xcom.py for tasks to queue
[2025-10-14T09:23:35.683+0000] {logging_mixin.py:188} INFO - [2025-10-14T09:23:35.683+0000] {dagbag.py:538} INFO - Filling up the DagBag from /home/airflow/.local/lib/python3.8/site-packages/airflow/example_dags/example_xcom.py
[2025-10-14T09:23:35.695+0000] {processor.py:840} INFO - DAG(s) 'example_xcom' retrieved from /home/airflow/.local/lib/python3.8/site-packages/airflow/example_dags/example_xcom.py
[2025-10-14T09:23:35.733+0000] {logging_mixin.py:188} INFO - [2025-10-14T09:23:35.733+0000] {dag.py:3036} INFO - Sync 1 DAGs
[2025-10-14T09:23:35.766+0000] {logging_mixin.py:188} INFO - [2025-10-14T09:23:35.765+0000] {dag.py:3823} INFO - Setting next_dagrun for example_xcom to 2021-01-01 00:00:00+00:00, run_after=2021-01-01 00:00:00+00:00
[2025-10-14T09:23:35.797+0000] {processor.py:183} INFO - Processing /home/airflow/.local/lib/python3.8/site-packages/airflow/example_dags/example_xcom.py took 0.122 seconds
[2025-10-14T09:24:06.073+0000] {processor.py:161} INFO - Started process (PID=72497) to work on /home/airflow/.local/lib/python3.8/site-packages/airflow/example_dags/example_xcom.py
[2025-10-14T09:24:06.076+0000] {processor.py:830} INFO - Processing file /home/airflow/.local/lib/python3.8/site-packages/airflow/example_dags/example_xcom.py for tasks to queue
[2025-10-14T09:24:06.078+0000] {logging_mixin.py:188} INFO - [2025-10-14T09:24:06.078+0000] {dagbag.py:538} INFO - Filling up the DagBag from /home/airflow/.local/lib/python3.8/site-packages/airflow/example_dags/example_xcom.py
[2025-10-14T09:24:06.096+0000] {processor.py:840} INFO - DAG(s) 'example_xcom' retrieved from /home/airflow/.local/lib/python3.8/site-packages/airflow/example_dags/example_xcom.py
[2025-10-14T09:24:06.137+0000] {logging_mixin.py:188} INFO - [2025-10-14T09:24:06.136+0000] {dag.py:3036} INFO - Sync 1 DAGs
[2025-10-14T09:24:06.167+0000] {logging_mixin.py:188} INFO - [2025-10-14T09:24:06.167+0000] {dag.py:3823} INFO - Setting next_dagrun for example_xcom to 2021-01-01 00:00:00+00:00, run_after=2021-01-01 00:00:00+00:00
[2025-10-14T09:24:06.199+0000] {processor.py:183} INFO - Processing /home/airflow/.local/lib/python3.8/site-packages/airflow/example_dags/example_xcom.py took 0.132 seconds
[2025-10-14T09:24:36.766+0000] {processor.py:161} INFO - Started process (PID=72567) to work on /home/airflow/.local/lib/python3.8/site-packages/airflow/example_dags/example_xcom.py
[2025-10-14T09:24:36.768+0000] {processor.py:830} INFO - Processing file /home/airflow/.local/lib/python3.8/site-packages/airflow/example_dags/example_xcom.py for tasks to queue
[2025-10-14T09:24:36.769+0000] {logging_mixin.py:188} INFO - [2025-10-14T09:24:36.769+0000] {dagbag.py:538} INFO - Filling up the DagBag from /home/airflow/.local/lib/python3.8/site-packages/airflow/example_dags/example_xcom.py
[2025-10-14T09:24:36.781+0000] {processor.py:840} INFO - DAG(s) 'example_xcom' retrieved from /home/airflow/.local/lib/python3.8/site-packages/airflow/example_dags/example_xcom.py
[2025-10-14T09:24:36.819+0000] {logging_mixin.py:188} INFO - [2025-10-14T09:24:36.819+0000] {dag.py:3036} INFO - Sync 1 DAGs
[2025-10-14T09:24:36.850+0000] {logging_mixin.py:188} INFO - [2025-10-14T09:24:36.850+0000] {dag.py:3823} INFO - Setting next_dagrun for example_xcom to 2021-01-01 00:00:00+00:00, run_after=2021-01-01 00:00:00+00:00
[2025-10-14T09:24:36.920+0000] {processor.py:183} INFO - Processing /home/airflow/.local/lib/python3.8/site-packages/airflow/example_dags/example_xcom.py took 0.158 seconds
[2025-10-14T09:25:07.796+0000] {processor.py:161} INFO - Started process (PID=72637) to work on /home/airflow/.local/lib/python3.8/site-packages/airflow/example_dags/example_xcom.py
[2025-10-14T09:25:07.797+0000] {processor.py:830} INFO - Processing file /home/airflow/.local/lib/python3.8/site-packages/airflow/example_dags/example_xcom.py for tasks to queue
[2025-10-14T09:25:07.799+0000] {logging_mixin.py:188} INFO - [2025-10-14T09:25:07.798+0000] {dagbag.py:538} INFO - Filling up the DagBag from /home/airflow/.local/lib/python3.8/site-packages/airflow/example_dags/example_xcom.py
[2025-10-14T09:25:07.811+0000] {processor.py:840} INFO - DAG(s) 'example_xcom' retrieved from /home/airflow/.local/lib/python3.8/site-packages/airflow/example_dags/example_xcom.py
[2025-10-14T09:25:07.857+0000] {logging_mixin.py:188} INFO - [2025-10-14T09:25:07.857+0000] {dag.py:3036} INFO - Sync 1 DAGs
[2025-10-14T09:25:07.901+0000] {logging_mixin.py:188} INFO - [2025-10-14T09:25:07.900+0000] {dag.py:3823} INFO - Setting next_dagrun for example_xcom to 2021-01-01 00:00:00+00:00, run_after=2021-01-01 00:00:00+00:00
[2025-10-14T09:25:07.942+0000] {processor.py:183} INFO - Processing /home/airflow/.local/lib/python3.8/site-packages/airflow/example_dags/example_xcom.py took 0.152 seconds
[2025-10-14T09:25:39.057+0000] {processor.py:161} INFO - Started process (PID=72706) to work on /home/airflow/.local/lib/python3.8/site-packages/airflow/example_dags/example_xcom.py
[2025-10-14T09:25:39.059+0000] {processor.py:830} INFO - Processing file /home/airflow/.local/lib/python3.8/site-packages/airflow/example_dags/example_xcom.py for tasks to queue
[2025-10-14T09:25:39.061+0000] {logging_mixin.py:188} INFO - [2025-10-14T09:25:39.060+0000] {dagbag.py:538} INFO - Filling up the DagBag from /home/airflow/.local/lib/python3.8/site-packages/airflow/example_dags/example_xcom.py
[2025-10-14T09:25:39.073+0000] {processor.py:840} INFO - DAG(s) 'example_xcom' retrieved from /home/airflow/.local/lib/python3.8/site-packages/airflow/example_dags/example_xcom.py
[2025-10-14T09:25:39.112+0000] {logging_mixin.py:188} INFO - [2025-10-14T09:25:39.111+0000] {dag.py:3036} INFO - Sync 1 DAGs
[2025-10-14T09:25:39.141+0000] {logging_mixin.py:188} INFO - [2025-10-14T09:25:39.141+0000] {dag.py:3823} INFO - Setting next_dagrun for example_xcom to 2021-01-01 00:00:00+00:00, run_after=2021-01-01 00:00:00+00:00
[2025-10-14T09:25:39.185+0000] {processor.py:183} INFO - Processing /home/airflow/.local/lib/python3.8/site-packages/airflow/example_dags/example_xcom.py took 0.133 seconds
[2025-10-14T09:26:09.755+0000] {processor.py:161} INFO - Started process (PID=72776) to work on /home/airflow/.local/lib/python3.8/site-packages/airflow/example_dags/example_xcom.py
[2025-10-14T09:26:09.756+0000] {processor.py:830} INFO - Processing file /home/airflow/.local/lib/python3.8/site-packages/airflow/example_dags/example_xcom.py for tasks to queue
[2025-10-14T09:26:09.758+0000] {logging_mixin.py:188} INFO - [2025-10-14T09:26:09.757+0000] {dagbag.py:538} INFO - Filling up the DagBag from /home/airflow/.local/lib/python3.8/site-packages/airflow/example_dags/example_xcom.py
[2025-10-14T09:26:09.768+0000] {processor.py:840} INFO - DAG(s) 'example_xcom' retrieved from /home/airflow/.local/lib/python3.8/site-packages/airflow/example_dags/example_xcom.py
[2025-10-14T09:26:09.804+0000] {logging_mixin.py:188} INFO - [2025-10-14T09:26:09.803+0000] {dag.py:3036} INFO - Sync 1 DAGs
[2025-10-14T09:26:09.831+0000] {logging_mixin.py:188} INFO - [2025-10-14T09:26:09.831+0000] {dag.py:3823} INFO - Setting next_dagrun for example_xcom to 2021-01-01 00:00:00+00:00, run_after=2021-01-01 00:00:00+00:00
[2025-10-14T09:26:09.858+0000] {processor.py:183} INFO - Processing /home/airflow/.local/lib/python3.8/site-packages/airflow/example_dags/example_xcom.py took 0.107 seconds
[2025-10-14T09:26:41.847+0000] {processor.py:161} INFO - Started process (PID=72846) to work on /home/airflow/.local/lib/python3.8/site-packages/airflow/example_dags/example_xcom.py
[2025-10-14T09:26:41.848+0000] {processor.py:830} INFO - Processing file /home/airflow/.local/lib/python3.8/site-packages/airflow/example_dags/example_xcom.py for tasks to queue
[2025-10-14T09:26:41.850+0000] {logging_mixin.py:188} INFO - [2025-10-14T09:26:41.850+0000] {dagbag.py:538} INFO - Filling up the DagBag from /home/airflow/.local/lib/python3.8/site-packages/airflow/example_dags/example_xcom.py
[2025-10-14T09:26:41.861+0000] {processor.py:840} INFO - DAG(s) 'example_xcom' retrieved from /home/airflow/.local/lib/python3.8/site-packages/airflow/example_dags/example_xcom.py
[2025-10-14T09:26:41.899+0000] {logging_mixin.py:188} INFO - [2025-10-14T09:26:41.898+0000] {dag.py:3036} INFO - Sync 1 DAGs
[2025-10-14T09:26:41.927+0000] {logging_mixin.py:188} INFO - [2025-10-14T09:26:41.926+0000] {dag.py:3823} INFO - Setting next_dagrun for example_xcom to 2021-01-01 00:00:00+00:00, run_after=2021-01-01 00:00:00+00:00
[2025-10-14T09:26:41.974+0000] {processor.py:183} INFO - Processing /home/airflow/.local/lib/python3.8/site-packages/airflow/example_dags/example_xcom.py took 0.131 seconds
[2025-10-14T09:27:13.373+0000] {processor.py:161} INFO - Started process (PID=72922) to work on /home/airflow/.local/lib/python3.8/site-packages/airflow/example_dags/example_xcom.py
[2025-10-14T09:27:13.375+0000] {processor.py:830} INFO - Processing file /home/airflow/.local/lib/python3.8/site-packages/airflow/example_dags/example_xcom.py for tasks to queue
[2025-10-14T09:27:13.377+0000] {logging_mixin.py:188} INFO - [2025-10-14T09:27:13.376+0000] {dagbag.py:538} INFO - Filling up the DagBag from /home/airflow/.local/lib/python3.8/site-packages/airflow/example_dags/example_xcom.py
[2025-10-14T09:27:13.388+0000] {processor.py:840} INFO - DAG(s) 'example_xcom' retrieved from /home/airflow/.local/lib/python3.8/site-packages/airflow/example_dags/example_xcom.py
[2025-10-14T09:27:13.433+0000] {logging_mixin.py:188} INFO - [2025-10-14T09:27:13.432+0000] {dag.py:3036} INFO - Sync 1 DAGs
[2025-10-14T09:27:13.479+0000] {logging_mixin.py:188} INFO - [2025-10-14T09:27:13.479+0000] {dag.py:3823} INFO - Setting next_dagrun for example_xcom to 2021-01-01 00:00:00+00:00, run_after=2021-01-01 00:00:00+00:00
[2025-10-14T09:27:13.513+0000] {processor.py:183} INFO - Processing /home/airflow/.local/lib/python3.8/site-packages/airflow/example_dags/example_xcom.py took 0.145 seconds
[2025-10-14T09:27:44.699+0000] {processor.py:161} INFO - Started process (PID=72992) to work on /home/airflow/.local/lib/python3.8/site-packages/airflow/example_dags/example_xcom.py
[2025-10-14T09:27:44.701+0000] {processor.py:830} INFO - Processing file /home/airflow/.local/lib/python3.8/site-packages/airflow/example_dags/example_xcom.py for tasks to queue
[2025-10-14T09:27:44.703+0000] {logging_mixin.py:188} INFO - [2025-10-14T09:27:44.703+0000] {dagbag.py:538} INFO - Filling up the DagBag from /home/airflow/.local/lib/python3.8/site-packages/airflow/example_dags/example_xcom.py
[2025-10-14T09:27:44.716+0000] {processor.py:840} INFO - DAG(s) 'example_xcom' retrieved from /home/airflow/.local/lib/python3.8/site-packages/airflow/example_dags/example_xcom.py
[2025-10-14T09:27:44.760+0000] {logging_mixin.py:188} INFO - [2025-10-14T09:27:44.760+0000] {dag.py:3036} INFO - Sync 1 DAGs
[2025-10-14T09:27:44.795+0000] {logging_mixin.py:188} INFO - [2025-10-14T09:27:44.795+0000] {dag.py:3823} INFO - Setting next_dagrun for example_xcom to 2021-01-01 00:00:00+00:00, run_after=2021-01-01 00:00:00+00:00
[2025-10-14T09:27:44.848+0000] {processor.py:183} INFO - Processing /home/airflow/.local/lib/python3.8/site-packages/airflow/example_dags/example_xcom.py took 0.156 seconds
[2025-10-14T09:28:16.182+0000] {processor.py:161} INFO - Started process (PID=73061) to work on /home/airflow/.local/lib/python3.8/site-packages/airflow/example_dags/example_xcom.py
[2025-10-14T09:28:16.184+0000] {processor.py:830} INFO - Processing file /home/airflow/.local/lib/python3.8/site-packages/airflow/example_dags/example_xcom.py for tasks to queue
[2025-10-14T09:28:16.186+0000] {logging_mixin.py:188} INFO - [2025-10-14T09:28:16.185+0000] {dagbag.py:538} INFO - Filling up the DagBag from /home/airflow/.local/lib/python3.8/site-packages/airflow/example_dags/example_xcom.py
[2025-10-14T09:28:16.197+0000] {processor.py:840} INFO - DAG(s) 'example_xcom' retrieved from /home/airflow/.local/lib/python3.8/site-packages/airflow/example_dags/example_xcom.py
[2025-10-14T09:28:16.235+0000] {logging_mixin.py:188} INFO - [2025-10-14T09:28:16.234+0000] {dag.py:3036} INFO - Sync 1 DAGs
[2025-10-14T09:28:16.268+0000] {logging_mixin.py:188} INFO - [2025-10-14T09:28:16.267+0000] {dag.py:3823} INFO - Setting next_dagrun for example_xcom to 2021-01-01 00:00:00+00:00, run_after=2021-01-01 00:00:00+00:00
[2025-10-14T09:28:16.301+0000] {processor.py:183} INFO - Processing /home/airflow/.local/lib/python3.8/site-packages/airflow/example_dags/example_xcom.py took 0.124 seconds
[2025-10-14T09:28:47.602+0000] {processor.py:161} INFO - Started process (PID=73131) to work on /home/airflow/.local/lib/python3.8/site-packages/airflow/example_dags/example_xcom.py
[2025-10-14T09:28:47.603+0000] {processor.py:830} INFO - Processing file /home/airflow/.local/lib/python3.8/site-packages/airflow/example_dags/example_xcom.py for tasks to queue
[2025-10-14T09:28:47.605+0000] {logging_mixin.py:188} INFO - [2025-10-14T09:28:47.604+0000] {dagbag.py:538} INFO - Filling up the DagBag from /home/airflow/.local/lib/python3.8/site-packages/airflow/example_dags/example_xcom.py
[2025-10-14T09:28:47.617+0000] {processor.py:840} INFO - DAG(s) 'example_xcom' retrieved from /home/airflow/.local/lib/python3.8/site-packages/airflow/example_dags/example_xcom.py
[2025-10-14T09:28:47.654+0000] {logging_mixin.py:188} INFO - [2025-10-14T09:28:47.653+0000] {dag.py:3036} INFO - Sync 1 DAGs
[2025-10-14T09:28:47.684+0000] {logging_mixin.py:188} INFO - [2025-10-14T09:28:47.684+0000] {dag.py:3823} INFO - Setting next_dagrun for example_xcom to 2021-01-01 00:00:00+00:00, run_after=2021-01-01 00:00:00+00:00
[2025-10-14T09:28:47.712+0000] {processor.py:183} INFO - Processing /home/airflow/.local/lib/python3.8/site-packages/airflow/example_dags/example_xcom.py took 0.115 seconds
[2025-10-14T09:29:18.303+0000] {processor.py:161} INFO - Started process (PID=73201) to work on /home/airflow/.local/lib/python3.8/site-packages/airflow/example_dags/example_xcom.py
[2025-10-14T09:29:18.306+0000] {processor.py:830} INFO - Processing file /home/airflow/.local/lib/python3.8/site-packages/airflow/example_dags/example_xcom.py for tasks to queue
[2025-10-14T09:29:18.308+0000] {logging_mixin.py:188} INFO - [2025-10-14T09:29:18.307+0000] {dagbag.py:538} INFO - Filling up the DagBag from /home/airflow/.local/lib/python3.8/site-packages/airflow/example_dags/example_xcom.py
[2025-10-14T09:29:18.319+0000] {processor.py:840} INFO - DAG(s) 'example_xcom' retrieved from /home/airflow/.local/lib/python3.8/site-packages/airflow/example_dags/example_xcom.py
[2025-10-14T09:29:18.357+0000] {logging_mixin.py:188} INFO - [2025-10-14T09:29:18.357+0000] {dag.py:3036} INFO - Sync 1 DAGs
[2025-10-14T09:29:18.387+0000] {logging_mixin.py:188} INFO - [2025-10-14T09:29:18.387+0000] {dag.py:3823} INFO - Setting next_dagrun for example_xcom to 2021-01-01 00:00:00+00:00, run_after=2021-01-01 00:00:00+00:00
[2025-10-14T09:29:18.450+0000] {processor.py:183} INFO - Processing /home/airflow/.local/lib/python3.8/site-packages/airflow/example_dags/example_xcom.py took 0.152 seconds
[2025-10-14T09:29:49.823+0000] {processor.py:161} INFO - Started process (PID=73271) to work on /home/airflow/.local/lib/python3.8/site-packages/airflow/example_dags/example_xcom.py
[2025-10-14T09:29:49.826+0000] {processor.py:830} INFO - Processing file /home/airflow/.local/lib/python3.8/site-packages/airflow/example_dags/example_xcom.py for tasks to queue
[2025-10-14T09:29:49.827+0000] {logging_mixin.py:188} INFO - [2025-10-14T09:29:49.827+0000] {dagbag.py:538} INFO - Filling up the DagBag from /home/airflow/.local/lib/python3.8/site-packages/airflow/example_dags/example_xcom.py
[2025-10-14T09:29:49.840+0000] {processor.py:840} INFO - DAG(s) 'example_xcom' retrieved from /home/airflow/.local/lib/python3.8/site-packages/airflow/example_dags/example_xcom.py
[2025-10-14T09:29:49.878+0000] {logging_mixin.py:188} INFO - [2025-10-14T09:29:49.878+0000] {dag.py:3036} INFO - Sync 1 DAGs
[2025-10-14T09:29:49.908+0000] {logging_mixin.py:188} INFO - [2025-10-14T09:29:49.908+0000] {dag.py:3823} INFO - Setting next_dagrun for example_xcom to 2021-01-01 00:00:00+00:00, run_after=2021-01-01 00:00:00+00:00
[2025-10-14T09:29:49.958+0000] {processor.py:183} INFO - Processing /home/airflow/.local/lib/python3.8/site-packages/airflow/example_dags/example_xcom.py took 0.141 seconds
[2025-10-14T09:30:21.109+0000] {processor.py:161} INFO - Started process (PID=73341) to work on /home/airflow/.local/lib/python3.8/site-packages/airflow/example_dags/example_xcom.py
[2025-10-14T09:30:21.110+0000] {processor.py:830} INFO - Processing file /home/airflow/.local/lib/python3.8/site-packages/airflow/example_dags/example_xcom.py for tasks to queue
[2025-10-14T09:30:21.111+0000] {logging_mixin.py:188} INFO - [2025-10-14T09:30:21.111+0000] {dagbag.py:538} INFO - Filling up the DagBag from /home/airflow/.local/lib/python3.8/site-packages/airflow/example_dags/example_xcom.py
[2025-10-14T09:30:21.125+0000] {processor.py:840} INFO - DAG(s) 'example_xcom' retrieved from /home/airflow/.local/lib/python3.8/site-packages/airflow/example_dags/example_xcom.py
[2025-10-14T09:30:21.161+0000] {logging_mixin.py:188} INFO - [2025-10-14T09:30:21.160+0000] {dag.py:3036} INFO - Sync 1 DAGs
[2025-10-14T09:30:21.189+0000] {logging_mixin.py:188} INFO - [2025-10-14T09:30:21.189+0000] {dag.py:3823} INFO - Setting next_dagrun for example_xcom to 2021-01-01 00:00:00+00:00, run_after=2021-01-01 00:00:00+00:00
[2025-10-14T09:30:21.238+0000] {processor.py:183} INFO - Processing /home/airflow/.local/lib/python3.8/site-packages/airflow/example_dags/example_xcom.py took 0.134 seconds
[2025-10-14T09:30:51.792+0000] {processor.py:161} INFO - Started process (PID=73411) to work on /home/airflow/.local/lib/python3.8/site-packages/airflow/example_dags/example_xcom.py
[2025-10-14T09:30:51.793+0000] {processor.py:830} INFO - Processing file /home/airflow/.local/lib/python3.8/site-packages/airflow/example_dags/example_xcom.py for tasks to queue
[2025-10-14T09:30:51.795+0000] {logging_mixin.py:188} INFO - [2025-10-14T09:30:51.794+0000] {dagbag.py:538} INFO - Filling up the DagBag from /home/airflow/.local/lib/python3.8/site-packages/airflow/example_dags/example_xcom.py
[2025-10-14T09:30:51.829+0000] {processor.py:840} INFO - DAG(s) 'example_xcom' retrieved from /home/airflow/.local/lib/python3.8/site-packages/airflow/example_dags/example_xcom.py
[2025-10-14T09:30:51.898+0000] {logging_mixin.py:188} INFO - [2025-10-14T09:30:51.898+0000] {dag.py:3036} INFO - Sync 1 DAGs
[2025-10-14T09:30:51.931+0000] {logging_mixin.py:188} INFO - [2025-10-14T09:30:51.931+0000] {dag.py:3823} INFO - Setting next_dagrun for example_xcom to 2021-01-01 00:00:00+00:00, run_after=2021-01-01 00:00:00+00:00
[2025-10-14T09:30:51.959+0000] {processor.py:183} INFO - Processing /home/airflow/.local/lib/python3.8/site-packages/airflow/example_dags/example_xcom.py took 0.172 seconds
[2025-10-14T09:31:23.320+0000] {processor.py:161} INFO - Started process (PID=73481) to work on /home/airflow/.local/lib/python3.8/site-packages/airflow/example_dags/example_xcom.py
[2025-10-14T09:31:23.322+0000] {processor.py:830} INFO - Processing file /home/airflow/.local/lib/python3.8/site-packages/airflow/example_dags/example_xcom.py for tasks to queue
[2025-10-14T09:31:23.324+0000] {logging_mixin.py:188} INFO - [2025-10-14T09:31:23.324+0000] {dagbag.py:538} INFO - Filling up the DagBag from /home/airflow/.local/lib/python3.8/site-packages/airflow/example_dags/example_xcom.py
[2025-10-14T09:31:23.339+0000] {processor.py:840} INFO - DAG(s) 'example_xcom' retrieved from /home/airflow/.local/lib/python3.8/site-packages/airflow/example_dags/example_xcom.py
[2025-10-14T09:31:23.377+0000] {logging_mixin.py:188} INFO - [2025-10-14T09:31:23.377+0000] {dag.py:3036} INFO - Sync 1 DAGs
[2025-10-14T09:31:23.410+0000] {logging_mixin.py:188} INFO - [2025-10-14T09:31:23.409+0000] {dag.py:3823} INFO - Setting next_dagrun for example_xcom to 2021-01-01 00:00:00+00:00, run_after=2021-01-01 00:00:00+00:00
[2025-10-14T09:31:23.439+0000] {processor.py:183} INFO - Processing /home/airflow/.local/lib/python3.8/site-packages/airflow/example_dags/example_xcom.py took 0.125 seconds
[2025-10-14T09:31:55.209+0000] {processor.py:161} INFO - Started process (PID=73551) to work on /home/airflow/.local/lib/python3.8/site-packages/airflow/example_dags/example_xcom.py
[2025-10-14T09:31:55.211+0000] {processor.py:830} INFO - Processing file /home/airflow/.local/lib/python3.8/site-packages/airflow/example_dags/example_xcom.py for tasks to queue
[2025-10-14T09:31:55.212+0000] {logging_mixin.py:188} INFO - [2025-10-14T09:31:55.212+0000] {dagbag.py:538} INFO - Filling up the DagBag from /home/airflow/.local/lib/python3.8/site-packages/airflow/example_dags/example_xcom.py
[2025-10-14T09:31:55.223+0000] {processor.py:840} INFO - DAG(s) 'example_xcom' retrieved from /home/airflow/.local/lib/python3.8/site-packages/airflow/example_dags/example_xcom.py
[2025-10-14T09:31:55.258+0000] {logging_mixin.py:188} INFO - [2025-10-14T09:31:55.257+0000] {dag.py:3036} INFO - Sync 1 DAGs
[2025-10-14T09:31:55.287+0000] {logging_mixin.py:188} INFO - [2025-10-14T09:31:55.286+0000] {dag.py:3823} INFO - Setting next_dagrun for example_xcom to 2021-01-01 00:00:00+00:00, run_after=2021-01-01 00:00:00+00:00
[2025-10-14T09:31:55.338+0000] {processor.py:183} INFO - Processing /home/airflow/.local/lib/python3.8/site-packages/airflow/example_dags/example_xcom.py took 0.134 seconds
[2025-10-14T09:32:26.843+0000] {processor.py:161} INFO - Started process (PID=73621) to work on /home/airflow/.local/lib/python3.8/site-packages/airflow/example_dags/example_xcom.py
[2025-10-14T09:32:26.846+0000] {processor.py:830} INFO - Processing file /home/airflow/.local/lib/python3.8/site-packages/airflow/example_dags/example_xcom.py for tasks to queue
[2025-10-14T09:32:26.848+0000] {logging_mixin.py:188} INFO - [2025-10-14T09:32:26.847+0000] {dagbag.py:538} INFO - Filling up the DagBag from /home/airflow/.local/lib/python3.8/site-packages/airflow/example_dags/example_xcom.py
[2025-10-14T09:32:26.860+0000] {processor.py:840} INFO - DAG(s) 'example_xcom' retrieved from /home/airflow/.local/lib/python3.8/site-packages/airflow/example_dags/example_xcom.py
[2025-10-14T09:32:26.896+0000] {logging_mixin.py:188} INFO - [2025-10-14T09:32:26.896+0000] {dag.py:3036} INFO - Sync 1 DAGs
[2025-10-14T09:32:26.925+0000] {logging_mixin.py:188} INFO - [2025-10-14T09:32:26.925+0000] {dag.py:3823} INFO - Setting next_dagrun for example_xcom to 2021-01-01 00:00:00+00:00, run_after=2021-01-01 00:00:00+00:00
[2025-10-14T09:32:26.973+0000] {processor.py:183} INFO - Processing /home/airflow/.local/lib/python3.8/site-packages/airflow/example_dags/example_xcom.py took 0.139 seconds
[2025-10-14T09:32:58.199+0000] {processor.py:161} INFO - Started process (PID=73691) to work on /home/airflow/.local/lib/python3.8/site-packages/airflow/example_dags/example_xcom.py
[2025-10-14T09:32:58.202+0000] {processor.py:830} INFO - Processing file /home/airflow/.local/lib/python3.8/site-packages/airflow/example_dags/example_xcom.py for tasks to queue
[2025-10-14T09:32:58.204+0000] {logging_mixin.py:188} INFO - [2025-10-14T09:32:58.204+0000] {dagbag.py:538} INFO - Filling up the DagBag from /home/airflow/.local/lib/python3.8/site-packages/airflow/example_dags/example_xcom.py
[2025-10-14T09:32:58.222+0000] {processor.py:840} INFO - DAG(s) 'example_xcom' retrieved from /home/airflow/.local/lib/python3.8/site-packages/airflow/example_dags/example_xcom.py
[2025-10-14T09:32:58.268+0000] {logging_mixin.py:188} INFO - [2025-10-14T09:32:58.268+0000] {dag.py:3036} INFO - Sync 1 DAGs
[2025-10-14T09:32:58.298+0000] {logging_mixin.py:188} INFO - [2025-10-14T09:32:58.297+0000] {dag.py:3823} INFO - Setting next_dagrun for example_xcom to 2021-01-01 00:00:00+00:00, run_after=2021-01-01 00:00:00+00:00
[2025-10-14T09:32:58.350+0000] {processor.py:183} INFO - Processing /home/airflow/.local/lib/python3.8/site-packages/airflow/example_dags/example_xcom.py took 0.159 seconds
[2025-10-14T09:33:30.003+0000] {processor.py:161} INFO - Started process (PID=73761) to work on /home/airflow/.local/lib/python3.8/site-packages/airflow/example_dags/example_xcom.py
[2025-10-14T09:33:30.006+0000] {processor.py:830} INFO - Processing file /home/airflow/.local/lib/python3.8/site-packages/airflow/example_dags/example_xcom.py for tasks to queue
[2025-10-14T09:33:30.008+0000] {logging_mixin.py:188} INFO - [2025-10-14T09:33:30.008+0000] {dagbag.py:538} INFO - Filling up the DagBag from /home/airflow/.local/lib/python3.8/site-packages/airflow/example_dags/example_xcom.py
[2025-10-14T09:33:30.023+0000] {processor.py:840} INFO - DAG(s) 'example_xcom' retrieved from /home/airflow/.local/lib/python3.8/site-packages/airflow/example_dags/example_xcom.py
[2025-10-14T09:33:30.061+0000] {logging_mixin.py:188} INFO - [2025-10-14T09:33:30.061+0000] {dag.py:3036} INFO - Sync 1 DAGs
[2025-10-14T09:33:30.091+0000] {logging_mixin.py:188} INFO - [2025-10-14T09:33:30.090+0000] {dag.py:3823} INFO - Setting next_dagrun for example_xcom to 2021-01-01 00:00:00+00:00, run_after=2021-01-01 00:00:00+00:00
[2025-10-14T09:33:30.136+0000] {processor.py:183} INFO - Processing /home/airflow/.local/lib/python3.8/site-packages/airflow/example_dags/example_xcom.py took 0.139 seconds
[2025-10-14T09:34:00.708+0000] {processor.py:161} INFO - Started process (PID=73832) to work on /home/airflow/.local/lib/python3.8/site-packages/airflow/example_dags/example_xcom.py
[2025-10-14T09:34:00.711+0000] {processor.py:830} INFO - Processing file /home/airflow/.local/lib/python3.8/site-packages/airflow/example_dags/example_xcom.py for tasks to queue
[2025-10-14T09:34:00.712+0000] {logging_mixin.py:188} INFO - [2025-10-14T09:34:00.712+0000] {dagbag.py:538} INFO - Filling up the DagBag from /home/airflow/.local/lib/python3.8/site-packages/airflow/example_dags/example_xcom.py
[2025-10-14T09:34:00.725+0000] {processor.py:840} INFO - DAG(s) 'example_xcom' retrieved from /home/airflow/.local/lib/python3.8/site-packages/airflow/example_dags/example_xcom.py
[2025-10-14T09:34:00.768+0000] {logging_mixin.py:188} INFO - [2025-10-14T09:34:00.767+0000] {dag.py:3036} INFO - Sync 1 DAGs
[2025-10-14T09:34:00.800+0000] {logging_mixin.py:188} INFO - [2025-10-14T09:34:00.800+0000] {dag.py:3823} INFO - Setting next_dagrun for example_xcom to 2021-01-01 00:00:00+00:00, run_after=2021-01-01 00:00:00+00:00
[2025-10-14T09:34:00.848+0000] {processor.py:183} INFO - Processing /home/airflow/.local/lib/python3.8/site-packages/airflow/example_dags/example_xcom.py took 0.145 seconds
[2025-10-14T09:34:31.742+0000] {processor.py:161} INFO - Started process (PID=73902) to work on /home/airflow/.local/lib/python3.8/site-packages/airflow/example_dags/example_xcom.py
[2025-10-14T09:34:31.744+0000] {processor.py:830} INFO - Processing file /home/airflow/.local/lib/python3.8/site-packages/airflow/example_dags/example_xcom.py for tasks to queue
[2025-10-14T09:34:31.745+0000] {logging_mixin.py:188} INFO - [2025-10-14T09:34:31.745+0000] {dagbag.py:538} INFO - Filling up the DagBag from /home/airflow/.local/lib/python3.8/site-packages/airflow/example_dags/example_xcom.py
[2025-10-14T09:34:31.759+0000] {processor.py:840} INFO - DAG(s) 'example_xcom' retrieved from /home/airflow/.local/lib/python3.8/site-packages/airflow/example_dags/example_xcom.py
[2025-10-14T09:34:31.799+0000] {logging_mixin.py:188} INFO - [2025-10-14T09:34:31.799+0000] {dag.py:3036} INFO - Sync 1 DAGs
[2025-10-14T09:34:31.843+0000] {logging_mixin.py:188} INFO - [2025-10-14T09:34:31.842+0000] {dag.py:3823} INFO - Setting next_dagrun for example_xcom to 2021-01-01 00:00:00+00:00, run_after=2021-01-01 00:00:00+00:00
[2025-10-14T09:34:31.896+0000] {processor.py:183} INFO - Processing /home/airflow/.local/lib/python3.8/site-packages/airflow/example_dags/example_xcom.py took 0.160 seconds
[2025-10-14T09:35:02.559+0000] {processor.py:161} INFO - Started process (PID=73972) to work on /home/airflow/.local/lib/python3.8/site-packages/airflow/example_dags/example_xcom.py
[2025-10-14T09:35:02.561+0000] {processor.py:830} INFO - Processing file /home/airflow/.local/lib/python3.8/site-packages/airflow/example_dags/example_xcom.py for tasks to queue
[2025-10-14T09:35:02.562+0000] {logging_mixin.py:188} INFO - [2025-10-14T09:35:02.562+0000] {dagbag.py:538} INFO - Filling up the DagBag from /home/airflow/.local/lib/python3.8/site-packages/airflow/example_dags/example_xcom.py
[2025-10-14T09:35:02.574+0000] {processor.py:840} INFO - DAG(s) 'example_xcom' retrieved from /home/airflow/.local/lib/python3.8/site-packages/airflow/example_dags/example_xcom.py
[2025-10-14T09:35:02.609+0000] {logging_mixin.py:188} INFO - [2025-10-14T09:35:02.608+0000] {dag.py:3036} INFO - Sync 1 DAGs
[2025-10-14T09:35:02.639+0000] {logging_mixin.py:188} INFO - [2025-10-14T09:35:02.639+0000] {dag.py:3823} INFO - Setting next_dagrun for example_xcom to 2021-01-01 00:00:00+00:00, run_after=2021-01-01 00:00:00+00:00
[2025-10-14T09:35:02.698+0000] {processor.py:183} INFO - Processing /home/airflow/.local/lib/python3.8/site-packages/airflow/example_dags/example_xcom.py took 0.143 seconds
[2025-10-14T09:35:33.737+0000] {processor.py:161} INFO - Started process (PID=74042) to work on /home/airflow/.local/lib/python3.8/site-packages/airflow/example_dags/example_xcom.py
[2025-10-14T09:35:33.739+0000] {processor.py:830} INFO - Processing file /home/airflow/.local/lib/python3.8/site-packages/airflow/example_dags/example_xcom.py for tasks to queue
[2025-10-14T09:35:33.741+0000] {logging_mixin.py:188} INFO - [2025-10-14T09:35:33.741+0000] {dagbag.py:538} INFO - Filling up the DagBag from /home/airflow/.local/lib/python3.8/site-packages/airflow/example_dags/example_xcom.py
[2025-10-14T09:35:33.755+0000] {processor.py:840} INFO - DAG(s) 'example_xcom' retrieved from /home/airflow/.local/lib/python3.8/site-packages/airflow/example_dags/example_xcom.py
[2025-10-14T09:35:33.800+0000] {logging_mixin.py:188} INFO - [2025-10-14T09:35:33.800+0000] {dag.py:3036} INFO - Sync 1 DAGs
[2025-10-14T09:35:33.845+0000] {logging_mixin.py:188} INFO - [2025-10-14T09:35:33.844+0000] {dag.py:3823} INFO - Setting next_dagrun for example_xcom to 2021-01-01 00:00:00+00:00, run_after=2021-01-01 00:00:00+00:00
[2025-10-14T09:35:33.873+0000] {processor.py:183} INFO - Processing /home/airflow/.local/lib/python3.8/site-packages/airflow/example_dags/example_xcom.py took 0.142 seconds
[2025-10-14T09:36:04.662+0000] {processor.py:161} INFO - Started process (PID=74112) to work on /home/airflow/.local/lib/python3.8/site-packages/airflow/example_dags/example_xcom.py
[2025-10-14T09:36:04.664+0000] {processor.py:830} INFO - Processing file /home/airflow/.local/lib/python3.8/site-packages/airflow/example_dags/example_xcom.py for tasks to queue
[2025-10-14T09:36:04.665+0000] {logging_mixin.py:188} INFO - [2025-10-14T09:36:04.665+0000] {dagbag.py:538} INFO - Filling up the DagBag from /home/airflow/.local/lib/python3.8/site-packages/airflow/example_dags/example_xcom.py
[2025-10-14T09:36:04.677+0000] {processor.py:840} INFO - DAG(s) 'example_xcom' retrieved from /home/airflow/.local/lib/python3.8/site-packages/airflow/example_dags/example_xcom.py
[2025-10-14T09:36:04.714+0000] {logging_mixin.py:188} INFO - [2025-10-14T09:36:04.714+0000] {dag.py:3036} INFO - Sync 1 DAGs
[2025-10-14T09:36:04.745+0000] {logging_mixin.py:188} INFO - [2025-10-14T09:36:04.745+0000] {dag.py:3823} INFO - Setting next_dagrun for example_xcom to 2021-01-01 00:00:00+00:00, run_after=2021-01-01 00:00:00+00:00
[2025-10-14T09:36:04.774+0000] {processor.py:183} INFO - Processing /home/airflow/.local/lib/python3.8/site-packages/airflow/example_dags/example_xcom.py took 0.117 seconds
[2025-10-14T09:36:35.668+0000] {processor.py:161} INFO - Started process (PID=74182) to work on /home/airflow/.local/lib/python3.8/site-packages/airflow/example_dags/example_xcom.py
[2025-10-14T09:36:35.671+0000] {processor.py:830} INFO - Processing file /home/airflow/.local/lib/python3.8/site-packages/airflow/example_dags/example_xcom.py for tasks to queue
[2025-10-14T09:36:35.673+0000] {logging_mixin.py:188} INFO - [2025-10-14T09:36:35.673+0000] {dagbag.py:538} INFO - Filling up the DagBag from /home/airflow/.local/lib/python3.8/site-packages/airflow/example_dags/example_xcom.py
[2025-10-14T09:36:35.686+0000] {processor.py:840} INFO - DAG(s) 'example_xcom' retrieved from /home/airflow/.local/lib/python3.8/site-packages/airflow/example_dags/example_xcom.py
[2025-10-14T09:36:35.723+0000] {logging_mixin.py:188} INFO - [2025-10-14T09:36:35.722+0000] {dag.py:3036} INFO - Sync 1 DAGs
[2025-10-14T09:36:35.752+0000] {logging_mixin.py:188} INFO - [2025-10-14T09:36:35.751+0000] {dag.py:3823} INFO - Setting next_dagrun for example_xcom to 2021-01-01 00:00:00+00:00, run_after=2021-01-01 00:00:00+00:00
[2025-10-14T09:36:35.799+0000] {processor.py:183} INFO - Processing /home/airflow/.local/lib/python3.8/site-packages/airflow/example_dags/example_xcom.py took 0.140 seconds
[2025-10-14T09:37:06.555+0000] {processor.py:161} INFO - Started process (PID=74252) to work on /home/airflow/.local/lib/python3.8/site-packages/airflow/example_dags/example_xcom.py
[2025-10-14T09:37:06.558+0000] {processor.py:830} INFO - Processing file /home/airflow/.local/lib/python3.8/site-packages/airflow/example_dags/example_xcom.py for tasks to queue
[2025-10-14T09:37:06.559+0000] {logging_mixin.py:188} INFO - [2025-10-14T09:37:06.559+0000] {dagbag.py:538} INFO - Filling up the DagBag from /home/airflow/.local/lib/python3.8/site-packages/airflow/example_dags/example_xcom.py
[2025-10-14T09:37:06.570+0000] {processor.py:840} INFO - DAG(s) 'example_xcom' retrieved from /home/airflow/.local/lib/python3.8/site-packages/airflow/example_dags/example_xcom.py
[2025-10-14T09:37:06.606+0000] {logging_mixin.py:188} INFO - [2025-10-14T09:37:06.606+0000] {dag.py:3036} INFO - Sync 1 DAGs
[2025-10-14T09:37:06.636+0000] {logging_mixin.py:188} INFO - [2025-10-14T09:37:06.636+0000] {dag.py:3823} INFO - Setting next_dagrun for example_xcom to 2021-01-01 00:00:00+00:00, run_after=2021-01-01 00:00:00+00:00
[2025-10-14T09:37:06.682+0000] {processor.py:183} INFO - Processing /home/airflow/.local/lib/python3.8/site-packages/airflow/example_dags/example_xcom.py took 0.131 seconds
[2025-10-14T09:37:37.666+0000] {processor.py:161} INFO - Started process (PID=74323) to work on /home/airflow/.local/lib/python3.8/site-packages/airflow/example_dags/example_xcom.py
[2025-10-14T09:37:37.668+0000] {processor.py:830} INFO - Processing file /home/airflow/.local/lib/python3.8/site-packages/airflow/example_dags/example_xcom.py for tasks to queue
[2025-10-14T09:37:37.669+0000] {logging_mixin.py:188} INFO - [2025-10-14T09:37:37.669+0000] {dagbag.py:538} INFO - Filling up the DagBag from /home/airflow/.local/lib/python3.8/site-packages/airflow/example_dags/example_xcom.py
[2025-10-14T09:37:37.680+0000] {processor.py:840} INFO - DAG(s) 'example_xcom' retrieved from /home/airflow/.local/lib/python3.8/site-packages/airflow/example_dags/example_xcom.py
[2025-10-14T09:37:37.716+0000] {logging_mixin.py:188} INFO - [2025-10-14T09:37:37.716+0000] {dag.py:3036} INFO - Sync 1 DAGs
[2025-10-14T09:37:37.745+0000] {logging_mixin.py:188} INFO - [2025-10-14T09:37:37.745+0000] {dag.py:3823} INFO - Setting next_dagrun for example_xcom to 2021-01-01 00:00:00+00:00, run_after=2021-01-01 00:00:00+00:00
[2025-10-14T09:37:37.789+0000] {processor.py:183} INFO - Processing /home/airflow/.local/lib/python3.8/site-packages/airflow/example_dags/example_xcom.py took 0.127 seconds
[2025-10-14T09:38:09.024+0000] {processor.py:161} INFO - Started process (PID=74393) to work on /home/airflow/.local/lib/python3.8/site-packages/airflow/example_dags/example_xcom.py
[2025-10-14T09:38:09.025+0000] {processor.py:830} INFO - Processing file /home/airflow/.local/lib/python3.8/site-packages/airflow/example_dags/example_xcom.py for tasks to queue
[2025-10-14T09:38:09.027+0000] {logging_mixin.py:188} INFO - [2025-10-14T09:38:09.026+0000] {dagbag.py:538} INFO - Filling up the DagBag from /home/airflow/.local/lib/python3.8/site-packages/airflow/example_dags/example_xcom.py
[2025-10-14T09:38:09.038+0000] {processor.py:840} INFO - DAG(s) 'example_xcom' retrieved from /home/airflow/.local/lib/python3.8/site-packages/airflow/example_dags/example_xcom.py
[2025-10-14T09:38:09.085+0000] {logging_mixin.py:188} INFO - [2025-10-14T09:38:09.085+0000] {dag.py:3036} INFO - Sync 1 DAGs
[2025-10-14T09:38:09.119+0000] {logging_mixin.py:188} INFO - [2025-10-14T09:38:09.119+0000] {dag.py:3823} INFO - Setting next_dagrun for example_xcom to 2021-01-01 00:00:00+00:00, run_after=2021-01-01 00:00:00+00:00
[2025-10-14T09:38:09.152+0000] {processor.py:183} INFO - Processing /home/airflow/.local/lib/python3.8/site-packages/airflow/example_dags/example_xcom.py took 0.133 seconds
[2025-10-14T09:38:39.749+0000] {processor.py:161} INFO - Started process (PID=74463) to work on /home/airflow/.local/lib/python3.8/site-packages/airflow/example_dags/example_xcom.py
[2025-10-14T09:38:39.750+0000] {processor.py:830} INFO - Processing file /home/airflow/.local/lib/python3.8/site-packages/airflow/example_dags/example_xcom.py for tasks to queue
[2025-10-14T09:38:39.752+0000] {logging_mixin.py:188} INFO - [2025-10-14T09:38:39.751+0000] {dagbag.py:538} INFO - Filling up the DagBag from /home/airflow/.local/lib/python3.8/site-packages/airflow/example_dags/example_xcom.py
[2025-10-14T09:38:39.763+0000] {processor.py:840} INFO - DAG(s) 'example_xcom' retrieved from /home/airflow/.local/lib/python3.8/site-packages/airflow/example_dags/example_xcom.py
[2025-10-14T09:38:39.800+0000] {logging_mixin.py:188} INFO - [2025-10-14T09:38:39.800+0000] {dag.py:3036} INFO - Sync 1 DAGs
[2025-10-14T09:38:39.831+0000] {logging_mixin.py:188} INFO - [2025-10-14T09:38:39.830+0000] {dag.py:3823} INFO - Setting next_dagrun for example_xcom to 2021-01-01 00:00:00+00:00, run_after=2021-01-01 00:00:00+00:00
[2025-10-14T09:38:39.860+0000] {processor.py:183} INFO - Processing /home/airflow/.local/lib/python3.8/site-packages/airflow/example_dags/example_xcom.py took 0.117 seconds
[2025-10-14T09:39:11.369+0000] {processor.py:161} INFO - Started process (PID=74535) to work on /home/airflow/.local/lib/python3.8/site-packages/airflow/example_dags/example_xcom.py
[2025-10-14T09:39:11.372+0000] {processor.py:830} INFO - Processing file /home/airflow/.local/lib/python3.8/site-packages/airflow/example_dags/example_xcom.py for tasks to queue
[2025-10-14T09:39:11.376+0000] {logging_mixin.py:188} INFO - [2025-10-14T09:39:11.375+0000] {dagbag.py:538} INFO - Filling up the DagBag from /home/airflow/.local/lib/python3.8/site-packages/airflow/example_dags/example_xcom.py
[2025-10-14T09:39:11.398+0000] {processor.py:840} INFO - DAG(s) 'example_xcom' retrieved from /home/airflow/.local/lib/python3.8/site-packages/airflow/example_dags/example_xcom.py
[2025-10-14T09:39:11.438+0000] {logging_mixin.py:188} INFO - [2025-10-14T09:39:11.437+0000] {dag.py:3036} INFO - Sync 1 DAGs
[2025-10-14T09:39:11.468+0000] {logging_mixin.py:188} INFO - [2025-10-14T09:39:11.467+0000] {dag.py:3823} INFO - Setting next_dagrun for example_xcom to 2021-01-01 00:00:00+00:00, run_after=2021-01-01 00:00:00+00:00
[2025-10-14T09:39:11.494+0000] {processor.py:183} INFO - Processing /home/airflow/.local/lib/python3.8/site-packages/airflow/example_dags/example_xcom.py took 0.132 seconds
[2025-10-14T09:39:42.645+0000] {processor.py:161} INFO - Started process (PID=74606) to work on /home/airflow/.local/lib/python3.8/site-packages/airflow/example_dags/example_xcom.py
[2025-10-14T09:39:42.647+0000] {processor.py:830} INFO - Processing file /home/airflow/.local/lib/python3.8/site-packages/airflow/example_dags/example_xcom.py for tasks to queue
[2025-10-14T09:39:42.649+0000] {logging_mixin.py:188} INFO - [2025-10-14T09:39:42.648+0000] {dagbag.py:538} INFO - Filling up the DagBag from /home/airflow/.local/lib/python3.8/site-packages/airflow/example_dags/example_xcom.py
[2025-10-14T09:39:42.660+0000] {processor.py:840} INFO - DAG(s) 'example_xcom' retrieved from /home/airflow/.local/lib/python3.8/site-packages/airflow/example_dags/example_xcom.py
[2025-10-14T09:39:42.707+0000] {logging_mixin.py:188} INFO - [2025-10-14T09:39:42.706+0000] {dag.py:3036} INFO - Sync 1 DAGs
[2025-10-14T09:39:42.749+0000] {logging_mixin.py:188} INFO - [2025-10-14T09:39:42.749+0000] {dag.py:3823} INFO - Setting next_dagrun for example_xcom to 2021-01-01 00:00:00+00:00, run_after=2021-01-01 00:00:00+00:00
[2025-10-14T09:39:42.780+0000] {processor.py:183} INFO - Processing /home/airflow/.local/lib/python3.8/site-packages/airflow/example_dags/example_xcom.py took 0.139 seconds
[2025-10-14T09:40:13.626+0000] {processor.py:161} INFO - Started process (PID=74676) to work on /home/airflow/.local/lib/python3.8/site-packages/airflow/example_dags/example_xcom.py
[2025-10-14T09:40:13.628+0000] {processor.py:830} INFO - Processing file /home/airflow/.local/lib/python3.8/site-packages/airflow/example_dags/example_xcom.py for tasks to queue
[2025-10-14T09:40:13.630+0000] {logging_mixin.py:188} INFO - [2025-10-14T09:40:13.630+0000] {dagbag.py:538} INFO - Filling up the DagBag from /home/airflow/.local/lib/python3.8/site-packages/airflow/example_dags/example_xcom.py
[2025-10-14T09:40:13.647+0000] {processor.py:840} INFO - DAG(s) 'example_xcom' retrieved from /home/airflow/.local/lib/python3.8/site-packages/airflow/example_dags/example_xcom.py
[2025-10-14T09:40:13.693+0000] {logging_mixin.py:188} INFO - [2025-10-14T09:40:13.693+0000] {dag.py:3036} INFO - Sync 1 DAGs
[2025-10-14T09:40:13.725+0000] {logging_mixin.py:188} INFO - [2025-10-14T09:40:13.724+0000] {dag.py:3823} INFO - Setting next_dagrun for example_xcom to 2021-01-01 00:00:00+00:00, run_after=2021-01-01 00:00:00+00:00
[2025-10-14T09:40:13.778+0000] {processor.py:183} INFO - Processing /home/airflow/.local/lib/python3.8/site-packages/airflow/example_dags/example_xcom.py took 0.157 seconds
[2025-10-14T09:40:44.815+0000] {processor.py:161} INFO - Started process (PID=74747) to work on /home/airflow/.local/lib/python3.8/site-packages/airflow/example_dags/example_xcom.py
[2025-10-14T09:40:44.816+0000] {processor.py:830} INFO - Processing file /home/airflow/.local/lib/python3.8/site-packages/airflow/example_dags/example_xcom.py for tasks to queue
[2025-10-14T09:40:44.818+0000] {logging_mixin.py:188} INFO - [2025-10-14T09:40:44.817+0000] {dagbag.py:538} INFO - Filling up the DagBag from /home/airflow/.local/lib/python3.8/site-packages/airflow/example_dags/example_xcom.py
[2025-10-14T09:40:44.829+0000] {processor.py:840} INFO - DAG(s) 'example_xcom' retrieved from /home/airflow/.local/lib/python3.8/site-packages/airflow/example_dags/example_xcom.py
[2025-10-14T09:40:44.866+0000] {logging_mixin.py:188} INFO - [2025-10-14T09:40:44.865+0000] {dag.py:3036} INFO - Sync 1 DAGs
[2025-10-14T09:40:44.932+0000] {logging_mixin.py:188} INFO - [2025-10-14T09:40:44.932+0000] {dag.py:3823} INFO - Setting next_dagrun for example_xcom to 2021-01-01 00:00:00+00:00, run_after=2021-01-01 00:00:00+00:00
[2025-10-14T09:40:44.992+0000] {processor.py:183} INFO - Processing /home/airflow/.local/lib/python3.8/site-packages/airflow/example_dags/example_xcom.py took 0.182 seconds
[2025-10-14T09:41:16.105+0000] {processor.py:161} INFO - Started process (PID=74824) to work on /home/airflow/.local/lib/python3.8/site-packages/airflow/example_dags/example_xcom.py
[2025-10-14T09:41:16.108+0000] {processor.py:830} INFO - Processing file /home/airflow/.local/lib/python3.8/site-packages/airflow/example_dags/example_xcom.py for tasks to queue
[2025-10-14T09:41:16.110+0000] {logging_mixin.py:188} INFO - [2025-10-14T09:41:16.109+0000] {dagbag.py:538} INFO - Filling up the DagBag from /home/airflow/.local/lib/python3.8/site-packages/airflow/example_dags/example_xcom.py
[2025-10-14T09:41:16.126+0000] {processor.py:840} INFO - DAG(s) 'example_xcom' retrieved from /home/airflow/.local/lib/python3.8/site-packages/airflow/example_dags/example_xcom.py
[2025-10-14T09:41:16.185+0000] {logging_mixin.py:188} INFO - [2025-10-14T09:41:16.184+0000] {dag.py:3036} INFO - Sync 1 DAGs
[2025-10-14T09:41:16.234+0000] {logging_mixin.py:188} INFO - [2025-10-14T09:41:16.234+0000] {dag.py:3823} INFO - Setting next_dagrun for example_xcom to 2021-01-01 00:00:00+00:00, run_after=2021-01-01 00:00:00+00:00
[2025-10-14T09:41:16.285+0000] {processor.py:183} INFO - Processing /home/airflow/.local/lib/python3.8/site-packages/airflow/example_dags/example_xcom.py took 0.187 seconds
[2025-10-14T09:41:46.901+0000] {processor.py:161} INFO - Started process (PID=74894) to work on /home/airflow/.local/lib/python3.8/site-packages/airflow/example_dags/example_xcom.py
[2025-10-14T09:41:46.902+0000] {processor.py:830} INFO - Processing file /home/airflow/.local/lib/python3.8/site-packages/airflow/example_dags/example_xcom.py for tasks to queue
[2025-10-14T09:41:46.904+0000] {logging_mixin.py:188} INFO - [2025-10-14T09:41:46.903+0000] {dagbag.py:538} INFO - Filling up the DagBag from /home/airflow/.local/lib/python3.8/site-packages/airflow/example_dags/example_xcom.py
[2025-10-14T09:41:46.915+0000] {processor.py:840} INFO - DAG(s) 'example_xcom' retrieved from /home/airflow/.local/lib/python3.8/site-packages/airflow/example_dags/example_xcom.py
[2025-10-14T09:41:46.953+0000] {logging_mixin.py:188} INFO - [2025-10-14T09:41:46.953+0000] {dag.py:3036} INFO - Sync 1 DAGs
[2025-10-14T09:41:46.986+0000] {logging_mixin.py:188} INFO - [2025-10-14T09:41:46.985+0000] {dag.py:3823} INFO - Setting next_dagrun for example_xcom to 2021-01-01 00:00:00+00:00, run_after=2021-01-01 00:00:00+00:00
[2025-10-14T09:41:47.013+0000] {processor.py:183} INFO - Processing /home/airflow/.local/lib/python3.8/site-packages/airflow/example_dags/example_xcom.py took 0.117 seconds
[2025-10-14T09:42:18.190+0000] {processor.py:161} INFO - Started process (PID=74964) to work on /home/airflow/.local/lib/python3.8/site-packages/airflow/example_dags/example_xcom.py
[2025-10-14T09:42:18.192+0000] {processor.py:830} INFO - Processing file /home/airflow/.local/lib/python3.8/site-packages/airflow/example_dags/example_xcom.py for tasks to queue
[2025-10-14T09:42:18.193+0000] {logging_mixin.py:188} INFO - [2025-10-14T09:42:18.193+0000] {dagbag.py:538} INFO - Filling up the DagBag from /home/airflow/.local/lib/python3.8/site-packages/airflow/example_dags/example_xcom.py
[2025-10-14T09:42:18.206+0000] {processor.py:840} INFO - DAG(s) 'example_xcom' retrieved from /home/airflow/.local/lib/python3.8/site-packages/airflow/example_dags/example_xcom.py
[2025-10-14T09:42:18.248+0000] {logging_mixin.py:188} INFO - [2025-10-14T09:42:18.248+0000] {dag.py:3036} INFO - Sync 1 DAGs
[2025-10-14T09:42:18.280+0000] {logging_mixin.py:188} INFO - [2025-10-14T09:42:18.280+0000] {dag.py:3823} INFO - Setting next_dagrun for example_xcom to 2021-01-01 00:00:00+00:00, run_after=2021-01-01 00:00:00+00:00
[2025-10-14T09:42:18.332+0000] {processor.py:183} INFO - Processing /home/airflow/.local/lib/python3.8/site-packages/airflow/example_dags/example_xcom.py took 0.147 seconds
[2025-10-14T09:42:49.105+0000] {processor.py:161} INFO - Started process (PID=75034) to work on /home/airflow/.local/lib/python3.8/site-packages/airflow/example_dags/example_xcom.py
[2025-10-14T09:42:49.107+0000] {processor.py:830} INFO - Processing file /home/airflow/.local/lib/python3.8/site-packages/airflow/example_dags/example_xcom.py for tasks to queue
[2025-10-14T09:42:49.108+0000] {logging_mixin.py:188} INFO - [2025-10-14T09:42:49.108+0000] {dagbag.py:538} INFO - Filling up the DagBag from /home/airflow/.local/lib/python3.8/site-packages/airflow/example_dags/example_xcom.py
[2025-10-14T09:42:49.122+0000] {processor.py:840} INFO - DAG(s) 'example_xcom' retrieved from /home/airflow/.local/lib/python3.8/site-packages/airflow/example_dags/example_xcom.py
[2025-10-14T09:42:49.164+0000] {logging_mixin.py:188} INFO - [2025-10-14T09:42:49.163+0000] {dag.py:3036} INFO - Sync 1 DAGs
[2025-10-14T09:42:49.199+0000] {logging_mixin.py:188} INFO - [2025-10-14T09:42:49.199+0000] {dag.py:3823} INFO - Setting next_dagrun for example_xcom to 2021-01-01 00:00:00+00:00, run_after=2021-01-01 00:00:00+00:00
[2025-10-14T09:42:49.230+0000] {processor.py:183} INFO - Processing /home/airflow/.local/lib/python3.8/site-packages/airflow/example_dags/example_xcom.py took 0.131 seconds
[2025-10-14T09:43:21.222+0000] {processor.py:161} INFO - Started process (PID=75105) to work on /home/airflow/.local/lib/python3.8/site-packages/airflow/example_dags/example_xcom.py
[2025-10-14T09:43:21.223+0000] {processor.py:830} INFO - Processing file /home/airflow/.local/lib/python3.8/site-packages/airflow/example_dags/example_xcom.py for tasks to queue
[2025-10-14T09:43:21.225+0000] {logging_mixin.py:188} INFO - [2025-10-14T09:43:21.225+0000] {dagbag.py:538} INFO - Filling up the DagBag from /home/airflow/.local/lib/python3.8/site-packages/airflow/example_dags/example_xcom.py
[2025-10-14T09:43:21.237+0000] {processor.py:840} INFO - DAG(s) 'example_xcom' retrieved from /home/airflow/.local/lib/python3.8/site-packages/airflow/example_dags/example_xcom.py
[2025-10-14T09:43:21.275+0000] {logging_mixin.py:188} INFO - [2025-10-14T09:43:21.275+0000] {dag.py:3036} INFO - Sync 1 DAGs
[2025-10-14T09:43:21.308+0000] {logging_mixin.py:188} INFO - [2025-10-14T09:43:21.307+0000] {dag.py:3823} INFO - Setting next_dagrun for example_xcom to 2021-01-01 00:00:00+00:00, run_after=2021-01-01 00:00:00+00:00
[2025-10-14T09:43:21.353+0000] {processor.py:183} INFO - Processing /home/airflow/.local/lib/python3.8/site-packages/airflow/example_dags/example_xcom.py took 0.136 seconds
[2025-10-14T09:43:52.166+0000] {processor.py:161} INFO - Started process (PID=75175) to work on /home/airflow/.local/lib/python3.8/site-packages/airflow/example_dags/example_xcom.py
[2025-10-14T09:43:52.168+0000] {processor.py:830} INFO - Processing file /home/airflow/.local/lib/python3.8/site-packages/airflow/example_dags/example_xcom.py for tasks to queue
[2025-10-14T09:43:52.170+0000] {logging_mixin.py:188} INFO - [2025-10-14T09:43:52.169+0000] {dagbag.py:538} INFO - Filling up the DagBag from /home/airflow/.local/lib/python3.8/site-packages/airflow/example_dags/example_xcom.py
[2025-10-14T09:43:52.184+0000] {processor.py:840} INFO - DAG(s) 'example_xcom' retrieved from /home/airflow/.local/lib/python3.8/site-packages/airflow/example_dags/example_xcom.py
[2025-10-14T09:43:52.227+0000] {logging_mixin.py:188} INFO - [2025-10-14T09:43:52.226+0000] {dag.py:3036} INFO - Sync 1 DAGs
[2025-10-14T09:43:52.269+0000] {logging_mixin.py:188} INFO - [2025-10-14T09:43:52.269+0000] {dag.py:3823} INFO - Setting next_dagrun for example_xcom to 2021-01-01 00:00:00+00:00, run_after=2021-01-01 00:00:00+00:00
[2025-10-14T09:43:52.303+0000] {processor.py:183} INFO - Processing /home/airflow/.local/lib/python3.8/site-packages/airflow/example_dags/example_xcom.py took 0.143 seconds
[2025-10-14T09:44:23.436+0000] {processor.py:161} INFO - Started process (PID=75244) to work on /home/airflow/.local/lib/python3.8/site-packages/airflow/example_dags/example_xcom.py
[2025-10-14T09:44:23.437+0000] {processor.py:830} INFO - Processing file /home/airflow/.local/lib/python3.8/site-packages/airflow/example_dags/example_xcom.py for tasks to queue
[2025-10-14T09:44:23.442+0000] {logging_mixin.py:188} INFO - [2025-10-14T09:44:23.441+0000] {dagbag.py:538} INFO - Filling up the DagBag from /home/airflow/.local/lib/python3.8/site-packages/airflow/example_dags/example_xcom.py
[2025-10-14T09:44:23.457+0000] {processor.py:840} INFO - DAG(s) 'example_xcom' retrieved from /home/airflow/.local/lib/python3.8/site-packages/airflow/example_dags/example_xcom.py
[2025-10-14T09:44:23.497+0000] {logging_mixin.py:188} INFO - [2025-10-14T09:44:23.496+0000] {dag.py:3036} INFO - Sync 1 DAGs
[2025-10-14T09:44:23.531+0000] {logging_mixin.py:188} INFO - [2025-10-14T09:44:23.530+0000] {dag.py:3823} INFO - Setting next_dagrun for example_xcom to 2021-01-01 00:00:00+00:00, run_after=2021-01-01 00:00:00+00:00
[2025-10-14T09:44:23.565+0000] {processor.py:183} INFO - Processing /home/airflow/.local/lib/python3.8/site-packages/airflow/example_dags/example_xcom.py took 0.136 seconds
[2025-10-14T09:44:55.308+0000] {processor.py:161} INFO - Started process (PID=75314) to work on /home/airflow/.local/lib/python3.8/site-packages/airflow/example_dags/example_xcom.py
[2025-10-14T09:44:55.310+0000] {processor.py:830} INFO - Processing file /home/airflow/.local/lib/python3.8/site-packages/airflow/example_dags/example_xcom.py for tasks to queue
[2025-10-14T09:44:55.312+0000] {logging_mixin.py:188} INFO - [2025-10-14T09:44:55.311+0000] {dagbag.py:538} INFO - Filling up the DagBag from /home/airflow/.local/lib/python3.8/site-packages/airflow/example_dags/example_xcom.py
[2025-10-14T09:44:55.323+0000] {processor.py:840} INFO - DAG(s) 'example_xcom' retrieved from /home/airflow/.local/lib/python3.8/site-packages/airflow/example_dags/example_xcom.py
[2025-10-14T09:44:55.359+0000] {logging_mixin.py:188} INFO - [2025-10-14T09:44:55.359+0000] {dag.py:3036} INFO - Sync 1 DAGs
[2025-10-14T09:44:55.391+0000] {logging_mixin.py:188} INFO - [2025-10-14T09:44:55.391+0000] {dag.py:3823} INFO - Setting next_dagrun for example_xcom to 2021-01-01 00:00:00+00:00, run_after=2021-01-01 00:00:00+00:00
[2025-10-14T09:44:55.445+0000] {processor.py:183} INFO - Processing /home/airflow/.local/lib/python3.8/site-packages/airflow/example_dags/example_xcom.py took 0.141 seconds
[2025-10-14T09:45:26.293+0000] {processor.py:161} INFO - Started process (PID=75384) to work on /home/airflow/.local/lib/python3.8/site-packages/airflow/example_dags/example_xcom.py
[2025-10-14T09:45:26.297+0000] {processor.py:830} INFO - Processing file /home/airflow/.local/lib/python3.8/site-packages/airflow/example_dags/example_xcom.py for tasks to queue
[2025-10-14T09:45:26.301+0000] {logging_mixin.py:188} INFO - [2025-10-14T09:45:26.300+0000] {dagbag.py:538} INFO - Filling up the DagBag from /home/airflow/.local/lib/python3.8/site-packages/airflow/example_dags/example_xcom.py
[2025-10-14T09:45:26.353+0000] {processor.py:840} INFO - DAG(s) 'example_xcom' retrieved from /home/airflow/.local/lib/python3.8/site-packages/airflow/example_dags/example_xcom.py
[2025-10-14T09:45:26.444+0000] {logging_mixin.py:188} INFO - [2025-10-14T09:45:26.444+0000] {dag.py:3036} INFO - Sync 1 DAGs
[2025-10-14T09:45:26.476+0000] {logging_mixin.py:188} INFO - [2025-10-14T09:45:26.476+0000] {dag.py:3823} INFO - Setting next_dagrun for example_xcom to 2021-01-01 00:00:00+00:00, run_after=2021-01-01 00:00:00+00:00
[2025-10-14T09:45:26.503+0000] {processor.py:183} INFO - Processing /home/airflow/.local/lib/python3.8/site-packages/airflow/example_dags/example_xcom.py took 0.219 seconds
[2025-10-14T09:45:57.086+0000] {processor.py:161} INFO - Started process (PID=75454) to work on /home/airflow/.local/lib/python3.8/site-packages/airflow/example_dags/example_xcom.py
[2025-10-14T09:45:57.087+0000] {processor.py:830} INFO - Processing file /home/airflow/.local/lib/python3.8/site-packages/airflow/example_dags/example_xcom.py for tasks to queue
[2025-10-14T09:45:57.089+0000] {logging_mixin.py:188} INFO - [2025-10-14T09:45:57.088+0000] {dagbag.py:538} INFO - Filling up the DagBag from /home/airflow/.local/lib/python3.8/site-packages/airflow/example_dags/example_xcom.py
[2025-10-14T09:45:57.099+0000] {processor.py:840} INFO - DAG(s) 'example_xcom' retrieved from /home/airflow/.local/lib/python3.8/site-packages/airflow/example_dags/example_xcom.py
[2025-10-14T09:45:57.137+0000] {logging_mixin.py:188} INFO - [2025-10-14T09:45:57.136+0000] {dag.py:3036} INFO - Sync 1 DAGs
[2025-10-14T09:45:57.167+0000] {logging_mixin.py:188} INFO - [2025-10-14T09:45:57.167+0000] {dag.py:3823} INFO - Setting next_dagrun for example_xcom to 2021-01-01 00:00:00+00:00, run_after=2021-01-01 00:00:00+00:00
[2025-10-14T09:45:57.215+0000] {processor.py:183} INFO - Processing /home/airflow/.local/lib/python3.8/site-packages/airflow/example_dags/example_xcom.py took 0.133 seconds
[2025-10-14T09:46:28.087+0000] {processor.py:161} INFO - Started process (PID=75524) to work on /home/airflow/.local/lib/python3.8/site-packages/airflow/example_dags/example_xcom.py
[2025-10-14T09:46:28.089+0000] {processor.py:830} INFO - Processing file /home/airflow/.local/lib/python3.8/site-packages/airflow/example_dags/example_xcom.py for tasks to queue
[2025-10-14T09:46:28.091+0000] {logging_mixin.py:188} INFO - [2025-10-14T09:46:28.090+0000] {dagbag.py:538} INFO - Filling up the DagBag from /home/airflow/.local/lib/python3.8/site-packages/airflow/example_dags/example_xcom.py
[2025-10-14T09:46:28.102+0000] {processor.py:840} INFO - DAG(s) 'example_xcom' retrieved from /home/airflow/.local/lib/python3.8/site-packages/airflow/example_dags/example_xcom.py
[2025-10-14T09:46:28.138+0000] {logging_mixin.py:188} INFO - [2025-10-14T09:46:28.137+0000] {dag.py:3036} INFO - Sync 1 DAGs
[2025-10-14T09:46:28.168+0000] {logging_mixin.py:188} INFO - [2025-10-14T09:46:28.168+0000] {dag.py:3823} INFO - Setting next_dagrun for example_xcom to 2021-01-01 00:00:00+00:00, run_after=2021-01-01 00:00:00+00:00
[2025-10-14T09:46:28.196+0000] {processor.py:183} INFO - Processing /home/airflow/.local/lib/python3.8/site-packages/airflow/example_dags/example_xcom.py took 0.114 seconds
[2025-10-14T09:46:59.506+0000] {processor.py:161} INFO - Started process (PID=75594) to work on /home/airflow/.local/lib/python3.8/site-packages/airflow/example_dags/example_xcom.py
[2025-10-14T09:46:59.508+0000] {processor.py:830} INFO - Processing file /home/airflow/.local/lib/python3.8/site-packages/airflow/example_dags/example_xcom.py for tasks to queue
[2025-10-14T09:46:59.510+0000] {logging_mixin.py:188} INFO - [2025-10-14T09:46:59.510+0000] {dagbag.py:538} INFO - Filling up the DagBag from /home/airflow/.local/lib/python3.8/site-packages/airflow/example_dags/example_xcom.py
[2025-10-14T09:46:59.525+0000] {processor.py:840} INFO - DAG(s) 'example_xcom' retrieved from /home/airflow/.local/lib/python3.8/site-packages/airflow/example_dags/example_xcom.py
[2025-10-14T09:46:59.564+0000] {logging_mixin.py:188} INFO - [2025-10-14T09:46:59.564+0000] {dag.py:3036} INFO - Sync 1 DAGs
[2025-10-14T09:46:59.594+0000] {logging_mixin.py:188} INFO - [2025-10-14T09:46:59.593+0000] {dag.py:3823} INFO - Setting next_dagrun for example_xcom to 2021-01-01 00:00:00+00:00, run_after=2021-01-01 00:00:00+00:00
[2025-10-14T09:46:59.621+0000] {processor.py:183} INFO - Processing /home/airflow/.local/lib/python3.8/site-packages/airflow/example_dags/example_xcom.py took 0.122 seconds
[2025-10-14T10:01:38.483+0000] {processor.py:161} INFO - Started process (PID=75669) to work on /home/airflow/.local/lib/python3.8/site-packages/airflow/example_dags/example_xcom.py
[2025-10-14T10:01:38.485+0000] {processor.py:830} INFO - Processing file /home/airflow/.local/lib/python3.8/site-packages/airflow/example_dags/example_xcom.py for tasks to queue
[2025-10-14T10:01:38.487+0000] {logging_mixin.py:188} INFO - [2025-10-14T10:01:38.486+0000] {dagbag.py:538} INFO - Filling up the DagBag from /home/airflow/.local/lib/python3.8/site-packages/airflow/example_dags/example_xcom.py
[2025-10-14T10:01:38.500+0000] {processor.py:840} INFO - DAG(s) 'example_xcom' retrieved from /home/airflow/.local/lib/python3.8/site-packages/airflow/example_dags/example_xcom.py
[2025-10-14T10:01:38.539+0000] {logging_mixin.py:188} INFO - [2025-10-14T10:01:38.539+0000] {dag.py:3036} INFO - Sync 1 DAGs
[2025-10-14T10:01:38.572+0000] {logging_mixin.py:188} INFO - [2025-10-14T10:01:38.571+0000] {dag.py:3823} INFO - Setting next_dagrun for example_xcom to 2021-01-01 00:00:00+00:00, run_after=2021-01-01 00:00:00+00:00
[2025-10-14T10:01:38.620+0000] {processor.py:183} INFO - Processing /home/airflow/.local/lib/python3.8/site-packages/airflow/example_dags/example_xcom.py took 0.142 seconds
[2025-10-14T10:02:08.798+0000] {processor.py:161} INFO - Started process (PID=75740) to work on /home/airflow/.local/lib/python3.8/site-packages/airflow/example_dags/example_xcom.py
[2025-10-14T10:02:08.799+0000] {processor.py:830} INFO - Processing file /home/airflow/.local/lib/python3.8/site-packages/airflow/example_dags/example_xcom.py for tasks to queue
[2025-10-14T10:02:08.801+0000] {logging_mixin.py:188} INFO - [2025-10-14T10:02:08.800+0000] {dagbag.py:538} INFO - Filling up the DagBag from /home/airflow/.local/lib/python3.8/site-packages/airflow/example_dags/example_xcom.py
[2025-10-14T10:02:08.810+0000] {processor.py:840} INFO - DAG(s) 'example_xcom' retrieved from /home/airflow/.local/lib/python3.8/site-packages/airflow/example_dags/example_xcom.py
[2025-10-14T10:02:08.843+0000] {logging_mixin.py:188} INFO - [2025-10-14T10:02:08.842+0000] {dag.py:3036} INFO - Sync 1 DAGs
[2025-10-14T10:02:08.873+0000] {logging_mixin.py:188} INFO - [2025-10-14T10:02:08.872+0000] {dag.py:3823} INFO - Setting next_dagrun for example_xcom to 2021-01-01 00:00:00+00:00, run_after=2021-01-01 00:00:00+00:00
[2025-10-14T10:02:08.917+0000] {processor.py:183} INFO - Processing /home/airflow/.local/lib/python3.8/site-packages/airflow/example_dags/example_xcom.py took 0.124 seconds
[2025-10-14T10:02:39.596+0000] {processor.py:161} INFO - Started process (PID=75810) to work on /home/airflow/.local/lib/python3.8/site-packages/airflow/example_dags/example_xcom.py
[2025-10-14T10:02:39.597+0000] {processor.py:830} INFO - Processing file /home/airflow/.local/lib/python3.8/site-packages/airflow/example_dags/example_xcom.py for tasks to queue
[2025-10-14T10:02:39.599+0000] {logging_mixin.py:188} INFO - [2025-10-14T10:02:39.598+0000] {dagbag.py:538} INFO - Filling up the DagBag from /home/airflow/.local/lib/python3.8/site-packages/airflow/example_dags/example_xcom.py
[2025-10-14T10:02:39.608+0000] {processor.py:840} INFO - DAG(s) 'example_xcom' retrieved from /home/airflow/.local/lib/python3.8/site-packages/airflow/example_dags/example_xcom.py
[2025-10-14T10:02:39.637+0000] {logging_mixin.py:188} INFO - [2025-10-14T10:02:39.637+0000] {dag.py:3036} INFO - Sync 1 DAGs
[2025-10-14T10:02:39.662+0000] {logging_mixin.py:188} INFO - [2025-10-14T10:02:39.661+0000] {dag.py:3823} INFO - Setting next_dagrun for example_xcom to 2021-01-01 00:00:00+00:00, run_after=2021-01-01 00:00:00+00:00
[2025-10-14T10:02:39.706+0000] {processor.py:183} INFO - Processing /home/airflow/.local/lib/python3.8/site-packages/airflow/example_dags/example_xcom.py took 0.113 seconds
[2025-10-14T10:03:11.548+0000] {processor.py:161} INFO - Started process (PID=75886) to work on /home/airflow/.local/lib/python3.8/site-packages/airflow/example_dags/example_xcom.py
[2025-10-14T10:03:11.550+0000] {processor.py:830} INFO - Processing file /home/airflow/.local/lib/python3.8/site-packages/airflow/example_dags/example_xcom.py for tasks to queue
[2025-10-14T10:03:11.552+0000] {logging_mixin.py:188} INFO - [2025-10-14T10:03:11.551+0000] {dagbag.py:538} INFO - Filling up the DagBag from /home/airflow/.local/lib/python3.8/site-packages/airflow/example_dags/example_xcom.py
[2025-10-14T10:03:11.563+0000] {processor.py:840} INFO - DAG(s) 'example_xcom' retrieved from /home/airflow/.local/lib/python3.8/site-packages/airflow/example_dags/example_xcom.py
[2025-10-14T10:03:11.603+0000] {logging_mixin.py:188} INFO - [2025-10-14T10:03:11.603+0000] {dag.py:3036} INFO - Sync 1 DAGs
[2025-10-14T10:03:11.643+0000] {logging_mixin.py:188} INFO - [2025-10-14T10:03:11.642+0000] {dag.py:3823} INFO - Setting next_dagrun for example_xcom to 2021-01-01 00:00:00+00:00, run_after=2021-01-01 00:00:00+00:00
[2025-10-14T10:03:11.672+0000] {processor.py:183} INFO - Processing /home/airflow/.local/lib/python3.8/site-packages/airflow/example_dags/example_xcom.py took 0.129 seconds
[2025-10-14T10:03:42.436+0000] {processor.py:161} INFO - Started process (PID=75957) to work on /home/airflow/.local/lib/python3.8/site-packages/airflow/example_dags/example_xcom.py
[2025-10-14T10:03:42.437+0000] {processor.py:830} INFO - Processing file /home/airflow/.local/lib/python3.8/site-packages/airflow/example_dags/example_xcom.py for tasks to queue
[2025-10-14T10:03:42.439+0000] {logging_mixin.py:188} INFO - [2025-10-14T10:03:42.438+0000] {dagbag.py:538} INFO - Filling up the DagBag from /home/airflow/.local/lib/python3.8/site-packages/airflow/example_dags/example_xcom.py
[2025-10-14T10:03:42.450+0000] {processor.py:840} INFO - DAG(s) 'example_xcom' retrieved from /home/airflow/.local/lib/python3.8/site-packages/airflow/example_dags/example_xcom.py
[2025-10-14T10:03:42.486+0000] {logging_mixin.py:188} INFO - [2025-10-14T10:03:42.486+0000] {dag.py:3036} INFO - Sync 1 DAGs
[2025-10-14T10:03:42.517+0000] {logging_mixin.py:188} INFO - [2025-10-14T10:03:42.517+0000] {dag.py:3823} INFO - Setting next_dagrun for example_xcom to 2021-01-01 00:00:00+00:00, run_after=2021-01-01 00:00:00+00:00
[2025-10-14T10:03:42.546+0000] {processor.py:183} INFO - Processing /home/airflow/.local/lib/python3.8/site-packages/airflow/example_dags/example_xcom.py took 0.115 seconds
[2025-10-14T10:04:15.549+0000] {processor.py:161} INFO - Started process (PID=76027) to work on /home/airflow/.local/lib/python3.8/site-packages/airflow/example_dags/example_xcom.py
[2025-10-14T10:04:15.552+0000] {processor.py:830} INFO - Processing file /home/airflow/.local/lib/python3.8/site-packages/airflow/example_dags/example_xcom.py for tasks to queue
[2025-10-14T10:04:15.554+0000] {logging_mixin.py:188} INFO - [2025-10-14T10:04:15.553+0000] {dagbag.py:538} INFO - Filling up the DagBag from /home/airflow/.local/lib/python3.8/site-packages/airflow/example_dags/example_xcom.py
[2025-10-14T10:04:15.571+0000] {processor.py:840} INFO - DAG(s) 'example_xcom' retrieved from /home/airflow/.local/lib/python3.8/site-packages/airflow/example_dags/example_xcom.py
[2025-10-14T10:04:15.619+0000] {logging_mixin.py:188} INFO - [2025-10-14T10:04:15.619+0000] {dag.py:3036} INFO - Sync 1 DAGs
[2025-10-14T10:04:15.658+0000] {logging_mixin.py:188} INFO - [2025-10-14T10:04:15.658+0000] {dag.py:3823} INFO - Setting next_dagrun for example_xcom to 2021-01-01 00:00:00+00:00, run_after=2021-01-01 00:00:00+00:00
[2025-10-14T10:04:15.699+0000] {processor.py:183} INFO - Processing /home/airflow/.local/lib/python3.8/site-packages/airflow/example_dags/example_xcom.py took 0.157 seconds
[2025-10-14T10:04:47.557+0000] {processor.py:161} INFO - Started process (PID=76098) to work on /home/airflow/.local/lib/python3.8/site-packages/airflow/example_dags/example_xcom.py
[2025-10-14T10:04:47.563+0000] {processor.py:830} INFO - Processing file /home/airflow/.local/lib/python3.8/site-packages/airflow/example_dags/example_xcom.py for tasks to queue
[2025-10-14T10:04:47.565+0000] {logging_mixin.py:188} INFO - [2025-10-14T10:04:47.564+0000] {dagbag.py:538} INFO - Filling up the DagBag from /home/airflow/.local/lib/python3.8/site-packages/airflow/example_dags/example_xcom.py
[2025-10-14T10:04:47.578+0000] {processor.py:840} INFO - DAG(s) 'example_xcom' retrieved from /home/airflow/.local/lib/python3.8/site-packages/airflow/example_dags/example_xcom.py
[2025-10-14T10:04:47.620+0000] {logging_mixin.py:188} INFO - [2025-10-14T10:04:47.620+0000] {dag.py:3036} INFO - Sync 1 DAGs
[2025-10-14T10:04:47.654+0000] {logging_mixin.py:188} INFO - [2025-10-14T10:04:47.654+0000] {dag.py:3823} INFO - Setting next_dagrun for example_xcom to 2021-01-01 00:00:00+00:00, run_after=2021-01-01 00:00:00+00:00
[2025-10-14T10:04:47.722+0000] {processor.py:183} INFO - Processing /home/airflow/.local/lib/python3.8/site-packages/airflow/example_dags/example_xcom.py took 0.174 seconds
[2025-10-14T10:05:18.979+0000] {processor.py:161} INFO - Started process (PID=76168) to work on /home/airflow/.local/lib/python3.8/site-packages/airflow/example_dags/example_xcom.py
[2025-10-14T10:05:18.981+0000] {processor.py:830} INFO - Processing file /home/airflow/.local/lib/python3.8/site-packages/airflow/example_dags/example_xcom.py for tasks to queue
[2025-10-14T10:05:18.982+0000] {logging_mixin.py:188} INFO - [2025-10-14T10:05:18.982+0000] {dagbag.py:538} INFO - Filling up the DagBag from /home/airflow/.local/lib/python3.8/site-packages/airflow/example_dags/example_xcom.py
[2025-10-14T10:05:18.994+0000] {processor.py:840} INFO - DAG(s) 'example_xcom' retrieved from /home/airflow/.local/lib/python3.8/site-packages/airflow/example_dags/example_xcom.py
[2025-10-14T10:05:19.031+0000] {logging_mixin.py:188} INFO - [2025-10-14T10:05:19.030+0000] {dag.py:3036} INFO - Sync 1 DAGs
[2025-10-14T10:05:19.060+0000] {logging_mixin.py:188} INFO - [2025-10-14T10:05:19.060+0000] {dag.py:3823} INFO - Setting next_dagrun for example_xcom to 2021-01-01 00:00:00+00:00, run_after=2021-01-01 00:00:00+00:00
[2025-10-14T10:05:19.089+0000] {processor.py:183} INFO - Processing /home/airflow/.local/lib/python3.8/site-packages/airflow/example_dags/example_xcom.py took 0.115 seconds
[2025-10-14T10:05:49.739+0000] {processor.py:161} INFO - Started process (PID=76237) to work on /home/airflow/.local/lib/python3.8/site-packages/airflow/example_dags/example_xcom.py
[2025-10-14T10:05:49.740+0000] {processor.py:830} INFO - Processing file /home/airflow/.local/lib/python3.8/site-packages/airflow/example_dags/example_xcom.py for tasks to queue
[2025-10-14T10:05:49.742+0000] {logging_mixin.py:188} INFO - [2025-10-14T10:05:49.742+0000] {dagbag.py:538} INFO - Filling up the DagBag from /home/airflow/.local/lib/python3.8/site-packages/airflow/example_dags/example_xcom.py
[2025-10-14T10:05:49.755+0000] {processor.py:840} INFO - DAG(s) 'example_xcom' retrieved from /home/airflow/.local/lib/python3.8/site-packages/airflow/example_dags/example_xcom.py
[2025-10-14T10:05:49.878+0000] {logging_mixin.py:188} INFO - [2025-10-14T10:05:49.878+0000] {dag.py:3036} INFO - Sync 1 DAGs
[2025-10-14T10:05:49.966+0000] {logging_mixin.py:188} INFO - [2025-10-14T10:05:49.957+0000] {dag.py:3823} INFO - Setting next_dagrun for example_xcom to 2021-01-01 00:00:00+00:00, run_after=2021-01-01 00:00:00+00:00
[2025-10-14T10:05:50.022+0000] {processor.py:183} INFO - Processing /home/airflow/.local/lib/python3.8/site-packages/airflow/example_dags/example_xcom.py took 0.290 seconds
[2025-10-14T10:06:20.683+0000] {processor.py:161} INFO - Started process (PID=76307) to work on /home/airflow/.local/lib/python3.8/site-packages/airflow/example_dags/example_xcom.py
[2025-10-14T10:06:20.685+0000] {processor.py:830} INFO - Processing file /home/airflow/.local/lib/python3.8/site-packages/airflow/example_dags/example_xcom.py for tasks to queue
[2025-10-14T10:06:20.687+0000] {logging_mixin.py:188} INFO - [2025-10-14T10:06:20.687+0000] {dagbag.py:538} INFO - Filling up the DagBag from /home/airflow/.local/lib/python3.8/site-packages/airflow/example_dags/example_xcom.py
[2025-10-14T10:06:20.700+0000] {processor.py:840} INFO - DAG(s) 'example_xcom' retrieved from /home/airflow/.local/lib/python3.8/site-packages/airflow/example_dags/example_xcom.py
[2025-10-14T10:06:20.747+0000] {logging_mixin.py:188} INFO - [2025-10-14T10:06:20.747+0000] {dag.py:3036} INFO - Sync 1 DAGs
[2025-10-14T10:06:20.776+0000] {logging_mixin.py:188} INFO - [2025-10-14T10:06:20.776+0000] {dag.py:3823} INFO - Setting next_dagrun for example_xcom to 2021-01-01 00:00:00+00:00, run_after=2021-01-01 00:00:00+00:00
[2025-10-14T10:06:20.805+0000] {processor.py:183} INFO - Processing /home/airflow/.local/lib/python3.8/site-packages/airflow/example_dags/example_xcom.py took 0.127 seconds
[2025-10-14T10:06:52.515+0000] {processor.py:161} INFO - Started process (PID=76378) to work on /home/airflow/.local/lib/python3.8/site-packages/airflow/example_dags/example_xcom.py
[2025-10-14T10:06:52.517+0000] {processor.py:830} INFO - Processing file /home/airflow/.local/lib/python3.8/site-packages/airflow/example_dags/example_xcom.py for tasks to queue
[2025-10-14T10:06:52.518+0000] {logging_mixin.py:188} INFO - [2025-10-14T10:06:52.518+0000] {dagbag.py:538} INFO - Filling up the DagBag from /home/airflow/.local/lib/python3.8/site-packages/airflow/example_dags/example_xcom.py
[2025-10-14T10:06:52.529+0000] {processor.py:840} INFO - DAG(s) 'example_xcom' retrieved from /home/airflow/.local/lib/python3.8/site-packages/airflow/example_dags/example_xcom.py
[2025-10-14T10:06:52.566+0000] {logging_mixin.py:188} INFO - [2025-10-14T10:06:52.566+0000] {dag.py:3036} INFO - Sync 1 DAGs
[2025-10-14T10:06:52.597+0000] {logging_mixin.py:188} INFO - [2025-10-14T10:06:52.597+0000] {dag.py:3823} INFO - Setting next_dagrun for example_xcom to 2021-01-01 00:00:00+00:00, run_after=2021-01-01 00:00:00+00:00
[2025-10-14T10:06:52.667+0000] {processor.py:183} INFO - Processing /home/airflow/.local/lib/python3.8/site-packages/airflow/example_dags/example_xcom.py took 0.157 seconds
[2025-10-14T10:07:24.823+0000] {processor.py:161} INFO - Started process (PID=76448) to work on /home/airflow/.local/lib/python3.8/site-packages/airflow/example_dags/example_xcom.py
[2025-10-14T10:07:24.825+0000] {processor.py:830} INFO - Processing file /home/airflow/.local/lib/python3.8/site-packages/airflow/example_dags/example_xcom.py for tasks to queue
[2025-10-14T10:07:24.827+0000] {logging_mixin.py:188} INFO - [2025-10-14T10:07:24.826+0000] {dagbag.py:538} INFO - Filling up the DagBag from /home/airflow/.local/lib/python3.8/site-packages/airflow/example_dags/example_xcom.py
[2025-10-14T10:07:24.837+0000] {processor.py:840} INFO - DAG(s) 'example_xcom' retrieved from /home/airflow/.local/lib/python3.8/site-packages/airflow/example_dags/example_xcom.py
[2025-10-14T10:07:24.889+0000] {logging_mixin.py:188} INFO - [2025-10-14T10:07:24.889+0000] {dag.py:3036} INFO - Sync 1 DAGs
[2025-10-14T10:07:24.945+0000] {logging_mixin.py:188} INFO - [2025-10-14T10:07:24.944+0000] {dag.py:3823} INFO - Setting next_dagrun for example_xcom to 2021-01-01 00:00:00+00:00, run_after=2021-01-01 00:00:00+00:00
[2025-10-14T10:07:24.990+0000] {processor.py:183} INFO - Processing /home/airflow/.local/lib/python3.8/site-packages/airflow/example_dags/example_xcom.py took 0.171 seconds
[2025-10-14T10:07:55.154+0000] {processor.py:161} INFO - Started process (PID=76518) to work on /home/airflow/.local/lib/python3.8/site-packages/airflow/example_dags/example_xcom.py
[2025-10-14T10:07:55.156+0000] {processor.py:830} INFO - Processing file /home/airflow/.local/lib/python3.8/site-packages/airflow/example_dags/example_xcom.py for tasks to queue
[2025-10-14T10:07:55.158+0000] {logging_mixin.py:188} INFO - [2025-10-14T10:07:55.157+0000] {dagbag.py:538} INFO - Filling up the DagBag from /home/airflow/.local/lib/python3.8/site-packages/airflow/example_dags/example_xcom.py
[2025-10-14T10:07:55.173+0000] {processor.py:840} INFO - DAG(s) 'example_xcom' retrieved from /home/airflow/.local/lib/python3.8/site-packages/airflow/example_dags/example_xcom.py
[2025-10-14T10:07:55.219+0000] {logging_mixin.py:188} INFO - [2025-10-14T10:07:55.219+0000] {dag.py:3036} INFO - Sync 1 DAGs
[2025-10-14T10:07:55.262+0000] {logging_mixin.py:188} INFO - [2025-10-14T10:07:55.261+0000] {dag.py:3823} INFO - Setting next_dagrun for example_xcom to 2021-01-01 00:00:00+00:00, run_after=2021-01-01 00:00:00+00:00
[2025-10-14T10:07:55.314+0000] {processor.py:183} INFO - Processing /home/airflow/.local/lib/python3.8/site-packages/airflow/example_dags/example_xcom.py took 0.166 seconds
[2025-10-14T10:08:26.307+0000] {processor.py:161} INFO - Started process (PID=76588) to work on /home/airflow/.local/lib/python3.8/site-packages/airflow/example_dags/example_xcom.py
[2025-10-14T10:08:26.310+0000] {processor.py:830} INFO - Processing file /home/airflow/.local/lib/python3.8/site-packages/airflow/example_dags/example_xcom.py for tasks to queue
[2025-10-14T10:08:26.313+0000] {logging_mixin.py:188} INFO - [2025-10-14T10:08:26.313+0000] {dagbag.py:538} INFO - Filling up the DagBag from /home/airflow/.local/lib/python3.8/site-packages/airflow/example_dags/example_xcom.py
[2025-10-14T10:08:26.334+0000] {processor.py:840} INFO - DAG(s) 'example_xcom' retrieved from /home/airflow/.local/lib/python3.8/site-packages/airflow/example_dags/example_xcom.py
[2025-10-14T10:08:26.377+0000] {logging_mixin.py:188} INFO - [2025-10-14T10:08:26.376+0000] {dag.py:3036} INFO - Sync 1 DAGs
[2025-10-14T10:08:26.414+0000] {logging_mixin.py:188} INFO - [2025-10-14T10:08:26.414+0000] {dag.py:3823} INFO - Setting next_dagrun for example_xcom to 2021-01-01 00:00:00+00:00, run_after=2021-01-01 00:00:00+00:00
[2025-10-14T10:08:26.466+0000] {processor.py:183} INFO - Processing /home/airflow/.local/lib/python3.8/site-packages/airflow/example_dags/example_xcom.py took 0.165 seconds
[2025-10-14T10:08:58.289+0000] {processor.py:161} INFO - Started process (PID=76658) to work on /home/airflow/.local/lib/python3.8/site-packages/airflow/example_dags/example_xcom.py
[2025-10-14T10:08:58.291+0000] {processor.py:830} INFO - Processing file /home/airflow/.local/lib/python3.8/site-packages/airflow/example_dags/example_xcom.py for tasks to queue
[2025-10-14T10:08:58.293+0000] {logging_mixin.py:188} INFO - [2025-10-14T10:08:58.292+0000] {dagbag.py:538} INFO - Filling up the DagBag from /home/airflow/.local/lib/python3.8/site-packages/airflow/example_dags/example_xcom.py
[2025-10-14T10:08:58.306+0000] {processor.py:840} INFO - DAG(s) 'example_xcom' retrieved from /home/airflow/.local/lib/python3.8/site-packages/airflow/example_dags/example_xcom.py
[2025-10-14T10:08:58.352+0000] {logging_mixin.py:188} INFO - [2025-10-14T10:08:58.351+0000] {dag.py:3036} INFO - Sync 1 DAGs
[2025-10-14T10:08:58.407+0000] {logging_mixin.py:188} INFO - [2025-10-14T10:08:58.406+0000] {dag.py:3823} INFO - Setting next_dagrun for example_xcom to 2021-01-01 00:00:00+00:00, run_after=2021-01-01 00:00:00+00:00
[2025-10-14T10:08:58.470+0000] {processor.py:183} INFO - Processing /home/airflow/.local/lib/python3.8/site-packages/airflow/example_dags/example_xcom.py took 0.186 seconds
[2025-10-14T10:09:29.574+0000] {processor.py:161} INFO - Started process (PID=76728) to work on /home/airflow/.local/lib/python3.8/site-packages/airflow/example_dags/example_xcom.py
[2025-10-14T10:09:29.575+0000] {processor.py:830} INFO - Processing file /home/airflow/.local/lib/python3.8/site-packages/airflow/example_dags/example_xcom.py for tasks to queue
[2025-10-14T10:09:29.577+0000] {logging_mixin.py:188} INFO - [2025-10-14T10:09:29.576+0000] {dagbag.py:538} INFO - Filling up the DagBag from /home/airflow/.local/lib/python3.8/site-packages/airflow/example_dags/example_xcom.py
[2025-10-14T10:09:29.604+0000] {processor.py:840} INFO - DAG(s) 'example_xcom' retrieved from /home/airflow/.local/lib/python3.8/site-packages/airflow/example_dags/example_xcom.py
[2025-10-14T10:09:29.658+0000] {logging_mixin.py:188} INFO - [2025-10-14T10:09:29.657+0000] {dag.py:3036} INFO - Sync 1 DAGs
[2025-10-14T10:09:29.692+0000] {logging_mixin.py:188} INFO - [2025-10-14T10:09:29.692+0000] {dag.py:3823} INFO - Setting next_dagrun for example_xcom to 2021-01-01 00:00:00+00:00, run_after=2021-01-01 00:00:00+00:00
[2025-10-14T10:09:29.763+0000] {processor.py:183} INFO - Processing /home/airflow/.local/lib/python3.8/site-packages/airflow/example_dags/example_xcom.py took 0.195 seconds
[2025-10-14T10:10:00.855+0000] {processor.py:161} INFO - Started process (PID=76798) to work on /home/airflow/.local/lib/python3.8/site-packages/airflow/example_dags/example_xcom.py
[2025-10-14T10:10:00.856+0000] {processor.py:830} INFO - Processing file /home/airflow/.local/lib/python3.8/site-packages/airflow/example_dags/example_xcom.py for tasks to queue
[2025-10-14T10:10:00.858+0000] {logging_mixin.py:188} INFO - [2025-10-14T10:10:00.858+0000] {dagbag.py:538} INFO - Filling up the DagBag from /home/airflow/.local/lib/python3.8/site-packages/airflow/example_dags/example_xcom.py
[2025-10-14T10:10:00.870+0000] {processor.py:840} INFO - DAG(s) 'example_xcom' retrieved from /home/airflow/.local/lib/python3.8/site-packages/airflow/example_dags/example_xcom.py
[2025-10-14T10:10:00.907+0000] {logging_mixin.py:188} INFO - [2025-10-14T10:10:00.906+0000] {dag.py:3036} INFO - Sync 1 DAGs
[2025-10-14T10:10:00.935+0000] {logging_mixin.py:188} INFO - [2025-10-14T10:10:00.935+0000] {dag.py:3823} INFO - Setting next_dagrun for example_xcom to 2021-01-01 00:00:00+00:00, run_after=2021-01-01 00:00:00+00:00
[2025-10-14T10:10:00.960+0000] {processor.py:183} INFO - Processing /home/airflow/.local/lib/python3.8/site-packages/airflow/example_dags/example_xcom.py took 0.111 seconds
[2025-10-14T10:10:31.605+0000] {processor.py:161} INFO - Started process (PID=76868) to work on /home/airflow/.local/lib/python3.8/site-packages/airflow/example_dags/example_xcom.py
[2025-10-14T10:10:31.607+0000] {processor.py:830} INFO - Processing file /home/airflow/.local/lib/python3.8/site-packages/airflow/example_dags/example_xcom.py for tasks to queue
[2025-10-14T10:10:31.609+0000] {logging_mixin.py:188} INFO - [2025-10-14T10:10:31.608+0000] {dagbag.py:538} INFO - Filling up the DagBag from /home/airflow/.local/lib/python3.8/site-packages/airflow/example_dags/example_xcom.py
[2025-10-14T10:10:31.620+0000] {processor.py:840} INFO - DAG(s) 'example_xcom' retrieved from /home/airflow/.local/lib/python3.8/site-packages/airflow/example_dags/example_xcom.py
[2025-10-14T10:10:31.658+0000] {logging_mixin.py:188} INFO - [2025-10-14T10:10:31.658+0000] {dag.py:3036} INFO - Sync 1 DAGs
[2025-10-14T10:10:31.690+0000] {logging_mixin.py:188} INFO - [2025-10-14T10:10:31.690+0000] {dag.py:3823} INFO - Setting next_dagrun for example_xcom to 2021-01-01 00:00:00+00:00, run_after=2021-01-01 00:00:00+00:00
[2025-10-14T10:10:31.719+0000] {processor.py:183} INFO - Processing /home/airflow/.local/lib/python3.8/site-packages/airflow/example_dags/example_xcom.py took 0.118 seconds
[2025-10-14T10:11:02.550+0000] {processor.py:161} INFO - Started process (PID=76938) to work on /home/airflow/.local/lib/python3.8/site-packages/airflow/example_dags/example_xcom.py
[2025-10-14T10:11:02.552+0000] {processor.py:830} INFO - Processing file /home/airflow/.local/lib/python3.8/site-packages/airflow/example_dags/example_xcom.py for tasks to queue
[2025-10-14T10:11:02.553+0000] {logging_mixin.py:188} INFO - [2025-10-14T10:11:02.553+0000] {dagbag.py:538} INFO - Filling up the DagBag from /home/airflow/.local/lib/python3.8/site-packages/airflow/example_dags/example_xcom.py
[2025-10-14T10:11:02.565+0000] {processor.py:840} INFO - DAG(s) 'example_xcom' retrieved from /home/airflow/.local/lib/python3.8/site-packages/airflow/example_dags/example_xcom.py
[2025-10-14T10:11:02.600+0000] {logging_mixin.py:188} INFO - [2025-10-14T10:11:02.600+0000] {dag.py:3036} INFO - Sync 1 DAGs
[2025-10-14T10:11:02.637+0000] {logging_mixin.py:188} INFO - [2025-10-14T10:11:02.637+0000] {dag.py:3823} INFO - Setting next_dagrun for example_xcom to 2021-01-01 00:00:00+00:00, run_after=2021-01-01 00:00:00+00:00
[2025-10-14T10:11:02.668+0000] {processor.py:183} INFO - Processing /home/airflow/.local/lib/python3.8/site-packages/airflow/example_dags/example_xcom.py took 0.122 seconds
[2025-10-14T10:11:34.062+0000] {processor.py:161} INFO - Started process (PID=77008) to work on /home/airflow/.local/lib/python3.8/site-packages/airflow/example_dags/example_xcom.py
[2025-10-14T10:11:34.064+0000] {processor.py:830} INFO - Processing file /home/airflow/.local/lib/python3.8/site-packages/airflow/example_dags/example_xcom.py for tasks to queue
[2025-10-14T10:11:34.066+0000] {logging_mixin.py:188} INFO - [2025-10-14T10:11:34.065+0000] {dagbag.py:538} INFO - Filling up the DagBag from /home/airflow/.local/lib/python3.8/site-packages/airflow/example_dags/example_xcom.py
[2025-10-14T10:11:34.077+0000] {processor.py:840} INFO - DAG(s) 'example_xcom' retrieved from /home/airflow/.local/lib/python3.8/site-packages/airflow/example_dags/example_xcom.py
[2025-10-14T10:11:34.114+0000] {logging_mixin.py:188} INFO - [2025-10-14T10:11:34.113+0000] {dag.py:3036} INFO - Sync 1 DAGs
[2025-10-14T10:11:34.145+0000] {logging_mixin.py:188} INFO - [2025-10-14T10:11:34.144+0000] {dag.py:3823} INFO - Setting next_dagrun for example_xcom to 2021-01-01 00:00:00+00:00, run_after=2021-01-01 00:00:00+00:00
[2025-10-14T10:11:34.172+0000] {processor.py:183} INFO - Processing /home/airflow/.local/lib/python3.8/site-packages/airflow/example_dags/example_xcom.py took 0.114 seconds
[2025-10-14T10:12:05.614+0000] {processor.py:161} INFO - Started process (PID=77078) to work on /home/airflow/.local/lib/python3.8/site-packages/airflow/example_dags/example_xcom.py
[2025-10-14T10:12:05.617+0000] {processor.py:830} INFO - Processing file /home/airflow/.local/lib/python3.8/site-packages/airflow/example_dags/example_xcom.py for tasks to queue
[2025-10-14T10:12:05.620+0000] {logging_mixin.py:188} INFO - [2025-10-14T10:12:05.619+0000] {dagbag.py:538} INFO - Filling up the DagBag from /home/airflow/.local/lib/python3.8/site-packages/airflow/example_dags/example_xcom.py
[2025-10-14T10:12:05.636+0000] {processor.py:840} INFO - DAG(s) 'example_xcom' retrieved from /home/airflow/.local/lib/python3.8/site-packages/airflow/example_dags/example_xcom.py
[2025-10-14T10:12:05.700+0000] {logging_mixin.py:188} INFO - [2025-10-14T10:12:05.699+0000] {dag.py:3036} INFO - Sync 1 DAGs
[2025-10-14T10:12:05.754+0000] {logging_mixin.py:188} INFO - [2025-10-14T10:12:05.753+0000] {dag.py:3823} INFO - Setting next_dagrun for example_xcom to 2021-01-01 00:00:00+00:00, run_after=2021-01-01 00:00:00+00:00
[2025-10-14T10:12:05.787+0000] {processor.py:183} INFO - Processing /home/airflow/.local/lib/python3.8/site-packages/airflow/example_dags/example_xcom.py took 0.181 seconds
[2025-10-14T10:12:36.735+0000] {processor.py:161} INFO - Started process (PID=77148) to work on /home/airflow/.local/lib/python3.8/site-packages/airflow/example_dags/example_xcom.py
[2025-10-14T10:12:36.738+0000] {processor.py:830} INFO - Processing file /home/airflow/.local/lib/python3.8/site-packages/airflow/example_dags/example_xcom.py for tasks to queue
[2025-10-14T10:12:36.739+0000] {logging_mixin.py:188} INFO - [2025-10-14T10:12:36.739+0000] {dagbag.py:538} INFO - Filling up the DagBag from /home/airflow/.local/lib/python3.8/site-packages/airflow/example_dags/example_xcom.py
[2025-10-14T10:12:36.751+0000] {processor.py:840} INFO - DAG(s) 'example_xcom' retrieved from /home/airflow/.local/lib/python3.8/site-packages/airflow/example_dags/example_xcom.py
[2025-10-14T10:12:36.805+0000] {logging_mixin.py:188} INFO - [2025-10-14T10:12:36.805+0000] {dag.py:3036} INFO - Sync 1 DAGs
[2025-10-14T10:12:36.837+0000] {logging_mixin.py:188} INFO - [2025-10-14T10:12:36.836+0000] {dag.py:3823} INFO - Setting next_dagrun for example_xcom to 2021-01-01 00:00:00+00:00, run_after=2021-01-01 00:00:00+00:00
[2025-10-14T10:12:36.896+0000] {processor.py:183} INFO - Processing /home/airflow/.local/lib/python3.8/site-packages/airflow/example_dags/example_xcom.py took 0.165 seconds
[2025-10-14T10:13:07.265+0000] {processor.py:161} INFO - Started process (PID=77218) to work on /home/airflow/.local/lib/python3.8/site-packages/airflow/example_dags/example_xcom.py
[2025-10-14T10:13:07.267+0000] {processor.py:830} INFO - Processing file /home/airflow/.local/lib/python3.8/site-packages/airflow/example_dags/example_xcom.py for tasks to queue
[2025-10-14T10:13:07.269+0000] {logging_mixin.py:188} INFO - [2025-10-14T10:13:07.269+0000] {dagbag.py:538} INFO - Filling up the DagBag from /home/airflow/.local/lib/python3.8/site-packages/airflow/example_dags/example_xcom.py
[2025-10-14T10:13:07.282+0000] {processor.py:840} INFO - DAG(s) 'example_xcom' retrieved from /home/airflow/.local/lib/python3.8/site-packages/airflow/example_dags/example_xcom.py
[2025-10-14T10:13:07.320+0000] {logging_mixin.py:188} INFO - [2025-10-14T10:13:07.320+0000] {dag.py:3036} INFO - Sync 1 DAGs
[2025-10-14T10:13:07.354+0000] {logging_mixin.py:188} INFO - [2025-10-14T10:13:07.354+0000] {dag.py:3823} INFO - Setting next_dagrun for example_xcom to 2021-01-01 00:00:00+00:00, run_after=2021-01-01 00:00:00+00:00
[2025-10-14T10:13:07.386+0000] {processor.py:183} INFO - Processing /home/airflow/.local/lib/python3.8/site-packages/airflow/example_dags/example_xcom.py took 0.126 seconds
[2025-10-14T10:13:38.998+0000] {processor.py:161} INFO - Started process (PID=77288) to work on /home/airflow/.local/lib/python3.8/site-packages/airflow/example_dags/example_xcom.py
[2025-10-14T10:13:39.000+0000] {processor.py:830} INFO - Processing file /home/airflow/.local/lib/python3.8/site-packages/airflow/example_dags/example_xcom.py for tasks to queue
[2025-10-14T10:13:39.002+0000] {logging_mixin.py:188} INFO - [2025-10-14T10:13:39.001+0000] {dagbag.py:538} INFO - Filling up the DagBag from /home/airflow/.local/lib/python3.8/site-packages/airflow/example_dags/example_xcom.py
[2025-10-14T10:13:39.013+0000] {processor.py:840} INFO - DAG(s) 'example_xcom' retrieved from /home/airflow/.local/lib/python3.8/site-packages/airflow/example_dags/example_xcom.py
[2025-10-14T10:13:39.051+0000] {logging_mixin.py:188} INFO - [2025-10-14T10:13:39.050+0000] {dag.py:3036} INFO - Sync 1 DAGs
[2025-10-14T10:13:39.081+0000] {logging_mixin.py:188} INFO - [2025-10-14T10:13:39.080+0000] {dag.py:3823} INFO - Setting next_dagrun for example_xcom to 2021-01-01 00:00:00+00:00, run_after=2021-01-01 00:00:00+00:00
[2025-10-14T10:13:39.111+0000] {processor.py:183} INFO - Processing /home/airflow/.local/lib/python3.8/site-packages/airflow/example_dags/example_xcom.py took 0.120 seconds
[2025-10-14T10:14:09.823+0000] {processor.py:161} INFO - Started process (PID=77358) to work on /home/airflow/.local/lib/python3.8/site-packages/airflow/example_dags/example_xcom.py
[2025-10-14T10:14:09.825+0000] {processor.py:830} INFO - Processing file /home/airflow/.local/lib/python3.8/site-packages/airflow/example_dags/example_xcom.py for tasks to queue
[2025-10-14T10:14:09.826+0000] {logging_mixin.py:188} INFO - [2025-10-14T10:14:09.826+0000] {dagbag.py:538} INFO - Filling up the DagBag from /home/airflow/.local/lib/python3.8/site-packages/airflow/example_dags/example_xcom.py
[2025-10-14T10:14:09.837+0000] {processor.py:840} INFO - DAG(s) 'example_xcom' retrieved from /home/airflow/.local/lib/python3.8/site-packages/airflow/example_dags/example_xcom.py
[2025-10-14T10:14:09.874+0000] {logging_mixin.py:188} INFO - [2025-10-14T10:14:09.873+0000] {dag.py:3036} INFO - Sync 1 DAGs
[2025-10-14T10:14:09.908+0000] {logging_mixin.py:188} INFO - [2025-10-14T10:14:09.907+0000] {dag.py:3823} INFO - Setting next_dagrun for example_xcom to 2021-01-01 00:00:00+00:00, run_after=2021-01-01 00:00:00+00:00
[2025-10-14T10:14:09.963+0000] {processor.py:183} INFO - Processing /home/airflow/.local/lib/python3.8/site-packages/airflow/example_dags/example_xcom.py took 0.146 seconds
[2025-10-14T10:14:40.489+0000] {processor.py:161} INFO - Started process (PID=77428) to work on /home/airflow/.local/lib/python3.8/site-packages/airflow/example_dags/example_xcom.py
[2025-10-14T10:14:40.491+0000] {processor.py:830} INFO - Processing file /home/airflow/.local/lib/python3.8/site-packages/airflow/example_dags/example_xcom.py for tasks to queue
[2025-10-14T10:14:40.493+0000] {logging_mixin.py:188} INFO - [2025-10-14T10:14:40.492+0000] {dagbag.py:538} INFO - Filling up the DagBag from /home/airflow/.local/lib/python3.8/site-packages/airflow/example_dags/example_xcom.py
[2025-10-14T10:14:40.505+0000] {processor.py:840} INFO - DAG(s) 'example_xcom' retrieved from /home/airflow/.local/lib/python3.8/site-packages/airflow/example_dags/example_xcom.py
[2025-10-14T10:14:40.552+0000] {logging_mixin.py:188} INFO - [2025-10-14T10:14:40.552+0000] {dag.py:3036} INFO - Sync 1 DAGs
[2025-10-14T10:14:40.593+0000] {logging_mixin.py:188} INFO - [2025-10-14T10:14:40.592+0000] {dag.py:3823} INFO - Setting next_dagrun for example_xcom to 2021-01-01 00:00:00+00:00, run_after=2021-01-01 00:00:00+00:00
[2025-10-14T10:14:40.647+0000] {processor.py:183} INFO - Processing /home/airflow/.local/lib/python3.8/site-packages/airflow/example_dags/example_xcom.py took 0.166 seconds
[2025-10-14T10:15:11.522+0000] {processor.py:161} INFO - Started process (PID=77498) to work on /home/airflow/.local/lib/python3.8/site-packages/airflow/example_dags/example_xcom.py
[2025-10-14T10:15:11.524+0000] {processor.py:830} INFO - Processing file /home/airflow/.local/lib/python3.8/site-packages/airflow/example_dags/example_xcom.py for tasks to queue
[2025-10-14T10:15:11.526+0000] {logging_mixin.py:188} INFO - [2025-10-14T10:15:11.526+0000] {dagbag.py:538} INFO - Filling up the DagBag from /home/airflow/.local/lib/python3.8/site-packages/airflow/example_dags/example_xcom.py
[2025-10-14T10:15:11.538+0000] {processor.py:840} INFO - DAG(s) 'example_xcom' retrieved from /home/airflow/.local/lib/python3.8/site-packages/airflow/example_dags/example_xcom.py
[2025-10-14T10:15:11.579+0000] {logging_mixin.py:188} INFO - [2025-10-14T10:15:11.579+0000] {dag.py:3036} INFO - Sync 1 DAGs
[2025-10-14T10:15:11.610+0000] {logging_mixin.py:188} INFO - [2025-10-14T10:15:11.610+0000] {dag.py:3823} INFO - Setting next_dagrun for example_xcom to 2021-01-01 00:00:00+00:00, run_after=2021-01-01 00:00:00+00:00
[2025-10-14T10:15:11.659+0000] {processor.py:183} INFO - Processing /home/airflow/.local/lib/python3.8/site-packages/airflow/example_dags/example_xcom.py took 0.142 seconds
[2025-10-14T10:15:42.879+0000] {processor.py:161} INFO - Started process (PID=77568) to work on /home/airflow/.local/lib/python3.8/site-packages/airflow/example_dags/example_xcom.py
[2025-10-14T10:15:42.881+0000] {processor.py:830} INFO - Processing file /home/airflow/.local/lib/python3.8/site-packages/airflow/example_dags/example_xcom.py for tasks to queue
[2025-10-14T10:15:42.882+0000] {logging_mixin.py:188} INFO - [2025-10-14T10:15:42.882+0000] {dagbag.py:538} INFO - Filling up the DagBag from /home/airflow/.local/lib/python3.8/site-packages/airflow/example_dags/example_xcom.py
[2025-10-14T10:15:42.893+0000] {processor.py:840} INFO - DAG(s) 'example_xcom' retrieved from /home/airflow/.local/lib/python3.8/site-packages/airflow/example_dags/example_xcom.py
[2025-10-14T10:15:42.929+0000] {logging_mixin.py:188} INFO - [2025-10-14T10:15:42.928+0000] {dag.py:3036} INFO - Sync 1 DAGs
[2025-10-14T10:15:42.958+0000] {logging_mixin.py:188} INFO - [2025-10-14T10:15:42.958+0000] {dag.py:3823} INFO - Setting next_dagrun for example_xcom to 2021-01-01 00:00:00+00:00, run_after=2021-01-01 00:00:00+00:00
[2025-10-14T10:15:42.985+0000] {processor.py:183} INFO - Processing /home/airflow/.local/lib/python3.8/site-packages/airflow/example_dags/example_xcom.py took 0.111 seconds
[2025-10-14T10:16:14.441+0000] {processor.py:161} INFO - Started process (PID=77644) to work on /home/airflow/.local/lib/python3.8/site-packages/airflow/example_dags/example_xcom.py
[2025-10-14T10:16:14.443+0000] {processor.py:830} INFO - Processing file /home/airflow/.local/lib/python3.8/site-packages/airflow/example_dags/example_xcom.py for tasks to queue
[2025-10-14T10:16:14.444+0000] {logging_mixin.py:188} INFO - [2025-10-14T10:16:14.444+0000] {dagbag.py:538} INFO - Filling up the DagBag from /home/airflow/.local/lib/python3.8/site-packages/airflow/example_dags/example_xcom.py
[2025-10-14T10:16:14.456+0000] {processor.py:840} INFO - DAG(s) 'example_xcom' retrieved from /home/airflow/.local/lib/python3.8/site-packages/airflow/example_dags/example_xcom.py
[2025-10-14T10:16:14.496+0000] {logging_mixin.py:188} INFO - [2025-10-14T10:16:14.496+0000] {dag.py:3036} INFO - Sync 1 DAGs
[2025-10-14T10:16:14.528+0000] {logging_mixin.py:188} INFO - [2025-10-14T10:16:14.527+0000] {dag.py:3823} INFO - Setting next_dagrun for example_xcom to 2021-01-01 00:00:00+00:00, run_after=2021-01-01 00:00:00+00:00
[2025-10-14T10:16:14.556+0000] {processor.py:183} INFO - Processing /home/airflow/.local/lib/python3.8/site-packages/airflow/example_dags/example_xcom.py took 0.120 seconds
[2025-10-14T10:16:45.409+0000] {processor.py:161} INFO - Started process (PID=77714) to work on /home/airflow/.local/lib/python3.8/site-packages/airflow/example_dags/example_xcom.py
[2025-10-14T10:16:45.412+0000] {processor.py:830} INFO - Processing file /home/airflow/.local/lib/python3.8/site-packages/airflow/example_dags/example_xcom.py for tasks to queue
[2025-10-14T10:16:45.415+0000] {logging_mixin.py:188} INFO - [2025-10-14T10:16:45.414+0000] {dagbag.py:538} INFO - Filling up the DagBag from /home/airflow/.local/lib/python3.8/site-packages/airflow/example_dags/example_xcom.py
[2025-10-14T10:16:45.430+0000] {processor.py:840} INFO - DAG(s) 'example_xcom' retrieved from /home/airflow/.local/lib/python3.8/site-packages/airflow/example_dags/example_xcom.py
[2025-10-14T10:16:45.467+0000] {logging_mixin.py:188} INFO - [2025-10-14T10:16:45.467+0000] {dag.py:3036} INFO - Sync 1 DAGs
[2025-10-14T10:16:45.496+0000] {logging_mixin.py:188} INFO - [2025-10-14T10:16:45.496+0000] {dag.py:3823} INFO - Setting next_dagrun for example_xcom to 2021-01-01 00:00:00+00:00, run_after=2021-01-01 00:00:00+00:00
[2025-10-14T10:16:45.556+0000] {processor.py:183} INFO - Processing /home/airflow/.local/lib/python3.8/site-packages/airflow/example_dags/example_xcom.py took 0.155 seconds
[2025-10-14T10:17:16.283+0000] {processor.py:161} INFO - Started process (PID=77784) to work on /home/airflow/.local/lib/python3.8/site-packages/airflow/example_dags/example_xcom.py
[2025-10-14T10:17:16.285+0000] {processor.py:830} INFO - Processing file /home/airflow/.local/lib/python3.8/site-packages/airflow/example_dags/example_xcom.py for tasks to queue
[2025-10-14T10:17:16.286+0000] {logging_mixin.py:188} INFO - [2025-10-14T10:17:16.286+0000] {dagbag.py:538} INFO - Filling up the DagBag from /home/airflow/.local/lib/python3.8/site-packages/airflow/example_dags/example_xcom.py
[2025-10-14T10:17:16.297+0000] {processor.py:840} INFO - DAG(s) 'example_xcom' retrieved from /home/airflow/.local/lib/python3.8/site-packages/airflow/example_dags/example_xcom.py
[2025-10-14T10:17:16.333+0000] {logging_mixin.py:188} INFO - [2025-10-14T10:17:16.332+0000] {dag.py:3036} INFO - Sync 1 DAGs
[2025-10-14T10:17:16.366+0000] {logging_mixin.py:188} INFO - [2025-10-14T10:17:16.366+0000] {dag.py:3823} INFO - Setting next_dagrun for example_xcom to 2021-01-01 00:00:00+00:00, run_after=2021-01-01 00:00:00+00:00
[2025-10-14T10:17:16.430+0000] {processor.py:183} INFO - Processing /home/airflow/.local/lib/python3.8/site-packages/airflow/example_dags/example_xcom.py took 0.151 seconds
[2025-10-14T10:17:47.304+0000] {processor.py:161} INFO - Started process (PID=77854) to work on /home/airflow/.local/lib/python3.8/site-packages/airflow/example_dags/example_xcom.py
[2025-10-14T10:17:47.306+0000] {processor.py:830} INFO - Processing file /home/airflow/.local/lib/python3.8/site-packages/airflow/example_dags/example_xcom.py for tasks to queue
[2025-10-14T10:17:47.308+0000] {logging_mixin.py:188} INFO - [2025-10-14T10:17:47.307+0000] {dagbag.py:538} INFO - Filling up the DagBag from /home/airflow/.local/lib/python3.8/site-packages/airflow/example_dags/example_xcom.py
[2025-10-14T10:17:47.318+0000] {processor.py:840} INFO - DAG(s) 'example_xcom' retrieved from /home/airflow/.local/lib/python3.8/site-packages/airflow/example_dags/example_xcom.py
[2025-10-14T10:17:47.352+0000] {logging_mixin.py:188} INFO - [2025-10-14T10:17:47.352+0000] {dag.py:3036} INFO - Sync 1 DAGs
[2025-10-14T10:17:47.383+0000] {logging_mixin.py:188} INFO - [2025-10-14T10:17:47.383+0000] {dag.py:3823} INFO - Setting next_dagrun for example_xcom to 2021-01-01 00:00:00+00:00, run_after=2021-01-01 00:00:00+00:00
[2025-10-14T10:17:47.411+0000] {processor.py:183} INFO - Processing /home/airflow/.local/lib/python3.8/site-packages/airflow/example_dags/example_xcom.py took 0.112 seconds
[2025-10-14T10:18:18.824+0000] {processor.py:161} INFO - Started process (PID=77924) to work on /home/airflow/.local/lib/python3.8/site-packages/airflow/example_dags/example_xcom.py
[2025-10-14T10:18:18.827+0000] {processor.py:830} INFO - Processing file /home/airflow/.local/lib/python3.8/site-packages/airflow/example_dags/example_xcom.py for tasks to queue
[2025-10-14T10:18:18.829+0000] {logging_mixin.py:188} INFO - [2025-10-14T10:18:18.828+0000] {dagbag.py:538} INFO - Filling up the DagBag from /home/airflow/.local/lib/python3.8/site-packages/airflow/example_dags/example_xcom.py
[2025-10-14T10:18:18.842+0000] {processor.py:840} INFO - DAG(s) 'example_xcom' retrieved from /home/airflow/.local/lib/python3.8/site-packages/airflow/example_dags/example_xcom.py
[2025-10-14T10:18:18.878+0000] {logging_mixin.py:188} INFO - [2025-10-14T10:18:18.878+0000] {dag.py:3036} INFO - Sync 1 DAGs
[2025-10-14T10:18:18.910+0000] {logging_mixin.py:188} INFO - [2025-10-14T10:18:18.910+0000] {dag.py:3823} INFO - Setting next_dagrun for example_xcom to 2021-01-01 00:00:00+00:00, run_after=2021-01-01 00:00:00+00:00
[2025-10-14T10:18:18.954+0000] {processor.py:183} INFO - Processing /home/airflow/.local/lib/python3.8/site-packages/airflow/example_dags/example_xcom.py took 0.139 seconds
[2025-10-14T10:18:49.959+0000] {processor.py:161} INFO - Started process (PID=77994) to work on /home/airflow/.local/lib/python3.8/site-packages/airflow/example_dags/example_xcom.py
[2025-10-14T10:18:49.961+0000] {processor.py:830} INFO - Processing file /home/airflow/.local/lib/python3.8/site-packages/airflow/example_dags/example_xcom.py for tasks to queue
[2025-10-14T10:18:49.964+0000] {logging_mixin.py:188} INFO - [2025-10-14T10:18:49.963+0000] {dagbag.py:538} INFO - Filling up the DagBag from /home/airflow/.local/lib/python3.8/site-packages/airflow/example_dags/example_xcom.py
[2025-10-14T10:18:49.986+0000] {processor.py:840} INFO - DAG(s) 'example_xcom' retrieved from /home/airflow/.local/lib/python3.8/site-packages/airflow/example_dags/example_xcom.py
[2025-10-14T10:18:50.037+0000] {logging_mixin.py:188} INFO - [2025-10-14T10:18:50.036+0000] {dag.py:3036} INFO - Sync 1 DAGs
[2025-10-14T10:18:50.075+0000] {logging_mixin.py:188} INFO - [2025-10-14T10:18:50.075+0000] {dag.py:3823} INFO - Setting next_dagrun for example_xcom to 2021-01-01 00:00:00+00:00, run_after=2021-01-01 00:00:00+00:00
[2025-10-14T10:18:50.121+0000] {processor.py:183} INFO - Processing /home/airflow/.local/lib/python3.8/site-packages/airflow/example_dags/example_xcom.py took 0.169 seconds
[2025-10-14T10:19:21.232+0000] {processor.py:161} INFO - Started process (PID=78064) to work on /home/airflow/.local/lib/python3.8/site-packages/airflow/example_dags/example_xcom.py
[2025-10-14T10:19:21.234+0000] {processor.py:830} INFO - Processing file /home/airflow/.local/lib/python3.8/site-packages/airflow/example_dags/example_xcom.py for tasks to queue
[2025-10-14T10:19:21.236+0000] {logging_mixin.py:188} INFO - [2025-10-14T10:19:21.236+0000] {dagbag.py:538} INFO - Filling up the DagBag from /home/airflow/.local/lib/python3.8/site-packages/airflow/example_dags/example_xcom.py
[2025-10-14T10:19:21.249+0000] {processor.py:840} INFO - DAG(s) 'example_xcom' retrieved from /home/airflow/.local/lib/python3.8/site-packages/airflow/example_dags/example_xcom.py
[2025-10-14T10:19:21.288+0000] {logging_mixin.py:188} INFO - [2025-10-14T10:19:21.288+0000] {dag.py:3036} INFO - Sync 1 DAGs
[2025-10-14T10:19:21.326+0000] {logging_mixin.py:188} INFO - [2025-10-14T10:19:21.326+0000] {dag.py:3823} INFO - Setting next_dagrun for example_xcom to 2021-01-01 00:00:00+00:00, run_after=2021-01-01 00:00:00+00:00
[2025-10-14T10:19:21.387+0000] {processor.py:183} INFO - Processing /home/airflow/.local/lib/python3.8/site-packages/airflow/example_dags/example_xcom.py took 0.160 seconds
[2025-10-14T10:19:51.966+0000] {processor.py:161} INFO - Started process (PID=78134) to work on /home/airflow/.local/lib/python3.8/site-packages/airflow/example_dags/example_xcom.py
[2025-10-14T10:19:51.969+0000] {processor.py:830} INFO - Processing file /home/airflow/.local/lib/python3.8/site-packages/airflow/example_dags/example_xcom.py for tasks to queue
[2025-10-14T10:19:51.971+0000] {logging_mixin.py:188} INFO - [2025-10-14T10:19:51.970+0000] {dagbag.py:538} INFO - Filling up the DagBag from /home/airflow/.local/lib/python3.8/site-packages/airflow/example_dags/example_xcom.py
[2025-10-14T10:19:51.991+0000] {processor.py:840} INFO - DAG(s) 'example_xcom' retrieved from /home/airflow/.local/lib/python3.8/site-packages/airflow/example_dags/example_xcom.py
[2025-10-14T10:19:52.036+0000] {logging_mixin.py:188} INFO - [2025-10-14T10:19:52.036+0000] {dag.py:3036} INFO - Sync 1 DAGs
[2025-10-14T10:19:52.083+0000] {logging_mixin.py:188} INFO - [2025-10-14T10:19:52.083+0000] {dag.py:3823} INFO - Setting next_dagrun for example_xcom to 2021-01-01 00:00:00+00:00, run_after=2021-01-01 00:00:00+00:00
[2025-10-14T10:19:52.125+0000] {processor.py:183} INFO - Processing /home/airflow/.local/lib/python3.8/site-packages/airflow/example_dags/example_xcom.py took 0.166 seconds
[2025-10-14T10:20:23.368+0000] {processor.py:161} INFO - Started process (PID=78204) to work on /home/airflow/.local/lib/python3.8/site-packages/airflow/example_dags/example_xcom.py
[2025-10-14T10:20:23.370+0000] {processor.py:830} INFO - Processing file /home/airflow/.local/lib/python3.8/site-packages/airflow/example_dags/example_xcom.py for tasks to queue
[2025-10-14T10:20:23.372+0000] {logging_mixin.py:188} INFO - [2025-10-14T10:20:23.371+0000] {dagbag.py:538} INFO - Filling up the DagBag from /home/airflow/.local/lib/python3.8/site-packages/airflow/example_dags/example_xcom.py
[2025-10-14T10:20:23.383+0000] {processor.py:840} INFO - DAG(s) 'example_xcom' retrieved from /home/airflow/.local/lib/python3.8/site-packages/airflow/example_dags/example_xcom.py
[2025-10-14T10:20:23.423+0000] {logging_mixin.py:188} INFO - [2025-10-14T10:20:23.423+0000] {dag.py:3036} INFO - Sync 1 DAGs
[2025-10-14T10:20:23.455+0000] {logging_mixin.py:188} INFO - [2025-10-14T10:20:23.455+0000] {dag.py:3823} INFO - Setting next_dagrun for example_xcom to 2021-01-01 00:00:00+00:00, run_after=2021-01-01 00:00:00+00:00
[2025-10-14T10:20:23.509+0000] {processor.py:183} INFO - Processing /home/airflow/.local/lib/python3.8/site-packages/airflow/example_dags/example_xcom.py took 0.145 seconds
[2025-10-14T10:20:54.532+0000] {processor.py:161} INFO - Started process (PID=78274) to work on /home/airflow/.local/lib/python3.8/site-packages/airflow/example_dags/example_xcom.py
[2025-10-14T10:20:54.534+0000] {processor.py:830} INFO - Processing file /home/airflow/.local/lib/python3.8/site-packages/airflow/example_dags/example_xcom.py for tasks to queue
[2025-10-14T10:20:54.536+0000] {logging_mixin.py:188} INFO - [2025-10-14T10:20:54.535+0000] {dagbag.py:538} INFO - Filling up the DagBag from /home/airflow/.local/lib/python3.8/site-packages/airflow/example_dags/example_xcom.py
[2025-10-14T10:20:54.547+0000] {processor.py:840} INFO - DAG(s) 'example_xcom' retrieved from /home/airflow/.local/lib/python3.8/site-packages/airflow/example_dags/example_xcom.py
[2025-10-14T10:20:54.589+0000] {logging_mixin.py:188} INFO - [2025-10-14T10:20:54.588+0000] {dag.py:3036} INFO - Sync 1 DAGs
[2025-10-14T10:20:54.630+0000] {logging_mixin.py:188} INFO - [2025-10-14T10:20:54.629+0000] {dag.py:3823} INFO - Setting next_dagrun for example_xcom to 2021-01-01 00:00:00+00:00, run_after=2021-01-01 00:00:00+00:00
[2025-10-14T10:20:54.685+0000] {processor.py:183} INFO - Processing /home/airflow/.local/lib/python3.8/site-packages/airflow/example_dags/example_xcom.py took 0.158 seconds
[2025-10-14T10:21:25.568+0000] {processor.py:161} INFO - Started process (PID=78344) to work on /home/airflow/.local/lib/python3.8/site-packages/airflow/example_dags/example_xcom.py
[2025-10-14T10:21:25.569+0000] {processor.py:830} INFO - Processing file /home/airflow/.local/lib/python3.8/site-packages/airflow/example_dags/example_xcom.py for tasks to queue
[2025-10-14T10:21:25.571+0000] {logging_mixin.py:188} INFO - [2025-10-14T10:21:25.570+0000] {dagbag.py:538} INFO - Filling up the DagBag from /home/airflow/.local/lib/python3.8/site-packages/airflow/example_dags/example_xcom.py
[2025-10-14T10:21:25.585+0000] {processor.py:840} INFO - DAG(s) 'example_xcom' retrieved from /home/airflow/.local/lib/python3.8/site-packages/airflow/example_dags/example_xcom.py
[2025-10-14T10:21:25.631+0000] {logging_mixin.py:188} INFO - [2025-10-14T10:21:25.631+0000] {dag.py:3036} INFO - Sync 1 DAGs
[2025-10-14T10:21:25.670+0000] {logging_mixin.py:188} INFO - [2025-10-14T10:21:25.669+0000] {dag.py:3823} INFO - Setting next_dagrun for example_xcom to 2021-01-01 00:00:00+00:00, run_after=2021-01-01 00:00:00+00:00
[2025-10-14T10:21:25.718+0000] {processor.py:183} INFO - Processing /home/airflow/.local/lib/python3.8/site-packages/airflow/example_dags/example_xcom.py took 0.156 seconds
[2025-10-14T10:21:56.331+0000] {processor.py:161} INFO - Started process (PID=78414) to work on /home/airflow/.local/lib/python3.8/site-packages/airflow/example_dags/example_xcom.py
[2025-10-14T10:21:56.334+0000] {processor.py:830} INFO - Processing file /home/airflow/.local/lib/python3.8/site-packages/airflow/example_dags/example_xcom.py for tasks to queue
[2025-10-14T10:21:56.337+0000] {logging_mixin.py:188} INFO - [2025-10-14T10:21:56.336+0000] {dagbag.py:538} INFO - Filling up the DagBag from /home/airflow/.local/lib/python3.8/site-packages/airflow/example_dags/example_xcom.py
[2025-10-14T10:21:56.357+0000] {processor.py:840} INFO - DAG(s) 'example_xcom' retrieved from /home/airflow/.local/lib/python3.8/site-packages/airflow/example_dags/example_xcom.py
[2025-10-14T10:21:56.400+0000] {logging_mixin.py:188} INFO - [2025-10-14T10:21:56.400+0000] {dag.py:3036} INFO - Sync 1 DAGs
[2025-10-14T10:21:56.431+0000] {logging_mixin.py:188} INFO - [2025-10-14T10:21:56.431+0000] {dag.py:3823} INFO - Setting next_dagrun for example_xcom to 2021-01-01 00:00:00+00:00, run_after=2021-01-01 00:00:00+00:00
[2025-10-14T10:21:56.480+0000] {processor.py:183} INFO - Processing /home/airflow/.local/lib/python3.8/site-packages/airflow/example_dags/example_xcom.py took 0.153 seconds
[2025-10-14T10:22:27.145+0000] {processor.py:161} INFO - Started process (PID=78484) to work on /home/airflow/.local/lib/python3.8/site-packages/airflow/example_dags/example_xcom.py
[2025-10-14T10:22:27.147+0000] {processor.py:830} INFO - Processing file /home/airflow/.local/lib/python3.8/site-packages/airflow/example_dags/example_xcom.py for tasks to queue
[2025-10-14T10:22:27.148+0000] {logging_mixin.py:188} INFO - [2025-10-14T10:22:27.148+0000] {dagbag.py:538} INFO - Filling up the DagBag from /home/airflow/.local/lib/python3.8/site-packages/airflow/example_dags/example_xcom.py
[2025-10-14T10:22:27.160+0000] {processor.py:840} INFO - DAG(s) 'example_xcom' retrieved from /home/airflow/.local/lib/python3.8/site-packages/airflow/example_dags/example_xcom.py
[2025-10-14T10:22:27.207+0000] {logging_mixin.py:188} INFO - [2025-10-14T10:22:27.207+0000] {dag.py:3036} INFO - Sync 1 DAGs
[2025-10-14T10:22:27.245+0000] {logging_mixin.py:188} INFO - [2025-10-14T10:22:27.244+0000] {dag.py:3823} INFO - Setting next_dagrun for example_xcom to 2021-01-01 00:00:00+00:00, run_after=2021-01-01 00:00:00+00:00
[2025-10-14T10:22:27.297+0000] {processor.py:183} INFO - Processing /home/airflow/.local/lib/python3.8/site-packages/airflow/example_dags/example_xcom.py took 0.158 seconds
[2025-10-14T10:22:58.038+0000] {processor.py:161} INFO - Started process (PID=78554) to work on /home/airflow/.local/lib/python3.8/site-packages/airflow/example_dags/example_xcom.py
[2025-10-14T10:22:58.040+0000] {processor.py:830} INFO - Processing file /home/airflow/.local/lib/python3.8/site-packages/airflow/example_dags/example_xcom.py for tasks to queue
[2025-10-14T10:22:58.043+0000] {logging_mixin.py:188} INFO - [2025-10-14T10:22:58.042+0000] {dagbag.py:538} INFO - Filling up the DagBag from /home/airflow/.local/lib/python3.8/site-packages/airflow/example_dags/example_xcom.py
[2025-10-14T10:22:58.054+0000] {processor.py:840} INFO - DAG(s) 'example_xcom' retrieved from /home/airflow/.local/lib/python3.8/site-packages/airflow/example_dags/example_xcom.py
[2025-10-14T10:22:58.092+0000] {logging_mixin.py:188} INFO - [2025-10-14T10:22:58.091+0000] {dag.py:3036} INFO - Sync 1 DAGs
[2025-10-14T10:22:58.120+0000] {logging_mixin.py:188} INFO - [2025-10-14T10:22:58.120+0000] {dag.py:3823} INFO - Setting next_dagrun for example_xcom to 2021-01-01 00:00:00+00:00, run_after=2021-01-01 00:00:00+00:00
[2025-10-14T10:22:58.181+0000] {processor.py:183} INFO - Processing /home/airflow/.local/lib/python3.8/site-packages/airflow/example_dags/example_xcom.py took 0.148 seconds
[2025-10-14T10:23:29.186+0000] {processor.py:161} INFO - Started process (PID=78624) to work on /home/airflow/.local/lib/python3.8/site-packages/airflow/example_dags/example_xcom.py
[2025-10-14T10:23:29.188+0000] {processor.py:830} INFO - Processing file /home/airflow/.local/lib/python3.8/site-packages/airflow/example_dags/example_xcom.py for tasks to queue
[2025-10-14T10:23:29.190+0000] {logging_mixin.py:188} INFO - [2025-10-14T10:23:29.189+0000] {dagbag.py:538} INFO - Filling up the DagBag from /home/airflow/.local/lib/python3.8/site-packages/airflow/example_dags/example_xcom.py
[2025-10-14T10:23:29.205+0000] {processor.py:840} INFO - DAG(s) 'example_xcom' retrieved from /home/airflow/.local/lib/python3.8/site-packages/airflow/example_dags/example_xcom.py
[2025-10-14T10:23:29.244+0000] {logging_mixin.py:188} INFO - [2025-10-14T10:23:29.244+0000] {dag.py:3036} INFO - Sync 1 DAGs
[2025-10-14T10:23:29.274+0000] {logging_mixin.py:188} INFO - [2025-10-14T10:23:29.274+0000] {dag.py:3823} INFO - Setting next_dagrun for example_xcom to 2021-01-01 00:00:00+00:00, run_after=2021-01-01 00:00:00+00:00
[2025-10-14T10:23:29.301+0000] {processor.py:183} INFO - Processing /home/airflow/.local/lib/python3.8/site-packages/airflow/example_dags/example_xcom.py took 0.122 seconds
[2025-10-14T10:24:00.086+0000] {processor.py:161} INFO - Started process (PID=78694) to work on /home/airflow/.local/lib/python3.8/site-packages/airflow/example_dags/example_xcom.py
[2025-10-14T10:24:00.088+0000] {processor.py:830} INFO - Processing file /home/airflow/.local/lib/python3.8/site-packages/airflow/example_dags/example_xcom.py for tasks to queue
[2025-10-14T10:24:00.090+0000] {logging_mixin.py:188} INFO - [2025-10-14T10:24:00.089+0000] {dagbag.py:538} INFO - Filling up the DagBag from /home/airflow/.local/lib/python3.8/site-packages/airflow/example_dags/example_xcom.py
[2025-10-14T10:24:00.105+0000] {processor.py:840} INFO - DAG(s) 'example_xcom' retrieved from /home/airflow/.local/lib/python3.8/site-packages/airflow/example_dags/example_xcom.py
[2025-10-14T10:24:00.156+0000] {logging_mixin.py:188} INFO - [2025-10-14T10:24:00.156+0000] {dag.py:3036} INFO - Sync 1 DAGs
[2025-10-14T10:24:00.195+0000] {logging_mixin.py:188} INFO - [2025-10-14T10:24:00.195+0000] {dag.py:3823} INFO - Setting next_dagrun for example_xcom to 2021-01-01 00:00:00+00:00, run_after=2021-01-01 00:00:00+00:00
[2025-10-14T10:24:00.259+0000] {processor.py:183} INFO - Processing /home/airflow/.local/lib/python3.8/site-packages/airflow/example_dags/example_xcom.py took 0.179 seconds
[2025-10-14T10:24:31.543+0000] {processor.py:161} INFO - Started process (PID=78764) to work on /home/airflow/.local/lib/python3.8/site-packages/airflow/example_dags/example_xcom.py
[2025-10-14T10:24:31.544+0000] {processor.py:830} INFO - Processing file /home/airflow/.local/lib/python3.8/site-packages/airflow/example_dags/example_xcom.py for tasks to queue
[2025-10-14T10:24:31.547+0000] {logging_mixin.py:188} INFO - [2025-10-14T10:24:31.546+0000] {dagbag.py:538} INFO - Filling up the DagBag from /home/airflow/.local/lib/python3.8/site-packages/airflow/example_dags/example_xcom.py
[2025-10-14T10:24:31.560+0000] {processor.py:840} INFO - DAG(s) 'example_xcom' retrieved from /home/airflow/.local/lib/python3.8/site-packages/airflow/example_dags/example_xcom.py
[2025-10-14T10:24:31.608+0000] {logging_mixin.py:188} INFO - [2025-10-14T10:24:31.607+0000] {dag.py:3036} INFO - Sync 1 DAGs
[2025-10-14T10:24:31.649+0000] {logging_mixin.py:188} INFO - [2025-10-14T10:24:31.648+0000] {dag.py:3823} INFO - Setting next_dagrun for example_xcom to 2021-01-01 00:00:00+00:00, run_after=2021-01-01 00:00:00+00:00
[2025-10-14T10:24:31.704+0000] {processor.py:183} INFO - Processing /home/airflow/.local/lib/python3.8/site-packages/airflow/example_dags/example_xcom.py took 0.167 seconds
[2025-10-14T10:25:03.313+0000] {processor.py:161} INFO - Started process (PID=78834) to work on /home/airflow/.local/lib/python3.8/site-packages/airflow/example_dags/example_xcom.py
[2025-10-14T10:25:03.315+0000] {processor.py:830} INFO - Processing file /home/airflow/.local/lib/python3.8/site-packages/airflow/example_dags/example_xcom.py for tasks to queue
[2025-10-14T10:25:03.317+0000] {logging_mixin.py:188} INFO - [2025-10-14T10:25:03.316+0000] {dagbag.py:538} INFO - Filling up the DagBag from /home/airflow/.local/lib/python3.8/site-packages/airflow/example_dags/example_xcom.py
[2025-10-14T10:25:03.331+0000] {processor.py:840} INFO - DAG(s) 'example_xcom' retrieved from /home/airflow/.local/lib/python3.8/site-packages/airflow/example_dags/example_xcom.py
[2025-10-14T10:25:03.377+0000] {logging_mixin.py:188} INFO - [2025-10-14T10:25:03.376+0000] {dag.py:3036} INFO - Sync 1 DAGs
[2025-10-14T10:25:03.417+0000] {logging_mixin.py:188} INFO - [2025-10-14T10:25:03.417+0000] {dag.py:3823} INFO - Setting next_dagrun for example_xcom to 2021-01-01 00:00:00+00:00, run_after=2021-01-01 00:00:00+00:00
[2025-10-14T10:25:03.472+0000] {processor.py:183} INFO - Processing /home/airflow/.local/lib/python3.8/site-packages/airflow/example_dags/example_xcom.py took 0.164 seconds
[2025-10-14T10:25:33.919+0000] {processor.py:161} INFO - Started process (PID=78904) to work on /home/airflow/.local/lib/python3.8/site-packages/airflow/example_dags/example_xcom.py
[2025-10-14T10:25:33.920+0000] {processor.py:830} INFO - Processing file /home/airflow/.local/lib/python3.8/site-packages/airflow/example_dags/example_xcom.py for tasks to queue
[2025-10-14T10:25:33.922+0000] {logging_mixin.py:188} INFO - [2025-10-14T10:25:33.922+0000] {dagbag.py:538} INFO - Filling up the DagBag from /home/airflow/.local/lib/python3.8/site-packages/airflow/example_dags/example_xcom.py
[2025-10-14T10:25:33.936+0000] {processor.py:840} INFO - DAG(s) 'example_xcom' retrieved from /home/airflow/.local/lib/python3.8/site-packages/airflow/example_dags/example_xcom.py
[2025-10-14T10:25:33.980+0000] {logging_mixin.py:188} INFO - [2025-10-14T10:25:33.980+0000] {dag.py:3036} INFO - Sync 1 DAGs
[2025-10-14T10:25:34.020+0000] {logging_mixin.py:188} INFO - [2025-10-14T10:25:34.019+0000] {dag.py:3823} INFO - Setting next_dagrun for example_xcom to 2021-01-01 00:00:00+00:00, run_after=2021-01-01 00:00:00+00:00
[2025-10-14T10:25:34.075+0000] {processor.py:183} INFO - Processing /home/airflow/.local/lib/python3.8/site-packages/airflow/example_dags/example_xcom.py took 0.162 seconds
[2025-10-14T10:26:05.214+0000] {processor.py:161} INFO - Started process (PID=78974) to work on /home/airflow/.local/lib/python3.8/site-packages/airflow/example_dags/example_xcom.py
[2025-10-14T10:26:05.216+0000] {processor.py:830} INFO - Processing file /home/airflow/.local/lib/python3.8/site-packages/airflow/example_dags/example_xcom.py for tasks to queue
[2025-10-14T10:26:05.225+0000] {logging_mixin.py:188} INFO - [2025-10-14T10:26:05.223+0000] {dagbag.py:538} INFO - Filling up the DagBag from /home/airflow/.local/lib/python3.8/site-packages/airflow/example_dags/example_xcom.py
[2025-10-14T10:26:05.248+0000] {processor.py:840} INFO - DAG(s) 'example_xcom' retrieved from /home/airflow/.local/lib/python3.8/site-packages/airflow/example_dags/example_xcom.py
[2025-10-14T10:26:05.328+0000] {logging_mixin.py:188} INFO - [2025-10-14T10:26:05.327+0000] {dag.py:3036} INFO - Sync 1 DAGs
[2025-10-14T10:26:05.401+0000] {logging_mixin.py:188} INFO - [2025-10-14T10:26:05.400+0000] {dag.py:3823} INFO - Setting next_dagrun for example_xcom to 2021-01-01 00:00:00+00:00, run_after=2021-01-01 00:00:00+00:00
[2025-10-14T10:26:05.467+0000] {processor.py:183} INFO - Processing /home/airflow/.local/lib/python3.8/site-packages/airflow/example_dags/example_xcom.py took 0.264 seconds
[2025-10-14T10:26:36.447+0000] {processor.py:161} INFO - Started process (PID=79044) to work on /home/airflow/.local/lib/python3.8/site-packages/airflow/example_dags/example_xcom.py
[2025-10-14T10:26:36.449+0000] {processor.py:830} INFO - Processing file /home/airflow/.local/lib/python3.8/site-packages/airflow/example_dags/example_xcom.py for tasks to queue
[2025-10-14T10:26:36.450+0000] {logging_mixin.py:188} INFO - [2025-10-14T10:26:36.450+0000] {dagbag.py:538} INFO - Filling up the DagBag from /home/airflow/.local/lib/python3.8/site-packages/airflow/example_dags/example_xcom.py
[2025-10-14T10:26:36.463+0000] {processor.py:840} INFO - DAG(s) 'example_xcom' retrieved from /home/airflow/.local/lib/python3.8/site-packages/airflow/example_dags/example_xcom.py
[2025-10-14T10:26:36.503+0000] {logging_mixin.py:188} INFO - [2025-10-14T10:26:36.502+0000] {dag.py:3036} INFO - Sync 1 DAGs
[2025-10-14T10:26:36.536+0000] {logging_mixin.py:188} INFO - [2025-10-14T10:26:36.535+0000] {dag.py:3823} INFO - Setting next_dagrun for example_xcom to 2021-01-01 00:00:00+00:00, run_after=2021-01-01 00:00:00+00:00
[2025-10-14T10:26:36.564+0000] {processor.py:183} INFO - Processing /home/airflow/.local/lib/python3.8/site-packages/airflow/example_dags/example_xcom.py took 0.122 seconds
[2025-10-14T10:27:07.392+0000] {processor.py:161} INFO - Started process (PID=79115) to work on /home/airflow/.local/lib/python3.8/site-packages/airflow/example_dags/example_xcom.py
[2025-10-14T10:27:07.393+0000] {processor.py:830} INFO - Processing file /home/airflow/.local/lib/python3.8/site-packages/airflow/example_dags/example_xcom.py for tasks to queue
[2025-10-14T10:27:07.395+0000] {logging_mixin.py:188} INFO - [2025-10-14T10:27:07.394+0000] {dagbag.py:538} INFO - Filling up the DagBag from /home/airflow/.local/lib/python3.8/site-packages/airflow/example_dags/example_xcom.py
[2025-10-14T10:27:07.406+0000] {processor.py:840} INFO - DAG(s) 'example_xcom' retrieved from /home/airflow/.local/lib/python3.8/site-packages/airflow/example_dags/example_xcom.py
[2025-10-14T10:27:07.442+0000] {logging_mixin.py:188} INFO - [2025-10-14T10:27:07.441+0000] {dag.py:3036} INFO - Sync 1 DAGs
[2025-10-14T10:27:07.471+0000] {logging_mixin.py:188} INFO - [2025-10-14T10:27:07.471+0000] {dag.py:3823} INFO - Setting next_dagrun for example_xcom to 2021-01-01 00:00:00+00:00, run_after=2021-01-01 00:00:00+00:00
[2025-10-14T10:27:07.516+0000] {processor.py:183} INFO - Processing /home/airflow/.local/lib/python3.8/site-packages/airflow/example_dags/example_xcom.py took 0.129 seconds
[2025-10-14T10:27:37.854+0000] {processor.py:161} INFO - Started process (PID=79183) to work on /home/airflow/.local/lib/python3.8/site-packages/airflow/example_dags/example_xcom.py
[2025-10-14T10:27:37.856+0000] {processor.py:830} INFO - Processing file /home/airflow/.local/lib/python3.8/site-packages/airflow/example_dags/example_xcom.py for tasks to queue
[2025-10-14T10:27:37.857+0000] {logging_mixin.py:188} INFO - [2025-10-14T10:27:37.857+0000] {dagbag.py:538} INFO - Filling up the DagBag from /home/airflow/.local/lib/python3.8/site-packages/airflow/example_dags/example_xcom.py
[2025-10-14T10:27:37.868+0000] {processor.py:840} INFO - DAG(s) 'example_xcom' retrieved from /home/airflow/.local/lib/python3.8/site-packages/airflow/example_dags/example_xcom.py
[2025-10-14T10:27:37.903+0000] {logging_mixin.py:188} INFO - [2025-10-14T10:27:37.903+0000] {dag.py:3036} INFO - Sync 1 DAGs
[2025-10-14T10:27:37.933+0000] {logging_mixin.py:188} INFO - [2025-10-14T10:27:37.933+0000] {dag.py:3823} INFO - Setting next_dagrun for example_xcom to 2021-01-01 00:00:00+00:00, run_after=2021-01-01 00:00:00+00:00
[2025-10-14T10:27:37.962+0000] {processor.py:183} INFO - Processing /home/airflow/.local/lib/python3.8/site-packages/airflow/example_dags/example_xcom.py took 0.112 seconds
[2025-10-14T10:28:08.483+0000] {processor.py:161} INFO - Started process (PID=79252) to work on /home/airflow/.local/lib/python3.8/site-packages/airflow/example_dags/example_xcom.py
[2025-10-14T10:28:08.485+0000] {processor.py:830} INFO - Processing file /home/airflow/.local/lib/python3.8/site-packages/airflow/example_dags/example_xcom.py for tasks to queue
[2025-10-14T10:28:08.487+0000] {logging_mixin.py:188} INFO - [2025-10-14T10:28:08.486+0000] {dagbag.py:538} INFO - Filling up the DagBag from /home/airflow/.local/lib/python3.8/site-packages/airflow/example_dags/example_xcom.py
[2025-10-14T10:28:08.503+0000] {processor.py:840} INFO - DAG(s) 'example_xcom' retrieved from /home/airflow/.local/lib/python3.8/site-packages/airflow/example_dags/example_xcom.py
[2025-10-14T10:28:08.547+0000] {logging_mixin.py:188} INFO - [2025-10-14T10:28:08.547+0000] {dag.py:3036} INFO - Sync 1 DAGs
[2025-10-14T10:28:08.586+0000] {logging_mixin.py:188} INFO - [2025-10-14T10:28:08.586+0000] {dag.py:3823} INFO - Setting next_dagrun for example_xcom to 2021-01-01 00:00:00+00:00, run_after=2021-01-01 00:00:00+00:00
[2025-10-14T10:28:08.640+0000] {processor.py:183} INFO - Processing /home/airflow/.local/lib/python3.8/site-packages/airflow/example_dags/example_xcom.py took 0.166 seconds
[2025-10-14T10:28:39.397+0000] {processor.py:161} INFO - Started process (PID=79321) to work on /home/airflow/.local/lib/python3.8/site-packages/airflow/example_dags/example_xcom.py
[2025-10-14T10:28:39.401+0000] {processor.py:830} INFO - Processing file /home/airflow/.local/lib/python3.8/site-packages/airflow/example_dags/example_xcom.py for tasks to queue
[2025-10-14T10:28:39.405+0000] {logging_mixin.py:188} INFO - [2025-10-14T10:28:39.404+0000] {dagbag.py:538} INFO - Filling up the DagBag from /home/airflow/.local/lib/python3.8/site-packages/airflow/example_dags/example_xcom.py
[2025-10-14T10:28:39.432+0000] {processor.py:840} INFO - DAG(s) 'example_xcom' retrieved from /home/airflow/.local/lib/python3.8/site-packages/airflow/example_dags/example_xcom.py
[2025-10-14T10:28:39.491+0000] {logging_mixin.py:188} INFO - [2025-10-14T10:28:39.490+0000] {dag.py:3036} INFO - Sync 1 DAGs
[2025-10-14T10:28:39.536+0000] {logging_mixin.py:188} INFO - [2025-10-14T10:28:39.536+0000] {dag.py:3823} INFO - Setting next_dagrun for example_xcom to 2021-01-01 00:00:00+00:00, run_after=2021-01-01 00:00:00+00:00
[2025-10-14T10:28:39.570+0000] {processor.py:183} INFO - Processing /home/airflow/.local/lib/python3.8/site-packages/airflow/example_dags/example_xcom.py took 0.184 seconds
[2025-10-14T10:29:10.117+0000] {processor.py:161} INFO - Started process (PID=79392) to work on /home/airflow/.local/lib/python3.8/site-packages/airflow/example_dags/example_xcom.py
[2025-10-14T10:29:10.119+0000] {processor.py:830} INFO - Processing file /home/airflow/.local/lib/python3.8/site-packages/airflow/example_dags/example_xcom.py for tasks to queue
[2025-10-14T10:29:10.121+0000] {logging_mixin.py:188} INFO - [2025-10-14T10:29:10.121+0000] {dagbag.py:538} INFO - Filling up the DagBag from /home/airflow/.local/lib/python3.8/site-packages/airflow/example_dags/example_xcom.py
[2025-10-14T10:29:10.136+0000] {processor.py:840} INFO - DAG(s) 'example_xcom' retrieved from /home/airflow/.local/lib/python3.8/site-packages/airflow/example_dags/example_xcom.py
[2025-10-14T10:29:10.174+0000] {logging_mixin.py:188} INFO - [2025-10-14T10:29:10.174+0000] {dag.py:3036} INFO - Sync 1 DAGs
[2025-10-14T10:29:10.205+0000] {logging_mixin.py:188} INFO - [2025-10-14T10:29:10.205+0000] {dag.py:3823} INFO - Setting next_dagrun for example_xcom to 2021-01-01 00:00:00+00:00, run_after=2021-01-01 00:00:00+00:00
[2025-10-14T10:29:10.290+0000] {processor.py:183} INFO - Processing /home/airflow/.local/lib/python3.8/site-packages/airflow/example_dags/example_xcom.py took 0.179 seconds
[2025-10-14T10:29:42.572+0000] {processor.py:161} INFO - Started process (PID=79464) to work on /home/airflow/.local/lib/python3.8/site-packages/airflow/example_dags/example_xcom.py
[2025-10-14T10:29:42.573+0000] {processor.py:830} INFO - Processing file /home/airflow/.local/lib/python3.8/site-packages/airflow/example_dags/example_xcom.py for tasks to queue
[2025-10-14T10:29:42.575+0000] {logging_mixin.py:188} INFO - [2025-10-14T10:29:42.575+0000] {dagbag.py:538} INFO - Filling up the DagBag from /home/airflow/.local/lib/python3.8/site-packages/airflow/example_dags/example_xcom.py
[2025-10-14T10:29:42.588+0000] {processor.py:840} INFO - DAG(s) 'example_xcom' retrieved from /home/airflow/.local/lib/python3.8/site-packages/airflow/example_dags/example_xcom.py
[2025-10-14T10:29:42.623+0000] {logging_mixin.py:188} INFO - [2025-10-14T10:29:42.623+0000] {dag.py:3036} INFO - Sync 1 DAGs
[2025-10-14T10:29:42.655+0000] {logging_mixin.py:188} INFO - [2025-10-14T10:29:42.655+0000] {dag.py:3823} INFO - Setting next_dagrun for example_xcom to 2021-01-01 00:00:00+00:00, run_after=2021-01-01 00:00:00+00:00
[2025-10-14T10:29:42.716+0000] {processor.py:183} INFO - Processing /home/airflow/.local/lib/python3.8/site-packages/airflow/example_dags/example_xcom.py took 0.150 seconds
[2025-10-14T10:30:13.625+0000] {processor.py:161} INFO - Started process (PID=79534) to work on /home/airflow/.local/lib/python3.8/site-packages/airflow/example_dags/example_xcom.py
[2025-10-14T10:30:13.627+0000] {processor.py:830} INFO - Processing file /home/airflow/.local/lib/python3.8/site-packages/airflow/example_dags/example_xcom.py for tasks to queue
[2025-10-14T10:30:13.628+0000] {logging_mixin.py:188} INFO - [2025-10-14T10:30:13.628+0000] {dagbag.py:538} INFO - Filling up the DagBag from /home/airflow/.local/lib/python3.8/site-packages/airflow/example_dags/example_xcom.py
[2025-10-14T10:30:13.641+0000] {processor.py:840} INFO - DAG(s) 'example_xcom' retrieved from /home/airflow/.local/lib/python3.8/site-packages/airflow/example_dags/example_xcom.py
[2025-10-14T10:30:13.684+0000] {logging_mixin.py:188} INFO - [2025-10-14T10:30:13.684+0000] {dag.py:3036} INFO - Sync 1 DAGs
[2025-10-14T10:30:13.724+0000] {logging_mixin.py:188} INFO - [2025-10-14T10:30:13.723+0000] {dag.py:3823} INFO - Setting next_dagrun for example_xcom to 2021-01-01 00:00:00+00:00, run_after=2021-01-01 00:00:00+00:00
[2025-10-14T10:30:13.753+0000] {processor.py:183} INFO - Processing /home/airflow/.local/lib/python3.8/site-packages/airflow/example_dags/example_xcom.py took 0.132 seconds
[2025-10-14T10:30:44.467+0000] {processor.py:161} INFO - Started process (PID=79604) to work on /home/airflow/.local/lib/python3.8/site-packages/airflow/example_dags/example_xcom.py
[2025-10-14T10:30:44.469+0000] {processor.py:830} INFO - Processing file /home/airflow/.local/lib/python3.8/site-packages/airflow/example_dags/example_xcom.py for tasks to queue
[2025-10-14T10:30:44.470+0000] {logging_mixin.py:188} INFO - [2025-10-14T10:30:44.470+0000] {dagbag.py:538} INFO - Filling up the DagBag from /home/airflow/.local/lib/python3.8/site-packages/airflow/example_dags/example_xcom.py
[2025-10-14T10:30:44.481+0000] {processor.py:840} INFO - DAG(s) 'example_xcom' retrieved from /home/airflow/.local/lib/python3.8/site-packages/airflow/example_dags/example_xcom.py
[2025-10-14T10:30:44.519+0000] {logging_mixin.py:188} INFO - [2025-10-14T10:30:44.519+0000] {dag.py:3036} INFO - Sync 1 DAGs
[2025-10-14T10:30:44.548+0000] {logging_mixin.py:188} INFO - [2025-10-14T10:30:44.548+0000] {dag.py:3823} INFO - Setting next_dagrun for example_xcom to 2021-01-01 00:00:00+00:00, run_after=2021-01-01 00:00:00+00:00
[2025-10-14T10:30:44.575+0000] {processor.py:183} INFO - Processing /home/airflow/.local/lib/python3.8/site-packages/airflow/example_dags/example_xcom.py took 0.113 seconds
[2025-10-14T10:31:15.388+0000] {processor.py:161} INFO - Started process (PID=79674) to work on /home/airflow/.local/lib/python3.8/site-packages/airflow/example_dags/example_xcom.py
[2025-10-14T10:31:15.390+0000] {processor.py:830} INFO - Processing file /home/airflow/.local/lib/python3.8/site-packages/airflow/example_dags/example_xcom.py for tasks to queue
[2025-10-14T10:31:15.391+0000] {logging_mixin.py:188} INFO - [2025-10-14T10:31:15.391+0000] {dagbag.py:538} INFO - Filling up the DagBag from /home/airflow/.local/lib/python3.8/site-packages/airflow/example_dags/example_xcom.py
[2025-10-14T10:31:15.402+0000] {processor.py:840} INFO - DAG(s) 'example_xcom' retrieved from /home/airflow/.local/lib/python3.8/site-packages/airflow/example_dags/example_xcom.py
[2025-10-14T10:31:15.439+0000] {logging_mixin.py:188} INFO - [2025-10-14T10:31:15.438+0000] {dag.py:3036} INFO - Sync 1 DAGs
[2025-10-14T10:31:15.470+0000] {logging_mixin.py:188} INFO - [2025-10-14T10:31:15.470+0000] {dag.py:3823} INFO - Setting next_dagrun for example_xcom to 2021-01-01 00:00:00+00:00, run_after=2021-01-01 00:00:00+00:00
[2025-10-14T10:31:15.516+0000] {processor.py:183} INFO - Processing /home/airflow/.local/lib/python3.8/site-packages/airflow/example_dags/example_xcom.py took 0.133 seconds
[2025-10-14T10:31:46.437+0000] {processor.py:161} INFO - Started process (PID=79743) to work on /home/airflow/.local/lib/python3.8/site-packages/airflow/example_dags/example_xcom.py
[2025-10-14T10:31:46.441+0000] {processor.py:830} INFO - Processing file /home/airflow/.local/lib/python3.8/site-packages/airflow/example_dags/example_xcom.py for tasks to queue
[2025-10-14T10:31:46.443+0000] {logging_mixin.py:188} INFO - [2025-10-14T10:31:46.443+0000] {dagbag.py:538} INFO - Filling up the DagBag from /home/airflow/.local/lib/python3.8/site-packages/airflow/example_dags/example_xcom.py
[2025-10-14T10:31:46.460+0000] {processor.py:840} INFO - DAG(s) 'example_xcom' retrieved from /home/airflow/.local/lib/python3.8/site-packages/airflow/example_dags/example_xcom.py
[2025-10-14T10:31:46.499+0000] {logging_mixin.py:188} INFO - [2025-10-14T10:31:46.499+0000] {dag.py:3036} INFO - Sync 1 DAGs
[2025-10-14T10:31:46.529+0000] {logging_mixin.py:188} INFO - [2025-10-14T10:31:46.529+0000] {dag.py:3823} INFO - Setting next_dagrun for example_xcom to 2021-01-01 00:00:00+00:00, run_after=2021-01-01 00:00:00+00:00
[2025-10-14T10:31:46.559+0000] {processor.py:183} INFO - Processing /home/airflow/.local/lib/python3.8/site-packages/airflow/example_dags/example_xcom.py took 0.128 seconds
[2025-10-14T10:32:16.793+0000] {processor.py:161} INFO - Started process (PID=79811) to work on /home/airflow/.local/lib/python3.8/site-packages/airflow/example_dags/example_xcom.py
[2025-10-14T10:32:16.798+0000] {processor.py:830} INFO - Processing file /home/airflow/.local/lib/python3.8/site-packages/airflow/example_dags/example_xcom.py for tasks to queue
[2025-10-14T10:32:16.802+0000] {logging_mixin.py:188} INFO - [2025-10-14T10:32:16.801+0000] {dagbag.py:538} INFO - Filling up the DagBag from /home/airflow/.local/lib/python3.8/site-packages/airflow/example_dags/example_xcom.py
[2025-10-14T10:32:16.835+0000] {processor.py:840} INFO - DAG(s) 'example_xcom' retrieved from /home/airflow/.local/lib/python3.8/site-packages/airflow/example_dags/example_xcom.py
[2025-10-14T10:32:16.885+0000] {logging_mixin.py:188} INFO - [2025-10-14T10:32:16.884+0000] {dag.py:3036} INFO - Sync 1 DAGs
[2025-10-14T10:32:16.915+0000] {logging_mixin.py:188} INFO - [2025-10-14T10:32:16.914+0000] {dag.py:3823} INFO - Setting next_dagrun for example_xcom to 2021-01-01 00:00:00+00:00, run_after=2021-01-01 00:00:00+00:00
[2025-10-14T10:32:16.986+0000] {processor.py:183} INFO - Processing /home/airflow/.local/lib/python3.8/site-packages/airflow/example_dags/example_xcom.py took 0.211 seconds
[2025-10-14T10:32:47.278+0000] {processor.py:161} INFO - Started process (PID=79887) to work on /home/airflow/.local/lib/python3.8/site-packages/airflow/example_dags/example_xcom.py
[2025-10-14T10:32:47.280+0000] {processor.py:830} INFO - Processing file /home/airflow/.local/lib/python3.8/site-packages/airflow/example_dags/example_xcom.py for tasks to queue
[2025-10-14T10:32:47.282+0000] {logging_mixin.py:188} INFO - [2025-10-14T10:32:47.281+0000] {dagbag.py:538} INFO - Filling up the DagBag from /home/airflow/.local/lib/python3.8/site-packages/airflow/example_dags/example_xcom.py
[2025-10-14T10:32:47.293+0000] {processor.py:840} INFO - DAG(s) 'example_xcom' retrieved from /home/airflow/.local/lib/python3.8/site-packages/airflow/example_dags/example_xcom.py
[2025-10-14T10:32:47.332+0000] {logging_mixin.py:188} INFO - [2025-10-14T10:32:47.331+0000] {dag.py:3036} INFO - Sync 1 DAGs
[2025-10-14T10:32:47.364+0000] {logging_mixin.py:188} INFO - [2025-10-14T10:32:47.363+0000] {dag.py:3823} INFO - Setting next_dagrun for example_xcom to 2021-01-01 00:00:00+00:00, run_after=2021-01-01 00:00:00+00:00
[2025-10-14T10:32:47.392+0000] {processor.py:183} INFO - Processing /home/airflow/.local/lib/python3.8/site-packages/airflow/example_dags/example_xcom.py took 0.120 seconds
[2025-10-14T10:33:19.383+0000] {processor.py:161} INFO - Started process (PID=79957) to work on /home/airflow/.local/lib/python3.8/site-packages/airflow/example_dags/example_xcom.py
[2025-10-14T10:33:19.385+0000] {processor.py:830} INFO - Processing file /home/airflow/.local/lib/python3.8/site-packages/airflow/example_dags/example_xcom.py for tasks to queue
[2025-10-14T10:33:19.389+0000] {logging_mixin.py:188} INFO - [2025-10-14T10:33:19.387+0000] {dagbag.py:538} INFO - Filling up the DagBag from /home/airflow/.local/lib/python3.8/site-packages/airflow/example_dags/example_xcom.py
[2025-10-14T10:33:19.407+0000] {processor.py:840} INFO - DAG(s) 'example_xcom' retrieved from /home/airflow/.local/lib/python3.8/site-packages/airflow/example_dags/example_xcom.py
[2025-10-14T10:33:19.472+0000] {logging_mixin.py:188} INFO - [2025-10-14T10:33:19.471+0000] {dag.py:3036} INFO - Sync 1 DAGs
[2025-10-14T10:33:19.531+0000] {logging_mixin.py:188} INFO - [2025-10-14T10:33:19.530+0000] {dag.py:3823} INFO - Setting next_dagrun for example_xcom to 2021-01-01 00:00:00+00:00, run_after=2021-01-01 00:00:00+00:00
[2025-10-14T10:33:19.612+0000] {processor.py:183} INFO - Processing /home/airflow/.local/lib/python3.8/site-packages/airflow/example_dags/example_xcom.py took 0.237 seconds
[2025-10-14T10:33:50.397+0000] {processor.py:161} INFO - Started process (PID=80027) to work on /home/airflow/.local/lib/python3.8/site-packages/airflow/example_dags/example_xcom.py
[2025-10-14T10:33:50.398+0000] {processor.py:830} INFO - Processing file /home/airflow/.local/lib/python3.8/site-packages/airflow/example_dags/example_xcom.py for tasks to queue
[2025-10-14T10:33:50.401+0000] {logging_mixin.py:188} INFO - [2025-10-14T10:33:50.400+0000] {dagbag.py:538} INFO - Filling up the DagBag from /home/airflow/.local/lib/python3.8/site-packages/airflow/example_dags/example_xcom.py
[2025-10-14T10:33:50.434+0000] {processor.py:840} INFO - DAG(s) 'example_xcom' retrieved from /home/airflow/.local/lib/python3.8/site-packages/airflow/example_dags/example_xcom.py
[2025-10-14T10:33:50.494+0000] {logging_mixin.py:188} INFO - [2025-10-14T10:33:50.494+0000] {dag.py:3036} INFO - Sync 1 DAGs
[2025-10-14T10:33:50.540+0000] {logging_mixin.py:188} INFO - [2025-10-14T10:33:50.539+0000] {dag.py:3823} INFO - Setting next_dagrun for example_xcom to 2021-01-01 00:00:00+00:00, run_after=2021-01-01 00:00:00+00:00
[2025-10-14T10:33:50.593+0000] {processor.py:183} INFO - Processing /home/airflow/.local/lib/python3.8/site-packages/airflow/example_dags/example_xcom.py took 0.202 seconds
[2025-10-14T10:34:22.122+0000] {processor.py:161} INFO - Started process (PID=80097) to work on /home/airflow/.local/lib/python3.8/site-packages/airflow/example_dags/example_xcom.py
[2025-10-14T10:34:22.124+0000] {processor.py:830} INFO - Processing file /home/airflow/.local/lib/python3.8/site-packages/airflow/example_dags/example_xcom.py for tasks to queue
[2025-10-14T10:34:22.126+0000] {logging_mixin.py:188} INFO - [2025-10-14T10:34:22.126+0000] {dagbag.py:538} INFO - Filling up the DagBag from /home/airflow/.local/lib/python3.8/site-packages/airflow/example_dags/example_xcom.py
[2025-10-14T10:34:22.138+0000] {processor.py:840} INFO - DAG(s) 'example_xcom' retrieved from /home/airflow/.local/lib/python3.8/site-packages/airflow/example_dags/example_xcom.py
[2025-10-14T10:34:22.177+0000] {logging_mixin.py:188} INFO - [2025-10-14T10:34:22.176+0000] {dag.py:3036} INFO - Sync 1 DAGs
[2025-10-14T10:34:22.207+0000] {logging_mixin.py:188} INFO - [2025-10-14T10:34:22.207+0000] {dag.py:3823} INFO - Setting next_dagrun for example_xcom to 2021-01-01 00:00:00+00:00, run_after=2021-01-01 00:00:00+00:00
[2025-10-14T10:34:22.256+0000] {processor.py:183} INFO - Processing /home/airflow/.local/lib/python3.8/site-packages/airflow/example_dags/example_xcom.py took 0.140 seconds
[2025-10-14T10:34:53.502+0000] {processor.py:161} INFO - Started process (PID=80166) to work on /home/airflow/.local/lib/python3.8/site-packages/airflow/example_dags/example_xcom.py
[2025-10-14T10:34:53.505+0000] {processor.py:830} INFO - Processing file /home/airflow/.local/lib/python3.8/site-packages/airflow/example_dags/example_xcom.py for tasks to queue
[2025-10-14T10:34:53.507+0000] {logging_mixin.py:188} INFO - [2025-10-14T10:34:53.507+0000] {dagbag.py:538} INFO - Filling up the DagBag from /home/airflow/.local/lib/python3.8/site-packages/airflow/example_dags/example_xcom.py
[2025-10-14T10:34:53.529+0000] {processor.py:840} INFO - DAG(s) 'example_xcom' retrieved from /home/airflow/.local/lib/python3.8/site-packages/airflow/example_dags/example_xcom.py
[2025-10-14T10:34:53.591+0000] {logging_mixin.py:188} INFO - [2025-10-14T10:34:53.590+0000] {dag.py:3036} INFO - Sync 1 DAGs
[2025-10-14T10:34:53.623+0000] {logging_mixin.py:188} INFO - [2025-10-14T10:34:53.622+0000] {dag.py:3823} INFO - Setting next_dagrun for example_xcom to 2021-01-01 00:00:00+00:00, run_after=2021-01-01 00:00:00+00:00
[2025-10-14T10:34:53.660+0000] {processor.py:183} INFO - Processing /home/airflow/.local/lib/python3.8/site-packages/airflow/example_dags/example_xcom.py took 0.167 seconds
[2025-10-14T10:35:24.075+0000] {processor.py:161} INFO - Started process (PID=80236) to work on /home/airflow/.local/lib/python3.8/site-packages/airflow/example_dags/example_xcom.py
[2025-10-14T10:35:24.077+0000] {processor.py:830} INFO - Processing file /home/airflow/.local/lib/python3.8/site-packages/airflow/example_dags/example_xcom.py for tasks to queue
[2025-10-14T10:35:24.079+0000] {logging_mixin.py:188} INFO - [2025-10-14T10:35:24.079+0000] {dagbag.py:538} INFO - Filling up the DagBag from /home/airflow/.local/lib/python3.8/site-packages/airflow/example_dags/example_xcom.py
[2025-10-14T10:35:24.094+0000] {processor.py:840} INFO - DAG(s) 'example_xcom' retrieved from /home/airflow/.local/lib/python3.8/site-packages/airflow/example_dags/example_xcom.py
[2025-10-14T10:35:24.141+0000] {logging_mixin.py:188} INFO - [2025-10-14T10:35:24.141+0000] {dag.py:3036} INFO - Sync 1 DAGs
[2025-10-14T10:35:24.175+0000] {logging_mixin.py:188} INFO - [2025-10-14T10:35:24.175+0000] {dag.py:3823} INFO - Setting next_dagrun for example_xcom to 2021-01-01 00:00:00+00:00, run_after=2021-01-01 00:00:00+00:00
[2025-10-14T10:35:24.225+0000] {processor.py:183} INFO - Processing /home/airflow/.local/lib/python3.8/site-packages/airflow/example_dags/example_xcom.py took 0.156 seconds
[2025-10-14T11:45:34.061+0000] {processor.py:161} INFO - Started process (PID=80311) to work on /home/airflow/.local/lib/python3.8/site-packages/airflow/example_dags/example_xcom.py
[2025-10-14T11:45:34.064+0000] {processor.py:830} INFO - Processing file /home/airflow/.local/lib/python3.8/site-packages/airflow/example_dags/example_xcom.py for tasks to queue
[2025-10-14T11:45:34.067+0000] {logging_mixin.py:188} INFO - [2025-10-14T11:45:34.066+0000] {dagbag.py:538} INFO - Filling up the DagBag from /home/airflow/.local/lib/python3.8/site-packages/airflow/example_dags/example_xcom.py
[2025-10-14T11:45:34.086+0000] {processor.py:840} INFO - DAG(s) 'example_xcom' retrieved from /home/airflow/.local/lib/python3.8/site-packages/airflow/example_dags/example_xcom.py
[2025-10-14T11:45:34.146+0000] {logging_mixin.py:188} INFO - [2025-10-14T11:45:34.145+0000] {dag.py:3036} INFO - Sync 1 DAGs
[2025-10-14T11:45:34.201+0000] {logging_mixin.py:188} INFO - [2025-10-14T11:45:34.201+0000] {dag.py:3823} INFO - Setting next_dagrun for example_xcom to 2021-01-01 00:00:00+00:00, run_after=2021-01-01 00:00:00+00:00
[2025-10-14T11:45:34.246+0000] {processor.py:183} INFO - Processing /home/airflow/.local/lib/python3.8/site-packages/airflow/example_dags/example_xcom.py took 0.192 seconds
[2025-10-14T11:46:04.940+0000] {processor.py:161} INFO - Started process (PID=80381) to work on /home/airflow/.local/lib/python3.8/site-packages/airflow/example_dags/example_xcom.py
[2025-10-14T11:46:04.943+0000] {processor.py:830} INFO - Processing file /home/airflow/.local/lib/python3.8/site-packages/airflow/example_dags/example_xcom.py for tasks to queue
[2025-10-14T11:46:04.945+0000] {logging_mixin.py:188} INFO - [2025-10-14T11:46:04.944+0000] {dagbag.py:538} INFO - Filling up the DagBag from /home/airflow/.local/lib/python3.8/site-packages/airflow/example_dags/example_xcom.py
[2025-10-14T11:46:04.961+0000] {processor.py:840} INFO - DAG(s) 'example_xcom' retrieved from /home/airflow/.local/lib/python3.8/site-packages/airflow/example_dags/example_xcom.py
[2025-10-14T11:46:04.997+0000] {logging_mixin.py:188} INFO - [2025-10-14T11:46:04.996+0000] {dag.py:3036} INFO - Sync 1 DAGs
[2025-10-14T11:46:05.027+0000] {logging_mixin.py:188} INFO - [2025-10-14T11:46:05.026+0000] {dag.py:3823} INFO - Setting next_dagrun for example_xcom to 2021-01-01 00:00:00+00:00, run_after=2021-01-01 00:00:00+00:00
[2025-10-14T11:46:05.049+0000] {processor.py:183} INFO - Processing /home/airflow/.local/lib/python3.8/site-packages/airflow/example_dags/example_xcom.py took 0.113 seconds
[2025-10-14T11:46:35.262+0000] {processor.py:161} INFO - Started process (PID=80451) to work on /home/airflow/.local/lib/python3.8/site-packages/airflow/example_dags/example_xcom.py
[2025-10-14T11:46:35.264+0000] {processor.py:830} INFO - Processing file /home/airflow/.local/lib/python3.8/site-packages/airflow/example_dags/example_xcom.py for tasks to queue
[2025-10-14T11:46:35.266+0000] {logging_mixin.py:188} INFO - [2025-10-14T11:46:35.265+0000] {dagbag.py:538} INFO - Filling up the DagBag from /home/airflow/.local/lib/python3.8/site-packages/airflow/example_dags/example_xcom.py
[2025-10-14T11:46:35.279+0000] {processor.py:840} INFO - DAG(s) 'example_xcom' retrieved from /home/airflow/.local/lib/python3.8/site-packages/airflow/example_dags/example_xcom.py
[2025-10-14T11:46:35.317+0000] {logging_mixin.py:188} INFO - [2025-10-14T11:46:35.317+0000] {dag.py:3036} INFO - Sync 1 DAGs
[2025-10-14T11:46:35.358+0000] {logging_mixin.py:188} INFO - [2025-10-14T11:46:35.358+0000] {dag.py:3823} INFO - Setting next_dagrun for example_xcom to 2021-01-01 00:00:00+00:00, run_after=2021-01-01 00:00:00+00:00
[2025-10-14T11:46:35.413+0000] {processor.py:183} INFO - Processing /home/airflow/.local/lib/python3.8/site-packages/airflow/example_dags/example_xcom.py took 0.155 seconds
[2025-10-14T11:47:06.354+0000] {processor.py:161} INFO - Started process (PID=80521) to work on /home/airflow/.local/lib/python3.8/site-packages/airflow/example_dags/example_xcom.py
[2025-10-14T11:47:06.358+0000] {processor.py:830} INFO - Processing file /home/airflow/.local/lib/python3.8/site-packages/airflow/example_dags/example_xcom.py for tasks to queue
[2025-10-14T11:47:06.361+0000] {logging_mixin.py:188} INFO - [2025-10-14T11:47:06.360+0000] {dagbag.py:538} INFO - Filling up the DagBag from /home/airflow/.local/lib/python3.8/site-packages/airflow/example_dags/example_xcom.py
[2025-10-14T11:47:06.376+0000] {processor.py:840} INFO - DAG(s) 'example_xcom' retrieved from /home/airflow/.local/lib/python3.8/site-packages/airflow/example_dags/example_xcom.py
[2025-10-14T11:47:06.430+0000] {logging_mixin.py:188} INFO - [2025-10-14T11:47:06.430+0000] {dag.py:3036} INFO - Sync 1 DAGs
[2025-10-14T11:47:06.476+0000] {logging_mixin.py:188} INFO - [2025-10-14T11:47:06.476+0000] {dag.py:3823} INFO - Setting next_dagrun for example_xcom to 2021-01-01 00:00:00+00:00, run_after=2021-01-01 00:00:00+00:00
[2025-10-14T11:47:06.532+0000] {processor.py:183} INFO - Processing /home/airflow/.local/lib/python3.8/site-packages/airflow/example_dags/example_xcom.py took 0.187 seconds
[2025-10-14T11:47:37.022+0000] {processor.py:161} INFO - Started process (PID=80591) to work on /home/airflow/.local/lib/python3.8/site-packages/airflow/example_dags/example_xcom.py
[2025-10-14T11:47:37.024+0000] {processor.py:830} INFO - Processing file /home/airflow/.local/lib/python3.8/site-packages/airflow/example_dags/example_xcom.py for tasks to queue
[2025-10-14T11:47:37.025+0000] {logging_mixin.py:188} INFO - [2025-10-14T11:47:37.025+0000] {dagbag.py:538} INFO - Filling up the DagBag from /home/airflow/.local/lib/python3.8/site-packages/airflow/example_dags/example_xcom.py
[2025-10-14T11:47:37.039+0000] {processor.py:840} INFO - DAG(s) 'example_xcom' retrieved from /home/airflow/.local/lib/python3.8/site-packages/airflow/example_dags/example_xcom.py
[2025-10-14T11:47:37.076+0000] {logging_mixin.py:188} INFO - [2025-10-14T11:47:37.075+0000] {dag.py:3036} INFO - Sync 1 DAGs
[2025-10-14T11:47:37.111+0000] {logging_mixin.py:188} INFO - [2025-10-14T11:47:37.110+0000] {dag.py:3823} INFO - Setting next_dagrun for example_xcom to 2021-01-01 00:00:00+00:00, run_after=2021-01-01 00:00:00+00:00
[2025-10-14T11:47:37.150+0000] {processor.py:183} INFO - Processing /home/airflow/.local/lib/python3.8/site-packages/airflow/example_dags/example_xcom.py took 0.133 seconds
[2025-10-14T11:48:09.113+0000] {processor.py:161} INFO - Started process (PID=80661) to work on /home/airflow/.local/lib/python3.8/site-packages/airflow/example_dags/example_xcom.py
[2025-10-14T11:48:09.115+0000] {processor.py:830} INFO - Processing file /home/airflow/.local/lib/python3.8/site-packages/airflow/example_dags/example_xcom.py for tasks to queue
[2025-10-14T11:48:09.117+0000] {logging_mixin.py:188} INFO - [2025-10-14T11:48:09.116+0000] {dagbag.py:538} INFO - Filling up the DagBag from /home/airflow/.local/lib/python3.8/site-packages/airflow/example_dags/example_xcom.py
[2025-10-14T11:48:09.129+0000] {processor.py:840} INFO - DAG(s) 'example_xcom' retrieved from /home/airflow/.local/lib/python3.8/site-packages/airflow/example_dags/example_xcom.py
[2025-10-14T11:48:09.165+0000] {logging_mixin.py:188} INFO - [2025-10-14T11:48:09.165+0000] {dag.py:3036} INFO - Sync 1 DAGs
[2025-10-14T11:48:09.196+0000] {logging_mixin.py:188} INFO - [2025-10-14T11:48:09.195+0000] {dag.py:3823} INFO - Setting next_dagrun for example_xcom to 2021-01-01 00:00:00+00:00, run_after=2021-01-01 00:00:00+00:00
[2025-10-14T11:48:09.256+0000] {processor.py:183} INFO - Processing /home/airflow/.local/lib/python3.8/site-packages/airflow/example_dags/example_xcom.py took 0.148 seconds
[2025-10-14T11:48:42.017+0000] {processor.py:161} INFO - Started process (PID=80731) to work on /home/airflow/.local/lib/python3.8/site-packages/airflow/example_dags/example_xcom.py
[2025-10-14T11:48:42.020+0000] {processor.py:830} INFO - Processing file /home/airflow/.local/lib/python3.8/site-packages/airflow/example_dags/example_xcom.py for tasks to queue
[2025-10-14T11:48:42.023+0000] {logging_mixin.py:188} INFO - [2025-10-14T11:48:42.022+0000] {dagbag.py:538} INFO - Filling up the DagBag from /home/airflow/.local/lib/python3.8/site-packages/airflow/example_dags/example_xcom.py
[2025-10-14T11:48:42.039+0000] {processor.py:840} INFO - DAG(s) 'example_xcom' retrieved from /home/airflow/.local/lib/python3.8/site-packages/airflow/example_dags/example_xcom.py
[2025-10-14T11:48:42.102+0000] {logging_mixin.py:188} INFO - [2025-10-14T11:48:42.101+0000] {dag.py:3036} INFO - Sync 1 DAGs
[2025-10-14T11:48:42.164+0000] {logging_mixin.py:188} INFO - [2025-10-14T11:48:42.163+0000] {dag.py:3823} INFO - Setting next_dagrun for example_xcom to 2021-01-01 00:00:00+00:00, run_after=2021-01-01 00:00:00+00:00
[2025-10-14T11:48:42.211+0000] {processor.py:183} INFO - Processing /home/airflow/.local/lib/python3.8/site-packages/airflow/example_dags/example_xcom.py took 0.200 seconds
[2025-10-14T11:49:14.230+0000] {processor.py:161} INFO - Started process (PID=80801) to work on /home/airflow/.local/lib/python3.8/site-packages/airflow/example_dags/example_xcom.py
[2025-10-14T11:49:14.232+0000] {processor.py:830} INFO - Processing file /home/airflow/.local/lib/python3.8/site-packages/airflow/example_dags/example_xcom.py for tasks to queue
[2025-10-14T11:49:14.234+0000] {logging_mixin.py:188} INFO - [2025-10-14T11:49:14.233+0000] {dagbag.py:538} INFO - Filling up the DagBag from /home/airflow/.local/lib/python3.8/site-packages/airflow/example_dags/example_xcom.py
[2025-10-14T11:49:14.253+0000] {processor.py:840} INFO - DAG(s) 'example_xcom' retrieved from /home/airflow/.local/lib/python3.8/site-packages/airflow/example_dags/example_xcom.py
[2025-10-14T11:49:14.371+0000] {logging_mixin.py:188} INFO - [2025-10-14T11:49:14.370+0000] {dag.py:3036} INFO - Sync 1 DAGs
[2025-10-14T11:49:14.495+0000] {logging_mixin.py:188} INFO - [2025-10-14T11:49:14.495+0000] {dag.py:3823} INFO - Setting next_dagrun for example_xcom to 2021-01-01 00:00:00+00:00, run_after=2021-01-01 00:00:00+00:00
[2025-10-14T11:49:14.560+0000] {processor.py:183} INFO - Processing /home/airflow/.local/lib/python3.8/site-packages/airflow/example_dags/example_xcom.py took 0.336 seconds
[2025-10-14T11:49:44.731+0000] {processor.py:161} INFO - Started process (PID=80871) to work on /home/airflow/.local/lib/python3.8/site-packages/airflow/example_dags/example_xcom.py
[2025-10-14T11:49:44.733+0000] {processor.py:830} INFO - Processing file /home/airflow/.local/lib/python3.8/site-packages/airflow/example_dags/example_xcom.py for tasks to queue
[2025-10-14T11:49:44.735+0000] {logging_mixin.py:188} INFO - [2025-10-14T11:49:44.734+0000] {dagbag.py:538} INFO - Filling up the DagBag from /home/airflow/.local/lib/python3.8/site-packages/airflow/example_dags/example_xcom.py
[2025-10-14T11:49:44.749+0000] {processor.py:840} INFO - DAG(s) 'example_xcom' retrieved from /home/airflow/.local/lib/python3.8/site-packages/airflow/example_dags/example_xcom.py
[2025-10-14T11:49:44.794+0000] {logging_mixin.py:188} INFO - [2025-10-14T11:49:44.794+0000] {dag.py:3036} INFO - Sync 1 DAGs
[2025-10-14T11:49:44.834+0000] {logging_mixin.py:188} INFO - [2025-10-14T11:49:44.834+0000] {dag.py:3823} INFO - Setting next_dagrun for example_xcom to 2021-01-01 00:00:00+00:00, run_after=2021-01-01 00:00:00+00:00
[2025-10-14T11:49:44.866+0000] {processor.py:183} INFO - Processing /home/airflow/.local/lib/python3.8/site-packages/airflow/example_dags/example_xcom.py took 0.142 seconds
[2025-10-14T11:50:15.727+0000] {processor.py:161} INFO - Started process (PID=80941) to work on /home/airflow/.local/lib/python3.8/site-packages/airflow/example_dags/example_xcom.py
[2025-10-14T11:50:15.728+0000] {processor.py:830} INFO - Processing file /home/airflow/.local/lib/python3.8/site-packages/airflow/example_dags/example_xcom.py for tasks to queue
[2025-10-14T11:50:15.730+0000] {logging_mixin.py:188} INFO - [2025-10-14T11:50:15.730+0000] {dagbag.py:538} INFO - Filling up the DagBag from /home/airflow/.local/lib/python3.8/site-packages/airflow/example_dags/example_xcom.py
[2025-10-14T11:50:15.741+0000] {processor.py:840} INFO - DAG(s) 'example_xcom' retrieved from /home/airflow/.local/lib/python3.8/site-packages/airflow/example_dags/example_xcom.py
[2025-10-14T11:50:15.775+0000] {logging_mixin.py:188} INFO - [2025-10-14T11:50:15.774+0000] {dag.py:3036} INFO - Sync 1 DAGs
[2025-10-14T11:50:15.806+0000] {logging_mixin.py:188} INFO - [2025-10-14T11:50:15.805+0000] {dag.py:3823} INFO - Setting next_dagrun for example_xcom to 2021-01-01 00:00:00+00:00, run_after=2021-01-01 00:00:00+00:00
[2025-10-14T11:50:15.835+0000] {processor.py:183} INFO - Processing /home/airflow/.local/lib/python3.8/site-packages/airflow/example_dags/example_xcom.py took 0.113 seconds
[2025-10-14T11:50:47.189+0000] {processor.py:161} INFO - Started process (PID=81011) to work on /home/airflow/.local/lib/python3.8/site-packages/airflow/example_dags/example_xcom.py
[2025-10-14T11:50:47.191+0000] {processor.py:830} INFO - Processing file /home/airflow/.local/lib/python3.8/site-packages/airflow/example_dags/example_xcom.py for tasks to queue
[2025-10-14T11:50:47.193+0000] {logging_mixin.py:188} INFO - [2025-10-14T11:50:47.192+0000] {dagbag.py:538} INFO - Filling up the DagBag from /home/airflow/.local/lib/python3.8/site-packages/airflow/example_dags/example_xcom.py
[2025-10-14T11:50:47.206+0000] {processor.py:840} INFO - DAG(s) 'example_xcom' retrieved from /home/airflow/.local/lib/python3.8/site-packages/airflow/example_dags/example_xcom.py
[2025-10-14T11:50:47.245+0000] {logging_mixin.py:188} INFO - [2025-10-14T11:50:47.244+0000] {dag.py:3036} INFO - Sync 1 DAGs
[2025-10-14T11:50:47.274+0000] {logging_mixin.py:188} INFO - [2025-10-14T11:50:47.274+0000] {dag.py:3823} INFO - Setting next_dagrun for example_xcom to 2021-01-01 00:00:00+00:00, run_after=2021-01-01 00:00:00+00:00
[2025-10-14T11:50:47.303+0000] {processor.py:183} INFO - Processing /home/airflow/.local/lib/python3.8/site-packages/airflow/example_dags/example_xcom.py took 0.119 seconds
[2025-10-14T11:51:18.376+0000] {processor.py:161} INFO - Started process (PID=81081) to work on /home/airflow/.local/lib/python3.8/site-packages/airflow/example_dags/example_xcom.py
[2025-10-14T11:51:18.378+0000] {processor.py:830} INFO - Processing file /home/airflow/.local/lib/python3.8/site-packages/airflow/example_dags/example_xcom.py for tasks to queue
[2025-10-14T11:51:18.381+0000] {logging_mixin.py:188} INFO - [2025-10-14T11:51:18.380+0000] {dagbag.py:538} INFO - Filling up the DagBag from /home/airflow/.local/lib/python3.8/site-packages/airflow/example_dags/example_xcom.py
[2025-10-14T11:51:18.399+0000] {processor.py:840} INFO - DAG(s) 'example_xcom' retrieved from /home/airflow/.local/lib/python3.8/site-packages/airflow/example_dags/example_xcom.py
[2025-10-14T11:51:18.442+0000] {logging_mixin.py:188} INFO - [2025-10-14T11:51:18.442+0000] {dag.py:3036} INFO - Sync 1 DAGs
[2025-10-14T11:51:18.473+0000] {logging_mixin.py:188} INFO - [2025-10-14T11:51:18.473+0000] {dag.py:3823} INFO - Setting next_dagrun for example_xcom to 2021-01-01 00:00:00+00:00, run_after=2021-01-01 00:00:00+00:00
[2025-10-14T11:51:18.504+0000] {processor.py:183} INFO - Processing /home/airflow/.local/lib/python3.8/site-packages/airflow/example_dags/example_xcom.py took 0.135 seconds
[2025-10-14T11:51:50.377+0000] {processor.py:161} INFO - Started process (PID=81151) to work on /home/airflow/.local/lib/python3.8/site-packages/airflow/example_dags/example_xcom.py
[2025-10-14T11:51:50.379+0000] {processor.py:830} INFO - Processing file /home/airflow/.local/lib/python3.8/site-packages/airflow/example_dags/example_xcom.py for tasks to queue
[2025-10-14T11:51:50.381+0000] {logging_mixin.py:188} INFO - [2025-10-14T11:51:50.380+0000] {dagbag.py:538} INFO - Filling up the DagBag from /home/airflow/.local/lib/python3.8/site-packages/airflow/example_dags/example_xcom.py
[2025-10-14T11:51:50.392+0000] {processor.py:840} INFO - DAG(s) 'example_xcom' retrieved from /home/airflow/.local/lib/python3.8/site-packages/airflow/example_dags/example_xcom.py
[2025-10-14T11:51:50.428+0000] {logging_mixin.py:188} INFO - [2025-10-14T11:51:50.428+0000] {dag.py:3036} INFO - Sync 1 DAGs
[2025-10-14T11:51:50.462+0000] {logging_mixin.py:188} INFO - [2025-10-14T11:51:50.462+0000] {dag.py:3823} INFO - Setting next_dagrun for example_xcom to 2021-01-01 00:00:00+00:00, run_after=2021-01-01 00:00:00+00:00
[2025-10-14T11:51:50.533+0000] {processor.py:183} INFO - Processing /home/airflow/.local/lib/python3.8/site-packages/airflow/example_dags/example_xcom.py took 0.162 seconds
[2025-10-14T11:52:21.601+0000] {processor.py:161} INFO - Started process (PID=81227) to work on /home/airflow/.local/lib/python3.8/site-packages/airflow/example_dags/example_xcom.py
[2025-10-14T11:52:21.604+0000] {processor.py:830} INFO - Processing file /home/airflow/.local/lib/python3.8/site-packages/airflow/example_dags/example_xcom.py for tasks to queue
[2025-10-14T11:52:21.606+0000] {logging_mixin.py:188} INFO - [2025-10-14T11:52:21.606+0000] {dagbag.py:538} INFO - Filling up the DagBag from /home/airflow/.local/lib/python3.8/site-packages/airflow/example_dags/example_xcom.py
[2025-10-14T11:52:21.621+0000] {processor.py:840} INFO - DAG(s) 'example_xcom' retrieved from /home/airflow/.local/lib/python3.8/site-packages/airflow/example_dags/example_xcom.py
[2025-10-14T11:52:21.660+0000] {logging_mixin.py:188} INFO - [2025-10-14T11:52:21.659+0000] {dag.py:3036} INFO - Sync 1 DAGs
[2025-10-14T11:52:21.692+0000] {logging_mixin.py:188} INFO - [2025-10-14T11:52:21.692+0000] {dag.py:3823} INFO - Setting next_dagrun for example_xcom to 2021-01-01 00:00:00+00:00, run_after=2021-01-01 00:00:00+00:00
[2025-10-14T11:52:21.721+0000] {processor.py:183} INFO - Processing /home/airflow/.local/lib/python3.8/site-packages/airflow/example_dags/example_xcom.py took 0.127 seconds
[2025-10-14T11:52:52.399+0000] {processor.py:161} INFO - Started process (PID=81297) to work on /home/airflow/.local/lib/python3.8/site-packages/airflow/example_dags/example_xcom.py
[2025-10-14T11:52:52.401+0000] {processor.py:830} INFO - Processing file /home/airflow/.local/lib/python3.8/site-packages/airflow/example_dags/example_xcom.py for tasks to queue
[2025-10-14T11:52:52.403+0000] {logging_mixin.py:188} INFO - [2025-10-14T11:52:52.402+0000] {dagbag.py:538} INFO - Filling up the DagBag from /home/airflow/.local/lib/python3.8/site-packages/airflow/example_dags/example_xcom.py
[2025-10-14T11:52:52.417+0000] {processor.py:840} INFO - DAG(s) 'example_xcom' retrieved from /home/airflow/.local/lib/python3.8/site-packages/airflow/example_dags/example_xcom.py
[2025-10-14T11:52:52.459+0000] {logging_mixin.py:188} INFO - [2025-10-14T11:52:52.459+0000] {dag.py:3036} INFO - Sync 1 DAGs
[2025-10-14T11:52:52.490+0000] {logging_mixin.py:188} INFO - [2025-10-14T11:52:52.489+0000] {dag.py:3823} INFO - Setting next_dagrun for example_xcom to 2021-01-01 00:00:00+00:00, run_after=2021-01-01 00:00:00+00:00
[2025-10-14T11:52:52.525+0000] {processor.py:183} INFO - Processing /home/airflow/.local/lib/python3.8/site-packages/airflow/example_dags/example_xcom.py took 0.132 seconds
[2025-10-14T11:53:23.521+0000] {processor.py:161} INFO - Started process (PID=81366) to work on /home/airflow/.local/lib/python3.8/site-packages/airflow/example_dags/example_xcom.py
[2025-10-14T11:53:23.526+0000] {processor.py:830} INFO - Processing file /home/airflow/.local/lib/python3.8/site-packages/airflow/example_dags/example_xcom.py for tasks to queue
[2025-10-14T11:53:23.528+0000] {logging_mixin.py:188} INFO - [2025-10-14T11:53:23.527+0000] {dagbag.py:538} INFO - Filling up the DagBag from /home/airflow/.local/lib/python3.8/site-packages/airflow/example_dags/example_xcom.py
[2025-10-14T11:53:23.542+0000] {processor.py:840} INFO - DAG(s) 'example_xcom' retrieved from /home/airflow/.local/lib/python3.8/site-packages/airflow/example_dags/example_xcom.py
[2025-10-14T11:53:23.584+0000] {logging_mixin.py:188} INFO - [2025-10-14T11:53:23.584+0000] {dag.py:3036} INFO - Sync 1 DAGs
[2025-10-14T11:53:23.617+0000] {logging_mixin.py:188} INFO - [2025-10-14T11:53:23.617+0000] {dag.py:3823} INFO - Setting next_dagrun for example_xcom to 2021-01-01 00:00:00+00:00, run_after=2021-01-01 00:00:00+00:00
[2025-10-14T11:53:23.671+0000] {processor.py:183} INFO - Processing /home/airflow/.local/lib/python3.8/site-packages/airflow/example_dags/example_xcom.py took 0.157 seconds
[2025-10-14T11:53:55.663+0000] {processor.py:161} INFO - Started process (PID=81436) to work on /home/airflow/.local/lib/python3.8/site-packages/airflow/example_dags/example_xcom.py
[2025-10-14T11:53:55.665+0000] {processor.py:830} INFO - Processing file /home/airflow/.local/lib/python3.8/site-packages/airflow/example_dags/example_xcom.py for tasks to queue
[2025-10-14T11:53:55.667+0000] {logging_mixin.py:188} INFO - [2025-10-14T11:53:55.666+0000] {dagbag.py:538} INFO - Filling up the DagBag from /home/airflow/.local/lib/python3.8/site-packages/airflow/example_dags/example_xcom.py
[2025-10-14T11:53:55.679+0000] {processor.py:840} INFO - DAG(s) 'example_xcom' retrieved from /home/airflow/.local/lib/python3.8/site-packages/airflow/example_dags/example_xcom.py
[2025-10-14T11:53:55.724+0000] {logging_mixin.py:188} INFO - [2025-10-14T11:53:55.724+0000] {dag.py:3036} INFO - Sync 1 DAGs
[2025-10-14T11:53:55.764+0000] {logging_mixin.py:188} INFO - [2025-10-14T11:53:55.764+0000] {dag.py:3823} INFO - Setting next_dagrun for example_xcom to 2021-01-01 00:00:00+00:00, run_after=2021-01-01 00:00:00+00:00
[2025-10-14T11:53:55.807+0000] {processor.py:183} INFO - Processing /home/airflow/.local/lib/python3.8/site-packages/airflow/example_dags/example_xcom.py took 0.149 seconds
[2025-10-14T11:54:26.654+0000] {processor.py:161} INFO - Started process (PID=81506) to work on /home/airflow/.local/lib/python3.8/site-packages/airflow/example_dags/example_xcom.py
[2025-10-14T11:54:26.657+0000] {processor.py:830} INFO - Processing file /home/airflow/.local/lib/python3.8/site-packages/airflow/example_dags/example_xcom.py for tasks to queue
[2025-10-14T11:54:26.659+0000] {logging_mixin.py:188} INFO - [2025-10-14T11:54:26.658+0000] {dagbag.py:538} INFO - Filling up the DagBag from /home/airflow/.local/lib/python3.8/site-packages/airflow/example_dags/example_xcom.py
[2025-10-14T11:54:26.673+0000] {processor.py:840} INFO - DAG(s) 'example_xcom' retrieved from /home/airflow/.local/lib/python3.8/site-packages/airflow/example_dags/example_xcom.py
[2025-10-14T11:54:26.715+0000] {logging_mixin.py:188} INFO - [2025-10-14T11:54:26.715+0000] {dag.py:3036} INFO - Sync 1 DAGs
[2025-10-14T11:54:26.746+0000] {logging_mixin.py:188} INFO - [2025-10-14T11:54:26.745+0000] {dag.py:3823} INFO - Setting next_dagrun for example_xcom to 2021-01-01 00:00:00+00:00, run_after=2021-01-01 00:00:00+00:00
[2025-10-14T11:54:26.774+0000] {processor.py:183} INFO - Processing /home/airflow/.local/lib/python3.8/site-packages/airflow/example_dags/example_xcom.py took 0.125 seconds
[2025-10-14T11:54:59.025+0000] {processor.py:161} INFO - Started process (PID=81575) to work on /home/airflow/.local/lib/python3.8/site-packages/airflow/example_dags/example_xcom.py
[2025-10-14T11:54:59.027+0000] {processor.py:830} INFO - Processing file /home/airflow/.local/lib/python3.8/site-packages/airflow/example_dags/example_xcom.py for tasks to queue
[2025-10-14T11:54:59.029+0000] {logging_mixin.py:188} INFO - [2025-10-14T11:54:59.028+0000] {dagbag.py:538} INFO - Filling up the DagBag from /home/airflow/.local/lib/python3.8/site-packages/airflow/example_dags/example_xcom.py
[2025-10-14T11:54:59.042+0000] {processor.py:840} INFO - DAG(s) 'example_xcom' retrieved from /home/airflow/.local/lib/python3.8/site-packages/airflow/example_dags/example_xcom.py
[2025-10-14T11:54:59.081+0000] {logging_mixin.py:188} INFO - [2025-10-14T11:54:59.081+0000] {dag.py:3036} INFO - Sync 1 DAGs
[2025-10-14T11:54:59.115+0000] {logging_mixin.py:188} INFO - [2025-10-14T11:54:59.115+0000] {dag.py:3823} INFO - Setting next_dagrun for example_xcom to 2021-01-01 00:00:00+00:00, run_after=2021-01-01 00:00:00+00:00
[2025-10-14T11:54:59.166+0000] {processor.py:183} INFO - Processing /home/airflow/.local/lib/python3.8/site-packages/airflow/example_dags/example_xcom.py took 0.146 seconds
[2025-10-14T11:55:30.027+0000] {processor.py:161} INFO - Started process (PID=81645) to work on /home/airflow/.local/lib/python3.8/site-packages/airflow/example_dags/example_xcom.py
[2025-10-14T11:55:30.029+0000] {processor.py:830} INFO - Processing file /home/airflow/.local/lib/python3.8/site-packages/airflow/example_dags/example_xcom.py for tasks to queue
[2025-10-14T11:55:30.031+0000] {logging_mixin.py:188} INFO - [2025-10-14T11:55:30.030+0000] {dagbag.py:538} INFO - Filling up the DagBag from /home/airflow/.local/lib/python3.8/site-packages/airflow/example_dags/example_xcom.py
[2025-10-14T11:55:30.043+0000] {processor.py:840} INFO - DAG(s) 'example_xcom' retrieved from /home/airflow/.local/lib/python3.8/site-packages/airflow/example_dags/example_xcom.py
[2025-10-14T11:55:30.080+0000] {logging_mixin.py:188} INFO - [2025-10-14T11:55:30.080+0000] {dag.py:3036} INFO - Sync 1 DAGs
[2025-10-14T11:55:30.110+0000] {logging_mixin.py:188} INFO - [2025-10-14T11:55:30.110+0000] {dag.py:3823} INFO - Setting next_dagrun for example_xcom to 2021-01-01 00:00:00+00:00, run_after=2021-01-01 00:00:00+00:00
[2025-10-14T11:55:30.146+0000] {processor.py:183} INFO - Processing /home/airflow/.local/lib/python3.8/site-packages/airflow/example_dags/example_xcom.py took 0.125 seconds
[2025-10-14T11:56:00.651+0000] {processor.py:161} INFO - Started process (PID=81715) to work on /home/airflow/.local/lib/python3.8/site-packages/airflow/example_dags/example_xcom.py
[2025-10-14T11:56:00.653+0000] {processor.py:830} INFO - Processing file /home/airflow/.local/lib/python3.8/site-packages/airflow/example_dags/example_xcom.py for tasks to queue
[2025-10-14T11:56:00.655+0000] {logging_mixin.py:188} INFO - [2025-10-14T11:56:00.654+0000] {dagbag.py:538} INFO - Filling up the DagBag from /home/airflow/.local/lib/python3.8/site-packages/airflow/example_dags/example_xcom.py
[2025-10-14T11:56:00.666+0000] {processor.py:840} INFO - DAG(s) 'example_xcom' retrieved from /home/airflow/.local/lib/python3.8/site-packages/airflow/example_dags/example_xcom.py
[2025-10-14T11:56:00.702+0000] {logging_mixin.py:188} INFO - [2025-10-14T11:56:00.702+0000] {dag.py:3036} INFO - Sync 1 DAGs
[2025-10-14T11:56:00.736+0000] {logging_mixin.py:188} INFO - [2025-10-14T11:56:00.736+0000] {dag.py:3823} INFO - Setting next_dagrun for example_xcom to 2021-01-01 00:00:00+00:00, run_after=2021-01-01 00:00:00+00:00
[2025-10-14T11:56:00.772+0000] {processor.py:183} INFO - Processing /home/airflow/.local/lib/python3.8/site-packages/airflow/example_dags/example_xcom.py took 0.126 seconds
[2025-10-14T11:56:32.705+0000] {processor.py:161} INFO - Started process (PID=81785) to work on /home/airflow/.local/lib/python3.8/site-packages/airflow/example_dags/example_xcom.py
[2025-10-14T11:56:32.707+0000] {processor.py:830} INFO - Processing file /home/airflow/.local/lib/python3.8/site-packages/airflow/example_dags/example_xcom.py for tasks to queue
[2025-10-14T11:56:32.709+0000] {logging_mixin.py:188} INFO - [2025-10-14T11:56:32.708+0000] {dagbag.py:538} INFO - Filling up the DagBag from /home/airflow/.local/lib/python3.8/site-packages/airflow/example_dags/example_xcom.py
[2025-10-14T11:56:32.720+0000] {processor.py:840} INFO - DAG(s) 'example_xcom' retrieved from /home/airflow/.local/lib/python3.8/site-packages/airflow/example_dags/example_xcom.py
[2025-10-14T11:56:32.759+0000] {logging_mixin.py:188} INFO - [2025-10-14T11:56:32.759+0000] {dag.py:3036} INFO - Sync 1 DAGs
[2025-10-14T11:56:32.799+0000] {logging_mixin.py:188} INFO - [2025-10-14T11:56:32.799+0000] {dag.py:3823} INFO - Setting next_dagrun for example_xcom to 2021-01-01 00:00:00+00:00, run_after=2021-01-01 00:00:00+00:00
[2025-10-14T11:56:32.836+0000] {processor.py:183} INFO - Processing /home/airflow/.local/lib/python3.8/site-packages/airflow/example_dags/example_xcom.py took 0.136 seconds
[2025-10-14T11:57:04.777+0000] {processor.py:161} INFO - Started process (PID=81855) to work on /home/airflow/.local/lib/python3.8/site-packages/airflow/example_dags/example_xcom.py
[2025-10-14T11:57:04.779+0000] {processor.py:830} INFO - Processing file /home/airflow/.local/lib/python3.8/site-packages/airflow/example_dags/example_xcom.py for tasks to queue
[2025-10-14T11:57:04.781+0000] {logging_mixin.py:188} INFO - [2025-10-14T11:57:04.780+0000] {dagbag.py:538} INFO - Filling up the DagBag from /home/airflow/.local/lib/python3.8/site-packages/airflow/example_dags/example_xcom.py
[2025-10-14T11:57:04.794+0000] {processor.py:840} INFO - DAG(s) 'example_xcom' retrieved from /home/airflow/.local/lib/python3.8/site-packages/airflow/example_dags/example_xcom.py
[2025-10-14T11:57:04.833+0000] {logging_mixin.py:188} INFO - [2025-10-14T11:57:04.833+0000] {dag.py:3036} INFO - Sync 1 DAGs
[2025-10-14T11:57:04.865+0000] {logging_mixin.py:188} INFO - [2025-10-14T11:57:04.865+0000] {dag.py:3823} INFO - Setting next_dagrun for example_xcom to 2021-01-01 00:00:00+00:00, run_after=2021-01-01 00:00:00+00:00
[2025-10-14T11:57:04.895+0000] {processor.py:183} INFO - Processing /home/airflow/.local/lib/python3.8/site-packages/airflow/example_dags/example_xcom.py took 0.124 seconds
[2025-10-14T11:57:35.575+0000] {processor.py:161} INFO - Started process (PID=81925) to work on /home/airflow/.local/lib/python3.8/site-packages/airflow/example_dags/example_xcom.py
[2025-10-14T11:57:35.577+0000] {processor.py:830} INFO - Processing file /home/airflow/.local/lib/python3.8/site-packages/airflow/example_dags/example_xcom.py for tasks to queue
[2025-10-14T11:57:35.579+0000] {logging_mixin.py:188} INFO - [2025-10-14T11:57:35.578+0000] {dagbag.py:538} INFO - Filling up the DagBag from /home/airflow/.local/lib/python3.8/site-packages/airflow/example_dags/example_xcom.py
[2025-10-14T11:57:35.606+0000] {processor.py:840} INFO - DAG(s) 'example_xcom' retrieved from /home/airflow/.local/lib/python3.8/site-packages/airflow/example_dags/example_xcom.py
[2025-10-14T11:57:35.658+0000] {logging_mixin.py:188} INFO - [2025-10-14T11:57:35.657+0000] {dag.py:3036} INFO - Sync 1 DAGs
[2025-10-14T11:57:35.691+0000] {logging_mixin.py:188} INFO - [2025-10-14T11:57:35.690+0000] {dag.py:3823} INFO - Setting next_dagrun for example_xcom to 2021-01-01 00:00:00+00:00, run_after=2021-01-01 00:00:00+00:00
[2025-10-14T11:57:35.741+0000] {processor.py:183} INFO - Processing /home/airflow/.local/lib/python3.8/site-packages/airflow/example_dags/example_xcom.py took 0.174 seconds
[2025-10-14T11:58:06.605+0000] {processor.py:161} INFO - Started process (PID=81995) to work on /home/airflow/.local/lib/python3.8/site-packages/airflow/example_dags/example_xcom.py
[2025-10-14T11:58:06.607+0000] {processor.py:830} INFO - Processing file /home/airflow/.local/lib/python3.8/site-packages/airflow/example_dags/example_xcom.py for tasks to queue
[2025-10-14T11:58:06.608+0000] {logging_mixin.py:188} INFO - [2025-10-14T11:58:06.608+0000] {dagbag.py:538} INFO - Filling up the DagBag from /home/airflow/.local/lib/python3.8/site-packages/airflow/example_dags/example_xcom.py
[2025-10-14T11:58:06.620+0000] {processor.py:840} INFO - DAG(s) 'example_xcom' retrieved from /home/airflow/.local/lib/python3.8/site-packages/airflow/example_dags/example_xcom.py
[2025-10-14T11:58:06.655+0000] {logging_mixin.py:188} INFO - [2025-10-14T11:58:06.654+0000] {dag.py:3036} INFO - Sync 1 DAGs
[2025-10-14T11:58:06.684+0000] {logging_mixin.py:188} INFO - [2025-10-14T11:58:06.684+0000] {dag.py:3823} INFO - Setting next_dagrun for example_xcom to 2021-01-01 00:00:00+00:00, run_after=2021-01-01 00:00:00+00:00
[2025-10-14T11:58:06.713+0000] {processor.py:183} INFO - Processing /home/airflow/.local/lib/python3.8/site-packages/airflow/example_dags/example_xcom.py took 0.113 seconds
[2025-10-14T11:58:38.304+0000] {processor.py:161} INFO - Started process (PID=82065) to work on /home/airflow/.local/lib/python3.8/site-packages/airflow/example_dags/example_xcom.py
[2025-10-14T11:58:38.306+0000] {processor.py:830} INFO - Processing file /home/airflow/.local/lib/python3.8/site-packages/airflow/example_dags/example_xcom.py for tasks to queue
[2025-10-14T11:58:38.308+0000] {logging_mixin.py:188} INFO - [2025-10-14T11:58:38.307+0000] {dagbag.py:538} INFO - Filling up the DagBag from /home/airflow/.local/lib/python3.8/site-packages/airflow/example_dags/example_xcom.py
[2025-10-14T11:58:38.319+0000] {processor.py:840} INFO - DAG(s) 'example_xcom' retrieved from /home/airflow/.local/lib/python3.8/site-packages/airflow/example_dags/example_xcom.py
[2025-10-14T11:58:38.356+0000] {logging_mixin.py:188} INFO - [2025-10-14T11:58:38.356+0000] {dag.py:3036} INFO - Sync 1 DAGs
[2025-10-14T11:58:38.384+0000] {logging_mixin.py:188} INFO - [2025-10-14T11:58:38.384+0000] {dag.py:3823} INFO - Setting next_dagrun for example_xcom to 2021-01-01 00:00:00+00:00, run_after=2021-01-01 00:00:00+00:00
[2025-10-14T11:58:38.444+0000] {processor.py:183} INFO - Processing /home/airflow/.local/lib/python3.8/site-packages/airflow/example_dags/example_xcom.py took 0.144 seconds
[2025-10-14T11:59:08.938+0000] {processor.py:161} INFO - Started process (PID=82134) to work on /home/airflow/.local/lib/python3.8/site-packages/airflow/example_dags/example_xcom.py
[2025-10-14T11:59:08.939+0000] {processor.py:830} INFO - Processing file /home/airflow/.local/lib/python3.8/site-packages/airflow/example_dags/example_xcom.py for tasks to queue
[2025-10-14T11:59:08.941+0000] {logging_mixin.py:188} INFO - [2025-10-14T11:59:08.941+0000] {dagbag.py:538} INFO - Filling up the DagBag from /home/airflow/.local/lib/python3.8/site-packages/airflow/example_dags/example_xcom.py
[2025-10-14T11:59:08.953+0000] {processor.py:840} INFO - DAG(s) 'example_xcom' retrieved from /home/airflow/.local/lib/python3.8/site-packages/airflow/example_dags/example_xcom.py
[2025-10-14T11:59:08.991+0000] {logging_mixin.py:188} INFO - [2025-10-14T11:59:08.991+0000] {dag.py:3036} INFO - Sync 1 DAGs
[2025-10-14T11:59:09.026+0000] {logging_mixin.py:188} INFO - [2025-10-14T11:59:09.026+0000] {dag.py:3823} INFO - Setting next_dagrun for example_xcom to 2021-01-01 00:00:00+00:00, run_after=2021-01-01 00:00:00+00:00
[2025-10-14T11:59:09.054+0000] {processor.py:183} INFO - Processing /home/airflow/.local/lib/python3.8/site-packages/airflow/example_dags/example_xcom.py took 0.121 seconds
[2025-10-14T11:59:40.190+0000] {processor.py:161} INFO - Started process (PID=82205) to work on /home/airflow/.local/lib/python3.8/site-packages/airflow/example_dags/example_xcom.py
[2025-10-14T11:59:40.192+0000] {processor.py:830} INFO - Processing file /home/airflow/.local/lib/python3.8/site-packages/airflow/example_dags/example_xcom.py for tasks to queue
[2025-10-14T11:59:40.194+0000] {logging_mixin.py:188} INFO - [2025-10-14T11:59:40.194+0000] {dagbag.py:538} INFO - Filling up the DagBag from /home/airflow/.local/lib/python3.8/site-packages/airflow/example_dags/example_xcom.py
[2025-10-14T11:59:40.210+0000] {processor.py:840} INFO - DAG(s) 'example_xcom' retrieved from /home/airflow/.local/lib/python3.8/site-packages/airflow/example_dags/example_xcom.py
[2025-10-14T11:59:40.253+0000] {logging_mixin.py:188} INFO - [2025-10-14T11:59:40.252+0000] {dag.py:3036} INFO - Sync 1 DAGs
[2025-10-14T11:59:40.282+0000] {logging_mixin.py:188} INFO - [2025-10-14T11:59:40.282+0000] {dag.py:3823} INFO - Setting next_dagrun for example_xcom to 2021-01-01 00:00:00+00:00, run_after=2021-01-01 00:00:00+00:00
[2025-10-14T11:59:40.309+0000] {processor.py:183} INFO - Processing /home/airflow/.local/lib/python3.8/site-packages/airflow/example_dags/example_xcom.py took 0.126 seconds
[2025-10-14T12:00:11.242+0000] {processor.py:161} INFO - Started process (PID=82275) to work on /home/airflow/.local/lib/python3.8/site-packages/airflow/example_dags/example_xcom.py
[2025-10-14T12:00:11.243+0000] {processor.py:830} INFO - Processing file /home/airflow/.local/lib/python3.8/site-packages/airflow/example_dags/example_xcom.py for tasks to queue
[2025-10-14T12:00:11.245+0000] {logging_mixin.py:188} INFO - [2025-10-14T12:00:11.245+0000] {dagbag.py:538} INFO - Filling up the DagBag from /home/airflow/.local/lib/python3.8/site-packages/airflow/example_dags/example_xcom.py
[2025-10-14T12:00:11.258+0000] {processor.py:840} INFO - DAG(s) 'example_xcom' retrieved from /home/airflow/.local/lib/python3.8/site-packages/airflow/example_dags/example_xcom.py
[2025-10-14T12:00:11.300+0000] {logging_mixin.py:188} INFO - [2025-10-14T12:00:11.299+0000] {dag.py:3036} INFO - Sync 1 DAGs
[2025-10-14T12:00:11.345+0000] {logging_mixin.py:188} INFO - [2025-10-14T12:00:11.345+0000] {dag.py:3823} INFO - Setting next_dagrun for example_xcom to 2021-01-01 00:00:00+00:00, run_after=2021-01-01 00:00:00+00:00
[2025-10-14T12:00:11.402+0000] {processor.py:183} INFO - Processing /home/airflow/.local/lib/python3.8/site-packages/airflow/example_dags/example_xcom.py took 0.165 seconds
[2025-10-14T12:00:43.058+0000] {processor.py:161} INFO - Started process (PID=82344) to work on /home/airflow/.local/lib/python3.8/site-packages/airflow/example_dags/example_xcom.py
[2025-10-14T12:00:43.059+0000] {processor.py:830} INFO - Processing file /home/airflow/.local/lib/python3.8/site-packages/airflow/example_dags/example_xcom.py for tasks to queue
[2025-10-14T12:00:43.061+0000] {logging_mixin.py:188} INFO - [2025-10-14T12:00:43.060+0000] {dagbag.py:538} INFO - Filling up the DagBag from /home/airflow/.local/lib/python3.8/site-packages/airflow/example_dags/example_xcom.py
[2025-10-14T12:00:43.073+0000] {processor.py:840} INFO - DAG(s) 'example_xcom' retrieved from /home/airflow/.local/lib/python3.8/site-packages/airflow/example_dags/example_xcom.py
[2025-10-14T12:00:43.114+0000] {logging_mixin.py:188} INFO - [2025-10-14T12:00:43.114+0000] {dag.py:3036} INFO - Sync 1 DAGs
[2025-10-14T12:00:43.147+0000] {logging_mixin.py:188} INFO - [2025-10-14T12:00:43.146+0000] {dag.py:3823} INFO - Setting next_dagrun for example_xcom to 2021-01-01 00:00:00+00:00, run_after=2021-01-01 00:00:00+00:00
[2025-10-14T12:00:43.189+0000] {processor.py:183} INFO - Processing /home/airflow/.local/lib/python3.8/site-packages/airflow/example_dags/example_xcom.py took 0.136 seconds
[2025-10-14T12:01:13.977+0000] {processor.py:161} INFO - Started process (PID=82414) to work on /home/airflow/.local/lib/python3.8/site-packages/airflow/example_dags/example_xcom.py
[2025-10-14T12:01:13.980+0000] {processor.py:830} INFO - Processing file /home/airflow/.local/lib/python3.8/site-packages/airflow/example_dags/example_xcom.py for tasks to queue
[2025-10-14T12:01:13.982+0000] {logging_mixin.py:188} INFO - [2025-10-14T12:01:13.982+0000] {dagbag.py:538} INFO - Filling up the DagBag from /home/airflow/.local/lib/python3.8/site-packages/airflow/example_dags/example_xcom.py
[2025-10-14T12:01:13.995+0000] {processor.py:840} INFO - DAG(s) 'example_xcom' retrieved from /home/airflow/.local/lib/python3.8/site-packages/airflow/example_dags/example_xcom.py
[2025-10-14T12:01:14.033+0000] {logging_mixin.py:188} INFO - [2025-10-14T12:01:14.033+0000] {dag.py:3036} INFO - Sync 1 DAGs
[2025-10-14T12:01:14.063+0000] {logging_mixin.py:188} INFO - [2025-10-14T12:01:14.062+0000] {dag.py:3823} INFO - Setting next_dagrun for example_xcom to 2021-01-01 00:00:00+00:00, run_after=2021-01-01 00:00:00+00:00
[2025-10-14T12:01:14.111+0000] {processor.py:183} INFO - Processing /home/airflow/.local/lib/python3.8/site-packages/airflow/example_dags/example_xcom.py took 0.143 seconds
[2025-10-14T12:01:44.992+0000] {processor.py:161} INFO - Started process (PID=82484) to work on /home/airflow/.local/lib/python3.8/site-packages/airflow/example_dags/example_xcom.py
[2025-10-14T12:01:44.993+0000] {processor.py:830} INFO - Processing file /home/airflow/.local/lib/python3.8/site-packages/airflow/example_dags/example_xcom.py for tasks to queue
[2025-10-14T12:01:44.995+0000] {logging_mixin.py:188} INFO - [2025-10-14T12:01:44.994+0000] {dagbag.py:538} INFO - Filling up the DagBag from /home/airflow/.local/lib/python3.8/site-packages/airflow/example_dags/example_xcom.py
[2025-10-14T12:01:45.005+0000] {processor.py:840} INFO - DAG(s) 'example_xcom' retrieved from /home/airflow/.local/lib/python3.8/site-packages/airflow/example_dags/example_xcom.py
[2025-10-14T12:01:45.041+0000] {logging_mixin.py:188} INFO - [2025-10-14T12:01:45.041+0000] {dag.py:3036} INFO - Sync 1 DAGs
[2025-10-14T12:01:45.071+0000] {logging_mixin.py:188} INFO - [2025-10-14T12:01:45.071+0000] {dag.py:3823} INFO - Setting next_dagrun for example_xcom to 2021-01-01 00:00:00+00:00, run_after=2021-01-01 00:00:00+00:00
[2025-10-14T12:01:45.098+0000] {processor.py:183} INFO - Processing /home/airflow/.local/lib/python3.8/site-packages/airflow/example_dags/example_xcom.py took 0.112 seconds
[2025-10-14T12:02:16.283+0000] {processor.py:161} INFO - Started process (PID=82554) to work on /home/airflow/.local/lib/python3.8/site-packages/airflow/example_dags/example_xcom.py
[2025-10-14T12:02:16.286+0000] {processor.py:830} INFO - Processing file /home/airflow/.local/lib/python3.8/site-packages/airflow/example_dags/example_xcom.py for tasks to queue
[2025-10-14T12:02:16.289+0000] {logging_mixin.py:188} INFO - [2025-10-14T12:02:16.288+0000] {dagbag.py:538} INFO - Filling up the DagBag from /home/airflow/.local/lib/python3.8/site-packages/airflow/example_dags/example_xcom.py
[2025-10-14T12:02:16.310+0000] {processor.py:840} INFO - DAG(s) 'example_xcom' retrieved from /home/airflow/.local/lib/python3.8/site-packages/airflow/example_dags/example_xcom.py
[2025-10-14T12:02:16.357+0000] {logging_mixin.py:188} INFO - [2025-10-14T12:02:16.357+0000] {dag.py:3036} INFO - Sync 1 DAGs
[2025-10-14T12:02:16.390+0000] {logging_mixin.py:188} INFO - [2025-10-14T12:02:16.390+0000] {dag.py:3823} INFO - Setting next_dagrun for example_xcom to 2021-01-01 00:00:00+00:00, run_after=2021-01-01 00:00:00+00:00
[2025-10-14T12:02:16.422+0000] {processor.py:183} INFO - Processing /home/airflow/.local/lib/python3.8/site-packages/airflow/example_dags/example_xcom.py took 0.149 seconds
[2025-10-14T12:02:48.077+0000] {processor.py:161} INFO - Started process (PID=82625) to work on /home/airflow/.local/lib/python3.8/site-packages/airflow/example_dags/example_xcom.py
[2025-10-14T12:02:48.078+0000] {processor.py:830} INFO - Processing file /home/airflow/.local/lib/python3.8/site-packages/airflow/example_dags/example_xcom.py for tasks to queue
[2025-10-14T12:02:48.080+0000] {logging_mixin.py:188} INFO - [2025-10-14T12:02:48.080+0000] {dagbag.py:538} INFO - Filling up the DagBag from /home/airflow/.local/lib/python3.8/site-packages/airflow/example_dags/example_xcom.py
[2025-10-14T12:02:48.093+0000] {processor.py:840} INFO - DAG(s) 'example_xcom' retrieved from /home/airflow/.local/lib/python3.8/site-packages/airflow/example_dags/example_xcom.py
[2025-10-14T12:02:48.129+0000] {logging_mixin.py:188} INFO - [2025-10-14T12:02:48.129+0000] {dag.py:3036} INFO - Sync 1 DAGs
[2025-10-14T12:02:48.159+0000] {logging_mixin.py:188} INFO - [2025-10-14T12:02:48.158+0000] {dag.py:3823} INFO - Setting next_dagrun for example_xcom to 2021-01-01 00:00:00+00:00, run_after=2021-01-01 00:00:00+00:00
[2025-10-14T12:02:48.185+0000] {processor.py:183} INFO - Processing /home/airflow/.local/lib/python3.8/site-packages/airflow/example_dags/example_xcom.py took 0.113 seconds
[2025-10-14T12:03:19.589+0000] {processor.py:161} INFO - Started process (PID=82696) to work on /home/airflow/.local/lib/python3.8/site-packages/airflow/example_dags/example_xcom.py
[2025-10-14T12:03:19.591+0000] {processor.py:830} INFO - Processing file /home/airflow/.local/lib/python3.8/site-packages/airflow/example_dags/example_xcom.py for tasks to queue
[2025-10-14T12:03:19.592+0000] {logging_mixin.py:188} INFO - [2025-10-14T12:03:19.592+0000] {dagbag.py:538} INFO - Filling up the DagBag from /home/airflow/.local/lib/python3.8/site-packages/airflow/example_dags/example_xcom.py
[2025-10-14T12:03:19.604+0000] {processor.py:840} INFO - DAG(s) 'example_xcom' retrieved from /home/airflow/.local/lib/python3.8/site-packages/airflow/example_dags/example_xcom.py
[2025-10-14T12:03:19.639+0000] {logging_mixin.py:188} INFO - [2025-10-14T12:03:19.639+0000] {dag.py:3036} INFO - Sync 1 DAGs
[2025-10-14T12:03:19.669+0000] {logging_mixin.py:188} INFO - [2025-10-14T12:03:19.668+0000] {dag.py:3823} INFO - Setting next_dagrun for example_xcom to 2021-01-01 00:00:00+00:00, run_after=2021-01-01 00:00:00+00:00
[2025-10-14T12:03:19.743+0000] {processor.py:183} INFO - Processing /home/airflow/.local/lib/python3.8/site-packages/airflow/example_dags/example_xcom.py took 0.159 seconds
[2025-10-14T12:03:50.793+0000] {processor.py:161} INFO - Started process (PID=82766) to work on /home/airflow/.local/lib/python3.8/site-packages/airflow/example_dags/example_xcom.py
[2025-10-14T12:03:50.795+0000] {processor.py:830} INFO - Processing file /home/airflow/.local/lib/python3.8/site-packages/airflow/example_dags/example_xcom.py for tasks to queue
[2025-10-14T12:03:50.797+0000] {logging_mixin.py:188} INFO - [2025-10-14T12:03:50.796+0000] {dagbag.py:538} INFO - Filling up the DagBag from /home/airflow/.local/lib/python3.8/site-packages/airflow/example_dags/example_xcom.py
[2025-10-14T12:03:50.811+0000] {processor.py:840} INFO - DAG(s) 'example_xcom' retrieved from /home/airflow/.local/lib/python3.8/site-packages/airflow/example_dags/example_xcom.py
[2025-10-14T12:03:50.853+0000] {logging_mixin.py:188} INFO - [2025-10-14T12:03:50.853+0000] {dag.py:3036} INFO - Sync 1 DAGs
[2025-10-14T12:03:50.888+0000] {logging_mixin.py:188} INFO - [2025-10-14T12:03:50.888+0000] {dag.py:3823} INFO - Setting next_dagrun for example_xcom to 2021-01-01 00:00:00+00:00, run_after=2021-01-01 00:00:00+00:00
[2025-10-14T12:03:50.919+0000] {processor.py:183} INFO - Processing /home/airflow/.local/lib/python3.8/site-packages/airflow/example_dags/example_xcom.py took 0.132 seconds
[2025-10-14T12:04:21.978+0000] {processor.py:161} INFO - Started process (PID=82835) to work on /home/airflow/.local/lib/python3.8/site-packages/airflow/example_dags/example_xcom.py
[2025-10-14T12:04:21.980+0000] {processor.py:830} INFO - Processing file /home/airflow/.local/lib/python3.8/site-packages/airflow/example_dags/example_xcom.py for tasks to queue
[2025-10-14T12:04:21.982+0000] {logging_mixin.py:188} INFO - [2025-10-14T12:04:21.981+0000] {dagbag.py:538} INFO - Filling up the DagBag from /home/airflow/.local/lib/python3.8/site-packages/airflow/example_dags/example_xcom.py
[2025-10-14T12:04:21.995+0000] {processor.py:840} INFO - DAG(s) 'example_xcom' retrieved from /home/airflow/.local/lib/python3.8/site-packages/airflow/example_dags/example_xcom.py
[2025-10-14T12:04:22.044+0000] {logging_mixin.py:188} INFO - [2025-10-14T12:04:22.044+0000] {dag.py:3036} INFO - Sync 1 DAGs
[2025-10-14T12:04:22.082+0000] {logging_mixin.py:188} INFO - [2025-10-14T12:04:22.082+0000] {dag.py:3823} INFO - Setting next_dagrun for example_xcom to 2021-01-01 00:00:00+00:00, run_after=2021-01-01 00:00:00+00:00
[2025-10-14T12:04:22.115+0000] {processor.py:183} INFO - Processing /home/airflow/.local/lib/python3.8/site-packages/airflow/example_dags/example_xcom.py took 0.144 seconds
[2025-10-14T12:04:52.647+0000] {processor.py:161} INFO - Started process (PID=82905) to work on /home/airflow/.local/lib/python3.8/site-packages/airflow/example_dags/example_xcom.py
[2025-10-14T12:04:52.648+0000] {processor.py:830} INFO - Processing file /home/airflow/.local/lib/python3.8/site-packages/airflow/example_dags/example_xcom.py for tasks to queue
[2025-10-14T12:04:52.650+0000] {logging_mixin.py:188} INFO - [2025-10-14T12:04:52.649+0000] {dagbag.py:538} INFO - Filling up the DagBag from /home/airflow/.local/lib/python3.8/site-packages/airflow/example_dags/example_xcom.py
[2025-10-14T12:04:52.662+0000] {processor.py:840} INFO - DAG(s) 'example_xcom' retrieved from /home/airflow/.local/lib/python3.8/site-packages/airflow/example_dags/example_xcom.py
[2025-10-14T12:04:52.703+0000] {logging_mixin.py:188} INFO - [2025-10-14T12:04:52.702+0000] {dag.py:3036} INFO - Sync 1 DAGs
[2025-10-14T12:04:52.736+0000] {logging_mixin.py:188} INFO - [2025-10-14T12:04:52.735+0000] {dag.py:3823} INFO - Setting next_dagrun for example_xcom to 2021-01-01 00:00:00+00:00, run_after=2021-01-01 00:00:00+00:00
[2025-10-14T12:04:52.763+0000] {processor.py:183} INFO - Processing /home/airflow/.local/lib/python3.8/site-packages/airflow/example_dags/example_xcom.py took 0.123 seconds
[2025-10-14T12:05:23.734+0000] {processor.py:161} INFO - Started process (PID=82981) to work on /home/airflow/.local/lib/python3.8/site-packages/airflow/example_dags/example_xcom.py
[2025-10-14T12:05:23.736+0000] {processor.py:830} INFO - Processing file /home/airflow/.local/lib/python3.8/site-packages/airflow/example_dags/example_xcom.py for tasks to queue
[2025-10-14T12:05:23.737+0000] {logging_mixin.py:188} INFO - [2025-10-14T12:05:23.737+0000] {dagbag.py:538} INFO - Filling up the DagBag from /home/airflow/.local/lib/python3.8/site-packages/airflow/example_dags/example_xcom.py
[2025-10-14T12:05:23.750+0000] {processor.py:840} INFO - DAG(s) 'example_xcom' retrieved from /home/airflow/.local/lib/python3.8/site-packages/airflow/example_dags/example_xcom.py
[2025-10-14T12:05:23.786+0000] {logging_mixin.py:188} INFO - [2025-10-14T12:05:23.786+0000] {dag.py:3036} INFO - Sync 1 DAGs
[2025-10-14T12:05:23.816+0000] {logging_mixin.py:188} INFO - [2025-10-14T12:05:23.815+0000] {dag.py:3823} INFO - Setting next_dagrun for example_xcom to 2021-01-01 00:00:00+00:00, run_after=2021-01-01 00:00:00+00:00
[2025-10-14T12:05:23.859+0000] {processor.py:183} INFO - Processing /home/airflow/.local/lib/python3.8/site-packages/airflow/example_dags/example_xcom.py took 0.130 seconds
[2025-10-14T12:05:54.975+0000] {processor.py:161} INFO - Started process (PID=83052) to work on /home/airflow/.local/lib/python3.8/site-packages/airflow/example_dags/example_xcom.py
[2025-10-14T12:05:54.977+0000] {processor.py:830} INFO - Processing file /home/airflow/.local/lib/python3.8/site-packages/airflow/example_dags/example_xcom.py for tasks to queue
[2025-10-14T12:05:54.978+0000] {logging_mixin.py:188} INFO - [2025-10-14T12:05:54.978+0000] {dagbag.py:538} INFO - Filling up the DagBag from /home/airflow/.local/lib/python3.8/site-packages/airflow/example_dags/example_xcom.py
[2025-10-14T12:05:54.990+0000] {processor.py:840} INFO - DAG(s) 'example_xcom' retrieved from /home/airflow/.local/lib/python3.8/site-packages/airflow/example_dags/example_xcom.py
[2025-10-14T12:05:55.029+0000] {logging_mixin.py:188} INFO - [2025-10-14T12:05:55.029+0000] {dag.py:3036} INFO - Sync 1 DAGs
[2025-10-14T12:05:55.063+0000] {logging_mixin.py:188} INFO - [2025-10-14T12:05:55.063+0000] {dag.py:3823} INFO - Setting next_dagrun for example_xcom to 2021-01-01 00:00:00+00:00, run_after=2021-01-01 00:00:00+00:00
[2025-10-14T12:05:55.093+0000] {processor.py:183} INFO - Processing /home/airflow/.local/lib/python3.8/site-packages/airflow/example_dags/example_xcom.py took 0.123 seconds
[2025-10-14T12:06:26.776+0000] {processor.py:161} INFO - Started process (PID=83122) to work on /home/airflow/.local/lib/python3.8/site-packages/airflow/example_dags/example_xcom.py
[2025-10-14T12:06:26.778+0000] {processor.py:830} INFO - Processing file /home/airflow/.local/lib/python3.8/site-packages/airflow/example_dags/example_xcom.py for tasks to queue
[2025-10-14T12:06:26.780+0000] {logging_mixin.py:188} INFO - [2025-10-14T12:06:26.780+0000] {dagbag.py:538} INFO - Filling up the DagBag from /home/airflow/.local/lib/python3.8/site-packages/airflow/example_dags/example_xcom.py
[2025-10-14T12:06:26.796+0000] {processor.py:840} INFO - DAG(s) 'example_xcom' retrieved from /home/airflow/.local/lib/python3.8/site-packages/airflow/example_dags/example_xcom.py
[2025-10-14T12:06:26.848+0000] {logging_mixin.py:188} INFO - [2025-10-14T12:06:26.847+0000] {dag.py:3036} INFO - Sync 1 DAGs
[2025-10-14T12:06:26.914+0000] {logging_mixin.py:188} INFO - [2025-10-14T12:06:26.914+0000] {dag.py:3823} INFO - Setting next_dagrun for example_xcom to 2021-01-01 00:00:00+00:00, run_after=2021-01-01 00:00:00+00:00
[2025-10-14T12:06:26.946+0000] {processor.py:183} INFO - Processing /home/airflow/.local/lib/python3.8/site-packages/airflow/example_dags/example_xcom.py took 0.176 seconds
[2025-10-14T12:06:58.957+0000] {processor.py:161} INFO - Started process (PID=83192) to work on /home/airflow/.local/lib/python3.8/site-packages/airflow/example_dags/example_xcom.py
[2025-10-14T12:06:58.959+0000] {processor.py:830} INFO - Processing file /home/airflow/.local/lib/python3.8/site-packages/airflow/example_dags/example_xcom.py for tasks to queue
[2025-10-14T12:06:58.961+0000] {logging_mixin.py:188} INFO - [2025-10-14T12:06:58.960+0000] {dagbag.py:538} INFO - Filling up the DagBag from /home/airflow/.local/lib/python3.8/site-packages/airflow/example_dags/example_xcom.py
[2025-10-14T12:06:58.979+0000] {processor.py:840} INFO - DAG(s) 'example_xcom' retrieved from /home/airflow/.local/lib/python3.8/site-packages/airflow/example_dags/example_xcom.py
[2025-10-14T12:06:59.048+0000] {logging_mixin.py:188} INFO - [2025-10-14T12:06:59.047+0000] {dag.py:3036} INFO - Sync 1 DAGs
[2025-10-14T12:06:59.097+0000] {logging_mixin.py:188} INFO - [2025-10-14T12:06:59.097+0000] {dag.py:3823} INFO - Setting next_dagrun for example_xcom to 2021-01-01 00:00:00+00:00, run_after=2021-01-01 00:00:00+00:00
[2025-10-14T12:06:59.146+0000] {processor.py:183} INFO - Processing /home/airflow/.local/lib/python3.8/site-packages/airflow/example_dags/example_xcom.py took 0.199 seconds
[2025-10-14T12:07:29.374+0000] {processor.py:161} INFO - Started process (PID=83261) to work on /home/airflow/.local/lib/python3.8/site-packages/airflow/example_dags/example_xcom.py
[2025-10-14T12:07:29.377+0000] {processor.py:830} INFO - Processing file /home/airflow/.local/lib/python3.8/site-packages/airflow/example_dags/example_xcom.py for tasks to queue
[2025-10-14T12:07:29.380+0000] {logging_mixin.py:188} INFO - [2025-10-14T12:07:29.379+0000] {dagbag.py:538} INFO - Filling up the DagBag from /home/airflow/.local/lib/python3.8/site-packages/airflow/example_dags/example_xcom.py
[2025-10-14T12:07:29.401+0000] {processor.py:840} INFO - DAG(s) 'example_xcom' retrieved from /home/airflow/.local/lib/python3.8/site-packages/airflow/example_dags/example_xcom.py
[2025-10-14T12:07:29.447+0000] {logging_mixin.py:188} INFO - [2025-10-14T12:07:29.446+0000] {dag.py:3036} INFO - Sync 1 DAGs
[2025-10-14T12:07:29.481+0000] {logging_mixin.py:188} INFO - [2025-10-14T12:07:29.480+0000] {dag.py:3823} INFO - Setting next_dagrun for example_xcom to 2021-01-01 00:00:00+00:00, run_after=2021-01-01 00:00:00+00:00
[2025-10-14T12:07:29.506+0000] {processor.py:183} INFO - Processing /home/airflow/.local/lib/python3.8/site-packages/airflow/example_dags/example_xcom.py took 0.141 seconds
[2025-10-14T12:08:00.239+0000] {processor.py:161} INFO - Started process (PID=83332) to work on /home/airflow/.local/lib/python3.8/site-packages/airflow/example_dags/example_xcom.py
[2025-10-14T12:08:00.241+0000] {processor.py:830} INFO - Processing file /home/airflow/.local/lib/python3.8/site-packages/airflow/example_dags/example_xcom.py for tasks to queue
[2025-10-14T12:08:00.243+0000] {logging_mixin.py:188} INFO - [2025-10-14T12:08:00.243+0000] {dagbag.py:538} INFO - Filling up the DagBag from /home/airflow/.local/lib/python3.8/site-packages/airflow/example_dags/example_xcom.py
[2025-10-14T12:08:00.261+0000] {processor.py:840} INFO - DAG(s) 'example_xcom' retrieved from /home/airflow/.local/lib/python3.8/site-packages/airflow/example_dags/example_xcom.py
[2025-10-14T12:08:00.310+0000] {logging_mixin.py:188} INFO - [2025-10-14T12:08:00.310+0000] {dag.py:3036} INFO - Sync 1 DAGs
[2025-10-14T12:08:00.343+0000] {logging_mixin.py:188} INFO - [2025-10-14T12:08:00.342+0000] {dag.py:3823} INFO - Setting next_dagrun for example_xcom to 2021-01-01 00:00:00+00:00, run_after=2021-01-01 00:00:00+00:00
[2025-10-14T12:08:00.371+0000] {processor.py:183} INFO - Processing /home/airflow/.local/lib/python3.8/site-packages/airflow/example_dags/example_xcom.py took 0.137 seconds
[2025-10-14T12:08:31.985+0000] {processor.py:161} INFO - Started process (PID=83403) to work on /home/airflow/.local/lib/python3.8/site-packages/airflow/example_dags/example_xcom.py
[2025-10-14T12:08:31.987+0000] {processor.py:830} INFO - Processing file /home/airflow/.local/lib/python3.8/site-packages/airflow/example_dags/example_xcom.py for tasks to queue
[2025-10-14T12:08:31.989+0000] {logging_mixin.py:188} INFO - [2025-10-14T12:08:31.988+0000] {dagbag.py:538} INFO - Filling up the DagBag from /home/airflow/.local/lib/python3.8/site-packages/airflow/example_dags/example_xcom.py
[2025-10-14T12:08:32.003+0000] {processor.py:840} INFO - DAG(s) 'example_xcom' retrieved from /home/airflow/.local/lib/python3.8/site-packages/airflow/example_dags/example_xcom.py
[2025-10-14T12:08:32.045+0000] {logging_mixin.py:188} INFO - [2025-10-14T12:08:32.045+0000] {dag.py:3036} INFO - Sync 1 DAGs
[2025-10-14T12:08:32.075+0000] {logging_mixin.py:188} INFO - [2025-10-14T12:08:32.075+0000] {dag.py:3823} INFO - Setting next_dagrun for example_xcom to 2021-01-01 00:00:00+00:00, run_after=2021-01-01 00:00:00+00:00
[2025-10-14T12:08:32.103+0000] {processor.py:183} INFO - Processing /home/airflow/.local/lib/python3.8/site-packages/airflow/example_dags/example_xcom.py took 0.126 seconds
[2025-10-14T12:09:02.948+0000] {processor.py:161} INFO - Started process (PID=83473) to work on /home/airflow/.local/lib/python3.8/site-packages/airflow/example_dags/example_xcom.py
[2025-10-14T12:09:02.950+0000] {processor.py:830} INFO - Processing file /home/airflow/.local/lib/python3.8/site-packages/airflow/example_dags/example_xcom.py for tasks to queue
[2025-10-14T12:09:02.952+0000] {logging_mixin.py:188} INFO - [2025-10-14T12:09:02.951+0000] {dagbag.py:538} INFO - Filling up the DagBag from /home/airflow/.local/lib/python3.8/site-packages/airflow/example_dags/example_xcom.py
[2025-10-14T12:09:02.968+0000] {processor.py:840} INFO - DAG(s) 'example_xcom' retrieved from /home/airflow/.local/lib/python3.8/site-packages/airflow/example_dags/example_xcom.py
[2025-10-14T12:09:03.016+0000] {logging_mixin.py:188} INFO - [2025-10-14T12:09:03.015+0000] {dag.py:3036} INFO - Sync 1 DAGs
[2025-10-14T12:09:03.058+0000] {logging_mixin.py:188} INFO - [2025-10-14T12:09:03.057+0000] {dag.py:3823} INFO - Setting next_dagrun for example_xcom to 2021-01-01 00:00:00+00:00, run_after=2021-01-01 00:00:00+00:00
[2025-10-14T12:09:03.091+0000] {processor.py:183} INFO - Processing /home/airflow/.local/lib/python3.8/site-packages/airflow/example_dags/example_xcom.py took 0.151 seconds
[2025-10-14T12:09:34.131+0000] {processor.py:161} INFO - Started process (PID=83543) to work on /home/airflow/.local/lib/python3.8/site-packages/airflow/example_dags/example_xcom.py
[2025-10-14T12:09:34.133+0000] {processor.py:830} INFO - Processing file /home/airflow/.local/lib/python3.8/site-packages/airflow/example_dags/example_xcom.py for tasks to queue
[2025-10-14T12:09:34.136+0000] {logging_mixin.py:188} INFO - [2025-10-14T12:09:34.135+0000] {dagbag.py:538} INFO - Filling up the DagBag from /home/airflow/.local/lib/python3.8/site-packages/airflow/example_dags/example_xcom.py
[2025-10-14T12:09:34.149+0000] {processor.py:840} INFO - DAG(s) 'example_xcom' retrieved from /home/airflow/.local/lib/python3.8/site-packages/airflow/example_dags/example_xcom.py
[2025-10-14T12:09:34.194+0000] {logging_mixin.py:188} INFO - [2025-10-14T12:09:34.194+0000] {dag.py:3036} INFO - Sync 1 DAGs
[2025-10-14T12:09:34.233+0000] {logging_mixin.py:188} INFO - [2025-10-14T12:09:34.233+0000] {dag.py:3823} INFO - Setting next_dagrun for example_xcom to 2021-01-01 00:00:00+00:00, run_after=2021-01-01 00:00:00+00:00
[2025-10-14T12:09:34.267+0000] {processor.py:183} INFO - Processing /home/airflow/.local/lib/python3.8/site-packages/airflow/example_dags/example_xcom.py took 0.141 seconds
[2025-10-14T12:10:04.743+0000] {processor.py:161} INFO - Started process (PID=83613) to work on /home/airflow/.local/lib/python3.8/site-packages/airflow/example_dags/example_xcom.py
[2025-10-14T12:10:04.744+0000] {processor.py:830} INFO - Processing file /home/airflow/.local/lib/python3.8/site-packages/airflow/example_dags/example_xcom.py for tasks to queue
[2025-10-14T12:10:04.746+0000] {logging_mixin.py:188} INFO - [2025-10-14T12:10:04.746+0000] {dagbag.py:538} INFO - Filling up the DagBag from /home/airflow/.local/lib/python3.8/site-packages/airflow/example_dags/example_xcom.py
[2025-10-14T12:10:04.760+0000] {processor.py:840} INFO - DAG(s) 'example_xcom' retrieved from /home/airflow/.local/lib/python3.8/site-packages/airflow/example_dags/example_xcom.py
[2025-10-14T12:10:04.806+0000] {logging_mixin.py:188} INFO - [2025-10-14T12:10:04.805+0000] {dag.py:3036} INFO - Sync 1 DAGs
[2025-10-14T12:10:04.852+0000] {logging_mixin.py:188} INFO - [2025-10-14T12:10:04.852+0000] {dag.py:3823} INFO - Setting next_dagrun for example_xcom to 2021-01-01 00:00:00+00:00, run_after=2021-01-01 00:00:00+00:00
[2025-10-14T12:10:04.895+0000] {processor.py:183} INFO - Processing /home/airflow/.local/lib/python3.8/site-packages/airflow/example_dags/example_xcom.py took 0.156 seconds
[2025-10-14T12:10:35.986+0000] {processor.py:161} INFO - Started process (PID=83683) to work on /home/airflow/.local/lib/python3.8/site-packages/airflow/example_dags/example_xcom.py
[2025-10-14T12:10:35.988+0000] {processor.py:830} INFO - Processing file /home/airflow/.local/lib/python3.8/site-packages/airflow/example_dags/example_xcom.py for tasks to queue
[2025-10-14T12:10:35.990+0000] {logging_mixin.py:188} INFO - [2025-10-14T12:10:35.989+0000] {dagbag.py:538} INFO - Filling up the DagBag from /home/airflow/.local/lib/python3.8/site-packages/airflow/example_dags/example_xcom.py
[2025-10-14T12:10:36.002+0000] {processor.py:840} INFO - DAG(s) 'example_xcom' retrieved from /home/airflow/.local/lib/python3.8/site-packages/airflow/example_dags/example_xcom.py
[2025-10-14T12:10:36.041+0000] {logging_mixin.py:188} INFO - [2025-10-14T12:10:36.041+0000] {dag.py:3036} INFO - Sync 1 DAGs
[2025-10-14T12:10:36.071+0000] {logging_mixin.py:188} INFO - [2025-10-14T12:10:36.071+0000] {dag.py:3823} INFO - Setting next_dagrun for example_xcom to 2021-01-01 00:00:00+00:00, run_after=2021-01-01 00:00:00+00:00
[2025-10-14T12:10:36.102+0000] {processor.py:183} INFO - Processing /home/airflow/.local/lib/python3.8/site-packages/airflow/example_dags/example_xcom.py took 0.121 seconds
[2025-10-14T12:11:07.163+0000] {processor.py:161} INFO - Started process (PID=83753) to work on /home/airflow/.local/lib/python3.8/site-packages/airflow/example_dags/example_xcom.py
[2025-10-14T12:11:07.164+0000] {processor.py:830} INFO - Processing file /home/airflow/.local/lib/python3.8/site-packages/airflow/example_dags/example_xcom.py for tasks to queue
[2025-10-14T12:11:07.166+0000] {logging_mixin.py:188} INFO - [2025-10-14T12:11:07.166+0000] {dagbag.py:538} INFO - Filling up the DagBag from /home/airflow/.local/lib/python3.8/site-packages/airflow/example_dags/example_xcom.py
[2025-10-14T12:11:07.180+0000] {processor.py:840} INFO - DAG(s) 'example_xcom' retrieved from /home/airflow/.local/lib/python3.8/site-packages/airflow/example_dags/example_xcom.py
[2025-10-14T12:11:07.224+0000] {logging_mixin.py:188} INFO - [2025-10-14T12:11:07.223+0000] {dag.py:3036} INFO - Sync 1 DAGs
[2025-10-14T12:11:07.271+0000] {logging_mixin.py:188} INFO - [2025-10-14T12:11:07.270+0000] {dag.py:3823} INFO - Setting next_dagrun for example_xcom to 2021-01-01 00:00:00+00:00, run_after=2021-01-01 00:00:00+00:00
[2025-10-14T12:11:07.314+0000] {processor.py:183} INFO - Processing /home/airflow/.local/lib/python3.8/site-packages/airflow/example_dags/example_xcom.py took 0.157 seconds
[2025-10-14T12:11:37.947+0000] {processor.py:161} INFO - Started process (PID=83823) to work on /home/airflow/.local/lib/python3.8/site-packages/airflow/example_dags/example_xcom.py
[2025-10-14T12:11:37.949+0000] {processor.py:830} INFO - Processing file /home/airflow/.local/lib/python3.8/site-packages/airflow/example_dags/example_xcom.py for tasks to queue
[2025-10-14T12:11:37.951+0000] {logging_mixin.py:188} INFO - [2025-10-14T12:11:37.950+0000] {dagbag.py:538} INFO - Filling up the DagBag from /home/airflow/.local/lib/python3.8/site-packages/airflow/example_dags/example_xcom.py
[2025-10-14T12:11:37.963+0000] {processor.py:840} INFO - DAG(s) 'example_xcom' retrieved from /home/airflow/.local/lib/python3.8/site-packages/airflow/example_dags/example_xcom.py
[2025-10-14T12:11:38.000+0000] {logging_mixin.py:188} INFO - [2025-10-14T12:11:38.000+0000] {dag.py:3036} INFO - Sync 1 DAGs
[2025-10-14T12:11:38.032+0000] {logging_mixin.py:188} INFO - [2025-10-14T12:11:38.031+0000] {dag.py:3823} INFO - Setting next_dagrun for example_xcom to 2021-01-01 00:00:00+00:00, run_after=2021-01-01 00:00:00+00:00
[2025-10-14T12:11:38.061+0000] {processor.py:183} INFO - Processing /home/airflow/.local/lib/python3.8/site-packages/airflow/example_dags/example_xcom.py took 0.119 seconds
[2025-10-14T12:12:09.435+0000] {processor.py:161} INFO - Started process (PID=83894) to work on /home/airflow/.local/lib/python3.8/site-packages/airflow/example_dags/example_xcom.py
[2025-10-14T12:12:09.437+0000] {processor.py:830} INFO - Processing file /home/airflow/.local/lib/python3.8/site-packages/airflow/example_dags/example_xcom.py for tasks to queue
[2025-10-14T12:12:09.438+0000] {logging_mixin.py:188} INFO - [2025-10-14T12:12:09.438+0000] {dagbag.py:538} INFO - Filling up the DagBag from /home/airflow/.local/lib/python3.8/site-packages/airflow/example_dags/example_xcom.py
[2025-10-14T12:12:09.449+0000] {processor.py:840} INFO - DAG(s) 'example_xcom' retrieved from /home/airflow/.local/lib/python3.8/site-packages/airflow/example_dags/example_xcom.py
[2025-10-14T12:12:09.483+0000] {logging_mixin.py:188} INFO - [2025-10-14T12:12:09.483+0000] {dag.py:3036} INFO - Sync 1 DAGs
[2025-10-14T12:12:09.516+0000] {logging_mixin.py:188} INFO - [2025-10-14T12:12:09.515+0000] {dag.py:3823} INFO - Setting next_dagrun for example_xcom to 2021-01-01 00:00:00+00:00, run_after=2021-01-01 00:00:00+00:00
[2025-10-14T12:12:09.545+0000] {processor.py:183} INFO - Processing /home/airflow/.local/lib/python3.8/site-packages/airflow/example_dags/example_xcom.py took 0.116 seconds
[2025-10-14T12:12:40.492+0000] {processor.py:161} INFO - Started process (PID=83964) to work on /home/airflow/.local/lib/python3.8/site-packages/airflow/example_dags/example_xcom.py
[2025-10-14T12:12:40.494+0000] {processor.py:830} INFO - Processing file /home/airflow/.local/lib/python3.8/site-packages/airflow/example_dags/example_xcom.py for tasks to queue
[2025-10-14T12:12:40.495+0000] {logging_mixin.py:188} INFO - [2025-10-14T12:12:40.495+0000] {dagbag.py:538} INFO - Filling up the DagBag from /home/airflow/.local/lib/python3.8/site-packages/airflow/example_dags/example_xcom.py
[2025-10-14T12:12:40.508+0000] {processor.py:840} INFO - DAG(s) 'example_xcom' retrieved from /home/airflow/.local/lib/python3.8/site-packages/airflow/example_dags/example_xcom.py
[2025-10-14T12:12:40.548+0000] {logging_mixin.py:188} INFO - [2025-10-14T12:12:40.547+0000] {dag.py:3036} INFO - Sync 1 DAGs
[2025-10-14T12:12:40.581+0000] {logging_mixin.py:188} INFO - [2025-10-14T12:12:40.581+0000] {dag.py:3823} INFO - Setting next_dagrun for example_xcom to 2021-01-01 00:00:00+00:00, run_after=2021-01-01 00:00:00+00:00
[2025-10-14T12:12:40.633+0000] {processor.py:183} INFO - Processing /home/airflow/.local/lib/python3.8/site-packages/airflow/example_dags/example_xcom.py took 0.145 seconds
[2025-10-14T12:13:11.766+0000] {processor.py:161} INFO - Started process (PID=84034) to work on /home/airflow/.local/lib/python3.8/site-packages/airflow/example_dags/example_xcom.py
[2025-10-14T12:13:11.768+0000] {processor.py:830} INFO - Processing file /home/airflow/.local/lib/python3.8/site-packages/airflow/example_dags/example_xcom.py for tasks to queue
[2025-10-14T12:13:11.770+0000] {logging_mixin.py:188} INFO - [2025-10-14T12:13:11.769+0000] {dagbag.py:538} INFO - Filling up the DagBag from /home/airflow/.local/lib/python3.8/site-packages/airflow/example_dags/example_xcom.py
[2025-10-14T12:13:11.786+0000] {processor.py:840} INFO - DAG(s) 'example_xcom' retrieved from /home/airflow/.local/lib/python3.8/site-packages/airflow/example_dags/example_xcom.py
[2025-10-14T12:13:11.840+0000] {logging_mixin.py:188} INFO - [2025-10-14T12:13:11.839+0000] {dag.py:3036} INFO - Sync 1 DAGs
[2025-10-14T12:13:11.907+0000] {logging_mixin.py:188} INFO - [2025-10-14T12:13:11.907+0000] {dag.py:3823} INFO - Setting next_dagrun for example_xcom to 2021-01-01 00:00:00+00:00, run_after=2021-01-01 00:00:00+00:00
[2025-10-14T12:13:11.939+0000] {processor.py:183} INFO - Processing /home/airflow/.local/lib/python3.8/site-packages/airflow/example_dags/example_xcom.py took 0.178 seconds
[2025-10-14T12:13:42.548+0000] {processor.py:161} INFO - Started process (PID=84105) to work on /home/airflow/.local/lib/python3.8/site-packages/airflow/example_dags/example_xcom.py
[2025-10-14T12:13:42.550+0000] {processor.py:830} INFO - Processing file /home/airflow/.local/lib/python3.8/site-packages/airflow/example_dags/example_xcom.py for tasks to queue
[2025-10-14T12:13:42.552+0000] {logging_mixin.py:188} INFO - [2025-10-14T12:13:42.551+0000] {dagbag.py:538} INFO - Filling up the DagBag from /home/airflow/.local/lib/python3.8/site-packages/airflow/example_dags/example_xcom.py
[2025-10-14T12:13:42.563+0000] {processor.py:840} INFO - DAG(s) 'example_xcom' retrieved from /home/airflow/.local/lib/python3.8/site-packages/airflow/example_dags/example_xcom.py
[2025-10-14T12:13:42.604+0000] {logging_mixin.py:188} INFO - [2025-10-14T12:13:42.604+0000] {dag.py:3036} INFO - Sync 1 DAGs
[2025-10-14T12:13:42.640+0000] {logging_mixin.py:188} INFO - [2025-10-14T12:13:42.639+0000] {dag.py:3823} INFO - Setting next_dagrun for example_xcom to 2021-01-01 00:00:00+00:00, run_after=2021-01-01 00:00:00+00:00
[2025-10-14T12:13:42.673+0000] {processor.py:183} INFO - Processing /home/airflow/.local/lib/python3.8/site-packages/airflow/example_dags/example_xcom.py took 0.130 seconds
[2025-10-14T12:14:13.237+0000] {processor.py:161} INFO - Started process (PID=84175) to work on /home/airflow/.local/lib/python3.8/site-packages/airflow/example_dags/example_xcom.py
[2025-10-14T12:14:13.239+0000] {processor.py:830} INFO - Processing file /home/airflow/.local/lib/python3.8/site-packages/airflow/example_dags/example_xcom.py for tasks to queue
[2025-10-14T12:14:13.240+0000] {logging_mixin.py:188} INFO - [2025-10-14T12:14:13.240+0000] {dagbag.py:538} INFO - Filling up the DagBag from /home/airflow/.local/lib/python3.8/site-packages/airflow/example_dags/example_xcom.py
[2025-10-14T12:14:13.252+0000] {processor.py:840} INFO - DAG(s) 'example_xcom' retrieved from /home/airflow/.local/lib/python3.8/site-packages/airflow/example_dags/example_xcom.py
[2025-10-14T12:14:13.298+0000] {logging_mixin.py:188} INFO - [2025-10-14T12:14:13.298+0000] {dag.py:3036} INFO - Sync 1 DAGs
[2025-10-14T12:14:13.336+0000] {logging_mixin.py:188} INFO - [2025-10-14T12:14:13.336+0000] {dag.py:3823} INFO - Setting next_dagrun for example_xcom to 2021-01-01 00:00:00+00:00, run_after=2021-01-01 00:00:00+00:00
[2025-10-14T12:14:13.373+0000] {processor.py:183} INFO - Processing /home/airflow/.local/lib/python3.8/site-packages/airflow/example_dags/example_xcom.py took 0.142 seconds
[2025-10-14T12:14:44.488+0000] {processor.py:161} INFO - Started process (PID=84244) to work on /home/airflow/.local/lib/python3.8/site-packages/airflow/example_dags/example_xcom.py
[2025-10-14T12:14:44.490+0000] {processor.py:830} INFO - Processing file /home/airflow/.local/lib/python3.8/site-packages/airflow/example_dags/example_xcom.py for tasks to queue
[2025-10-14T12:14:44.492+0000] {logging_mixin.py:188} INFO - [2025-10-14T12:14:44.491+0000] {dagbag.py:538} INFO - Filling up the DagBag from /home/airflow/.local/lib/python3.8/site-packages/airflow/example_dags/example_xcom.py
[2025-10-14T12:14:44.505+0000] {processor.py:840} INFO - DAG(s) 'example_xcom' retrieved from /home/airflow/.local/lib/python3.8/site-packages/airflow/example_dags/example_xcom.py
[2025-10-14T12:14:44.550+0000] {logging_mixin.py:188} INFO - [2025-10-14T12:14:44.549+0000] {dag.py:3036} INFO - Sync 1 DAGs
[2025-10-14T12:14:44.586+0000] {logging_mixin.py:188} INFO - [2025-10-14T12:14:44.585+0000] {dag.py:3823} INFO - Setting next_dagrun for example_xcom to 2021-01-01 00:00:00+00:00, run_after=2021-01-01 00:00:00+00:00
[2025-10-14T12:14:44.613+0000] {processor.py:183} INFO - Processing /home/airflow/.local/lib/python3.8/site-packages/airflow/example_dags/example_xcom.py took 0.131 seconds
[2025-10-14T12:15:15.237+0000] {processor.py:161} INFO - Started process (PID=84314) to work on /home/airflow/.local/lib/python3.8/site-packages/airflow/example_dags/example_xcom.py
[2025-10-14T12:15:15.238+0000] {processor.py:830} INFO - Processing file /home/airflow/.local/lib/python3.8/site-packages/airflow/example_dags/example_xcom.py for tasks to queue
[2025-10-14T12:15:15.240+0000] {logging_mixin.py:188} INFO - [2025-10-14T12:15:15.240+0000] {dagbag.py:538} INFO - Filling up the DagBag from /home/airflow/.local/lib/python3.8/site-packages/airflow/example_dags/example_xcom.py
[2025-10-14T12:15:15.251+0000] {processor.py:840} INFO - DAG(s) 'example_xcom' retrieved from /home/airflow/.local/lib/python3.8/site-packages/airflow/example_dags/example_xcom.py
[2025-10-14T12:15:15.286+0000] {logging_mixin.py:188} INFO - [2025-10-14T12:15:15.286+0000] {dag.py:3036} INFO - Sync 1 DAGs
[2025-10-14T12:15:15.316+0000] {logging_mixin.py:188} INFO - [2025-10-14T12:15:15.315+0000] {dag.py:3823} INFO - Setting next_dagrun for example_xcom to 2021-01-01 00:00:00+00:00, run_after=2021-01-01 00:00:00+00:00
[2025-10-14T12:15:15.366+0000] {processor.py:183} INFO - Processing /home/airflow/.local/lib/python3.8/site-packages/airflow/example_dags/example_xcom.py took 0.134 seconds
[2025-10-14T12:15:46.722+0000] {processor.py:161} INFO - Started process (PID=84384) to work on /home/airflow/.local/lib/python3.8/site-packages/airflow/example_dags/example_xcom.py
[2025-10-14T12:15:46.724+0000] {processor.py:830} INFO - Processing file /home/airflow/.local/lib/python3.8/site-packages/airflow/example_dags/example_xcom.py for tasks to queue
[2025-10-14T12:15:46.725+0000] {logging_mixin.py:188} INFO - [2025-10-14T12:15:46.725+0000] {dagbag.py:538} INFO - Filling up the DagBag from /home/airflow/.local/lib/python3.8/site-packages/airflow/example_dags/example_xcom.py
[2025-10-14T12:15:46.737+0000] {processor.py:840} INFO - DAG(s) 'example_xcom' retrieved from /home/airflow/.local/lib/python3.8/site-packages/airflow/example_dags/example_xcom.py
[2025-10-14T12:15:46.775+0000] {logging_mixin.py:188} INFO - [2025-10-14T12:15:46.774+0000] {dag.py:3036} INFO - Sync 1 DAGs
[2025-10-14T12:15:46.804+0000] {logging_mixin.py:188} INFO - [2025-10-14T12:15:46.804+0000] {dag.py:3823} INFO - Setting next_dagrun for example_xcom to 2021-01-01 00:00:00+00:00, run_after=2021-01-01 00:00:00+00:00
[2025-10-14T12:15:46.831+0000] {processor.py:183} INFO - Processing /home/airflow/.local/lib/python3.8/site-packages/airflow/example_dags/example_xcom.py took 0.114 seconds
[2025-10-14T12:16:19.615+0000] {processor.py:161} INFO - Started process (PID=84454) to work on /home/airflow/.local/lib/python3.8/site-packages/airflow/example_dags/example_xcom.py
[2025-10-14T12:16:19.617+0000] {processor.py:830} INFO - Processing file /home/airflow/.local/lib/python3.8/site-packages/airflow/example_dags/example_xcom.py for tasks to queue
[2025-10-14T12:16:19.619+0000] {logging_mixin.py:188} INFO - [2025-10-14T12:16:19.619+0000] {dagbag.py:538} INFO - Filling up the DagBag from /home/airflow/.local/lib/python3.8/site-packages/airflow/example_dags/example_xcom.py
[2025-10-14T12:16:19.641+0000] {processor.py:840} INFO - DAG(s) 'example_xcom' retrieved from /home/airflow/.local/lib/python3.8/site-packages/airflow/example_dags/example_xcom.py
[2025-10-14T12:16:19.695+0000] {logging_mixin.py:188} INFO - [2025-10-14T12:16:19.694+0000] {dag.py:3036} INFO - Sync 1 DAGs
[2025-10-14T12:16:19.731+0000] {logging_mixin.py:188} INFO - [2025-10-14T12:16:19.731+0000] {dag.py:3823} INFO - Setting next_dagrun for example_xcom to 2021-01-01 00:00:00+00:00, run_after=2021-01-01 00:00:00+00:00
[2025-10-14T12:16:19.773+0000] {processor.py:183} INFO - Processing /home/airflow/.local/lib/python3.8/site-packages/airflow/example_dags/example_xcom.py took 0.166 seconds
[2025-10-14T12:16:50.669+0000] {processor.py:161} INFO - Started process (PID=84524) to work on /home/airflow/.local/lib/python3.8/site-packages/airflow/example_dags/example_xcom.py
[2025-10-14T12:16:50.671+0000] {processor.py:830} INFO - Processing file /home/airflow/.local/lib/python3.8/site-packages/airflow/example_dags/example_xcom.py for tasks to queue
[2025-10-14T12:16:50.673+0000] {logging_mixin.py:188} INFO - [2025-10-14T12:16:50.673+0000] {dagbag.py:538} INFO - Filling up the DagBag from /home/airflow/.local/lib/python3.8/site-packages/airflow/example_dags/example_xcom.py
[2025-10-14T12:16:50.686+0000] {processor.py:840} INFO - DAG(s) 'example_xcom' retrieved from /home/airflow/.local/lib/python3.8/site-packages/airflow/example_dags/example_xcom.py
[2025-10-14T12:16:50.727+0000] {logging_mixin.py:188} INFO - [2025-10-14T12:16:50.727+0000] {dag.py:3036} INFO - Sync 1 DAGs
[2025-10-14T12:16:50.762+0000] {logging_mixin.py:188} INFO - [2025-10-14T12:16:50.762+0000] {dag.py:3823} INFO - Setting next_dagrun for example_xcom to 2021-01-01 00:00:00+00:00, run_after=2021-01-01 00:00:00+00:00
[2025-10-14T12:16:50.826+0000] {processor.py:183} INFO - Processing /home/airflow/.local/lib/python3.8/site-packages/airflow/example_dags/example_xcom.py took 0.162 seconds
[2025-10-14T12:17:21.839+0000] {processor.py:161} INFO - Started process (PID=84594) to work on /home/airflow/.local/lib/python3.8/site-packages/airflow/example_dags/example_xcom.py
[2025-10-14T12:17:21.841+0000] {processor.py:830} INFO - Processing file /home/airflow/.local/lib/python3.8/site-packages/airflow/example_dags/example_xcom.py for tasks to queue
[2025-10-14T12:17:21.843+0000] {logging_mixin.py:188} INFO - [2025-10-14T12:17:21.842+0000] {dagbag.py:538} INFO - Filling up the DagBag from /home/airflow/.local/lib/python3.8/site-packages/airflow/example_dags/example_xcom.py
[2025-10-14T12:17:21.856+0000] {processor.py:840} INFO - DAG(s) 'example_xcom' retrieved from /home/airflow/.local/lib/python3.8/site-packages/airflow/example_dags/example_xcom.py
[2025-10-14T12:17:21.903+0000] {logging_mixin.py:188} INFO - [2025-10-14T12:17:21.903+0000] {dag.py:3036} INFO - Sync 1 DAGs
[2025-10-14T12:17:21.942+0000] {logging_mixin.py:188} INFO - [2025-10-14T12:17:21.941+0000] {dag.py:3823} INFO - Setting next_dagrun for example_xcom to 2021-01-01 00:00:00+00:00, run_after=2021-01-01 00:00:00+00:00
[2025-10-14T12:17:22.027+0000] {processor.py:183} INFO - Processing /home/airflow/.local/lib/python3.8/site-packages/airflow/example_dags/example_xcom.py took 0.194 seconds
[2025-10-14T12:17:52.946+0000] {processor.py:161} INFO - Started process (PID=84664) to work on /home/airflow/.local/lib/python3.8/site-packages/airflow/example_dags/example_xcom.py
[2025-10-14T12:17:52.948+0000] {processor.py:830} INFO - Processing file /home/airflow/.local/lib/python3.8/site-packages/airflow/example_dags/example_xcom.py for tasks to queue
[2025-10-14T12:17:52.949+0000] {logging_mixin.py:188} INFO - [2025-10-14T12:17:52.949+0000] {dagbag.py:538} INFO - Filling up the DagBag from /home/airflow/.local/lib/python3.8/site-packages/airflow/example_dags/example_xcom.py
[2025-10-14T12:17:52.961+0000] {processor.py:840} INFO - DAG(s) 'example_xcom' retrieved from /home/airflow/.local/lib/python3.8/site-packages/airflow/example_dags/example_xcom.py
[2025-10-14T12:17:52.998+0000] {logging_mixin.py:188} INFO - [2025-10-14T12:17:52.998+0000] {dag.py:3036} INFO - Sync 1 DAGs
[2025-10-14T12:17:53.029+0000] {logging_mixin.py:188} INFO - [2025-10-14T12:17:53.029+0000] {dag.py:3823} INFO - Setting next_dagrun for example_xcom to 2021-01-01 00:00:00+00:00, run_after=2021-01-01 00:00:00+00:00
[2025-10-14T12:17:53.081+0000] {processor.py:183} INFO - Processing /home/airflow/.local/lib/python3.8/site-packages/airflow/example_dags/example_xcom.py took 0.140 seconds
[2025-10-14T12:18:24.644+0000] {processor.py:161} INFO - Started process (PID=84734) to work on /home/airflow/.local/lib/python3.8/site-packages/airflow/example_dags/example_xcom.py
[2025-10-14T12:18:24.646+0000] {processor.py:830} INFO - Processing file /home/airflow/.local/lib/python3.8/site-packages/airflow/example_dags/example_xcom.py for tasks to queue
[2025-10-14T12:18:24.647+0000] {logging_mixin.py:188} INFO - [2025-10-14T12:18:24.647+0000] {dagbag.py:538} INFO - Filling up the DagBag from /home/airflow/.local/lib/python3.8/site-packages/airflow/example_dags/example_xcom.py
[2025-10-14T12:18:24.660+0000] {processor.py:840} INFO - DAG(s) 'example_xcom' retrieved from /home/airflow/.local/lib/python3.8/site-packages/airflow/example_dags/example_xcom.py
[2025-10-14T12:18:24.705+0000] {logging_mixin.py:188} INFO - [2025-10-14T12:18:24.704+0000] {dag.py:3036} INFO - Sync 1 DAGs
[2025-10-14T12:18:24.745+0000] {logging_mixin.py:188} INFO - [2025-10-14T12:18:24.745+0000] {dag.py:3823} INFO - Setting next_dagrun for example_xcom to 2021-01-01 00:00:00+00:00, run_after=2021-01-01 00:00:00+00:00
[2025-10-14T12:18:24.807+0000] {processor.py:183} INFO - Processing /home/airflow/.local/lib/python3.8/site-packages/airflow/example_dags/example_xcom.py took 0.169 seconds
[2025-10-14T12:18:55.660+0000] {processor.py:161} INFO - Started process (PID=84810) to work on /home/airflow/.local/lib/python3.8/site-packages/airflow/example_dags/example_xcom.py
[2025-10-14T12:18:55.662+0000] {processor.py:830} INFO - Processing file /home/airflow/.local/lib/python3.8/site-packages/airflow/example_dags/example_xcom.py for tasks to queue
[2025-10-14T12:18:55.664+0000] {logging_mixin.py:188} INFO - [2025-10-14T12:18:55.663+0000] {dagbag.py:538} INFO - Filling up the DagBag from /home/airflow/.local/lib/python3.8/site-packages/airflow/example_dags/example_xcom.py
[2025-10-14T12:18:55.676+0000] {processor.py:840} INFO - DAG(s) 'example_xcom' retrieved from /home/airflow/.local/lib/python3.8/site-packages/airflow/example_dags/example_xcom.py
[2025-10-14T12:18:55.717+0000] {logging_mixin.py:188} INFO - [2025-10-14T12:18:55.717+0000] {dag.py:3036} INFO - Sync 1 DAGs
[2025-10-14T12:18:55.750+0000] {logging_mixin.py:188} INFO - [2025-10-14T12:18:55.750+0000] {dag.py:3823} INFO - Setting next_dagrun for example_xcom to 2021-01-01 00:00:00+00:00, run_after=2021-01-01 00:00:00+00:00
[2025-10-14T12:18:55.795+0000] {processor.py:183} INFO - Processing /home/airflow/.local/lib/python3.8/site-packages/airflow/example_dags/example_xcom.py took 0.140 seconds
[2025-10-14T12:19:26.788+0000] {processor.py:161} INFO - Started process (PID=84880) to work on /home/airflow/.local/lib/python3.8/site-packages/airflow/example_dags/example_xcom.py
[2025-10-14T12:19:26.790+0000] {processor.py:830} INFO - Processing file /home/airflow/.local/lib/python3.8/site-packages/airflow/example_dags/example_xcom.py for tasks to queue
[2025-10-14T12:19:26.792+0000] {logging_mixin.py:188} INFO - [2025-10-14T12:19:26.791+0000] {dagbag.py:538} INFO - Filling up the DagBag from /home/airflow/.local/lib/python3.8/site-packages/airflow/example_dags/example_xcom.py
[2025-10-14T12:19:26.803+0000] {processor.py:840} INFO - DAG(s) 'example_xcom' retrieved from /home/airflow/.local/lib/python3.8/site-packages/airflow/example_dags/example_xcom.py
[2025-10-14T12:19:26.841+0000] {logging_mixin.py:188} INFO - [2025-10-14T12:19:26.841+0000] {dag.py:3036} INFO - Sync 1 DAGs
[2025-10-14T12:19:26.872+0000] {logging_mixin.py:188} INFO - [2025-10-14T12:19:26.872+0000] {dag.py:3823} INFO - Setting next_dagrun for example_xcom to 2021-01-01 00:00:00+00:00, run_after=2021-01-01 00:00:00+00:00
[2025-10-14T12:19:26.904+0000] {processor.py:183} INFO - Processing /home/airflow/.local/lib/python3.8/site-packages/airflow/example_dags/example_xcom.py took 0.121 seconds
[2025-10-14T12:19:58.198+0000] {processor.py:161} INFO - Started process (PID=84950) to work on /home/airflow/.local/lib/python3.8/site-packages/airflow/example_dags/example_xcom.py
[2025-10-14T12:19:58.199+0000] {processor.py:830} INFO - Processing file /home/airflow/.local/lib/python3.8/site-packages/airflow/example_dags/example_xcom.py for tasks to queue
[2025-10-14T12:19:58.201+0000] {logging_mixin.py:188} INFO - [2025-10-14T12:19:58.201+0000] {dagbag.py:538} INFO - Filling up the DagBag from /home/airflow/.local/lib/python3.8/site-packages/airflow/example_dags/example_xcom.py
[2025-10-14T12:19:58.213+0000] {processor.py:840} INFO - DAG(s) 'example_xcom' retrieved from /home/airflow/.local/lib/python3.8/site-packages/airflow/example_dags/example_xcom.py
[2025-10-14T12:19:58.250+0000] {logging_mixin.py:188} INFO - [2025-10-14T12:19:58.250+0000] {dag.py:3036} INFO - Sync 1 DAGs
[2025-10-14T12:19:58.281+0000] {logging_mixin.py:188} INFO - [2025-10-14T12:19:58.281+0000] {dag.py:3823} INFO - Setting next_dagrun for example_xcom to 2021-01-01 00:00:00+00:00, run_after=2021-01-01 00:00:00+00:00
[2025-10-14T12:19:58.311+0000] {processor.py:183} INFO - Processing /home/airflow/.local/lib/python3.8/site-packages/airflow/example_dags/example_xcom.py took 0.118 seconds
[2025-10-14T12:20:30.174+0000] {processor.py:161} INFO - Started process (PID=85021) to work on /home/airflow/.local/lib/python3.8/site-packages/airflow/example_dags/example_xcom.py
[2025-10-14T12:20:30.175+0000] {processor.py:830} INFO - Processing file /home/airflow/.local/lib/python3.8/site-packages/airflow/example_dags/example_xcom.py for tasks to queue
[2025-10-14T12:20:30.177+0000] {logging_mixin.py:188} INFO - [2025-10-14T12:20:30.177+0000] {dagbag.py:538} INFO - Filling up the DagBag from /home/airflow/.local/lib/python3.8/site-packages/airflow/example_dags/example_xcom.py
[2025-10-14T12:20:30.190+0000] {processor.py:840} INFO - DAG(s) 'example_xcom' retrieved from /home/airflow/.local/lib/python3.8/site-packages/airflow/example_dags/example_xcom.py
[2025-10-14T12:20:30.227+0000] {logging_mixin.py:188} INFO - [2025-10-14T12:20:30.227+0000] {dag.py:3036} INFO - Sync 1 DAGs
[2025-10-14T12:20:30.262+0000] {logging_mixin.py:188} INFO - [2025-10-14T12:20:30.261+0000] {dag.py:3823} INFO - Setting next_dagrun for example_xcom to 2021-01-01 00:00:00+00:00, run_after=2021-01-01 00:00:00+00:00
[2025-10-14T12:20:30.328+0000] {processor.py:183} INFO - Processing /home/airflow/.local/lib/python3.8/site-packages/airflow/example_dags/example_xcom.py took 0.160 seconds
[2025-10-14T12:21:00.561+0000] {processor.py:161} INFO - Started process (PID=85092) to work on /home/airflow/.local/lib/python3.8/site-packages/airflow/example_dags/example_xcom.py
[2025-10-14T12:21:00.562+0000] {processor.py:830} INFO - Processing file /home/airflow/.local/lib/python3.8/site-packages/airflow/example_dags/example_xcom.py for tasks to queue
[2025-10-14T12:21:00.564+0000] {logging_mixin.py:188} INFO - [2025-10-14T12:21:00.564+0000] {dagbag.py:538} INFO - Filling up the DagBag from /home/airflow/.local/lib/python3.8/site-packages/airflow/example_dags/example_xcom.py
[2025-10-14T12:21:00.578+0000] {processor.py:840} INFO - DAG(s) 'example_xcom' retrieved from /home/airflow/.local/lib/python3.8/site-packages/airflow/example_dags/example_xcom.py
[2025-10-14T12:21:00.614+0000] {logging_mixin.py:188} INFO - [2025-10-14T12:21:00.614+0000] {dag.py:3036} INFO - Sync 1 DAGs
[2025-10-14T12:21:00.647+0000] {logging_mixin.py:188} INFO - [2025-10-14T12:21:00.646+0000] {dag.py:3823} INFO - Setting next_dagrun for example_xcom to 2021-01-01 00:00:00+00:00, run_after=2021-01-01 00:00:00+00:00
[2025-10-14T12:21:00.678+0000] {processor.py:183} INFO - Processing /home/airflow/.local/lib/python3.8/site-packages/airflow/example_dags/example_xcom.py took 0.124 seconds
[2025-10-14T12:21:32.530+0000] {processor.py:161} INFO - Started process (PID=85162) to work on /home/airflow/.local/lib/python3.8/site-packages/airflow/example_dags/example_xcom.py
[2025-10-14T12:21:32.532+0000] {processor.py:830} INFO - Processing file /home/airflow/.local/lib/python3.8/site-packages/airflow/example_dags/example_xcom.py for tasks to queue
[2025-10-14T12:21:32.534+0000] {logging_mixin.py:188} INFO - [2025-10-14T12:21:32.533+0000] {dagbag.py:538} INFO - Filling up the DagBag from /home/airflow/.local/lib/python3.8/site-packages/airflow/example_dags/example_xcom.py
[2025-10-14T12:21:32.545+0000] {processor.py:840} INFO - DAG(s) 'example_xcom' retrieved from /home/airflow/.local/lib/python3.8/site-packages/airflow/example_dags/example_xcom.py
[2025-10-14T12:21:32.585+0000] {logging_mixin.py:188} INFO - [2025-10-14T12:21:32.585+0000] {dag.py:3036} INFO - Sync 1 DAGs
[2025-10-14T12:21:32.619+0000] {logging_mixin.py:188} INFO - [2025-10-14T12:21:32.619+0000] {dag.py:3823} INFO - Setting next_dagrun for example_xcom to 2021-01-01 00:00:00+00:00, run_after=2021-01-01 00:00:00+00:00
[2025-10-14T12:21:32.656+0000] {processor.py:183} INFO - Processing /home/airflow/.local/lib/python3.8/site-packages/airflow/example_dags/example_xcom.py took 0.131 seconds
[2025-10-14T12:22:03.374+0000] {processor.py:161} INFO - Started process (PID=85232) to work on /home/airflow/.local/lib/python3.8/site-packages/airflow/example_dags/example_xcom.py
[2025-10-14T12:22:03.375+0000] {processor.py:830} INFO - Processing file /home/airflow/.local/lib/python3.8/site-packages/airflow/example_dags/example_xcom.py for tasks to queue
[2025-10-14T12:22:03.377+0000] {logging_mixin.py:188} INFO - [2025-10-14T12:22:03.377+0000] {dagbag.py:538} INFO - Filling up the DagBag from /home/airflow/.local/lib/python3.8/site-packages/airflow/example_dags/example_xcom.py
[2025-10-14T12:22:03.390+0000] {processor.py:840} INFO - DAG(s) 'example_xcom' retrieved from /home/airflow/.local/lib/python3.8/site-packages/airflow/example_dags/example_xcom.py
[2025-10-14T12:22:03.434+0000] {logging_mixin.py:188} INFO - [2025-10-14T12:22:03.434+0000] {dag.py:3036} INFO - Sync 1 DAGs
[2025-10-14T12:22:03.473+0000] {logging_mixin.py:188} INFO - [2025-10-14T12:22:03.472+0000] {dag.py:3823} INFO - Setting next_dagrun for example_xcom to 2021-01-01 00:00:00+00:00, run_after=2021-01-01 00:00:00+00:00
[2025-10-14T12:22:03.574+0000] {processor.py:183} INFO - Processing /home/airflow/.local/lib/python3.8/site-packages/airflow/example_dags/example_xcom.py took 0.205 seconds
[2025-10-14T12:22:34.977+0000] {processor.py:161} INFO - Started process (PID=85302) to work on /home/airflow/.local/lib/python3.8/site-packages/airflow/example_dags/example_xcom.py
[2025-10-14T12:22:34.978+0000] {processor.py:830} INFO - Processing file /home/airflow/.local/lib/python3.8/site-packages/airflow/example_dags/example_xcom.py for tasks to queue
[2025-10-14T12:22:34.980+0000] {logging_mixin.py:188} INFO - [2025-10-14T12:22:34.980+0000] {dagbag.py:538} INFO - Filling up the DagBag from /home/airflow/.local/lib/python3.8/site-packages/airflow/example_dags/example_xcom.py
[2025-10-14T12:22:34.997+0000] {processor.py:840} INFO - DAG(s) 'example_xcom' retrieved from /home/airflow/.local/lib/python3.8/site-packages/airflow/example_dags/example_xcom.py
[2025-10-14T12:22:35.047+0000] {logging_mixin.py:188} INFO - [2025-10-14T12:22:35.046+0000] {dag.py:3036} INFO - Sync 1 DAGs
[2025-10-14T12:22:35.091+0000] {logging_mixin.py:188} INFO - [2025-10-14T12:22:35.090+0000] {dag.py:3823} INFO - Setting next_dagrun for example_xcom to 2021-01-01 00:00:00+00:00, run_after=2021-01-01 00:00:00+00:00
[2025-10-14T12:22:35.130+0000] {processor.py:183} INFO - Processing /home/airflow/.local/lib/python3.8/site-packages/airflow/example_dags/example_xcom.py took 0.160 seconds
[2025-10-14T12:23:06.946+0000] {processor.py:161} INFO - Started process (PID=85372) to work on /home/airflow/.local/lib/python3.8/site-packages/airflow/example_dags/example_xcom.py
[2025-10-14T12:23:06.948+0000] {processor.py:830} INFO - Processing file /home/airflow/.local/lib/python3.8/site-packages/airflow/example_dags/example_xcom.py for tasks to queue
[2025-10-14T12:23:06.950+0000] {logging_mixin.py:188} INFO - [2025-10-14T12:23:06.950+0000] {dagbag.py:538} INFO - Filling up the DagBag from /home/airflow/.local/lib/python3.8/site-packages/airflow/example_dags/example_xcom.py
[2025-10-14T12:23:06.965+0000] {processor.py:840} INFO - DAG(s) 'example_xcom' retrieved from /home/airflow/.local/lib/python3.8/site-packages/airflow/example_dags/example_xcom.py
[2025-10-14T12:23:07.010+0000] {logging_mixin.py:188} INFO - [2025-10-14T12:23:07.010+0000] {dag.py:3036} INFO - Sync 1 DAGs
[2025-10-14T12:23:07.046+0000] {logging_mixin.py:188} INFO - [2025-10-14T12:23:07.046+0000] {dag.py:3823} INFO - Setting next_dagrun for example_xcom to 2021-01-01 00:00:00+00:00, run_after=2021-01-01 00:00:00+00:00
[2025-10-14T12:23:07.107+0000] {processor.py:183} INFO - Processing /home/airflow/.local/lib/python3.8/site-packages/airflow/example_dags/example_xcom.py took 0.166 seconds
[2025-10-14T12:23:38.175+0000] {processor.py:161} INFO - Started process (PID=85442) to work on /home/airflow/.local/lib/python3.8/site-packages/airflow/example_dags/example_xcom.py
[2025-10-14T12:23:38.177+0000] {processor.py:830} INFO - Processing file /home/airflow/.local/lib/python3.8/site-packages/airflow/example_dags/example_xcom.py for tasks to queue
[2025-10-14T12:23:38.179+0000] {logging_mixin.py:188} INFO - [2025-10-14T12:23:38.178+0000] {dagbag.py:538} INFO - Filling up the DagBag from /home/airflow/.local/lib/python3.8/site-packages/airflow/example_dags/example_xcom.py
[2025-10-14T12:23:38.190+0000] {processor.py:840} INFO - DAG(s) 'example_xcom' retrieved from /home/airflow/.local/lib/python3.8/site-packages/airflow/example_dags/example_xcom.py
[2025-10-14T12:23:38.226+0000] {logging_mixin.py:188} INFO - [2025-10-14T12:23:38.226+0000] {dag.py:3036} INFO - Sync 1 DAGs
[2025-10-14T12:23:38.256+0000] {logging_mixin.py:188} INFO - [2025-10-14T12:23:38.256+0000] {dag.py:3823} INFO - Setting next_dagrun for example_xcom to 2021-01-01 00:00:00+00:00, run_after=2021-01-01 00:00:00+00:00
[2025-10-14T12:23:38.284+0000] {processor.py:183} INFO - Processing /home/airflow/.local/lib/python3.8/site-packages/airflow/example_dags/example_xcom.py took 0.116 seconds
[2025-10-14T12:24:09.050+0000] {processor.py:161} INFO - Started process (PID=85512) to work on /home/airflow/.local/lib/python3.8/site-packages/airflow/example_dags/example_xcom.py
[2025-10-14T12:24:09.052+0000] {processor.py:830} INFO - Processing file /home/airflow/.local/lib/python3.8/site-packages/airflow/example_dags/example_xcom.py for tasks to queue
[2025-10-14T12:24:09.054+0000] {logging_mixin.py:188} INFO - [2025-10-14T12:24:09.053+0000] {dagbag.py:538} INFO - Filling up the DagBag from /home/airflow/.local/lib/python3.8/site-packages/airflow/example_dags/example_xcom.py
[2025-10-14T12:24:09.066+0000] {processor.py:840} INFO - DAG(s) 'example_xcom' retrieved from /home/airflow/.local/lib/python3.8/site-packages/airflow/example_dags/example_xcom.py
[2025-10-14T12:24:09.172+0000] {logging_mixin.py:188} INFO - [2025-10-14T12:24:09.172+0000] {dag.py:3036} INFO - Sync 1 DAGs
[2025-10-14T12:24:09.205+0000] {logging_mixin.py:188} INFO - [2025-10-14T12:24:09.204+0000] {dag.py:3823} INFO - Setting next_dagrun for example_xcom to 2021-01-01 00:00:00+00:00, run_after=2021-01-01 00:00:00+00:00
[2025-10-14T12:24:09.251+0000] {processor.py:183} INFO - Processing /home/airflow/.local/lib/python3.8/site-packages/airflow/example_dags/example_xcom.py took 0.207 seconds
[2025-10-14T12:24:40.535+0000] {processor.py:161} INFO - Started process (PID=85581) to work on /home/airflow/.local/lib/python3.8/site-packages/airflow/example_dags/example_xcom.py
[2025-10-14T12:24:40.537+0000] {processor.py:830} INFO - Processing file /home/airflow/.local/lib/python3.8/site-packages/airflow/example_dags/example_xcom.py for tasks to queue
[2025-10-14T12:24:40.539+0000] {logging_mixin.py:188} INFO - [2025-10-14T12:24:40.538+0000] {dagbag.py:538} INFO - Filling up the DagBag from /home/airflow/.local/lib/python3.8/site-packages/airflow/example_dags/example_xcom.py
[2025-10-14T12:24:40.550+0000] {processor.py:840} INFO - DAG(s) 'example_xcom' retrieved from /home/airflow/.local/lib/python3.8/site-packages/airflow/example_dags/example_xcom.py
[2025-10-14T12:24:40.590+0000] {logging_mixin.py:188} INFO - [2025-10-14T12:24:40.589+0000] {dag.py:3036} INFO - Sync 1 DAGs
[2025-10-14T12:24:40.623+0000] {logging_mixin.py:188} INFO - [2025-10-14T12:24:40.623+0000] {dag.py:3823} INFO - Setting next_dagrun for example_xcom to 2021-01-01 00:00:00+00:00, run_after=2021-01-01 00:00:00+00:00
[2025-10-14T12:24:40.694+0000] {processor.py:183} INFO - Processing /home/airflow/.local/lib/python3.8/site-packages/airflow/example_dags/example_xcom.py took 0.165 seconds
[2025-10-14T12:25:11.398+0000] {processor.py:161} INFO - Started process (PID=85651) to work on /home/airflow/.local/lib/python3.8/site-packages/airflow/example_dags/example_xcom.py
[2025-10-14T12:25:11.401+0000] {processor.py:830} INFO - Processing file /home/airflow/.local/lib/python3.8/site-packages/airflow/example_dags/example_xcom.py for tasks to queue
[2025-10-14T12:25:11.403+0000] {logging_mixin.py:188} INFO - [2025-10-14T12:25:11.402+0000] {dagbag.py:538} INFO - Filling up the DagBag from /home/airflow/.local/lib/python3.8/site-packages/airflow/example_dags/example_xcom.py
[2025-10-14T12:25:11.415+0000] {processor.py:840} INFO - DAG(s) 'example_xcom' retrieved from /home/airflow/.local/lib/python3.8/site-packages/airflow/example_dags/example_xcom.py
[2025-10-14T12:25:11.458+0000] {logging_mixin.py:188} INFO - [2025-10-14T12:25:11.457+0000] {dag.py:3036} INFO - Sync 1 DAGs
[2025-10-14T12:25:11.494+0000] {logging_mixin.py:188} INFO - [2025-10-14T12:25:11.493+0000] {dag.py:3823} INFO - Setting next_dagrun for example_xcom to 2021-01-01 00:00:00+00:00, run_after=2021-01-01 00:00:00+00:00
[2025-10-14T12:25:11.526+0000] {processor.py:183} INFO - Processing /home/airflow/.local/lib/python3.8/site-packages/airflow/example_dags/example_xcom.py took 0.133 seconds
[2025-10-14T12:25:43.298+0000] {processor.py:161} INFO - Started process (PID=85721) to work on /home/airflow/.local/lib/python3.8/site-packages/airflow/example_dags/example_xcom.py
[2025-10-14T12:25:43.300+0000] {processor.py:830} INFO - Processing file /home/airflow/.local/lib/python3.8/site-packages/airflow/example_dags/example_xcom.py for tasks to queue
[2025-10-14T12:25:43.302+0000] {logging_mixin.py:188} INFO - [2025-10-14T12:25:43.301+0000] {dagbag.py:538} INFO - Filling up the DagBag from /home/airflow/.local/lib/python3.8/site-packages/airflow/example_dags/example_xcom.py
[2025-10-14T12:25:43.316+0000] {processor.py:840} INFO - DAG(s) 'example_xcom' retrieved from /home/airflow/.local/lib/python3.8/site-packages/airflow/example_dags/example_xcom.py
[2025-10-14T12:25:43.358+0000] {logging_mixin.py:188} INFO - [2025-10-14T12:25:43.358+0000] {dag.py:3036} INFO - Sync 1 DAGs
[2025-10-14T12:25:43.390+0000] {logging_mixin.py:188} INFO - [2025-10-14T12:25:43.390+0000] {dag.py:3823} INFO - Setting next_dagrun for example_xcom to 2021-01-01 00:00:00+00:00, run_after=2021-01-01 00:00:00+00:00
[2025-10-14T12:25:43.439+0000] {processor.py:183} INFO - Processing /home/airflow/.local/lib/python3.8/site-packages/airflow/example_dags/example_xcom.py took 0.147 seconds
[2025-10-14T12:26:15.111+0000] {processor.py:161} INFO - Started process (PID=85791) to work on /home/airflow/.local/lib/python3.8/site-packages/airflow/example_dags/example_xcom.py
[2025-10-14T12:26:15.113+0000] {processor.py:830} INFO - Processing file /home/airflow/.local/lib/python3.8/site-packages/airflow/example_dags/example_xcom.py for tasks to queue
[2025-10-14T12:26:15.115+0000] {logging_mixin.py:188} INFO - [2025-10-14T12:26:15.115+0000] {dagbag.py:538} INFO - Filling up the DagBag from /home/airflow/.local/lib/python3.8/site-packages/airflow/example_dags/example_xcom.py
[2025-10-14T12:26:15.129+0000] {processor.py:840} INFO - DAG(s) 'example_xcom' retrieved from /home/airflow/.local/lib/python3.8/site-packages/airflow/example_dags/example_xcom.py
[2025-10-14T12:26:15.176+0000] {logging_mixin.py:188} INFO - [2025-10-14T12:26:15.176+0000] {dag.py:3036} INFO - Sync 1 DAGs
[2025-10-14T12:26:15.223+0000] {logging_mixin.py:188} INFO - [2025-10-14T12:26:15.223+0000] {dag.py:3823} INFO - Setting next_dagrun for example_xcom to 2021-01-01 00:00:00+00:00, run_after=2021-01-01 00:00:00+00:00
[2025-10-14T12:26:15.276+0000] {processor.py:183} INFO - Processing /home/airflow/.local/lib/python3.8/site-packages/airflow/example_dags/example_xcom.py took 0.171 seconds
[2025-10-14T12:26:45.678+0000] {processor.py:161} INFO - Started process (PID=85861) to work on /home/airflow/.local/lib/python3.8/site-packages/airflow/example_dags/example_xcom.py
[2025-10-14T12:26:45.680+0000] {processor.py:830} INFO - Processing file /home/airflow/.local/lib/python3.8/site-packages/airflow/example_dags/example_xcom.py for tasks to queue
[2025-10-14T12:26:45.682+0000] {logging_mixin.py:188} INFO - [2025-10-14T12:26:45.682+0000] {dagbag.py:538} INFO - Filling up the DagBag from /home/airflow/.local/lib/python3.8/site-packages/airflow/example_dags/example_xcom.py
[2025-10-14T12:26:45.699+0000] {processor.py:840} INFO - DAG(s) 'example_xcom' retrieved from /home/airflow/.local/lib/python3.8/site-packages/airflow/example_dags/example_xcom.py
[2025-10-14T12:26:45.740+0000] {logging_mixin.py:188} INFO - [2025-10-14T12:26:45.739+0000] {dag.py:3036} INFO - Sync 1 DAGs
[2025-10-14T12:26:45.770+0000] {logging_mixin.py:188} INFO - [2025-10-14T12:26:45.769+0000] {dag.py:3823} INFO - Setting next_dagrun for example_xcom to 2021-01-01 00:00:00+00:00, run_after=2021-01-01 00:00:00+00:00
[2025-10-14T12:26:45.798+0000] {processor.py:183} INFO - Processing /home/airflow/.local/lib/python3.8/site-packages/airflow/example_dags/example_xcom.py took 0.127 seconds
[2025-10-14T12:27:17.376+0000] {processor.py:161} INFO - Started process (PID=85931) to work on /home/airflow/.local/lib/python3.8/site-packages/airflow/example_dags/example_xcom.py
[2025-10-14T12:27:17.378+0000] {processor.py:830} INFO - Processing file /home/airflow/.local/lib/python3.8/site-packages/airflow/example_dags/example_xcom.py for tasks to queue
[2025-10-14T12:27:17.380+0000] {logging_mixin.py:188} INFO - [2025-10-14T12:27:17.379+0000] {dagbag.py:538} INFO - Filling up the DagBag from /home/airflow/.local/lib/python3.8/site-packages/airflow/example_dags/example_xcom.py
[2025-10-14T12:27:17.396+0000] {processor.py:840} INFO - DAG(s) 'example_xcom' retrieved from /home/airflow/.local/lib/python3.8/site-packages/airflow/example_dags/example_xcom.py
[2025-10-14T12:27:17.445+0000] {logging_mixin.py:188} INFO - [2025-10-14T12:27:17.444+0000] {dag.py:3036} INFO - Sync 1 DAGs
[2025-10-14T12:27:17.488+0000] {logging_mixin.py:188} INFO - [2025-10-14T12:27:17.488+0000] {dag.py:3823} INFO - Setting next_dagrun for example_xcom to 2021-01-01 00:00:00+00:00, run_after=2021-01-01 00:00:00+00:00
[2025-10-14T12:27:17.524+0000] {processor.py:183} INFO - Processing /home/airflow/.local/lib/python3.8/site-packages/airflow/example_dags/example_xcom.py took 0.155 seconds
[2025-10-14T12:27:48.756+0000] {processor.py:161} INFO - Started process (PID=86001) to work on /home/airflow/.local/lib/python3.8/site-packages/airflow/example_dags/example_xcom.py
[2025-10-14T12:27:48.758+0000] {processor.py:830} INFO - Processing file /home/airflow/.local/lib/python3.8/site-packages/airflow/example_dags/example_xcom.py for tasks to queue
[2025-10-14T12:27:48.760+0000] {logging_mixin.py:188} INFO - [2025-10-14T12:27:48.760+0000] {dagbag.py:538} INFO - Filling up the DagBag from /home/airflow/.local/lib/python3.8/site-packages/airflow/example_dags/example_xcom.py
[2025-10-14T12:27:48.774+0000] {processor.py:840} INFO - DAG(s) 'example_xcom' retrieved from /home/airflow/.local/lib/python3.8/site-packages/airflow/example_dags/example_xcom.py
[2025-10-14T12:27:48.818+0000] {logging_mixin.py:188} INFO - [2025-10-14T12:27:48.818+0000] {dag.py:3036} INFO - Sync 1 DAGs
[2025-10-14T12:27:48.855+0000] {logging_mixin.py:188} INFO - [2025-10-14T12:27:48.855+0000] {dag.py:3823} INFO - Setting next_dagrun for example_xcom to 2021-01-01 00:00:00+00:00, run_after=2021-01-01 00:00:00+00:00
[2025-10-14T12:27:48.907+0000] {processor.py:183} INFO - Processing /home/airflow/.local/lib/python3.8/site-packages/airflow/example_dags/example_xcom.py took 0.156 seconds
[2025-10-14T12:28:20.967+0000] {processor.py:161} INFO - Started process (PID=86071) to work on /home/airflow/.local/lib/python3.8/site-packages/airflow/example_dags/example_xcom.py
[2025-10-14T12:28:20.971+0000] {processor.py:830} INFO - Processing file /home/airflow/.local/lib/python3.8/site-packages/airflow/example_dags/example_xcom.py for tasks to queue
[2025-10-14T12:28:20.980+0000] {logging_mixin.py:188} INFO - [2025-10-14T12:28:20.977+0000] {dagbag.py:538} INFO - Filling up the DagBag from /home/airflow/.local/lib/python3.8/site-packages/airflow/example_dags/example_xcom.py
[2025-10-14T12:28:21.012+0000] {processor.py:840} INFO - DAG(s) 'example_xcom' retrieved from /home/airflow/.local/lib/python3.8/site-packages/airflow/example_dags/example_xcom.py
[2025-10-14T12:28:21.067+0000] {logging_mixin.py:188} INFO - [2025-10-14T12:28:21.067+0000] {dag.py:3036} INFO - Sync 1 DAGs
[2025-10-14T12:28:21.180+0000] {logging_mixin.py:188} INFO - [2025-10-14T12:28:21.180+0000] {dag.py:3823} INFO - Setting next_dagrun for example_xcom to 2021-01-01 00:00:00+00:00, run_after=2021-01-01 00:00:00+00:00
[2025-10-14T12:28:21.245+0000] {processor.py:183} INFO - Processing /home/airflow/.local/lib/python3.8/site-packages/airflow/example_dags/example_xcom.py took 0.287 seconds
