[2025-10-14T05:14:00.973+0000] {processor.py:161} INFO - Started process (PID=42300) to work on /home/airflow/.local/lib/python3.8/site-packages/airflow/example_dags/example_dynamic_task_mapping_with_no_taskflow_operators.py
[2025-10-14T05:14:00.989+0000] {processor.py:830} INFO - Processing file /home/airflow/.local/lib/python3.8/site-packages/airflow/example_dags/example_dynamic_task_mapping_with_no_taskflow_operators.py for tasks to queue
[2025-10-14T05:14:00.994+0000] {logging_mixin.py:188} INFO - [2025-10-14T05:14:00.993+0000] {dagbag.py:538} INFO - Filling up the DagBag from /home/airflow/.local/lib/python3.8/site-packages/airflow/example_dags/example_dynamic_task_mapping_with_no_taskflow_operators.py
[2025-10-14T05:14:01.066+0000] {processor.py:840} INFO - DAG(s) 'example_dynamic_task_mapping_with_no_taskflow_operators' retrieved from /home/airflow/.local/lib/python3.8/site-packages/airflow/example_dags/example_dynamic_task_mapping_with_no_taskflow_operators.py
[2025-10-14T05:14:01.189+0000] {logging_mixin.py:188} INFO - [2025-10-14T05:14:01.188+0000] {dag.py:3036} INFO - Sync 1 DAGs
[2025-10-14T05:14:01.319+0000] {logging_mixin.py:188} INFO - [2025-10-14T05:14:01.318+0000] {dag.py:3823} INFO - Setting next_dagrun for example_dynamic_task_mapping_with_no_taskflow_operators to 2025-10-13 00:00:00+00:00, run_after=2025-10-14 00:00:00+00:00
[2025-10-14T05:14:01.495+0000] {processor.py:183} INFO - Processing /home/airflow/.local/lib/python3.8/site-packages/airflow/example_dags/example_dynamic_task_mapping_with_no_taskflow_operators.py took 0.542 seconds
[2025-10-14T05:14:32.152+0000] {processor.py:161} INFO - Started process (PID=42377) to work on /home/airflow/.local/lib/python3.8/site-packages/airflow/example_dags/example_dynamic_task_mapping_with_no_taskflow_operators.py
[2025-10-14T05:14:32.153+0000] {processor.py:830} INFO - Processing file /home/airflow/.local/lib/python3.8/site-packages/airflow/example_dags/example_dynamic_task_mapping_with_no_taskflow_operators.py for tasks to queue
[2025-10-14T05:14:32.155+0000] {logging_mixin.py:188} INFO - [2025-10-14T05:14:32.155+0000] {dagbag.py:538} INFO - Filling up the DagBag from /home/airflow/.local/lib/python3.8/site-packages/airflow/example_dags/example_dynamic_task_mapping_with_no_taskflow_operators.py
[2025-10-14T05:14:32.176+0000] {processor.py:840} INFO - DAG(s) 'example_dynamic_task_mapping_with_no_taskflow_operators' retrieved from /home/airflow/.local/lib/python3.8/site-packages/airflow/example_dags/example_dynamic_task_mapping_with_no_taskflow_operators.py
[2025-10-14T05:14:32.267+0000] {logging_mixin.py:188} INFO - [2025-10-14T05:14:32.266+0000] {dag.py:3036} INFO - Sync 1 DAGs
[2025-10-14T05:14:32.352+0000] {logging_mixin.py:188} INFO - [2025-10-14T05:14:32.351+0000] {dag.py:3823} INFO - Setting next_dagrun for example_dynamic_task_mapping_with_no_taskflow_operators to 2025-10-13 00:00:00+00:00, run_after=2025-10-14 00:00:00+00:00
[2025-10-14T05:14:32.402+0000] {processor.py:183} INFO - Processing /home/airflow/.local/lib/python3.8/site-packages/airflow/example_dags/example_dynamic_task_mapping_with_no_taskflow_operators.py took 0.256 seconds
[2025-10-14T05:15:03.073+0000] {processor.py:161} INFO - Started process (PID=42447) to work on /home/airflow/.local/lib/python3.8/site-packages/airflow/example_dags/example_dynamic_task_mapping_with_no_taskflow_operators.py
[2025-10-14T05:15:03.074+0000] {processor.py:830} INFO - Processing file /home/airflow/.local/lib/python3.8/site-packages/airflow/example_dags/example_dynamic_task_mapping_with_no_taskflow_operators.py for tasks to queue
[2025-10-14T05:15:03.075+0000] {logging_mixin.py:188} INFO - [2025-10-14T05:15:03.075+0000] {dagbag.py:538} INFO - Filling up the DagBag from /home/airflow/.local/lib/python3.8/site-packages/airflow/example_dags/example_dynamic_task_mapping_with_no_taskflow_operators.py
[2025-10-14T05:15:03.083+0000] {processor.py:840} INFO - DAG(s) 'example_dynamic_task_mapping_with_no_taskflow_operators' retrieved from /home/airflow/.local/lib/python3.8/site-packages/airflow/example_dags/example_dynamic_task_mapping_with_no_taskflow_operators.py
[2025-10-14T05:15:03.111+0000] {logging_mixin.py:188} INFO - [2025-10-14T05:15:03.111+0000] {dag.py:3036} INFO - Sync 1 DAGs
[2025-10-14T05:15:03.137+0000] {logging_mixin.py:188} INFO - [2025-10-14T05:15:03.137+0000] {dag.py:3823} INFO - Setting next_dagrun for example_dynamic_task_mapping_with_no_taskflow_operators to 2025-10-13 00:00:00+00:00, run_after=2025-10-14 00:00:00+00:00
[2025-10-14T05:15:03.159+0000] {processor.py:183} INFO - Processing /home/airflow/.local/lib/python3.8/site-packages/airflow/example_dags/example_dynamic_task_mapping_with_no_taskflow_operators.py took 0.090 seconds
[2025-10-14T05:15:33.722+0000] {processor.py:161} INFO - Started process (PID=42517) to work on /home/airflow/.local/lib/python3.8/site-packages/airflow/example_dags/example_dynamic_task_mapping_with_no_taskflow_operators.py
[2025-10-14T05:15:33.724+0000] {processor.py:830} INFO - Processing file /home/airflow/.local/lib/python3.8/site-packages/airflow/example_dags/example_dynamic_task_mapping_with_no_taskflow_operators.py for tasks to queue
[2025-10-14T05:15:33.726+0000] {logging_mixin.py:188} INFO - [2025-10-14T05:15:33.725+0000] {dagbag.py:538} INFO - Filling up the DagBag from /home/airflow/.local/lib/python3.8/site-packages/airflow/example_dags/example_dynamic_task_mapping_with_no_taskflow_operators.py
[2025-10-14T05:15:33.737+0000] {processor.py:840} INFO - DAG(s) 'example_dynamic_task_mapping_with_no_taskflow_operators' retrieved from /home/airflow/.local/lib/python3.8/site-packages/airflow/example_dags/example_dynamic_task_mapping_with_no_taskflow_operators.py
[2025-10-14T05:15:33.774+0000] {logging_mixin.py:188} INFO - [2025-10-14T05:15:33.774+0000] {dag.py:3036} INFO - Sync 1 DAGs
[2025-10-14T05:15:33.805+0000] {logging_mixin.py:188} INFO - [2025-10-14T05:15:33.804+0000] {dag.py:3823} INFO - Setting next_dagrun for example_dynamic_task_mapping_with_no_taskflow_operators to 2025-10-13 00:00:00+00:00, run_after=2025-10-14 00:00:00+00:00
[2025-10-14T05:15:33.842+0000] {processor.py:183} INFO - Processing /home/airflow/.local/lib/python3.8/site-packages/airflow/example_dags/example_dynamic_task_mapping_with_no_taskflow_operators.py took 0.125 seconds
[2025-10-14T05:16:04.190+0000] {processor.py:161} INFO - Started process (PID=42587) to work on /home/airflow/.local/lib/python3.8/site-packages/airflow/example_dags/example_dynamic_task_mapping_with_no_taskflow_operators.py
[2025-10-14T05:16:04.191+0000] {processor.py:830} INFO - Processing file /home/airflow/.local/lib/python3.8/site-packages/airflow/example_dags/example_dynamic_task_mapping_with_no_taskflow_operators.py for tasks to queue
[2025-10-14T05:16:04.193+0000] {logging_mixin.py:188} INFO - [2025-10-14T05:16:04.192+0000] {dagbag.py:538} INFO - Filling up the DagBag from /home/airflow/.local/lib/python3.8/site-packages/airflow/example_dags/example_dynamic_task_mapping_with_no_taskflow_operators.py
[2025-10-14T05:16:04.202+0000] {processor.py:840} INFO - DAG(s) 'example_dynamic_task_mapping_with_no_taskflow_operators' retrieved from /home/airflow/.local/lib/python3.8/site-packages/airflow/example_dags/example_dynamic_task_mapping_with_no_taskflow_operators.py
[2025-10-14T05:16:04.230+0000] {logging_mixin.py:188} INFO - [2025-10-14T05:16:04.230+0000] {dag.py:3036} INFO - Sync 1 DAGs
[2025-10-14T05:16:04.259+0000] {logging_mixin.py:188} INFO - [2025-10-14T05:16:04.258+0000] {dag.py:3823} INFO - Setting next_dagrun for example_dynamic_task_mapping_with_no_taskflow_operators to 2025-10-13 00:00:00+00:00, run_after=2025-10-14 00:00:00+00:00
[2025-10-14T05:16:04.282+0000] {processor.py:183} INFO - Processing /home/airflow/.local/lib/python3.8/site-packages/airflow/example_dags/example_dynamic_task_mapping_with_no_taskflow_operators.py took 0.097 seconds
[2025-10-14T05:16:35.132+0000] {processor.py:161} INFO - Started process (PID=42657) to work on /home/airflow/.local/lib/python3.8/site-packages/airflow/example_dags/example_dynamic_task_mapping_with_no_taskflow_operators.py
[2025-10-14T05:16:35.134+0000] {processor.py:830} INFO - Processing file /home/airflow/.local/lib/python3.8/site-packages/airflow/example_dags/example_dynamic_task_mapping_with_no_taskflow_operators.py for tasks to queue
[2025-10-14T05:16:35.135+0000] {logging_mixin.py:188} INFO - [2025-10-14T05:16:35.134+0000] {dagbag.py:538} INFO - Filling up the DagBag from /home/airflow/.local/lib/python3.8/site-packages/airflow/example_dags/example_dynamic_task_mapping_with_no_taskflow_operators.py
[2025-10-14T05:16:35.148+0000] {processor.py:840} INFO - DAG(s) 'example_dynamic_task_mapping_with_no_taskflow_operators' retrieved from /home/airflow/.local/lib/python3.8/site-packages/airflow/example_dags/example_dynamic_task_mapping_with_no_taskflow_operators.py
[2025-10-14T05:16:35.181+0000] {logging_mixin.py:188} INFO - [2025-10-14T05:16:35.181+0000] {dag.py:3036} INFO - Sync 1 DAGs
[2025-10-14T05:16:35.209+0000] {logging_mixin.py:188} INFO - [2025-10-14T05:16:35.209+0000] {dag.py:3823} INFO - Setting next_dagrun for example_dynamic_task_mapping_with_no_taskflow_operators to 2025-10-13 00:00:00+00:00, run_after=2025-10-14 00:00:00+00:00
[2025-10-14T05:16:35.231+0000] {processor.py:183} INFO - Processing /home/airflow/.local/lib/python3.8/site-packages/airflow/example_dags/example_dynamic_task_mapping_with_no_taskflow_operators.py took 0.104 seconds
[2025-10-14T05:17:07.255+0000] {processor.py:161} INFO - Started process (PID=42728) to work on /home/airflow/.local/lib/python3.8/site-packages/airflow/example_dags/example_dynamic_task_mapping_with_no_taskflow_operators.py
[2025-10-14T05:17:07.257+0000] {processor.py:830} INFO - Processing file /home/airflow/.local/lib/python3.8/site-packages/airflow/example_dags/example_dynamic_task_mapping_with_no_taskflow_operators.py for tasks to queue
[2025-10-14T05:17:07.259+0000] {logging_mixin.py:188} INFO - [2025-10-14T05:17:07.258+0000] {dagbag.py:538} INFO - Filling up the DagBag from /home/airflow/.local/lib/python3.8/site-packages/airflow/example_dags/example_dynamic_task_mapping_with_no_taskflow_operators.py
[2025-10-14T05:17:07.270+0000] {processor.py:840} INFO - DAG(s) 'example_dynamic_task_mapping_with_no_taskflow_operators' retrieved from /home/airflow/.local/lib/python3.8/site-packages/airflow/example_dags/example_dynamic_task_mapping_with_no_taskflow_operators.py
[2025-10-14T05:17:07.309+0000] {logging_mixin.py:188} INFO - [2025-10-14T05:17:07.308+0000] {dag.py:3036} INFO - Sync 1 DAGs
[2025-10-14T05:17:07.353+0000] {logging_mixin.py:188} INFO - [2025-10-14T05:17:07.352+0000] {dag.py:3823} INFO - Setting next_dagrun for example_dynamic_task_mapping_with_no_taskflow_operators to 2025-10-13 00:00:00+00:00, run_after=2025-10-14 00:00:00+00:00
[2025-10-14T05:17:07.401+0000] {processor.py:183} INFO - Processing /home/airflow/.local/lib/python3.8/site-packages/airflow/example_dags/example_dynamic_task_mapping_with_no_taskflow_operators.py took 0.152 seconds
[2025-10-14T05:17:38.488+0000] {processor.py:161} INFO - Started process (PID=42798) to work on /home/airflow/.local/lib/python3.8/site-packages/airflow/example_dags/example_dynamic_task_mapping_with_no_taskflow_operators.py
[2025-10-14T05:17:38.490+0000] {processor.py:830} INFO - Processing file /home/airflow/.local/lib/python3.8/site-packages/airflow/example_dags/example_dynamic_task_mapping_with_no_taskflow_operators.py for tasks to queue
[2025-10-14T05:17:38.491+0000] {logging_mixin.py:188} INFO - [2025-10-14T05:17:38.491+0000] {dagbag.py:538} INFO - Filling up the DagBag from /home/airflow/.local/lib/python3.8/site-packages/airflow/example_dags/example_dynamic_task_mapping_with_no_taskflow_operators.py
[2025-10-14T05:17:38.501+0000] {processor.py:840} INFO - DAG(s) 'example_dynamic_task_mapping_with_no_taskflow_operators' retrieved from /home/airflow/.local/lib/python3.8/site-packages/airflow/example_dags/example_dynamic_task_mapping_with_no_taskflow_operators.py
[2025-10-14T05:17:38.534+0000] {logging_mixin.py:188} INFO - [2025-10-14T05:17:38.533+0000] {dag.py:3036} INFO - Sync 1 DAGs
[2025-10-14T05:17:38.567+0000] {logging_mixin.py:188} INFO - [2025-10-14T05:17:38.567+0000] {dag.py:3823} INFO - Setting next_dagrun for example_dynamic_task_mapping_with_no_taskflow_operators to 2025-10-13 00:00:00+00:00, run_after=2025-10-14 00:00:00+00:00
[2025-10-14T05:17:38.753+0000] {processor.py:183} INFO - Processing /home/airflow/.local/lib/python3.8/site-packages/airflow/example_dags/example_dynamic_task_mapping_with_no_taskflow_operators.py took 0.269 seconds
[2025-10-14T05:18:09.243+0000] {processor.py:161} INFO - Started process (PID=42868) to work on /home/airflow/.local/lib/python3.8/site-packages/airflow/example_dags/example_dynamic_task_mapping_with_no_taskflow_operators.py
[2025-10-14T05:18:09.245+0000] {processor.py:830} INFO - Processing file /home/airflow/.local/lib/python3.8/site-packages/airflow/example_dags/example_dynamic_task_mapping_with_no_taskflow_operators.py for tasks to queue
[2025-10-14T05:18:09.246+0000] {logging_mixin.py:188} INFO - [2025-10-14T05:18:09.246+0000] {dagbag.py:538} INFO - Filling up the DagBag from /home/airflow/.local/lib/python3.8/site-packages/airflow/example_dags/example_dynamic_task_mapping_with_no_taskflow_operators.py
[2025-10-14T05:18:09.256+0000] {processor.py:840} INFO - DAG(s) 'example_dynamic_task_mapping_with_no_taskflow_operators' retrieved from /home/airflow/.local/lib/python3.8/site-packages/airflow/example_dags/example_dynamic_task_mapping_with_no_taskflow_operators.py
[2025-10-14T05:18:09.287+0000] {logging_mixin.py:188} INFO - [2025-10-14T05:18:09.287+0000] {dag.py:3036} INFO - Sync 1 DAGs
[2025-10-14T05:18:09.316+0000] {logging_mixin.py:188} INFO - [2025-10-14T05:18:09.316+0000] {dag.py:3823} INFO - Setting next_dagrun for example_dynamic_task_mapping_with_no_taskflow_operators to 2025-10-13 00:00:00+00:00, run_after=2025-10-14 00:00:00+00:00
[2025-10-14T05:18:09.486+0000] {processor.py:183} INFO - Processing /home/airflow/.local/lib/python3.8/site-packages/airflow/example_dags/example_dynamic_task_mapping_with_no_taskflow_operators.py took 0.248 seconds
[2025-10-14T05:18:46.854+0000] {processor.py:161} INFO - Started process (PID=42938) to work on /home/airflow/.local/lib/python3.8/site-packages/airflow/example_dags/example_dynamic_task_mapping_with_no_taskflow_operators.py
[2025-10-14T05:18:46.856+0000] {processor.py:830} INFO - Processing file /home/airflow/.local/lib/python3.8/site-packages/airflow/example_dags/example_dynamic_task_mapping_with_no_taskflow_operators.py for tasks to queue
[2025-10-14T05:18:46.858+0000] {logging_mixin.py:188} INFO - [2025-10-14T05:18:46.857+0000] {dagbag.py:538} INFO - Filling up the DagBag from /home/airflow/.local/lib/python3.8/site-packages/airflow/example_dags/example_dynamic_task_mapping_with_no_taskflow_operators.py
[2025-10-14T05:18:46.901+0000] {processor.py:840} INFO - DAG(s) 'example_dynamic_task_mapping_with_no_taskflow_operators' retrieved from /home/airflow/.local/lib/python3.8/site-packages/airflow/example_dags/example_dynamic_task_mapping_with_no_taskflow_operators.py
[2025-10-14T05:18:46.995+0000] {logging_mixin.py:188} INFO - [2025-10-14T05:18:46.995+0000] {dag.py:3036} INFO - Sync 1 DAGs
[2025-10-14T05:18:47.788+0000] {logging_mixin.py:188} INFO - [2025-10-14T05:18:47.788+0000] {dag.py:3823} INFO - Setting next_dagrun for example_dynamic_task_mapping_with_no_taskflow_operators to 2025-10-13 00:00:00+00:00, run_after=2025-10-14 00:00:00+00:00
[2025-10-14T05:18:47.883+0000] {processor.py:183} INFO - Processing /home/airflow/.local/lib/python3.8/site-packages/airflow/example_dags/example_dynamic_task_mapping_with_no_taskflow_operators.py took 1.047 seconds
[2025-10-14T05:19:18.477+0000] {processor.py:161} INFO - Started process (PID=43008) to work on /home/airflow/.local/lib/python3.8/site-packages/airflow/example_dags/example_dynamic_task_mapping_with_no_taskflow_operators.py
[2025-10-14T05:19:18.478+0000] {processor.py:830} INFO - Processing file /home/airflow/.local/lib/python3.8/site-packages/airflow/example_dags/example_dynamic_task_mapping_with_no_taskflow_operators.py for tasks to queue
[2025-10-14T05:19:18.480+0000] {logging_mixin.py:188} INFO - [2025-10-14T05:19:18.479+0000] {dagbag.py:538} INFO - Filling up the DagBag from /home/airflow/.local/lib/python3.8/site-packages/airflow/example_dags/example_dynamic_task_mapping_with_no_taskflow_operators.py
[2025-10-14T05:19:18.487+0000] {processor.py:840} INFO - DAG(s) 'example_dynamic_task_mapping_with_no_taskflow_operators' retrieved from /home/airflow/.local/lib/python3.8/site-packages/airflow/example_dags/example_dynamic_task_mapping_with_no_taskflow_operators.py
[2025-10-14T05:19:18.516+0000] {logging_mixin.py:188} INFO - [2025-10-14T05:19:18.515+0000] {dag.py:3036} INFO - Sync 1 DAGs
[2025-10-14T05:19:18.684+0000] {logging_mixin.py:188} INFO - [2025-10-14T05:19:18.683+0000] {dag.py:3823} INFO - Setting next_dagrun for example_dynamic_task_mapping_with_no_taskflow_operators to 2025-10-13 00:00:00+00:00, run_after=2025-10-14 00:00:00+00:00
[2025-10-14T05:19:18.713+0000] {processor.py:183} INFO - Processing /home/airflow/.local/lib/python3.8/site-packages/airflow/example_dags/example_dynamic_task_mapping_with_no_taskflow_operators.py took 0.240 seconds
[2025-10-14T05:19:48.931+0000] {processor.py:161} INFO - Started process (PID=43078) to work on /home/airflow/.local/lib/python3.8/site-packages/airflow/example_dags/example_dynamic_task_mapping_with_no_taskflow_operators.py
[2025-10-14T05:19:48.933+0000] {processor.py:830} INFO - Processing file /home/airflow/.local/lib/python3.8/site-packages/airflow/example_dags/example_dynamic_task_mapping_with_no_taskflow_operators.py for tasks to queue
[2025-10-14T05:19:48.934+0000] {logging_mixin.py:188} INFO - [2025-10-14T05:19:48.934+0000] {dagbag.py:538} INFO - Filling up the DagBag from /home/airflow/.local/lib/python3.8/site-packages/airflow/example_dags/example_dynamic_task_mapping_with_no_taskflow_operators.py
[2025-10-14T05:19:48.943+0000] {processor.py:840} INFO - DAG(s) 'example_dynamic_task_mapping_with_no_taskflow_operators' retrieved from /home/airflow/.local/lib/python3.8/site-packages/airflow/example_dags/example_dynamic_task_mapping_with_no_taskflow_operators.py
[2025-10-14T05:19:48.981+0000] {logging_mixin.py:188} INFO - [2025-10-14T05:19:48.980+0000] {dag.py:3036} INFO - Sync 1 DAGs
[2025-10-14T05:19:49.161+0000] {logging_mixin.py:188} INFO - [2025-10-14T05:19:49.161+0000] {dag.py:3823} INFO - Setting next_dagrun for example_dynamic_task_mapping_with_no_taskflow_operators to 2025-10-13 00:00:00+00:00, run_after=2025-10-14 00:00:00+00:00
[2025-10-14T05:19:49.188+0000] {processor.py:183} INFO - Processing /home/airflow/.local/lib/python3.8/site-packages/airflow/example_dags/example_dynamic_task_mapping_with_no_taskflow_operators.py took 0.261 seconds
[2025-10-14T05:20:19.413+0000] {processor.py:161} INFO - Started process (PID=43147) to work on /home/airflow/.local/lib/python3.8/site-packages/airflow/example_dags/example_dynamic_task_mapping_with_no_taskflow_operators.py
[2025-10-14T05:20:19.414+0000] {processor.py:830} INFO - Processing file /home/airflow/.local/lib/python3.8/site-packages/airflow/example_dags/example_dynamic_task_mapping_with_no_taskflow_operators.py for tasks to queue
[2025-10-14T05:20:19.416+0000] {logging_mixin.py:188} INFO - [2025-10-14T05:20:19.415+0000] {dagbag.py:538} INFO - Filling up the DagBag from /home/airflow/.local/lib/python3.8/site-packages/airflow/example_dags/example_dynamic_task_mapping_with_no_taskflow_operators.py
[2025-10-14T05:20:19.424+0000] {processor.py:840} INFO - DAG(s) 'example_dynamic_task_mapping_with_no_taskflow_operators' retrieved from /home/airflow/.local/lib/python3.8/site-packages/airflow/example_dags/example_dynamic_task_mapping_with_no_taskflow_operators.py
[2025-10-14T05:20:19.452+0000] {logging_mixin.py:188} INFO - [2025-10-14T05:20:19.452+0000] {dag.py:3036} INFO - Sync 1 DAGs
[2025-10-14T05:20:19.480+0000] {logging_mixin.py:188} INFO - [2025-10-14T05:20:19.480+0000] {dag.py:3823} INFO - Setting next_dagrun for example_dynamic_task_mapping_with_no_taskflow_operators to 2025-10-13 00:00:00+00:00, run_after=2025-10-14 00:00:00+00:00
[2025-10-14T05:20:19.633+0000] {processor.py:183} INFO - Processing /home/airflow/.local/lib/python3.8/site-packages/airflow/example_dags/example_dynamic_task_mapping_with_no_taskflow_operators.py took 0.224 seconds
[2025-10-14T05:20:50.251+0000] {processor.py:161} INFO - Started process (PID=43217) to work on /home/airflow/.local/lib/python3.8/site-packages/airflow/example_dags/example_dynamic_task_mapping_with_no_taskflow_operators.py
[2025-10-14T05:20:50.253+0000] {processor.py:830} INFO - Processing file /home/airflow/.local/lib/python3.8/site-packages/airflow/example_dags/example_dynamic_task_mapping_with_no_taskflow_operators.py for tasks to queue
[2025-10-14T05:20:50.254+0000] {logging_mixin.py:188} INFO - [2025-10-14T05:20:50.254+0000] {dagbag.py:538} INFO - Filling up the DagBag from /home/airflow/.local/lib/python3.8/site-packages/airflow/example_dags/example_dynamic_task_mapping_with_no_taskflow_operators.py
[2025-10-14T05:20:50.264+0000] {processor.py:840} INFO - DAG(s) 'example_dynamic_task_mapping_with_no_taskflow_operators' retrieved from /home/airflow/.local/lib/python3.8/site-packages/airflow/example_dags/example_dynamic_task_mapping_with_no_taskflow_operators.py
[2025-10-14T05:20:50.298+0000] {logging_mixin.py:188} INFO - [2025-10-14T05:20:50.297+0000] {dag.py:3036} INFO - Sync 1 DAGs
[2025-10-14T05:20:50.478+0000] {logging_mixin.py:188} INFO - [2025-10-14T05:20:50.478+0000] {dag.py:3823} INFO - Setting next_dagrun for example_dynamic_task_mapping_with_no_taskflow_operators to 2025-10-13 00:00:00+00:00, run_after=2025-10-14 00:00:00+00:00
[2025-10-14T05:20:50.508+0000] {processor.py:183} INFO - Processing /home/airflow/.local/lib/python3.8/site-packages/airflow/example_dags/example_dynamic_task_mapping_with_no_taskflow_operators.py took 0.260 seconds
[2025-10-14T05:21:20.983+0000] {processor.py:161} INFO - Started process (PID=43287) to work on /home/airflow/.local/lib/python3.8/site-packages/airflow/example_dags/example_dynamic_task_mapping_with_no_taskflow_operators.py
[2025-10-14T05:21:20.985+0000] {processor.py:830} INFO - Processing file /home/airflow/.local/lib/python3.8/site-packages/airflow/example_dags/example_dynamic_task_mapping_with_no_taskflow_operators.py for tasks to queue
[2025-10-14T05:21:20.986+0000] {logging_mixin.py:188} INFO - [2025-10-14T05:21:20.986+0000] {dagbag.py:538} INFO - Filling up the DagBag from /home/airflow/.local/lib/python3.8/site-packages/airflow/example_dags/example_dynamic_task_mapping_with_no_taskflow_operators.py
[2025-10-14T05:21:20.995+0000] {processor.py:840} INFO - DAG(s) 'example_dynamic_task_mapping_with_no_taskflow_operators' retrieved from /home/airflow/.local/lib/python3.8/site-packages/airflow/example_dags/example_dynamic_task_mapping_with_no_taskflow_operators.py
[2025-10-14T05:21:21.027+0000] {logging_mixin.py:188} INFO - [2025-10-14T05:21:21.026+0000] {dag.py:3036} INFO - Sync 1 DAGs
[2025-10-14T05:21:21.056+0000] {logging_mixin.py:188} INFO - [2025-10-14T05:21:21.056+0000] {dag.py:3823} INFO - Setting next_dagrun for example_dynamic_task_mapping_with_no_taskflow_operators to 2025-10-13 00:00:00+00:00, run_after=2025-10-14 00:00:00+00:00
[2025-10-14T05:21:21.080+0000] {processor.py:183} INFO - Processing /home/airflow/.local/lib/python3.8/site-packages/airflow/example_dags/example_dynamic_task_mapping_with_no_taskflow_operators.py took 0.100 seconds
[2025-10-14T05:21:51.698+0000] {processor.py:161} INFO - Started process (PID=43357) to work on /home/airflow/.local/lib/python3.8/site-packages/airflow/example_dags/example_dynamic_task_mapping_with_no_taskflow_operators.py
[2025-10-14T05:21:51.699+0000] {processor.py:830} INFO - Processing file /home/airflow/.local/lib/python3.8/site-packages/airflow/example_dags/example_dynamic_task_mapping_with_no_taskflow_operators.py for tasks to queue
[2025-10-14T05:21:51.700+0000] {logging_mixin.py:188} INFO - [2025-10-14T05:21:51.700+0000] {dagbag.py:538} INFO - Filling up the DagBag from /home/airflow/.local/lib/python3.8/site-packages/airflow/example_dags/example_dynamic_task_mapping_with_no_taskflow_operators.py
[2025-10-14T05:21:51.708+0000] {processor.py:840} INFO - DAG(s) 'example_dynamic_task_mapping_with_no_taskflow_operators' retrieved from /home/airflow/.local/lib/python3.8/site-packages/airflow/example_dags/example_dynamic_task_mapping_with_no_taskflow_operators.py
[2025-10-14T05:21:51.736+0000] {logging_mixin.py:188} INFO - [2025-10-14T05:21:51.736+0000] {dag.py:3036} INFO - Sync 1 DAGs
[2025-10-14T05:21:51.765+0000] {logging_mixin.py:188} INFO - [2025-10-14T05:21:51.765+0000] {dag.py:3823} INFO - Setting next_dagrun for example_dynamic_task_mapping_with_no_taskflow_operators to 2025-10-13 00:00:00+00:00, run_after=2025-10-14 00:00:00+00:00
[2025-10-14T05:21:51.788+0000] {processor.py:183} INFO - Processing /home/airflow/.local/lib/python3.8/site-packages/airflow/example_dags/example_dynamic_task_mapping_with_no_taskflow_operators.py took 0.095 seconds
[2025-10-14T05:22:22.105+0000] {processor.py:161} INFO - Started process (PID=43427) to work on /home/airflow/.local/lib/python3.8/site-packages/airflow/example_dags/example_dynamic_task_mapping_with_no_taskflow_operators.py
[2025-10-14T05:22:22.107+0000] {processor.py:830} INFO - Processing file /home/airflow/.local/lib/python3.8/site-packages/airflow/example_dags/example_dynamic_task_mapping_with_no_taskflow_operators.py for tasks to queue
[2025-10-14T05:22:22.108+0000] {logging_mixin.py:188} INFO - [2025-10-14T05:22:22.108+0000] {dagbag.py:538} INFO - Filling up the DagBag from /home/airflow/.local/lib/python3.8/site-packages/airflow/example_dags/example_dynamic_task_mapping_with_no_taskflow_operators.py
[2025-10-14T05:22:22.117+0000] {processor.py:840} INFO - DAG(s) 'example_dynamic_task_mapping_with_no_taskflow_operators' retrieved from /home/airflow/.local/lib/python3.8/site-packages/airflow/example_dags/example_dynamic_task_mapping_with_no_taskflow_operators.py
[2025-10-14T05:22:22.173+0000] {logging_mixin.py:188} INFO - [2025-10-14T05:22:22.171+0000] {dag.py:3036} INFO - Sync 1 DAGs
[2025-10-14T05:22:22.210+0000] {logging_mixin.py:188} INFO - [2025-10-14T05:22:22.210+0000] {dag.py:3823} INFO - Setting next_dagrun for example_dynamic_task_mapping_with_no_taskflow_operators to 2025-10-13 00:00:00+00:00, run_after=2025-10-14 00:00:00+00:00
[2025-10-14T05:22:22.234+0000] {processor.py:183} INFO - Processing /home/airflow/.local/lib/python3.8/site-packages/airflow/example_dags/example_dynamic_task_mapping_with_no_taskflow_operators.py took 0.132 seconds
[2025-10-14T05:22:52.680+0000] {processor.py:161} INFO - Started process (PID=43497) to work on /home/airflow/.local/lib/python3.8/site-packages/airflow/example_dags/example_dynamic_task_mapping_with_no_taskflow_operators.py
[2025-10-14T05:22:52.682+0000] {processor.py:830} INFO - Processing file /home/airflow/.local/lib/python3.8/site-packages/airflow/example_dags/example_dynamic_task_mapping_with_no_taskflow_operators.py for tasks to queue
[2025-10-14T05:22:52.684+0000] {logging_mixin.py:188} INFO - [2025-10-14T05:22:52.683+0000] {dagbag.py:538} INFO - Filling up the DagBag from /home/airflow/.local/lib/python3.8/site-packages/airflow/example_dags/example_dynamic_task_mapping_with_no_taskflow_operators.py
[2025-10-14T05:22:52.692+0000] {processor.py:840} INFO - DAG(s) 'example_dynamic_task_mapping_with_no_taskflow_operators' retrieved from /home/airflow/.local/lib/python3.8/site-packages/airflow/example_dags/example_dynamic_task_mapping_with_no_taskflow_operators.py
[2025-10-14T05:22:52.722+0000] {logging_mixin.py:188} INFO - [2025-10-14T05:22:52.722+0000] {dag.py:3036} INFO - Sync 1 DAGs
[2025-10-14T05:22:52.751+0000] {logging_mixin.py:188} INFO - [2025-10-14T05:22:52.751+0000] {dag.py:3823} INFO - Setting next_dagrun for example_dynamic_task_mapping_with_no_taskflow_operators to 2025-10-13 00:00:00+00:00, run_after=2025-10-14 00:00:00+00:00
[2025-10-14T05:22:52.777+0000] {processor.py:183} INFO - Processing /home/airflow/.local/lib/python3.8/site-packages/airflow/example_dags/example_dynamic_task_mapping_with_no_taskflow_operators.py took 0.102 seconds
[2025-10-14T05:23:22.908+0000] {processor.py:161} INFO - Started process (PID=43567) to work on /home/airflow/.local/lib/python3.8/site-packages/airflow/example_dags/example_dynamic_task_mapping_with_no_taskflow_operators.py
[2025-10-14T05:23:22.909+0000] {processor.py:830} INFO - Processing file /home/airflow/.local/lib/python3.8/site-packages/airflow/example_dags/example_dynamic_task_mapping_with_no_taskflow_operators.py for tasks to queue
[2025-10-14T05:23:22.910+0000] {logging_mixin.py:188} INFO - [2025-10-14T05:23:22.910+0000] {dagbag.py:538} INFO - Filling up the DagBag from /home/airflow/.local/lib/python3.8/site-packages/airflow/example_dags/example_dynamic_task_mapping_with_no_taskflow_operators.py
[2025-10-14T05:23:22.918+0000] {processor.py:840} INFO - DAG(s) 'example_dynamic_task_mapping_with_no_taskflow_operators' retrieved from /home/airflow/.local/lib/python3.8/site-packages/airflow/example_dags/example_dynamic_task_mapping_with_no_taskflow_operators.py
[2025-10-14T05:23:22.949+0000] {logging_mixin.py:188} INFO - [2025-10-14T05:23:22.948+0000] {dag.py:3036} INFO - Sync 1 DAGs
[2025-10-14T05:23:22.974+0000] {logging_mixin.py:188} INFO - [2025-10-14T05:23:22.974+0000] {dag.py:3823} INFO - Setting next_dagrun for example_dynamic_task_mapping_with_no_taskflow_operators to 2025-10-13 00:00:00+00:00, run_after=2025-10-14 00:00:00+00:00
[2025-10-14T05:23:22.997+0000] {processor.py:183} INFO - Processing /home/airflow/.local/lib/python3.8/site-packages/airflow/example_dags/example_dynamic_task_mapping_with_no_taskflow_operators.py took 0.093 seconds
[2025-10-14T05:23:53.320+0000] {processor.py:161} INFO - Started process (PID=43637) to work on /home/airflow/.local/lib/python3.8/site-packages/airflow/example_dags/example_dynamic_task_mapping_with_no_taskflow_operators.py
[2025-10-14T05:23:53.321+0000] {processor.py:830} INFO - Processing file /home/airflow/.local/lib/python3.8/site-packages/airflow/example_dags/example_dynamic_task_mapping_with_no_taskflow_operators.py for tasks to queue
[2025-10-14T05:23:53.323+0000] {logging_mixin.py:188} INFO - [2025-10-14T05:23:53.322+0000] {dagbag.py:538} INFO - Filling up the DagBag from /home/airflow/.local/lib/python3.8/site-packages/airflow/example_dags/example_dynamic_task_mapping_with_no_taskflow_operators.py
[2025-10-14T05:23:53.332+0000] {processor.py:840} INFO - DAG(s) 'example_dynamic_task_mapping_with_no_taskflow_operators' retrieved from /home/airflow/.local/lib/python3.8/site-packages/airflow/example_dags/example_dynamic_task_mapping_with_no_taskflow_operators.py
[2025-10-14T05:23:53.364+0000] {logging_mixin.py:188} INFO - [2025-10-14T05:23:53.363+0000] {dag.py:3036} INFO - Sync 1 DAGs
[2025-10-14T05:23:53.397+0000] {logging_mixin.py:188} INFO - [2025-10-14T05:23:53.397+0000] {dag.py:3823} INFO - Setting next_dagrun for example_dynamic_task_mapping_with_no_taskflow_operators to 2025-10-13 00:00:00+00:00, run_after=2025-10-14 00:00:00+00:00
[2025-10-14T05:23:53.427+0000] {processor.py:183} INFO - Processing /home/airflow/.local/lib/python3.8/site-packages/airflow/example_dags/example_dynamic_task_mapping_with_no_taskflow_operators.py took 0.113 seconds
[2025-10-14T05:24:23.731+0000] {processor.py:161} INFO - Started process (PID=43707) to work on /home/airflow/.local/lib/python3.8/site-packages/airflow/example_dags/example_dynamic_task_mapping_with_no_taskflow_operators.py
[2025-10-14T05:24:23.733+0000] {processor.py:830} INFO - Processing file /home/airflow/.local/lib/python3.8/site-packages/airflow/example_dags/example_dynamic_task_mapping_with_no_taskflow_operators.py for tasks to queue
[2025-10-14T05:24:23.740+0000] {logging_mixin.py:188} INFO - [2025-10-14T05:24:23.740+0000] {dagbag.py:538} INFO - Filling up the DagBag from /home/airflow/.local/lib/python3.8/site-packages/airflow/example_dags/example_dynamic_task_mapping_with_no_taskflow_operators.py
[2025-10-14T05:24:23.750+0000] {processor.py:840} INFO - DAG(s) 'example_dynamic_task_mapping_with_no_taskflow_operators' retrieved from /home/airflow/.local/lib/python3.8/site-packages/airflow/example_dags/example_dynamic_task_mapping_with_no_taskflow_operators.py
[2025-10-14T05:24:23.786+0000] {logging_mixin.py:188} INFO - [2025-10-14T05:24:23.786+0000] {dag.py:3036} INFO - Sync 1 DAGs
[2025-10-14T05:24:23.821+0000] {logging_mixin.py:188} INFO - [2025-10-14T05:24:23.821+0000] {dag.py:3823} INFO - Setting next_dagrun for example_dynamic_task_mapping_with_no_taskflow_operators to 2025-10-13 00:00:00+00:00, run_after=2025-10-14 00:00:00+00:00
[2025-10-14T05:24:23.852+0000] {processor.py:183} INFO - Processing /home/airflow/.local/lib/python3.8/site-packages/airflow/example_dags/example_dynamic_task_mapping_with_no_taskflow_operators.py took 0.128 seconds
[2025-10-14T05:24:54.110+0000] {processor.py:161} INFO - Started process (PID=43777) to work on /home/airflow/.local/lib/python3.8/site-packages/airflow/example_dags/example_dynamic_task_mapping_with_no_taskflow_operators.py
[2025-10-14T05:24:54.111+0000] {processor.py:830} INFO - Processing file /home/airflow/.local/lib/python3.8/site-packages/airflow/example_dags/example_dynamic_task_mapping_with_no_taskflow_operators.py for tasks to queue
[2025-10-14T05:24:54.113+0000] {logging_mixin.py:188} INFO - [2025-10-14T05:24:54.112+0000] {dagbag.py:538} INFO - Filling up the DagBag from /home/airflow/.local/lib/python3.8/site-packages/airflow/example_dags/example_dynamic_task_mapping_with_no_taskflow_operators.py
[2025-10-14T05:24:54.122+0000] {processor.py:840} INFO - DAG(s) 'example_dynamic_task_mapping_with_no_taskflow_operators' retrieved from /home/airflow/.local/lib/python3.8/site-packages/airflow/example_dags/example_dynamic_task_mapping_with_no_taskflow_operators.py
[2025-10-14T05:24:54.155+0000] {logging_mixin.py:188} INFO - [2025-10-14T05:24:54.154+0000] {dag.py:3036} INFO - Sync 1 DAGs
[2025-10-14T05:24:54.188+0000] {logging_mixin.py:188} INFO - [2025-10-14T05:24:54.188+0000] {dag.py:3823} INFO - Setting next_dagrun for example_dynamic_task_mapping_with_no_taskflow_operators to 2025-10-13 00:00:00+00:00, run_after=2025-10-14 00:00:00+00:00
[2025-10-14T05:24:54.218+0000] {processor.py:183} INFO - Processing /home/airflow/.local/lib/python3.8/site-packages/airflow/example_dags/example_dynamic_task_mapping_with_no_taskflow_operators.py took 0.113 seconds
[2025-10-14T05:25:24.440+0000] {processor.py:161} INFO - Started process (PID=43847) to work on /home/airflow/.local/lib/python3.8/site-packages/airflow/example_dags/example_dynamic_task_mapping_with_no_taskflow_operators.py
[2025-10-14T05:25:24.441+0000] {processor.py:830} INFO - Processing file /home/airflow/.local/lib/python3.8/site-packages/airflow/example_dags/example_dynamic_task_mapping_with_no_taskflow_operators.py for tasks to queue
[2025-10-14T05:25:24.442+0000] {logging_mixin.py:188} INFO - [2025-10-14T05:25:24.442+0000] {dagbag.py:538} INFO - Filling up the DagBag from /home/airflow/.local/lib/python3.8/site-packages/airflow/example_dags/example_dynamic_task_mapping_with_no_taskflow_operators.py
[2025-10-14T05:25:24.452+0000] {processor.py:840} INFO - DAG(s) 'example_dynamic_task_mapping_with_no_taskflow_operators' retrieved from /home/airflow/.local/lib/python3.8/site-packages/airflow/example_dags/example_dynamic_task_mapping_with_no_taskflow_operators.py
[2025-10-14T05:25:24.482+0000] {logging_mixin.py:188} INFO - [2025-10-14T05:25:24.482+0000] {dag.py:3036} INFO - Sync 1 DAGs
[2025-10-14T05:25:24.512+0000] {logging_mixin.py:188} INFO - [2025-10-14T05:25:24.512+0000] {dag.py:3823} INFO - Setting next_dagrun for example_dynamic_task_mapping_with_no_taskflow_operators to 2025-10-13 00:00:00+00:00, run_after=2025-10-14 00:00:00+00:00
[2025-10-14T05:25:24.537+0000] {processor.py:183} INFO - Processing /home/airflow/.local/lib/python3.8/site-packages/airflow/example_dags/example_dynamic_task_mapping_with_no_taskflow_operators.py took 0.103 seconds
[2025-10-14T05:25:54.690+0000] {processor.py:161} INFO - Started process (PID=43915) to work on /home/airflow/.local/lib/python3.8/site-packages/airflow/example_dags/example_dynamic_task_mapping_with_no_taskflow_operators.py
[2025-10-14T05:25:54.692+0000] {processor.py:830} INFO - Processing file /home/airflow/.local/lib/python3.8/site-packages/airflow/example_dags/example_dynamic_task_mapping_with_no_taskflow_operators.py for tasks to queue
[2025-10-14T05:25:54.693+0000] {logging_mixin.py:188} INFO - [2025-10-14T05:25:54.693+0000] {dagbag.py:538} INFO - Filling up the DagBag from /home/airflow/.local/lib/python3.8/site-packages/airflow/example_dags/example_dynamic_task_mapping_with_no_taskflow_operators.py
[2025-10-14T05:25:54.702+0000] {processor.py:840} INFO - DAG(s) 'example_dynamic_task_mapping_with_no_taskflow_operators' retrieved from /home/airflow/.local/lib/python3.8/site-packages/airflow/example_dags/example_dynamic_task_mapping_with_no_taskflow_operators.py
[2025-10-14T05:25:54.732+0000] {logging_mixin.py:188} INFO - [2025-10-14T05:25:54.731+0000] {dag.py:3036} INFO - Sync 1 DAGs
[2025-10-14T05:25:54.761+0000] {logging_mixin.py:188} INFO - [2025-10-14T05:25:54.761+0000] {dag.py:3823} INFO - Setting next_dagrun for example_dynamic_task_mapping_with_no_taskflow_operators to 2025-10-13 00:00:00+00:00, run_after=2025-10-14 00:00:00+00:00
[2025-10-14T05:25:54.785+0000] {processor.py:183} INFO - Processing /home/airflow/.local/lib/python3.8/site-packages/airflow/example_dags/example_dynamic_task_mapping_with_no_taskflow_operators.py took 0.098 seconds
[2025-10-14T05:26:25.153+0000] {processor.py:161} INFO - Started process (PID=43985) to work on /home/airflow/.local/lib/python3.8/site-packages/airflow/example_dags/example_dynamic_task_mapping_with_no_taskflow_operators.py
[2025-10-14T05:26:25.155+0000] {processor.py:830} INFO - Processing file /home/airflow/.local/lib/python3.8/site-packages/airflow/example_dags/example_dynamic_task_mapping_with_no_taskflow_operators.py for tasks to queue
[2025-10-14T05:26:25.156+0000] {logging_mixin.py:188} INFO - [2025-10-14T05:26:25.156+0000] {dagbag.py:538} INFO - Filling up the DagBag from /home/airflow/.local/lib/python3.8/site-packages/airflow/example_dags/example_dynamic_task_mapping_with_no_taskflow_operators.py
[2025-10-14T05:26:25.169+0000] {processor.py:840} INFO - DAG(s) 'example_dynamic_task_mapping_with_no_taskflow_operators' retrieved from /home/airflow/.local/lib/python3.8/site-packages/airflow/example_dags/example_dynamic_task_mapping_with_no_taskflow_operators.py
[2025-10-14T05:26:25.226+0000] {logging_mixin.py:188} INFO - [2025-10-14T05:26:25.226+0000] {dag.py:3036} INFO - Sync 1 DAGs
[2025-10-14T05:26:25.290+0000] {logging_mixin.py:188} INFO - [2025-10-14T05:26:25.290+0000] {dag.py:3823} INFO - Setting next_dagrun for example_dynamic_task_mapping_with_no_taskflow_operators to 2025-10-13 00:00:00+00:00, run_after=2025-10-14 00:00:00+00:00
[2025-10-14T05:26:25.324+0000] {processor.py:183} INFO - Processing /home/airflow/.local/lib/python3.8/site-packages/airflow/example_dags/example_dynamic_task_mapping_with_no_taskflow_operators.py took 0.175 seconds
[2025-10-14T05:26:55.982+0000] {processor.py:161} INFO - Started process (PID=44055) to work on /home/airflow/.local/lib/python3.8/site-packages/airflow/example_dags/example_dynamic_task_mapping_with_no_taskflow_operators.py
[2025-10-14T05:26:55.984+0000] {processor.py:830} INFO - Processing file /home/airflow/.local/lib/python3.8/site-packages/airflow/example_dags/example_dynamic_task_mapping_with_no_taskflow_operators.py for tasks to queue
[2025-10-14T05:26:55.986+0000] {logging_mixin.py:188} INFO - [2025-10-14T05:26:55.986+0000] {dagbag.py:538} INFO - Filling up the DagBag from /home/airflow/.local/lib/python3.8/site-packages/airflow/example_dags/example_dynamic_task_mapping_with_no_taskflow_operators.py
[2025-10-14T05:26:56.000+0000] {processor.py:840} INFO - DAG(s) 'example_dynamic_task_mapping_with_no_taskflow_operators' retrieved from /home/airflow/.local/lib/python3.8/site-packages/airflow/example_dags/example_dynamic_task_mapping_with_no_taskflow_operators.py
[2025-10-14T05:26:56.040+0000] {logging_mixin.py:188} INFO - [2025-10-14T05:26:56.040+0000] {dag.py:3036} INFO - Sync 1 DAGs
[2025-10-14T05:26:56.073+0000] {logging_mixin.py:188} INFO - [2025-10-14T05:26:56.073+0000] {dag.py:3823} INFO - Setting next_dagrun for example_dynamic_task_mapping_with_no_taskflow_operators to 2025-10-13 00:00:00+00:00, run_after=2025-10-14 00:00:00+00:00
[2025-10-14T05:26:56.099+0000] {processor.py:183} INFO - Processing /home/airflow/.local/lib/python3.8/site-packages/airflow/example_dags/example_dynamic_task_mapping_with_no_taskflow_operators.py took 0.123 seconds
[2025-10-14T05:27:26.940+0000] {processor.py:161} INFO - Started process (PID=44125) to work on /home/airflow/.local/lib/python3.8/site-packages/airflow/example_dags/example_dynamic_task_mapping_with_no_taskflow_operators.py
[2025-10-14T05:27:26.942+0000] {processor.py:830} INFO - Processing file /home/airflow/.local/lib/python3.8/site-packages/airflow/example_dags/example_dynamic_task_mapping_with_no_taskflow_operators.py for tasks to queue
[2025-10-14T05:27:26.946+0000] {logging_mixin.py:188} INFO - [2025-10-14T05:27:26.945+0000] {dagbag.py:538} INFO - Filling up the DagBag from /home/airflow/.local/lib/python3.8/site-packages/airflow/example_dags/example_dynamic_task_mapping_with_no_taskflow_operators.py
[2025-10-14T05:27:26.957+0000] {processor.py:840} INFO - DAG(s) 'example_dynamic_task_mapping_with_no_taskflow_operators' retrieved from /home/airflow/.local/lib/python3.8/site-packages/airflow/example_dags/example_dynamic_task_mapping_with_no_taskflow_operators.py
[2025-10-14T05:27:26.999+0000] {logging_mixin.py:188} INFO - [2025-10-14T05:27:26.999+0000] {dag.py:3036} INFO - Sync 1 DAGs
[2025-10-14T05:27:27.035+0000] {logging_mixin.py:188} INFO - [2025-10-14T05:27:27.035+0000] {dag.py:3823} INFO - Setting next_dagrun for example_dynamic_task_mapping_with_no_taskflow_operators to 2025-10-13 00:00:00+00:00, run_after=2025-10-14 00:00:00+00:00
[2025-10-14T05:27:27.070+0000] {processor.py:183} INFO - Processing /home/airflow/.local/lib/python3.8/site-packages/airflow/example_dags/example_dynamic_task_mapping_with_no_taskflow_operators.py took 0.134 seconds
[2025-10-14T05:27:57.683+0000] {processor.py:161} INFO - Started process (PID=44195) to work on /home/airflow/.local/lib/python3.8/site-packages/airflow/example_dags/example_dynamic_task_mapping_with_no_taskflow_operators.py
[2025-10-14T05:27:57.684+0000] {processor.py:830} INFO - Processing file /home/airflow/.local/lib/python3.8/site-packages/airflow/example_dags/example_dynamic_task_mapping_with_no_taskflow_operators.py for tasks to queue
[2025-10-14T05:27:57.686+0000] {logging_mixin.py:188} INFO - [2025-10-14T05:27:57.685+0000] {dagbag.py:538} INFO - Filling up the DagBag from /home/airflow/.local/lib/python3.8/site-packages/airflow/example_dags/example_dynamic_task_mapping_with_no_taskflow_operators.py
[2025-10-14T05:27:57.697+0000] {processor.py:840} INFO - DAG(s) 'example_dynamic_task_mapping_with_no_taskflow_operators' retrieved from /home/airflow/.local/lib/python3.8/site-packages/airflow/example_dags/example_dynamic_task_mapping_with_no_taskflow_operators.py
[2025-10-14T05:27:57.732+0000] {logging_mixin.py:188} INFO - [2025-10-14T05:27:57.732+0000] {dag.py:3036} INFO - Sync 1 DAGs
[2025-10-14T05:27:57.765+0000] {logging_mixin.py:188} INFO - [2025-10-14T05:27:57.765+0000] {dag.py:3823} INFO - Setting next_dagrun for example_dynamic_task_mapping_with_no_taskflow_operators to 2025-10-13 00:00:00+00:00, run_after=2025-10-14 00:00:00+00:00
[2025-10-14T05:27:57.798+0000] {processor.py:183} INFO - Processing /home/airflow/.local/lib/python3.8/site-packages/airflow/example_dags/example_dynamic_task_mapping_with_no_taskflow_operators.py took 0.119 seconds
[2025-10-14T05:28:28.390+0000] {processor.py:161} INFO - Started process (PID=44265) to work on /home/airflow/.local/lib/python3.8/site-packages/airflow/example_dags/example_dynamic_task_mapping_with_no_taskflow_operators.py
[2025-10-14T05:28:28.391+0000] {processor.py:830} INFO - Processing file /home/airflow/.local/lib/python3.8/site-packages/airflow/example_dags/example_dynamic_task_mapping_with_no_taskflow_operators.py for tasks to queue
[2025-10-14T05:28:28.392+0000] {logging_mixin.py:188} INFO - [2025-10-14T05:28:28.392+0000] {dagbag.py:538} INFO - Filling up the DagBag from /home/airflow/.local/lib/python3.8/site-packages/airflow/example_dags/example_dynamic_task_mapping_with_no_taskflow_operators.py
[2025-10-14T05:28:28.401+0000] {processor.py:840} INFO - DAG(s) 'example_dynamic_task_mapping_with_no_taskflow_operators' retrieved from /home/airflow/.local/lib/python3.8/site-packages/airflow/example_dags/example_dynamic_task_mapping_with_no_taskflow_operators.py
[2025-10-14T05:28:28.431+0000] {logging_mixin.py:188} INFO - [2025-10-14T05:28:28.430+0000] {dag.py:3036} INFO - Sync 1 DAGs
[2025-10-14T05:28:28.458+0000] {logging_mixin.py:188} INFO - [2025-10-14T05:28:28.458+0000] {dag.py:3823} INFO - Setting next_dagrun for example_dynamic_task_mapping_with_no_taskflow_operators to 2025-10-13 00:00:00+00:00, run_after=2025-10-14 00:00:00+00:00
[2025-10-14T05:28:28.480+0000] {processor.py:183} INFO - Processing /home/airflow/.local/lib/python3.8/site-packages/airflow/example_dags/example_dynamic_task_mapping_with_no_taskflow_operators.py took 0.095 seconds
[2025-10-14T05:28:59.185+0000] {processor.py:161} INFO - Started process (PID=44335) to work on /home/airflow/.local/lib/python3.8/site-packages/airflow/example_dags/example_dynamic_task_mapping_with_no_taskflow_operators.py
[2025-10-14T05:28:59.187+0000] {processor.py:830} INFO - Processing file /home/airflow/.local/lib/python3.8/site-packages/airflow/example_dags/example_dynamic_task_mapping_with_no_taskflow_operators.py for tasks to queue
[2025-10-14T05:28:59.188+0000] {logging_mixin.py:188} INFO - [2025-10-14T05:28:59.187+0000] {dagbag.py:538} INFO - Filling up the DagBag from /home/airflow/.local/lib/python3.8/site-packages/airflow/example_dags/example_dynamic_task_mapping_with_no_taskflow_operators.py
[2025-10-14T05:28:59.197+0000] {processor.py:840} INFO - DAG(s) 'example_dynamic_task_mapping_with_no_taskflow_operators' retrieved from /home/airflow/.local/lib/python3.8/site-packages/airflow/example_dags/example_dynamic_task_mapping_with_no_taskflow_operators.py
[2025-10-14T05:28:59.224+0000] {logging_mixin.py:188} INFO - [2025-10-14T05:28:59.223+0000] {dag.py:3036} INFO - Sync 1 DAGs
[2025-10-14T05:28:59.249+0000] {logging_mixin.py:188} INFO - [2025-10-14T05:28:59.249+0000] {dag.py:3823} INFO - Setting next_dagrun for example_dynamic_task_mapping_with_no_taskflow_operators to 2025-10-13 00:00:00+00:00, run_after=2025-10-14 00:00:00+00:00
[2025-10-14T05:28:59.294+0000] {processor.py:183} INFO - Processing /home/airflow/.local/lib/python3.8/site-packages/airflow/example_dags/example_dynamic_task_mapping_with_no_taskflow_operators.py took 0.113 seconds
[2025-10-14T05:29:30.115+0000] {processor.py:161} INFO - Started process (PID=44405) to work on /home/airflow/.local/lib/python3.8/site-packages/airflow/example_dags/example_dynamic_task_mapping_with_no_taskflow_operators.py
[2025-10-14T05:29:30.116+0000] {processor.py:830} INFO - Processing file /home/airflow/.local/lib/python3.8/site-packages/airflow/example_dags/example_dynamic_task_mapping_with_no_taskflow_operators.py for tasks to queue
[2025-10-14T05:29:30.117+0000] {logging_mixin.py:188} INFO - [2025-10-14T05:29:30.117+0000] {dagbag.py:538} INFO - Filling up the DagBag from /home/airflow/.local/lib/python3.8/site-packages/airflow/example_dags/example_dynamic_task_mapping_with_no_taskflow_operators.py
[2025-10-14T05:29:30.127+0000] {processor.py:840} INFO - DAG(s) 'example_dynamic_task_mapping_with_no_taskflow_operators' retrieved from /home/airflow/.local/lib/python3.8/site-packages/airflow/example_dags/example_dynamic_task_mapping_with_no_taskflow_operators.py
[2025-10-14T05:29:30.165+0000] {logging_mixin.py:188} INFO - [2025-10-14T05:29:30.165+0000] {dag.py:3036} INFO - Sync 1 DAGs
[2025-10-14T05:29:30.200+0000] {logging_mixin.py:188} INFO - [2025-10-14T05:29:30.200+0000] {dag.py:3823} INFO - Setting next_dagrun for example_dynamic_task_mapping_with_no_taskflow_operators to 2025-10-13 00:00:00+00:00, run_after=2025-10-14 00:00:00+00:00
[2025-10-14T05:29:30.224+0000] {processor.py:183} INFO - Processing /home/airflow/.local/lib/python3.8/site-packages/airflow/example_dags/example_dynamic_task_mapping_with_no_taskflow_operators.py took 0.114 seconds
[2025-10-14T05:30:00.731+0000] {processor.py:161} INFO - Started process (PID=44475) to work on /home/airflow/.local/lib/python3.8/site-packages/airflow/example_dags/example_dynamic_task_mapping_with_no_taskflow_operators.py
[2025-10-14T05:30:00.732+0000] {processor.py:830} INFO - Processing file /home/airflow/.local/lib/python3.8/site-packages/airflow/example_dags/example_dynamic_task_mapping_with_no_taskflow_operators.py for tasks to queue
[2025-10-14T05:30:00.733+0000] {logging_mixin.py:188} INFO - [2025-10-14T05:30:00.733+0000] {dagbag.py:538} INFO - Filling up the DagBag from /home/airflow/.local/lib/python3.8/site-packages/airflow/example_dags/example_dynamic_task_mapping_with_no_taskflow_operators.py
[2025-10-14T05:30:00.743+0000] {processor.py:840} INFO - DAG(s) 'example_dynamic_task_mapping_with_no_taskflow_operators' retrieved from /home/airflow/.local/lib/python3.8/site-packages/airflow/example_dags/example_dynamic_task_mapping_with_no_taskflow_operators.py
[2025-10-14T05:30:00.770+0000] {logging_mixin.py:188} INFO - [2025-10-14T05:30:00.770+0000] {dag.py:3036} INFO - Sync 1 DAGs
[2025-10-14T05:30:00.799+0000] {logging_mixin.py:188} INFO - [2025-10-14T05:30:00.799+0000] {dag.py:3823} INFO - Setting next_dagrun for example_dynamic_task_mapping_with_no_taskflow_operators to 2025-10-13 00:00:00+00:00, run_after=2025-10-14 00:00:00+00:00
[2025-10-14T05:30:00.821+0000] {processor.py:183} INFO - Processing /home/airflow/.local/lib/python3.8/site-packages/airflow/example_dags/example_dynamic_task_mapping_with_no_taskflow_operators.py took 0.095 seconds
[2025-10-14T05:30:31.091+0000] {processor.py:161} INFO - Started process (PID=44543) to work on /home/airflow/.local/lib/python3.8/site-packages/airflow/example_dags/example_dynamic_task_mapping_with_no_taskflow_operators.py
[2025-10-14T05:30:31.092+0000] {processor.py:830} INFO - Processing file /home/airflow/.local/lib/python3.8/site-packages/airflow/example_dags/example_dynamic_task_mapping_with_no_taskflow_operators.py for tasks to queue
[2025-10-14T05:30:31.094+0000] {logging_mixin.py:188} INFO - [2025-10-14T05:30:31.093+0000] {dagbag.py:538} INFO - Filling up the DagBag from /home/airflow/.local/lib/python3.8/site-packages/airflow/example_dags/example_dynamic_task_mapping_with_no_taskflow_operators.py
[2025-10-14T05:30:31.102+0000] {processor.py:840} INFO - DAG(s) 'example_dynamic_task_mapping_with_no_taskflow_operators' retrieved from /home/airflow/.local/lib/python3.8/site-packages/airflow/example_dags/example_dynamic_task_mapping_with_no_taskflow_operators.py
[2025-10-14T05:30:31.131+0000] {logging_mixin.py:188} INFO - [2025-10-14T05:30:31.130+0000] {dag.py:3036} INFO - Sync 1 DAGs
[2025-10-14T05:30:31.158+0000] {logging_mixin.py:188} INFO - [2025-10-14T05:30:31.158+0000] {dag.py:3823} INFO - Setting next_dagrun for example_dynamic_task_mapping_with_no_taskflow_operators to 2025-10-13 00:00:00+00:00, run_after=2025-10-14 00:00:00+00:00
[2025-10-14T05:30:31.182+0000] {processor.py:183} INFO - Processing /home/airflow/.local/lib/python3.8/site-packages/airflow/example_dags/example_dynamic_task_mapping_with_no_taskflow_operators.py took 0.097 seconds
[2025-10-14T05:31:02.657+0000] {processor.py:161} INFO - Started process (PID=44615) to work on /home/airflow/.local/lib/python3.8/site-packages/airflow/example_dags/example_dynamic_task_mapping_with_no_taskflow_operators.py
[2025-10-14T05:31:02.659+0000] {processor.py:830} INFO - Processing file /home/airflow/.local/lib/python3.8/site-packages/airflow/example_dags/example_dynamic_task_mapping_with_no_taskflow_operators.py for tasks to queue
[2025-10-14T05:31:02.661+0000] {logging_mixin.py:188} INFO - [2025-10-14T05:31:02.660+0000] {dagbag.py:538} INFO - Filling up the DagBag from /home/airflow/.local/lib/python3.8/site-packages/airflow/example_dags/example_dynamic_task_mapping_with_no_taskflow_operators.py
[2025-10-14T05:31:02.672+0000] {processor.py:840} INFO - DAG(s) 'example_dynamic_task_mapping_with_no_taskflow_operators' retrieved from /home/airflow/.local/lib/python3.8/site-packages/airflow/example_dags/example_dynamic_task_mapping_with_no_taskflow_operators.py
[2025-10-14T05:31:02.703+0000] {logging_mixin.py:188} INFO - [2025-10-14T05:31:02.703+0000] {dag.py:3036} INFO - Sync 1 DAGs
[2025-10-14T05:31:02.730+0000] {logging_mixin.py:188} INFO - [2025-10-14T05:31:02.729+0000] {dag.py:3823} INFO - Setting next_dagrun for example_dynamic_task_mapping_with_no_taskflow_operators to 2025-10-13 00:00:00+00:00, run_after=2025-10-14 00:00:00+00:00
[2025-10-14T05:31:02.753+0000] {processor.py:183} INFO - Processing /home/airflow/.local/lib/python3.8/site-packages/airflow/example_dags/example_dynamic_task_mapping_with_no_taskflow_operators.py took 0.101 seconds
[2025-10-14T05:31:33.611+0000] {processor.py:161} INFO - Started process (PID=44685) to work on /home/airflow/.local/lib/python3.8/site-packages/airflow/example_dags/example_dynamic_task_mapping_with_no_taskflow_operators.py
[2025-10-14T05:31:33.613+0000] {processor.py:830} INFO - Processing file /home/airflow/.local/lib/python3.8/site-packages/airflow/example_dags/example_dynamic_task_mapping_with_no_taskflow_operators.py for tasks to queue
[2025-10-14T05:31:33.614+0000] {logging_mixin.py:188} INFO - [2025-10-14T05:31:33.614+0000] {dagbag.py:538} INFO - Filling up the DagBag from /home/airflow/.local/lib/python3.8/site-packages/airflow/example_dags/example_dynamic_task_mapping_with_no_taskflow_operators.py
[2025-10-14T05:31:33.625+0000] {processor.py:840} INFO - DAG(s) 'example_dynamic_task_mapping_with_no_taskflow_operators' retrieved from /home/airflow/.local/lib/python3.8/site-packages/airflow/example_dags/example_dynamic_task_mapping_with_no_taskflow_operators.py
[2025-10-14T05:31:33.678+0000] {logging_mixin.py:188} INFO - [2025-10-14T05:31:33.677+0000] {dag.py:3036} INFO - Sync 1 DAGs
[2025-10-14T05:31:33.735+0000] {logging_mixin.py:188} INFO - [2025-10-14T05:31:33.734+0000] {dag.py:3823} INFO - Setting next_dagrun for example_dynamic_task_mapping_with_no_taskflow_operators to 2025-10-13 00:00:00+00:00, run_after=2025-10-14 00:00:00+00:00
[2025-10-14T05:31:33.763+0000] {processor.py:183} INFO - Processing /home/airflow/.local/lib/python3.8/site-packages/airflow/example_dags/example_dynamic_task_mapping_with_no_taskflow_operators.py took 0.156 seconds
[2025-10-14T05:32:04.586+0000] {processor.py:161} INFO - Started process (PID=44762) to work on /home/airflow/.local/lib/python3.8/site-packages/airflow/example_dags/example_dynamic_task_mapping_with_no_taskflow_operators.py
[2025-10-14T05:32:04.587+0000] {processor.py:830} INFO - Processing file /home/airflow/.local/lib/python3.8/site-packages/airflow/example_dags/example_dynamic_task_mapping_with_no_taskflow_operators.py for tasks to queue
[2025-10-14T05:32:04.589+0000] {logging_mixin.py:188} INFO - [2025-10-14T05:32:04.588+0000] {dagbag.py:538} INFO - Filling up the DagBag from /home/airflow/.local/lib/python3.8/site-packages/airflow/example_dags/example_dynamic_task_mapping_with_no_taskflow_operators.py
[2025-10-14T05:32:04.599+0000] {processor.py:840} INFO - DAG(s) 'example_dynamic_task_mapping_with_no_taskflow_operators' retrieved from /home/airflow/.local/lib/python3.8/site-packages/airflow/example_dags/example_dynamic_task_mapping_with_no_taskflow_operators.py
[2025-10-14T05:32:04.631+0000] {logging_mixin.py:188} INFO - [2025-10-14T05:32:04.630+0000] {dag.py:3036} INFO - Sync 1 DAGs
[2025-10-14T05:32:04.659+0000] {logging_mixin.py:188} INFO - [2025-10-14T05:32:04.659+0000] {dag.py:3823} INFO - Setting next_dagrun for example_dynamic_task_mapping_with_no_taskflow_operators to 2025-10-13 00:00:00+00:00, run_after=2025-10-14 00:00:00+00:00
[2025-10-14T05:32:04.687+0000] {processor.py:183} INFO - Processing /home/airflow/.local/lib/python3.8/site-packages/airflow/example_dags/example_dynamic_task_mapping_with_no_taskflow_operators.py took 0.106 seconds
[2025-10-14T05:32:35.186+0000] {processor.py:161} INFO - Started process (PID=44831) to work on /home/airflow/.local/lib/python3.8/site-packages/airflow/example_dags/example_dynamic_task_mapping_with_no_taskflow_operators.py
[2025-10-14T05:32:35.187+0000] {processor.py:830} INFO - Processing file /home/airflow/.local/lib/python3.8/site-packages/airflow/example_dags/example_dynamic_task_mapping_with_no_taskflow_operators.py for tasks to queue
[2025-10-14T05:32:35.188+0000] {logging_mixin.py:188} INFO - [2025-10-14T05:32:35.188+0000] {dagbag.py:538} INFO - Filling up the DagBag from /home/airflow/.local/lib/python3.8/site-packages/airflow/example_dags/example_dynamic_task_mapping_with_no_taskflow_operators.py
[2025-10-14T05:32:35.197+0000] {processor.py:840} INFO - DAG(s) 'example_dynamic_task_mapping_with_no_taskflow_operators' retrieved from /home/airflow/.local/lib/python3.8/site-packages/airflow/example_dags/example_dynamic_task_mapping_with_no_taskflow_operators.py
[2025-10-14T05:32:35.226+0000] {logging_mixin.py:188} INFO - [2025-10-14T05:32:35.226+0000] {dag.py:3036} INFO - Sync 1 DAGs
[2025-10-14T05:32:35.254+0000] {logging_mixin.py:188} INFO - [2025-10-14T05:32:35.254+0000] {dag.py:3823} INFO - Setting next_dagrun for example_dynamic_task_mapping_with_no_taskflow_operators to 2025-10-13 00:00:00+00:00, run_after=2025-10-14 00:00:00+00:00
[2025-10-14T05:32:35.278+0000] {processor.py:183} INFO - Processing /home/airflow/.local/lib/python3.8/site-packages/airflow/example_dags/example_dynamic_task_mapping_with_no_taskflow_operators.py took 0.097 seconds
[2025-10-14T05:33:05.811+0000] {processor.py:161} INFO - Started process (PID=44902) to work on /home/airflow/.local/lib/python3.8/site-packages/airflow/example_dags/example_dynamic_task_mapping_with_no_taskflow_operators.py
[2025-10-14T05:33:05.812+0000] {processor.py:830} INFO - Processing file /home/airflow/.local/lib/python3.8/site-packages/airflow/example_dags/example_dynamic_task_mapping_with_no_taskflow_operators.py for tasks to queue
[2025-10-14T05:33:05.813+0000] {logging_mixin.py:188} INFO - [2025-10-14T05:33:05.813+0000] {dagbag.py:538} INFO - Filling up the DagBag from /home/airflow/.local/lib/python3.8/site-packages/airflow/example_dags/example_dynamic_task_mapping_with_no_taskflow_operators.py
[2025-10-14T05:33:05.825+0000] {processor.py:840} INFO - DAG(s) 'example_dynamic_task_mapping_with_no_taskflow_operators' retrieved from /home/airflow/.local/lib/python3.8/site-packages/airflow/example_dags/example_dynamic_task_mapping_with_no_taskflow_operators.py
[2025-10-14T05:33:05.856+0000] {logging_mixin.py:188} INFO - [2025-10-14T05:33:05.856+0000] {dag.py:3036} INFO - Sync 1 DAGs
[2025-10-14T05:33:05.883+0000] {logging_mixin.py:188} INFO - [2025-10-14T05:33:05.883+0000] {dag.py:3823} INFO - Setting next_dagrun for example_dynamic_task_mapping_with_no_taskflow_operators to 2025-10-13 00:00:00+00:00, run_after=2025-10-14 00:00:00+00:00
[2025-10-14T05:33:05.909+0000] {processor.py:183} INFO - Processing /home/airflow/.local/lib/python3.8/site-packages/airflow/example_dags/example_dynamic_task_mapping_with_no_taskflow_operators.py took 0.102 seconds
[2025-10-14T05:33:36.460+0000] {processor.py:161} INFO - Started process (PID=44972) to work on /home/airflow/.local/lib/python3.8/site-packages/airflow/example_dags/example_dynamic_task_mapping_with_no_taskflow_operators.py
[2025-10-14T05:33:36.461+0000] {processor.py:830} INFO - Processing file /home/airflow/.local/lib/python3.8/site-packages/airflow/example_dags/example_dynamic_task_mapping_with_no_taskflow_operators.py for tasks to queue
[2025-10-14T05:33:36.462+0000] {logging_mixin.py:188} INFO - [2025-10-14T05:33:36.462+0000] {dagbag.py:538} INFO - Filling up the DagBag from /home/airflow/.local/lib/python3.8/site-packages/airflow/example_dags/example_dynamic_task_mapping_with_no_taskflow_operators.py
[2025-10-14T05:33:36.471+0000] {processor.py:840} INFO - DAG(s) 'example_dynamic_task_mapping_with_no_taskflow_operators' retrieved from /home/airflow/.local/lib/python3.8/site-packages/airflow/example_dags/example_dynamic_task_mapping_with_no_taskflow_operators.py
[2025-10-14T05:33:36.499+0000] {logging_mixin.py:188} INFO - [2025-10-14T05:33:36.498+0000] {dag.py:3036} INFO - Sync 1 DAGs
[2025-10-14T05:33:36.524+0000] {logging_mixin.py:188} INFO - [2025-10-14T05:33:36.524+0000] {dag.py:3823} INFO - Setting next_dagrun for example_dynamic_task_mapping_with_no_taskflow_operators to 2025-10-13 00:00:00+00:00, run_after=2025-10-14 00:00:00+00:00
[2025-10-14T05:33:36.548+0000] {processor.py:183} INFO - Processing /home/airflow/.local/lib/python3.8/site-packages/airflow/example_dags/example_dynamic_task_mapping_with_no_taskflow_operators.py took 0.093 seconds
[2025-10-14T05:34:07.679+0000] {processor.py:161} INFO - Started process (PID=45042) to work on /home/airflow/.local/lib/python3.8/site-packages/airflow/example_dags/example_dynamic_task_mapping_with_no_taskflow_operators.py
[2025-10-14T05:34:07.681+0000] {processor.py:830} INFO - Processing file /home/airflow/.local/lib/python3.8/site-packages/airflow/example_dags/example_dynamic_task_mapping_with_no_taskflow_operators.py for tasks to queue
[2025-10-14T05:34:07.682+0000] {logging_mixin.py:188} INFO - [2025-10-14T05:34:07.682+0000] {dagbag.py:538} INFO - Filling up the DagBag from /home/airflow/.local/lib/python3.8/site-packages/airflow/example_dags/example_dynamic_task_mapping_with_no_taskflow_operators.py
[2025-10-14T05:34:07.692+0000] {processor.py:840} INFO - DAG(s) 'example_dynamic_task_mapping_with_no_taskflow_operators' retrieved from /home/airflow/.local/lib/python3.8/site-packages/airflow/example_dags/example_dynamic_task_mapping_with_no_taskflow_operators.py
[2025-10-14T05:34:07.723+0000] {logging_mixin.py:188} INFO - [2025-10-14T05:34:07.723+0000] {dag.py:3036} INFO - Sync 1 DAGs
[2025-10-14T05:34:07.750+0000] {logging_mixin.py:188} INFO - [2025-10-14T05:34:07.750+0000] {dag.py:3823} INFO - Setting next_dagrun for example_dynamic_task_mapping_with_no_taskflow_operators to 2025-10-13 00:00:00+00:00, run_after=2025-10-14 00:00:00+00:00
[2025-10-14T05:34:07.776+0000] {processor.py:183} INFO - Processing /home/airflow/.local/lib/python3.8/site-packages/airflow/example_dags/example_dynamic_task_mapping_with_no_taskflow_operators.py took 0.101 seconds
[2025-10-14T05:34:38.971+0000] {processor.py:161} INFO - Started process (PID=45112) to work on /home/airflow/.local/lib/python3.8/site-packages/airflow/example_dags/example_dynamic_task_mapping_with_no_taskflow_operators.py
[2025-10-14T05:34:38.972+0000] {processor.py:830} INFO - Processing file /home/airflow/.local/lib/python3.8/site-packages/airflow/example_dags/example_dynamic_task_mapping_with_no_taskflow_operators.py for tasks to queue
[2025-10-14T05:34:38.974+0000] {logging_mixin.py:188} INFO - [2025-10-14T05:34:38.973+0000] {dagbag.py:538} INFO - Filling up the DagBag from /home/airflow/.local/lib/python3.8/site-packages/airflow/example_dags/example_dynamic_task_mapping_with_no_taskflow_operators.py
[2025-10-14T05:34:38.982+0000] {processor.py:840} INFO - DAG(s) 'example_dynamic_task_mapping_with_no_taskflow_operators' retrieved from /home/airflow/.local/lib/python3.8/site-packages/airflow/example_dags/example_dynamic_task_mapping_with_no_taskflow_operators.py
[2025-10-14T05:34:39.010+0000] {logging_mixin.py:188} INFO - [2025-10-14T05:34:39.010+0000] {dag.py:3036} INFO - Sync 1 DAGs
[2025-10-14T05:34:39.038+0000] {logging_mixin.py:188} INFO - [2025-10-14T05:34:39.038+0000] {dag.py:3823} INFO - Setting next_dagrun for example_dynamic_task_mapping_with_no_taskflow_operators to 2025-10-13 00:00:00+00:00, run_after=2025-10-14 00:00:00+00:00
[2025-10-14T05:34:39.060+0000] {processor.py:183} INFO - Processing /home/airflow/.local/lib/python3.8/site-packages/airflow/example_dags/example_dynamic_task_mapping_with_no_taskflow_operators.py took 0.094 seconds
[2025-10-14T05:35:10.324+0000] {processor.py:161} INFO - Started process (PID=45182) to work on /home/airflow/.local/lib/python3.8/site-packages/airflow/example_dags/example_dynamic_task_mapping_with_no_taskflow_operators.py
[2025-10-14T05:35:10.325+0000] {processor.py:830} INFO - Processing file /home/airflow/.local/lib/python3.8/site-packages/airflow/example_dags/example_dynamic_task_mapping_with_no_taskflow_operators.py for tasks to queue
[2025-10-14T05:35:10.327+0000] {logging_mixin.py:188} INFO - [2025-10-14T05:35:10.326+0000] {dagbag.py:538} INFO - Filling up the DagBag from /home/airflow/.local/lib/python3.8/site-packages/airflow/example_dags/example_dynamic_task_mapping_with_no_taskflow_operators.py
[2025-10-14T05:35:10.337+0000] {processor.py:840} INFO - DAG(s) 'example_dynamic_task_mapping_with_no_taskflow_operators' retrieved from /home/airflow/.local/lib/python3.8/site-packages/airflow/example_dags/example_dynamic_task_mapping_with_no_taskflow_operators.py
[2025-10-14T05:35:10.365+0000] {logging_mixin.py:188} INFO - [2025-10-14T05:35:10.365+0000] {dag.py:3036} INFO - Sync 1 DAGs
[2025-10-14T05:35:10.393+0000] {logging_mixin.py:188} INFO - [2025-10-14T05:35:10.392+0000] {dag.py:3823} INFO - Setting next_dagrun for example_dynamic_task_mapping_with_no_taskflow_operators to 2025-10-13 00:00:00+00:00, run_after=2025-10-14 00:00:00+00:00
[2025-10-14T05:35:10.417+0000] {processor.py:183} INFO - Processing /home/airflow/.local/lib/python3.8/site-packages/airflow/example_dags/example_dynamic_task_mapping_with_no_taskflow_operators.py took 0.097 seconds
[2025-10-14T05:35:41.526+0000] {processor.py:161} INFO - Started process (PID=45252) to work on /home/airflow/.local/lib/python3.8/site-packages/airflow/example_dags/example_dynamic_task_mapping_with_no_taskflow_operators.py
[2025-10-14T05:35:41.528+0000] {processor.py:830} INFO - Processing file /home/airflow/.local/lib/python3.8/site-packages/airflow/example_dags/example_dynamic_task_mapping_with_no_taskflow_operators.py for tasks to queue
[2025-10-14T05:35:41.530+0000] {logging_mixin.py:188} INFO - [2025-10-14T05:35:41.529+0000] {dagbag.py:538} INFO - Filling up the DagBag from /home/airflow/.local/lib/python3.8/site-packages/airflow/example_dags/example_dynamic_task_mapping_with_no_taskflow_operators.py
[2025-10-14T05:35:41.538+0000] {processor.py:840} INFO - DAG(s) 'example_dynamic_task_mapping_with_no_taskflow_operators' retrieved from /home/airflow/.local/lib/python3.8/site-packages/airflow/example_dags/example_dynamic_task_mapping_with_no_taskflow_operators.py
[2025-10-14T05:35:41.567+0000] {logging_mixin.py:188} INFO - [2025-10-14T05:35:41.567+0000] {dag.py:3036} INFO - Sync 1 DAGs
[2025-10-14T05:35:41.594+0000] {logging_mixin.py:188} INFO - [2025-10-14T05:35:41.594+0000] {dag.py:3823} INFO - Setting next_dagrun for example_dynamic_task_mapping_with_no_taskflow_operators to 2025-10-13 00:00:00+00:00, run_after=2025-10-14 00:00:00+00:00
[2025-10-14T05:35:41.618+0000] {processor.py:183} INFO - Processing /home/airflow/.local/lib/python3.8/site-packages/airflow/example_dags/example_dynamic_task_mapping_with_no_taskflow_operators.py took 0.096 seconds
[2025-10-14T05:36:13.040+0000] {processor.py:161} INFO - Started process (PID=45322) to work on /home/airflow/.local/lib/python3.8/site-packages/airflow/example_dags/example_dynamic_task_mapping_with_no_taskflow_operators.py
[2025-10-14T05:36:13.041+0000] {processor.py:830} INFO - Processing file /home/airflow/.local/lib/python3.8/site-packages/airflow/example_dags/example_dynamic_task_mapping_with_no_taskflow_operators.py for tasks to queue
[2025-10-14T05:36:13.043+0000] {logging_mixin.py:188} INFO - [2025-10-14T05:36:13.042+0000] {dagbag.py:538} INFO - Filling up the DagBag from /home/airflow/.local/lib/python3.8/site-packages/airflow/example_dags/example_dynamic_task_mapping_with_no_taskflow_operators.py
[2025-10-14T05:36:13.052+0000] {processor.py:840} INFO - DAG(s) 'example_dynamic_task_mapping_with_no_taskflow_operators' retrieved from /home/airflow/.local/lib/python3.8/site-packages/airflow/example_dags/example_dynamic_task_mapping_with_no_taskflow_operators.py
[2025-10-14T05:36:13.082+0000] {logging_mixin.py:188} INFO - [2025-10-14T05:36:13.082+0000] {dag.py:3036} INFO - Sync 1 DAGs
[2025-10-14T05:36:13.110+0000] {logging_mixin.py:188} INFO - [2025-10-14T05:36:13.110+0000] {dag.py:3823} INFO - Setting next_dagrun for example_dynamic_task_mapping_with_no_taskflow_operators to 2025-10-13 00:00:00+00:00, run_after=2025-10-14 00:00:00+00:00
[2025-10-14T05:36:13.138+0000] {processor.py:183} INFO - Processing /home/airflow/.local/lib/python3.8/site-packages/airflow/example_dags/example_dynamic_task_mapping_with_no_taskflow_operators.py took 0.102 seconds
[2025-10-14T05:36:43.952+0000] {processor.py:161} INFO - Started process (PID=45392) to work on /home/airflow/.local/lib/python3.8/site-packages/airflow/example_dags/example_dynamic_task_mapping_with_no_taskflow_operators.py
[2025-10-14T05:36:43.954+0000] {processor.py:830} INFO - Processing file /home/airflow/.local/lib/python3.8/site-packages/airflow/example_dags/example_dynamic_task_mapping_with_no_taskflow_operators.py for tasks to queue
[2025-10-14T05:36:43.955+0000] {logging_mixin.py:188} INFO - [2025-10-14T05:36:43.955+0000] {dagbag.py:538} INFO - Filling up the DagBag from /home/airflow/.local/lib/python3.8/site-packages/airflow/example_dags/example_dynamic_task_mapping_with_no_taskflow_operators.py
[2025-10-14T05:36:43.964+0000] {processor.py:840} INFO - DAG(s) 'example_dynamic_task_mapping_with_no_taskflow_operators' retrieved from /home/airflow/.local/lib/python3.8/site-packages/airflow/example_dags/example_dynamic_task_mapping_with_no_taskflow_operators.py
[2025-10-14T05:36:43.995+0000] {logging_mixin.py:188} INFO - [2025-10-14T05:36:43.995+0000] {dag.py:3036} INFO - Sync 1 DAGs
[2025-10-14T05:36:44.021+0000] {logging_mixin.py:188} INFO - [2025-10-14T05:36:44.021+0000] {dag.py:3823} INFO - Setting next_dagrun for example_dynamic_task_mapping_with_no_taskflow_operators to 2025-10-13 00:00:00+00:00, run_after=2025-10-14 00:00:00+00:00
[2025-10-14T05:36:44.043+0000] {processor.py:183} INFO - Processing /home/airflow/.local/lib/python3.8/site-packages/airflow/example_dags/example_dynamic_task_mapping_with_no_taskflow_operators.py took 0.094 seconds
[2025-10-14T05:37:15.041+0000] {processor.py:161} INFO - Started process (PID=45462) to work on /home/airflow/.local/lib/python3.8/site-packages/airflow/example_dags/example_dynamic_task_mapping_with_no_taskflow_operators.py
[2025-10-14T05:37:15.042+0000] {processor.py:830} INFO - Processing file /home/airflow/.local/lib/python3.8/site-packages/airflow/example_dags/example_dynamic_task_mapping_with_no_taskflow_operators.py for tasks to queue
[2025-10-14T05:37:15.044+0000] {logging_mixin.py:188} INFO - [2025-10-14T05:37:15.043+0000] {dagbag.py:538} INFO - Filling up the DagBag from /home/airflow/.local/lib/python3.8/site-packages/airflow/example_dags/example_dynamic_task_mapping_with_no_taskflow_operators.py
[2025-10-14T05:37:15.052+0000] {processor.py:840} INFO - DAG(s) 'example_dynamic_task_mapping_with_no_taskflow_operators' retrieved from /home/airflow/.local/lib/python3.8/site-packages/airflow/example_dags/example_dynamic_task_mapping_with_no_taskflow_operators.py
[2025-10-14T05:37:15.080+0000] {logging_mixin.py:188} INFO - [2025-10-14T05:37:15.080+0000] {dag.py:3036} INFO - Sync 1 DAGs
[2025-10-14T05:37:15.107+0000] {logging_mixin.py:188} INFO - [2025-10-14T05:37:15.107+0000] {dag.py:3823} INFO - Setting next_dagrun for example_dynamic_task_mapping_with_no_taskflow_operators to 2025-10-13 00:00:00+00:00, run_after=2025-10-14 00:00:00+00:00
[2025-10-14T05:37:15.132+0000] {processor.py:183} INFO - Processing /home/airflow/.local/lib/python3.8/site-packages/airflow/example_dags/example_dynamic_task_mapping_with_no_taskflow_operators.py took 0.095 seconds
[2025-10-14T05:37:46.049+0000] {processor.py:161} INFO - Started process (PID=45532) to work on /home/airflow/.local/lib/python3.8/site-packages/airflow/example_dags/example_dynamic_task_mapping_with_no_taskflow_operators.py
[2025-10-14T05:37:46.050+0000] {processor.py:830} INFO - Processing file /home/airflow/.local/lib/python3.8/site-packages/airflow/example_dags/example_dynamic_task_mapping_with_no_taskflow_operators.py for tasks to queue
[2025-10-14T05:37:46.052+0000] {logging_mixin.py:188} INFO - [2025-10-14T05:37:46.051+0000] {dagbag.py:538} INFO - Filling up the DagBag from /home/airflow/.local/lib/python3.8/site-packages/airflow/example_dags/example_dynamic_task_mapping_with_no_taskflow_operators.py
[2025-10-14T05:37:46.060+0000] {processor.py:840} INFO - DAG(s) 'example_dynamic_task_mapping_with_no_taskflow_operators' retrieved from /home/airflow/.local/lib/python3.8/site-packages/airflow/example_dags/example_dynamic_task_mapping_with_no_taskflow_operators.py
[2025-10-14T05:37:46.092+0000] {logging_mixin.py:188} INFO - [2025-10-14T05:37:46.091+0000] {dag.py:3036} INFO - Sync 1 DAGs
[2025-10-14T05:37:46.121+0000] {logging_mixin.py:188} INFO - [2025-10-14T05:37:46.121+0000] {dag.py:3823} INFO - Setting next_dagrun for example_dynamic_task_mapping_with_no_taskflow_operators to 2025-10-13 00:00:00+00:00, run_after=2025-10-14 00:00:00+00:00
[2025-10-14T05:37:46.146+0000] {processor.py:183} INFO - Processing /home/airflow/.local/lib/python3.8/site-packages/airflow/example_dags/example_dynamic_task_mapping_with_no_taskflow_operators.py took 0.101 seconds
[2025-10-14T05:38:17.046+0000] {processor.py:161} INFO - Started process (PID=45604) to work on /home/airflow/.local/lib/python3.8/site-packages/airflow/example_dags/example_dynamic_task_mapping_with_no_taskflow_operators.py
[2025-10-14T05:38:17.048+0000] {processor.py:830} INFO - Processing file /home/airflow/.local/lib/python3.8/site-packages/airflow/example_dags/example_dynamic_task_mapping_with_no_taskflow_operators.py for tasks to queue
[2025-10-14T05:38:17.050+0000] {logging_mixin.py:188} INFO - [2025-10-14T05:38:17.050+0000] {dagbag.py:538} INFO - Filling up the DagBag from /home/airflow/.local/lib/python3.8/site-packages/airflow/example_dags/example_dynamic_task_mapping_with_no_taskflow_operators.py
[2025-10-14T05:38:17.062+0000] {processor.py:840} INFO - DAG(s) 'example_dynamic_task_mapping_with_no_taskflow_operators' retrieved from /home/airflow/.local/lib/python3.8/site-packages/airflow/example_dags/example_dynamic_task_mapping_with_no_taskflow_operators.py
[2025-10-14T05:38:17.095+0000] {logging_mixin.py:188} INFO - [2025-10-14T05:38:17.095+0000] {dag.py:3036} INFO - Sync 1 DAGs
[2025-10-14T05:38:17.128+0000] {logging_mixin.py:188} INFO - [2025-10-14T05:38:17.128+0000] {dag.py:3823} INFO - Setting next_dagrun for example_dynamic_task_mapping_with_no_taskflow_operators to 2025-10-13 00:00:00+00:00, run_after=2025-10-14 00:00:00+00:00
[2025-10-14T05:38:17.168+0000] {processor.py:183} INFO - Processing /home/airflow/.local/lib/python3.8/site-packages/airflow/example_dags/example_dynamic_task_mapping_with_no_taskflow_operators.py took 0.128 seconds
[2025-10-14T05:38:47.624+0000] {processor.py:161} INFO - Started process (PID=45673) to work on /home/airflow/.local/lib/python3.8/site-packages/airflow/example_dags/example_dynamic_task_mapping_with_no_taskflow_operators.py
[2025-10-14T05:38:47.626+0000] {processor.py:830} INFO - Processing file /home/airflow/.local/lib/python3.8/site-packages/airflow/example_dags/example_dynamic_task_mapping_with_no_taskflow_operators.py for tasks to queue
[2025-10-14T05:38:47.628+0000] {logging_mixin.py:188} INFO - [2025-10-14T05:38:47.627+0000] {dagbag.py:538} INFO - Filling up the DagBag from /home/airflow/.local/lib/python3.8/site-packages/airflow/example_dags/example_dynamic_task_mapping_with_no_taskflow_operators.py
[2025-10-14T05:38:47.638+0000] {processor.py:840} INFO - DAG(s) 'example_dynamic_task_mapping_with_no_taskflow_operators' retrieved from /home/airflow/.local/lib/python3.8/site-packages/airflow/example_dags/example_dynamic_task_mapping_with_no_taskflow_operators.py
[2025-10-14T05:38:47.668+0000] {logging_mixin.py:188} INFO - [2025-10-14T05:38:47.668+0000] {dag.py:3036} INFO - Sync 1 DAGs
[2025-10-14T05:38:47.696+0000] {logging_mixin.py:188} INFO - [2025-10-14T05:38:47.696+0000] {dag.py:3823} INFO - Setting next_dagrun for example_dynamic_task_mapping_with_no_taskflow_operators to 2025-10-13 00:00:00+00:00, run_after=2025-10-14 00:00:00+00:00
[2025-10-14T05:38:47.722+0000] {processor.py:183} INFO - Processing /home/airflow/.local/lib/python3.8/site-packages/airflow/example_dags/example_dynamic_task_mapping_with_no_taskflow_operators.py took 0.113 seconds
[2025-10-14T05:39:18.662+0000] {processor.py:161} INFO - Started process (PID=45743) to work on /home/airflow/.local/lib/python3.8/site-packages/airflow/example_dags/example_dynamic_task_mapping_with_no_taskflow_operators.py
[2025-10-14T05:39:18.663+0000] {processor.py:830} INFO - Processing file /home/airflow/.local/lib/python3.8/site-packages/airflow/example_dags/example_dynamic_task_mapping_with_no_taskflow_operators.py for tasks to queue
[2025-10-14T05:39:18.665+0000] {logging_mixin.py:188} INFO - [2025-10-14T05:39:18.664+0000] {dagbag.py:538} INFO - Filling up the DagBag from /home/airflow/.local/lib/python3.8/site-packages/airflow/example_dags/example_dynamic_task_mapping_with_no_taskflow_operators.py
[2025-10-14T05:39:18.672+0000] {processor.py:840} INFO - DAG(s) 'example_dynamic_task_mapping_with_no_taskflow_operators' retrieved from /home/airflow/.local/lib/python3.8/site-packages/airflow/example_dags/example_dynamic_task_mapping_with_no_taskflow_operators.py
[2025-10-14T05:39:18.701+0000] {logging_mixin.py:188} INFO - [2025-10-14T05:39:18.701+0000] {dag.py:3036} INFO - Sync 1 DAGs
[2025-10-14T05:39:18.729+0000] {logging_mixin.py:188} INFO - [2025-10-14T05:39:18.729+0000] {dag.py:3823} INFO - Setting next_dagrun for example_dynamic_task_mapping_with_no_taskflow_operators to 2025-10-13 00:00:00+00:00, run_after=2025-10-14 00:00:00+00:00
[2025-10-14T05:39:18.752+0000] {processor.py:183} INFO - Processing /home/airflow/.local/lib/python3.8/site-packages/airflow/example_dags/example_dynamic_task_mapping_with_no_taskflow_operators.py took 0.094 seconds
[2025-10-14T05:39:49.303+0000] {processor.py:161} INFO - Started process (PID=45813) to work on /home/airflow/.local/lib/python3.8/site-packages/airflow/example_dags/example_dynamic_task_mapping_with_no_taskflow_operators.py
[2025-10-14T05:39:49.304+0000] {processor.py:830} INFO - Processing file /home/airflow/.local/lib/python3.8/site-packages/airflow/example_dags/example_dynamic_task_mapping_with_no_taskflow_operators.py for tasks to queue
[2025-10-14T05:39:49.307+0000] {logging_mixin.py:188} INFO - [2025-10-14T05:39:49.306+0000] {dagbag.py:538} INFO - Filling up the DagBag from /home/airflow/.local/lib/python3.8/site-packages/airflow/example_dags/example_dynamic_task_mapping_with_no_taskflow_operators.py
[2025-10-14T05:39:49.316+0000] {processor.py:840} INFO - DAG(s) 'example_dynamic_task_mapping_with_no_taskflow_operators' retrieved from /home/airflow/.local/lib/python3.8/site-packages/airflow/example_dags/example_dynamic_task_mapping_with_no_taskflow_operators.py
[2025-10-14T05:39:49.348+0000] {logging_mixin.py:188} INFO - [2025-10-14T05:39:49.348+0000] {dag.py:3036} INFO - Sync 1 DAGs
[2025-10-14T05:39:49.375+0000] {logging_mixin.py:188} INFO - [2025-10-14T05:39:49.375+0000] {dag.py:3823} INFO - Setting next_dagrun for example_dynamic_task_mapping_with_no_taskflow_operators to 2025-10-13 00:00:00+00:00, run_after=2025-10-14 00:00:00+00:00
[2025-10-14T05:39:49.400+0000] {processor.py:183} INFO - Processing /home/airflow/.local/lib/python3.8/site-packages/airflow/example_dags/example_dynamic_task_mapping_with_no_taskflow_operators.py took 0.101 seconds
[2025-10-14T05:40:20.534+0000] {processor.py:161} INFO - Started process (PID=45883) to work on /home/airflow/.local/lib/python3.8/site-packages/airflow/example_dags/example_dynamic_task_mapping_with_no_taskflow_operators.py
[2025-10-14T05:40:20.535+0000] {processor.py:830} INFO - Processing file /home/airflow/.local/lib/python3.8/site-packages/airflow/example_dags/example_dynamic_task_mapping_with_no_taskflow_operators.py for tasks to queue
[2025-10-14T05:40:20.536+0000] {logging_mixin.py:188} INFO - [2025-10-14T05:40:20.536+0000] {dagbag.py:538} INFO - Filling up the DagBag from /home/airflow/.local/lib/python3.8/site-packages/airflow/example_dags/example_dynamic_task_mapping_with_no_taskflow_operators.py
[2025-10-14T05:40:20.546+0000] {processor.py:840} INFO - DAG(s) 'example_dynamic_task_mapping_with_no_taskflow_operators' retrieved from /home/airflow/.local/lib/python3.8/site-packages/airflow/example_dags/example_dynamic_task_mapping_with_no_taskflow_operators.py
[2025-10-14T05:40:20.577+0000] {logging_mixin.py:188} INFO - [2025-10-14T05:40:20.577+0000] {dag.py:3036} INFO - Sync 1 DAGs
[2025-10-14T05:40:20.606+0000] {logging_mixin.py:188} INFO - [2025-10-14T05:40:20.606+0000] {dag.py:3823} INFO - Setting next_dagrun for example_dynamic_task_mapping_with_no_taskflow_operators to 2025-10-13 00:00:00+00:00, run_after=2025-10-14 00:00:00+00:00
[2025-10-14T05:40:20.630+0000] {processor.py:183} INFO - Processing /home/airflow/.local/lib/python3.8/site-packages/airflow/example_dags/example_dynamic_task_mapping_with_no_taskflow_operators.py took 0.100 seconds
[2025-10-14T05:40:51.239+0000] {processor.py:161} INFO - Started process (PID=45953) to work on /home/airflow/.local/lib/python3.8/site-packages/airflow/example_dags/example_dynamic_task_mapping_with_no_taskflow_operators.py
[2025-10-14T05:40:51.240+0000] {processor.py:830} INFO - Processing file /home/airflow/.local/lib/python3.8/site-packages/airflow/example_dags/example_dynamic_task_mapping_with_no_taskflow_operators.py for tasks to queue
[2025-10-14T05:40:51.241+0000] {logging_mixin.py:188} INFO - [2025-10-14T05:40:51.241+0000] {dagbag.py:538} INFO - Filling up the DagBag from /home/airflow/.local/lib/python3.8/site-packages/airflow/example_dags/example_dynamic_task_mapping_with_no_taskflow_operators.py
[2025-10-14T05:40:51.250+0000] {processor.py:840} INFO - DAG(s) 'example_dynamic_task_mapping_with_no_taskflow_operators' retrieved from /home/airflow/.local/lib/python3.8/site-packages/airflow/example_dags/example_dynamic_task_mapping_with_no_taskflow_operators.py
[2025-10-14T05:40:51.278+0000] {logging_mixin.py:188} INFO - [2025-10-14T05:40:51.278+0000] {dag.py:3036} INFO - Sync 1 DAGs
[2025-10-14T05:40:51.305+0000] {logging_mixin.py:188} INFO - [2025-10-14T05:40:51.305+0000] {dag.py:3823} INFO - Setting next_dagrun for example_dynamic_task_mapping_with_no_taskflow_operators to 2025-10-13 00:00:00+00:00, run_after=2025-10-14 00:00:00+00:00
[2025-10-14T05:40:51.328+0000] {processor.py:183} INFO - Processing /home/airflow/.local/lib/python3.8/site-packages/airflow/example_dags/example_dynamic_task_mapping_with_no_taskflow_operators.py took 0.093 seconds
[2025-10-14T05:41:21.549+0000] {processor.py:161} INFO - Started process (PID=46021) to work on /home/airflow/.local/lib/python3.8/site-packages/airflow/example_dags/example_dynamic_task_mapping_with_no_taskflow_operators.py
[2025-10-14T05:41:21.552+0000] {processor.py:830} INFO - Processing file /home/airflow/.local/lib/python3.8/site-packages/airflow/example_dags/example_dynamic_task_mapping_with_no_taskflow_operators.py for tasks to queue
[2025-10-14T05:41:21.554+0000] {logging_mixin.py:188} INFO - [2025-10-14T05:41:21.553+0000] {dagbag.py:538} INFO - Filling up the DagBag from /home/airflow/.local/lib/python3.8/site-packages/airflow/example_dags/example_dynamic_task_mapping_with_no_taskflow_operators.py
[2025-10-14T05:41:21.562+0000] {processor.py:840} INFO - DAG(s) 'example_dynamic_task_mapping_with_no_taskflow_operators' retrieved from /home/airflow/.local/lib/python3.8/site-packages/airflow/example_dags/example_dynamic_task_mapping_with_no_taskflow_operators.py
[2025-10-14T05:41:21.591+0000] {logging_mixin.py:188} INFO - [2025-10-14T05:41:21.591+0000] {dag.py:3036} INFO - Sync 1 DAGs
[2025-10-14T05:41:21.619+0000] {logging_mixin.py:188} INFO - [2025-10-14T05:41:21.619+0000] {dag.py:3823} INFO - Setting next_dagrun for example_dynamic_task_mapping_with_no_taskflow_operators to 2025-10-13 00:00:00+00:00, run_after=2025-10-14 00:00:00+00:00
[2025-10-14T05:41:21.642+0000] {processor.py:183} INFO - Processing /home/airflow/.local/lib/python3.8/site-packages/airflow/example_dags/example_dynamic_task_mapping_with_no_taskflow_operators.py took 0.099 seconds
[2025-10-14T05:41:51.823+0000] {processor.py:161} INFO - Started process (PID=46090) to work on /home/airflow/.local/lib/python3.8/site-packages/airflow/example_dags/example_dynamic_task_mapping_with_no_taskflow_operators.py
[2025-10-14T05:41:51.825+0000] {processor.py:830} INFO - Processing file /home/airflow/.local/lib/python3.8/site-packages/airflow/example_dags/example_dynamic_task_mapping_with_no_taskflow_operators.py for tasks to queue
[2025-10-14T05:41:51.826+0000] {logging_mixin.py:188} INFO - [2025-10-14T05:41:51.826+0000] {dagbag.py:538} INFO - Filling up the DagBag from /home/airflow/.local/lib/python3.8/site-packages/airflow/example_dags/example_dynamic_task_mapping_with_no_taskflow_operators.py
[2025-10-14T05:41:51.838+0000] {processor.py:840} INFO - DAG(s) 'example_dynamic_task_mapping_with_no_taskflow_operators' retrieved from /home/airflow/.local/lib/python3.8/site-packages/airflow/example_dags/example_dynamic_task_mapping_with_no_taskflow_operators.py
[2025-10-14T05:41:51.876+0000] {logging_mixin.py:188} INFO - [2025-10-14T05:41:51.875+0000] {dag.py:3036} INFO - Sync 1 DAGs
[2025-10-14T05:41:51.914+0000] {logging_mixin.py:188} INFO - [2025-10-14T05:41:51.914+0000] {dag.py:3823} INFO - Setting next_dagrun for example_dynamic_task_mapping_with_no_taskflow_operators to 2025-10-13 00:00:00+00:00, run_after=2025-10-14 00:00:00+00:00
[2025-10-14T05:41:51.940+0000] {processor.py:183} INFO - Processing /home/airflow/.local/lib/python3.8/site-packages/airflow/example_dags/example_dynamic_task_mapping_with_no_taskflow_operators.py took 0.121 seconds
[2025-10-14T05:42:22.054+0000] {processor.py:161} INFO - Started process (PID=46159) to work on /home/airflow/.local/lib/python3.8/site-packages/airflow/example_dags/example_dynamic_task_mapping_with_no_taskflow_operators.py
[2025-10-14T05:42:22.055+0000] {processor.py:830} INFO - Processing file /home/airflow/.local/lib/python3.8/site-packages/airflow/example_dags/example_dynamic_task_mapping_with_no_taskflow_operators.py for tasks to queue
[2025-10-14T05:42:22.057+0000] {logging_mixin.py:188} INFO - [2025-10-14T05:42:22.056+0000] {dagbag.py:538} INFO - Filling up the DagBag from /home/airflow/.local/lib/python3.8/site-packages/airflow/example_dags/example_dynamic_task_mapping_with_no_taskflow_operators.py
[2025-10-14T05:42:22.066+0000] {processor.py:840} INFO - DAG(s) 'example_dynamic_task_mapping_with_no_taskflow_operators' retrieved from /home/airflow/.local/lib/python3.8/site-packages/airflow/example_dags/example_dynamic_task_mapping_with_no_taskflow_operators.py
[2025-10-14T05:42:22.094+0000] {logging_mixin.py:188} INFO - [2025-10-14T05:42:22.094+0000] {dag.py:3036} INFO - Sync 1 DAGs
[2025-10-14T05:42:22.119+0000] {logging_mixin.py:188} INFO - [2025-10-14T05:42:22.119+0000] {dag.py:3823} INFO - Setting next_dagrun for example_dynamic_task_mapping_with_no_taskflow_operators to 2025-10-13 00:00:00+00:00, run_after=2025-10-14 00:00:00+00:00
[2025-10-14T05:42:22.141+0000] {processor.py:183} INFO - Processing /home/airflow/.local/lib/python3.8/site-packages/airflow/example_dags/example_dynamic_task_mapping_with_no_taskflow_operators.py took 0.091 seconds
[2025-10-14T05:42:52.323+0000] {processor.py:161} INFO - Started process (PID=46229) to work on /home/airflow/.local/lib/python3.8/site-packages/airflow/example_dags/example_dynamic_task_mapping_with_no_taskflow_operators.py
[2025-10-14T05:42:52.325+0000] {processor.py:830} INFO - Processing file /home/airflow/.local/lib/python3.8/site-packages/airflow/example_dags/example_dynamic_task_mapping_with_no_taskflow_operators.py for tasks to queue
[2025-10-14T05:42:52.326+0000] {logging_mixin.py:188} INFO - [2025-10-14T05:42:52.326+0000] {dagbag.py:538} INFO - Filling up the DagBag from /home/airflow/.local/lib/python3.8/site-packages/airflow/example_dags/example_dynamic_task_mapping_with_no_taskflow_operators.py
[2025-10-14T05:42:52.335+0000] {processor.py:840} INFO - DAG(s) 'example_dynamic_task_mapping_with_no_taskflow_operators' retrieved from /home/airflow/.local/lib/python3.8/site-packages/airflow/example_dags/example_dynamic_task_mapping_with_no_taskflow_operators.py
[2025-10-14T05:42:52.367+0000] {logging_mixin.py:188} INFO - [2025-10-14T05:42:52.367+0000] {dag.py:3036} INFO - Sync 1 DAGs
[2025-10-14T05:42:52.404+0000] {logging_mixin.py:188} INFO - [2025-10-14T05:42:52.403+0000] {dag.py:3823} INFO - Setting next_dagrun for example_dynamic_task_mapping_with_no_taskflow_operators to 2025-10-13 00:00:00+00:00, run_after=2025-10-14 00:00:00+00:00
[2025-10-14T05:42:52.430+0000] {processor.py:183} INFO - Processing /home/airflow/.local/lib/python3.8/site-packages/airflow/example_dags/example_dynamic_task_mapping_with_no_taskflow_operators.py took 0.110 seconds
[2025-10-14T05:43:22.649+0000] {processor.py:161} INFO - Started process (PID=46299) to work on /home/airflow/.local/lib/python3.8/site-packages/airflow/example_dags/example_dynamic_task_mapping_with_no_taskflow_operators.py
[2025-10-14T05:43:22.650+0000] {processor.py:830} INFO - Processing file /home/airflow/.local/lib/python3.8/site-packages/airflow/example_dags/example_dynamic_task_mapping_with_no_taskflow_operators.py for tasks to queue
[2025-10-14T05:43:22.652+0000] {logging_mixin.py:188} INFO - [2025-10-14T05:43:22.652+0000] {dagbag.py:538} INFO - Filling up the DagBag from /home/airflow/.local/lib/python3.8/site-packages/airflow/example_dags/example_dynamic_task_mapping_with_no_taskflow_operators.py
[2025-10-14T05:43:22.664+0000] {processor.py:840} INFO - DAG(s) 'example_dynamic_task_mapping_with_no_taskflow_operators' retrieved from /home/airflow/.local/lib/python3.8/site-packages/airflow/example_dags/example_dynamic_task_mapping_with_no_taskflow_operators.py
[2025-10-14T05:43:22.703+0000] {logging_mixin.py:188} INFO - [2025-10-14T05:43:22.703+0000] {dag.py:3036} INFO - Sync 1 DAGs
[2025-10-14T05:43:22.738+0000] {logging_mixin.py:188} INFO - [2025-10-14T05:43:22.738+0000] {dag.py:3823} INFO - Setting next_dagrun for example_dynamic_task_mapping_with_no_taskflow_operators to 2025-10-13 00:00:00+00:00, run_after=2025-10-14 00:00:00+00:00
[2025-10-14T05:43:22.766+0000] {processor.py:183} INFO - Processing /home/airflow/.local/lib/python3.8/site-packages/airflow/example_dags/example_dynamic_task_mapping_with_no_taskflow_operators.py took 0.124 seconds
[2025-10-14T05:43:53.344+0000] {processor.py:161} INFO - Started process (PID=46369) to work on /home/airflow/.local/lib/python3.8/site-packages/airflow/example_dags/example_dynamic_task_mapping_with_no_taskflow_operators.py
[2025-10-14T05:43:53.345+0000] {processor.py:830} INFO - Processing file /home/airflow/.local/lib/python3.8/site-packages/airflow/example_dags/example_dynamic_task_mapping_with_no_taskflow_operators.py for tasks to queue
[2025-10-14T05:43:53.347+0000] {logging_mixin.py:188} INFO - [2025-10-14T05:43:53.346+0000] {dagbag.py:538} INFO - Filling up the DagBag from /home/airflow/.local/lib/python3.8/site-packages/airflow/example_dags/example_dynamic_task_mapping_with_no_taskflow_operators.py
[2025-10-14T05:43:53.356+0000] {processor.py:840} INFO - DAG(s) 'example_dynamic_task_mapping_with_no_taskflow_operators' retrieved from /home/airflow/.local/lib/python3.8/site-packages/airflow/example_dags/example_dynamic_task_mapping_with_no_taskflow_operators.py
[2025-10-14T05:43:53.387+0000] {logging_mixin.py:188} INFO - [2025-10-14T05:43:53.387+0000] {dag.py:3036} INFO - Sync 1 DAGs
[2025-10-14T05:43:53.451+0000] {logging_mixin.py:188} INFO - [2025-10-14T05:43:53.443+0000] {dag.py:3823} INFO - Setting next_dagrun for example_dynamic_task_mapping_with_no_taskflow_operators to 2025-10-13 00:00:00+00:00, run_after=2025-10-14 00:00:00+00:00
[2025-10-14T05:43:53.497+0000] {processor.py:183} INFO - Processing /home/airflow/.local/lib/python3.8/site-packages/airflow/example_dags/example_dynamic_task_mapping_with_no_taskflow_operators.py took 0.158 seconds
[2025-10-14T05:44:23.567+0000] {processor.py:161} INFO - Started process (PID=46439) to work on /home/airflow/.local/lib/python3.8/site-packages/airflow/example_dags/example_dynamic_task_mapping_with_no_taskflow_operators.py
[2025-10-14T05:44:23.568+0000] {processor.py:830} INFO - Processing file /home/airflow/.local/lib/python3.8/site-packages/airflow/example_dags/example_dynamic_task_mapping_with_no_taskflow_operators.py for tasks to queue
[2025-10-14T05:44:23.570+0000] {logging_mixin.py:188} INFO - [2025-10-14T05:44:23.570+0000] {dagbag.py:538} INFO - Filling up the DagBag from /home/airflow/.local/lib/python3.8/site-packages/airflow/example_dags/example_dynamic_task_mapping_with_no_taskflow_operators.py
[2025-10-14T05:44:23.578+0000] {processor.py:840} INFO - DAG(s) 'example_dynamic_task_mapping_with_no_taskflow_operators' retrieved from /home/airflow/.local/lib/python3.8/site-packages/airflow/example_dags/example_dynamic_task_mapping_with_no_taskflow_operators.py
[2025-10-14T05:44:23.605+0000] {logging_mixin.py:188} INFO - [2025-10-14T05:44:23.605+0000] {dag.py:3036} INFO - Sync 1 DAGs
[2025-10-14T05:44:23.635+0000] {logging_mixin.py:188} INFO - [2025-10-14T05:44:23.635+0000] {dag.py:3823} INFO - Setting next_dagrun for example_dynamic_task_mapping_with_no_taskflow_operators to 2025-10-13 00:00:00+00:00, run_after=2025-10-14 00:00:00+00:00
[2025-10-14T05:44:23.658+0000] {processor.py:183} INFO - Processing /home/airflow/.local/lib/python3.8/site-packages/airflow/example_dags/example_dynamic_task_mapping_with_no_taskflow_operators.py took 0.095 seconds
[2025-10-14T05:44:54.485+0000] {processor.py:161} INFO - Started process (PID=46509) to work on /home/airflow/.local/lib/python3.8/site-packages/airflow/example_dags/example_dynamic_task_mapping_with_no_taskflow_operators.py
[2025-10-14T05:44:54.486+0000] {processor.py:830} INFO - Processing file /home/airflow/.local/lib/python3.8/site-packages/airflow/example_dags/example_dynamic_task_mapping_with_no_taskflow_operators.py for tasks to queue
[2025-10-14T05:44:54.488+0000] {logging_mixin.py:188} INFO - [2025-10-14T05:44:54.487+0000] {dagbag.py:538} INFO - Filling up the DagBag from /home/airflow/.local/lib/python3.8/site-packages/airflow/example_dags/example_dynamic_task_mapping_with_no_taskflow_operators.py
[2025-10-14T05:44:54.497+0000] {processor.py:840} INFO - DAG(s) 'example_dynamic_task_mapping_with_no_taskflow_operators' retrieved from /home/airflow/.local/lib/python3.8/site-packages/airflow/example_dags/example_dynamic_task_mapping_with_no_taskflow_operators.py
[2025-10-14T05:44:54.532+0000] {logging_mixin.py:188} INFO - [2025-10-14T05:44:54.532+0000] {dag.py:3036} INFO - Sync 1 DAGs
[2025-10-14T05:44:54.562+0000] {logging_mixin.py:188} INFO - [2025-10-14T05:44:54.562+0000] {dag.py:3823} INFO - Setting next_dagrun for example_dynamic_task_mapping_with_no_taskflow_operators to 2025-10-13 00:00:00+00:00, run_after=2025-10-14 00:00:00+00:00
[2025-10-14T05:44:54.597+0000] {processor.py:183} INFO - Processing /home/airflow/.local/lib/python3.8/site-packages/airflow/example_dags/example_dynamic_task_mapping_with_no_taskflow_operators.py took 0.116 seconds
[2025-10-14T05:45:24.928+0000] {processor.py:161} INFO - Started process (PID=46577) to work on /home/airflow/.local/lib/python3.8/site-packages/airflow/example_dags/example_dynamic_task_mapping_with_no_taskflow_operators.py
[2025-10-14T05:45:24.930+0000] {processor.py:830} INFO - Processing file /home/airflow/.local/lib/python3.8/site-packages/airflow/example_dags/example_dynamic_task_mapping_with_no_taskflow_operators.py for tasks to queue
[2025-10-14T05:45:24.931+0000] {logging_mixin.py:188} INFO - [2025-10-14T05:45:24.931+0000] {dagbag.py:538} INFO - Filling up the DagBag from /home/airflow/.local/lib/python3.8/site-packages/airflow/example_dags/example_dynamic_task_mapping_with_no_taskflow_operators.py
[2025-10-14T05:45:24.939+0000] {processor.py:840} INFO - DAG(s) 'example_dynamic_task_mapping_with_no_taskflow_operators' retrieved from /home/airflow/.local/lib/python3.8/site-packages/airflow/example_dags/example_dynamic_task_mapping_with_no_taskflow_operators.py
[2025-10-14T05:45:24.967+0000] {logging_mixin.py:188} INFO - [2025-10-14T05:45:24.967+0000] {dag.py:3036} INFO - Sync 1 DAGs
[2025-10-14T05:45:24.996+0000] {logging_mixin.py:188} INFO - [2025-10-14T05:45:24.995+0000] {dag.py:3823} INFO - Setting next_dagrun for example_dynamic_task_mapping_with_no_taskflow_operators to 2025-10-13 00:00:00+00:00, run_after=2025-10-14 00:00:00+00:00
[2025-10-14T05:45:25.019+0000] {processor.py:183} INFO - Processing /home/airflow/.local/lib/python3.8/site-packages/airflow/example_dags/example_dynamic_task_mapping_with_no_taskflow_operators.py took 0.094 seconds
[2025-10-14T05:45:55.626+0000] {processor.py:161} INFO - Started process (PID=46648) to work on /home/airflow/.local/lib/python3.8/site-packages/airflow/example_dags/example_dynamic_task_mapping_with_no_taskflow_operators.py
[2025-10-14T05:45:55.627+0000] {processor.py:830} INFO - Processing file /home/airflow/.local/lib/python3.8/site-packages/airflow/example_dags/example_dynamic_task_mapping_with_no_taskflow_operators.py for tasks to queue
[2025-10-14T05:45:55.629+0000] {logging_mixin.py:188} INFO - [2025-10-14T05:45:55.628+0000] {dagbag.py:538} INFO - Filling up the DagBag from /home/airflow/.local/lib/python3.8/site-packages/airflow/example_dags/example_dynamic_task_mapping_with_no_taskflow_operators.py
[2025-10-14T05:45:55.638+0000] {processor.py:840} INFO - DAG(s) 'example_dynamic_task_mapping_with_no_taskflow_operators' retrieved from /home/airflow/.local/lib/python3.8/site-packages/airflow/example_dags/example_dynamic_task_mapping_with_no_taskflow_operators.py
[2025-10-14T05:45:55.668+0000] {logging_mixin.py:188} INFO - [2025-10-14T05:45:55.668+0000] {dag.py:3036} INFO - Sync 1 DAGs
[2025-10-14T05:45:55.695+0000] {logging_mixin.py:188} INFO - [2025-10-14T05:45:55.695+0000] {dag.py:3823} INFO - Setting next_dagrun for example_dynamic_task_mapping_with_no_taskflow_operators to 2025-10-13 00:00:00+00:00, run_after=2025-10-14 00:00:00+00:00
[2025-10-14T05:45:55.719+0000] {processor.py:183} INFO - Processing /home/airflow/.local/lib/python3.8/site-packages/airflow/example_dags/example_dynamic_task_mapping_with_no_taskflow_operators.py took 0.098 seconds
[2025-10-14T05:46:26.412+0000] {processor.py:161} INFO - Started process (PID=46718) to work on /home/airflow/.local/lib/python3.8/site-packages/airflow/example_dags/example_dynamic_task_mapping_with_no_taskflow_operators.py
[2025-10-14T05:46:26.414+0000] {processor.py:830} INFO - Processing file /home/airflow/.local/lib/python3.8/site-packages/airflow/example_dags/example_dynamic_task_mapping_with_no_taskflow_operators.py for tasks to queue
[2025-10-14T05:46:26.416+0000] {logging_mixin.py:188} INFO - [2025-10-14T05:46:26.415+0000] {dagbag.py:538} INFO - Filling up the DagBag from /home/airflow/.local/lib/python3.8/site-packages/airflow/example_dags/example_dynamic_task_mapping_with_no_taskflow_operators.py
[2025-10-14T05:46:26.425+0000] {processor.py:840} INFO - DAG(s) 'example_dynamic_task_mapping_with_no_taskflow_operators' retrieved from /home/airflow/.local/lib/python3.8/site-packages/airflow/example_dags/example_dynamic_task_mapping_with_no_taskflow_operators.py
[2025-10-14T05:46:26.454+0000] {logging_mixin.py:188} INFO - [2025-10-14T05:46:26.454+0000] {dag.py:3036} INFO - Sync 1 DAGs
[2025-10-14T05:46:26.482+0000] {logging_mixin.py:188} INFO - [2025-10-14T05:46:26.482+0000] {dag.py:3823} INFO - Setting next_dagrun for example_dynamic_task_mapping_with_no_taskflow_operators to 2025-10-13 00:00:00+00:00, run_after=2025-10-14 00:00:00+00:00
[2025-10-14T05:46:26.505+0000] {processor.py:183} INFO - Processing /home/airflow/.local/lib/python3.8/site-packages/airflow/example_dags/example_dynamic_task_mapping_with_no_taskflow_operators.py took 0.097 seconds
[2025-10-14T05:46:56.578+0000] {processor.py:161} INFO - Started process (PID=46786) to work on /home/airflow/.local/lib/python3.8/site-packages/airflow/example_dags/example_dynamic_task_mapping_with_no_taskflow_operators.py
[2025-10-14T05:46:56.580+0000] {processor.py:830} INFO - Processing file /home/airflow/.local/lib/python3.8/site-packages/airflow/example_dags/example_dynamic_task_mapping_with_no_taskflow_operators.py for tasks to queue
[2025-10-14T05:46:56.582+0000] {logging_mixin.py:188} INFO - [2025-10-14T05:46:56.581+0000] {dagbag.py:538} INFO - Filling up the DagBag from /home/airflow/.local/lib/python3.8/site-packages/airflow/example_dags/example_dynamic_task_mapping_with_no_taskflow_operators.py
[2025-10-14T05:46:56.589+0000] {processor.py:840} INFO - DAG(s) 'example_dynamic_task_mapping_with_no_taskflow_operators' retrieved from /home/airflow/.local/lib/python3.8/site-packages/airflow/example_dags/example_dynamic_task_mapping_with_no_taskflow_operators.py
[2025-10-14T05:46:56.617+0000] {logging_mixin.py:188} INFO - [2025-10-14T05:46:56.617+0000] {dag.py:3036} INFO - Sync 1 DAGs
[2025-10-14T05:46:56.644+0000] {logging_mixin.py:188} INFO - [2025-10-14T05:46:56.644+0000] {dag.py:3823} INFO - Setting next_dagrun for example_dynamic_task_mapping_with_no_taskflow_operators to 2025-10-13 00:00:00+00:00, run_after=2025-10-14 00:00:00+00:00
[2025-10-14T05:46:56.668+0000] {processor.py:183} INFO - Processing /home/airflow/.local/lib/python3.8/site-packages/airflow/example_dags/example_dynamic_task_mapping_with_no_taskflow_operators.py took 0.094 seconds
[2025-10-14T05:47:26.770+0000] {processor.py:161} INFO - Started process (PID=46856) to work on /home/airflow/.local/lib/python3.8/site-packages/airflow/example_dags/example_dynamic_task_mapping_with_no_taskflow_operators.py
[2025-10-14T05:47:26.772+0000] {processor.py:830} INFO - Processing file /home/airflow/.local/lib/python3.8/site-packages/airflow/example_dags/example_dynamic_task_mapping_with_no_taskflow_operators.py for tasks to queue
[2025-10-14T05:47:26.773+0000] {logging_mixin.py:188} INFO - [2025-10-14T05:47:26.773+0000] {dagbag.py:538} INFO - Filling up the DagBag from /home/airflow/.local/lib/python3.8/site-packages/airflow/example_dags/example_dynamic_task_mapping_with_no_taskflow_operators.py
[2025-10-14T05:47:26.783+0000] {processor.py:840} INFO - DAG(s) 'example_dynamic_task_mapping_with_no_taskflow_operators' retrieved from /home/airflow/.local/lib/python3.8/site-packages/airflow/example_dags/example_dynamic_task_mapping_with_no_taskflow_operators.py
[2025-10-14T05:47:26.811+0000] {logging_mixin.py:188} INFO - [2025-10-14T05:47:26.811+0000] {dag.py:3036} INFO - Sync 1 DAGs
[2025-10-14T05:47:26.840+0000] {logging_mixin.py:188} INFO - [2025-10-14T05:47:26.840+0000] {dag.py:3823} INFO - Setting next_dagrun for example_dynamic_task_mapping_with_no_taskflow_operators to 2025-10-13 00:00:00+00:00, run_after=2025-10-14 00:00:00+00:00
[2025-10-14T05:47:26.865+0000] {processor.py:183} INFO - Processing /home/airflow/.local/lib/python3.8/site-packages/airflow/example_dags/example_dynamic_task_mapping_with_no_taskflow_operators.py took 0.099 seconds
[2025-10-14T05:47:57.231+0000] {processor.py:161} INFO - Started process (PID=46926) to work on /home/airflow/.local/lib/python3.8/site-packages/airflow/example_dags/example_dynamic_task_mapping_with_no_taskflow_operators.py
[2025-10-14T05:47:57.233+0000] {processor.py:830} INFO - Processing file /home/airflow/.local/lib/python3.8/site-packages/airflow/example_dags/example_dynamic_task_mapping_with_no_taskflow_operators.py for tasks to queue
[2025-10-14T05:47:57.234+0000] {logging_mixin.py:188} INFO - [2025-10-14T05:47:57.234+0000] {dagbag.py:538} INFO - Filling up the DagBag from /home/airflow/.local/lib/python3.8/site-packages/airflow/example_dags/example_dynamic_task_mapping_with_no_taskflow_operators.py
[2025-10-14T05:47:57.246+0000] {processor.py:840} INFO - DAG(s) 'example_dynamic_task_mapping_with_no_taskflow_operators' retrieved from /home/airflow/.local/lib/python3.8/site-packages/airflow/example_dags/example_dynamic_task_mapping_with_no_taskflow_operators.py
[2025-10-14T05:47:57.281+0000] {logging_mixin.py:188} INFO - [2025-10-14T05:47:57.281+0000] {dag.py:3036} INFO - Sync 1 DAGs
[2025-10-14T05:47:57.315+0000] {logging_mixin.py:188} INFO - [2025-10-14T05:47:57.315+0000] {dag.py:3823} INFO - Setting next_dagrun for example_dynamic_task_mapping_with_no_taskflow_operators to 2025-10-13 00:00:00+00:00, run_after=2025-10-14 00:00:00+00:00
[2025-10-14T05:47:57.341+0000] {processor.py:183} INFO - Processing /home/airflow/.local/lib/python3.8/site-packages/airflow/example_dags/example_dynamic_task_mapping_with_no_taskflow_operators.py took 0.113 seconds
[2025-10-14T05:48:27.688+0000] {processor.py:161} INFO - Started process (PID=46996) to work on /home/airflow/.local/lib/python3.8/site-packages/airflow/example_dags/example_dynamic_task_mapping_with_no_taskflow_operators.py
[2025-10-14T05:48:27.689+0000] {processor.py:830} INFO - Processing file /home/airflow/.local/lib/python3.8/site-packages/airflow/example_dags/example_dynamic_task_mapping_with_no_taskflow_operators.py for tasks to queue
[2025-10-14T05:48:27.691+0000] {logging_mixin.py:188} INFO - [2025-10-14T05:48:27.690+0000] {dagbag.py:538} INFO - Filling up the DagBag from /home/airflow/.local/lib/python3.8/site-packages/airflow/example_dags/example_dynamic_task_mapping_with_no_taskflow_operators.py
[2025-10-14T05:48:27.699+0000] {processor.py:840} INFO - DAG(s) 'example_dynamic_task_mapping_with_no_taskflow_operators' retrieved from /home/airflow/.local/lib/python3.8/site-packages/airflow/example_dags/example_dynamic_task_mapping_with_no_taskflow_operators.py
[2025-10-14T05:48:27.727+0000] {logging_mixin.py:188} INFO - [2025-10-14T05:48:27.727+0000] {dag.py:3036} INFO - Sync 1 DAGs
[2025-10-14T05:48:27.754+0000] {logging_mixin.py:188} INFO - [2025-10-14T05:48:27.754+0000] {dag.py:3823} INFO - Setting next_dagrun for example_dynamic_task_mapping_with_no_taskflow_operators to 2025-10-13 00:00:00+00:00, run_after=2025-10-14 00:00:00+00:00
[2025-10-14T05:48:27.785+0000] {processor.py:183} INFO - Processing /home/airflow/.local/lib/python3.8/site-packages/airflow/example_dags/example_dynamic_task_mapping_with_no_taskflow_operators.py took 0.101 seconds
[2025-10-14T05:48:58.954+0000] {processor.py:161} INFO - Started process (PID=47066) to work on /home/airflow/.local/lib/python3.8/site-packages/airflow/example_dags/example_dynamic_task_mapping_with_no_taskflow_operators.py
[2025-10-14T05:48:58.955+0000] {processor.py:830} INFO - Processing file /home/airflow/.local/lib/python3.8/site-packages/airflow/example_dags/example_dynamic_task_mapping_with_no_taskflow_operators.py for tasks to queue
[2025-10-14T05:48:58.957+0000] {logging_mixin.py:188} INFO - [2025-10-14T05:48:58.956+0000] {dagbag.py:538} INFO - Filling up the DagBag from /home/airflow/.local/lib/python3.8/site-packages/airflow/example_dags/example_dynamic_task_mapping_with_no_taskflow_operators.py
[2025-10-14T05:48:58.971+0000] {processor.py:840} INFO - DAG(s) 'example_dynamic_task_mapping_with_no_taskflow_operators' retrieved from /home/airflow/.local/lib/python3.8/site-packages/airflow/example_dags/example_dynamic_task_mapping_with_no_taskflow_operators.py
[2025-10-14T05:48:59.016+0000] {logging_mixin.py:188} INFO - [2025-10-14T05:48:59.016+0000] {dag.py:3036} INFO - Sync 1 DAGs
[2025-10-14T05:48:59.059+0000] {logging_mixin.py:188} INFO - [2025-10-14T05:48:59.058+0000] {dag.py:3823} INFO - Setting next_dagrun for example_dynamic_task_mapping_with_no_taskflow_operators to 2025-10-13 00:00:00+00:00, run_after=2025-10-14 00:00:00+00:00
[2025-10-14T05:48:59.090+0000] {processor.py:183} INFO - Processing /home/airflow/.local/lib/python3.8/site-packages/airflow/example_dags/example_dynamic_task_mapping_with_no_taskflow_operators.py took 0.141 seconds
[2025-10-14T05:49:30.027+0000] {processor.py:161} INFO - Started process (PID=47136) to work on /home/airflow/.local/lib/python3.8/site-packages/airflow/example_dags/example_dynamic_task_mapping_with_no_taskflow_operators.py
[2025-10-14T05:49:30.028+0000] {processor.py:830} INFO - Processing file /home/airflow/.local/lib/python3.8/site-packages/airflow/example_dags/example_dynamic_task_mapping_with_no_taskflow_operators.py for tasks to queue
[2025-10-14T05:49:30.030+0000] {logging_mixin.py:188} INFO - [2025-10-14T05:49:30.029+0000] {dagbag.py:538} INFO - Filling up the DagBag from /home/airflow/.local/lib/python3.8/site-packages/airflow/example_dags/example_dynamic_task_mapping_with_no_taskflow_operators.py
[2025-10-14T05:49:30.039+0000] {processor.py:840} INFO - DAG(s) 'example_dynamic_task_mapping_with_no_taskflow_operators' retrieved from /home/airflow/.local/lib/python3.8/site-packages/airflow/example_dags/example_dynamic_task_mapping_with_no_taskflow_operators.py
[2025-10-14T05:49:30.072+0000] {logging_mixin.py:188} INFO - [2025-10-14T05:49:30.071+0000] {dag.py:3036} INFO - Sync 1 DAGs
[2025-10-14T05:49:30.107+0000] {logging_mixin.py:188} INFO - [2025-10-14T05:49:30.107+0000] {dag.py:3823} INFO - Setting next_dagrun for example_dynamic_task_mapping_with_no_taskflow_operators to 2025-10-13 00:00:00+00:00, run_after=2025-10-14 00:00:00+00:00
[2025-10-14T05:49:30.140+0000] {processor.py:183} INFO - Processing /home/airflow/.local/lib/python3.8/site-packages/airflow/example_dags/example_dynamic_task_mapping_with_no_taskflow_operators.py took 0.116 seconds
[2025-10-14T05:50:00.192+0000] {processor.py:161} INFO - Started process (PID=47204) to work on /home/airflow/.local/lib/python3.8/site-packages/airflow/example_dags/example_dynamic_task_mapping_with_no_taskflow_operators.py
[2025-10-14T05:50:00.193+0000] {processor.py:830} INFO - Processing file /home/airflow/.local/lib/python3.8/site-packages/airflow/example_dags/example_dynamic_task_mapping_with_no_taskflow_operators.py for tasks to queue
[2025-10-14T05:50:00.194+0000] {logging_mixin.py:188} INFO - [2025-10-14T05:50:00.194+0000] {dagbag.py:538} INFO - Filling up the DagBag from /home/airflow/.local/lib/python3.8/site-packages/airflow/example_dags/example_dynamic_task_mapping_with_no_taskflow_operators.py
[2025-10-14T05:50:00.203+0000] {processor.py:840} INFO - DAG(s) 'example_dynamic_task_mapping_with_no_taskflow_operators' retrieved from /home/airflow/.local/lib/python3.8/site-packages/airflow/example_dags/example_dynamic_task_mapping_with_no_taskflow_operators.py
[2025-10-14T05:50:00.230+0000] {logging_mixin.py:188} INFO - [2025-10-14T05:50:00.230+0000] {dag.py:3036} INFO - Sync 1 DAGs
[2025-10-14T05:50:00.257+0000] {logging_mixin.py:188} INFO - [2025-10-14T05:50:00.256+0000] {dag.py:3823} INFO - Setting next_dagrun for example_dynamic_task_mapping_with_no_taskflow_operators to 2025-10-13 00:00:00+00:00, run_after=2025-10-14 00:00:00+00:00
[2025-10-14T05:50:00.280+0000] {processor.py:183} INFO - Processing /home/airflow/.local/lib/python3.8/site-packages/airflow/example_dags/example_dynamic_task_mapping_with_no_taskflow_operators.py took 0.092 seconds
[2025-10-14T05:50:30.601+0000] {processor.py:161} INFO - Started process (PID=47274) to work on /home/airflow/.local/lib/python3.8/site-packages/airflow/example_dags/example_dynamic_task_mapping_with_no_taskflow_operators.py
[2025-10-14T05:50:30.602+0000] {processor.py:830} INFO - Processing file /home/airflow/.local/lib/python3.8/site-packages/airflow/example_dags/example_dynamic_task_mapping_with_no_taskflow_operators.py for tasks to queue
[2025-10-14T05:50:30.604+0000] {logging_mixin.py:188} INFO - [2025-10-14T05:50:30.604+0000] {dagbag.py:538} INFO - Filling up the DagBag from /home/airflow/.local/lib/python3.8/site-packages/airflow/example_dags/example_dynamic_task_mapping_with_no_taskflow_operators.py
[2025-10-14T05:50:30.617+0000] {processor.py:840} INFO - DAG(s) 'example_dynamic_task_mapping_with_no_taskflow_operators' retrieved from /home/airflow/.local/lib/python3.8/site-packages/airflow/example_dags/example_dynamic_task_mapping_with_no_taskflow_operators.py
[2025-10-14T05:50:30.649+0000] {logging_mixin.py:188} INFO - [2025-10-14T05:50:30.649+0000] {dag.py:3036} INFO - Sync 1 DAGs
[2025-10-14T05:50:30.686+0000] {logging_mixin.py:188} INFO - [2025-10-14T05:50:30.686+0000] {dag.py:3823} INFO - Setting next_dagrun for example_dynamic_task_mapping_with_no_taskflow_operators to 2025-10-13 00:00:00+00:00, run_after=2025-10-14 00:00:00+00:00
[2025-10-14T05:50:30.723+0000] {processor.py:183} INFO - Processing /home/airflow/.local/lib/python3.8/site-packages/airflow/example_dags/example_dynamic_task_mapping_with_no_taskflow_operators.py took 0.127 seconds
[2025-10-14T05:51:01.189+0000] {processor.py:161} INFO - Started process (PID=47343) to work on /home/airflow/.local/lib/python3.8/site-packages/airflow/example_dags/example_dynamic_task_mapping_with_no_taskflow_operators.py
[2025-10-14T05:51:01.191+0000] {processor.py:830} INFO - Processing file /home/airflow/.local/lib/python3.8/site-packages/airflow/example_dags/example_dynamic_task_mapping_with_no_taskflow_operators.py for tasks to queue
[2025-10-14T05:51:01.192+0000] {logging_mixin.py:188} INFO - [2025-10-14T05:51:01.192+0000] {dagbag.py:538} INFO - Filling up the DagBag from /home/airflow/.local/lib/python3.8/site-packages/airflow/example_dags/example_dynamic_task_mapping_with_no_taskflow_operators.py
[2025-10-14T05:51:01.203+0000] {processor.py:840} INFO - DAG(s) 'example_dynamic_task_mapping_with_no_taskflow_operators' retrieved from /home/airflow/.local/lib/python3.8/site-packages/airflow/example_dags/example_dynamic_task_mapping_with_no_taskflow_operators.py
[2025-10-14T05:51:01.236+0000] {logging_mixin.py:188} INFO - [2025-10-14T05:51:01.236+0000] {dag.py:3036} INFO - Sync 1 DAGs
[2025-10-14T05:51:01.273+0000] {logging_mixin.py:188} INFO - [2025-10-14T05:51:01.272+0000] {dag.py:3823} INFO - Setting next_dagrun for example_dynamic_task_mapping_with_no_taskflow_operators to 2025-10-13 00:00:00+00:00, run_after=2025-10-14 00:00:00+00:00
[2025-10-14T05:51:01.319+0000] {processor.py:183} INFO - Processing /home/airflow/.local/lib/python3.8/site-packages/airflow/example_dags/example_dynamic_task_mapping_with_no_taskflow_operators.py took 0.134 seconds
[2025-10-14T05:51:31.937+0000] {processor.py:161} INFO - Started process (PID=47411) to work on /home/airflow/.local/lib/python3.8/site-packages/airflow/example_dags/example_dynamic_task_mapping_with_no_taskflow_operators.py
[2025-10-14T05:51:31.939+0000] {processor.py:830} INFO - Processing file /home/airflow/.local/lib/python3.8/site-packages/airflow/example_dags/example_dynamic_task_mapping_with_no_taskflow_operators.py for tasks to queue
[2025-10-14T05:51:31.941+0000] {logging_mixin.py:188} INFO - [2025-10-14T05:51:31.941+0000] {dagbag.py:538} INFO - Filling up the DagBag from /home/airflow/.local/lib/python3.8/site-packages/airflow/example_dags/example_dynamic_task_mapping_with_no_taskflow_operators.py
[2025-10-14T05:51:31.957+0000] {processor.py:840} INFO - DAG(s) 'example_dynamic_task_mapping_with_no_taskflow_operators' retrieved from /home/airflow/.local/lib/python3.8/site-packages/airflow/example_dags/example_dynamic_task_mapping_with_no_taskflow_operators.py
[2025-10-14T05:51:32.002+0000] {logging_mixin.py:188} INFO - [2025-10-14T05:51:32.001+0000] {dag.py:3036} INFO - Sync 1 DAGs
[2025-10-14T05:51:32.051+0000] {logging_mixin.py:188} INFO - [2025-10-14T05:51:32.051+0000] {dag.py:3823} INFO - Setting next_dagrun for example_dynamic_task_mapping_with_no_taskflow_operators to 2025-10-13 00:00:00+00:00, run_after=2025-10-14 00:00:00+00:00
[2025-10-14T05:51:32.085+0000] {processor.py:183} INFO - Processing /home/airflow/.local/lib/python3.8/site-packages/airflow/example_dags/example_dynamic_task_mapping_with_no_taskflow_operators.py took 0.154 seconds
[2025-10-14T05:52:02.273+0000] {processor.py:161} INFO - Started process (PID=47481) to work on /home/airflow/.local/lib/python3.8/site-packages/airflow/example_dags/example_dynamic_task_mapping_with_no_taskflow_operators.py
[2025-10-14T05:52:02.274+0000] {processor.py:830} INFO - Processing file /home/airflow/.local/lib/python3.8/site-packages/airflow/example_dags/example_dynamic_task_mapping_with_no_taskflow_operators.py for tasks to queue
[2025-10-14T05:52:02.276+0000] {logging_mixin.py:188} INFO - [2025-10-14T05:52:02.275+0000] {dagbag.py:538} INFO - Filling up the DagBag from /home/airflow/.local/lib/python3.8/site-packages/airflow/example_dags/example_dynamic_task_mapping_with_no_taskflow_operators.py
[2025-10-14T05:52:02.297+0000] {processor.py:840} INFO - DAG(s) 'example_dynamic_task_mapping_with_no_taskflow_operators' retrieved from /home/airflow/.local/lib/python3.8/site-packages/airflow/example_dags/example_dynamic_task_mapping_with_no_taskflow_operators.py
[2025-10-14T05:52:02.325+0000] {logging_mixin.py:188} INFO - [2025-10-14T05:52:02.324+0000] {dag.py:3036} INFO - Sync 1 DAGs
[2025-10-14T05:52:02.351+0000] {logging_mixin.py:188} INFO - [2025-10-14T05:52:02.351+0000] {dag.py:3823} INFO - Setting next_dagrun for example_dynamic_task_mapping_with_no_taskflow_operators to 2025-10-13 00:00:00+00:00, run_after=2025-10-14 00:00:00+00:00
[2025-10-14T05:52:02.372+0000] {processor.py:183} INFO - Processing /home/airflow/.local/lib/python3.8/site-packages/airflow/example_dags/example_dynamic_task_mapping_with_no_taskflow_operators.py took 0.109 seconds
[2025-10-14T05:52:32.575+0000] {processor.py:161} INFO - Started process (PID=47550) to work on /home/airflow/.local/lib/python3.8/site-packages/airflow/example_dags/example_dynamic_task_mapping_with_no_taskflow_operators.py
[2025-10-14T05:52:32.576+0000] {processor.py:830} INFO - Processing file /home/airflow/.local/lib/python3.8/site-packages/airflow/example_dags/example_dynamic_task_mapping_with_no_taskflow_operators.py for tasks to queue
[2025-10-14T05:52:32.578+0000] {logging_mixin.py:188} INFO - [2025-10-14T05:52:32.577+0000] {dagbag.py:538} INFO - Filling up the DagBag from /home/airflow/.local/lib/python3.8/site-packages/airflow/example_dags/example_dynamic_task_mapping_with_no_taskflow_operators.py
[2025-10-14T05:52:32.586+0000] {processor.py:840} INFO - DAG(s) 'example_dynamic_task_mapping_with_no_taskflow_operators' retrieved from /home/airflow/.local/lib/python3.8/site-packages/airflow/example_dags/example_dynamic_task_mapping_with_no_taskflow_operators.py
[2025-10-14T05:52:32.617+0000] {logging_mixin.py:188} INFO - [2025-10-14T05:52:32.617+0000] {dag.py:3036} INFO - Sync 1 DAGs
[2025-10-14T05:52:32.650+0000] {logging_mixin.py:188} INFO - [2025-10-14T05:52:32.650+0000] {dag.py:3823} INFO - Setting next_dagrun for example_dynamic_task_mapping_with_no_taskflow_operators to 2025-10-13 00:00:00+00:00, run_after=2025-10-14 00:00:00+00:00
[2025-10-14T05:52:32.674+0000] {processor.py:183} INFO - Processing /home/airflow/.local/lib/python3.8/site-packages/airflow/example_dags/example_dynamic_task_mapping_with_no_taskflow_operators.py took 0.105 seconds
[2025-10-14T05:53:02.773+0000] {processor.py:161} INFO - Started process (PID=47620) to work on /home/airflow/.local/lib/python3.8/site-packages/airflow/example_dags/example_dynamic_task_mapping_with_no_taskflow_operators.py
[2025-10-14T05:53:02.774+0000] {processor.py:830} INFO - Processing file /home/airflow/.local/lib/python3.8/site-packages/airflow/example_dags/example_dynamic_task_mapping_with_no_taskflow_operators.py for tasks to queue
[2025-10-14T05:53:02.776+0000] {logging_mixin.py:188} INFO - [2025-10-14T05:53:02.775+0000] {dagbag.py:538} INFO - Filling up the DagBag from /home/airflow/.local/lib/python3.8/site-packages/airflow/example_dags/example_dynamic_task_mapping_with_no_taskflow_operators.py
[2025-10-14T05:53:02.785+0000] {processor.py:840} INFO - DAG(s) 'example_dynamic_task_mapping_with_no_taskflow_operators' retrieved from /home/airflow/.local/lib/python3.8/site-packages/airflow/example_dags/example_dynamic_task_mapping_with_no_taskflow_operators.py
[2025-10-14T05:53:02.811+0000] {logging_mixin.py:188} INFO - [2025-10-14T05:53:02.811+0000] {dag.py:3036} INFO - Sync 1 DAGs
[2025-10-14T05:53:02.837+0000] {logging_mixin.py:188} INFO - [2025-10-14T05:53:02.837+0000] {dag.py:3823} INFO - Setting next_dagrun for example_dynamic_task_mapping_with_no_taskflow_operators to 2025-10-13 00:00:00+00:00, run_after=2025-10-14 00:00:00+00:00
[2025-10-14T05:53:02.858+0000] {processor.py:183} INFO - Processing /home/airflow/.local/lib/python3.8/site-packages/airflow/example_dags/example_dynamic_task_mapping_with_no_taskflow_operators.py took 0.089 seconds
[2025-10-14T05:53:33.283+0000] {processor.py:161} INFO - Started process (PID=47690) to work on /home/airflow/.local/lib/python3.8/site-packages/airflow/example_dags/example_dynamic_task_mapping_with_no_taskflow_operators.py
[2025-10-14T05:53:33.284+0000] {processor.py:830} INFO - Processing file /home/airflow/.local/lib/python3.8/site-packages/airflow/example_dags/example_dynamic_task_mapping_with_no_taskflow_operators.py for tasks to queue
[2025-10-14T05:53:33.285+0000] {logging_mixin.py:188} INFO - [2025-10-14T05:53:33.285+0000] {dagbag.py:538} INFO - Filling up the DagBag from /home/airflow/.local/lib/python3.8/site-packages/airflow/example_dags/example_dynamic_task_mapping_with_no_taskflow_operators.py
[2025-10-14T05:53:33.294+0000] {processor.py:840} INFO - DAG(s) 'example_dynamic_task_mapping_with_no_taskflow_operators' retrieved from /home/airflow/.local/lib/python3.8/site-packages/airflow/example_dags/example_dynamic_task_mapping_with_no_taskflow_operators.py
[2025-10-14T05:53:33.322+0000] {logging_mixin.py:188} INFO - [2025-10-14T05:53:33.322+0000] {dag.py:3036} INFO - Sync 1 DAGs
[2025-10-14T05:53:33.355+0000] {logging_mixin.py:188} INFO - [2025-10-14T05:53:33.355+0000] {dag.py:3823} INFO - Setting next_dagrun for example_dynamic_task_mapping_with_no_taskflow_operators to 2025-10-13 00:00:00+00:00, run_after=2025-10-14 00:00:00+00:00
[2025-10-14T05:53:33.381+0000] {processor.py:183} INFO - Processing /home/airflow/.local/lib/python3.8/site-packages/airflow/example_dags/example_dynamic_task_mapping_with_no_taskflow_operators.py took 0.103 seconds
[2025-10-14T05:54:03.454+0000] {processor.py:161} INFO - Started process (PID=47760) to work on /home/airflow/.local/lib/python3.8/site-packages/airflow/example_dags/example_dynamic_task_mapping_with_no_taskflow_operators.py
[2025-10-14T05:54:03.455+0000] {processor.py:830} INFO - Processing file /home/airflow/.local/lib/python3.8/site-packages/airflow/example_dags/example_dynamic_task_mapping_with_no_taskflow_operators.py for tasks to queue
[2025-10-14T05:54:03.457+0000] {logging_mixin.py:188} INFO - [2025-10-14T05:54:03.456+0000] {dagbag.py:538} INFO - Filling up the DagBag from /home/airflow/.local/lib/python3.8/site-packages/airflow/example_dags/example_dynamic_task_mapping_with_no_taskflow_operators.py
[2025-10-14T05:54:03.467+0000] {processor.py:840} INFO - DAG(s) 'example_dynamic_task_mapping_with_no_taskflow_operators' retrieved from /home/airflow/.local/lib/python3.8/site-packages/airflow/example_dags/example_dynamic_task_mapping_with_no_taskflow_operators.py
[2025-10-14T05:54:03.500+0000] {logging_mixin.py:188} INFO - [2025-10-14T05:54:03.500+0000] {dag.py:3036} INFO - Sync 1 DAGs
[2025-10-14T05:54:03.532+0000] {logging_mixin.py:188} INFO - [2025-10-14T05:54:03.531+0000] {dag.py:3823} INFO - Setting next_dagrun for example_dynamic_task_mapping_with_no_taskflow_operators to 2025-10-13 00:00:00+00:00, run_after=2025-10-14 00:00:00+00:00
[2025-10-14T05:54:03.556+0000] {processor.py:183} INFO - Processing /home/airflow/.local/lib/python3.8/site-packages/airflow/example_dags/example_dynamic_task_mapping_with_no_taskflow_operators.py took 0.106 seconds
[2025-10-14T05:54:33.916+0000] {processor.py:161} INFO - Started process (PID=47830) to work on /home/airflow/.local/lib/python3.8/site-packages/airflow/example_dags/example_dynamic_task_mapping_with_no_taskflow_operators.py
[2025-10-14T05:54:33.917+0000] {processor.py:830} INFO - Processing file /home/airflow/.local/lib/python3.8/site-packages/airflow/example_dags/example_dynamic_task_mapping_with_no_taskflow_operators.py for tasks to queue
[2025-10-14T05:54:33.918+0000] {logging_mixin.py:188} INFO - [2025-10-14T05:54:33.918+0000] {dagbag.py:538} INFO - Filling up the DagBag from /home/airflow/.local/lib/python3.8/site-packages/airflow/example_dags/example_dynamic_task_mapping_with_no_taskflow_operators.py
[2025-10-14T05:54:33.926+0000] {processor.py:840} INFO - DAG(s) 'example_dynamic_task_mapping_with_no_taskflow_operators' retrieved from /home/airflow/.local/lib/python3.8/site-packages/airflow/example_dags/example_dynamic_task_mapping_with_no_taskflow_operators.py
[2025-10-14T05:54:33.955+0000] {logging_mixin.py:188} INFO - [2025-10-14T05:54:33.955+0000] {dag.py:3036} INFO - Sync 1 DAGs
[2025-10-14T05:54:34.001+0000] {logging_mixin.py:188} INFO - [2025-10-14T05:54:34.001+0000] {dag.py:3823} INFO - Setting next_dagrun for example_dynamic_task_mapping_with_no_taskflow_operators to 2025-10-13 00:00:00+00:00, run_after=2025-10-14 00:00:00+00:00
[2025-10-14T05:54:34.029+0000] {processor.py:183} INFO - Processing /home/airflow/.local/lib/python3.8/site-packages/airflow/example_dags/example_dynamic_task_mapping_with_no_taskflow_operators.py took 0.118 seconds
[2025-10-14T05:55:04.076+0000] {processor.py:161} INFO - Started process (PID=47899) to work on /home/airflow/.local/lib/python3.8/site-packages/airflow/example_dags/example_dynamic_task_mapping_with_no_taskflow_operators.py
[2025-10-14T05:55:04.077+0000] {processor.py:830} INFO - Processing file /home/airflow/.local/lib/python3.8/site-packages/airflow/example_dags/example_dynamic_task_mapping_with_no_taskflow_operators.py for tasks to queue
[2025-10-14T05:55:04.078+0000] {logging_mixin.py:188} INFO - [2025-10-14T05:55:04.078+0000] {dagbag.py:538} INFO - Filling up the DagBag from /home/airflow/.local/lib/python3.8/site-packages/airflow/example_dags/example_dynamic_task_mapping_with_no_taskflow_operators.py
[2025-10-14T05:55:04.087+0000] {processor.py:840} INFO - DAG(s) 'example_dynamic_task_mapping_with_no_taskflow_operators' retrieved from /home/airflow/.local/lib/python3.8/site-packages/airflow/example_dags/example_dynamic_task_mapping_with_no_taskflow_operators.py
[2025-10-14T05:55:04.120+0000] {logging_mixin.py:188} INFO - [2025-10-14T05:55:04.120+0000] {dag.py:3036} INFO - Sync 1 DAGs
[2025-10-14T05:55:04.168+0000] {logging_mixin.py:188} INFO - [2025-10-14T05:55:04.168+0000] {dag.py:3823} INFO - Setting next_dagrun for example_dynamic_task_mapping_with_no_taskflow_operators to 2025-10-13 00:00:00+00:00, run_after=2025-10-14 00:00:00+00:00
[2025-10-14T05:55:04.201+0000] {processor.py:183} INFO - Processing /home/airflow/.local/lib/python3.8/site-packages/airflow/example_dags/example_dynamic_task_mapping_with_no_taskflow_operators.py took 0.130 seconds
[2025-10-14T05:55:34.380+0000] {processor.py:161} INFO - Started process (PID=47970) to work on /home/airflow/.local/lib/python3.8/site-packages/airflow/example_dags/example_dynamic_task_mapping_with_no_taskflow_operators.py
[2025-10-14T05:55:34.381+0000] {processor.py:830} INFO - Processing file /home/airflow/.local/lib/python3.8/site-packages/airflow/example_dags/example_dynamic_task_mapping_with_no_taskflow_operators.py for tasks to queue
[2025-10-14T05:55:34.382+0000] {logging_mixin.py:188} INFO - [2025-10-14T05:55:34.382+0000] {dagbag.py:538} INFO - Filling up the DagBag from /home/airflow/.local/lib/python3.8/site-packages/airflow/example_dags/example_dynamic_task_mapping_with_no_taskflow_operators.py
[2025-10-14T05:55:34.391+0000] {processor.py:840} INFO - DAG(s) 'example_dynamic_task_mapping_with_no_taskflow_operators' retrieved from /home/airflow/.local/lib/python3.8/site-packages/airflow/example_dags/example_dynamic_task_mapping_with_no_taskflow_operators.py
[2025-10-14T05:55:34.419+0000] {logging_mixin.py:188} INFO - [2025-10-14T05:55:34.418+0000] {dag.py:3036} INFO - Sync 1 DAGs
[2025-10-14T05:55:34.445+0000] {logging_mixin.py:188} INFO - [2025-10-14T05:55:34.445+0000] {dag.py:3823} INFO - Setting next_dagrun for example_dynamic_task_mapping_with_no_taskflow_operators to 2025-10-13 00:00:00+00:00, run_after=2025-10-14 00:00:00+00:00
[2025-10-14T05:55:34.467+0000] {processor.py:183} INFO - Processing /home/airflow/.local/lib/python3.8/site-packages/airflow/example_dags/example_dynamic_task_mapping_with_no_taskflow_operators.py took 0.092 seconds
[2025-10-14T05:56:04.804+0000] {processor.py:161} INFO - Started process (PID=48040) to work on /home/airflow/.local/lib/python3.8/site-packages/airflow/example_dags/example_dynamic_task_mapping_with_no_taskflow_operators.py
[2025-10-14T05:56:04.806+0000] {processor.py:830} INFO - Processing file /home/airflow/.local/lib/python3.8/site-packages/airflow/example_dags/example_dynamic_task_mapping_with_no_taskflow_operators.py for tasks to queue
[2025-10-14T05:56:04.807+0000] {logging_mixin.py:188} INFO - [2025-10-14T05:56:04.807+0000] {dagbag.py:538} INFO - Filling up the DagBag from /home/airflow/.local/lib/python3.8/site-packages/airflow/example_dags/example_dynamic_task_mapping_with_no_taskflow_operators.py
[2025-10-14T05:56:04.815+0000] {processor.py:840} INFO - DAG(s) 'example_dynamic_task_mapping_with_no_taskflow_operators' retrieved from /home/airflow/.local/lib/python3.8/site-packages/airflow/example_dags/example_dynamic_task_mapping_with_no_taskflow_operators.py
[2025-10-14T05:56:04.843+0000] {logging_mixin.py:188} INFO - [2025-10-14T05:56:04.843+0000] {dag.py:3036} INFO - Sync 1 DAGs
[2025-10-14T05:56:04.869+0000] {logging_mixin.py:188} INFO - [2025-10-14T05:56:04.869+0000] {dag.py:3823} INFO - Setting next_dagrun for example_dynamic_task_mapping_with_no_taskflow_operators to 2025-10-13 00:00:00+00:00, run_after=2025-10-14 00:00:00+00:00
[2025-10-14T05:56:04.892+0000] {processor.py:183} INFO - Processing /home/airflow/.local/lib/python3.8/site-packages/airflow/example_dags/example_dynamic_task_mapping_with_no_taskflow_operators.py took 0.092 seconds
[2025-10-14T05:56:35.411+0000] {processor.py:161} INFO - Started process (PID=48110) to work on /home/airflow/.local/lib/python3.8/site-packages/airflow/example_dags/example_dynamic_task_mapping_with_no_taskflow_operators.py
[2025-10-14T05:56:35.413+0000] {processor.py:830} INFO - Processing file /home/airflow/.local/lib/python3.8/site-packages/airflow/example_dags/example_dynamic_task_mapping_with_no_taskflow_operators.py for tasks to queue
[2025-10-14T05:56:35.415+0000] {logging_mixin.py:188} INFO - [2025-10-14T05:56:35.414+0000] {dagbag.py:538} INFO - Filling up the DagBag from /home/airflow/.local/lib/python3.8/site-packages/airflow/example_dags/example_dynamic_task_mapping_with_no_taskflow_operators.py
[2025-10-14T05:56:35.424+0000] {processor.py:840} INFO - DAG(s) 'example_dynamic_task_mapping_with_no_taskflow_operators' retrieved from /home/airflow/.local/lib/python3.8/site-packages/airflow/example_dags/example_dynamic_task_mapping_with_no_taskflow_operators.py
[2025-10-14T05:56:35.453+0000] {logging_mixin.py:188} INFO - [2025-10-14T05:56:35.453+0000] {dag.py:3036} INFO - Sync 1 DAGs
[2025-10-14T05:56:35.485+0000] {logging_mixin.py:188} INFO - [2025-10-14T05:56:35.484+0000] {dag.py:3823} INFO - Setting next_dagrun for example_dynamic_task_mapping_with_no_taskflow_operators to 2025-10-13 00:00:00+00:00, run_after=2025-10-14 00:00:00+00:00
[2025-10-14T05:56:35.508+0000] {processor.py:183} INFO - Processing /home/airflow/.local/lib/python3.8/site-packages/airflow/example_dags/example_dynamic_task_mapping_with_no_taskflow_operators.py took 0.101 seconds
[2025-10-14T05:57:05.794+0000] {processor.py:161} INFO - Started process (PID=48180) to work on /home/airflow/.local/lib/python3.8/site-packages/airflow/example_dags/example_dynamic_task_mapping_with_no_taskflow_operators.py
[2025-10-14T05:57:05.795+0000] {processor.py:830} INFO - Processing file /home/airflow/.local/lib/python3.8/site-packages/airflow/example_dags/example_dynamic_task_mapping_with_no_taskflow_operators.py for tasks to queue
[2025-10-14T05:57:05.796+0000] {logging_mixin.py:188} INFO - [2025-10-14T05:57:05.796+0000] {dagbag.py:538} INFO - Filling up the DagBag from /home/airflow/.local/lib/python3.8/site-packages/airflow/example_dags/example_dynamic_task_mapping_with_no_taskflow_operators.py
[2025-10-14T05:57:05.804+0000] {processor.py:840} INFO - DAG(s) 'example_dynamic_task_mapping_with_no_taskflow_operators' retrieved from /home/airflow/.local/lib/python3.8/site-packages/airflow/example_dags/example_dynamic_task_mapping_with_no_taskflow_operators.py
[2025-10-14T05:57:05.830+0000] {logging_mixin.py:188} INFO - [2025-10-14T05:57:05.830+0000] {dag.py:3036} INFO - Sync 1 DAGs
[2025-10-14T05:57:05.857+0000] {logging_mixin.py:188} INFO - [2025-10-14T05:57:05.857+0000] {dag.py:3823} INFO - Setting next_dagrun for example_dynamic_task_mapping_with_no_taskflow_operators to 2025-10-13 00:00:00+00:00, run_after=2025-10-14 00:00:00+00:00
[2025-10-14T05:57:05.880+0000] {processor.py:183} INFO - Processing /home/airflow/.local/lib/python3.8/site-packages/airflow/example_dags/example_dynamic_task_mapping_with_no_taskflow_operators.py took 0.090 seconds
[2025-10-14T05:57:36.378+0000] {processor.py:161} INFO - Started process (PID=48249) to work on /home/airflow/.local/lib/python3.8/site-packages/airflow/example_dags/example_dynamic_task_mapping_with_no_taskflow_operators.py
[2025-10-14T05:57:36.379+0000] {processor.py:830} INFO - Processing file /home/airflow/.local/lib/python3.8/site-packages/airflow/example_dags/example_dynamic_task_mapping_with_no_taskflow_operators.py for tasks to queue
[2025-10-14T05:57:36.381+0000] {logging_mixin.py:188} INFO - [2025-10-14T05:57:36.380+0000] {dagbag.py:538} INFO - Filling up the DagBag from /home/airflow/.local/lib/python3.8/site-packages/airflow/example_dags/example_dynamic_task_mapping_with_no_taskflow_operators.py
[2025-10-14T05:57:36.389+0000] {processor.py:840} INFO - DAG(s) 'example_dynamic_task_mapping_with_no_taskflow_operators' retrieved from /home/airflow/.local/lib/python3.8/site-packages/airflow/example_dags/example_dynamic_task_mapping_with_no_taskflow_operators.py
[2025-10-14T05:57:36.417+0000] {logging_mixin.py:188} INFO - [2025-10-14T05:57:36.417+0000] {dag.py:3036} INFO - Sync 1 DAGs
[2025-10-14T05:57:36.445+0000] {logging_mixin.py:188} INFO - [2025-10-14T05:57:36.444+0000] {dag.py:3823} INFO - Setting next_dagrun for example_dynamic_task_mapping_with_no_taskflow_operators to 2025-10-13 00:00:00+00:00, run_after=2025-10-14 00:00:00+00:00
[2025-10-14T05:57:36.475+0000] {processor.py:183} INFO - Processing /home/airflow/.local/lib/python3.8/site-packages/airflow/example_dags/example_dynamic_task_mapping_with_no_taskflow_operators.py took 0.101 seconds
[2025-10-14T05:58:06.609+0000] {processor.py:161} INFO - Started process (PID=48318) to work on /home/airflow/.local/lib/python3.8/site-packages/airflow/example_dags/example_dynamic_task_mapping_with_no_taskflow_operators.py
[2025-10-14T05:58:06.611+0000] {processor.py:830} INFO - Processing file /home/airflow/.local/lib/python3.8/site-packages/airflow/example_dags/example_dynamic_task_mapping_with_no_taskflow_operators.py for tasks to queue
[2025-10-14T05:58:06.613+0000] {logging_mixin.py:188} INFO - [2025-10-14T05:58:06.613+0000] {dagbag.py:538} INFO - Filling up the DagBag from /home/airflow/.local/lib/python3.8/site-packages/airflow/example_dags/example_dynamic_task_mapping_with_no_taskflow_operators.py
[2025-10-14T05:58:06.627+0000] {processor.py:840} INFO - DAG(s) 'example_dynamic_task_mapping_with_no_taskflow_operators' retrieved from /home/airflow/.local/lib/python3.8/site-packages/airflow/example_dags/example_dynamic_task_mapping_with_no_taskflow_operators.py
[2025-10-14T05:58:06.666+0000] {logging_mixin.py:188} INFO - [2025-10-14T05:58:06.666+0000] {dag.py:3036} INFO - Sync 1 DAGs
[2025-10-14T05:58:06.696+0000] {logging_mixin.py:188} INFO - [2025-10-14T05:58:06.696+0000] {dag.py:3823} INFO - Setting next_dagrun for example_dynamic_task_mapping_with_no_taskflow_operators to 2025-10-13 00:00:00+00:00, run_after=2025-10-14 00:00:00+00:00
[2025-10-14T05:58:06.718+0000] {processor.py:183} INFO - Processing /home/airflow/.local/lib/python3.8/site-packages/airflow/example_dags/example_dynamic_task_mapping_with_no_taskflow_operators.py took 0.115 seconds
[2025-10-14T05:58:36.781+0000] {processor.py:161} INFO - Started process (PID=48387) to work on /home/airflow/.local/lib/python3.8/site-packages/airflow/example_dags/example_dynamic_task_mapping_with_no_taskflow_operators.py
[2025-10-14T05:58:36.782+0000] {processor.py:830} INFO - Processing file /home/airflow/.local/lib/python3.8/site-packages/airflow/example_dags/example_dynamic_task_mapping_with_no_taskflow_operators.py for tasks to queue
[2025-10-14T05:58:36.783+0000] {logging_mixin.py:188} INFO - [2025-10-14T05:58:36.783+0000] {dagbag.py:538} INFO - Filling up the DagBag from /home/airflow/.local/lib/python3.8/site-packages/airflow/example_dags/example_dynamic_task_mapping_with_no_taskflow_operators.py
[2025-10-14T05:58:36.793+0000] {processor.py:840} INFO - DAG(s) 'example_dynamic_task_mapping_with_no_taskflow_operators' retrieved from /home/airflow/.local/lib/python3.8/site-packages/airflow/example_dags/example_dynamic_task_mapping_with_no_taskflow_operators.py
[2025-10-14T05:58:36.820+0000] {logging_mixin.py:188} INFO - [2025-10-14T05:58:36.820+0000] {dag.py:3036} INFO - Sync 1 DAGs
[2025-10-14T05:58:36.846+0000] {logging_mixin.py:188} INFO - [2025-10-14T05:58:36.846+0000] {dag.py:3823} INFO - Setting next_dagrun for example_dynamic_task_mapping_with_no_taskflow_operators to 2025-10-13 00:00:00+00:00, run_after=2025-10-14 00:00:00+00:00
[2025-10-14T05:58:36.869+0000] {processor.py:183} INFO - Processing /home/airflow/.local/lib/python3.8/site-packages/airflow/example_dags/example_dynamic_task_mapping_with_no_taskflow_operators.py took 0.091 seconds
[2025-10-14T05:59:07.130+0000] {processor.py:161} INFO - Started process (PID=48457) to work on /home/airflow/.local/lib/python3.8/site-packages/airflow/example_dags/example_dynamic_task_mapping_with_no_taskflow_operators.py
[2025-10-14T05:59:07.131+0000] {processor.py:830} INFO - Processing file /home/airflow/.local/lib/python3.8/site-packages/airflow/example_dags/example_dynamic_task_mapping_with_no_taskflow_operators.py for tasks to queue
[2025-10-14T05:59:07.133+0000] {logging_mixin.py:188} INFO - [2025-10-14T05:59:07.132+0000] {dagbag.py:538} INFO - Filling up the DagBag from /home/airflow/.local/lib/python3.8/site-packages/airflow/example_dags/example_dynamic_task_mapping_with_no_taskflow_operators.py
[2025-10-14T05:59:07.142+0000] {processor.py:840} INFO - DAG(s) 'example_dynamic_task_mapping_with_no_taskflow_operators' retrieved from /home/airflow/.local/lib/python3.8/site-packages/airflow/example_dags/example_dynamic_task_mapping_with_no_taskflow_operators.py
[2025-10-14T05:59:07.168+0000] {logging_mixin.py:188} INFO - [2025-10-14T05:59:07.168+0000] {dag.py:3036} INFO - Sync 1 DAGs
[2025-10-14T05:59:07.193+0000] {logging_mixin.py:188} INFO - [2025-10-14T05:59:07.193+0000] {dag.py:3823} INFO - Setting next_dagrun for example_dynamic_task_mapping_with_no_taskflow_operators to 2025-10-13 00:00:00+00:00, run_after=2025-10-14 00:00:00+00:00
[2025-10-14T05:59:07.215+0000] {processor.py:183} INFO - Processing /home/airflow/.local/lib/python3.8/site-packages/airflow/example_dags/example_dynamic_task_mapping_with_no_taskflow_operators.py took 0.089 seconds
[2025-10-14T05:59:37.547+0000] {processor.py:161} INFO - Started process (PID=48527) to work on /home/airflow/.local/lib/python3.8/site-packages/airflow/example_dags/example_dynamic_task_mapping_with_no_taskflow_operators.py
[2025-10-14T05:59:37.548+0000] {processor.py:830} INFO - Processing file /home/airflow/.local/lib/python3.8/site-packages/airflow/example_dags/example_dynamic_task_mapping_with_no_taskflow_operators.py for tasks to queue
[2025-10-14T05:59:37.549+0000] {logging_mixin.py:188} INFO - [2025-10-14T05:59:37.549+0000] {dagbag.py:538} INFO - Filling up the DagBag from /home/airflow/.local/lib/python3.8/site-packages/airflow/example_dags/example_dynamic_task_mapping_with_no_taskflow_operators.py
[2025-10-14T05:59:37.558+0000] {processor.py:840} INFO - DAG(s) 'example_dynamic_task_mapping_with_no_taskflow_operators' retrieved from /home/airflow/.local/lib/python3.8/site-packages/airflow/example_dags/example_dynamic_task_mapping_with_no_taskflow_operators.py
[2025-10-14T05:59:37.584+0000] {logging_mixin.py:188} INFO - [2025-10-14T05:59:37.584+0000] {dag.py:3036} INFO - Sync 1 DAGs
[2025-10-14T05:59:37.609+0000] {logging_mixin.py:188} INFO - [2025-10-14T05:59:37.609+0000] {dag.py:3823} INFO - Setting next_dagrun for example_dynamic_task_mapping_with_no_taskflow_operators to 2025-10-13 00:00:00+00:00, run_after=2025-10-14 00:00:00+00:00
[2025-10-14T05:59:37.631+0000] {processor.py:183} INFO - Processing /home/airflow/.local/lib/python3.8/site-packages/airflow/example_dags/example_dynamic_task_mapping_with_no_taskflow_operators.py took 0.087 seconds
[2025-10-14T06:00:08.232+0000] {processor.py:161} INFO - Started process (PID=48603) to work on /home/airflow/.local/lib/python3.8/site-packages/airflow/example_dags/example_dynamic_task_mapping_with_no_taskflow_operators.py
[2025-10-14T06:00:08.233+0000] {processor.py:830} INFO - Processing file /home/airflow/.local/lib/python3.8/site-packages/airflow/example_dags/example_dynamic_task_mapping_with_no_taskflow_operators.py for tasks to queue
[2025-10-14T06:00:08.234+0000] {logging_mixin.py:188} INFO - [2025-10-14T06:00:08.234+0000] {dagbag.py:538} INFO - Filling up the DagBag from /home/airflow/.local/lib/python3.8/site-packages/airflow/example_dags/example_dynamic_task_mapping_with_no_taskflow_operators.py
[2025-10-14T06:00:08.244+0000] {processor.py:840} INFO - DAG(s) 'example_dynamic_task_mapping_with_no_taskflow_operators' retrieved from /home/airflow/.local/lib/python3.8/site-packages/airflow/example_dags/example_dynamic_task_mapping_with_no_taskflow_operators.py
[2025-10-14T06:00:08.272+0000] {logging_mixin.py:188} INFO - [2025-10-14T06:00:08.271+0000] {dag.py:3036} INFO - Sync 1 DAGs
[2025-10-14T06:00:08.451+0000] {logging_mixin.py:188} INFO - [2025-10-14T06:00:08.451+0000] {dag.py:3823} INFO - Setting next_dagrun for example_dynamic_task_mapping_with_no_taskflow_operators to 2025-10-13 00:00:00+00:00, run_after=2025-10-14 00:00:00+00:00
[2025-10-14T06:00:08.473+0000] {processor.py:183} INFO - Processing /home/airflow/.local/lib/python3.8/site-packages/airflow/example_dags/example_dynamic_task_mapping_with_no_taskflow_operators.py took 0.245 seconds
[2025-10-14T06:00:38.625+0000] {processor.py:161} INFO - Started process (PID=48672) to work on /home/airflow/.local/lib/python3.8/site-packages/airflow/example_dags/example_dynamic_task_mapping_with_no_taskflow_operators.py
[2025-10-14T06:00:38.627+0000] {processor.py:830} INFO - Processing file /home/airflow/.local/lib/python3.8/site-packages/airflow/example_dags/example_dynamic_task_mapping_with_no_taskflow_operators.py for tasks to queue
[2025-10-14T06:00:38.629+0000] {logging_mixin.py:188} INFO - [2025-10-14T06:00:38.628+0000] {dagbag.py:538} INFO - Filling up the DagBag from /home/airflow/.local/lib/python3.8/site-packages/airflow/example_dags/example_dynamic_task_mapping_with_no_taskflow_operators.py
[2025-10-14T06:00:38.642+0000] {processor.py:840} INFO - DAG(s) 'example_dynamic_task_mapping_with_no_taskflow_operators' retrieved from /home/airflow/.local/lib/python3.8/site-packages/airflow/example_dags/example_dynamic_task_mapping_with_no_taskflow_operators.py
[2025-10-14T06:00:38.675+0000] {logging_mixin.py:188} INFO - [2025-10-14T06:00:38.675+0000] {dag.py:3036} INFO - Sync 1 DAGs
[2025-10-14T06:00:38.897+0000] {logging_mixin.py:188} INFO - [2025-10-14T06:00:38.897+0000] {dag.py:3823} INFO - Setting next_dagrun for example_dynamic_task_mapping_with_no_taskflow_operators to 2025-10-13 00:00:00+00:00, run_after=2025-10-14 00:00:00+00:00
[2025-10-14T06:00:38.918+0000] {processor.py:183} INFO - Processing /home/airflow/.local/lib/python3.8/site-packages/airflow/example_dags/example_dynamic_task_mapping_with_no_taskflow_operators.py took 0.296 seconds
[2025-10-14T06:01:09.346+0000] {processor.py:161} INFO - Started process (PID=48741) to work on /home/airflow/.local/lib/python3.8/site-packages/airflow/example_dags/example_dynamic_task_mapping_with_no_taskflow_operators.py
[2025-10-14T06:01:09.348+0000] {processor.py:830} INFO - Processing file /home/airflow/.local/lib/python3.8/site-packages/airflow/example_dags/example_dynamic_task_mapping_with_no_taskflow_operators.py for tasks to queue
[2025-10-14T06:01:09.349+0000] {logging_mixin.py:188} INFO - [2025-10-14T06:01:09.349+0000] {dagbag.py:538} INFO - Filling up the DagBag from /home/airflow/.local/lib/python3.8/site-packages/airflow/example_dags/example_dynamic_task_mapping_with_no_taskflow_operators.py
[2025-10-14T06:01:09.358+0000] {processor.py:840} INFO - DAG(s) 'example_dynamic_task_mapping_with_no_taskflow_operators' retrieved from /home/airflow/.local/lib/python3.8/site-packages/airflow/example_dags/example_dynamic_task_mapping_with_no_taskflow_operators.py
[2025-10-14T06:01:09.389+0000] {logging_mixin.py:188} INFO - [2025-10-14T06:01:09.388+0000] {dag.py:3036} INFO - Sync 1 DAGs
[2025-10-14T06:01:09.416+0000] {logging_mixin.py:188} INFO - [2025-10-14T06:01:09.416+0000] {dag.py:3823} INFO - Setting next_dagrun for example_dynamic_task_mapping_with_no_taskflow_operators to 2025-10-13 00:00:00+00:00, run_after=2025-10-14 00:00:00+00:00
[2025-10-14T06:01:09.440+0000] {processor.py:183} INFO - Processing /home/airflow/.local/lib/python3.8/site-packages/airflow/example_dags/example_dynamic_task_mapping_with_no_taskflow_operators.py took 0.098 seconds
[2025-10-14T06:01:39.905+0000] {processor.py:161} INFO - Started process (PID=48812) to work on /home/airflow/.local/lib/python3.8/site-packages/airflow/example_dags/example_dynamic_task_mapping_with_no_taskflow_operators.py
[2025-10-14T06:01:39.906+0000] {processor.py:830} INFO - Processing file /home/airflow/.local/lib/python3.8/site-packages/airflow/example_dags/example_dynamic_task_mapping_with_no_taskflow_operators.py for tasks to queue
[2025-10-14T06:01:39.908+0000] {logging_mixin.py:188} INFO - [2025-10-14T06:01:39.907+0000] {dagbag.py:538} INFO - Filling up the DagBag from /home/airflow/.local/lib/python3.8/site-packages/airflow/example_dags/example_dynamic_task_mapping_with_no_taskflow_operators.py
[2025-10-14T06:01:39.919+0000] {processor.py:840} INFO - DAG(s) 'example_dynamic_task_mapping_with_no_taskflow_operators' retrieved from /home/airflow/.local/lib/python3.8/site-packages/airflow/example_dags/example_dynamic_task_mapping_with_no_taskflow_operators.py
[2025-10-14T06:01:39.950+0000] {logging_mixin.py:188} INFO - [2025-10-14T06:01:39.949+0000] {dag.py:3036} INFO - Sync 1 DAGs
[2025-10-14T06:01:39.982+0000] {logging_mixin.py:188} INFO - [2025-10-14T06:01:39.982+0000] {dag.py:3823} INFO - Setting next_dagrun for example_dynamic_task_mapping_with_no_taskflow_operators to 2025-10-13 00:00:00+00:00, run_after=2025-10-14 00:00:00+00:00
[2025-10-14T06:01:40.009+0000] {processor.py:183} INFO - Processing /home/airflow/.local/lib/python3.8/site-packages/airflow/example_dags/example_dynamic_task_mapping_with_no_taskflow_operators.py took 0.108 seconds
[2025-10-14T06:02:10.404+0000] {processor.py:161} INFO - Started process (PID=48882) to work on /home/airflow/.local/lib/python3.8/site-packages/airflow/example_dags/example_dynamic_task_mapping_with_no_taskflow_operators.py
[2025-10-14T06:02:10.406+0000] {processor.py:830} INFO - Processing file /home/airflow/.local/lib/python3.8/site-packages/airflow/example_dags/example_dynamic_task_mapping_with_no_taskflow_operators.py for tasks to queue
[2025-10-14T06:02:10.407+0000] {logging_mixin.py:188} INFO - [2025-10-14T06:02:10.407+0000] {dagbag.py:538} INFO - Filling up the DagBag from /home/airflow/.local/lib/python3.8/site-packages/airflow/example_dags/example_dynamic_task_mapping_with_no_taskflow_operators.py
[2025-10-14T06:02:10.417+0000] {processor.py:840} INFO - DAG(s) 'example_dynamic_task_mapping_with_no_taskflow_operators' retrieved from /home/airflow/.local/lib/python3.8/site-packages/airflow/example_dags/example_dynamic_task_mapping_with_no_taskflow_operators.py
[2025-10-14T06:02:10.446+0000] {logging_mixin.py:188} INFO - [2025-10-14T06:02:10.446+0000] {dag.py:3036} INFO - Sync 1 DAGs
[2025-10-14T06:02:10.474+0000] {logging_mixin.py:188} INFO - [2025-10-14T06:02:10.473+0000] {dag.py:3823} INFO - Setting next_dagrun for example_dynamic_task_mapping_with_no_taskflow_operators to 2025-10-13 00:00:00+00:00, run_after=2025-10-14 00:00:00+00:00
[2025-10-14T06:02:10.500+0000] {processor.py:183} INFO - Processing /home/airflow/.local/lib/python3.8/site-packages/airflow/example_dags/example_dynamic_task_mapping_with_no_taskflow_operators.py took 0.099 seconds
[2025-10-14T06:02:40.617+0000] {processor.py:161} INFO - Started process (PID=48952) to work on /home/airflow/.local/lib/python3.8/site-packages/airflow/example_dags/example_dynamic_task_mapping_with_no_taskflow_operators.py
[2025-10-14T06:02:40.619+0000] {processor.py:830} INFO - Processing file /home/airflow/.local/lib/python3.8/site-packages/airflow/example_dags/example_dynamic_task_mapping_with_no_taskflow_operators.py for tasks to queue
[2025-10-14T06:02:40.620+0000] {logging_mixin.py:188} INFO - [2025-10-14T06:02:40.620+0000] {dagbag.py:538} INFO - Filling up the DagBag from /home/airflow/.local/lib/python3.8/site-packages/airflow/example_dags/example_dynamic_task_mapping_with_no_taskflow_operators.py
[2025-10-14T06:02:40.629+0000] {processor.py:840} INFO - DAG(s) 'example_dynamic_task_mapping_with_no_taskflow_operators' retrieved from /home/airflow/.local/lib/python3.8/site-packages/airflow/example_dags/example_dynamic_task_mapping_with_no_taskflow_operators.py
[2025-10-14T06:02:40.659+0000] {logging_mixin.py:188} INFO - [2025-10-14T06:02:40.659+0000] {dag.py:3036} INFO - Sync 1 DAGs
[2025-10-14T06:02:40.691+0000] {logging_mixin.py:188} INFO - [2025-10-14T06:02:40.691+0000] {dag.py:3823} INFO - Setting next_dagrun for example_dynamic_task_mapping_with_no_taskflow_operators to 2025-10-13 00:00:00+00:00, run_after=2025-10-14 00:00:00+00:00
[2025-10-14T06:02:40.717+0000] {processor.py:183} INFO - Processing /home/airflow/.local/lib/python3.8/site-packages/airflow/example_dags/example_dynamic_task_mapping_with_no_taskflow_operators.py took 0.106 seconds
[2025-10-14T06:03:11.100+0000] {processor.py:161} INFO - Started process (PID=49022) to work on /home/airflow/.local/lib/python3.8/site-packages/airflow/example_dags/example_dynamic_task_mapping_with_no_taskflow_operators.py
[2025-10-14T06:03:11.101+0000] {processor.py:830} INFO - Processing file /home/airflow/.local/lib/python3.8/site-packages/airflow/example_dags/example_dynamic_task_mapping_with_no_taskflow_operators.py for tasks to queue
[2025-10-14T06:03:11.103+0000] {logging_mixin.py:188} INFO - [2025-10-14T06:03:11.103+0000] {dagbag.py:538} INFO - Filling up the DagBag from /home/airflow/.local/lib/python3.8/site-packages/airflow/example_dags/example_dynamic_task_mapping_with_no_taskflow_operators.py
[2025-10-14T06:03:11.112+0000] {processor.py:840} INFO - DAG(s) 'example_dynamic_task_mapping_with_no_taskflow_operators' retrieved from /home/airflow/.local/lib/python3.8/site-packages/airflow/example_dags/example_dynamic_task_mapping_with_no_taskflow_operators.py
[2025-10-14T06:03:11.177+0000] {logging_mixin.py:188} INFO - [2025-10-14T06:03:11.177+0000] {dag.py:3036} INFO - Sync 1 DAGs
[2025-10-14T06:03:11.207+0000] {logging_mixin.py:188} INFO - [2025-10-14T06:03:11.206+0000] {dag.py:3823} INFO - Setting next_dagrun for example_dynamic_task_mapping_with_no_taskflow_operators to 2025-10-13 00:00:00+00:00, run_after=2025-10-14 00:00:00+00:00
[2025-10-14T06:03:11.232+0000] {processor.py:183} INFO - Processing /home/airflow/.local/lib/python3.8/site-packages/airflow/example_dags/example_dynamic_task_mapping_with_no_taskflow_operators.py took 0.135 seconds
[2025-10-14T06:03:42.023+0000] {processor.py:161} INFO - Started process (PID=49092) to work on /home/airflow/.local/lib/python3.8/site-packages/airflow/example_dags/example_dynamic_task_mapping_with_no_taskflow_operators.py
[2025-10-14T06:03:42.024+0000] {processor.py:830} INFO - Processing file /home/airflow/.local/lib/python3.8/site-packages/airflow/example_dags/example_dynamic_task_mapping_with_no_taskflow_operators.py for tasks to queue
[2025-10-14T06:03:42.026+0000] {logging_mixin.py:188} INFO - [2025-10-14T06:03:42.025+0000] {dagbag.py:538} INFO - Filling up the DagBag from /home/airflow/.local/lib/python3.8/site-packages/airflow/example_dags/example_dynamic_task_mapping_with_no_taskflow_operators.py
[2025-10-14T06:03:42.033+0000] {processor.py:840} INFO - DAG(s) 'example_dynamic_task_mapping_with_no_taskflow_operators' retrieved from /home/airflow/.local/lib/python3.8/site-packages/airflow/example_dags/example_dynamic_task_mapping_with_no_taskflow_operators.py
[2025-10-14T06:03:42.060+0000] {logging_mixin.py:188} INFO - [2025-10-14T06:03:42.060+0000] {dag.py:3036} INFO - Sync 1 DAGs
[2025-10-14T06:03:42.087+0000] {logging_mixin.py:188} INFO - [2025-10-14T06:03:42.087+0000] {dag.py:3823} INFO - Setting next_dagrun for example_dynamic_task_mapping_with_no_taskflow_operators to 2025-10-13 00:00:00+00:00, run_after=2025-10-14 00:00:00+00:00
[2025-10-14T06:03:42.109+0000] {processor.py:183} INFO - Processing /home/airflow/.local/lib/python3.8/site-packages/airflow/example_dags/example_dynamic_task_mapping_with_no_taskflow_operators.py took 0.091 seconds
[2025-10-14T06:04:12.395+0000] {processor.py:161} INFO - Started process (PID=49162) to work on /home/airflow/.local/lib/python3.8/site-packages/airflow/example_dags/example_dynamic_task_mapping_with_no_taskflow_operators.py
[2025-10-14T06:04:12.396+0000] {processor.py:830} INFO - Processing file /home/airflow/.local/lib/python3.8/site-packages/airflow/example_dags/example_dynamic_task_mapping_with_no_taskflow_operators.py for tasks to queue
[2025-10-14T06:04:12.398+0000] {logging_mixin.py:188} INFO - [2025-10-14T06:04:12.397+0000] {dagbag.py:538} INFO - Filling up the DagBag from /home/airflow/.local/lib/python3.8/site-packages/airflow/example_dags/example_dynamic_task_mapping_with_no_taskflow_operators.py
[2025-10-14T06:04:12.406+0000] {processor.py:840} INFO - DAG(s) 'example_dynamic_task_mapping_with_no_taskflow_operators' retrieved from /home/airflow/.local/lib/python3.8/site-packages/airflow/example_dags/example_dynamic_task_mapping_with_no_taskflow_operators.py
[2025-10-14T06:04:12.434+0000] {logging_mixin.py:188} INFO - [2025-10-14T06:04:12.434+0000] {dag.py:3036} INFO - Sync 1 DAGs
[2025-10-14T06:04:12.460+0000] {logging_mixin.py:188} INFO - [2025-10-14T06:04:12.460+0000] {dag.py:3823} INFO - Setting next_dagrun for example_dynamic_task_mapping_with_no_taskflow_operators to 2025-10-13 00:00:00+00:00, run_after=2025-10-14 00:00:00+00:00
[2025-10-14T06:04:12.485+0000] {processor.py:183} INFO - Processing /home/airflow/.local/lib/python3.8/site-packages/airflow/example_dags/example_dynamic_task_mapping_with_no_taskflow_operators.py took 0.094 seconds
[2025-10-14T06:04:42.544+0000] {processor.py:161} INFO - Started process (PID=49233) to work on /home/airflow/.local/lib/python3.8/site-packages/airflow/example_dags/example_dynamic_task_mapping_with_no_taskflow_operators.py
[2025-10-14T06:04:42.546+0000] {processor.py:830} INFO - Processing file /home/airflow/.local/lib/python3.8/site-packages/airflow/example_dags/example_dynamic_task_mapping_with_no_taskflow_operators.py for tasks to queue
[2025-10-14T06:04:42.547+0000] {logging_mixin.py:188} INFO - [2025-10-14T06:04:42.546+0000] {dagbag.py:538} INFO - Filling up the DagBag from /home/airflow/.local/lib/python3.8/site-packages/airflow/example_dags/example_dynamic_task_mapping_with_no_taskflow_operators.py
[2025-10-14T06:04:42.556+0000] {processor.py:840} INFO - DAG(s) 'example_dynamic_task_mapping_with_no_taskflow_operators' retrieved from /home/airflow/.local/lib/python3.8/site-packages/airflow/example_dags/example_dynamic_task_mapping_with_no_taskflow_operators.py
[2025-10-14T06:04:42.584+0000] {logging_mixin.py:188} INFO - [2025-10-14T06:04:42.584+0000] {dag.py:3036} INFO - Sync 1 DAGs
[2025-10-14T06:04:42.611+0000] {logging_mixin.py:188} INFO - [2025-10-14T06:04:42.610+0000] {dag.py:3823} INFO - Setting next_dagrun for example_dynamic_task_mapping_with_no_taskflow_operators to 2025-10-13 00:00:00+00:00, run_after=2025-10-14 00:00:00+00:00
[2025-10-14T06:04:42.635+0000] {processor.py:183} INFO - Processing /home/airflow/.local/lib/python3.8/site-packages/airflow/example_dags/example_dynamic_task_mapping_with_no_taskflow_operators.py took 0.095 seconds
[2025-10-14T06:05:12.944+0000] {processor.py:161} INFO - Started process (PID=49303) to work on /home/airflow/.local/lib/python3.8/site-packages/airflow/example_dags/example_dynamic_task_mapping_with_no_taskflow_operators.py
[2025-10-14T06:05:12.946+0000] {processor.py:830} INFO - Processing file /home/airflow/.local/lib/python3.8/site-packages/airflow/example_dags/example_dynamic_task_mapping_with_no_taskflow_operators.py for tasks to queue
[2025-10-14T06:05:12.948+0000] {logging_mixin.py:188} INFO - [2025-10-14T06:05:12.947+0000] {dagbag.py:538} INFO - Filling up the DagBag from /home/airflow/.local/lib/python3.8/site-packages/airflow/example_dags/example_dynamic_task_mapping_with_no_taskflow_operators.py
[2025-10-14T06:05:12.957+0000] {processor.py:840} INFO - DAG(s) 'example_dynamic_task_mapping_with_no_taskflow_operators' retrieved from /home/airflow/.local/lib/python3.8/site-packages/airflow/example_dags/example_dynamic_task_mapping_with_no_taskflow_operators.py
[2025-10-14T06:05:12.986+0000] {logging_mixin.py:188} INFO - [2025-10-14T06:05:12.986+0000] {dag.py:3036} INFO - Sync 1 DAGs
[2025-10-14T06:05:13.015+0000] {logging_mixin.py:188} INFO - [2025-10-14T06:05:13.015+0000] {dag.py:3823} INFO - Setting next_dagrun for example_dynamic_task_mapping_with_no_taskflow_operators to 2025-10-13 00:00:00+00:00, run_after=2025-10-14 00:00:00+00:00
[2025-10-14T06:05:13.038+0000] {processor.py:183} INFO - Processing /home/airflow/.local/lib/python3.8/site-packages/airflow/example_dags/example_dynamic_task_mapping_with_no_taskflow_operators.py took 0.098 seconds
[2025-10-14T06:05:43.296+0000] {processor.py:161} INFO - Started process (PID=49373) to work on /home/airflow/.local/lib/python3.8/site-packages/airflow/example_dags/example_dynamic_task_mapping_with_no_taskflow_operators.py
[2025-10-14T06:05:43.297+0000] {processor.py:830} INFO - Processing file /home/airflow/.local/lib/python3.8/site-packages/airflow/example_dags/example_dynamic_task_mapping_with_no_taskflow_operators.py for tasks to queue
[2025-10-14T06:05:43.299+0000] {logging_mixin.py:188} INFO - [2025-10-14T06:05:43.298+0000] {dagbag.py:538} INFO - Filling up the DagBag from /home/airflow/.local/lib/python3.8/site-packages/airflow/example_dags/example_dynamic_task_mapping_with_no_taskflow_operators.py
[2025-10-14T06:05:43.307+0000] {processor.py:840} INFO - DAG(s) 'example_dynamic_task_mapping_with_no_taskflow_operators' retrieved from /home/airflow/.local/lib/python3.8/site-packages/airflow/example_dags/example_dynamic_task_mapping_with_no_taskflow_operators.py
[2025-10-14T06:05:43.336+0000] {logging_mixin.py:188} INFO - [2025-10-14T06:05:43.336+0000] {dag.py:3036} INFO - Sync 1 DAGs
[2025-10-14T06:05:43.365+0000] {logging_mixin.py:188} INFO - [2025-10-14T06:05:43.365+0000] {dag.py:3823} INFO - Setting next_dagrun for example_dynamic_task_mapping_with_no_taskflow_operators to 2025-10-13 00:00:00+00:00, run_after=2025-10-14 00:00:00+00:00
[2025-10-14T06:05:43.389+0000] {processor.py:183} INFO - Processing /home/airflow/.local/lib/python3.8/site-packages/airflow/example_dags/example_dynamic_task_mapping_with_no_taskflow_operators.py took 0.098 seconds
[2025-10-14T06:06:13.762+0000] {processor.py:161} INFO - Started process (PID=49443) to work on /home/airflow/.local/lib/python3.8/site-packages/airflow/example_dags/example_dynamic_task_mapping_with_no_taskflow_operators.py
[2025-10-14T06:06:13.763+0000] {processor.py:830} INFO - Processing file /home/airflow/.local/lib/python3.8/site-packages/airflow/example_dags/example_dynamic_task_mapping_with_no_taskflow_operators.py for tasks to queue
[2025-10-14T06:06:13.765+0000] {logging_mixin.py:188} INFO - [2025-10-14T06:06:13.765+0000] {dagbag.py:538} INFO - Filling up the DagBag from /home/airflow/.local/lib/python3.8/site-packages/airflow/example_dags/example_dynamic_task_mapping_with_no_taskflow_operators.py
[2025-10-14T06:06:13.774+0000] {processor.py:840} INFO - DAG(s) 'example_dynamic_task_mapping_with_no_taskflow_operators' retrieved from /home/airflow/.local/lib/python3.8/site-packages/airflow/example_dags/example_dynamic_task_mapping_with_no_taskflow_operators.py
[2025-10-14T06:06:13.807+0000] {logging_mixin.py:188} INFO - [2025-10-14T06:06:13.807+0000] {dag.py:3036} INFO - Sync 1 DAGs
[2025-10-14T06:06:13.841+0000] {logging_mixin.py:188} INFO - [2025-10-14T06:06:13.841+0000] {dag.py:3823} INFO - Setting next_dagrun for example_dynamic_task_mapping_with_no_taskflow_operators to 2025-10-13 00:00:00+00:00, run_after=2025-10-14 00:00:00+00:00
[2025-10-14T06:06:13.871+0000] {processor.py:183} INFO - Processing /home/airflow/.local/lib/python3.8/site-packages/airflow/example_dags/example_dynamic_task_mapping_with_no_taskflow_operators.py took 0.114 seconds
[2025-10-14T06:06:44.778+0000] {processor.py:161} INFO - Started process (PID=49513) to work on /home/airflow/.local/lib/python3.8/site-packages/airflow/example_dags/example_dynamic_task_mapping_with_no_taskflow_operators.py
[2025-10-14T06:06:44.780+0000] {processor.py:830} INFO - Processing file /home/airflow/.local/lib/python3.8/site-packages/airflow/example_dags/example_dynamic_task_mapping_with_no_taskflow_operators.py for tasks to queue
[2025-10-14T06:06:44.781+0000] {logging_mixin.py:188} INFO - [2025-10-14T06:06:44.780+0000] {dagbag.py:538} INFO - Filling up the DagBag from /home/airflow/.local/lib/python3.8/site-packages/airflow/example_dags/example_dynamic_task_mapping_with_no_taskflow_operators.py
[2025-10-14T06:06:44.789+0000] {processor.py:840} INFO - DAG(s) 'example_dynamic_task_mapping_with_no_taskflow_operators' retrieved from /home/airflow/.local/lib/python3.8/site-packages/airflow/example_dags/example_dynamic_task_mapping_with_no_taskflow_operators.py
[2025-10-14T06:06:44.816+0000] {logging_mixin.py:188} INFO - [2025-10-14T06:06:44.816+0000] {dag.py:3036} INFO - Sync 1 DAGs
[2025-10-14T06:06:44.848+0000] {logging_mixin.py:188} INFO - [2025-10-14T06:06:44.848+0000] {dag.py:3823} INFO - Setting next_dagrun for example_dynamic_task_mapping_with_no_taskflow_operators to 2025-10-13 00:00:00+00:00, run_after=2025-10-14 00:00:00+00:00
[2025-10-14T06:06:44.871+0000] {processor.py:183} INFO - Processing /home/airflow/.local/lib/python3.8/site-packages/airflow/example_dags/example_dynamic_task_mapping_with_no_taskflow_operators.py took 0.091 seconds
[2025-10-14T06:07:15.108+0000] {processor.py:161} INFO - Started process (PID=49581) to work on /home/airflow/.local/lib/python3.8/site-packages/airflow/example_dags/example_dynamic_task_mapping_with_no_taskflow_operators.py
[2025-10-14T06:07:15.109+0000] {processor.py:830} INFO - Processing file /home/airflow/.local/lib/python3.8/site-packages/airflow/example_dags/example_dynamic_task_mapping_with_no_taskflow_operators.py for tasks to queue
[2025-10-14T06:07:15.111+0000] {logging_mixin.py:188} INFO - [2025-10-14T06:07:15.111+0000] {dagbag.py:538} INFO - Filling up the DagBag from /home/airflow/.local/lib/python3.8/site-packages/airflow/example_dags/example_dynamic_task_mapping_with_no_taskflow_operators.py
[2025-10-14T06:07:15.120+0000] {processor.py:840} INFO - DAG(s) 'example_dynamic_task_mapping_with_no_taskflow_operators' retrieved from /home/airflow/.local/lib/python3.8/site-packages/airflow/example_dags/example_dynamic_task_mapping_with_no_taskflow_operators.py
[2025-10-14T06:07:15.153+0000] {logging_mixin.py:188} INFO - [2025-10-14T06:07:15.153+0000] {dag.py:3036} INFO - Sync 1 DAGs
[2025-10-14T06:07:15.188+0000] {logging_mixin.py:188} INFO - [2025-10-14T06:07:15.188+0000] {dag.py:3823} INFO - Setting next_dagrun for example_dynamic_task_mapping_with_no_taskflow_operators to 2025-10-13 00:00:00+00:00, run_after=2025-10-14 00:00:00+00:00
[2025-10-14T06:07:15.218+0000] {processor.py:183} INFO - Processing /home/airflow/.local/lib/python3.8/site-packages/airflow/example_dags/example_dynamic_task_mapping_with_no_taskflow_operators.py took 0.115 seconds
[2025-10-14T06:07:45.909+0000] {processor.py:161} INFO - Started process (PID=49651) to work on /home/airflow/.local/lib/python3.8/site-packages/airflow/example_dags/example_dynamic_task_mapping_with_no_taskflow_operators.py
[2025-10-14T06:07:45.910+0000] {processor.py:830} INFO - Processing file /home/airflow/.local/lib/python3.8/site-packages/airflow/example_dags/example_dynamic_task_mapping_with_no_taskflow_operators.py for tasks to queue
[2025-10-14T06:07:45.912+0000] {logging_mixin.py:188} INFO - [2025-10-14T06:07:45.912+0000] {dagbag.py:538} INFO - Filling up the DagBag from /home/airflow/.local/lib/python3.8/site-packages/airflow/example_dags/example_dynamic_task_mapping_with_no_taskflow_operators.py
[2025-10-14T06:07:45.920+0000] {processor.py:840} INFO - DAG(s) 'example_dynamic_task_mapping_with_no_taskflow_operators' retrieved from /home/airflow/.local/lib/python3.8/site-packages/airflow/example_dags/example_dynamic_task_mapping_with_no_taskflow_operators.py
[2025-10-14T06:07:45.957+0000] {logging_mixin.py:188} INFO - [2025-10-14T06:07:45.957+0000] {dag.py:3036} INFO - Sync 1 DAGs
[2025-10-14T06:07:45.992+0000] {logging_mixin.py:188} INFO - [2025-10-14T06:07:45.992+0000] {dag.py:3823} INFO - Setting next_dagrun for example_dynamic_task_mapping_with_no_taskflow_operators to 2025-10-13 00:00:00+00:00, run_after=2025-10-14 00:00:00+00:00
[2025-10-14T06:07:46.018+0000] {processor.py:183} INFO - Processing /home/airflow/.local/lib/python3.8/site-packages/airflow/example_dags/example_dynamic_task_mapping_with_no_taskflow_operators.py took 0.113 seconds
[2025-10-14T06:08:16.642+0000] {processor.py:161} INFO - Started process (PID=49721) to work on /home/airflow/.local/lib/python3.8/site-packages/airflow/example_dags/example_dynamic_task_mapping_with_no_taskflow_operators.py
[2025-10-14T06:08:16.644+0000] {processor.py:830} INFO - Processing file /home/airflow/.local/lib/python3.8/site-packages/airflow/example_dags/example_dynamic_task_mapping_with_no_taskflow_operators.py for tasks to queue
[2025-10-14T06:08:16.647+0000] {logging_mixin.py:188} INFO - [2025-10-14T06:08:16.646+0000] {dagbag.py:538} INFO - Filling up the DagBag from /home/airflow/.local/lib/python3.8/site-packages/airflow/example_dags/example_dynamic_task_mapping_with_no_taskflow_operators.py
[2025-10-14T06:08:16.661+0000] {processor.py:840} INFO - DAG(s) 'example_dynamic_task_mapping_with_no_taskflow_operators' retrieved from /home/airflow/.local/lib/python3.8/site-packages/airflow/example_dags/example_dynamic_task_mapping_with_no_taskflow_operators.py
[2025-10-14T06:08:16.702+0000] {logging_mixin.py:188} INFO - [2025-10-14T06:08:16.702+0000] {dag.py:3036} INFO - Sync 1 DAGs
[2025-10-14T06:08:16.747+0000] {logging_mixin.py:188} INFO - [2025-10-14T06:08:16.746+0000] {dag.py:3823} INFO - Setting next_dagrun for example_dynamic_task_mapping_with_no_taskflow_operators to 2025-10-13 00:00:00+00:00, run_after=2025-10-14 00:00:00+00:00
[2025-10-14T06:08:16.779+0000] {processor.py:183} INFO - Processing /home/airflow/.local/lib/python3.8/site-packages/airflow/example_dags/example_dynamic_task_mapping_with_no_taskflow_operators.py took 0.141 seconds
[2025-10-14T06:08:46.827+0000] {processor.py:161} INFO - Started process (PID=49791) to work on /home/airflow/.local/lib/python3.8/site-packages/airflow/example_dags/example_dynamic_task_mapping_with_no_taskflow_operators.py
[2025-10-14T06:08:46.828+0000] {processor.py:830} INFO - Processing file /home/airflow/.local/lib/python3.8/site-packages/airflow/example_dags/example_dynamic_task_mapping_with_no_taskflow_operators.py for tasks to queue
[2025-10-14T06:08:46.830+0000] {logging_mixin.py:188} INFO - [2025-10-14T06:08:46.829+0000] {dagbag.py:538} INFO - Filling up the DagBag from /home/airflow/.local/lib/python3.8/site-packages/airflow/example_dags/example_dynamic_task_mapping_with_no_taskflow_operators.py
[2025-10-14T06:08:46.838+0000] {processor.py:840} INFO - DAG(s) 'example_dynamic_task_mapping_with_no_taskflow_operators' retrieved from /home/airflow/.local/lib/python3.8/site-packages/airflow/example_dags/example_dynamic_task_mapping_with_no_taskflow_operators.py
[2025-10-14T06:08:46.866+0000] {logging_mixin.py:188} INFO - [2025-10-14T06:08:46.866+0000] {dag.py:3036} INFO - Sync 1 DAGs
[2025-10-14T06:08:46.891+0000] {logging_mixin.py:188} INFO - [2025-10-14T06:08:46.891+0000] {dag.py:3823} INFO - Setting next_dagrun for example_dynamic_task_mapping_with_no_taskflow_operators to 2025-10-13 00:00:00+00:00, run_after=2025-10-14 00:00:00+00:00
[2025-10-14T06:08:46.913+0000] {processor.py:183} INFO - Processing /home/airflow/.local/lib/python3.8/site-packages/airflow/example_dags/example_dynamic_task_mapping_with_no_taskflow_operators.py took 0.091 seconds
[2025-10-14T06:09:18.740+0000] {processor.py:161} INFO - Started process (PID=49861) to work on /home/airflow/.local/lib/python3.8/site-packages/airflow/example_dags/example_dynamic_task_mapping_with_no_taskflow_operators.py
[2025-10-14T06:09:18.743+0000] {processor.py:830} INFO - Processing file /home/airflow/.local/lib/python3.8/site-packages/airflow/example_dags/example_dynamic_task_mapping_with_no_taskflow_operators.py for tasks to queue
[2025-10-14T06:09:18.747+0000] {logging_mixin.py:188} INFO - [2025-10-14T06:09:18.746+0000] {dagbag.py:538} INFO - Filling up the DagBag from /home/airflow/.local/lib/python3.8/site-packages/airflow/example_dags/example_dynamic_task_mapping_with_no_taskflow_operators.py
[2025-10-14T06:09:18.761+0000] {processor.py:840} INFO - DAG(s) 'example_dynamic_task_mapping_with_no_taskflow_operators' retrieved from /home/airflow/.local/lib/python3.8/site-packages/airflow/example_dags/example_dynamic_task_mapping_with_no_taskflow_operators.py
[2025-10-14T06:09:18.797+0000] {logging_mixin.py:188} INFO - [2025-10-14T06:09:18.796+0000] {dag.py:3036} INFO - Sync 1 DAGs
[2025-10-14T06:09:18.829+0000] {logging_mixin.py:188} INFO - [2025-10-14T06:09:18.828+0000] {dag.py:3823} INFO - Setting next_dagrun for example_dynamic_task_mapping_with_no_taskflow_operators to 2025-10-13 00:00:00+00:00, run_after=2025-10-14 00:00:00+00:00
[2025-10-14T06:09:18.854+0000] {processor.py:183} INFO - Processing /home/airflow/.local/lib/python3.8/site-packages/airflow/example_dags/example_dynamic_task_mapping_with_no_taskflow_operators.py took 0.124 seconds
[2025-10-14T06:09:49.733+0000] {processor.py:161} INFO - Started process (PID=49932) to work on /home/airflow/.local/lib/python3.8/site-packages/airflow/example_dags/example_dynamic_task_mapping_with_no_taskflow_operators.py
[2025-10-14T06:09:49.735+0000] {processor.py:830} INFO - Processing file /home/airflow/.local/lib/python3.8/site-packages/airflow/example_dags/example_dynamic_task_mapping_with_no_taskflow_operators.py for tasks to queue
[2025-10-14T06:09:49.738+0000] {logging_mixin.py:188} INFO - [2025-10-14T06:09:49.737+0000] {dagbag.py:538} INFO - Filling up the DagBag from /home/airflow/.local/lib/python3.8/site-packages/airflow/example_dags/example_dynamic_task_mapping_with_no_taskflow_operators.py
[2025-10-14T06:09:49.754+0000] {processor.py:840} INFO - DAG(s) 'example_dynamic_task_mapping_with_no_taskflow_operators' retrieved from /home/airflow/.local/lib/python3.8/site-packages/airflow/example_dags/example_dynamic_task_mapping_with_no_taskflow_operators.py
[2025-10-14T06:09:49.793+0000] {logging_mixin.py:188} INFO - [2025-10-14T06:09:49.793+0000] {dag.py:3036} INFO - Sync 1 DAGs
[2025-10-14T06:09:49.823+0000] {logging_mixin.py:188} INFO - [2025-10-14T06:09:49.823+0000] {dag.py:3823} INFO - Setting next_dagrun for example_dynamic_task_mapping_with_no_taskflow_operators to 2025-10-13 00:00:00+00:00, run_after=2025-10-14 00:00:00+00:00
[2025-10-14T06:09:49.848+0000] {processor.py:183} INFO - Processing /home/airflow/.local/lib/python3.8/site-packages/airflow/example_dags/example_dynamic_task_mapping_with_no_taskflow_operators.py took 0.122 seconds
[2025-10-14T06:10:20.635+0000] {processor.py:161} INFO - Started process (PID=50002) to work on /home/airflow/.local/lib/python3.8/site-packages/airflow/example_dags/example_dynamic_task_mapping_with_no_taskflow_operators.py
[2025-10-14T06:10:20.636+0000] {processor.py:830} INFO - Processing file /home/airflow/.local/lib/python3.8/site-packages/airflow/example_dags/example_dynamic_task_mapping_with_no_taskflow_operators.py for tasks to queue
[2025-10-14T06:10:20.639+0000] {logging_mixin.py:188} INFO - [2025-10-14T06:10:20.637+0000] {dagbag.py:538} INFO - Filling up the DagBag from /home/airflow/.local/lib/python3.8/site-packages/airflow/example_dags/example_dynamic_task_mapping_with_no_taskflow_operators.py
[2025-10-14T06:10:20.653+0000] {processor.py:840} INFO - DAG(s) 'example_dynamic_task_mapping_with_no_taskflow_operators' retrieved from /home/airflow/.local/lib/python3.8/site-packages/airflow/example_dags/example_dynamic_task_mapping_with_no_taskflow_operators.py
[2025-10-14T06:10:20.692+0000] {logging_mixin.py:188} INFO - [2025-10-14T06:10:20.692+0000] {dag.py:3036} INFO - Sync 1 DAGs
[2025-10-14T06:10:20.724+0000] {logging_mixin.py:188} INFO - [2025-10-14T06:10:20.724+0000] {dag.py:3823} INFO - Setting next_dagrun for example_dynamic_task_mapping_with_no_taskflow_operators to 2025-10-13 00:00:00+00:00, run_after=2025-10-14 00:00:00+00:00
[2025-10-14T06:10:20.751+0000] {processor.py:183} INFO - Processing /home/airflow/.local/lib/python3.8/site-packages/airflow/example_dags/example_dynamic_task_mapping_with_no_taskflow_operators.py took 0.120 seconds
[2025-10-14T06:10:51.288+0000] {processor.py:161} INFO - Started process (PID=50071) to work on /home/airflow/.local/lib/python3.8/site-packages/airflow/example_dags/example_dynamic_task_mapping_with_no_taskflow_operators.py
[2025-10-14T06:10:51.289+0000] {processor.py:830} INFO - Processing file /home/airflow/.local/lib/python3.8/site-packages/airflow/example_dags/example_dynamic_task_mapping_with_no_taskflow_operators.py for tasks to queue
[2025-10-14T06:10:51.291+0000] {logging_mixin.py:188} INFO - [2025-10-14T06:10:51.291+0000] {dagbag.py:538} INFO - Filling up the DagBag from /home/airflow/.local/lib/python3.8/site-packages/airflow/example_dags/example_dynamic_task_mapping_with_no_taskflow_operators.py
[2025-10-14T06:10:51.300+0000] {processor.py:840} INFO - DAG(s) 'example_dynamic_task_mapping_with_no_taskflow_operators' retrieved from /home/airflow/.local/lib/python3.8/site-packages/airflow/example_dags/example_dynamic_task_mapping_with_no_taskflow_operators.py
[2025-10-14T06:10:51.334+0000] {logging_mixin.py:188} INFO - [2025-10-14T06:10:51.334+0000] {dag.py:3036} INFO - Sync 1 DAGs
[2025-10-14T06:10:51.361+0000] {logging_mixin.py:188} INFO - [2025-10-14T06:10:51.360+0000] {dag.py:3823} INFO - Setting next_dagrun for example_dynamic_task_mapping_with_no_taskflow_operators to 2025-10-13 00:00:00+00:00, run_after=2025-10-14 00:00:00+00:00
[2025-10-14T06:10:51.383+0000] {processor.py:183} INFO - Processing /home/airflow/.local/lib/python3.8/site-packages/airflow/example_dags/example_dynamic_task_mapping_with_no_taskflow_operators.py took 0.099 seconds
[2025-10-14T06:11:22.320+0000] {processor.py:161} INFO - Started process (PID=50142) to work on /home/airflow/.local/lib/python3.8/site-packages/airflow/example_dags/example_dynamic_task_mapping_with_no_taskflow_operators.py
[2025-10-14T06:11:22.322+0000] {processor.py:830} INFO - Processing file /home/airflow/.local/lib/python3.8/site-packages/airflow/example_dags/example_dynamic_task_mapping_with_no_taskflow_operators.py for tasks to queue
[2025-10-14T06:11:22.323+0000] {logging_mixin.py:188} INFO - [2025-10-14T06:11:22.323+0000] {dagbag.py:538} INFO - Filling up the DagBag from /home/airflow/.local/lib/python3.8/site-packages/airflow/example_dags/example_dynamic_task_mapping_with_no_taskflow_operators.py
[2025-10-14T06:11:22.331+0000] {processor.py:840} INFO - DAG(s) 'example_dynamic_task_mapping_with_no_taskflow_operators' retrieved from /home/airflow/.local/lib/python3.8/site-packages/airflow/example_dags/example_dynamic_task_mapping_with_no_taskflow_operators.py
[2025-10-14T06:11:22.363+0000] {logging_mixin.py:188} INFO - [2025-10-14T06:11:22.362+0000] {dag.py:3036} INFO - Sync 1 DAGs
[2025-10-14T06:11:22.396+0000] {logging_mixin.py:188} INFO - [2025-10-14T06:11:22.396+0000] {dag.py:3823} INFO - Setting next_dagrun for example_dynamic_task_mapping_with_no_taskflow_operators to 2025-10-13 00:00:00+00:00, run_after=2025-10-14 00:00:00+00:00
[2025-10-14T06:11:22.422+0000] {processor.py:183} INFO - Processing /home/airflow/.local/lib/python3.8/site-packages/airflow/example_dags/example_dynamic_task_mapping_with_no_taskflow_operators.py took 0.107 seconds
[2025-10-14T06:11:52.729+0000] {processor.py:161} INFO - Started process (PID=50212) to work on /home/airflow/.local/lib/python3.8/site-packages/airflow/example_dags/example_dynamic_task_mapping_with_no_taskflow_operators.py
[2025-10-14T06:11:52.730+0000] {processor.py:830} INFO - Processing file /home/airflow/.local/lib/python3.8/site-packages/airflow/example_dags/example_dynamic_task_mapping_with_no_taskflow_operators.py for tasks to queue
[2025-10-14T06:11:52.732+0000] {logging_mixin.py:188} INFO - [2025-10-14T06:11:52.732+0000] {dagbag.py:538} INFO - Filling up the DagBag from /home/airflow/.local/lib/python3.8/site-packages/airflow/example_dags/example_dynamic_task_mapping_with_no_taskflow_operators.py
[2025-10-14T06:11:52.739+0000] {processor.py:840} INFO - DAG(s) 'example_dynamic_task_mapping_with_no_taskflow_operators' retrieved from /home/airflow/.local/lib/python3.8/site-packages/airflow/example_dags/example_dynamic_task_mapping_with_no_taskflow_operators.py
[2025-10-14T06:11:52.766+0000] {logging_mixin.py:188} INFO - [2025-10-14T06:11:52.766+0000] {dag.py:3036} INFO - Sync 1 DAGs
[2025-10-14T06:11:52.791+0000] {logging_mixin.py:188} INFO - [2025-10-14T06:11:52.791+0000] {dag.py:3823} INFO - Setting next_dagrun for example_dynamic_task_mapping_with_no_taskflow_operators to 2025-10-13 00:00:00+00:00, run_after=2025-10-14 00:00:00+00:00
[2025-10-14T06:11:52.814+0000] {processor.py:183} INFO - Processing /home/airflow/.local/lib/python3.8/site-packages/airflow/example_dags/example_dynamic_task_mapping_with_no_taskflow_operators.py took 0.088 seconds
[2025-10-14T06:12:22.960+0000] {processor.py:161} INFO - Started process (PID=50282) to work on /home/airflow/.local/lib/python3.8/site-packages/airflow/example_dags/example_dynamic_task_mapping_with_no_taskflow_operators.py
[2025-10-14T06:12:22.962+0000] {processor.py:830} INFO - Processing file /home/airflow/.local/lib/python3.8/site-packages/airflow/example_dags/example_dynamic_task_mapping_with_no_taskflow_operators.py for tasks to queue
[2025-10-14T06:12:22.963+0000] {logging_mixin.py:188} INFO - [2025-10-14T06:12:22.963+0000] {dagbag.py:538} INFO - Filling up the DagBag from /home/airflow/.local/lib/python3.8/site-packages/airflow/example_dags/example_dynamic_task_mapping_with_no_taskflow_operators.py
[2025-10-14T06:12:22.971+0000] {processor.py:840} INFO - DAG(s) 'example_dynamic_task_mapping_with_no_taskflow_operators' retrieved from /home/airflow/.local/lib/python3.8/site-packages/airflow/example_dags/example_dynamic_task_mapping_with_no_taskflow_operators.py
[2025-10-14T06:12:22.999+0000] {logging_mixin.py:188} INFO - [2025-10-14T06:12:22.999+0000] {dag.py:3036} INFO - Sync 1 DAGs
[2025-10-14T06:12:23.027+0000] {logging_mixin.py:188} INFO - [2025-10-14T06:12:23.027+0000] {dag.py:3823} INFO - Setting next_dagrun for example_dynamic_task_mapping_with_no_taskflow_operators to 2025-10-13 00:00:00+00:00, run_after=2025-10-14 00:00:00+00:00
[2025-10-14T06:12:23.049+0000] {processor.py:183} INFO - Processing /home/airflow/.local/lib/python3.8/site-packages/airflow/example_dags/example_dynamic_task_mapping_with_no_taskflow_operators.py took 0.094 seconds
[2025-10-14T06:12:53.700+0000] {processor.py:161} INFO - Started process (PID=50351) to work on /home/airflow/.local/lib/python3.8/site-packages/airflow/example_dags/example_dynamic_task_mapping_with_no_taskflow_operators.py
[2025-10-14T06:12:53.701+0000] {processor.py:830} INFO - Processing file /home/airflow/.local/lib/python3.8/site-packages/airflow/example_dags/example_dynamic_task_mapping_with_no_taskflow_operators.py for tasks to queue
[2025-10-14T06:12:53.703+0000] {logging_mixin.py:188} INFO - [2025-10-14T06:12:53.702+0000] {dagbag.py:538} INFO - Filling up the DagBag from /home/airflow/.local/lib/python3.8/site-packages/airflow/example_dags/example_dynamic_task_mapping_with_no_taskflow_operators.py
[2025-10-14T06:12:53.711+0000] {processor.py:840} INFO - DAG(s) 'example_dynamic_task_mapping_with_no_taskflow_operators' retrieved from /home/airflow/.local/lib/python3.8/site-packages/airflow/example_dags/example_dynamic_task_mapping_with_no_taskflow_operators.py
[2025-10-14T06:12:53.740+0000] {logging_mixin.py:188} INFO - [2025-10-14T06:12:53.740+0000] {dag.py:3036} INFO - Sync 1 DAGs
[2025-10-14T06:12:53.767+0000] {logging_mixin.py:188} INFO - [2025-10-14T06:12:53.767+0000] {dag.py:3823} INFO - Setting next_dagrun for example_dynamic_task_mapping_with_no_taskflow_operators to 2025-10-13 00:00:00+00:00, run_after=2025-10-14 00:00:00+00:00
[2025-10-14T06:12:53.793+0000] {processor.py:183} INFO - Processing /home/airflow/.local/lib/python3.8/site-packages/airflow/example_dags/example_dynamic_task_mapping_with_no_taskflow_operators.py took 0.097 seconds
[2025-10-14T06:13:24.964+0000] {processor.py:161} INFO - Started process (PID=50422) to work on /home/airflow/.local/lib/python3.8/site-packages/airflow/example_dags/example_dynamic_task_mapping_with_no_taskflow_operators.py
[2025-10-14T06:13:24.966+0000] {processor.py:830} INFO - Processing file /home/airflow/.local/lib/python3.8/site-packages/airflow/example_dags/example_dynamic_task_mapping_with_no_taskflow_operators.py for tasks to queue
[2025-10-14T06:13:24.967+0000] {logging_mixin.py:188} INFO - [2025-10-14T06:13:24.967+0000] {dagbag.py:538} INFO - Filling up the DagBag from /home/airflow/.local/lib/python3.8/site-packages/airflow/example_dags/example_dynamic_task_mapping_with_no_taskflow_operators.py
[2025-10-14T06:13:24.975+0000] {processor.py:840} INFO - DAG(s) 'example_dynamic_task_mapping_with_no_taskflow_operators' retrieved from /home/airflow/.local/lib/python3.8/site-packages/airflow/example_dags/example_dynamic_task_mapping_with_no_taskflow_operators.py
[2025-10-14T06:13:25.007+0000] {logging_mixin.py:188} INFO - [2025-10-14T06:13:25.006+0000] {dag.py:3036} INFO - Sync 1 DAGs
[2025-10-14T06:13:25.034+0000] {logging_mixin.py:188} INFO - [2025-10-14T06:13:25.033+0000] {dag.py:3823} INFO - Setting next_dagrun for example_dynamic_task_mapping_with_no_taskflow_operators to 2025-10-13 00:00:00+00:00, run_after=2025-10-14 00:00:00+00:00
[2025-10-14T06:13:25.059+0000] {processor.py:183} INFO - Processing /home/airflow/.local/lib/python3.8/site-packages/airflow/example_dags/example_dynamic_task_mapping_with_no_taskflow_operators.py took 0.099 seconds
[2025-10-14T06:13:55.611+0000] {processor.py:161} INFO - Started process (PID=50481) to work on /home/airflow/.local/lib/python3.8/site-packages/airflow/example_dags/example_dynamic_task_mapping_with_no_taskflow_operators.py
[2025-10-14T06:13:55.613+0000] {processor.py:830} INFO - Processing file /home/airflow/.local/lib/python3.8/site-packages/airflow/example_dags/example_dynamic_task_mapping_with_no_taskflow_operators.py for tasks to queue
[2025-10-14T06:13:55.615+0000] {logging_mixin.py:188} INFO - [2025-10-14T06:13:55.615+0000] {dagbag.py:538} INFO - Filling up the DagBag from /home/airflow/.local/lib/python3.8/site-packages/airflow/example_dags/example_dynamic_task_mapping_with_no_taskflow_operators.py
[2025-10-14T06:13:55.627+0000] {processor.py:840} INFO - DAG(s) 'example_dynamic_task_mapping_with_no_taskflow_operators' retrieved from /home/airflow/.local/lib/python3.8/site-packages/airflow/example_dags/example_dynamic_task_mapping_with_no_taskflow_operators.py
[2025-10-14T06:13:55.665+0000] {logging_mixin.py:188} INFO - [2025-10-14T06:13:55.665+0000] {dag.py:3036} INFO - Sync 1 DAGs
[2025-10-14T06:13:55.695+0000] {logging_mixin.py:188} INFO - [2025-10-14T06:13:55.695+0000] {dag.py:3823} INFO - Setting next_dagrun for example_dynamic_task_mapping_with_no_taskflow_operators to 2025-10-13 00:00:00+00:00, run_after=2025-10-14 00:00:00+00:00
[2025-10-14T06:13:55.739+0000] {processor.py:183} INFO - Processing /home/airflow/.local/lib/python3.8/site-packages/airflow/example_dags/example_dynamic_task_mapping_with_no_taskflow_operators.py took 0.134 seconds
[2025-10-14T06:14:26.121+0000] {processor.py:161} INFO - Started process (PID=50551) to work on /home/airflow/.local/lib/python3.8/site-packages/airflow/example_dags/example_dynamic_task_mapping_with_no_taskflow_operators.py
[2025-10-14T06:14:26.122+0000] {processor.py:830} INFO - Processing file /home/airflow/.local/lib/python3.8/site-packages/airflow/example_dags/example_dynamic_task_mapping_with_no_taskflow_operators.py for tasks to queue
[2025-10-14T06:14:26.123+0000] {logging_mixin.py:188} INFO - [2025-10-14T06:14:26.123+0000] {dagbag.py:538} INFO - Filling up the DagBag from /home/airflow/.local/lib/python3.8/site-packages/airflow/example_dags/example_dynamic_task_mapping_with_no_taskflow_operators.py
[2025-10-14T06:14:26.131+0000] {processor.py:840} INFO - DAG(s) 'example_dynamic_task_mapping_with_no_taskflow_operators' retrieved from /home/airflow/.local/lib/python3.8/site-packages/airflow/example_dags/example_dynamic_task_mapping_with_no_taskflow_operators.py
[2025-10-14T06:14:26.158+0000] {logging_mixin.py:188} INFO - [2025-10-14T06:14:26.157+0000] {dag.py:3036} INFO - Sync 1 DAGs
[2025-10-14T06:14:26.184+0000] {logging_mixin.py:188} INFO - [2025-10-14T06:14:26.184+0000] {dag.py:3823} INFO - Setting next_dagrun for example_dynamic_task_mapping_with_no_taskflow_operators to 2025-10-13 00:00:00+00:00, run_after=2025-10-14 00:00:00+00:00
[2025-10-14T06:14:26.207+0000] {processor.py:183} INFO - Processing /home/airflow/.local/lib/python3.8/site-packages/airflow/example_dags/example_dynamic_task_mapping_with_no_taskflow_operators.py took 0.090 seconds
[2025-10-14T06:14:57.562+0000] {processor.py:161} INFO - Started process (PID=50621) to work on /home/airflow/.local/lib/python3.8/site-packages/airflow/example_dags/example_dynamic_task_mapping_with_no_taskflow_operators.py
[2025-10-14T06:14:57.564+0000] {processor.py:830} INFO - Processing file /home/airflow/.local/lib/python3.8/site-packages/airflow/example_dags/example_dynamic_task_mapping_with_no_taskflow_operators.py for tasks to queue
[2025-10-14T06:14:57.565+0000] {logging_mixin.py:188} INFO - [2025-10-14T06:14:57.565+0000] {dagbag.py:538} INFO - Filling up the DagBag from /home/airflow/.local/lib/python3.8/site-packages/airflow/example_dags/example_dynamic_task_mapping_with_no_taskflow_operators.py
[2025-10-14T06:14:57.574+0000] {processor.py:840} INFO - DAG(s) 'example_dynamic_task_mapping_with_no_taskflow_operators' retrieved from /home/airflow/.local/lib/python3.8/site-packages/airflow/example_dags/example_dynamic_task_mapping_with_no_taskflow_operators.py
[2025-10-14T06:14:57.606+0000] {logging_mixin.py:188} INFO - [2025-10-14T06:14:57.606+0000] {dag.py:3036} INFO - Sync 1 DAGs
[2025-10-14T06:14:57.647+0000] {logging_mixin.py:188} INFO - [2025-10-14T06:14:57.646+0000] {dag.py:3823} INFO - Setting next_dagrun for example_dynamic_task_mapping_with_no_taskflow_operators to 2025-10-13 00:00:00+00:00, run_after=2025-10-14 00:00:00+00:00
[2025-10-14T06:14:57.678+0000] {processor.py:183} INFO - Processing /home/airflow/.local/lib/python3.8/site-packages/airflow/example_dags/example_dynamic_task_mapping_with_no_taskflow_operators.py took 0.120 seconds
[2025-10-14T06:15:28.728+0000] {processor.py:161} INFO - Started process (PID=50691) to work on /home/airflow/.local/lib/python3.8/site-packages/airflow/example_dags/example_dynamic_task_mapping_with_no_taskflow_operators.py
[2025-10-14T06:15:28.730+0000] {processor.py:830} INFO - Processing file /home/airflow/.local/lib/python3.8/site-packages/airflow/example_dags/example_dynamic_task_mapping_with_no_taskflow_operators.py for tasks to queue
[2025-10-14T06:15:28.731+0000] {logging_mixin.py:188} INFO - [2025-10-14T06:15:28.731+0000] {dagbag.py:538} INFO - Filling up the DagBag from /home/airflow/.local/lib/python3.8/site-packages/airflow/example_dags/example_dynamic_task_mapping_with_no_taskflow_operators.py
[2025-10-14T06:15:28.739+0000] {processor.py:840} INFO - DAG(s) 'example_dynamic_task_mapping_with_no_taskflow_operators' retrieved from /home/airflow/.local/lib/python3.8/site-packages/airflow/example_dags/example_dynamic_task_mapping_with_no_taskflow_operators.py
[2025-10-14T06:15:28.767+0000] {logging_mixin.py:188} INFO - [2025-10-14T06:15:28.767+0000] {dag.py:3036} INFO - Sync 1 DAGs
[2025-10-14T06:15:28.793+0000] {logging_mixin.py:188} INFO - [2025-10-14T06:15:28.793+0000] {dag.py:3823} INFO - Setting next_dagrun for example_dynamic_task_mapping_with_no_taskflow_operators to 2025-10-13 00:00:00+00:00, run_after=2025-10-14 00:00:00+00:00
[2025-10-14T06:15:28.817+0000] {processor.py:183} INFO - Processing /home/airflow/.local/lib/python3.8/site-packages/airflow/example_dags/example_dynamic_task_mapping_with_no_taskflow_operators.py took 0.093 seconds
[2025-10-14T06:15:59.428+0000] {processor.py:161} INFO - Started process (PID=50760) to work on /home/airflow/.local/lib/python3.8/site-packages/airflow/example_dags/example_dynamic_task_mapping_with_no_taskflow_operators.py
[2025-10-14T06:15:59.430+0000] {processor.py:830} INFO - Processing file /home/airflow/.local/lib/python3.8/site-packages/airflow/example_dags/example_dynamic_task_mapping_with_no_taskflow_operators.py for tasks to queue
[2025-10-14T06:15:59.432+0000] {logging_mixin.py:188} INFO - [2025-10-14T06:15:59.431+0000] {dagbag.py:538} INFO - Filling up the DagBag from /home/airflow/.local/lib/python3.8/site-packages/airflow/example_dags/example_dynamic_task_mapping_with_no_taskflow_operators.py
[2025-10-14T06:15:59.441+0000] {processor.py:840} INFO - DAG(s) 'example_dynamic_task_mapping_with_no_taskflow_operators' retrieved from /home/airflow/.local/lib/python3.8/site-packages/airflow/example_dags/example_dynamic_task_mapping_with_no_taskflow_operators.py
[2025-10-14T06:15:59.483+0000] {logging_mixin.py:188} INFO - [2025-10-14T06:15:59.482+0000] {dag.py:3036} INFO - Sync 1 DAGs
[2025-10-14T06:15:59.517+0000] {logging_mixin.py:188} INFO - [2025-10-14T06:15:59.517+0000] {dag.py:3823} INFO - Setting next_dagrun for example_dynamic_task_mapping_with_no_taskflow_operators to 2025-10-13 00:00:00+00:00, run_after=2025-10-14 00:00:00+00:00
[2025-10-14T06:15:59.544+0000] {processor.py:183} INFO - Processing /home/airflow/.local/lib/python3.8/site-packages/airflow/example_dags/example_dynamic_task_mapping_with_no_taskflow_operators.py took 0.121 seconds
[2025-10-14T06:16:30.073+0000] {processor.py:161} INFO - Started process (PID=50830) to work on /home/airflow/.local/lib/python3.8/site-packages/airflow/example_dags/example_dynamic_task_mapping_with_no_taskflow_operators.py
[2025-10-14T06:16:30.075+0000] {processor.py:830} INFO - Processing file /home/airflow/.local/lib/python3.8/site-packages/airflow/example_dags/example_dynamic_task_mapping_with_no_taskflow_operators.py for tasks to queue
[2025-10-14T06:16:30.076+0000] {logging_mixin.py:188} INFO - [2025-10-14T06:16:30.076+0000] {dagbag.py:538} INFO - Filling up the DagBag from /home/airflow/.local/lib/python3.8/site-packages/airflow/example_dags/example_dynamic_task_mapping_with_no_taskflow_operators.py
[2025-10-14T06:16:30.085+0000] {processor.py:840} INFO - DAG(s) 'example_dynamic_task_mapping_with_no_taskflow_operators' retrieved from /home/airflow/.local/lib/python3.8/site-packages/airflow/example_dags/example_dynamic_task_mapping_with_no_taskflow_operators.py
[2025-10-14T06:16:30.115+0000] {logging_mixin.py:188} INFO - [2025-10-14T06:16:30.115+0000] {dag.py:3036} INFO - Sync 1 DAGs
[2025-10-14T06:16:30.144+0000] {logging_mixin.py:188} INFO - [2025-10-14T06:16:30.143+0000] {dag.py:3823} INFO - Setting next_dagrun for example_dynamic_task_mapping_with_no_taskflow_operators to 2025-10-13 00:00:00+00:00, run_after=2025-10-14 00:00:00+00:00
[2025-10-14T06:16:30.168+0000] {processor.py:183} INFO - Processing /home/airflow/.local/lib/python3.8/site-packages/airflow/example_dags/example_dynamic_task_mapping_with_no_taskflow_operators.py took 0.099 seconds
[2025-10-14T06:17:01.055+0000] {processor.py:161} INFO - Started process (PID=50900) to work on /home/airflow/.local/lib/python3.8/site-packages/airflow/example_dags/example_dynamic_task_mapping_with_no_taskflow_operators.py
[2025-10-14T06:17:01.056+0000] {processor.py:830} INFO - Processing file /home/airflow/.local/lib/python3.8/site-packages/airflow/example_dags/example_dynamic_task_mapping_with_no_taskflow_operators.py for tasks to queue
[2025-10-14T06:17:01.057+0000] {logging_mixin.py:188} INFO - [2025-10-14T06:17:01.057+0000] {dagbag.py:538} INFO - Filling up the DagBag from /home/airflow/.local/lib/python3.8/site-packages/airflow/example_dags/example_dynamic_task_mapping_with_no_taskflow_operators.py
[2025-10-14T06:17:01.065+0000] {processor.py:840} INFO - DAG(s) 'example_dynamic_task_mapping_with_no_taskflow_operators' retrieved from /home/airflow/.local/lib/python3.8/site-packages/airflow/example_dags/example_dynamic_task_mapping_with_no_taskflow_operators.py
[2025-10-14T06:17:01.093+0000] {logging_mixin.py:188} INFO - [2025-10-14T06:17:01.093+0000] {dag.py:3036} INFO - Sync 1 DAGs
[2025-10-14T06:17:01.119+0000] {logging_mixin.py:188} INFO - [2025-10-14T06:17:01.119+0000] {dag.py:3823} INFO - Setting next_dagrun for example_dynamic_task_mapping_with_no_taskflow_operators to 2025-10-13 00:00:00+00:00, run_after=2025-10-14 00:00:00+00:00
[2025-10-14T06:17:01.141+0000] {processor.py:183} INFO - Processing /home/airflow/.local/lib/python3.8/site-packages/airflow/example_dags/example_dynamic_task_mapping_with_no_taskflow_operators.py took 0.091 seconds
[2025-10-14T06:17:33.360+0000] {processor.py:161} INFO - Started process (PID=50970) to work on /home/airflow/.local/lib/python3.8/site-packages/airflow/example_dags/example_dynamic_task_mapping_with_no_taskflow_operators.py
[2025-10-14T06:17:33.362+0000] {processor.py:830} INFO - Processing file /home/airflow/.local/lib/python3.8/site-packages/airflow/example_dags/example_dynamic_task_mapping_with_no_taskflow_operators.py for tasks to queue
[2025-10-14T06:17:33.364+0000] {logging_mixin.py:188} INFO - [2025-10-14T06:17:33.363+0000] {dagbag.py:538} INFO - Filling up the DagBag from /home/airflow/.local/lib/python3.8/site-packages/airflow/example_dags/example_dynamic_task_mapping_with_no_taskflow_operators.py
[2025-10-14T06:17:33.373+0000] {processor.py:840} INFO - DAG(s) 'example_dynamic_task_mapping_with_no_taskflow_operators' retrieved from /home/airflow/.local/lib/python3.8/site-packages/airflow/example_dags/example_dynamic_task_mapping_with_no_taskflow_operators.py
[2025-10-14T06:17:33.404+0000] {logging_mixin.py:188} INFO - [2025-10-14T06:17:33.404+0000] {dag.py:3036} INFO - Sync 1 DAGs
[2025-10-14T06:17:33.435+0000] {logging_mixin.py:188} INFO - [2025-10-14T06:17:33.434+0000] {dag.py:3823} INFO - Setting next_dagrun for example_dynamic_task_mapping_with_no_taskflow_operators to 2025-10-13 00:00:00+00:00, run_after=2025-10-14 00:00:00+00:00
[2025-10-14T06:17:33.460+0000] {processor.py:183} INFO - Processing /home/airflow/.local/lib/python3.8/site-packages/airflow/example_dags/example_dynamic_task_mapping_with_no_taskflow_operators.py took 0.104 seconds
[2025-10-14T06:18:04.070+0000] {processor.py:161} INFO - Started process (PID=51040) to work on /home/airflow/.local/lib/python3.8/site-packages/airflow/example_dags/example_dynamic_task_mapping_with_no_taskflow_operators.py
[2025-10-14T06:18:04.072+0000] {processor.py:830} INFO - Processing file /home/airflow/.local/lib/python3.8/site-packages/airflow/example_dags/example_dynamic_task_mapping_with_no_taskflow_operators.py for tasks to queue
[2025-10-14T06:18:04.073+0000] {logging_mixin.py:188} INFO - [2025-10-14T06:18:04.072+0000] {dagbag.py:538} INFO - Filling up the DagBag from /home/airflow/.local/lib/python3.8/site-packages/airflow/example_dags/example_dynamic_task_mapping_with_no_taskflow_operators.py
[2025-10-14T06:18:04.082+0000] {processor.py:840} INFO - DAG(s) 'example_dynamic_task_mapping_with_no_taskflow_operators' retrieved from /home/airflow/.local/lib/python3.8/site-packages/airflow/example_dags/example_dynamic_task_mapping_with_no_taskflow_operators.py
[2025-10-14T06:18:04.117+0000] {logging_mixin.py:188} INFO - [2025-10-14T06:18:04.116+0000] {dag.py:3036} INFO - Sync 1 DAGs
[2025-10-14T06:18:04.155+0000] {logging_mixin.py:188} INFO - [2025-10-14T06:18:04.155+0000] {dag.py:3823} INFO - Setting next_dagrun for example_dynamic_task_mapping_with_no_taskflow_operators to 2025-10-13 00:00:00+00:00, run_after=2025-10-14 00:00:00+00:00
[2025-10-14T06:18:04.186+0000] {processor.py:183} INFO - Processing /home/airflow/.local/lib/python3.8/site-packages/airflow/example_dags/example_dynamic_task_mapping_with_no_taskflow_operators.py took 0.120 seconds
[2025-10-14T06:18:36.150+0000] {processor.py:161} INFO - Started process (PID=51110) to work on /home/airflow/.local/lib/python3.8/site-packages/airflow/example_dags/example_dynamic_task_mapping_with_no_taskflow_operators.py
[2025-10-14T06:18:36.151+0000] {processor.py:830} INFO - Processing file /home/airflow/.local/lib/python3.8/site-packages/airflow/example_dags/example_dynamic_task_mapping_with_no_taskflow_operators.py for tasks to queue
[2025-10-14T06:18:36.152+0000] {logging_mixin.py:188} INFO - [2025-10-14T06:18:36.152+0000] {dagbag.py:538} INFO - Filling up the DagBag from /home/airflow/.local/lib/python3.8/site-packages/airflow/example_dags/example_dynamic_task_mapping_with_no_taskflow_operators.py
[2025-10-14T06:18:36.167+0000] {processor.py:840} INFO - DAG(s) 'example_dynamic_task_mapping_with_no_taskflow_operators' retrieved from /home/airflow/.local/lib/python3.8/site-packages/airflow/example_dags/example_dynamic_task_mapping_with_no_taskflow_operators.py
[2025-10-14T06:18:36.204+0000] {logging_mixin.py:188} INFO - [2025-10-14T06:18:36.204+0000] {dag.py:3036} INFO - Sync 1 DAGs
[2025-10-14T06:18:36.250+0000] {logging_mixin.py:188} INFO - [2025-10-14T06:18:36.249+0000] {dag.py:3823} INFO - Setting next_dagrun for example_dynamic_task_mapping_with_no_taskflow_operators to 2025-10-13 00:00:00+00:00, run_after=2025-10-14 00:00:00+00:00
[2025-10-14T06:18:36.279+0000] {processor.py:183} INFO - Processing /home/airflow/.local/lib/python3.8/site-packages/airflow/example_dags/example_dynamic_task_mapping_with_no_taskflow_operators.py took 0.134 seconds
[2025-10-14T06:19:06.791+0000] {processor.py:161} INFO - Started process (PID=51180) to work on /home/airflow/.local/lib/python3.8/site-packages/airflow/example_dags/example_dynamic_task_mapping_with_no_taskflow_operators.py
[2025-10-14T06:19:06.793+0000] {processor.py:830} INFO - Processing file /home/airflow/.local/lib/python3.8/site-packages/airflow/example_dags/example_dynamic_task_mapping_with_no_taskflow_operators.py for tasks to queue
[2025-10-14T06:19:06.795+0000] {logging_mixin.py:188} INFO - [2025-10-14T06:19:06.795+0000] {dagbag.py:538} INFO - Filling up the DagBag from /home/airflow/.local/lib/python3.8/site-packages/airflow/example_dags/example_dynamic_task_mapping_with_no_taskflow_operators.py
[2025-10-14T06:19:06.817+0000] {processor.py:840} INFO - DAG(s) 'example_dynamic_task_mapping_with_no_taskflow_operators' retrieved from /home/airflow/.local/lib/python3.8/site-packages/airflow/example_dags/example_dynamic_task_mapping_with_no_taskflow_operators.py
[2025-10-14T06:19:06.859+0000] {logging_mixin.py:188} INFO - [2025-10-14T06:19:06.858+0000] {dag.py:3036} INFO - Sync 1 DAGs
[2025-10-14T06:19:06.896+0000] {logging_mixin.py:188} INFO - [2025-10-14T06:19:06.896+0000] {dag.py:3823} INFO - Setting next_dagrun for example_dynamic_task_mapping_with_no_taskflow_operators to 2025-10-13 00:00:00+00:00, run_after=2025-10-14 00:00:00+00:00
[2025-10-14T06:19:06.921+0000] {processor.py:183} INFO - Processing /home/airflow/.local/lib/python3.8/site-packages/airflow/example_dags/example_dynamic_task_mapping_with_no_taskflow_operators.py took 0.136 seconds
[2025-10-14T06:19:37.276+0000] {processor.py:161} INFO - Started process (PID=51250) to work on /home/airflow/.local/lib/python3.8/site-packages/airflow/example_dags/example_dynamic_task_mapping_with_no_taskflow_operators.py
[2025-10-14T06:19:37.278+0000] {processor.py:830} INFO - Processing file /home/airflow/.local/lib/python3.8/site-packages/airflow/example_dags/example_dynamic_task_mapping_with_no_taskflow_operators.py for tasks to queue
[2025-10-14T06:19:37.279+0000] {logging_mixin.py:188} INFO - [2025-10-14T06:19:37.279+0000] {dagbag.py:538} INFO - Filling up the DagBag from /home/airflow/.local/lib/python3.8/site-packages/airflow/example_dags/example_dynamic_task_mapping_with_no_taskflow_operators.py
[2025-10-14T06:19:37.293+0000] {processor.py:840} INFO - DAG(s) 'example_dynamic_task_mapping_with_no_taskflow_operators' retrieved from /home/airflow/.local/lib/python3.8/site-packages/airflow/example_dags/example_dynamic_task_mapping_with_no_taskflow_operators.py
[2025-10-14T06:19:37.329+0000] {logging_mixin.py:188} INFO - [2025-10-14T06:19:37.328+0000] {dag.py:3036} INFO - Sync 1 DAGs
[2025-10-14T06:19:37.360+0000] {logging_mixin.py:188} INFO - [2025-10-14T06:19:37.359+0000] {dag.py:3823} INFO - Setting next_dagrun for example_dynamic_task_mapping_with_no_taskflow_operators to 2025-10-13 00:00:00+00:00, run_after=2025-10-14 00:00:00+00:00
[2025-10-14T06:19:37.385+0000] {processor.py:183} INFO - Processing /home/airflow/.local/lib/python3.8/site-packages/airflow/example_dags/example_dynamic_task_mapping_with_no_taskflow_operators.py took 0.112 seconds
[2025-10-14T06:20:07.435+0000] {processor.py:161} INFO - Started process (PID=51318) to work on /home/airflow/.local/lib/python3.8/site-packages/airflow/example_dags/example_dynamic_task_mapping_with_no_taskflow_operators.py
[2025-10-14T06:20:07.437+0000] {processor.py:830} INFO - Processing file /home/airflow/.local/lib/python3.8/site-packages/airflow/example_dags/example_dynamic_task_mapping_with_no_taskflow_operators.py for tasks to queue
[2025-10-14T06:20:07.438+0000] {logging_mixin.py:188} INFO - [2025-10-14T06:20:07.438+0000] {dagbag.py:538} INFO - Filling up the DagBag from /home/airflow/.local/lib/python3.8/site-packages/airflow/example_dags/example_dynamic_task_mapping_with_no_taskflow_operators.py
[2025-10-14T06:20:07.449+0000] {processor.py:840} INFO - DAG(s) 'example_dynamic_task_mapping_with_no_taskflow_operators' retrieved from /home/airflow/.local/lib/python3.8/site-packages/airflow/example_dags/example_dynamic_task_mapping_with_no_taskflow_operators.py
[2025-10-14T06:20:07.494+0000] {logging_mixin.py:188} INFO - [2025-10-14T06:20:07.493+0000] {dag.py:3036} INFO - Sync 1 DAGs
[2025-10-14T06:20:07.536+0000] {logging_mixin.py:188} INFO - [2025-10-14T06:20:07.536+0000] {dag.py:3823} INFO - Setting next_dagrun for example_dynamic_task_mapping_with_no_taskflow_operators to 2025-10-13 00:00:00+00:00, run_after=2025-10-14 00:00:00+00:00
[2025-10-14T06:20:07.573+0000] {processor.py:183} INFO - Processing /home/airflow/.local/lib/python3.8/site-packages/airflow/example_dags/example_dynamic_task_mapping_with_no_taskflow_operators.py took 0.143 seconds
[2025-10-14T06:20:37.718+0000] {processor.py:161} INFO - Started process (PID=51388) to work on /home/airflow/.local/lib/python3.8/site-packages/airflow/example_dags/example_dynamic_task_mapping_with_no_taskflow_operators.py
[2025-10-14T06:20:37.719+0000] {processor.py:830} INFO - Processing file /home/airflow/.local/lib/python3.8/site-packages/airflow/example_dags/example_dynamic_task_mapping_with_no_taskflow_operators.py for tasks to queue
[2025-10-14T06:20:37.720+0000] {logging_mixin.py:188} INFO - [2025-10-14T06:20:37.720+0000] {dagbag.py:538} INFO - Filling up the DagBag from /home/airflow/.local/lib/python3.8/site-packages/airflow/example_dags/example_dynamic_task_mapping_with_no_taskflow_operators.py
[2025-10-14T06:20:37.727+0000] {processor.py:840} INFO - DAG(s) 'example_dynamic_task_mapping_with_no_taskflow_operators' retrieved from /home/airflow/.local/lib/python3.8/site-packages/airflow/example_dags/example_dynamic_task_mapping_with_no_taskflow_operators.py
[2025-10-14T06:20:37.753+0000] {logging_mixin.py:188} INFO - [2025-10-14T06:20:37.753+0000] {dag.py:3036} INFO - Sync 1 DAGs
[2025-10-14T06:20:37.779+0000] {logging_mixin.py:188} INFO - [2025-10-14T06:20:37.779+0000] {dag.py:3823} INFO - Setting next_dagrun for example_dynamic_task_mapping_with_no_taskflow_operators to 2025-10-13 00:00:00+00:00, run_after=2025-10-14 00:00:00+00:00
[2025-10-14T06:20:37.800+0000] {processor.py:183} INFO - Processing /home/airflow/.local/lib/python3.8/site-packages/airflow/example_dags/example_dynamic_task_mapping_with_no_taskflow_operators.py took 0.086 seconds
[2025-10-14T06:21:08.347+0000] {processor.py:161} INFO - Started process (PID=51458) to work on /home/airflow/.local/lib/python3.8/site-packages/airflow/example_dags/example_dynamic_task_mapping_with_no_taskflow_operators.py
[2025-10-14T06:21:08.348+0000] {processor.py:830} INFO - Processing file /home/airflow/.local/lib/python3.8/site-packages/airflow/example_dags/example_dynamic_task_mapping_with_no_taskflow_operators.py for tasks to queue
[2025-10-14T06:21:08.350+0000] {logging_mixin.py:188} INFO - [2025-10-14T06:21:08.349+0000] {dagbag.py:538} INFO - Filling up the DagBag from /home/airflow/.local/lib/python3.8/site-packages/airflow/example_dags/example_dynamic_task_mapping_with_no_taskflow_operators.py
[2025-10-14T06:21:08.358+0000] {processor.py:840} INFO - DAG(s) 'example_dynamic_task_mapping_with_no_taskflow_operators' retrieved from /home/airflow/.local/lib/python3.8/site-packages/airflow/example_dags/example_dynamic_task_mapping_with_no_taskflow_operators.py
[2025-10-14T06:21:08.385+0000] {logging_mixin.py:188} INFO - [2025-10-14T06:21:08.385+0000] {dag.py:3036} INFO - Sync 1 DAGs
[2025-10-14T06:21:08.411+0000] {logging_mixin.py:188} INFO - [2025-10-14T06:21:08.411+0000] {dag.py:3823} INFO - Setting next_dagrun for example_dynamic_task_mapping_with_no_taskflow_operators to 2025-10-13 00:00:00+00:00, run_after=2025-10-14 00:00:00+00:00
[2025-10-14T06:21:08.434+0000] {processor.py:183} INFO - Processing /home/airflow/.local/lib/python3.8/site-packages/airflow/example_dags/example_dynamic_task_mapping_with_no_taskflow_operators.py took 0.091 seconds
[2025-10-14T06:21:38.755+0000] {processor.py:161} INFO - Started process (PID=51528) to work on /home/airflow/.local/lib/python3.8/site-packages/airflow/example_dags/example_dynamic_task_mapping_with_no_taskflow_operators.py
[2025-10-14T06:21:38.756+0000] {processor.py:830} INFO - Processing file /home/airflow/.local/lib/python3.8/site-packages/airflow/example_dags/example_dynamic_task_mapping_with_no_taskflow_operators.py for tasks to queue
[2025-10-14T06:21:38.757+0000] {logging_mixin.py:188} INFO - [2025-10-14T06:21:38.757+0000] {dagbag.py:538} INFO - Filling up the DagBag from /home/airflow/.local/lib/python3.8/site-packages/airflow/example_dags/example_dynamic_task_mapping_with_no_taskflow_operators.py
[2025-10-14T06:21:38.765+0000] {processor.py:840} INFO - DAG(s) 'example_dynamic_task_mapping_with_no_taskflow_operators' retrieved from /home/airflow/.local/lib/python3.8/site-packages/airflow/example_dags/example_dynamic_task_mapping_with_no_taskflow_operators.py
[2025-10-14T06:21:38.793+0000] {logging_mixin.py:188} INFO - [2025-10-14T06:21:38.792+0000] {dag.py:3036} INFO - Sync 1 DAGs
[2025-10-14T06:21:38.818+0000] {logging_mixin.py:188} INFO - [2025-10-14T06:21:38.817+0000] {dag.py:3823} INFO - Setting next_dagrun for example_dynamic_task_mapping_with_no_taskflow_operators to 2025-10-13 00:00:00+00:00, run_after=2025-10-14 00:00:00+00:00
[2025-10-14T06:21:38.840+0000] {processor.py:183} INFO - Processing /home/airflow/.local/lib/python3.8/site-packages/airflow/example_dags/example_dynamic_task_mapping_with_no_taskflow_operators.py took 0.089 seconds
[2025-10-14T06:22:09.402+0000] {processor.py:161} INFO - Started process (PID=51598) to work on /home/airflow/.local/lib/python3.8/site-packages/airflow/example_dags/example_dynamic_task_mapping_with_no_taskflow_operators.py
[2025-10-14T06:22:09.403+0000] {processor.py:830} INFO - Processing file /home/airflow/.local/lib/python3.8/site-packages/airflow/example_dags/example_dynamic_task_mapping_with_no_taskflow_operators.py for tasks to queue
[2025-10-14T06:22:09.404+0000] {logging_mixin.py:188} INFO - [2025-10-14T06:22:09.404+0000] {dagbag.py:538} INFO - Filling up the DagBag from /home/airflow/.local/lib/python3.8/site-packages/airflow/example_dags/example_dynamic_task_mapping_with_no_taskflow_operators.py
[2025-10-14T06:22:09.413+0000] {processor.py:840} INFO - DAG(s) 'example_dynamic_task_mapping_with_no_taskflow_operators' retrieved from /home/airflow/.local/lib/python3.8/site-packages/airflow/example_dags/example_dynamic_task_mapping_with_no_taskflow_operators.py
[2025-10-14T06:22:09.438+0000] {logging_mixin.py:188} INFO - [2025-10-14T06:22:09.438+0000] {dag.py:3036} INFO - Sync 1 DAGs
[2025-10-14T06:22:09.463+0000] {logging_mixin.py:188} INFO - [2025-10-14T06:22:09.463+0000] {dag.py:3823} INFO - Setting next_dagrun for example_dynamic_task_mapping_with_no_taskflow_operators to 2025-10-13 00:00:00+00:00, run_after=2025-10-14 00:00:00+00:00
[2025-10-14T06:22:09.487+0000] {processor.py:183} INFO - Processing /home/airflow/.local/lib/python3.8/site-packages/airflow/example_dags/example_dynamic_task_mapping_with_no_taskflow_operators.py took 0.089 seconds
[2025-10-14T06:22:39.635+0000] {processor.py:161} INFO - Started process (PID=51667) to work on /home/airflow/.local/lib/python3.8/site-packages/airflow/example_dags/example_dynamic_task_mapping_with_no_taskflow_operators.py
[2025-10-14T06:22:39.636+0000] {processor.py:830} INFO - Processing file /home/airflow/.local/lib/python3.8/site-packages/airflow/example_dags/example_dynamic_task_mapping_with_no_taskflow_operators.py for tasks to queue
[2025-10-14T06:22:39.637+0000] {logging_mixin.py:188} INFO - [2025-10-14T06:22:39.637+0000] {dagbag.py:538} INFO - Filling up the DagBag from /home/airflow/.local/lib/python3.8/site-packages/airflow/example_dags/example_dynamic_task_mapping_with_no_taskflow_operators.py
[2025-10-14T06:22:39.645+0000] {processor.py:840} INFO - DAG(s) 'example_dynamic_task_mapping_with_no_taskflow_operators' retrieved from /home/airflow/.local/lib/python3.8/site-packages/airflow/example_dags/example_dynamic_task_mapping_with_no_taskflow_operators.py
[2025-10-14T06:22:39.672+0000] {logging_mixin.py:188} INFO - [2025-10-14T06:22:39.672+0000] {dag.py:3036} INFO - Sync 1 DAGs
[2025-10-14T06:22:39.699+0000] {logging_mixin.py:188} INFO - [2025-10-14T06:22:39.699+0000] {dag.py:3823} INFO - Setting next_dagrun for example_dynamic_task_mapping_with_no_taskflow_operators to 2025-10-13 00:00:00+00:00, run_after=2025-10-14 00:00:00+00:00
[2025-10-14T06:22:39.723+0000] {processor.py:183} INFO - Processing /home/airflow/.local/lib/python3.8/site-packages/airflow/example_dags/example_dynamic_task_mapping_with_no_taskflow_operators.py took 0.092 seconds
[2025-10-14T06:23:10.421+0000] {processor.py:161} INFO - Started process (PID=51737) to work on /home/airflow/.local/lib/python3.8/site-packages/airflow/example_dags/example_dynamic_task_mapping_with_no_taskflow_operators.py
[2025-10-14T06:23:10.422+0000] {processor.py:830} INFO - Processing file /home/airflow/.local/lib/python3.8/site-packages/airflow/example_dags/example_dynamic_task_mapping_with_no_taskflow_operators.py for tasks to queue
[2025-10-14T06:23:10.424+0000] {logging_mixin.py:188} INFO - [2025-10-14T06:23:10.423+0000] {dagbag.py:538} INFO - Filling up the DagBag from /home/airflow/.local/lib/python3.8/site-packages/airflow/example_dags/example_dynamic_task_mapping_with_no_taskflow_operators.py
[2025-10-14T06:23:10.432+0000] {processor.py:840} INFO - DAG(s) 'example_dynamic_task_mapping_with_no_taskflow_operators' retrieved from /home/airflow/.local/lib/python3.8/site-packages/airflow/example_dags/example_dynamic_task_mapping_with_no_taskflow_operators.py
[2025-10-14T06:23:10.460+0000] {logging_mixin.py:188} INFO - [2025-10-14T06:23:10.459+0000] {dag.py:3036} INFO - Sync 1 DAGs
[2025-10-14T06:23:10.486+0000] {logging_mixin.py:188} INFO - [2025-10-14T06:23:10.486+0000] {dag.py:3823} INFO - Setting next_dagrun for example_dynamic_task_mapping_with_no_taskflow_operators to 2025-10-13 00:00:00+00:00, run_after=2025-10-14 00:00:00+00:00
[2025-10-14T06:23:10.510+0000] {processor.py:183} INFO - Processing /home/airflow/.local/lib/python3.8/site-packages/airflow/example_dags/example_dynamic_task_mapping_with_no_taskflow_operators.py took 0.093 seconds
[2025-10-14T06:23:41.382+0000] {processor.py:161} INFO - Started process (PID=51812) to work on /home/airflow/.local/lib/python3.8/site-packages/airflow/example_dags/example_dynamic_task_mapping_with_no_taskflow_operators.py
[2025-10-14T06:23:41.383+0000] {processor.py:830} INFO - Processing file /home/airflow/.local/lib/python3.8/site-packages/airflow/example_dags/example_dynamic_task_mapping_with_no_taskflow_operators.py for tasks to queue
[2025-10-14T06:23:41.384+0000] {logging_mixin.py:188} INFO - [2025-10-14T06:23:41.384+0000] {dagbag.py:538} INFO - Filling up the DagBag from /home/airflow/.local/lib/python3.8/site-packages/airflow/example_dags/example_dynamic_task_mapping_with_no_taskflow_operators.py
[2025-10-14T06:23:41.392+0000] {processor.py:840} INFO - DAG(s) 'example_dynamic_task_mapping_with_no_taskflow_operators' retrieved from /home/airflow/.local/lib/python3.8/site-packages/airflow/example_dags/example_dynamic_task_mapping_with_no_taskflow_operators.py
[2025-10-14T06:23:41.421+0000] {logging_mixin.py:188} INFO - [2025-10-14T06:23:41.420+0000] {dag.py:3036} INFO - Sync 1 DAGs
[2025-10-14T06:23:41.446+0000] {logging_mixin.py:188} INFO - [2025-10-14T06:23:41.446+0000] {dag.py:3823} INFO - Setting next_dagrun for example_dynamic_task_mapping_with_no_taskflow_operators to 2025-10-13 00:00:00+00:00, run_after=2025-10-14 00:00:00+00:00
[2025-10-14T06:23:41.467+0000] {processor.py:183} INFO - Processing /home/airflow/.local/lib/python3.8/site-packages/airflow/example_dags/example_dynamic_task_mapping_with_no_taskflow_operators.py took 0.090 seconds
[2025-10-14T06:24:12.397+0000] {processor.py:161} INFO - Started process (PID=51882) to work on /home/airflow/.local/lib/python3.8/site-packages/airflow/example_dags/example_dynamic_task_mapping_with_no_taskflow_operators.py
[2025-10-14T06:24:12.398+0000] {processor.py:830} INFO - Processing file /home/airflow/.local/lib/python3.8/site-packages/airflow/example_dags/example_dynamic_task_mapping_with_no_taskflow_operators.py for tasks to queue
[2025-10-14T06:24:12.399+0000] {logging_mixin.py:188} INFO - [2025-10-14T06:24:12.399+0000] {dagbag.py:538} INFO - Filling up the DagBag from /home/airflow/.local/lib/python3.8/site-packages/airflow/example_dags/example_dynamic_task_mapping_with_no_taskflow_operators.py
[2025-10-14T06:24:12.407+0000] {processor.py:840} INFO - DAG(s) 'example_dynamic_task_mapping_with_no_taskflow_operators' retrieved from /home/airflow/.local/lib/python3.8/site-packages/airflow/example_dags/example_dynamic_task_mapping_with_no_taskflow_operators.py
[2025-10-14T06:24:12.433+0000] {logging_mixin.py:188} INFO - [2025-10-14T06:24:12.432+0000] {dag.py:3036} INFO - Sync 1 DAGs
[2025-10-14T06:24:12.458+0000] {logging_mixin.py:188} INFO - [2025-10-14T06:24:12.458+0000] {dag.py:3823} INFO - Setting next_dagrun for example_dynamic_task_mapping_with_no_taskflow_operators to 2025-10-13 00:00:00+00:00, run_after=2025-10-14 00:00:00+00:00
[2025-10-14T06:24:12.479+0000] {processor.py:183} INFO - Processing /home/airflow/.local/lib/python3.8/site-packages/airflow/example_dags/example_dynamic_task_mapping_with_no_taskflow_operators.py took 0.086 seconds
[2025-10-14T06:24:43.131+0000] {processor.py:161} INFO - Started process (PID=51952) to work on /home/airflow/.local/lib/python3.8/site-packages/airflow/example_dags/example_dynamic_task_mapping_with_no_taskflow_operators.py
[2025-10-14T06:24:43.132+0000] {processor.py:830} INFO - Processing file /home/airflow/.local/lib/python3.8/site-packages/airflow/example_dags/example_dynamic_task_mapping_with_no_taskflow_operators.py for tasks to queue
[2025-10-14T06:24:43.134+0000] {logging_mixin.py:188} INFO - [2025-10-14T06:24:43.133+0000] {dagbag.py:538} INFO - Filling up the DagBag from /home/airflow/.local/lib/python3.8/site-packages/airflow/example_dags/example_dynamic_task_mapping_with_no_taskflow_operators.py
[2025-10-14T06:24:43.141+0000] {processor.py:840} INFO - DAG(s) 'example_dynamic_task_mapping_with_no_taskflow_operators' retrieved from /home/airflow/.local/lib/python3.8/site-packages/airflow/example_dags/example_dynamic_task_mapping_with_no_taskflow_operators.py
[2025-10-14T06:24:43.168+0000] {logging_mixin.py:188} INFO - [2025-10-14T06:24:43.168+0000] {dag.py:3036} INFO - Sync 1 DAGs
[2025-10-14T06:24:43.194+0000] {logging_mixin.py:188} INFO - [2025-10-14T06:24:43.194+0000] {dag.py:3823} INFO - Setting next_dagrun for example_dynamic_task_mapping_with_no_taskflow_operators to 2025-10-13 00:00:00+00:00, run_after=2025-10-14 00:00:00+00:00
[2025-10-14T06:24:43.217+0000] {processor.py:183} INFO - Processing /home/airflow/.local/lib/python3.8/site-packages/airflow/example_dags/example_dynamic_task_mapping_with_no_taskflow_operators.py took 0.090 seconds
[2025-10-14T06:25:13.827+0000] {processor.py:161} INFO - Started process (PID=52021) to work on /home/airflow/.local/lib/python3.8/site-packages/airflow/example_dags/example_dynamic_task_mapping_with_no_taskflow_operators.py
[2025-10-14T06:25:13.828+0000] {processor.py:830} INFO - Processing file /home/airflow/.local/lib/python3.8/site-packages/airflow/example_dags/example_dynamic_task_mapping_with_no_taskflow_operators.py for tasks to queue
[2025-10-14T06:25:13.829+0000] {logging_mixin.py:188} INFO - [2025-10-14T06:25:13.829+0000] {dagbag.py:538} INFO - Filling up the DagBag from /home/airflow/.local/lib/python3.8/site-packages/airflow/example_dags/example_dynamic_task_mapping_with_no_taskflow_operators.py
[2025-10-14T06:25:13.838+0000] {processor.py:840} INFO - DAG(s) 'example_dynamic_task_mapping_with_no_taskflow_operators' retrieved from /home/airflow/.local/lib/python3.8/site-packages/airflow/example_dags/example_dynamic_task_mapping_with_no_taskflow_operators.py
[2025-10-14T06:25:13.865+0000] {logging_mixin.py:188} INFO - [2025-10-14T06:25:13.865+0000] {dag.py:3036} INFO - Sync 1 DAGs
[2025-10-14T06:25:13.893+0000] {logging_mixin.py:188} INFO - [2025-10-14T06:25:13.893+0000] {dag.py:3823} INFO - Setting next_dagrun for example_dynamic_task_mapping_with_no_taskflow_operators to 2025-10-13 00:00:00+00:00, run_after=2025-10-14 00:00:00+00:00
[2025-10-14T06:25:13.915+0000] {processor.py:183} INFO - Processing /home/airflow/.local/lib/python3.8/site-packages/airflow/example_dags/example_dynamic_task_mapping_with_no_taskflow_operators.py took 0.092 seconds
[2025-10-14T06:25:44.031+0000] {processor.py:161} INFO - Started process (PID=52091) to work on /home/airflow/.local/lib/python3.8/site-packages/airflow/example_dags/example_dynamic_task_mapping_with_no_taskflow_operators.py
[2025-10-14T06:25:44.033+0000] {processor.py:830} INFO - Processing file /home/airflow/.local/lib/python3.8/site-packages/airflow/example_dags/example_dynamic_task_mapping_with_no_taskflow_operators.py for tasks to queue
[2025-10-14T06:25:44.034+0000] {logging_mixin.py:188} INFO - [2025-10-14T06:25:44.034+0000] {dagbag.py:538} INFO - Filling up the DagBag from /home/airflow/.local/lib/python3.8/site-packages/airflow/example_dags/example_dynamic_task_mapping_with_no_taskflow_operators.py
[2025-10-14T06:25:44.042+0000] {processor.py:840} INFO - DAG(s) 'example_dynamic_task_mapping_with_no_taskflow_operators' retrieved from /home/airflow/.local/lib/python3.8/site-packages/airflow/example_dags/example_dynamic_task_mapping_with_no_taskflow_operators.py
[2025-10-14T06:25:44.070+0000] {logging_mixin.py:188} INFO - [2025-10-14T06:25:44.070+0000] {dag.py:3036} INFO - Sync 1 DAGs
[2025-10-14T06:25:44.095+0000] {logging_mixin.py:188} INFO - [2025-10-14T06:25:44.095+0000] {dag.py:3823} INFO - Setting next_dagrun for example_dynamic_task_mapping_with_no_taskflow_operators to 2025-10-13 00:00:00+00:00, run_after=2025-10-14 00:00:00+00:00
[2025-10-14T06:25:44.117+0000] {processor.py:183} INFO - Processing /home/airflow/.local/lib/python3.8/site-packages/airflow/example_dags/example_dynamic_task_mapping_with_no_taskflow_operators.py took 0.090 seconds
[2025-10-14T06:26:14.913+0000] {processor.py:161} INFO - Started process (PID=52161) to work on /home/airflow/.local/lib/python3.8/site-packages/airflow/example_dags/example_dynamic_task_mapping_with_no_taskflow_operators.py
[2025-10-14T06:26:14.914+0000] {processor.py:830} INFO - Processing file /home/airflow/.local/lib/python3.8/site-packages/airflow/example_dags/example_dynamic_task_mapping_with_no_taskflow_operators.py for tasks to queue
[2025-10-14T06:26:14.916+0000] {logging_mixin.py:188} INFO - [2025-10-14T06:26:14.915+0000] {dagbag.py:538} INFO - Filling up the DagBag from /home/airflow/.local/lib/python3.8/site-packages/airflow/example_dags/example_dynamic_task_mapping_with_no_taskflow_operators.py
[2025-10-14T06:26:14.923+0000] {processor.py:840} INFO - DAG(s) 'example_dynamic_task_mapping_with_no_taskflow_operators' retrieved from /home/airflow/.local/lib/python3.8/site-packages/airflow/example_dags/example_dynamic_task_mapping_with_no_taskflow_operators.py
[2025-10-14T06:26:14.951+0000] {logging_mixin.py:188} INFO - [2025-10-14T06:26:14.951+0000] {dag.py:3036} INFO - Sync 1 DAGs
[2025-10-14T06:26:14.977+0000] {logging_mixin.py:188} INFO - [2025-10-14T06:26:14.977+0000] {dag.py:3823} INFO - Setting next_dagrun for example_dynamic_task_mapping_with_no_taskflow_operators to 2025-10-13 00:00:00+00:00, run_after=2025-10-14 00:00:00+00:00
[2025-10-14T06:26:14.999+0000] {processor.py:183} INFO - Processing /home/airflow/.local/lib/python3.8/site-packages/airflow/example_dags/example_dynamic_task_mapping_with_no_taskflow_operators.py took 0.089 seconds
[2025-10-14T06:26:45.595+0000] {processor.py:161} INFO - Started process (PID=52231) to work on /home/airflow/.local/lib/python3.8/site-packages/airflow/example_dags/example_dynamic_task_mapping_with_no_taskflow_operators.py
[2025-10-14T06:26:45.596+0000] {processor.py:830} INFO - Processing file /home/airflow/.local/lib/python3.8/site-packages/airflow/example_dags/example_dynamic_task_mapping_with_no_taskflow_operators.py for tasks to queue
[2025-10-14T06:26:45.598+0000] {logging_mixin.py:188} INFO - [2025-10-14T06:26:45.597+0000] {dagbag.py:538} INFO - Filling up the DagBag from /home/airflow/.local/lib/python3.8/site-packages/airflow/example_dags/example_dynamic_task_mapping_with_no_taskflow_operators.py
[2025-10-14T06:26:45.605+0000] {processor.py:840} INFO - DAG(s) 'example_dynamic_task_mapping_with_no_taskflow_operators' retrieved from /home/airflow/.local/lib/python3.8/site-packages/airflow/example_dags/example_dynamic_task_mapping_with_no_taskflow_operators.py
[2025-10-14T06:26:45.633+0000] {logging_mixin.py:188} INFO - [2025-10-14T06:26:45.633+0000] {dag.py:3036} INFO - Sync 1 DAGs
[2025-10-14T06:26:45.658+0000] {logging_mixin.py:188} INFO - [2025-10-14T06:26:45.658+0000] {dag.py:3823} INFO - Setting next_dagrun for example_dynamic_task_mapping_with_no_taskflow_operators to 2025-10-13 00:00:00+00:00, run_after=2025-10-14 00:00:00+00:00
[2025-10-14T06:26:45.682+0000] {processor.py:183} INFO - Processing /home/airflow/.local/lib/python3.8/site-packages/airflow/example_dags/example_dynamic_task_mapping_with_no_taskflow_operators.py took 0.091 seconds
[2025-10-14T06:27:15.874+0000] {processor.py:161} INFO - Started process (PID=52301) to work on /home/airflow/.local/lib/python3.8/site-packages/airflow/example_dags/example_dynamic_task_mapping_with_no_taskflow_operators.py
[2025-10-14T06:27:15.875+0000] {processor.py:830} INFO - Processing file /home/airflow/.local/lib/python3.8/site-packages/airflow/example_dags/example_dynamic_task_mapping_with_no_taskflow_operators.py for tasks to queue
[2025-10-14T06:27:15.876+0000] {logging_mixin.py:188} INFO - [2025-10-14T06:27:15.875+0000] {dagbag.py:538} INFO - Filling up the DagBag from /home/airflow/.local/lib/python3.8/site-packages/airflow/example_dags/example_dynamic_task_mapping_with_no_taskflow_operators.py
[2025-10-14T06:27:15.886+0000] {processor.py:840} INFO - DAG(s) 'example_dynamic_task_mapping_with_no_taskflow_operators' retrieved from /home/airflow/.local/lib/python3.8/site-packages/airflow/example_dags/example_dynamic_task_mapping_with_no_taskflow_operators.py
[2025-10-14T06:27:15.913+0000] {logging_mixin.py:188} INFO - [2025-10-14T06:27:15.913+0000] {dag.py:3036} INFO - Sync 1 DAGs
[2025-10-14T06:27:15.940+0000] {logging_mixin.py:188} INFO - [2025-10-14T06:27:15.939+0000] {dag.py:3823} INFO - Setting next_dagrun for example_dynamic_task_mapping_with_no_taskflow_operators to 2025-10-13 00:00:00+00:00, run_after=2025-10-14 00:00:00+00:00
[2025-10-14T06:27:15.968+0000] {processor.py:183} INFO - Processing /home/airflow/.local/lib/python3.8/site-packages/airflow/example_dags/example_dynamic_task_mapping_with_no_taskflow_operators.py took 0.099 seconds
[2025-10-14T06:27:46.064+0000] {processor.py:161} INFO - Started process (PID=52371) to work on /home/airflow/.local/lib/python3.8/site-packages/airflow/example_dags/example_dynamic_task_mapping_with_no_taskflow_operators.py
[2025-10-14T06:27:46.066+0000] {processor.py:830} INFO - Processing file /home/airflow/.local/lib/python3.8/site-packages/airflow/example_dags/example_dynamic_task_mapping_with_no_taskflow_operators.py for tasks to queue
[2025-10-14T06:27:46.067+0000] {logging_mixin.py:188} INFO - [2025-10-14T06:27:46.067+0000] {dagbag.py:538} INFO - Filling up the DagBag from /home/airflow/.local/lib/python3.8/site-packages/airflow/example_dags/example_dynamic_task_mapping_with_no_taskflow_operators.py
[2025-10-14T06:27:46.076+0000] {processor.py:840} INFO - DAG(s) 'example_dynamic_task_mapping_with_no_taskflow_operators' retrieved from /home/airflow/.local/lib/python3.8/site-packages/airflow/example_dags/example_dynamic_task_mapping_with_no_taskflow_operators.py
[2025-10-14T06:27:46.102+0000] {logging_mixin.py:188} INFO - [2025-10-14T06:27:46.102+0000] {dag.py:3036} INFO - Sync 1 DAGs
[2025-10-14T06:27:46.126+0000] {logging_mixin.py:188} INFO - [2025-10-14T06:27:46.126+0000] {dag.py:3823} INFO - Setting next_dagrun for example_dynamic_task_mapping_with_no_taskflow_operators to 2025-10-13 00:00:00+00:00, run_after=2025-10-14 00:00:00+00:00
[2025-10-14T06:27:46.149+0000] {processor.py:183} INFO - Processing /home/airflow/.local/lib/python3.8/site-packages/airflow/example_dags/example_dynamic_task_mapping_with_no_taskflow_operators.py took 0.090 seconds
[2025-10-14T06:28:16.910+0000] {processor.py:161} INFO - Started process (PID=52441) to work on /home/airflow/.local/lib/python3.8/site-packages/airflow/example_dags/example_dynamic_task_mapping_with_no_taskflow_operators.py
[2025-10-14T06:28:16.911+0000] {processor.py:830} INFO - Processing file /home/airflow/.local/lib/python3.8/site-packages/airflow/example_dags/example_dynamic_task_mapping_with_no_taskflow_operators.py for tasks to queue
[2025-10-14T06:28:16.913+0000] {logging_mixin.py:188} INFO - [2025-10-14T06:28:16.912+0000] {dagbag.py:538} INFO - Filling up the DagBag from /home/airflow/.local/lib/python3.8/site-packages/airflow/example_dags/example_dynamic_task_mapping_with_no_taskflow_operators.py
[2025-10-14T06:28:16.921+0000] {processor.py:840} INFO - DAG(s) 'example_dynamic_task_mapping_with_no_taskflow_operators' retrieved from /home/airflow/.local/lib/python3.8/site-packages/airflow/example_dags/example_dynamic_task_mapping_with_no_taskflow_operators.py
[2025-10-14T06:28:16.947+0000] {logging_mixin.py:188} INFO - [2025-10-14T06:28:16.946+0000] {dag.py:3036} INFO - Sync 1 DAGs
[2025-10-14T06:28:16.971+0000] {logging_mixin.py:188} INFO - [2025-10-14T06:28:16.971+0000] {dag.py:3823} INFO - Setting next_dagrun for example_dynamic_task_mapping_with_no_taskflow_operators to 2025-10-13 00:00:00+00:00, run_after=2025-10-14 00:00:00+00:00
[2025-10-14T06:28:16.993+0000] {processor.py:183} INFO - Processing /home/airflow/.local/lib/python3.8/site-packages/airflow/example_dags/example_dynamic_task_mapping_with_no_taskflow_operators.py took 0.087 seconds
[2025-10-14T06:28:47.698+0000] {processor.py:161} INFO - Started process (PID=52511) to work on /home/airflow/.local/lib/python3.8/site-packages/airflow/example_dags/example_dynamic_task_mapping_with_no_taskflow_operators.py
[2025-10-14T06:28:47.699+0000] {processor.py:830} INFO - Processing file /home/airflow/.local/lib/python3.8/site-packages/airflow/example_dags/example_dynamic_task_mapping_with_no_taskflow_operators.py for tasks to queue
[2025-10-14T06:28:47.701+0000] {logging_mixin.py:188} INFO - [2025-10-14T06:28:47.700+0000] {dagbag.py:538} INFO - Filling up the DagBag from /home/airflow/.local/lib/python3.8/site-packages/airflow/example_dags/example_dynamic_task_mapping_with_no_taskflow_operators.py
[2025-10-14T06:28:47.713+0000] {processor.py:840} INFO - DAG(s) 'example_dynamic_task_mapping_with_no_taskflow_operators' retrieved from /home/airflow/.local/lib/python3.8/site-packages/airflow/example_dags/example_dynamic_task_mapping_with_no_taskflow_operators.py
[2025-10-14T06:28:47.754+0000] {logging_mixin.py:188} INFO - [2025-10-14T06:28:47.753+0000] {dag.py:3036} INFO - Sync 1 DAGs
[2025-10-14T06:28:47.784+0000] {logging_mixin.py:188} INFO - [2025-10-14T06:28:47.784+0000] {dag.py:3823} INFO - Setting next_dagrun for example_dynamic_task_mapping_with_no_taskflow_operators to 2025-10-13 00:00:00+00:00, run_after=2025-10-14 00:00:00+00:00
[2025-10-14T06:28:47.836+0000] {processor.py:183} INFO - Processing /home/airflow/.local/lib/python3.8/site-packages/airflow/example_dags/example_dynamic_task_mapping_with_no_taskflow_operators.py took 0.144 seconds
[2025-10-14T06:29:18.540+0000] {processor.py:161} INFO - Started process (PID=52581) to work on /home/airflow/.local/lib/python3.8/site-packages/airflow/example_dags/example_dynamic_task_mapping_with_no_taskflow_operators.py
[2025-10-14T06:29:18.542+0000] {processor.py:830} INFO - Processing file /home/airflow/.local/lib/python3.8/site-packages/airflow/example_dags/example_dynamic_task_mapping_with_no_taskflow_operators.py for tasks to queue
[2025-10-14T06:29:18.543+0000] {logging_mixin.py:188} INFO - [2025-10-14T06:29:18.543+0000] {dagbag.py:538} INFO - Filling up the DagBag from /home/airflow/.local/lib/python3.8/site-packages/airflow/example_dags/example_dynamic_task_mapping_with_no_taskflow_operators.py
[2025-10-14T06:29:18.554+0000] {processor.py:840} INFO - DAG(s) 'example_dynamic_task_mapping_with_no_taskflow_operators' retrieved from /home/airflow/.local/lib/python3.8/site-packages/airflow/example_dags/example_dynamic_task_mapping_with_no_taskflow_operators.py
[2025-10-14T06:29:18.583+0000] {logging_mixin.py:188} INFO - [2025-10-14T06:29:18.582+0000] {dag.py:3036} INFO - Sync 1 DAGs
[2025-10-14T06:29:18.608+0000] {logging_mixin.py:188} INFO - [2025-10-14T06:29:18.607+0000] {dag.py:3823} INFO - Setting next_dagrun for example_dynamic_task_mapping_with_no_taskflow_operators to 2025-10-13 00:00:00+00:00, run_after=2025-10-14 00:00:00+00:00
[2025-10-14T06:29:18.632+0000] {processor.py:183} INFO - Processing /home/airflow/.local/lib/python3.8/site-packages/airflow/example_dags/example_dynamic_task_mapping_with_no_taskflow_operators.py took 0.096 seconds
[2025-10-14T06:29:48.924+0000] {processor.py:161} INFO - Started process (PID=52651) to work on /home/airflow/.local/lib/python3.8/site-packages/airflow/example_dags/example_dynamic_task_mapping_with_no_taskflow_operators.py
[2025-10-14T06:29:48.926+0000] {processor.py:830} INFO - Processing file /home/airflow/.local/lib/python3.8/site-packages/airflow/example_dags/example_dynamic_task_mapping_with_no_taskflow_operators.py for tasks to queue
[2025-10-14T06:29:48.927+0000] {logging_mixin.py:188} INFO - [2025-10-14T06:29:48.927+0000] {dagbag.py:538} INFO - Filling up the DagBag from /home/airflow/.local/lib/python3.8/site-packages/airflow/example_dags/example_dynamic_task_mapping_with_no_taskflow_operators.py
[2025-10-14T06:29:48.935+0000] {processor.py:840} INFO - DAG(s) 'example_dynamic_task_mapping_with_no_taskflow_operators' retrieved from /home/airflow/.local/lib/python3.8/site-packages/airflow/example_dags/example_dynamic_task_mapping_with_no_taskflow_operators.py
[2025-10-14T06:29:48.997+0000] {logging_mixin.py:188} INFO - [2025-10-14T06:29:48.997+0000] {dag.py:3036} INFO - Sync 1 DAGs
[2025-10-14T06:29:49.051+0000] {logging_mixin.py:188} INFO - [2025-10-14T06:29:49.051+0000] {dag.py:3823} INFO - Setting next_dagrun for example_dynamic_task_mapping_with_no_taskflow_operators to 2025-10-13 00:00:00+00:00, run_after=2025-10-14 00:00:00+00:00
[2025-10-14T06:29:49.073+0000] {processor.py:183} INFO - Processing /home/airflow/.local/lib/python3.8/site-packages/airflow/example_dags/example_dynamic_task_mapping_with_no_taskflow_operators.py took 0.153 seconds
[2025-10-14T06:30:19.732+0000] {processor.py:161} INFO - Started process (PID=52721) to work on /home/airflow/.local/lib/python3.8/site-packages/airflow/example_dags/example_dynamic_task_mapping_with_no_taskflow_operators.py
[2025-10-14T06:30:19.733+0000] {processor.py:830} INFO - Processing file /home/airflow/.local/lib/python3.8/site-packages/airflow/example_dags/example_dynamic_task_mapping_with_no_taskflow_operators.py for tasks to queue
[2025-10-14T06:30:19.734+0000] {logging_mixin.py:188} INFO - [2025-10-14T06:30:19.734+0000] {dagbag.py:538} INFO - Filling up the DagBag from /home/airflow/.local/lib/python3.8/site-packages/airflow/example_dags/example_dynamic_task_mapping_with_no_taskflow_operators.py
[2025-10-14T06:30:19.742+0000] {processor.py:840} INFO - DAG(s) 'example_dynamic_task_mapping_with_no_taskflow_operators' retrieved from /home/airflow/.local/lib/python3.8/site-packages/airflow/example_dags/example_dynamic_task_mapping_with_no_taskflow_operators.py
[2025-10-14T06:30:19.769+0000] {logging_mixin.py:188} INFO - [2025-10-14T06:30:19.769+0000] {dag.py:3036} INFO - Sync 1 DAGs
[2025-10-14T06:30:19.796+0000] {logging_mixin.py:188} INFO - [2025-10-14T06:30:19.796+0000] {dag.py:3823} INFO - Setting next_dagrun for example_dynamic_task_mapping_with_no_taskflow_operators to 2025-10-13 00:00:00+00:00, run_after=2025-10-14 00:00:00+00:00
[2025-10-14T06:30:19.818+0000] {processor.py:183} INFO - Processing /home/airflow/.local/lib/python3.8/site-packages/airflow/example_dags/example_dynamic_task_mapping_with_no_taskflow_operators.py took 0.090 seconds
[2025-10-14T06:30:50.265+0000] {processor.py:161} INFO - Started process (PID=52788) to work on /home/airflow/.local/lib/python3.8/site-packages/airflow/example_dags/example_dynamic_task_mapping_with_no_taskflow_operators.py
[2025-10-14T06:30:50.267+0000] {processor.py:830} INFO - Processing file /home/airflow/.local/lib/python3.8/site-packages/airflow/example_dags/example_dynamic_task_mapping_with_no_taskflow_operators.py for tasks to queue
[2025-10-14T06:30:50.268+0000] {logging_mixin.py:188} INFO - [2025-10-14T06:30:50.268+0000] {dagbag.py:538} INFO - Filling up the DagBag from /home/airflow/.local/lib/python3.8/site-packages/airflow/example_dags/example_dynamic_task_mapping_with_no_taskflow_operators.py
[2025-10-14T06:30:50.277+0000] {processor.py:840} INFO - DAG(s) 'example_dynamic_task_mapping_with_no_taskflow_operators' retrieved from /home/airflow/.local/lib/python3.8/site-packages/airflow/example_dags/example_dynamic_task_mapping_with_no_taskflow_operators.py
[2025-10-14T06:30:50.305+0000] {logging_mixin.py:188} INFO - [2025-10-14T06:30:50.304+0000] {dag.py:3036} INFO - Sync 1 DAGs
[2025-10-14T06:30:50.331+0000] {logging_mixin.py:188} INFO - [2025-10-14T06:30:50.331+0000] {dag.py:3823} INFO - Setting next_dagrun for example_dynamic_task_mapping_with_no_taskflow_operators to 2025-10-13 00:00:00+00:00, run_after=2025-10-14 00:00:00+00:00
[2025-10-14T06:30:50.353+0000] {processor.py:183} INFO - Processing /home/airflow/.local/lib/python3.8/site-packages/airflow/example_dags/example_dynamic_task_mapping_with_no_taskflow_operators.py took 0.091 seconds
[2025-10-14T06:31:20.686+0000] {processor.py:161} INFO - Started process (PID=52854) to work on /home/airflow/.local/lib/python3.8/site-packages/airflow/example_dags/example_dynamic_task_mapping_with_no_taskflow_operators.py
[2025-10-14T06:31:20.688+0000] {processor.py:830} INFO - Processing file /home/airflow/.local/lib/python3.8/site-packages/airflow/example_dags/example_dynamic_task_mapping_with_no_taskflow_operators.py for tasks to queue
[2025-10-14T06:31:20.689+0000] {logging_mixin.py:188} INFO - [2025-10-14T06:31:20.689+0000] {dagbag.py:538} INFO - Filling up the DagBag from /home/airflow/.local/lib/python3.8/site-packages/airflow/example_dags/example_dynamic_task_mapping_with_no_taskflow_operators.py
[2025-10-14T06:31:20.697+0000] {processor.py:840} INFO - DAG(s) 'example_dynamic_task_mapping_with_no_taskflow_operators' retrieved from /home/airflow/.local/lib/python3.8/site-packages/airflow/example_dags/example_dynamic_task_mapping_with_no_taskflow_operators.py
[2025-10-14T06:31:20.724+0000] {logging_mixin.py:188} INFO - [2025-10-14T06:31:20.724+0000] {dag.py:3036} INFO - Sync 1 DAGs
[2025-10-14T06:31:20.750+0000] {logging_mixin.py:188} INFO - [2025-10-14T06:31:20.750+0000] {dag.py:3823} INFO - Setting next_dagrun for example_dynamic_task_mapping_with_no_taskflow_operators to 2025-10-13 00:00:00+00:00, run_after=2025-10-14 00:00:00+00:00
[2025-10-14T06:31:20.774+0000] {processor.py:183} INFO - Processing /home/airflow/.local/lib/python3.8/site-packages/airflow/example_dags/example_dynamic_task_mapping_with_no_taskflow_operators.py took 0.092 seconds
[2025-10-14T06:31:51.880+0000] {processor.py:161} INFO - Started process (PID=52924) to work on /home/airflow/.local/lib/python3.8/site-packages/airflow/example_dags/example_dynamic_task_mapping_with_no_taskflow_operators.py
[2025-10-14T06:31:51.881+0000] {processor.py:830} INFO - Processing file /home/airflow/.local/lib/python3.8/site-packages/airflow/example_dags/example_dynamic_task_mapping_with_no_taskflow_operators.py for tasks to queue
[2025-10-14T06:31:51.882+0000] {logging_mixin.py:188} INFO - [2025-10-14T06:31:51.882+0000] {dagbag.py:538} INFO - Filling up the DagBag from /home/airflow/.local/lib/python3.8/site-packages/airflow/example_dags/example_dynamic_task_mapping_with_no_taskflow_operators.py
[2025-10-14T06:31:51.891+0000] {processor.py:840} INFO - DAG(s) 'example_dynamic_task_mapping_with_no_taskflow_operators' retrieved from /home/airflow/.local/lib/python3.8/site-packages/airflow/example_dags/example_dynamic_task_mapping_with_no_taskflow_operators.py
[2025-10-14T06:31:51.920+0000] {logging_mixin.py:188} INFO - [2025-10-14T06:31:51.920+0000] {dag.py:3036} INFO - Sync 1 DAGs
[2025-10-14T06:31:51.947+0000] {logging_mixin.py:188} INFO - [2025-10-14T06:31:51.947+0000] {dag.py:3823} INFO - Setting next_dagrun for example_dynamic_task_mapping_with_no_taskflow_operators to 2025-10-13 00:00:00+00:00, run_after=2025-10-14 00:00:00+00:00
[2025-10-14T06:31:51.970+0000] {processor.py:183} INFO - Processing /home/airflow/.local/lib/python3.8/site-packages/airflow/example_dags/example_dynamic_task_mapping_with_no_taskflow_operators.py took 0.094 seconds
[2025-10-14T06:32:22.633+0000] {processor.py:161} INFO - Started process (PID=52994) to work on /home/airflow/.local/lib/python3.8/site-packages/airflow/example_dags/example_dynamic_task_mapping_with_no_taskflow_operators.py
[2025-10-14T06:32:22.635+0000] {processor.py:830} INFO - Processing file /home/airflow/.local/lib/python3.8/site-packages/airflow/example_dags/example_dynamic_task_mapping_with_no_taskflow_operators.py for tasks to queue
[2025-10-14T06:32:22.636+0000] {logging_mixin.py:188} INFO - [2025-10-14T06:32:22.636+0000] {dagbag.py:538} INFO - Filling up the DagBag from /home/airflow/.local/lib/python3.8/site-packages/airflow/example_dags/example_dynamic_task_mapping_with_no_taskflow_operators.py
[2025-10-14T06:32:22.646+0000] {processor.py:840} INFO - DAG(s) 'example_dynamic_task_mapping_with_no_taskflow_operators' retrieved from /home/airflow/.local/lib/python3.8/site-packages/airflow/example_dags/example_dynamic_task_mapping_with_no_taskflow_operators.py
[2025-10-14T06:32:22.672+0000] {logging_mixin.py:188} INFO - [2025-10-14T06:32:22.672+0000] {dag.py:3036} INFO - Sync 1 DAGs
[2025-10-14T06:32:22.698+0000] {logging_mixin.py:188} INFO - [2025-10-14T06:32:22.698+0000] {dag.py:3823} INFO - Setting next_dagrun for example_dynamic_task_mapping_with_no_taskflow_operators to 2025-10-13 00:00:00+00:00, run_after=2025-10-14 00:00:00+00:00
[2025-10-14T06:32:22.719+0000] {processor.py:183} INFO - Processing /home/airflow/.local/lib/python3.8/site-packages/airflow/example_dags/example_dynamic_task_mapping_with_no_taskflow_operators.py took 0.091 seconds
[2025-10-14T06:32:53.273+0000] {processor.py:161} INFO - Started process (PID=53064) to work on /home/airflow/.local/lib/python3.8/site-packages/airflow/example_dags/example_dynamic_task_mapping_with_no_taskflow_operators.py
[2025-10-14T06:32:53.275+0000] {processor.py:830} INFO - Processing file /home/airflow/.local/lib/python3.8/site-packages/airflow/example_dags/example_dynamic_task_mapping_with_no_taskflow_operators.py for tasks to queue
[2025-10-14T06:32:53.276+0000] {logging_mixin.py:188} INFO - [2025-10-14T06:32:53.276+0000] {dagbag.py:538} INFO - Filling up the DagBag from /home/airflow/.local/lib/python3.8/site-packages/airflow/example_dags/example_dynamic_task_mapping_with_no_taskflow_operators.py
[2025-10-14T06:32:53.287+0000] {processor.py:840} INFO - DAG(s) 'example_dynamic_task_mapping_with_no_taskflow_operators' retrieved from /home/airflow/.local/lib/python3.8/site-packages/airflow/example_dags/example_dynamic_task_mapping_with_no_taskflow_operators.py
[2025-10-14T06:32:53.329+0000] {logging_mixin.py:188} INFO - [2025-10-14T06:32:53.329+0000] {dag.py:3036} INFO - Sync 1 DAGs
[2025-10-14T06:32:53.355+0000] {logging_mixin.py:188} INFO - [2025-10-14T06:32:53.354+0000] {dag.py:3823} INFO - Setting next_dagrun for example_dynamic_task_mapping_with_no_taskflow_operators to 2025-10-13 00:00:00+00:00, run_after=2025-10-14 00:00:00+00:00
[2025-10-14T06:32:53.375+0000] {processor.py:183} INFO - Processing /home/airflow/.local/lib/python3.8/site-packages/airflow/example_dags/example_dynamic_task_mapping_with_no_taskflow_operators.py took 0.106 seconds
[2025-10-14T06:33:24.058+0000] {processor.py:161} INFO - Started process (PID=53134) to work on /home/airflow/.local/lib/python3.8/site-packages/airflow/example_dags/example_dynamic_task_mapping_with_no_taskflow_operators.py
[2025-10-14T06:33:24.060+0000] {processor.py:830} INFO - Processing file /home/airflow/.local/lib/python3.8/site-packages/airflow/example_dags/example_dynamic_task_mapping_with_no_taskflow_operators.py for tasks to queue
[2025-10-14T06:33:24.061+0000] {logging_mixin.py:188} INFO - [2025-10-14T06:33:24.061+0000] {dagbag.py:538} INFO - Filling up the DagBag from /home/airflow/.local/lib/python3.8/site-packages/airflow/example_dags/example_dynamic_task_mapping_with_no_taskflow_operators.py
[2025-10-14T06:33:24.070+0000] {processor.py:840} INFO - DAG(s) 'example_dynamic_task_mapping_with_no_taskflow_operators' retrieved from /home/airflow/.local/lib/python3.8/site-packages/airflow/example_dags/example_dynamic_task_mapping_with_no_taskflow_operators.py
[2025-10-14T06:33:24.097+0000] {logging_mixin.py:188} INFO - [2025-10-14T06:33:24.096+0000] {dag.py:3036} INFO - Sync 1 DAGs
[2025-10-14T06:33:24.130+0000] {logging_mixin.py:188} INFO - [2025-10-14T06:33:24.130+0000] {dag.py:3823} INFO - Setting next_dagrun for example_dynamic_task_mapping_with_no_taskflow_operators to 2025-10-13 00:00:00+00:00, run_after=2025-10-14 00:00:00+00:00
[2025-10-14T06:33:24.161+0000] {processor.py:183} INFO - Processing /home/airflow/.local/lib/python3.8/site-packages/airflow/example_dags/example_dynamic_task_mapping_with_no_taskflow_operators.py took 0.106 seconds
[2025-10-14T06:33:54.908+0000] {processor.py:161} INFO - Started process (PID=53204) to work on /home/airflow/.local/lib/python3.8/site-packages/airflow/example_dags/example_dynamic_task_mapping_with_no_taskflow_operators.py
[2025-10-14T06:33:54.909+0000] {processor.py:830} INFO - Processing file /home/airflow/.local/lib/python3.8/site-packages/airflow/example_dags/example_dynamic_task_mapping_with_no_taskflow_operators.py for tasks to queue
[2025-10-14T06:33:54.910+0000] {logging_mixin.py:188} INFO - [2025-10-14T06:33:54.910+0000] {dagbag.py:538} INFO - Filling up the DagBag from /home/airflow/.local/lib/python3.8/site-packages/airflow/example_dags/example_dynamic_task_mapping_with_no_taskflow_operators.py
[2025-10-14T06:33:54.918+0000] {processor.py:840} INFO - DAG(s) 'example_dynamic_task_mapping_with_no_taskflow_operators' retrieved from /home/airflow/.local/lib/python3.8/site-packages/airflow/example_dags/example_dynamic_task_mapping_with_no_taskflow_operators.py
[2025-10-14T06:33:54.946+0000] {logging_mixin.py:188} INFO - [2025-10-14T06:33:54.945+0000] {dag.py:3036} INFO - Sync 1 DAGs
[2025-10-14T06:33:54.970+0000] {logging_mixin.py:188} INFO - [2025-10-14T06:33:54.970+0000] {dag.py:3823} INFO - Setting next_dagrun for example_dynamic_task_mapping_with_no_taskflow_operators to 2025-10-13 00:00:00+00:00, run_after=2025-10-14 00:00:00+00:00
[2025-10-14T06:33:54.993+0000] {processor.py:183} INFO - Processing /home/airflow/.local/lib/python3.8/site-packages/airflow/example_dags/example_dynamic_task_mapping_with_no_taskflow_operators.py took 0.088 seconds
[2025-10-14T06:34:25.480+0000] {processor.py:161} INFO - Started process (PID=53274) to work on /home/airflow/.local/lib/python3.8/site-packages/airflow/example_dags/example_dynamic_task_mapping_with_no_taskflow_operators.py
[2025-10-14T06:34:25.482+0000] {processor.py:830} INFO - Processing file /home/airflow/.local/lib/python3.8/site-packages/airflow/example_dags/example_dynamic_task_mapping_with_no_taskflow_operators.py for tasks to queue
[2025-10-14T06:34:25.483+0000] {logging_mixin.py:188} INFO - [2025-10-14T06:34:25.483+0000] {dagbag.py:538} INFO - Filling up the DagBag from /home/airflow/.local/lib/python3.8/site-packages/airflow/example_dags/example_dynamic_task_mapping_with_no_taskflow_operators.py
[2025-10-14T06:34:25.496+0000] {processor.py:840} INFO - DAG(s) 'example_dynamic_task_mapping_with_no_taskflow_operators' retrieved from /home/airflow/.local/lib/python3.8/site-packages/airflow/example_dags/example_dynamic_task_mapping_with_no_taskflow_operators.py
[2025-10-14T06:34:25.535+0000] {logging_mixin.py:188} INFO - [2025-10-14T06:34:25.535+0000] {dag.py:3036} INFO - Sync 1 DAGs
[2025-10-14T06:34:25.561+0000] {logging_mixin.py:188} INFO - [2025-10-14T06:34:25.561+0000] {dag.py:3823} INFO - Setting next_dagrun for example_dynamic_task_mapping_with_no_taskflow_operators to 2025-10-13 00:00:00+00:00, run_after=2025-10-14 00:00:00+00:00
[2025-10-14T06:34:25.584+0000] {processor.py:183} INFO - Processing /home/airflow/.local/lib/python3.8/site-packages/airflow/example_dags/example_dynamic_task_mapping_with_no_taskflow_operators.py took 0.108 seconds
[2025-10-14T06:34:56.706+0000] {processor.py:161} INFO - Started process (PID=53344) to work on /home/airflow/.local/lib/python3.8/site-packages/airflow/example_dags/example_dynamic_task_mapping_with_no_taskflow_operators.py
[2025-10-14T06:34:56.707+0000] {processor.py:830} INFO - Processing file /home/airflow/.local/lib/python3.8/site-packages/airflow/example_dags/example_dynamic_task_mapping_with_no_taskflow_operators.py for tasks to queue
[2025-10-14T06:34:56.708+0000] {logging_mixin.py:188} INFO - [2025-10-14T06:34:56.708+0000] {dagbag.py:538} INFO - Filling up the DagBag from /home/airflow/.local/lib/python3.8/site-packages/airflow/example_dags/example_dynamic_task_mapping_with_no_taskflow_operators.py
[2025-10-14T06:34:56.716+0000] {processor.py:840} INFO - DAG(s) 'example_dynamic_task_mapping_with_no_taskflow_operators' retrieved from /home/airflow/.local/lib/python3.8/site-packages/airflow/example_dags/example_dynamic_task_mapping_with_no_taskflow_operators.py
[2025-10-14T06:34:56.744+0000] {logging_mixin.py:188} INFO - [2025-10-14T06:34:56.744+0000] {dag.py:3036} INFO - Sync 1 DAGs
[2025-10-14T06:34:56.773+0000] {logging_mixin.py:188} INFO - [2025-10-14T06:34:56.772+0000] {dag.py:3823} INFO - Setting next_dagrun for example_dynamic_task_mapping_with_no_taskflow_operators to 2025-10-13 00:00:00+00:00, run_after=2025-10-14 00:00:00+00:00
[2025-10-14T06:34:56.794+0000] {processor.py:183} INFO - Processing /home/airflow/.local/lib/python3.8/site-packages/airflow/example_dags/example_dynamic_task_mapping_with_no_taskflow_operators.py took 0.092 seconds
[2025-10-14T06:35:28.133+0000] {processor.py:161} INFO - Started process (PID=53414) to work on /home/airflow/.local/lib/python3.8/site-packages/airflow/example_dags/example_dynamic_task_mapping_with_no_taskflow_operators.py
[2025-10-14T06:35:28.135+0000] {processor.py:830} INFO - Processing file /home/airflow/.local/lib/python3.8/site-packages/airflow/example_dags/example_dynamic_task_mapping_with_no_taskflow_operators.py for tasks to queue
[2025-10-14T06:35:28.136+0000] {logging_mixin.py:188} INFO - [2025-10-14T06:35:28.136+0000] {dagbag.py:538} INFO - Filling up the DagBag from /home/airflow/.local/lib/python3.8/site-packages/airflow/example_dags/example_dynamic_task_mapping_with_no_taskflow_operators.py
[2025-10-14T06:35:28.144+0000] {processor.py:840} INFO - DAG(s) 'example_dynamic_task_mapping_with_no_taskflow_operators' retrieved from /home/airflow/.local/lib/python3.8/site-packages/airflow/example_dags/example_dynamic_task_mapping_with_no_taskflow_operators.py
[2025-10-14T06:35:28.171+0000] {logging_mixin.py:188} INFO - [2025-10-14T06:35:28.171+0000] {dag.py:3036} INFO - Sync 1 DAGs
[2025-10-14T06:35:28.197+0000] {logging_mixin.py:188} INFO - [2025-10-14T06:35:28.197+0000] {dag.py:3823} INFO - Setting next_dagrun for example_dynamic_task_mapping_with_no_taskflow_operators to 2025-10-13 00:00:00+00:00, run_after=2025-10-14 00:00:00+00:00
[2025-10-14T06:35:28.219+0000] {processor.py:183} INFO - Processing /home/airflow/.local/lib/python3.8/site-packages/airflow/example_dags/example_dynamic_task_mapping_with_no_taskflow_operators.py took 0.090 seconds
[2025-10-14T06:35:59.453+0000] {processor.py:161} INFO - Started process (PID=53484) to work on /home/airflow/.local/lib/python3.8/site-packages/airflow/example_dags/example_dynamic_task_mapping_with_no_taskflow_operators.py
[2025-10-14T06:35:59.454+0000] {processor.py:830} INFO - Processing file /home/airflow/.local/lib/python3.8/site-packages/airflow/example_dags/example_dynamic_task_mapping_with_no_taskflow_operators.py for tasks to queue
[2025-10-14T06:35:59.455+0000] {logging_mixin.py:188} INFO - [2025-10-14T06:35:59.455+0000] {dagbag.py:538} INFO - Filling up the DagBag from /home/airflow/.local/lib/python3.8/site-packages/airflow/example_dags/example_dynamic_task_mapping_with_no_taskflow_operators.py
[2025-10-14T06:35:59.463+0000] {processor.py:840} INFO - DAG(s) 'example_dynamic_task_mapping_with_no_taskflow_operators' retrieved from /home/airflow/.local/lib/python3.8/site-packages/airflow/example_dags/example_dynamic_task_mapping_with_no_taskflow_operators.py
[2025-10-14T06:35:59.491+0000] {logging_mixin.py:188} INFO - [2025-10-14T06:35:59.490+0000] {dag.py:3036} INFO - Sync 1 DAGs
[2025-10-14T06:35:59.519+0000] {logging_mixin.py:188} INFO - [2025-10-14T06:35:59.519+0000] {dag.py:3823} INFO - Setting next_dagrun for example_dynamic_task_mapping_with_no_taskflow_operators to 2025-10-13 00:00:00+00:00, run_after=2025-10-14 00:00:00+00:00
[2025-10-14T06:35:59.540+0000] {processor.py:183} INFO - Processing /home/airflow/.local/lib/python3.8/site-packages/airflow/example_dags/example_dynamic_task_mapping_with_no_taskflow_operators.py took 0.091 seconds
[2025-10-14T06:36:30.254+0000] {processor.py:161} INFO - Started process (PID=53554) to work on /home/airflow/.local/lib/python3.8/site-packages/airflow/example_dags/example_dynamic_task_mapping_with_no_taskflow_operators.py
[2025-10-14T06:36:30.255+0000] {processor.py:830} INFO - Processing file /home/airflow/.local/lib/python3.8/site-packages/airflow/example_dags/example_dynamic_task_mapping_with_no_taskflow_operators.py for tasks to queue
[2025-10-14T06:36:30.256+0000] {logging_mixin.py:188} INFO - [2025-10-14T06:36:30.256+0000] {dagbag.py:538} INFO - Filling up the DagBag from /home/airflow/.local/lib/python3.8/site-packages/airflow/example_dags/example_dynamic_task_mapping_with_no_taskflow_operators.py
[2025-10-14T06:36:30.264+0000] {processor.py:840} INFO - DAG(s) 'example_dynamic_task_mapping_with_no_taskflow_operators' retrieved from /home/airflow/.local/lib/python3.8/site-packages/airflow/example_dags/example_dynamic_task_mapping_with_no_taskflow_operators.py
[2025-10-14T06:36:30.292+0000] {logging_mixin.py:188} INFO - [2025-10-14T06:36:30.291+0000] {dag.py:3036} INFO - Sync 1 DAGs
[2025-10-14T06:36:30.316+0000] {logging_mixin.py:188} INFO - [2025-10-14T06:36:30.316+0000] {dag.py:3823} INFO - Setting next_dagrun for example_dynamic_task_mapping_with_no_taskflow_operators to 2025-10-13 00:00:00+00:00, run_after=2025-10-14 00:00:00+00:00
[2025-10-14T06:36:30.356+0000] {processor.py:183} INFO - Processing /home/airflow/.local/lib/python3.8/site-packages/airflow/example_dags/example_dynamic_task_mapping_with_no_taskflow_operators.py took 0.106 seconds
[2025-10-14T06:37:01.332+0000] {processor.py:161} INFO - Started process (PID=53624) to work on /home/airflow/.local/lib/python3.8/site-packages/airflow/example_dags/example_dynamic_task_mapping_with_no_taskflow_operators.py
[2025-10-14T06:37:01.333+0000] {processor.py:830} INFO - Processing file /home/airflow/.local/lib/python3.8/site-packages/airflow/example_dags/example_dynamic_task_mapping_with_no_taskflow_operators.py for tasks to queue
[2025-10-14T06:37:01.335+0000] {logging_mixin.py:188} INFO - [2025-10-14T06:37:01.334+0000] {dagbag.py:538} INFO - Filling up the DagBag from /home/airflow/.local/lib/python3.8/site-packages/airflow/example_dags/example_dynamic_task_mapping_with_no_taskflow_operators.py
[2025-10-14T06:37:01.342+0000] {processor.py:840} INFO - DAG(s) 'example_dynamic_task_mapping_with_no_taskflow_operators' retrieved from /home/airflow/.local/lib/python3.8/site-packages/airflow/example_dags/example_dynamic_task_mapping_with_no_taskflow_operators.py
[2025-10-14T06:37:01.370+0000] {logging_mixin.py:188} INFO - [2025-10-14T06:37:01.370+0000] {dag.py:3036} INFO - Sync 1 DAGs
[2025-10-14T06:37:01.395+0000] {logging_mixin.py:188} INFO - [2025-10-14T06:37:01.395+0000] {dag.py:3823} INFO - Setting next_dagrun for example_dynamic_task_mapping_with_no_taskflow_operators to 2025-10-13 00:00:00+00:00, run_after=2025-10-14 00:00:00+00:00
[2025-10-14T06:37:01.418+0000] {processor.py:183} INFO - Processing /home/airflow/.local/lib/python3.8/site-packages/airflow/example_dags/example_dynamic_task_mapping_with_no_taskflow_operators.py took 0.090 seconds
[2025-10-14T06:37:32.512+0000] {processor.py:161} INFO - Started process (PID=53694) to work on /home/airflow/.local/lib/python3.8/site-packages/airflow/example_dags/example_dynamic_task_mapping_with_no_taskflow_operators.py
[2025-10-14T06:37:32.514+0000] {processor.py:830} INFO - Processing file /home/airflow/.local/lib/python3.8/site-packages/airflow/example_dags/example_dynamic_task_mapping_with_no_taskflow_operators.py for tasks to queue
[2025-10-14T06:37:32.515+0000] {logging_mixin.py:188} INFO - [2025-10-14T06:37:32.515+0000] {dagbag.py:538} INFO - Filling up the DagBag from /home/airflow/.local/lib/python3.8/site-packages/airflow/example_dags/example_dynamic_task_mapping_with_no_taskflow_operators.py
[2025-10-14T06:37:32.523+0000] {processor.py:840} INFO - DAG(s) 'example_dynamic_task_mapping_with_no_taskflow_operators' retrieved from /home/airflow/.local/lib/python3.8/site-packages/airflow/example_dags/example_dynamic_task_mapping_with_no_taskflow_operators.py
[2025-10-14T06:37:32.550+0000] {logging_mixin.py:188} INFO - [2025-10-14T06:37:32.550+0000] {dag.py:3036} INFO - Sync 1 DAGs
[2025-10-14T06:37:32.576+0000] {logging_mixin.py:188} INFO - [2025-10-14T06:37:32.576+0000] {dag.py:3823} INFO - Setting next_dagrun for example_dynamic_task_mapping_with_no_taskflow_operators to 2025-10-13 00:00:00+00:00, run_after=2025-10-14 00:00:00+00:00
[2025-10-14T06:37:32.598+0000] {processor.py:183} INFO - Processing /home/airflow/.local/lib/python3.8/site-packages/airflow/example_dags/example_dynamic_task_mapping_with_no_taskflow_operators.py took 0.090 seconds
[2025-10-14T06:38:03.496+0000] {processor.py:161} INFO - Started process (PID=53764) to work on /home/airflow/.local/lib/python3.8/site-packages/airflow/example_dags/example_dynamic_task_mapping_with_no_taskflow_operators.py
[2025-10-14T06:38:03.497+0000] {processor.py:830} INFO - Processing file /home/airflow/.local/lib/python3.8/site-packages/airflow/example_dags/example_dynamic_task_mapping_with_no_taskflow_operators.py for tasks to queue
[2025-10-14T06:38:03.498+0000] {logging_mixin.py:188} INFO - [2025-10-14T06:38:03.498+0000] {dagbag.py:538} INFO - Filling up the DagBag from /home/airflow/.local/lib/python3.8/site-packages/airflow/example_dags/example_dynamic_task_mapping_with_no_taskflow_operators.py
[2025-10-14T06:38:03.506+0000] {processor.py:840} INFO - DAG(s) 'example_dynamic_task_mapping_with_no_taskflow_operators' retrieved from /home/airflow/.local/lib/python3.8/site-packages/airflow/example_dags/example_dynamic_task_mapping_with_no_taskflow_operators.py
[2025-10-14T06:38:03.532+0000] {logging_mixin.py:188} INFO - [2025-10-14T06:38:03.532+0000] {dag.py:3036} INFO - Sync 1 DAGs
[2025-10-14T06:38:03.557+0000] {logging_mixin.py:188} INFO - [2025-10-14T06:38:03.557+0000] {dag.py:3823} INFO - Setting next_dagrun for example_dynamic_task_mapping_with_no_taskflow_operators to 2025-10-13 00:00:00+00:00, run_after=2025-10-14 00:00:00+00:00
[2025-10-14T06:38:03.603+0000] {processor.py:183} INFO - Processing /home/airflow/.local/lib/python3.8/site-packages/airflow/example_dags/example_dynamic_task_mapping_with_no_taskflow_operators.py took 0.111 seconds
[2025-10-14T06:38:34.523+0000] {processor.py:161} INFO - Started process (PID=53835) to work on /home/airflow/.local/lib/python3.8/site-packages/airflow/example_dags/example_dynamic_task_mapping_with_no_taskflow_operators.py
[2025-10-14T06:38:34.525+0000] {processor.py:830} INFO - Processing file /home/airflow/.local/lib/python3.8/site-packages/airflow/example_dags/example_dynamic_task_mapping_with_no_taskflow_operators.py for tasks to queue
[2025-10-14T06:38:34.527+0000] {logging_mixin.py:188} INFO - [2025-10-14T06:38:34.526+0000] {dagbag.py:538} INFO - Filling up the DagBag from /home/airflow/.local/lib/python3.8/site-packages/airflow/example_dags/example_dynamic_task_mapping_with_no_taskflow_operators.py
[2025-10-14T06:38:34.540+0000] {processor.py:840} INFO - DAG(s) 'example_dynamic_task_mapping_with_no_taskflow_operators' retrieved from /home/airflow/.local/lib/python3.8/site-packages/airflow/example_dags/example_dynamic_task_mapping_with_no_taskflow_operators.py
[2025-10-14T06:38:34.574+0000] {logging_mixin.py:188} INFO - [2025-10-14T06:38:34.573+0000] {dag.py:3036} INFO - Sync 1 DAGs
[2025-10-14T06:38:34.599+0000] {logging_mixin.py:188} INFO - [2025-10-14T06:38:34.599+0000] {dag.py:3823} INFO - Setting next_dagrun for example_dynamic_task_mapping_with_no_taskflow_operators to 2025-10-13 00:00:00+00:00, run_after=2025-10-14 00:00:00+00:00
[2025-10-14T06:38:34.619+0000] {processor.py:183} INFO - Processing /home/airflow/.local/lib/python3.8/site-packages/airflow/example_dags/example_dynamic_task_mapping_with_no_taskflow_operators.py took 0.101 seconds
[2025-10-14T06:39:05.008+0000] {processor.py:161} INFO - Started process (PID=53904) to work on /home/airflow/.local/lib/python3.8/site-packages/airflow/example_dags/example_dynamic_task_mapping_with_no_taskflow_operators.py
[2025-10-14T06:39:05.009+0000] {processor.py:830} INFO - Processing file /home/airflow/.local/lib/python3.8/site-packages/airflow/example_dags/example_dynamic_task_mapping_with_no_taskflow_operators.py for tasks to queue
[2025-10-14T06:39:05.010+0000] {logging_mixin.py:188} INFO - [2025-10-14T06:39:05.010+0000] {dagbag.py:538} INFO - Filling up the DagBag from /home/airflow/.local/lib/python3.8/site-packages/airflow/example_dags/example_dynamic_task_mapping_with_no_taskflow_operators.py
[2025-10-14T06:39:05.017+0000] {processor.py:840} INFO - DAG(s) 'example_dynamic_task_mapping_with_no_taskflow_operators' retrieved from /home/airflow/.local/lib/python3.8/site-packages/airflow/example_dags/example_dynamic_task_mapping_with_no_taskflow_operators.py
[2025-10-14T06:39:05.043+0000] {logging_mixin.py:188} INFO - [2025-10-14T06:39:05.043+0000] {dag.py:3036} INFO - Sync 1 DAGs
[2025-10-14T06:39:05.068+0000] {logging_mixin.py:188} INFO - [2025-10-14T06:39:05.068+0000] {dag.py:3823} INFO - Setting next_dagrun for example_dynamic_task_mapping_with_no_taskflow_operators to 2025-10-13 00:00:00+00:00, run_after=2025-10-14 00:00:00+00:00
[2025-10-14T06:39:05.089+0000] {processor.py:183} INFO - Processing /home/airflow/.local/lib/python3.8/site-packages/airflow/example_dags/example_dynamic_task_mapping_with_no_taskflow_operators.py took 0.085 seconds
[2025-10-14T06:39:36.137+0000] {processor.py:161} INFO - Started process (PID=53974) to work on /home/airflow/.local/lib/python3.8/site-packages/airflow/example_dags/example_dynamic_task_mapping_with_no_taskflow_operators.py
[2025-10-14T06:39:36.139+0000] {processor.py:830} INFO - Processing file /home/airflow/.local/lib/python3.8/site-packages/airflow/example_dags/example_dynamic_task_mapping_with_no_taskflow_operators.py for tasks to queue
[2025-10-14T06:39:36.140+0000] {logging_mixin.py:188} INFO - [2025-10-14T06:39:36.140+0000] {dagbag.py:538} INFO - Filling up the DagBag from /home/airflow/.local/lib/python3.8/site-packages/airflow/example_dags/example_dynamic_task_mapping_with_no_taskflow_operators.py
[2025-10-14T06:39:36.148+0000] {processor.py:840} INFO - DAG(s) 'example_dynamic_task_mapping_with_no_taskflow_operators' retrieved from /home/airflow/.local/lib/python3.8/site-packages/airflow/example_dags/example_dynamic_task_mapping_with_no_taskflow_operators.py
[2025-10-14T06:39:36.175+0000] {logging_mixin.py:188} INFO - [2025-10-14T06:39:36.175+0000] {dag.py:3036} INFO - Sync 1 DAGs
[2025-10-14T06:39:36.200+0000] {logging_mixin.py:188} INFO - [2025-10-14T06:39:36.200+0000] {dag.py:3823} INFO - Setting next_dagrun for example_dynamic_task_mapping_with_no_taskflow_operators to 2025-10-13 00:00:00+00:00, run_after=2025-10-14 00:00:00+00:00
[2025-10-14T06:39:36.223+0000] {processor.py:183} INFO - Processing /home/airflow/.local/lib/python3.8/site-packages/airflow/example_dags/example_dynamic_task_mapping_with_no_taskflow_operators.py took 0.089 seconds
[2025-10-14T06:40:07.096+0000] {processor.py:161} INFO - Started process (PID=54045) to work on /home/airflow/.local/lib/python3.8/site-packages/airflow/example_dags/example_dynamic_task_mapping_with_no_taskflow_operators.py
[2025-10-14T06:40:07.097+0000] {processor.py:830} INFO - Processing file /home/airflow/.local/lib/python3.8/site-packages/airflow/example_dags/example_dynamic_task_mapping_with_no_taskflow_operators.py for tasks to queue
[2025-10-14T06:40:07.099+0000] {logging_mixin.py:188} INFO - [2025-10-14T06:40:07.098+0000] {dagbag.py:538} INFO - Filling up the DagBag from /home/airflow/.local/lib/python3.8/site-packages/airflow/example_dags/example_dynamic_task_mapping_with_no_taskflow_operators.py
[2025-10-14T06:40:07.106+0000] {processor.py:840} INFO - DAG(s) 'example_dynamic_task_mapping_with_no_taskflow_operators' retrieved from /home/airflow/.local/lib/python3.8/site-packages/airflow/example_dags/example_dynamic_task_mapping_with_no_taskflow_operators.py
[2025-10-14T06:40:07.131+0000] {logging_mixin.py:188} INFO - [2025-10-14T06:40:07.131+0000] {dag.py:3036} INFO - Sync 1 DAGs
[2025-10-14T06:40:07.157+0000] {logging_mixin.py:188} INFO - [2025-10-14T06:40:07.157+0000] {dag.py:3823} INFO - Setting next_dagrun for example_dynamic_task_mapping_with_no_taskflow_operators to 2025-10-13 00:00:00+00:00, run_after=2025-10-14 00:00:00+00:00
[2025-10-14T06:40:07.180+0000] {processor.py:183} INFO - Processing /home/airflow/.local/lib/python3.8/site-packages/airflow/example_dags/example_dynamic_task_mapping_with_no_taskflow_operators.py took 0.088 seconds
[2025-10-14T06:40:38.378+0000] {processor.py:161} INFO - Started process (PID=54114) to work on /home/airflow/.local/lib/python3.8/site-packages/airflow/example_dags/example_dynamic_task_mapping_with_no_taskflow_operators.py
[2025-10-14T06:40:38.380+0000] {processor.py:830} INFO - Processing file /home/airflow/.local/lib/python3.8/site-packages/airflow/example_dags/example_dynamic_task_mapping_with_no_taskflow_operators.py for tasks to queue
[2025-10-14T06:40:38.382+0000] {logging_mixin.py:188} INFO - [2025-10-14T06:40:38.381+0000] {dagbag.py:538} INFO - Filling up the DagBag from /home/airflow/.local/lib/python3.8/site-packages/airflow/example_dags/example_dynamic_task_mapping_with_no_taskflow_operators.py
[2025-10-14T06:40:38.570+0000] {processor.py:840} INFO - DAG(s) 'example_dynamic_task_mapping_with_no_taskflow_operators' retrieved from /home/airflow/.local/lib/python3.8/site-packages/airflow/example_dags/example_dynamic_task_mapping_with_no_taskflow_operators.py
[2025-10-14T06:40:38.594+0000] {logging_mixin.py:188} INFO - [2025-10-14T06:40:38.594+0000] {dag.py:3036} INFO - Sync 1 DAGs
[2025-10-14T06:40:38.616+0000] {logging_mixin.py:188} INFO - [2025-10-14T06:40:38.616+0000] {dag.py:3823} INFO - Setting next_dagrun for example_dynamic_task_mapping_with_no_taskflow_operators to 2025-10-13 00:00:00+00:00, run_after=2025-10-14 00:00:00+00:00
[2025-10-14T06:40:38.637+0000] {processor.py:183} INFO - Processing /home/airflow/.local/lib/python3.8/site-packages/airflow/example_dags/example_dynamic_task_mapping_with_no_taskflow_operators.py took 0.262 seconds
[2025-10-14T06:41:09.147+0000] {processor.py:161} INFO - Started process (PID=54184) to work on /home/airflow/.local/lib/python3.8/site-packages/airflow/example_dags/example_dynamic_task_mapping_with_no_taskflow_operators.py
[2025-10-14T06:41:09.150+0000] {processor.py:830} INFO - Processing file /home/airflow/.local/lib/python3.8/site-packages/airflow/example_dags/example_dynamic_task_mapping_with_no_taskflow_operators.py for tasks to queue
[2025-10-14T06:41:09.162+0000] {logging_mixin.py:188} INFO - [2025-10-14T06:41:09.161+0000] {dagbag.py:538} INFO - Filling up the DagBag from /home/airflow/.local/lib/python3.8/site-packages/airflow/example_dags/example_dynamic_task_mapping_with_no_taskflow_operators.py
[2025-10-14T06:41:09.202+0000] {processor.py:840} INFO - DAG(s) 'example_dynamic_task_mapping_with_no_taskflow_operators' retrieved from /home/airflow/.local/lib/python3.8/site-packages/airflow/example_dags/example_dynamic_task_mapping_with_no_taskflow_operators.py
[2025-10-14T06:41:09.273+0000] {logging_mixin.py:188} INFO - [2025-10-14T06:41:09.273+0000] {dag.py:3036} INFO - Sync 1 DAGs
[2025-10-14T06:41:09.319+0000] {logging_mixin.py:188} INFO - [2025-10-14T06:41:09.319+0000] {dag.py:3823} INFO - Setting next_dagrun for example_dynamic_task_mapping_with_no_taskflow_operators to 2025-10-13 00:00:00+00:00, run_after=2025-10-14 00:00:00+00:00
[2025-10-14T06:41:09.359+0000] {processor.py:183} INFO - Processing /home/airflow/.local/lib/python3.8/site-packages/airflow/example_dags/example_dynamic_task_mapping_with_no_taskflow_operators.py took 0.233 seconds
[2025-10-14T06:41:40.061+0000] {processor.py:161} INFO - Started process (PID=54254) to work on /home/airflow/.local/lib/python3.8/site-packages/airflow/example_dags/example_dynamic_task_mapping_with_no_taskflow_operators.py
[2025-10-14T06:41:40.063+0000] {processor.py:830} INFO - Processing file /home/airflow/.local/lib/python3.8/site-packages/airflow/example_dags/example_dynamic_task_mapping_with_no_taskflow_operators.py for tasks to queue
[2025-10-14T06:41:40.066+0000] {logging_mixin.py:188} INFO - [2025-10-14T06:41:40.065+0000] {dagbag.py:538} INFO - Filling up the DagBag from /home/airflow/.local/lib/python3.8/site-packages/airflow/example_dags/example_dynamic_task_mapping_with_no_taskflow_operators.py
[2025-10-14T06:41:40.083+0000] {processor.py:840} INFO - DAG(s) 'example_dynamic_task_mapping_with_no_taskflow_operators' retrieved from /home/airflow/.local/lib/python3.8/site-packages/airflow/example_dags/example_dynamic_task_mapping_with_no_taskflow_operators.py
[2025-10-14T06:41:40.124+0000] {logging_mixin.py:188} INFO - [2025-10-14T06:41:40.124+0000] {dag.py:3036} INFO - Sync 1 DAGs
[2025-10-14T06:41:40.169+0000] {logging_mixin.py:188} INFO - [2025-10-14T06:41:40.169+0000] {dag.py:3823} INFO - Setting next_dagrun for example_dynamic_task_mapping_with_no_taskflow_operators to 2025-10-13 00:00:00+00:00, run_after=2025-10-14 00:00:00+00:00
[2025-10-14T06:41:40.208+0000] {processor.py:183} INFO - Processing /home/airflow/.local/lib/python3.8/site-packages/airflow/example_dags/example_dynamic_task_mapping_with_no_taskflow_operators.py took 0.154 seconds
[2025-10-14T06:42:11.011+0000] {processor.py:161} INFO - Started process (PID=54324) to work on /home/airflow/.local/lib/python3.8/site-packages/airflow/example_dags/example_dynamic_task_mapping_with_no_taskflow_operators.py
[2025-10-14T06:42:11.013+0000] {processor.py:830} INFO - Processing file /home/airflow/.local/lib/python3.8/site-packages/airflow/example_dags/example_dynamic_task_mapping_with_no_taskflow_operators.py for tasks to queue
[2025-10-14T06:42:11.014+0000] {logging_mixin.py:188} INFO - [2025-10-14T06:42:11.014+0000] {dagbag.py:538} INFO - Filling up the DagBag from /home/airflow/.local/lib/python3.8/site-packages/airflow/example_dags/example_dynamic_task_mapping_with_no_taskflow_operators.py
[2025-10-14T06:42:11.024+0000] {processor.py:840} INFO - DAG(s) 'example_dynamic_task_mapping_with_no_taskflow_operators' retrieved from /home/airflow/.local/lib/python3.8/site-packages/airflow/example_dags/example_dynamic_task_mapping_with_no_taskflow_operators.py
[2025-10-14T06:42:11.060+0000] {logging_mixin.py:188} INFO - [2025-10-14T06:42:11.059+0000] {dag.py:3036} INFO - Sync 1 DAGs
[2025-10-14T06:42:11.091+0000] {logging_mixin.py:188} INFO - [2025-10-14T06:42:11.091+0000] {dag.py:3823} INFO - Setting next_dagrun for example_dynamic_task_mapping_with_no_taskflow_operators to 2025-10-13 00:00:00+00:00, run_after=2025-10-14 00:00:00+00:00
[2025-10-14T06:42:11.122+0000] {processor.py:183} INFO - Processing /home/airflow/.local/lib/python3.8/site-packages/airflow/example_dags/example_dynamic_task_mapping_with_no_taskflow_operators.py took 0.116 seconds
[2025-10-14T06:42:42.314+0000] {processor.py:161} INFO - Started process (PID=54394) to work on /home/airflow/.local/lib/python3.8/site-packages/airflow/example_dags/example_dynamic_task_mapping_with_no_taskflow_operators.py
[2025-10-14T06:42:42.316+0000] {processor.py:830} INFO - Processing file /home/airflow/.local/lib/python3.8/site-packages/airflow/example_dags/example_dynamic_task_mapping_with_no_taskflow_operators.py for tasks to queue
[2025-10-14T06:42:42.318+0000] {logging_mixin.py:188} INFO - [2025-10-14T06:42:42.317+0000] {dagbag.py:538} INFO - Filling up the DagBag from /home/airflow/.local/lib/python3.8/site-packages/airflow/example_dags/example_dynamic_task_mapping_with_no_taskflow_operators.py
[2025-10-14T06:42:42.327+0000] {processor.py:840} INFO - DAG(s) 'example_dynamic_task_mapping_with_no_taskflow_operators' retrieved from /home/airflow/.local/lib/python3.8/site-packages/airflow/example_dags/example_dynamic_task_mapping_with_no_taskflow_operators.py
[2025-10-14T06:42:42.363+0000] {logging_mixin.py:188} INFO - [2025-10-14T06:42:42.363+0000] {dag.py:3036} INFO - Sync 1 DAGs
[2025-10-14T06:42:42.400+0000] {logging_mixin.py:188} INFO - [2025-10-14T06:42:42.400+0000] {dag.py:3823} INFO - Setting next_dagrun for example_dynamic_task_mapping_with_no_taskflow_operators to 2025-10-13 00:00:00+00:00, run_after=2025-10-14 00:00:00+00:00
[2025-10-14T06:42:42.431+0000] {processor.py:183} INFO - Processing /home/airflow/.local/lib/python3.8/site-packages/airflow/example_dags/example_dynamic_task_mapping_with_no_taskflow_operators.py took 0.122 seconds
[2025-10-14T06:43:13.534+0000] {processor.py:161} INFO - Started process (PID=54464) to work on /home/airflow/.local/lib/python3.8/site-packages/airflow/example_dags/example_dynamic_task_mapping_with_no_taskflow_operators.py
[2025-10-14T06:43:13.535+0000] {processor.py:830} INFO - Processing file /home/airflow/.local/lib/python3.8/site-packages/airflow/example_dags/example_dynamic_task_mapping_with_no_taskflow_operators.py for tasks to queue
[2025-10-14T06:43:13.537+0000] {logging_mixin.py:188} INFO - [2025-10-14T06:43:13.536+0000] {dagbag.py:538} INFO - Filling up the DagBag from /home/airflow/.local/lib/python3.8/site-packages/airflow/example_dags/example_dynamic_task_mapping_with_no_taskflow_operators.py
[2025-10-14T06:43:13.548+0000] {processor.py:840} INFO - DAG(s) 'example_dynamic_task_mapping_with_no_taskflow_operators' retrieved from /home/airflow/.local/lib/python3.8/site-packages/airflow/example_dags/example_dynamic_task_mapping_with_no_taskflow_operators.py
[2025-10-14T06:43:13.612+0000] {logging_mixin.py:188} INFO - [2025-10-14T06:43:13.612+0000] {dag.py:3036} INFO - Sync 1 DAGs
[2025-10-14T06:43:13.668+0000] {logging_mixin.py:188} INFO - [2025-10-14T06:43:13.667+0000] {dag.py:3823} INFO - Setting next_dagrun for example_dynamic_task_mapping_with_no_taskflow_operators to 2025-10-13 00:00:00+00:00, run_after=2025-10-14 00:00:00+00:00
[2025-10-14T06:43:13.697+0000] {processor.py:183} INFO - Processing /home/airflow/.local/lib/python3.8/site-packages/airflow/example_dags/example_dynamic_task_mapping_with_no_taskflow_operators.py took 0.169 seconds
[2025-10-14T06:43:44.326+0000] {processor.py:161} INFO - Started process (PID=54540) to work on /home/airflow/.local/lib/python3.8/site-packages/airflow/example_dags/example_dynamic_task_mapping_with_no_taskflow_operators.py
[2025-10-14T06:43:44.327+0000] {processor.py:830} INFO - Processing file /home/airflow/.local/lib/python3.8/site-packages/airflow/example_dags/example_dynamic_task_mapping_with_no_taskflow_operators.py for tasks to queue
[2025-10-14T06:43:44.329+0000] {logging_mixin.py:188} INFO - [2025-10-14T06:43:44.328+0000] {dagbag.py:538} INFO - Filling up the DagBag from /home/airflow/.local/lib/python3.8/site-packages/airflow/example_dags/example_dynamic_task_mapping_with_no_taskflow_operators.py
[2025-10-14T06:43:44.340+0000] {processor.py:840} INFO - DAG(s) 'example_dynamic_task_mapping_with_no_taskflow_operators' retrieved from /home/airflow/.local/lib/python3.8/site-packages/airflow/example_dags/example_dynamic_task_mapping_with_no_taskflow_operators.py
[2025-10-14T06:43:44.377+0000] {logging_mixin.py:188} INFO - [2025-10-14T06:43:44.377+0000] {dag.py:3036} INFO - Sync 1 DAGs
[2025-10-14T06:43:44.418+0000] {logging_mixin.py:188} INFO - [2025-10-14T06:43:44.418+0000] {dag.py:3823} INFO - Setting next_dagrun for example_dynamic_task_mapping_with_no_taskflow_operators to 2025-10-13 00:00:00+00:00, run_after=2025-10-14 00:00:00+00:00
[2025-10-14T06:43:44.451+0000] {processor.py:183} INFO - Processing /home/airflow/.local/lib/python3.8/site-packages/airflow/example_dags/example_dynamic_task_mapping_with_no_taskflow_operators.py took 0.131 seconds
[2025-10-14T06:44:15.287+0000] {processor.py:161} INFO - Started process (PID=54610) to work on /home/airflow/.local/lib/python3.8/site-packages/airflow/example_dags/example_dynamic_task_mapping_with_no_taskflow_operators.py
[2025-10-14T06:44:15.289+0000] {processor.py:830} INFO - Processing file /home/airflow/.local/lib/python3.8/site-packages/airflow/example_dags/example_dynamic_task_mapping_with_no_taskflow_operators.py for tasks to queue
[2025-10-14T06:44:15.290+0000] {logging_mixin.py:188} INFO - [2025-10-14T06:44:15.290+0000] {dagbag.py:538} INFO - Filling up the DagBag from /home/airflow/.local/lib/python3.8/site-packages/airflow/example_dags/example_dynamic_task_mapping_with_no_taskflow_operators.py
[2025-10-14T06:44:15.300+0000] {processor.py:840} INFO - DAG(s) 'example_dynamic_task_mapping_with_no_taskflow_operators' retrieved from /home/airflow/.local/lib/python3.8/site-packages/airflow/example_dags/example_dynamic_task_mapping_with_no_taskflow_operators.py
[2025-10-14T06:44:15.335+0000] {logging_mixin.py:188} INFO - [2025-10-14T06:44:15.334+0000] {dag.py:3036} INFO - Sync 1 DAGs
[2025-10-14T06:44:15.383+0000] {logging_mixin.py:188} INFO - [2025-10-14T06:44:15.383+0000] {dag.py:3823} INFO - Setting next_dagrun for example_dynamic_task_mapping_with_no_taskflow_operators to 2025-10-13 00:00:00+00:00, run_after=2025-10-14 00:00:00+00:00
[2025-10-14T06:44:15.418+0000] {processor.py:183} INFO - Processing /home/airflow/.local/lib/python3.8/site-packages/airflow/example_dags/example_dynamic_task_mapping_with_no_taskflow_operators.py took 0.136 seconds
[2025-10-14T06:44:46.196+0000] {processor.py:161} INFO - Started process (PID=54680) to work on /home/airflow/.local/lib/python3.8/site-packages/airflow/example_dags/example_dynamic_task_mapping_with_no_taskflow_operators.py
[2025-10-14T06:44:46.198+0000] {processor.py:830} INFO - Processing file /home/airflow/.local/lib/python3.8/site-packages/airflow/example_dags/example_dynamic_task_mapping_with_no_taskflow_operators.py for tasks to queue
[2025-10-14T06:44:46.199+0000] {logging_mixin.py:188} INFO - [2025-10-14T06:44:46.199+0000] {dagbag.py:538} INFO - Filling up the DagBag from /home/airflow/.local/lib/python3.8/site-packages/airflow/example_dags/example_dynamic_task_mapping_with_no_taskflow_operators.py
[2025-10-14T06:44:46.209+0000] {processor.py:840} INFO - DAG(s) 'example_dynamic_task_mapping_with_no_taskflow_operators' retrieved from /home/airflow/.local/lib/python3.8/site-packages/airflow/example_dags/example_dynamic_task_mapping_with_no_taskflow_operators.py
[2025-10-14T06:44:46.242+0000] {logging_mixin.py:188} INFO - [2025-10-14T06:44:46.242+0000] {dag.py:3036} INFO - Sync 1 DAGs
[2025-10-14T06:44:46.274+0000] {logging_mixin.py:188} INFO - [2025-10-14T06:44:46.273+0000] {dag.py:3823} INFO - Setting next_dagrun for example_dynamic_task_mapping_with_no_taskflow_operators to 2025-10-13 00:00:00+00:00, run_after=2025-10-14 00:00:00+00:00
[2025-10-14T06:44:46.309+0000] {processor.py:183} INFO - Processing /home/airflow/.local/lib/python3.8/site-packages/airflow/example_dags/example_dynamic_task_mapping_with_no_taskflow_operators.py took 0.119 seconds
[2025-10-14T06:45:17.128+0000] {processor.py:161} INFO - Started process (PID=54750) to work on /home/airflow/.local/lib/python3.8/site-packages/airflow/example_dags/example_dynamic_task_mapping_with_no_taskflow_operators.py
[2025-10-14T06:45:17.130+0000] {processor.py:830} INFO - Processing file /home/airflow/.local/lib/python3.8/site-packages/airflow/example_dags/example_dynamic_task_mapping_with_no_taskflow_operators.py for tasks to queue
[2025-10-14T06:45:17.132+0000] {logging_mixin.py:188} INFO - [2025-10-14T06:45:17.131+0000] {dagbag.py:538} INFO - Filling up the DagBag from /home/airflow/.local/lib/python3.8/site-packages/airflow/example_dags/example_dynamic_task_mapping_with_no_taskflow_operators.py
[2025-10-14T06:45:17.142+0000] {processor.py:840} INFO - DAG(s) 'example_dynamic_task_mapping_with_no_taskflow_operators' retrieved from /home/airflow/.local/lib/python3.8/site-packages/airflow/example_dags/example_dynamic_task_mapping_with_no_taskflow_operators.py
[2025-10-14T06:45:17.176+0000] {logging_mixin.py:188} INFO - [2025-10-14T06:45:17.175+0000] {dag.py:3036} INFO - Sync 1 DAGs
[2025-10-14T06:45:17.211+0000] {logging_mixin.py:188} INFO - [2025-10-14T06:45:17.211+0000] {dag.py:3823} INFO - Setting next_dagrun for example_dynamic_task_mapping_with_no_taskflow_operators to 2025-10-13 00:00:00+00:00, run_after=2025-10-14 00:00:00+00:00
[2025-10-14T06:45:17.245+0000] {processor.py:183} INFO - Processing /home/airflow/.local/lib/python3.8/site-packages/airflow/example_dags/example_dynamic_task_mapping_with_no_taskflow_operators.py took 0.122 seconds
[2025-10-14T06:45:48.037+0000] {processor.py:161} INFO - Started process (PID=54820) to work on /home/airflow/.local/lib/python3.8/site-packages/airflow/example_dags/example_dynamic_task_mapping_with_no_taskflow_operators.py
[2025-10-14T06:45:48.039+0000] {processor.py:830} INFO - Processing file /home/airflow/.local/lib/python3.8/site-packages/airflow/example_dags/example_dynamic_task_mapping_with_no_taskflow_operators.py for tasks to queue
[2025-10-14T06:45:48.040+0000] {logging_mixin.py:188} INFO - [2025-10-14T06:45:48.040+0000] {dagbag.py:538} INFO - Filling up the DagBag from /home/airflow/.local/lib/python3.8/site-packages/airflow/example_dags/example_dynamic_task_mapping_with_no_taskflow_operators.py
[2025-10-14T06:45:48.051+0000] {processor.py:840} INFO - DAG(s) 'example_dynamic_task_mapping_with_no_taskflow_operators' retrieved from /home/airflow/.local/lib/python3.8/site-packages/airflow/example_dags/example_dynamic_task_mapping_with_no_taskflow_operators.py
[2025-10-14T06:45:48.083+0000] {logging_mixin.py:188} INFO - [2025-10-14T06:45:48.082+0000] {dag.py:3036} INFO - Sync 1 DAGs
[2025-10-14T06:45:48.111+0000] {logging_mixin.py:188} INFO - [2025-10-14T06:45:48.111+0000] {dag.py:3823} INFO - Setting next_dagrun for example_dynamic_task_mapping_with_no_taskflow_operators to 2025-10-13 00:00:00+00:00, run_after=2025-10-14 00:00:00+00:00
[2025-10-14T06:45:48.159+0000] {processor.py:183} INFO - Processing /home/airflow/.local/lib/python3.8/site-packages/airflow/example_dags/example_dynamic_task_mapping_with_no_taskflow_operators.py took 0.126 seconds
[2025-10-14T06:46:18.859+0000] {processor.py:161} INFO - Started process (PID=54891) to work on /home/airflow/.local/lib/python3.8/site-packages/airflow/example_dags/example_dynamic_task_mapping_with_no_taskflow_operators.py
[2025-10-14T06:46:18.861+0000] {processor.py:830} INFO - Processing file /home/airflow/.local/lib/python3.8/site-packages/airflow/example_dags/example_dynamic_task_mapping_with_no_taskflow_operators.py for tasks to queue
[2025-10-14T06:46:18.862+0000] {logging_mixin.py:188} INFO - [2025-10-14T06:46:18.862+0000] {dagbag.py:538} INFO - Filling up the DagBag from /home/airflow/.local/lib/python3.8/site-packages/airflow/example_dags/example_dynamic_task_mapping_with_no_taskflow_operators.py
[2025-10-14T06:46:18.872+0000] {processor.py:840} INFO - DAG(s) 'example_dynamic_task_mapping_with_no_taskflow_operators' retrieved from /home/airflow/.local/lib/python3.8/site-packages/airflow/example_dags/example_dynamic_task_mapping_with_no_taskflow_operators.py
[2025-10-14T06:46:18.906+0000] {logging_mixin.py:188} INFO - [2025-10-14T06:46:18.906+0000] {dag.py:3036} INFO - Sync 1 DAGs
[2025-10-14T06:46:18.943+0000] {logging_mixin.py:188} INFO - [2025-10-14T06:46:18.942+0000] {dag.py:3823} INFO - Setting next_dagrun for example_dynamic_task_mapping_with_no_taskflow_operators to 2025-10-13 00:00:00+00:00, run_after=2025-10-14 00:00:00+00:00
[2025-10-14T06:46:18.992+0000] {processor.py:183} INFO - Processing /home/airflow/.local/lib/python3.8/site-packages/airflow/example_dags/example_dynamic_task_mapping_with_no_taskflow_operators.py took 0.138 seconds
[2025-10-14T06:46:49.352+0000] {processor.py:161} INFO - Started process (PID=54959) to work on /home/airflow/.local/lib/python3.8/site-packages/airflow/example_dags/example_dynamic_task_mapping_with_no_taskflow_operators.py
[2025-10-14T06:46:49.354+0000] {processor.py:830} INFO - Processing file /home/airflow/.local/lib/python3.8/site-packages/airflow/example_dags/example_dynamic_task_mapping_with_no_taskflow_operators.py for tasks to queue
[2025-10-14T06:46:49.355+0000] {logging_mixin.py:188} INFO - [2025-10-14T06:46:49.355+0000] {dagbag.py:538} INFO - Filling up the DagBag from /home/airflow/.local/lib/python3.8/site-packages/airflow/example_dags/example_dynamic_task_mapping_with_no_taskflow_operators.py
[2025-10-14T06:46:49.369+0000] {processor.py:840} INFO - DAG(s) 'example_dynamic_task_mapping_with_no_taskflow_operators' retrieved from /home/airflow/.local/lib/python3.8/site-packages/airflow/example_dags/example_dynamic_task_mapping_with_no_taskflow_operators.py
[2025-10-14T06:46:49.402+0000] {logging_mixin.py:188} INFO - [2025-10-14T06:46:49.402+0000] {dag.py:3036} INFO - Sync 1 DAGs
[2025-10-14T06:46:49.433+0000] {logging_mixin.py:188} INFO - [2025-10-14T06:46:49.432+0000] {dag.py:3823} INFO - Setting next_dagrun for example_dynamic_task_mapping_with_no_taskflow_operators to 2025-10-13 00:00:00+00:00, run_after=2025-10-14 00:00:00+00:00
[2025-10-14T06:46:49.479+0000] {processor.py:183} INFO - Processing /home/airflow/.local/lib/python3.8/site-packages/airflow/example_dags/example_dynamic_task_mapping_with_no_taskflow_operators.py took 0.132 seconds
[2025-10-14T06:47:19.686+0000] {processor.py:161} INFO - Started process (PID=55028) to work on /home/airflow/.local/lib/python3.8/site-packages/airflow/example_dags/example_dynamic_task_mapping_with_no_taskflow_operators.py
[2025-10-14T06:47:19.687+0000] {processor.py:830} INFO - Processing file /home/airflow/.local/lib/python3.8/site-packages/airflow/example_dags/example_dynamic_task_mapping_with_no_taskflow_operators.py for tasks to queue
[2025-10-14T06:47:19.689+0000] {logging_mixin.py:188} INFO - [2025-10-14T06:47:19.688+0000] {dagbag.py:538} INFO - Filling up the DagBag from /home/airflow/.local/lib/python3.8/site-packages/airflow/example_dags/example_dynamic_task_mapping_with_no_taskflow_operators.py
[2025-10-14T06:47:19.698+0000] {processor.py:840} INFO - DAG(s) 'example_dynamic_task_mapping_with_no_taskflow_operators' retrieved from /home/airflow/.local/lib/python3.8/site-packages/airflow/example_dags/example_dynamic_task_mapping_with_no_taskflow_operators.py
[2025-10-14T06:47:19.730+0000] {logging_mixin.py:188} INFO - [2025-10-14T06:47:19.730+0000] {dag.py:3036} INFO - Sync 1 DAGs
[2025-10-14T06:47:19.762+0000] {logging_mixin.py:188} INFO - [2025-10-14T06:47:19.762+0000] {dag.py:3823} INFO - Setting next_dagrun for example_dynamic_task_mapping_with_no_taskflow_operators to 2025-10-13 00:00:00+00:00, run_after=2025-10-14 00:00:00+00:00
[2025-10-14T06:47:19.795+0000] {processor.py:183} INFO - Processing /home/airflow/.local/lib/python3.8/site-packages/airflow/example_dags/example_dynamic_task_mapping_with_no_taskflow_operators.py took 0.114 seconds
[2025-10-14T06:47:49.929+0000] {processor.py:161} INFO - Started process (PID=55098) to work on /home/airflow/.local/lib/python3.8/site-packages/airflow/example_dags/example_dynamic_task_mapping_with_no_taskflow_operators.py
[2025-10-14T06:47:49.931+0000] {processor.py:830} INFO - Processing file /home/airflow/.local/lib/python3.8/site-packages/airflow/example_dags/example_dynamic_task_mapping_with_no_taskflow_operators.py for tasks to queue
[2025-10-14T06:47:49.933+0000] {logging_mixin.py:188} INFO - [2025-10-14T06:47:49.932+0000] {dagbag.py:538} INFO - Filling up the DagBag from /home/airflow/.local/lib/python3.8/site-packages/airflow/example_dags/example_dynamic_task_mapping_with_no_taskflow_operators.py
[2025-10-14T06:47:49.945+0000] {processor.py:840} INFO - DAG(s) 'example_dynamic_task_mapping_with_no_taskflow_operators' retrieved from /home/airflow/.local/lib/python3.8/site-packages/airflow/example_dags/example_dynamic_task_mapping_with_no_taskflow_operators.py
[2025-10-14T06:47:49.983+0000] {logging_mixin.py:188} INFO - [2025-10-14T06:47:49.982+0000] {dag.py:3036} INFO - Sync 1 DAGs
[2025-10-14T06:47:50.019+0000] {logging_mixin.py:188} INFO - [2025-10-14T06:47:50.019+0000] {dag.py:3823} INFO - Setting next_dagrun for example_dynamic_task_mapping_with_no_taskflow_operators to 2025-10-13 00:00:00+00:00, run_after=2025-10-14 00:00:00+00:00
[2025-10-14T06:47:50.049+0000] {processor.py:183} INFO - Processing /home/airflow/.local/lib/python3.8/site-packages/airflow/example_dags/example_dynamic_task_mapping_with_no_taskflow_operators.py took 0.126 seconds
[2025-10-14T06:48:20.159+0000] {processor.py:161} INFO - Started process (PID=55168) to work on /home/airflow/.local/lib/python3.8/site-packages/airflow/example_dags/example_dynamic_task_mapping_with_no_taskflow_operators.py
[2025-10-14T06:48:20.162+0000] {processor.py:830} INFO - Processing file /home/airflow/.local/lib/python3.8/site-packages/airflow/example_dags/example_dynamic_task_mapping_with_no_taskflow_operators.py for tasks to queue
[2025-10-14T06:48:20.164+0000] {logging_mixin.py:188} INFO - [2025-10-14T06:48:20.163+0000] {dagbag.py:538} INFO - Filling up the DagBag from /home/airflow/.local/lib/python3.8/site-packages/airflow/example_dags/example_dynamic_task_mapping_with_no_taskflow_operators.py
[2025-10-14T06:48:20.180+0000] {processor.py:840} INFO - DAG(s) 'example_dynamic_task_mapping_with_no_taskflow_operators' retrieved from /home/airflow/.local/lib/python3.8/site-packages/airflow/example_dags/example_dynamic_task_mapping_with_no_taskflow_operators.py
[2025-10-14T06:48:20.215+0000] {logging_mixin.py:188} INFO - [2025-10-14T06:48:20.215+0000] {dag.py:3036} INFO - Sync 1 DAGs
[2025-10-14T06:48:20.247+0000] {logging_mixin.py:188} INFO - [2025-10-14T06:48:20.246+0000] {dag.py:3823} INFO - Setting next_dagrun for example_dynamic_task_mapping_with_no_taskflow_operators to 2025-10-13 00:00:00+00:00, run_after=2025-10-14 00:00:00+00:00
[2025-10-14T06:48:20.296+0000] {processor.py:183} INFO - Processing /home/airflow/.local/lib/python3.8/site-packages/airflow/example_dags/example_dynamic_task_mapping_with_no_taskflow_operators.py took 0.143 seconds
[2025-10-14T06:48:51.036+0000] {processor.py:161} INFO - Started process (PID=55238) to work on /home/airflow/.local/lib/python3.8/site-packages/airflow/example_dags/example_dynamic_task_mapping_with_no_taskflow_operators.py
[2025-10-14T06:48:51.038+0000] {processor.py:830} INFO - Processing file /home/airflow/.local/lib/python3.8/site-packages/airflow/example_dags/example_dynamic_task_mapping_with_no_taskflow_operators.py for tasks to queue
[2025-10-14T06:48:51.040+0000] {logging_mixin.py:188} INFO - [2025-10-14T06:48:51.039+0000] {dagbag.py:538} INFO - Filling up the DagBag from /home/airflow/.local/lib/python3.8/site-packages/airflow/example_dags/example_dynamic_task_mapping_with_no_taskflow_operators.py
[2025-10-14T06:48:51.051+0000] {processor.py:840} INFO - DAG(s) 'example_dynamic_task_mapping_with_no_taskflow_operators' retrieved from /home/airflow/.local/lib/python3.8/site-packages/airflow/example_dags/example_dynamic_task_mapping_with_no_taskflow_operators.py
[2025-10-14T06:48:51.084+0000] {logging_mixin.py:188} INFO - [2025-10-14T06:48:51.084+0000] {dag.py:3036} INFO - Sync 1 DAGs
[2025-10-14T06:48:51.116+0000] {logging_mixin.py:188} INFO - [2025-10-14T06:48:51.116+0000] {dag.py:3823} INFO - Setting next_dagrun for example_dynamic_task_mapping_with_no_taskflow_operators to 2025-10-13 00:00:00+00:00, run_after=2025-10-14 00:00:00+00:00
[2025-10-14T06:48:51.144+0000] {processor.py:183} INFO - Processing /home/airflow/.local/lib/python3.8/site-packages/airflow/example_dags/example_dynamic_task_mapping_with_no_taskflow_operators.py took 0.113 seconds
[2025-10-14T06:49:21.909+0000] {processor.py:161} INFO - Started process (PID=55307) to work on /home/airflow/.local/lib/python3.8/site-packages/airflow/example_dags/example_dynamic_task_mapping_with_no_taskflow_operators.py
[2025-10-14T06:49:21.911+0000] {processor.py:830} INFO - Processing file /home/airflow/.local/lib/python3.8/site-packages/airflow/example_dags/example_dynamic_task_mapping_with_no_taskflow_operators.py for tasks to queue
[2025-10-14T06:49:21.912+0000] {logging_mixin.py:188} INFO - [2025-10-14T06:49:21.912+0000] {dagbag.py:538} INFO - Filling up the DagBag from /home/airflow/.local/lib/python3.8/site-packages/airflow/example_dags/example_dynamic_task_mapping_with_no_taskflow_operators.py
[2025-10-14T06:49:21.922+0000] {processor.py:840} INFO - DAG(s) 'example_dynamic_task_mapping_with_no_taskflow_operators' retrieved from /home/airflow/.local/lib/python3.8/site-packages/airflow/example_dags/example_dynamic_task_mapping_with_no_taskflow_operators.py
[2025-10-14T06:49:21.953+0000] {logging_mixin.py:188} INFO - [2025-10-14T06:49:21.953+0000] {dag.py:3036} INFO - Sync 1 DAGs
[2025-10-14T06:49:21.983+0000] {logging_mixin.py:188} INFO - [2025-10-14T06:49:21.982+0000] {dag.py:3823} INFO - Setting next_dagrun for example_dynamic_task_mapping_with_no_taskflow_operators to 2025-10-13 00:00:00+00:00, run_after=2025-10-14 00:00:00+00:00
[2025-10-14T06:49:22.008+0000] {processor.py:183} INFO - Processing /home/airflow/.local/lib/python3.8/site-packages/airflow/example_dags/example_dynamic_task_mapping_with_no_taskflow_operators.py took 0.104 seconds
[2025-10-14T06:49:52.114+0000] {processor.py:161} INFO - Started process (PID=55377) to work on /home/airflow/.local/lib/python3.8/site-packages/airflow/example_dags/example_dynamic_task_mapping_with_no_taskflow_operators.py
[2025-10-14T06:49:52.116+0000] {processor.py:830} INFO - Processing file /home/airflow/.local/lib/python3.8/site-packages/airflow/example_dags/example_dynamic_task_mapping_with_no_taskflow_operators.py for tasks to queue
[2025-10-14T06:49:52.119+0000] {logging_mixin.py:188} INFO - [2025-10-14T06:49:52.118+0000] {dagbag.py:538} INFO - Filling up the DagBag from /home/airflow/.local/lib/python3.8/site-packages/airflow/example_dags/example_dynamic_task_mapping_with_no_taskflow_operators.py
[2025-10-14T06:49:52.164+0000] {processor.py:840} INFO - DAG(s) 'example_dynamic_task_mapping_with_no_taskflow_operators' retrieved from /home/airflow/.local/lib/python3.8/site-packages/airflow/example_dags/example_dynamic_task_mapping_with_no_taskflow_operators.py
[2025-10-14T06:49:52.242+0000] {logging_mixin.py:188} INFO - [2025-10-14T06:49:52.240+0000] {dag.py:3036} INFO - Sync 1 DAGs
[2025-10-14T06:49:52.309+0000] {logging_mixin.py:188} INFO - [2025-10-14T06:49:52.308+0000] {dag.py:3823} INFO - Setting next_dagrun for example_dynamic_task_mapping_with_no_taskflow_operators to 2025-10-13 00:00:00+00:00, run_after=2025-10-14 00:00:00+00:00
[2025-10-14T06:49:52.356+0000] {processor.py:183} INFO - Processing /home/airflow/.local/lib/python3.8/site-packages/airflow/example_dags/example_dynamic_task_mapping_with_no_taskflow_operators.py took 0.250 seconds
[2025-10-14T06:50:23.512+0000] {processor.py:161} INFO - Started process (PID=55447) to work on /home/airflow/.local/lib/python3.8/site-packages/airflow/example_dags/example_dynamic_task_mapping_with_no_taskflow_operators.py
[2025-10-14T06:50:23.514+0000] {processor.py:830} INFO - Processing file /home/airflow/.local/lib/python3.8/site-packages/airflow/example_dags/example_dynamic_task_mapping_with_no_taskflow_operators.py for tasks to queue
[2025-10-14T06:50:23.516+0000] {logging_mixin.py:188} INFO - [2025-10-14T06:50:23.516+0000] {dagbag.py:538} INFO - Filling up the DagBag from /home/airflow/.local/lib/python3.8/site-packages/airflow/example_dags/example_dynamic_task_mapping_with_no_taskflow_operators.py
[2025-10-14T06:50:23.531+0000] {processor.py:840} INFO - DAG(s) 'example_dynamic_task_mapping_with_no_taskflow_operators' retrieved from /home/airflow/.local/lib/python3.8/site-packages/airflow/example_dags/example_dynamic_task_mapping_with_no_taskflow_operators.py
[2025-10-14T06:50:23.572+0000] {logging_mixin.py:188} INFO - [2025-10-14T06:50:23.571+0000] {dag.py:3036} INFO - Sync 1 DAGs
[2025-10-14T06:50:23.614+0000] {logging_mixin.py:188} INFO - [2025-10-14T06:50:23.614+0000] {dag.py:3823} INFO - Setting next_dagrun for example_dynamic_task_mapping_with_no_taskflow_operators to 2025-10-13 00:00:00+00:00, run_after=2025-10-14 00:00:00+00:00
[2025-10-14T06:50:23.654+0000] {processor.py:183} INFO - Processing /home/airflow/.local/lib/python3.8/site-packages/airflow/example_dags/example_dynamic_task_mapping_with_no_taskflow_operators.py took 0.154 seconds
[2025-10-14T06:50:53.770+0000] {processor.py:161} INFO - Started process (PID=55518) to work on /home/airflow/.local/lib/python3.8/site-packages/airflow/example_dags/example_dynamic_task_mapping_with_no_taskflow_operators.py
[2025-10-14T06:50:53.772+0000] {processor.py:830} INFO - Processing file /home/airflow/.local/lib/python3.8/site-packages/airflow/example_dags/example_dynamic_task_mapping_with_no_taskflow_operators.py for tasks to queue
[2025-10-14T06:50:53.774+0000] {logging_mixin.py:188} INFO - [2025-10-14T06:50:53.773+0000] {dagbag.py:538} INFO - Filling up the DagBag from /home/airflow/.local/lib/python3.8/site-packages/airflow/example_dags/example_dynamic_task_mapping_with_no_taskflow_operators.py
[2025-10-14T06:50:53.790+0000] {processor.py:840} INFO - DAG(s) 'example_dynamic_task_mapping_with_no_taskflow_operators' retrieved from /home/airflow/.local/lib/python3.8/site-packages/airflow/example_dags/example_dynamic_task_mapping_with_no_taskflow_operators.py
[2025-10-14T06:50:53.829+0000] {logging_mixin.py:188} INFO - [2025-10-14T06:50:53.829+0000] {dag.py:3036} INFO - Sync 1 DAGs
[2025-10-14T06:50:53.875+0000] {logging_mixin.py:188} INFO - [2025-10-14T06:50:53.875+0000] {dag.py:3823} INFO - Setting next_dagrun for example_dynamic_task_mapping_with_no_taskflow_operators to 2025-10-13 00:00:00+00:00, run_after=2025-10-14 00:00:00+00:00
[2025-10-14T06:50:53.913+0000] {processor.py:183} INFO - Processing /home/airflow/.local/lib/python3.8/site-packages/airflow/example_dags/example_dynamic_task_mapping_with_no_taskflow_operators.py took 0.150 seconds
[2025-10-14T06:51:24.314+0000] {processor.py:161} INFO - Started process (PID=55588) to work on /home/airflow/.local/lib/python3.8/site-packages/airflow/example_dags/example_dynamic_task_mapping_with_no_taskflow_operators.py
[2025-10-14T06:51:24.318+0000] {processor.py:830} INFO - Processing file /home/airflow/.local/lib/python3.8/site-packages/airflow/example_dags/example_dynamic_task_mapping_with_no_taskflow_operators.py for tasks to queue
[2025-10-14T06:51:24.323+0000] {logging_mixin.py:188} INFO - [2025-10-14T06:51:24.321+0000] {dagbag.py:538} INFO - Filling up the DagBag from /home/airflow/.local/lib/python3.8/site-packages/airflow/example_dags/example_dynamic_task_mapping_with_no_taskflow_operators.py
[2025-10-14T06:51:24.346+0000] {processor.py:840} INFO - DAG(s) 'example_dynamic_task_mapping_with_no_taskflow_operators' retrieved from /home/airflow/.local/lib/python3.8/site-packages/airflow/example_dags/example_dynamic_task_mapping_with_no_taskflow_operators.py
[2025-10-14T06:51:24.436+0000] {logging_mixin.py:188} INFO - [2025-10-14T06:51:24.435+0000] {dag.py:3036} INFO - Sync 1 DAGs
[2025-10-14T06:51:24.508+0000] {logging_mixin.py:188} INFO - [2025-10-14T06:51:24.508+0000] {dag.py:3823} INFO - Setting next_dagrun for example_dynamic_task_mapping_with_no_taskflow_operators to 2025-10-13 00:00:00+00:00, run_after=2025-10-14 00:00:00+00:00
[2025-10-14T06:51:24.564+0000] {processor.py:183} INFO - Processing /home/airflow/.local/lib/python3.8/site-packages/airflow/example_dags/example_dynamic_task_mapping_with_no_taskflow_operators.py took 0.260 seconds
[2025-10-14T06:51:55.189+0000] {processor.py:161} INFO - Started process (PID=55658) to work on /home/airflow/.local/lib/python3.8/site-packages/airflow/example_dags/example_dynamic_task_mapping_with_no_taskflow_operators.py
[2025-10-14T06:51:55.191+0000] {processor.py:830} INFO - Processing file /home/airflow/.local/lib/python3.8/site-packages/airflow/example_dags/example_dynamic_task_mapping_with_no_taskflow_operators.py for tasks to queue
[2025-10-14T06:51:55.194+0000] {logging_mixin.py:188} INFO - [2025-10-14T06:51:55.193+0000] {dagbag.py:538} INFO - Filling up the DagBag from /home/airflow/.local/lib/python3.8/site-packages/airflow/example_dags/example_dynamic_task_mapping_with_no_taskflow_operators.py
[2025-10-14T06:51:55.206+0000] {processor.py:840} INFO - DAG(s) 'example_dynamic_task_mapping_with_no_taskflow_operators' retrieved from /home/airflow/.local/lib/python3.8/site-packages/airflow/example_dags/example_dynamic_task_mapping_with_no_taskflow_operators.py
[2025-10-14T06:51:55.246+0000] {logging_mixin.py:188} INFO - [2025-10-14T06:51:55.246+0000] {dag.py:3036} INFO - Sync 1 DAGs
[2025-10-14T06:51:55.287+0000] {logging_mixin.py:188} INFO - [2025-10-14T06:51:55.286+0000] {dag.py:3823} INFO - Setting next_dagrun for example_dynamic_task_mapping_with_no_taskflow_operators to 2025-10-13 00:00:00+00:00, run_after=2025-10-14 00:00:00+00:00
[2025-10-14T06:51:55.335+0000] {processor.py:183} INFO - Processing /home/airflow/.local/lib/python3.8/site-packages/airflow/example_dags/example_dynamic_task_mapping_with_no_taskflow_operators.py took 0.153 seconds
[2025-10-14T06:52:26.114+0000] {processor.py:161} INFO - Started process (PID=55728) to work on /home/airflow/.local/lib/python3.8/site-packages/airflow/example_dags/example_dynamic_task_mapping_with_no_taskflow_operators.py
[2025-10-14T06:52:26.116+0000] {processor.py:830} INFO - Processing file /home/airflow/.local/lib/python3.8/site-packages/airflow/example_dags/example_dynamic_task_mapping_with_no_taskflow_operators.py for tasks to queue
[2025-10-14T06:52:26.118+0000] {logging_mixin.py:188} INFO - [2025-10-14T06:52:26.117+0000] {dagbag.py:538} INFO - Filling up the DagBag from /home/airflow/.local/lib/python3.8/site-packages/airflow/example_dags/example_dynamic_task_mapping_with_no_taskflow_operators.py
[2025-10-14T06:52:26.128+0000] {processor.py:840} INFO - DAG(s) 'example_dynamic_task_mapping_with_no_taskflow_operators' retrieved from /home/airflow/.local/lib/python3.8/site-packages/airflow/example_dags/example_dynamic_task_mapping_with_no_taskflow_operators.py
[2025-10-14T06:52:26.164+0000] {logging_mixin.py:188} INFO - [2025-10-14T06:52:26.164+0000] {dag.py:3036} INFO - Sync 1 DAGs
[2025-10-14T06:52:26.198+0000] {logging_mixin.py:188} INFO - [2025-10-14T06:52:26.198+0000] {dag.py:3823} INFO - Setting next_dagrun for example_dynamic_task_mapping_with_no_taskflow_operators to 2025-10-13 00:00:00+00:00, run_after=2025-10-14 00:00:00+00:00
[2025-10-14T06:52:26.232+0000] {processor.py:183} INFO - Processing /home/airflow/.local/lib/python3.8/site-packages/airflow/example_dags/example_dynamic_task_mapping_with_no_taskflow_operators.py took 0.123 seconds
[2025-10-14T06:52:56.988+0000] {processor.py:161} INFO - Started process (PID=55798) to work on /home/airflow/.local/lib/python3.8/site-packages/airflow/example_dags/example_dynamic_task_mapping_with_no_taskflow_operators.py
[2025-10-14T06:52:56.990+0000] {processor.py:830} INFO - Processing file /home/airflow/.local/lib/python3.8/site-packages/airflow/example_dags/example_dynamic_task_mapping_with_no_taskflow_operators.py for tasks to queue
[2025-10-14T06:52:56.992+0000] {logging_mixin.py:188} INFO - [2025-10-14T06:52:56.992+0000] {dagbag.py:538} INFO - Filling up the DagBag from /home/airflow/.local/lib/python3.8/site-packages/airflow/example_dags/example_dynamic_task_mapping_with_no_taskflow_operators.py
[2025-10-14T06:52:57.005+0000] {processor.py:840} INFO - DAG(s) 'example_dynamic_task_mapping_with_no_taskflow_operators' retrieved from /home/airflow/.local/lib/python3.8/site-packages/airflow/example_dags/example_dynamic_task_mapping_with_no_taskflow_operators.py
[2025-10-14T06:52:57.048+0000] {logging_mixin.py:188} INFO - [2025-10-14T06:52:57.047+0000] {dag.py:3036} INFO - Sync 1 DAGs
[2025-10-14T06:52:57.112+0000] {logging_mixin.py:188} INFO - [2025-10-14T06:52:57.111+0000] {dag.py:3823} INFO - Setting next_dagrun for example_dynamic_task_mapping_with_no_taskflow_operators to 2025-10-13 00:00:00+00:00, run_after=2025-10-14 00:00:00+00:00
[2025-10-14T06:52:57.146+0000] {processor.py:183} INFO - Processing /home/airflow/.local/lib/python3.8/site-packages/airflow/example_dags/example_dynamic_task_mapping_with_no_taskflow_operators.py took 0.163 seconds
[2025-10-14T06:53:27.841+0000] {processor.py:161} INFO - Started process (PID=55868) to work on /home/airflow/.local/lib/python3.8/site-packages/airflow/example_dags/example_dynamic_task_mapping_with_no_taskflow_operators.py
[2025-10-14T06:53:27.843+0000] {processor.py:830} INFO - Processing file /home/airflow/.local/lib/python3.8/site-packages/airflow/example_dags/example_dynamic_task_mapping_with_no_taskflow_operators.py for tasks to queue
[2025-10-14T06:53:27.844+0000] {logging_mixin.py:188} INFO - [2025-10-14T06:53:27.844+0000] {dagbag.py:538} INFO - Filling up the DagBag from /home/airflow/.local/lib/python3.8/site-packages/airflow/example_dags/example_dynamic_task_mapping_with_no_taskflow_operators.py
[2025-10-14T06:53:27.855+0000] {processor.py:840} INFO - DAG(s) 'example_dynamic_task_mapping_with_no_taskflow_operators' retrieved from /home/airflow/.local/lib/python3.8/site-packages/airflow/example_dags/example_dynamic_task_mapping_with_no_taskflow_operators.py
[2025-10-14T06:53:27.888+0000] {logging_mixin.py:188} INFO - [2025-10-14T06:53:27.888+0000] {dag.py:3036} INFO - Sync 1 DAGs
[2025-10-14T06:53:27.920+0000] {logging_mixin.py:188} INFO - [2025-10-14T06:53:27.918+0000] {dag.py:3823} INFO - Setting next_dagrun for example_dynamic_task_mapping_with_no_taskflow_operators to 2025-10-13 00:00:00+00:00, run_after=2025-10-14 00:00:00+00:00
[2025-10-14T06:53:27.957+0000] {processor.py:183} INFO - Processing /home/airflow/.local/lib/python3.8/site-packages/airflow/example_dags/example_dynamic_task_mapping_with_no_taskflow_operators.py took 0.121 seconds
[2025-10-14T06:53:58.141+0000] {processor.py:161} INFO - Started process (PID=55939) to work on /home/airflow/.local/lib/python3.8/site-packages/airflow/example_dags/example_dynamic_task_mapping_with_no_taskflow_operators.py
[2025-10-14T06:53:58.143+0000] {processor.py:830} INFO - Processing file /home/airflow/.local/lib/python3.8/site-packages/airflow/example_dags/example_dynamic_task_mapping_with_no_taskflow_operators.py for tasks to queue
[2025-10-14T06:53:58.145+0000] {logging_mixin.py:188} INFO - [2025-10-14T06:53:58.144+0000] {dagbag.py:538} INFO - Filling up the DagBag from /home/airflow/.local/lib/python3.8/site-packages/airflow/example_dags/example_dynamic_task_mapping_with_no_taskflow_operators.py
[2025-10-14T06:53:58.155+0000] {processor.py:840} INFO - DAG(s) 'example_dynamic_task_mapping_with_no_taskflow_operators' retrieved from /home/airflow/.local/lib/python3.8/site-packages/airflow/example_dags/example_dynamic_task_mapping_with_no_taskflow_operators.py
[2025-10-14T06:53:58.188+0000] {logging_mixin.py:188} INFO - [2025-10-14T06:53:58.188+0000] {dag.py:3036} INFO - Sync 1 DAGs
[2025-10-14T06:53:58.219+0000] {logging_mixin.py:188} INFO - [2025-10-14T06:53:58.219+0000] {dag.py:3823} INFO - Setting next_dagrun for example_dynamic_task_mapping_with_no_taskflow_operators to 2025-10-13 00:00:00+00:00, run_after=2025-10-14 00:00:00+00:00
[2025-10-14T06:53:58.248+0000] {processor.py:183} INFO - Processing /home/airflow/.local/lib/python3.8/site-packages/airflow/example_dags/example_dynamic_task_mapping_with_no_taskflow_operators.py took 0.112 seconds
[2025-10-14T06:54:28.593+0000] {processor.py:161} INFO - Started process (PID=56009) to work on /home/airflow/.local/lib/python3.8/site-packages/airflow/example_dags/example_dynamic_task_mapping_with_no_taskflow_operators.py
[2025-10-14T06:54:28.595+0000] {processor.py:830} INFO - Processing file /home/airflow/.local/lib/python3.8/site-packages/airflow/example_dags/example_dynamic_task_mapping_with_no_taskflow_operators.py for tasks to queue
[2025-10-14T06:54:28.597+0000] {logging_mixin.py:188} INFO - [2025-10-14T06:54:28.597+0000] {dagbag.py:538} INFO - Filling up the DagBag from /home/airflow/.local/lib/python3.8/site-packages/airflow/example_dags/example_dynamic_task_mapping_with_no_taskflow_operators.py
[2025-10-14T06:54:28.610+0000] {processor.py:840} INFO - DAG(s) 'example_dynamic_task_mapping_with_no_taskflow_operators' retrieved from /home/airflow/.local/lib/python3.8/site-packages/airflow/example_dags/example_dynamic_task_mapping_with_no_taskflow_operators.py
[2025-10-14T06:54:28.645+0000] {logging_mixin.py:188} INFO - [2025-10-14T06:54:28.644+0000] {dag.py:3036} INFO - Sync 1 DAGs
[2025-10-14T06:54:28.676+0000] {logging_mixin.py:188} INFO - [2025-10-14T06:54:28.676+0000] {dag.py:3823} INFO - Setting next_dagrun for example_dynamic_task_mapping_with_no_taskflow_operators to 2025-10-13 00:00:00+00:00, run_after=2025-10-14 00:00:00+00:00
[2025-10-14T06:54:28.708+0000] {processor.py:183} INFO - Processing /home/airflow/.local/lib/python3.8/site-packages/airflow/example_dags/example_dynamic_task_mapping_with_no_taskflow_operators.py took 0.120 seconds
[2025-10-14T06:54:58.929+0000] {processor.py:161} INFO - Started process (PID=56079) to work on /home/airflow/.local/lib/python3.8/site-packages/airflow/example_dags/example_dynamic_task_mapping_with_no_taskflow_operators.py
[2025-10-14T06:54:58.932+0000] {processor.py:830} INFO - Processing file /home/airflow/.local/lib/python3.8/site-packages/airflow/example_dags/example_dynamic_task_mapping_with_no_taskflow_operators.py for tasks to queue
[2025-10-14T06:54:58.934+0000] {logging_mixin.py:188} INFO - [2025-10-14T06:54:58.933+0000] {dagbag.py:538} INFO - Filling up the DagBag from /home/airflow/.local/lib/python3.8/site-packages/airflow/example_dags/example_dynamic_task_mapping_with_no_taskflow_operators.py
[2025-10-14T06:54:58.949+0000] {processor.py:840} INFO - DAG(s) 'example_dynamic_task_mapping_with_no_taskflow_operators' retrieved from /home/airflow/.local/lib/python3.8/site-packages/airflow/example_dags/example_dynamic_task_mapping_with_no_taskflow_operators.py
[2025-10-14T06:54:58.991+0000] {logging_mixin.py:188} INFO - [2025-10-14T06:54:58.991+0000] {dag.py:3036} INFO - Sync 1 DAGs
[2025-10-14T06:54:59.036+0000] {logging_mixin.py:188} INFO - [2025-10-14T06:54:59.036+0000] {dag.py:3823} INFO - Setting next_dagrun for example_dynamic_task_mapping_with_no_taskflow_operators to 2025-10-13 00:00:00+00:00, run_after=2025-10-14 00:00:00+00:00
[2025-10-14T06:54:59.102+0000] {processor.py:183} INFO - Processing /home/airflow/.local/lib/python3.8/site-packages/airflow/example_dags/example_dynamic_task_mapping_with_no_taskflow_operators.py took 0.180 seconds
[2025-10-14T06:55:29.280+0000] {processor.py:161} INFO - Started process (PID=56149) to work on /home/airflow/.local/lib/python3.8/site-packages/airflow/example_dags/example_dynamic_task_mapping_with_no_taskflow_operators.py
[2025-10-14T06:55:29.281+0000] {processor.py:830} INFO - Processing file /home/airflow/.local/lib/python3.8/site-packages/airflow/example_dags/example_dynamic_task_mapping_with_no_taskflow_operators.py for tasks to queue
[2025-10-14T06:55:29.283+0000] {logging_mixin.py:188} INFO - [2025-10-14T06:55:29.283+0000] {dagbag.py:538} INFO - Filling up the DagBag from /home/airflow/.local/lib/python3.8/site-packages/airflow/example_dags/example_dynamic_task_mapping_with_no_taskflow_operators.py
[2025-10-14T06:55:29.293+0000] {processor.py:840} INFO - DAG(s) 'example_dynamic_task_mapping_with_no_taskflow_operators' retrieved from /home/airflow/.local/lib/python3.8/site-packages/airflow/example_dags/example_dynamic_task_mapping_with_no_taskflow_operators.py
[2025-10-14T06:55:29.329+0000] {logging_mixin.py:188} INFO - [2025-10-14T06:55:29.328+0000] {dag.py:3036} INFO - Sync 1 DAGs
[2025-10-14T06:55:29.358+0000] {logging_mixin.py:188} INFO - [2025-10-14T06:55:29.358+0000] {dag.py:3823} INFO - Setting next_dagrun for example_dynamic_task_mapping_with_no_taskflow_operators to 2025-10-13 00:00:00+00:00, run_after=2025-10-14 00:00:00+00:00
[2025-10-14T06:55:29.396+0000] {processor.py:183} INFO - Processing /home/airflow/.local/lib/python3.8/site-packages/airflow/example_dags/example_dynamic_task_mapping_with_no_taskflow_operators.py took 0.121 seconds
[2025-10-14T06:56:00.086+0000] {processor.py:161} INFO - Started process (PID=56219) to work on /home/airflow/.local/lib/python3.8/site-packages/airflow/example_dags/example_dynamic_task_mapping_with_no_taskflow_operators.py
[2025-10-14T06:56:00.088+0000] {processor.py:830} INFO - Processing file /home/airflow/.local/lib/python3.8/site-packages/airflow/example_dags/example_dynamic_task_mapping_with_no_taskflow_operators.py for tasks to queue
[2025-10-14T06:56:00.091+0000] {logging_mixin.py:188} INFO - [2025-10-14T06:56:00.090+0000] {dagbag.py:538} INFO - Filling up the DagBag from /home/airflow/.local/lib/python3.8/site-packages/airflow/example_dags/example_dynamic_task_mapping_with_no_taskflow_operators.py
[2025-10-14T06:56:00.103+0000] {processor.py:840} INFO - DAG(s) 'example_dynamic_task_mapping_with_no_taskflow_operators' retrieved from /home/airflow/.local/lib/python3.8/site-packages/airflow/example_dags/example_dynamic_task_mapping_with_no_taskflow_operators.py
[2025-10-14T06:56:00.149+0000] {logging_mixin.py:188} INFO - [2025-10-14T06:56:00.148+0000] {dag.py:3036} INFO - Sync 1 DAGs
[2025-10-14T06:56:00.190+0000] {logging_mixin.py:188} INFO - [2025-10-14T06:56:00.190+0000] {dag.py:3823} INFO - Setting next_dagrun for example_dynamic_task_mapping_with_no_taskflow_operators to 2025-10-13 00:00:00+00:00, run_after=2025-10-14 00:00:00+00:00
[2025-10-14T06:56:00.232+0000] {processor.py:183} INFO - Processing /home/airflow/.local/lib/python3.8/site-packages/airflow/example_dags/example_dynamic_task_mapping_with_no_taskflow_operators.py took 0.153 seconds
[2025-10-14T06:56:30.416+0000] {processor.py:161} INFO - Started process (PID=56289) to work on /home/airflow/.local/lib/python3.8/site-packages/airflow/example_dags/example_dynamic_task_mapping_with_no_taskflow_operators.py
[2025-10-14T06:56:30.418+0000] {processor.py:830} INFO - Processing file /home/airflow/.local/lib/python3.8/site-packages/airflow/example_dags/example_dynamic_task_mapping_with_no_taskflow_operators.py for tasks to queue
[2025-10-14T06:56:30.420+0000] {logging_mixin.py:188} INFO - [2025-10-14T06:56:30.419+0000] {dagbag.py:538} INFO - Filling up the DagBag from /home/airflow/.local/lib/python3.8/site-packages/airflow/example_dags/example_dynamic_task_mapping_with_no_taskflow_operators.py
[2025-10-14T06:56:30.433+0000] {processor.py:840} INFO - DAG(s) 'example_dynamic_task_mapping_with_no_taskflow_operators' retrieved from /home/airflow/.local/lib/python3.8/site-packages/airflow/example_dags/example_dynamic_task_mapping_with_no_taskflow_operators.py
[2025-10-14T06:56:30.479+0000] {logging_mixin.py:188} INFO - [2025-10-14T06:56:30.478+0000] {dag.py:3036} INFO - Sync 1 DAGs
[2025-10-14T06:56:30.516+0000] {logging_mixin.py:188} INFO - [2025-10-14T06:56:30.515+0000] {dag.py:3823} INFO - Setting next_dagrun for example_dynamic_task_mapping_with_no_taskflow_operators to 2025-10-13 00:00:00+00:00, run_after=2025-10-14 00:00:00+00:00
[2025-10-14T06:56:30.542+0000] {processor.py:183} INFO - Processing /home/airflow/.local/lib/python3.8/site-packages/airflow/example_dags/example_dynamic_task_mapping_with_no_taskflow_operators.py took 0.132 seconds
[2025-10-14T06:57:02.023+0000] {processor.py:161} INFO - Started process (PID=56359) to work on /home/airflow/.local/lib/python3.8/site-packages/airflow/example_dags/example_dynamic_task_mapping_with_no_taskflow_operators.py
[2025-10-14T06:57:02.026+0000] {processor.py:830} INFO - Processing file /home/airflow/.local/lib/python3.8/site-packages/airflow/example_dags/example_dynamic_task_mapping_with_no_taskflow_operators.py for tasks to queue
[2025-10-14T06:57:02.029+0000] {logging_mixin.py:188} INFO - [2025-10-14T06:57:02.028+0000] {dagbag.py:538} INFO - Filling up the DagBag from /home/airflow/.local/lib/python3.8/site-packages/airflow/example_dags/example_dynamic_task_mapping_with_no_taskflow_operators.py
[2025-10-14T06:57:02.041+0000] {processor.py:840} INFO - DAG(s) 'example_dynamic_task_mapping_with_no_taskflow_operators' retrieved from /home/airflow/.local/lib/python3.8/site-packages/airflow/example_dags/example_dynamic_task_mapping_with_no_taskflow_operators.py
[2025-10-14T06:57:02.081+0000] {logging_mixin.py:188} INFO - [2025-10-14T06:57:02.080+0000] {dag.py:3036} INFO - Sync 1 DAGs
[2025-10-14T06:57:02.128+0000] {logging_mixin.py:188} INFO - [2025-10-14T06:57:02.128+0000] {dag.py:3823} INFO - Setting next_dagrun for example_dynamic_task_mapping_with_no_taskflow_operators to 2025-10-13 00:00:00+00:00, run_after=2025-10-14 00:00:00+00:00
[2025-10-14T06:57:02.167+0000] {processor.py:183} INFO - Processing /home/airflow/.local/lib/python3.8/site-packages/airflow/example_dags/example_dynamic_task_mapping_with_no_taskflow_operators.py took 0.153 seconds
[2025-10-14T06:57:33.407+0000] {processor.py:161} INFO - Started process (PID=56429) to work on /home/airflow/.local/lib/python3.8/site-packages/airflow/example_dags/example_dynamic_task_mapping_with_no_taskflow_operators.py
[2025-10-14T06:57:33.409+0000] {processor.py:830} INFO - Processing file /home/airflow/.local/lib/python3.8/site-packages/airflow/example_dags/example_dynamic_task_mapping_with_no_taskflow_operators.py for tasks to queue
[2025-10-14T06:57:33.411+0000] {logging_mixin.py:188} INFO - [2025-10-14T06:57:33.410+0000] {dagbag.py:538} INFO - Filling up the DagBag from /home/airflow/.local/lib/python3.8/site-packages/airflow/example_dags/example_dynamic_task_mapping_with_no_taskflow_operators.py
[2025-10-14T06:57:33.423+0000] {processor.py:840} INFO - DAG(s) 'example_dynamic_task_mapping_with_no_taskflow_operators' retrieved from /home/airflow/.local/lib/python3.8/site-packages/airflow/example_dags/example_dynamic_task_mapping_with_no_taskflow_operators.py
[2025-10-14T06:57:33.464+0000] {logging_mixin.py:188} INFO - [2025-10-14T06:57:33.463+0000] {dag.py:3036} INFO - Sync 1 DAGs
[2025-10-14T06:57:33.501+0000] {logging_mixin.py:188} INFO - [2025-10-14T06:57:33.501+0000] {dag.py:3823} INFO - Setting next_dagrun for example_dynamic_task_mapping_with_no_taskflow_operators to 2025-10-13 00:00:00+00:00, run_after=2025-10-14 00:00:00+00:00
[2025-10-14T06:57:33.558+0000] {processor.py:183} INFO - Processing /home/airflow/.local/lib/python3.8/site-packages/airflow/example_dags/example_dynamic_task_mapping_with_no_taskflow_operators.py took 0.157 seconds
[2025-10-14T06:58:04.228+0000] {processor.py:161} INFO - Started process (PID=56498) to work on /home/airflow/.local/lib/python3.8/site-packages/airflow/example_dags/example_dynamic_task_mapping_with_no_taskflow_operators.py
[2025-10-14T06:58:04.230+0000] {processor.py:830} INFO - Processing file /home/airflow/.local/lib/python3.8/site-packages/airflow/example_dags/example_dynamic_task_mapping_with_no_taskflow_operators.py for tasks to queue
[2025-10-14T06:58:04.232+0000] {logging_mixin.py:188} INFO - [2025-10-14T06:58:04.231+0000] {dagbag.py:538} INFO - Filling up the DagBag from /home/airflow/.local/lib/python3.8/site-packages/airflow/example_dags/example_dynamic_task_mapping_with_no_taskflow_operators.py
[2025-10-14T06:58:04.242+0000] {processor.py:840} INFO - DAG(s) 'example_dynamic_task_mapping_with_no_taskflow_operators' retrieved from /home/airflow/.local/lib/python3.8/site-packages/airflow/example_dags/example_dynamic_task_mapping_with_no_taskflow_operators.py
[2025-10-14T06:58:04.277+0000] {logging_mixin.py:188} INFO - [2025-10-14T06:58:04.277+0000] {dag.py:3036} INFO - Sync 1 DAGs
[2025-10-14T06:58:04.313+0000] {logging_mixin.py:188} INFO - [2025-10-14T06:58:04.312+0000] {dag.py:3823} INFO - Setting next_dagrun for example_dynamic_task_mapping_with_no_taskflow_operators to 2025-10-13 00:00:00+00:00, run_after=2025-10-14 00:00:00+00:00
[2025-10-14T06:58:04.392+0000] {processor.py:183} INFO - Processing /home/airflow/.local/lib/python3.8/site-packages/airflow/example_dags/example_dynamic_task_mapping_with_no_taskflow_operators.py took 0.169 seconds
[2025-10-14T06:58:35.080+0000] {processor.py:161} INFO - Started process (PID=56568) to work on /home/airflow/.local/lib/python3.8/site-packages/airflow/example_dags/example_dynamic_task_mapping_with_no_taskflow_operators.py
[2025-10-14T06:58:35.082+0000] {processor.py:830} INFO - Processing file /home/airflow/.local/lib/python3.8/site-packages/airflow/example_dags/example_dynamic_task_mapping_with_no_taskflow_operators.py for tasks to queue
[2025-10-14T06:58:35.083+0000] {logging_mixin.py:188} INFO - [2025-10-14T06:58:35.083+0000] {dagbag.py:538} INFO - Filling up the DagBag from /home/airflow/.local/lib/python3.8/site-packages/airflow/example_dags/example_dynamic_task_mapping_with_no_taskflow_operators.py
[2025-10-14T06:58:35.096+0000] {processor.py:840} INFO - DAG(s) 'example_dynamic_task_mapping_with_no_taskflow_operators' retrieved from /home/airflow/.local/lib/python3.8/site-packages/airflow/example_dags/example_dynamic_task_mapping_with_no_taskflow_operators.py
[2025-10-14T06:58:35.135+0000] {logging_mixin.py:188} INFO - [2025-10-14T06:58:35.135+0000] {dag.py:3036} INFO - Sync 1 DAGs
[2025-10-14T06:58:35.172+0000] {logging_mixin.py:188} INFO - [2025-10-14T06:58:35.172+0000] {dag.py:3823} INFO - Setting next_dagrun for example_dynamic_task_mapping_with_no_taskflow_operators to 2025-10-13 00:00:00+00:00, run_after=2025-10-14 00:00:00+00:00
[2025-10-14T06:58:35.203+0000] {processor.py:183} INFO - Processing /home/airflow/.local/lib/python3.8/site-packages/airflow/example_dags/example_dynamic_task_mapping_with_no_taskflow_operators.py took 0.128 seconds
[2025-10-14T06:59:06.436+0000] {processor.py:161} INFO - Started process (PID=56638) to work on /home/airflow/.local/lib/python3.8/site-packages/airflow/example_dags/example_dynamic_task_mapping_with_no_taskflow_operators.py
[2025-10-14T06:59:06.438+0000] {processor.py:830} INFO - Processing file /home/airflow/.local/lib/python3.8/site-packages/airflow/example_dags/example_dynamic_task_mapping_with_no_taskflow_operators.py for tasks to queue
[2025-10-14T06:59:06.440+0000] {logging_mixin.py:188} INFO - [2025-10-14T06:59:06.439+0000] {dagbag.py:538} INFO - Filling up the DagBag from /home/airflow/.local/lib/python3.8/site-packages/airflow/example_dags/example_dynamic_task_mapping_with_no_taskflow_operators.py
[2025-10-14T06:59:06.453+0000] {processor.py:840} INFO - DAG(s) 'example_dynamic_task_mapping_with_no_taskflow_operators' retrieved from /home/airflow/.local/lib/python3.8/site-packages/airflow/example_dags/example_dynamic_task_mapping_with_no_taskflow_operators.py
[2025-10-14T06:59:06.500+0000] {logging_mixin.py:188} INFO - [2025-10-14T06:59:06.500+0000] {dag.py:3036} INFO - Sync 1 DAGs
[2025-10-14T06:59:06.546+0000] {logging_mixin.py:188} INFO - [2025-10-14T06:59:06.546+0000] {dag.py:3823} INFO - Setting next_dagrun for example_dynamic_task_mapping_with_no_taskflow_operators to 2025-10-13 00:00:00+00:00, run_after=2025-10-14 00:00:00+00:00
[2025-10-14T06:59:06.589+0000] {processor.py:183} INFO - Processing /home/airflow/.local/lib/python3.8/site-packages/airflow/example_dags/example_dynamic_task_mapping_with_no_taskflow_operators.py took 0.159 seconds
[2025-10-14T06:59:37.863+0000] {processor.py:161} INFO - Started process (PID=56709) to work on /home/airflow/.local/lib/python3.8/site-packages/airflow/example_dags/example_dynamic_task_mapping_with_no_taskflow_operators.py
[2025-10-14T06:59:37.865+0000] {processor.py:830} INFO - Processing file /home/airflow/.local/lib/python3.8/site-packages/airflow/example_dags/example_dynamic_task_mapping_with_no_taskflow_operators.py for tasks to queue
[2025-10-14T06:59:37.867+0000] {logging_mixin.py:188} INFO - [2025-10-14T06:59:37.866+0000] {dagbag.py:538} INFO - Filling up the DagBag from /home/airflow/.local/lib/python3.8/site-packages/airflow/example_dags/example_dynamic_task_mapping_with_no_taskflow_operators.py
[2025-10-14T06:59:37.878+0000] {processor.py:840} INFO - DAG(s) 'example_dynamic_task_mapping_with_no_taskflow_operators' retrieved from /home/airflow/.local/lib/python3.8/site-packages/airflow/example_dags/example_dynamic_task_mapping_with_no_taskflow_operators.py
[2025-10-14T06:59:37.918+0000] {logging_mixin.py:188} INFO - [2025-10-14T06:59:37.918+0000] {dag.py:3036} INFO - Sync 1 DAGs
[2025-10-14T06:59:37.956+0000] {logging_mixin.py:188} INFO - [2025-10-14T06:59:37.955+0000] {dag.py:3823} INFO - Setting next_dagrun for example_dynamic_task_mapping_with_no_taskflow_operators to 2025-10-13 00:00:00+00:00, run_after=2025-10-14 00:00:00+00:00
[2025-10-14T06:59:37.989+0000] {processor.py:183} INFO - Processing /home/airflow/.local/lib/python3.8/site-packages/airflow/example_dags/example_dynamic_task_mapping_with_no_taskflow_operators.py took 0.133 seconds
[2025-10-14T07:00:09.887+0000] {processor.py:161} INFO - Started process (PID=56779) to work on /home/airflow/.local/lib/python3.8/site-packages/airflow/example_dags/example_dynamic_task_mapping_with_no_taskflow_operators.py
[2025-10-14T07:00:09.889+0000] {processor.py:830} INFO - Processing file /home/airflow/.local/lib/python3.8/site-packages/airflow/example_dags/example_dynamic_task_mapping_with_no_taskflow_operators.py for tasks to queue
[2025-10-14T07:00:09.891+0000] {logging_mixin.py:188} INFO - [2025-10-14T07:00:09.890+0000] {dagbag.py:538} INFO - Filling up the DagBag from /home/airflow/.local/lib/python3.8/site-packages/airflow/example_dags/example_dynamic_task_mapping_with_no_taskflow_operators.py
[2025-10-14T07:00:09.901+0000] {processor.py:840} INFO - DAG(s) 'example_dynamic_task_mapping_with_no_taskflow_operators' retrieved from /home/airflow/.local/lib/python3.8/site-packages/airflow/example_dags/example_dynamic_task_mapping_with_no_taskflow_operators.py
[2025-10-14T07:00:09.936+0000] {logging_mixin.py:188} INFO - [2025-10-14T07:00:09.936+0000] {dag.py:3036} INFO - Sync 1 DAGs
[2025-10-14T07:00:09.970+0000] {logging_mixin.py:188} INFO - [2025-10-14T07:00:09.969+0000] {dag.py:3823} INFO - Setting next_dagrun for example_dynamic_task_mapping_with_no_taskflow_operators to 2025-10-13 00:00:00+00:00, run_after=2025-10-14 00:00:00+00:00
[2025-10-14T07:00:10.015+0000] {processor.py:183} INFO - Processing /home/airflow/.local/lib/python3.8/site-packages/airflow/example_dags/example_dynamic_task_mapping_with_no_taskflow_operators.py took 0.133 seconds
[2025-10-14T07:00:40.964+0000] {processor.py:161} INFO - Started process (PID=56849) to work on /home/airflow/.local/lib/python3.8/site-packages/airflow/example_dags/example_dynamic_task_mapping_with_no_taskflow_operators.py
[2025-10-14T07:00:40.966+0000] {processor.py:830} INFO - Processing file /home/airflow/.local/lib/python3.8/site-packages/airflow/example_dags/example_dynamic_task_mapping_with_no_taskflow_operators.py for tasks to queue
[2025-10-14T07:00:40.967+0000] {logging_mixin.py:188} INFO - [2025-10-14T07:00:40.967+0000] {dagbag.py:538} INFO - Filling up the DagBag from /home/airflow/.local/lib/python3.8/site-packages/airflow/example_dags/example_dynamic_task_mapping_with_no_taskflow_operators.py
[2025-10-14T07:00:40.977+0000] {processor.py:840} INFO - DAG(s) 'example_dynamic_task_mapping_with_no_taskflow_operators' retrieved from /home/airflow/.local/lib/python3.8/site-packages/airflow/example_dags/example_dynamic_task_mapping_with_no_taskflow_operators.py
[2025-10-14T07:00:41.010+0000] {logging_mixin.py:188} INFO - [2025-10-14T07:00:41.009+0000] {dag.py:3036} INFO - Sync 1 DAGs
[2025-10-14T07:00:41.040+0000] {logging_mixin.py:188} INFO - [2025-10-14T07:00:41.040+0000] {dag.py:3823} INFO - Setting next_dagrun for example_dynamic_task_mapping_with_no_taskflow_operators to 2025-10-13 00:00:00+00:00, run_after=2025-10-14 00:00:00+00:00
[2025-10-14T07:00:41.096+0000] {processor.py:183} INFO - Processing /home/airflow/.local/lib/python3.8/site-packages/airflow/example_dags/example_dynamic_task_mapping_with_no_taskflow_operators.py took 0.136 seconds
[2025-10-14T07:01:12.319+0000] {processor.py:161} INFO - Started process (PID=56919) to work on /home/airflow/.local/lib/python3.8/site-packages/airflow/example_dags/example_dynamic_task_mapping_with_no_taskflow_operators.py
[2025-10-14T07:01:12.320+0000] {processor.py:830} INFO - Processing file /home/airflow/.local/lib/python3.8/site-packages/airflow/example_dags/example_dynamic_task_mapping_with_no_taskflow_operators.py for tasks to queue
[2025-10-14T07:01:12.322+0000] {logging_mixin.py:188} INFO - [2025-10-14T07:01:12.322+0000] {dagbag.py:538} INFO - Filling up the DagBag from /home/airflow/.local/lib/python3.8/site-packages/airflow/example_dags/example_dynamic_task_mapping_with_no_taskflow_operators.py
[2025-10-14T07:01:12.335+0000] {processor.py:840} INFO - DAG(s) 'example_dynamic_task_mapping_with_no_taskflow_operators' retrieved from /home/airflow/.local/lib/python3.8/site-packages/airflow/example_dags/example_dynamic_task_mapping_with_no_taskflow_operators.py
[2025-10-14T07:01:12.372+0000] {logging_mixin.py:188} INFO - [2025-10-14T07:01:12.371+0000] {dag.py:3036} INFO - Sync 1 DAGs
[2025-10-14T07:01:12.407+0000] {logging_mixin.py:188} INFO - [2025-10-14T07:01:12.406+0000] {dag.py:3823} INFO - Setting next_dagrun for example_dynamic_task_mapping_with_no_taskflow_operators to 2025-10-13 00:00:00+00:00, run_after=2025-10-14 00:00:00+00:00
[2025-10-14T07:01:12.487+0000] {processor.py:183} INFO - Processing /home/airflow/.local/lib/python3.8/site-packages/airflow/example_dags/example_dynamic_task_mapping_with_no_taskflow_operators.py took 0.173 seconds
[2025-10-14T07:01:43.336+0000] {processor.py:161} INFO - Started process (PID=56989) to work on /home/airflow/.local/lib/python3.8/site-packages/airflow/example_dags/example_dynamic_task_mapping_with_no_taskflow_operators.py
[2025-10-14T07:01:43.337+0000] {processor.py:830} INFO - Processing file /home/airflow/.local/lib/python3.8/site-packages/airflow/example_dags/example_dynamic_task_mapping_with_no_taskflow_operators.py for tasks to queue
[2025-10-14T07:01:43.339+0000] {logging_mixin.py:188} INFO - [2025-10-14T07:01:43.339+0000] {dagbag.py:538} INFO - Filling up the DagBag from /home/airflow/.local/lib/python3.8/site-packages/airflow/example_dags/example_dynamic_task_mapping_with_no_taskflow_operators.py
[2025-10-14T07:01:43.355+0000] {processor.py:840} INFO - DAG(s) 'example_dynamic_task_mapping_with_no_taskflow_operators' retrieved from /home/airflow/.local/lib/python3.8/site-packages/airflow/example_dags/example_dynamic_task_mapping_with_no_taskflow_operators.py
[2025-10-14T07:01:43.404+0000] {logging_mixin.py:188} INFO - [2025-10-14T07:01:43.403+0000] {dag.py:3036} INFO - Sync 1 DAGs
[2025-10-14T07:01:43.452+0000] {logging_mixin.py:188} INFO - [2025-10-14T07:01:43.451+0000] {dag.py:3823} INFO - Setting next_dagrun for example_dynamic_task_mapping_with_no_taskflow_operators to 2025-10-13 00:00:00+00:00, run_after=2025-10-14 00:00:00+00:00
[2025-10-14T07:01:43.490+0000] {processor.py:183} INFO - Processing /home/airflow/.local/lib/python3.8/site-packages/airflow/example_dags/example_dynamic_task_mapping_with_no_taskflow_operators.py took 0.160 seconds
[2025-10-14T07:02:14.007+0000] {processor.py:161} INFO - Started process (PID=57059) to work on /home/airflow/.local/lib/python3.8/site-packages/airflow/example_dags/example_dynamic_task_mapping_with_no_taskflow_operators.py
[2025-10-14T07:02:14.008+0000] {processor.py:830} INFO - Processing file /home/airflow/.local/lib/python3.8/site-packages/airflow/example_dags/example_dynamic_task_mapping_with_no_taskflow_operators.py for tasks to queue
[2025-10-14T07:02:14.010+0000] {logging_mixin.py:188} INFO - [2025-10-14T07:02:14.009+0000] {dagbag.py:538} INFO - Filling up the DagBag from /home/airflow/.local/lib/python3.8/site-packages/airflow/example_dags/example_dynamic_task_mapping_with_no_taskflow_operators.py
[2025-10-14T07:02:14.020+0000] {processor.py:840} INFO - DAG(s) 'example_dynamic_task_mapping_with_no_taskflow_operators' retrieved from /home/airflow/.local/lib/python3.8/site-packages/airflow/example_dags/example_dynamic_task_mapping_with_no_taskflow_operators.py
[2025-10-14T07:02:14.056+0000] {logging_mixin.py:188} INFO - [2025-10-14T07:02:14.056+0000] {dag.py:3036} INFO - Sync 1 DAGs
[2025-10-14T07:02:14.088+0000] {logging_mixin.py:188} INFO - [2025-10-14T07:02:14.088+0000] {dag.py:3823} INFO - Setting next_dagrun for example_dynamic_task_mapping_with_no_taskflow_operators to 2025-10-13 00:00:00+00:00, run_after=2025-10-14 00:00:00+00:00
[2025-10-14T07:02:14.146+0000] {processor.py:183} INFO - Processing /home/airflow/.local/lib/python3.8/site-packages/airflow/example_dags/example_dynamic_task_mapping_with_no_taskflow_operators.py took 0.146 seconds
[2025-10-14T07:02:45.102+0000] {processor.py:161} INFO - Started process (PID=57129) to work on /home/airflow/.local/lib/python3.8/site-packages/airflow/example_dags/example_dynamic_task_mapping_with_no_taskflow_operators.py
[2025-10-14T07:02:45.104+0000] {processor.py:830} INFO - Processing file /home/airflow/.local/lib/python3.8/site-packages/airflow/example_dags/example_dynamic_task_mapping_with_no_taskflow_operators.py for tasks to queue
[2025-10-14T07:02:45.106+0000] {logging_mixin.py:188} INFO - [2025-10-14T07:02:45.106+0000] {dagbag.py:538} INFO - Filling up the DagBag from /home/airflow/.local/lib/python3.8/site-packages/airflow/example_dags/example_dynamic_task_mapping_with_no_taskflow_operators.py
[2025-10-14T07:02:45.117+0000] {processor.py:840} INFO - DAG(s) 'example_dynamic_task_mapping_with_no_taskflow_operators' retrieved from /home/airflow/.local/lib/python3.8/site-packages/airflow/example_dags/example_dynamic_task_mapping_with_no_taskflow_operators.py
[2025-10-14T07:02:45.153+0000] {logging_mixin.py:188} INFO - [2025-10-14T07:02:45.152+0000] {dag.py:3036} INFO - Sync 1 DAGs
[2025-10-14T07:02:45.188+0000] {logging_mixin.py:188} INFO - [2025-10-14T07:02:45.188+0000] {dag.py:3823} INFO - Setting next_dagrun for example_dynamic_task_mapping_with_no_taskflow_operators to 2025-10-13 00:00:00+00:00, run_after=2025-10-14 00:00:00+00:00
[2025-10-14T07:02:45.230+0000] {processor.py:183} INFO - Processing /home/airflow/.local/lib/python3.8/site-packages/airflow/example_dags/example_dynamic_task_mapping_with_no_taskflow_operators.py took 0.135 seconds
[2025-10-14T07:03:16.183+0000] {processor.py:161} INFO - Started process (PID=57199) to work on /home/airflow/.local/lib/python3.8/site-packages/airflow/example_dags/example_dynamic_task_mapping_with_no_taskflow_operators.py
[2025-10-14T07:03:16.185+0000] {processor.py:830} INFO - Processing file /home/airflow/.local/lib/python3.8/site-packages/airflow/example_dags/example_dynamic_task_mapping_with_no_taskflow_operators.py for tasks to queue
[2025-10-14T07:03:16.186+0000] {logging_mixin.py:188} INFO - [2025-10-14T07:03:16.186+0000] {dagbag.py:538} INFO - Filling up the DagBag from /home/airflow/.local/lib/python3.8/site-packages/airflow/example_dags/example_dynamic_task_mapping_with_no_taskflow_operators.py
[2025-10-14T07:03:16.197+0000] {processor.py:840} INFO - DAG(s) 'example_dynamic_task_mapping_with_no_taskflow_operators' retrieved from /home/airflow/.local/lib/python3.8/site-packages/airflow/example_dags/example_dynamic_task_mapping_with_no_taskflow_operators.py
[2025-10-14T07:03:16.229+0000] {logging_mixin.py:188} INFO - [2025-10-14T07:03:16.228+0000] {dag.py:3036} INFO - Sync 1 DAGs
[2025-10-14T07:03:16.264+0000] {logging_mixin.py:188} INFO - [2025-10-14T07:03:16.264+0000] {dag.py:3823} INFO - Setting next_dagrun for example_dynamic_task_mapping_with_no_taskflow_operators to 2025-10-13 00:00:00+00:00, run_after=2025-10-14 00:00:00+00:00
[2025-10-14T07:03:16.309+0000] {processor.py:183} INFO - Processing /home/airflow/.local/lib/python3.8/site-packages/airflow/example_dags/example_dynamic_task_mapping_with_no_taskflow_operators.py took 0.130 seconds
[2025-10-14T07:03:46.567+0000] {processor.py:161} INFO - Started process (PID=57267) to work on /home/airflow/.local/lib/python3.8/site-packages/airflow/example_dags/example_dynamic_task_mapping_with_no_taskflow_operators.py
[2025-10-14T07:03:46.569+0000] {processor.py:830} INFO - Processing file /home/airflow/.local/lib/python3.8/site-packages/airflow/example_dags/example_dynamic_task_mapping_with_no_taskflow_operators.py for tasks to queue
[2025-10-14T07:03:46.571+0000] {logging_mixin.py:188} INFO - [2025-10-14T07:03:46.571+0000] {dagbag.py:538} INFO - Filling up the DagBag from /home/airflow/.local/lib/python3.8/site-packages/airflow/example_dags/example_dynamic_task_mapping_with_no_taskflow_operators.py
[2025-10-14T07:03:46.583+0000] {processor.py:840} INFO - DAG(s) 'example_dynamic_task_mapping_with_no_taskflow_operators' retrieved from /home/airflow/.local/lib/python3.8/site-packages/airflow/example_dags/example_dynamic_task_mapping_with_no_taskflow_operators.py
[2025-10-14T07:03:46.623+0000] {logging_mixin.py:188} INFO - [2025-10-14T07:03:46.622+0000] {dag.py:3036} INFO - Sync 1 DAGs
[2025-10-14T07:03:46.661+0000] {logging_mixin.py:188} INFO - [2025-10-14T07:03:46.660+0000] {dag.py:3823} INFO - Setting next_dagrun for example_dynamic_task_mapping_with_no_taskflow_operators to 2025-10-13 00:00:00+00:00, run_after=2025-10-14 00:00:00+00:00
[2025-10-14T07:03:46.691+0000] {processor.py:183} INFO - Processing /home/airflow/.local/lib/python3.8/site-packages/airflow/example_dags/example_dynamic_task_mapping_with_no_taskflow_operators.py took 0.129 seconds
[2025-10-14T07:04:17.103+0000] {processor.py:161} INFO - Started process (PID=57337) to work on /home/airflow/.local/lib/python3.8/site-packages/airflow/example_dags/example_dynamic_task_mapping_with_no_taskflow_operators.py
[2025-10-14T07:04:17.105+0000] {processor.py:830} INFO - Processing file /home/airflow/.local/lib/python3.8/site-packages/airflow/example_dags/example_dynamic_task_mapping_with_no_taskflow_operators.py for tasks to queue
[2025-10-14T07:04:17.106+0000] {logging_mixin.py:188} INFO - [2025-10-14T07:04:17.106+0000] {dagbag.py:538} INFO - Filling up the DagBag from /home/airflow/.local/lib/python3.8/site-packages/airflow/example_dags/example_dynamic_task_mapping_with_no_taskflow_operators.py
[2025-10-14T07:04:17.117+0000] {processor.py:840} INFO - DAG(s) 'example_dynamic_task_mapping_with_no_taskflow_operators' retrieved from /home/airflow/.local/lib/python3.8/site-packages/airflow/example_dags/example_dynamic_task_mapping_with_no_taskflow_operators.py
[2025-10-14T07:04:17.156+0000] {logging_mixin.py:188} INFO - [2025-10-14T07:04:17.156+0000] {dag.py:3036} INFO - Sync 1 DAGs
[2025-10-14T07:04:17.189+0000] {logging_mixin.py:188} INFO - [2025-10-14T07:04:17.188+0000] {dag.py:3823} INFO - Setting next_dagrun for example_dynamic_task_mapping_with_no_taskflow_operators to 2025-10-13 00:00:00+00:00, run_after=2025-10-14 00:00:00+00:00
[2025-10-14T07:04:17.218+0000] {processor.py:183} INFO - Processing /home/airflow/.local/lib/python3.8/site-packages/airflow/example_dags/example_dynamic_task_mapping_with_no_taskflow_operators.py took 0.120 seconds
[2025-10-14T07:04:47.456+0000] {processor.py:161} INFO - Started process (PID=57405) to work on /home/airflow/.local/lib/python3.8/site-packages/airflow/example_dags/example_dynamic_task_mapping_with_no_taskflow_operators.py
[2025-10-14T07:04:47.458+0000] {processor.py:830} INFO - Processing file /home/airflow/.local/lib/python3.8/site-packages/airflow/example_dags/example_dynamic_task_mapping_with_no_taskflow_operators.py for tasks to queue
[2025-10-14T07:04:47.459+0000] {logging_mixin.py:188} INFO - [2025-10-14T07:04:47.459+0000] {dagbag.py:538} INFO - Filling up the DagBag from /home/airflow/.local/lib/python3.8/site-packages/airflow/example_dags/example_dynamic_task_mapping_with_no_taskflow_operators.py
[2025-10-14T07:04:47.472+0000] {processor.py:840} INFO - DAG(s) 'example_dynamic_task_mapping_with_no_taskflow_operators' retrieved from /home/airflow/.local/lib/python3.8/site-packages/airflow/example_dags/example_dynamic_task_mapping_with_no_taskflow_operators.py
[2025-10-14T07:04:47.510+0000] {logging_mixin.py:188} INFO - [2025-10-14T07:04:47.509+0000] {dag.py:3036} INFO - Sync 1 DAGs
[2025-10-14T07:04:47.557+0000] {logging_mixin.py:188} INFO - [2025-10-14T07:04:47.556+0000] {dag.py:3823} INFO - Setting next_dagrun for example_dynamic_task_mapping_with_no_taskflow_operators to 2025-10-13 00:00:00+00:00, run_after=2025-10-14 00:00:00+00:00
[2025-10-14T07:04:47.596+0000] {processor.py:183} INFO - Processing /home/airflow/.local/lib/python3.8/site-packages/airflow/example_dags/example_dynamic_task_mapping_with_no_taskflow_operators.py took 0.150 seconds
[2025-10-14T07:05:17.882+0000] {processor.py:161} INFO - Started process (PID=57475) to work on /home/airflow/.local/lib/python3.8/site-packages/airflow/example_dags/example_dynamic_task_mapping_with_no_taskflow_operators.py
[2025-10-14T07:05:17.891+0000] {processor.py:830} INFO - Processing file /home/airflow/.local/lib/python3.8/site-packages/airflow/example_dags/example_dynamic_task_mapping_with_no_taskflow_operators.py for tasks to queue
[2025-10-14T07:05:17.895+0000] {logging_mixin.py:188} INFO - [2025-10-14T07:05:17.894+0000] {dagbag.py:538} INFO - Filling up the DagBag from /home/airflow/.local/lib/python3.8/site-packages/airflow/example_dags/example_dynamic_task_mapping_with_no_taskflow_operators.py
[2025-10-14T07:05:17.917+0000] {processor.py:840} INFO - DAG(s) 'example_dynamic_task_mapping_with_no_taskflow_operators' retrieved from /home/airflow/.local/lib/python3.8/site-packages/airflow/example_dags/example_dynamic_task_mapping_with_no_taskflow_operators.py
[2025-10-14T07:05:17.958+0000] {logging_mixin.py:188} INFO - [2025-10-14T07:05:17.958+0000] {dag.py:3036} INFO - Sync 1 DAGs
[2025-10-14T07:05:18.005+0000] {logging_mixin.py:188} INFO - [2025-10-14T07:05:18.004+0000] {dag.py:3823} INFO - Setting next_dagrun for example_dynamic_task_mapping_with_no_taskflow_operators to 2025-10-13 00:00:00+00:00, run_after=2025-10-14 00:00:00+00:00
[2025-10-14T07:05:18.061+0000] {processor.py:183} INFO - Processing /home/airflow/.local/lib/python3.8/site-packages/airflow/example_dags/example_dynamic_task_mapping_with_no_taskflow_operators.py took 0.189 seconds
[2025-10-14T07:05:48.746+0000] {processor.py:161} INFO - Started process (PID=57552) to work on /home/airflow/.local/lib/python3.8/site-packages/airflow/example_dags/example_dynamic_task_mapping_with_no_taskflow_operators.py
[2025-10-14T07:05:48.749+0000] {processor.py:830} INFO - Processing file /home/airflow/.local/lib/python3.8/site-packages/airflow/example_dags/example_dynamic_task_mapping_with_no_taskflow_operators.py for tasks to queue
[2025-10-14T07:05:48.751+0000] {logging_mixin.py:188} INFO - [2025-10-14T07:05:48.751+0000] {dagbag.py:538} INFO - Filling up the DagBag from /home/airflow/.local/lib/python3.8/site-packages/airflow/example_dags/example_dynamic_task_mapping_with_no_taskflow_operators.py
[2025-10-14T07:05:48.770+0000] {processor.py:840} INFO - DAG(s) 'example_dynamic_task_mapping_with_no_taskflow_operators' retrieved from /home/airflow/.local/lib/python3.8/site-packages/airflow/example_dags/example_dynamic_task_mapping_with_no_taskflow_operators.py
[2025-10-14T07:05:48.809+0000] {logging_mixin.py:188} INFO - [2025-10-14T07:05:48.808+0000] {dag.py:3036} INFO - Sync 1 DAGs
[2025-10-14T07:05:48.840+0000] {logging_mixin.py:188} INFO - [2025-10-14T07:05:48.839+0000] {dag.py:3823} INFO - Setting next_dagrun for example_dynamic_task_mapping_with_no_taskflow_operators to 2025-10-13 00:00:00+00:00, run_after=2025-10-14 00:00:00+00:00
[2025-10-14T07:05:48.918+0000] {processor.py:183} INFO - Processing /home/airflow/.local/lib/python3.8/site-packages/airflow/example_dags/example_dynamic_task_mapping_with_no_taskflow_operators.py took 0.181 seconds
[2025-10-14T07:06:19.966+0000] {processor.py:161} INFO - Started process (PID=57622) to work on /home/airflow/.local/lib/python3.8/site-packages/airflow/example_dags/example_dynamic_task_mapping_with_no_taskflow_operators.py
[2025-10-14T07:06:19.969+0000] {processor.py:830} INFO - Processing file /home/airflow/.local/lib/python3.8/site-packages/airflow/example_dags/example_dynamic_task_mapping_with_no_taskflow_operators.py for tasks to queue
[2025-10-14T07:06:19.972+0000] {logging_mixin.py:188} INFO - [2025-10-14T07:06:19.971+0000] {dagbag.py:538} INFO - Filling up the DagBag from /home/airflow/.local/lib/python3.8/site-packages/airflow/example_dags/example_dynamic_task_mapping_with_no_taskflow_operators.py
[2025-10-14T07:06:19.985+0000] {processor.py:840} INFO - DAG(s) 'example_dynamic_task_mapping_with_no_taskflow_operators' retrieved from /home/airflow/.local/lib/python3.8/site-packages/airflow/example_dags/example_dynamic_task_mapping_with_no_taskflow_operators.py
[2025-10-14T07:06:20.026+0000] {logging_mixin.py:188} INFO - [2025-10-14T07:06:20.026+0000] {dag.py:3036} INFO - Sync 1 DAGs
[2025-10-14T07:06:20.059+0000] {logging_mixin.py:188} INFO - [2025-10-14T07:06:20.058+0000] {dag.py:3823} INFO - Setting next_dagrun for example_dynamic_task_mapping_with_no_taskflow_operators to 2025-10-13 00:00:00+00:00, run_after=2025-10-14 00:00:00+00:00
[2025-10-14T07:06:20.084+0000] {processor.py:183} INFO - Processing /home/airflow/.local/lib/python3.8/site-packages/airflow/example_dags/example_dynamic_task_mapping_with_no_taskflow_operators.py took 0.129 seconds
[2025-10-14T07:06:50.477+0000] {processor.py:161} INFO - Started process (PID=57692) to work on /home/airflow/.local/lib/python3.8/site-packages/airflow/example_dags/example_dynamic_task_mapping_with_no_taskflow_operators.py
[2025-10-14T07:06:50.478+0000] {processor.py:830} INFO - Processing file /home/airflow/.local/lib/python3.8/site-packages/airflow/example_dags/example_dynamic_task_mapping_with_no_taskflow_operators.py for tasks to queue
[2025-10-14T07:06:50.480+0000] {logging_mixin.py:188} INFO - [2025-10-14T07:06:50.480+0000] {dagbag.py:538} INFO - Filling up the DagBag from /home/airflow/.local/lib/python3.8/site-packages/airflow/example_dags/example_dynamic_task_mapping_with_no_taskflow_operators.py
[2025-10-14T07:06:50.489+0000] {processor.py:840} INFO - DAG(s) 'example_dynamic_task_mapping_with_no_taskflow_operators' retrieved from /home/airflow/.local/lib/python3.8/site-packages/airflow/example_dags/example_dynamic_task_mapping_with_no_taskflow_operators.py
[2025-10-14T07:06:50.525+0000] {logging_mixin.py:188} INFO - [2025-10-14T07:06:50.524+0000] {dag.py:3036} INFO - Sync 1 DAGs
[2025-10-14T07:06:50.568+0000] {logging_mixin.py:188} INFO - [2025-10-14T07:06:50.568+0000] {dag.py:3823} INFO - Setting next_dagrun for example_dynamic_task_mapping_with_no_taskflow_operators to 2025-10-13 00:00:00+00:00, run_after=2025-10-14 00:00:00+00:00
[2025-10-14T07:06:50.635+0000] {processor.py:183} INFO - Processing /home/airflow/.local/lib/python3.8/site-packages/airflow/example_dags/example_dynamic_task_mapping_with_no_taskflow_operators.py took 0.163 seconds
[2025-10-14T07:07:21.130+0000] {processor.py:161} INFO - Started process (PID=57760) to work on /home/airflow/.local/lib/python3.8/site-packages/airflow/example_dags/example_dynamic_task_mapping_with_no_taskflow_operators.py
[2025-10-14T07:07:21.131+0000] {processor.py:830} INFO - Processing file /home/airflow/.local/lib/python3.8/site-packages/airflow/example_dags/example_dynamic_task_mapping_with_no_taskflow_operators.py for tasks to queue
[2025-10-14T07:07:21.133+0000] {logging_mixin.py:188} INFO - [2025-10-14T07:07:21.133+0000] {dagbag.py:538} INFO - Filling up the DagBag from /home/airflow/.local/lib/python3.8/site-packages/airflow/example_dags/example_dynamic_task_mapping_with_no_taskflow_operators.py
[2025-10-14T07:07:21.144+0000] {processor.py:840} INFO - DAG(s) 'example_dynamic_task_mapping_with_no_taskflow_operators' retrieved from /home/airflow/.local/lib/python3.8/site-packages/airflow/example_dags/example_dynamic_task_mapping_with_no_taskflow_operators.py
[2025-10-14T07:07:21.180+0000] {logging_mixin.py:188} INFO - [2025-10-14T07:07:21.180+0000] {dag.py:3036} INFO - Sync 1 DAGs
[2025-10-14T07:07:21.214+0000] {logging_mixin.py:188} INFO - [2025-10-14T07:07:21.214+0000] {dag.py:3823} INFO - Setting next_dagrun for example_dynamic_task_mapping_with_no_taskflow_operators to 2025-10-13 00:00:00+00:00, run_after=2025-10-14 00:00:00+00:00
[2025-10-14T07:07:21.243+0000] {processor.py:183} INFO - Processing /home/airflow/.local/lib/python3.8/site-packages/airflow/example_dags/example_dynamic_task_mapping_with_no_taskflow_operators.py took 0.118 seconds
[2025-10-14T07:07:51.562+0000] {processor.py:161} INFO - Started process (PID=57830) to work on /home/airflow/.local/lib/python3.8/site-packages/airflow/example_dags/example_dynamic_task_mapping_with_no_taskflow_operators.py
[2025-10-14T07:07:51.564+0000] {processor.py:830} INFO - Processing file /home/airflow/.local/lib/python3.8/site-packages/airflow/example_dags/example_dynamic_task_mapping_with_no_taskflow_operators.py for tasks to queue
[2025-10-14T07:07:51.565+0000] {logging_mixin.py:188} INFO - [2025-10-14T07:07:51.565+0000] {dagbag.py:538} INFO - Filling up the DagBag from /home/airflow/.local/lib/python3.8/site-packages/airflow/example_dags/example_dynamic_task_mapping_with_no_taskflow_operators.py
[2025-10-14T07:07:51.578+0000] {processor.py:840} INFO - DAG(s) 'example_dynamic_task_mapping_with_no_taskflow_operators' retrieved from /home/airflow/.local/lib/python3.8/site-packages/airflow/example_dags/example_dynamic_task_mapping_with_no_taskflow_operators.py
[2025-10-14T07:07:51.617+0000] {logging_mixin.py:188} INFO - [2025-10-14T07:07:51.617+0000] {dag.py:3036} INFO - Sync 1 DAGs
[2025-10-14T07:07:51.655+0000] {logging_mixin.py:188} INFO - [2025-10-14T07:07:51.654+0000] {dag.py:3823} INFO - Setting next_dagrun for example_dynamic_task_mapping_with_no_taskflow_operators to 2025-10-13 00:00:00+00:00, run_after=2025-10-14 00:00:00+00:00
[2025-10-14T07:07:51.684+0000] {processor.py:183} INFO - Processing /home/airflow/.local/lib/python3.8/site-packages/airflow/example_dags/example_dynamic_task_mapping_with_no_taskflow_operators.py took 0.128 seconds
[2025-10-14T07:08:22.324+0000] {processor.py:161} INFO - Started process (PID=57901) to work on /home/airflow/.local/lib/python3.8/site-packages/airflow/example_dags/example_dynamic_task_mapping_with_no_taskflow_operators.py
[2025-10-14T07:08:22.325+0000] {processor.py:830} INFO - Processing file /home/airflow/.local/lib/python3.8/site-packages/airflow/example_dags/example_dynamic_task_mapping_with_no_taskflow_operators.py for tasks to queue
[2025-10-14T07:08:22.327+0000] {logging_mixin.py:188} INFO - [2025-10-14T07:08:22.327+0000] {dagbag.py:538} INFO - Filling up the DagBag from /home/airflow/.local/lib/python3.8/site-packages/airflow/example_dags/example_dynamic_task_mapping_with_no_taskflow_operators.py
[2025-10-14T07:08:22.339+0000] {processor.py:840} INFO - DAG(s) 'example_dynamic_task_mapping_with_no_taskflow_operators' retrieved from /home/airflow/.local/lib/python3.8/site-packages/airflow/example_dags/example_dynamic_task_mapping_with_no_taskflow_operators.py
[2025-10-14T07:08:22.377+0000] {logging_mixin.py:188} INFO - [2025-10-14T07:08:22.377+0000] {dag.py:3036} INFO - Sync 1 DAGs
[2025-10-14T07:08:22.409+0000] {logging_mixin.py:188} INFO - [2025-10-14T07:08:22.409+0000] {dag.py:3823} INFO - Setting next_dagrun for example_dynamic_task_mapping_with_no_taskflow_operators to 2025-10-13 00:00:00+00:00, run_after=2025-10-14 00:00:00+00:00
[2025-10-14T07:08:22.437+0000] {processor.py:183} INFO - Processing /home/airflow/.local/lib/python3.8/site-packages/airflow/example_dags/example_dynamic_task_mapping_with_no_taskflow_operators.py took 0.118 seconds
[2025-10-14T07:08:52.876+0000] {processor.py:161} INFO - Started process (PID=57971) to work on /home/airflow/.local/lib/python3.8/site-packages/airflow/example_dags/example_dynamic_task_mapping_with_no_taskflow_operators.py
[2025-10-14T07:08:52.879+0000] {processor.py:830} INFO - Processing file /home/airflow/.local/lib/python3.8/site-packages/airflow/example_dags/example_dynamic_task_mapping_with_no_taskflow_operators.py for tasks to queue
[2025-10-14T07:08:52.882+0000] {logging_mixin.py:188} INFO - [2025-10-14T07:08:52.881+0000] {dagbag.py:538} INFO - Filling up the DagBag from /home/airflow/.local/lib/python3.8/site-packages/airflow/example_dags/example_dynamic_task_mapping_with_no_taskflow_operators.py
[2025-10-14T07:08:52.899+0000] {processor.py:840} INFO - DAG(s) 'example_dynamic_task_mapping_with_no_taskflow_operators' retrieved from /home/airflow/.local/lib/python3.8/site-packages/airflow/example_dags/example_dynamic_task_mapping_with_no_taskflow_operators.py
[2025-10-14T07:08:52.948+0000] {logging_mixin.py:188} INFO - [2025-10-14T07:08:52.948+0000] {dag.py:3036} INFO - Sync 1 DAGs
[2025-10-14T07:08:53.015+0000] {logging_mixin.py:188} INFO - [2025-10-14T07:08:53.014+0000] {dag.py:3823} INFO - Setting next_dagrun for example_dynamic_task_mapping_with_no_taskflow_operators to 2025-10-13 00:00:00+00:00, run_after=2025-10-14 00:00:00+00:00
[2025-10-14T07:08:53.048+0000] {processor.py:183} INFO - Processing /home/airflow/.local/lib/python3.8/site-packages/airflow/example_dags/example_dynamic_task_mapping_with_no_taskflow_operators.py took 0.188 seconds
[2025-10-14T07:09:23.731+0000] {processor.py:161} INFO - Started process (PID=58041) to work on /home/airflow/.local/lib/python3.8/site-packages/airflow/example_dags/example_dynamic_task_mapping_with_no_taskflow_operators.py
[2025-10-14T07:09:23.733+0000] {processor.py:830} INFO - Processing file /home/airflow/.local/lib/python3.8/site-packages/airflow/example_dags/example_dynamic_task_mapping_with_no_taskflow_operators.py for tasks to queue
[2025-10-14T07:09:23.735+0000] {logging_mixin.py:188} INFO - [2025-10-14T07:09:23.734+0000] {dagbag.py:538} INFO - Filling up the DagBag from /home/airflow/.local/lib/python3.8/site-packages/airflow/example_dags/example_dynamic_task_mapping_with_no_taskflow_operators.py
[2025-10-14T07:09:23.748+0000] {processor.py:840} INFO - DAG(s) 'example_dynamic_task_mapping_with_no_taskflow_operators' retrieved from /home/airflow/.local/lib/python3.8/site-packages/airflow/example_dags/example_dynamic_task_mapping_with_no_taskflow_operators.py
[2025-10-14T07:09:23.790+0000] {logging_mixin.py:188} INFO - [2025-10-14T07:09:23.790+0000] {dag.py:3036} INFO - Sync 1 DAGs
[2025-10-14T07:09:23.831+0000] {logging_mixin.py:188} INFO - [2025-10-14T07:09:23.831+0000] {dag.py:3823} INFO - Setting next_dagrun for example_dynamic_task_mapping_with_no_taskflow_operators to 2025-10-13 00:00:00+00:00, run_after=2025-10-14 00:00:00+00:00
[2025-10-14T07:09:23.865+0000] {processor.py:183} INFO - Processing /home/airflow/.local/lib/python3.8/site-packages/airflow/example_dags/example_dynamic_task_mapping_with_no_taskflow_operators.py took 0.140 seconds
[2025-10-14T07:09:54.322+0000] {processor.py:161} INFO - Started process (PID=58111) to work on /home/airflow/.local/lib/python3.8/site-packages/airflow/example_dags/example_dynamic_task_mapping_with_no_taskflow_operators.py
[2025-10-14T07:09:54.324+0000] {processor.py:830} INFO - Processing file /home/airflow/.local/lib/python3.8/site-packages/airflow/example_dags/example_dynamic_task_mapping_with_no_taskflow_operators.py for tasks to queue
[2025-10-14T07:09:54.328+0000] {logging_mixin.py:188} INFO - [2025-10-14T07:09:54.327+0000] {dagbag.py:538} INFO - Filling up the DagBag from /home/airflow/.local/lib/python3.8/site-packages/airflow/example_dags/example_dynamic_task_mapping_with_no_taskflow_operators.py
[2025-10-14T07:09:54.345+0000] {processor.py:840} INFO - DAG(s) 'example_dynamic_task_mapping_with_no_taskflow_operators' retrieved from /home/airflow/.local/lib/python3.8/site-packages/airflow/example_dags/example_dynamic_task_mapping_with_no_taskflow_operators.py
[2025-10-14T07:09:54.404+0000] {logging_mixin.py:188} INFO - [2025-10-14T07:09:54.403+0000] {dag.py:3036} INFO - Sync 1 DAGs
[2025-10-14T07:09:54.459+0000] {logging_mixin.py:188} INFO - [2025-10-14T07:09:54.459+0000] {dag.py:3823} INFO - Setting next_dagrun for example_dynamic_task_mapping_with_no_taskflow_operators to 2025-10-13 00:00:00+00:00, run_after=2025-10-14 00:00:00+00:00
[2025-10-14T07:09:54.512+0000] {processor.py:183} INFO - Processing /home/airflow/.local/lib/python3.8/site-packages/airflow/example_dags/example_dynamic_task_mapping_with_no_taskflow_operators.py took 0.199 seconds
[2025-10-14T07:10:25.178+0000] {processor.py:161} INFO - Started process (PID=58182) to work on /home/airflow/.local/lib/python3.8/site-packages/airflow/example_dags/example_dynamic_task_mapping_with_no_taskflow_operators.py
[2025-10-14T07:10:25.180+0000] {processor.py:830} INFO - Processing file /home/airflow/.local/lib/python3.8/site-packages/airflow/example_dags/example_dynamic_task_mapping_with_no_taskflow_operators.py for tasks to queue
[2025-10-14T07:10:25.182+0000] {logging_mixin.py:188} INFO - [2025-10-14T07:10:25.181+0000] {dagbag.py:538} INFO - Filling up the DagBag from /home/airflow/.local/lib/python3.8/site-packages/airflow/example_dags/example_dynamic_task_mapping_with_no_taskflow_operators.py
[2025-10-14T07:10:25.193+0000] {processor.py:840} INFO - DAG(s) 'example_dynamic_task_mapping_with_no_taskflow_operators' retrieved from /home/airflow/.local/lib/python3.8/site-packages/airflow/example_dags/example_dynamic_task_mapping_with_no_taskflow_operators.py
[2025-10-14T07:10:25.231+0000] {logging_mixin.py:188} INFO - [2025-10-14T07:10:25.231+0000] {dag.py:3036} INFO - Sync 1 DAGs
[2025-10-14T07:10:25.275+0000] {logging_mixin.py:188} INFO - [2025-10-14T07:10:25.275+0000] {dag.py:3823} INFO - Setting next_dagrun for example_dynamic_task_mapping_with_no_taskflow_operators to 2025-10-13 00:00:00+00:00, run_after=2025-10-14 00:00:00+00:00
[2025-10-14T07:10:25.310+0000] {processor.py:183} INFO - Processing /home/airflow/.local/lib/python3.8/site-packages/airflow/example_dags/example_dynamic_task_mapping_with_no_taskflow_operators.py took 0.137 seconds
[2025-10-14T07:10:55.789+0000] {processor.py:161} INFO - Started process (PID=58252) to work on /home/airflow/.local/lib/python3.8/site-packages/airflow/example_dags/example_dynamic_task_mapping_with_no_taskflow_operators.py
[2025-10-14T07:10:55.791+0000] {processor.py:830} INFO - Processing file /home/airflow/.local/lib/python3.8/site-packages/airflow/example_dags/example_dynamic_task_mapping_with_no_taskflow_operators.py for tasks to queue
[2025-10-14T07:10:55.793+0000] {logging_mixin.py:188} INFO - [2025-10-14T07:10:55.792+0000] {dagbag.py:538} INFO - Filling up the DagBag from /home/airflow/.local/lib/python3.8/site-packages/airflow/example_dags/example_dynamic_task_mapping_with_no_taskflow_operators.py
[2025-10-14T07:10:55.808+0000] {processor.py:840} INFO - DAG(s) 'example_dynamic_task_mapping_with_no_taskflow_operators' retrieved from /home/airflow/.local/lib/python3.8/site-packages/airflow/example_dags/example_dynamic_task_mapping_with_no_taskflow_operators.py
[2025-10-14T07:10:55.850+0000] {logging_mixin.py:188} INFO - [2025-10-14T07:10:55.849+0000] {dag.py:3036} INFO - Sync 1 DAGs
[2025-10-14T07:10:55.895+0000] {logging_mixin.py:188} INFO - [2025-10-14T07:10:55.894+0000] {dag.py:3823} INFO - Setting next_dagrun for example_dynamic_task_mapping_with_no_taskflow_operators to 2025-10-13 00:00:00+00:00, run_after=2025-10-14 00:00:00+00:00
[2025-10-14T07:10:55.948+0000] {processor.py:183} INFO - Processing /home/airflow/.local/lib/python3.8/site-packages/airflow/example_dags/example_dynamic_task_mapping_with_no_taskflow_operators.py took 0.166 seconds
[2025-10-14T07:11:26.254+0000] {processor.py:161} INFO - Started process (PID=58322) to work on /home/airflow/.local/lib/python3.8/site-packages/airflow/example_dags/example_dynamic_task_mapping_with_no_taskflow_operators.py
[2025-10-14T07:11:26.256+0000] {processor.py:830} INFO - Processing file /home/airflow/.local/lib/python3.8/site-packages/airflow/example_dags/example_dynamic_task_mapping_with_no_taskflow_operators.py for tasks to queue
[2025-10-14T07:11:26.257+0000] {logging_mixin.py:188} INFO - [2025-10-14T07:11:26.257+0000] {dagbag.py:538} INFO - Filling up the DagBag from /home/airflow/.local/lib/python3.8/site-packages/airflow/example_dags/example_dynamic_task_mapping_with_no_taskflow_operators.py
[2025-10-14T07:11:26.267+0000] {processor.py:840} INFO - DAG(s) 'example_dynamic_task_mapping_with_no_taskflow_operators' retrieved from /home/airflow/.local/lib/python3.8/site-packages/airflow/example_dags/example_dynamic_task_mapping_with_no_taskflow_operators.py
[2025-10-14T07:11:26.303+0000] {logging_mixin.py:188} INFO - [2025-10-14T07:11:26.303+0000] {dag.py:3036} INFO - Sync 1 DAGs
[2025-10-14T07:11:26.335+0000] {logging_mixin.py:188} INFO - [2025-10-14T07:11:26.334+0000] {dag.py:3823} INFO - Setting next_dagrun for example_dynamic_task_mapping_with_no_taskflow_operators to 2025-10-13 00:00:00+00:00, run_after=2025-10-14 00:00:00+00:00
[2025-10-14T07:11:26.396+0000] {processor.py:183} INFO - Processing /home/airflow/.local/lib/python3.8/site-packages/airflow/example_dags/example_dynamic_task_mapping_with_no_taskflow_operators.py took 0.155 seconds
[2025-10-14T07:11:56.965+0000] {processor.py:161} INFO - Started process (PID=58392) to work on /home/airflow/.local/lib/python3.8/site-packages/airflow/example_dags/example_dynamic_task_mapping_with_no_taskflow_operators.py
[2025-10-14T07:11:56.967+0000] {processor.py:830} INFO - Processing file /home/airflow/.local/lib/python3.8/site-packages/airflow/example_dags/example_dynamic_task_mapping_with_no_taskflow_operators.py for tasks to queue
[2025-10-14T07:11:56.968+0000] {logging_mixin.py:188} INFO - [2025-10-14T07:11:56.968+0000] {dagbag.py:538} INFO - Filling up the DagBag from /home/airflow/.local/lib/python3.8/site-packages/airflow/example_dags/example_dynamic_task_mapping_with_no_taskflow_operators.py
[2025-10-14T07:11:56.980+0000] {processor.py:840} INFO - DAG(s) 'example_dynamic_task_mapping_with_no_taskflow_operators' retrieved from /home/airflow/.local/lib/python3.8/site-packages/airflow/example_dags/example_dynamic_task_mapping_with_no_taskflow_operators.py
[2025-10-14T07:11:57.022+0000] {logging_mixin.py:188} INFO - [2025-10-14T07:11:57.022+0000] {dag.py:3036} INFO - Sync 1 DAGs
[2025-10-14T07:11:57.058+0000] {logging_mixin.py:188} INFO - [2025-10-14T07:11:57.058+0000] {dag.py:3823} INFO - Setting next_dagrun for example_dynamic_task_mapping_with_no_taskflow_operators to 2025-10-13 00:00:00+00:00, run_after=2025-10-14 00:00:00+00:00
[2025-10-14T07:11:57.088+0000] {processor.py:183} INFO - Processing /home/airflow/.local/lib/python3.8/site-packages/airflow/example_dags/example_dynamic_task_mapping_with_no_taskflow_operators.py took 0.128 seconds
[2025-10-14T07:12:27.619+0000] {processor.py:161} INFO - Started process (PID=58462) to work on /home/airflow/.local/lib/python3.8/site-packages/airflow/example_dags/example_dynamic_task_mapping_with_no_taskflow_operators.py
[2025-10-14T07:12:27.621+0000] {processor.py:830} INFO - Processing file /home/airflow/.local/lib/python3.8/site-packages/airflow/example_dags/example_dynamic_task_mapping_with_no_taskflow_operators.py for tasks to queue
[2025-10-14T07:12:27.623+0000] {logging_mixin.py:188} INFO - [2025-10-14T07:12:27.622+0000] {dagbag.py:538} INFO - Filling up the DagBag from /home/airflow/.local/lib/python3.8/site-packages/airflow/example_dags/example_dynamic_task_mapping_with_no_taskflow_operators.py
[2025-10-14T07:12:27.636+0000] {processor.py:840} INFO - DAG(s) 'example_dynamic_task_mapping_with_no_taskflow_operators' retrieved from /home/airflow/.local/lib/python3.8/site-packages/airflow/example_dags/example_dynamic_task_mapping_with_no_taskflow_operators.py
[2025-10-14T07:12:27.684+0000] {logging_mixin.py:188} INFO - [2025-10-14T07:12:27.683+0000] {dag.py:3036} INFO - Sync 1 DAGs
[2025-10-14T07:12:27.736+0000] {logging_mixin.py:188} INFO - [2025-10-14T07:12:27.735+0000] {dag.py:3823} INFO - Setting next_dagrun for example_dynamic_task_mapping_with_no_taskflow_operators to 2025-10-13 00:00:00+00:00, run_after=2025-10-14 00:00:00+00:00
[2025-10-14T07:12:27.771+0000] {processor.py:183} INFO - Processing /home/airflow/.local/lib/python3.8/site-packages/airflow/example_dags/example_dynamic_task_mapping_with_no_taskflow_operators.py took 0.157 seconds
[2025-10-14T07:12:58.207+0000] {processor.py:161} INFO - Started process (PID=58531) to work on /home/airflow/.local/lib/python3.8/site-packages/airflow/example_dags/example_dynamic_task_mapping_with_no_taskflow_operators.py
[2025-10-14T07:12:58.208+0000] {processor.py:830} INFO - Processing file /home/airflow/.local/lib/python3.8/site-packages/airflow/example_dags/example_dynamic_task_mapping_with_no_taskflow_operators.py for tasks to queue
[2025-10-14T07:12:58.210+0000] {logging_mixin.py:188} INFO - [2025-10-14T07:12:58.209+0000] {dagbag.py:538} INFO - Filling up the DagBag from /home/airflow/.local/lib/python3.8/site-packages/airflow/example_dags/example_dynamic_task_mapping_with_no_taskflow_operators.py
[2025-10-14T07:12:58.220+0000] {processor.py:840} INFO - DAG(s) 'example_dynamic_task_mapping_with_no_taskflow_operators' retrieved from /home/airflow/.local/lib/python3.8/site-packages/airflow/example_dags/example_dynamic_task_mapping_with_no_taskflow_operators.py
[2025-10-14T07:12:58.257+0000] {logging_mixin.py:188} INFO - [2025-10-14T07:12:58.257+0000] {dag.py:3036} INFO - Sync 1 DAGs
[2025-10-14T07:12:58.294+0000] {logging_mixin.py:188} INFO - [2025-10-14T07:12:58.293+0000] {dag.py:3823} INFO - Setting next_dagrun for example_dynamic_task_mapping_with_no_taskflow_operators to 2025-10-13 00:00:00+00:00, run_after=2025-10-14 00:00:00+00:00
[2025-10-14T07:12:58.350+0000] {processor.py:183} INFO - Processing /home/airflow/.local/lib/python3.8/site-packages/airflow/example_dags/example_dynamic_task_mapping_with_no_taskflow_operators.py took 0.149 seconds
[2025-10-14T07:13:28.948+0000] {processor.py:161} INFO - Started process (PID=58600) to work on /home/airflow/.local/lib/python3.8/site-packages/airflow/example_dags/example_dynamic_task_mapping_with_no_taskflow_operators.py
[2025-10-14T07:13:28.951+0000] {processor.py:830} INFO - Processing file /home/airflow/.local/lib/python3.8/site-packages/airflow/example_dags/example_dynamic_task_mapping_with_no_taskflow_operators.py for tasks to queue
[2025-10-14T07:13:28.953+0000] {logging_mixin.py:188} INFO - [2025-10-14T07:13:28.952+0000] {dagbag.py:538} INFO - Filling up the DagBag from /home/airflow/.local/lib/python3.8/site-packages/airflow/example_dags/example_dynamic_task_mapping_with_no_taskflow_operators.py
[2025-10-14T07:13:28.967+0000] {processor.py:840} INFO - DAG(s) 'example_dynamic_task_mapping_with_no_taskflow_operators' retrieved from /home/airflow/.local/lib/python3.8/site-packages/airflow/example_dags/example_dynamic_task_mapping_with_no_taskflow_operators.py
[2025-10-14T07:13:29.018+0000] {logging_mixin.py:188} INFO - [2025-10-14T07:13:29.017+0000] {dag.py:3036} INFO - Sync 1 DAGs
[2025-10-14T07:13:29.064+0000] {logging_mixin.py:188} INFO - [2025-10-14T07:13:29.064+0000] {dag.py:3823} INFO - Setting next_dagrun for example_dynamic_task_mapping_with_no_taskflow_operators to 2025-10-13 00:00:00+00:00, run_after=2025-10-14 00:00:00+00:00
[2025-10-14T07:13:29.103+0000] {processor.py:183} INFO - Processing /home/airflow/.local/lib/python3.8/site-packages/airflow/example_dags/example_dynamic_task_mapping_with_no_taskflow_operators.py took 0.162 seconds
[2025-10-14T07:13:59.522+0000] {processor.py:161} INFO - Started process (PID=58670) to work on /home/airflow/.local/lib/python3.8/site-packages/airflow/example_dags/example_dynamic_task_mapping_with_no_taskflow_operators.py
[2025-10-14T07:13:59.525+0000] {processor.py:830} INFO - Processing file /home/airflow/.local/lib/python3.8/site-packages/airflow/example_dags/example_dynamic_task_mapping_with_no_taskflow_operators.py for tasks to queue
[2025-10-14T07:13:59.527+0000] {logging_mixin.py:188} INFO - [2025-10-14T07:13:59.526+0000] {dagbag.py:538} INFO - Filling up the DagBag from /home/airflow/.local/lib/python3.8/site-packages/airflow/example_dags/example_dynamic_task_mapping_with_no_taskflow_operators.py
[2025-10-14T07:13:59.542+0000] {processor.py:840} INFO - DAG(s) 'example_dynamic_task_mapping_with_no_taskflow_operators' retrieved from /home/airflow/.local/lib/python3.8/site-packages/airflow/example_dags/example_dynamic_task_mapping_with_no_taskflow_operators.py
[2025-10-14T07:13:59.590+0000] {logging_mixin.py:188} INFO - [2025-10-14T07:13:59.590+0000] {dag.py:3036} INFO - Sync 1 DAGs
[2025-10-14T07:13:59.634+0000] {logging_mixin.py:188} INFO - [2025-10-14T07:13:59.633+0000] {dag.py:3823} INFO - Setting next_dagrun for example_dynamic_task_mapping_with_no_taskflow_operators to 2025-10-13 00:00:00+00:00, run_after=2025-10-14 00:00:00+00:00
[2025-10-14T07:13:59.709+0000] {processor.py:183} INFO - Processing /home/airflow/.local/lib/python3.8/site-packages/airflow/example_dags/example_dynamic_task_mapping_with_no_taskflow_operators.py took 0.194 seconds
[2025-10-14T07:14:30.744+0000] {processor.py:161} INFO - Started process (PID=58740) to work on /home/airflow/.local/lib/python3.8/site-packages/airflow/example_dags/example_dynamic_task_mapping_with_no_taskflow_operators.py
[2025-10-14T07:14:30.746+0000] {processor.py:830} INFO - Processing file /home/airflow/.local/lib/python3.8/site-packages/airflow/example_dags/example_dynamic_task_mapping_with_no_taskflow_operators.py for tasks to queue
[2025-10-14T07:14:30.748+0000] {logging_mixin.py:188} INFO - [2025-10-14T07:14:30.747+0000] {dagbag.py:538} INFO - Filling up the DagBag from /home/airflow/.local/lib/python3.8/site-packages/airflow/example_dags/example_dynamic_task_mapping_with_no_taskflow_operators.py
[2025-10-14T07:14:30.760+0000] {processor.py:840} INFO - DAG(s) 'example_dynamic_task_mapping_with_no_taskflow_operators' retrieved from /home/airflow/.local/lib/python3.8/site-packages/airflow/example_dags/example_dynamic_task_mapping_with_no_taskflow_operators.py
[2025-10-14T07:14:30.799+0000] {logging_mixin.py:188} INFO - [2025-10-14T07:14:30.799+0000] {dag.py:3036} INFO - Sync 1 DAGs
[2025-10-14T07:14:30.837+0000] {logging_mixin.py:188} INFO - [2025-10-14T07:14:30.837+0000] {dag.py:3823} INFO - Setting next_dagrun for example_dynamic_task_mapping_with_no_taskflow_operators to 2025-10-13 00:00:00+00:00, run_after=2025-10-14 00:00:00+00:00
[2025-10-14T07:14:30.868+0000] {processor.py:183} INFO - Processing /home/airflow/.local/lib/python3.8/site-packages/airflow/example_dags/example_dynamic_task_mapping_with_no_taskflow_operators.py took 0.132 seconds
[2025-10-14T07:15:01.748+0000] {processor.py:161} INFO - Started process (PID=58802) to work on /home/airflow/.local/lib/python3.8/site-packages/airflow/example_dags/example_dynamic_task_mapping_with_no_taskflow_operators.py
[2025-10-14T07:15:01.750+0000] {processor.py:830} INFO - Processing file /home/airflow/.local/lib/python3.8/site-packages/airflow/example_dags/example_dynamic_task_mapping_with_no_taskflow_operators.py for tasks to queue
[2025-10-14T07:15:01.751+0000] {logging_mixin.py:188} INFO - [2025-10-14T07:15:01.751+0000] {dagbag.py:538} INFO - Filling up the DagBag from /home/airflow/.local/lib/python3.8/site-packages/airflow/example_dags/example_dynamic_task_mapping_with_no_taskflow_operators.py
[2025-10-14T07:15:01.764+0000] {processor.py:840} INFO - DAG(s) 'example_dynamic_task_mapping_with_no_taskflow_operators' retrieved from /home/airflow/.local/lib/python3.8/site-packages/airflow/example_dags/example_dynamic_task_mapping_with_no_taskflow_operators.py
[2025-10-14T07:15:01.805+0000] {logging_mixin.py:188} INFO - [2025-10-14T07:15:01.805+0000] {dag.py:3036} INFO - Sync 1 DAGs
[2025-10-14T07:15:01.844+0000] {logging_mixin.py:188} INFO - [2025-10-14T07:15:01.844+0000] {dag.py:3823} INFO - Setting next_dagrun for example_dynamic_task_mapping_with_no_taskflow_operators to 2025-10-13 00:00:00+00:00, run_after=2025-10-14 00:00:00+00:00
[2025-10-14T07:15:01.883+0000] {processor.py:183} INFO - Processing /home/airflow/.local/lib/python3.8/site-packages/airflow/example_dags/example_dynamic_task_mapping_with_no_taskflow_operators.py took 0.141 seconds
[2025-10-14T07:15:33.292+0000] {processor.py:161} INFO - Started process (PID=58872) to work on /home/airflow/.local/lib/python3.8/site-packages/airflow/example_dags/example_dynamic_task_mapping_with_no_taskflow_operators.py
[2025-10-14T07:15:33.294+0000] {processor.py:830} INFO - Processing file /home/airflow/.local/lib/python3.8/site-packages/airflow/example_dags/example_dynamic_task_mapping_with_no_taskflow_operators.py for tasks to queue
[2025-10-14T07:15:33.296+0000] {logging_mixin.py:188} INFO - [2025-10-14T07:15:33.296+0000] {dagbag.py:538} INFO - Filling up the DagBag from /home/airflow/.local/lib/python3.8/site-packages/airflow/example_dags/example_dynamic_task_mapping_with_no_taskflow_operators.py
[2025-10-14T07:15:33.310+0000] {processor.py:840} INFO - DAG(s) 'example_dynamic_task_mapping_with_no_taskflow_operators' retrieved from /home/airflow/.local/lib/python3.8/site-packages/airflow/example_dags/example_dynamic_task_mapping_with_no_taskflow_operators.py
[2025-10-14T07:15:33.356+0000] {logging_mixin.py:188} INFO - [2025-10-14T07:15:33.355+0000] {dag.py:3036} INFO - Sync 1 DAGs
[2025-10-14T07:15:33.399+0000] {logging_mixin.py:188} INFO - [2025-10-14T07:15:33.398+0000] {dag.py:3823} INFO - Setting next_dagrun for example_dynamic_task_mapping_with_no_taskflow_operators to 2025-10-13 00:00:00+00:00, run_after=2025-10-14 00:00:00+00:00
[2025-10-14T07:15:33.444+0000] {processor.py:183} INFO - Processing /home/airflow/.local/lib/python3.8/site-packages/airflow/example_dags/example_dynamic_task_mapping_with_no_taskflow_operators.py took 0.158 seconds
[2025-10-14T07:16:05.476+0000] {processor.py:161} INFO - Started process (PID=58934) to work on /home/airflow/.local/lib/python3.8/site-packages/airflow/example_dags/example_dynamic_task_mapping_with_no_taskflow_operators.py
[2025-10-14T07:16:05.479+0000] {processor.py:830} INFO - Processing file /home/airflow/.local/lib/python3.8/site-packages/airflow/example_dags/example_dynamic_task_mapping_with_no_taskflow_operators.py for tasks to queue
[2025-10-14T07:16:05.481+0000] {logging_mixin.py:188} INFO - [2025-10-14T07:16:05.480+0000] {dagbag.py:538} INFO - Filling up the DagBag from /home/airflow/.local/lib/python3.8/site-packages/airflow/example_dags/example_dynamic_task_mapping_with_no_taskflow_operators.py
[2025-10-14T07:16:05.493+0000] {processor.py:840} INFO - DAG(s) 'example_dynamic_task_mapping_with_no_taskflow_operators' retrieved from /home/airflow/.local/lib/python3.8/site-packages/airflow/example_dags/example_dynamic_task_mapping_with_no_taskflow_operators.py
[2025-10-14T07:16:05.541+0000] {logging_mixin.py:188} INFO - [2025-10-14T07:16:05.540+0000] {dag.py:3036} INFO - Sync 1 DAGs
[2025-10-14T07:16:05.582+0000] {logging_mixin.py:188} INFO - [2025-10-14T07:16:05.581+0000] {dag.py:3823} INFO - Setting next_dagrun for example_dynamic_task_mapping_with_no_taskflow_operators to 2025-10-13 00:00:00+00:00, run_after=2025-10-14 00:00:00+00:00
[2025-10-14T07:16:05.617+0000] {processor.py:183} INFO - Processing /home/airflow/.local/lib/python3.8/site-packages/airflow/example_dags/example_dynamic_task_mapping_with_no_taskflow_operators.py took 0.148 seconds
[2025-10-14T07:16:36.591+0000] {processor.py:161} INFO - Started process (PID=59004) to work on /home/airflow/.local/lib/python3.8/site-packages/airflow/example_dags/example_dynamic_task_mapping_with_no_taskflow_operators.py
[2025-10-14T07:16:36.593+0000] {processor.py:830} INFO - Processing file /home/airflow/.local/lib/python3.8/site-packages/airflow/example_dags/example_dynamic_task_mapping_with_no_taskflow_operators.py for tasks to queue
[2025-10-14T07:16:36.595+0000] {logging_mixin.py:188} INFO - [2025-10-14T07:16:36.594+0000] {dagbag.py:538} INFO - Filling up the DagBag from /home/airflow/.local/lib/python3.8/site-packages/airflow/example_dags/example_dynamic_task_mapping_with_no_taskflow_operators.py
[2025-10-14T07:16:36.610+0000] {processor.py:840} INFO - DAG(s) 'example_dynamic_task_mapping_with_no_taskflow_operators' retrieved from /home/airflow/.local/lib/python3.8/site-packages/airflow/example_dags/example_dynamic_task_mapping_with_no_taskflow_operators.py
[2025-10-14T07:16:36.667+0000] {logging_mixin.py:188} INFO - [2025-10-14T07:16:36.667+0000] {dag.py:3036} INFO - Sync 1 DAGs
[2025-10-14T07:16:36.719+0000] {logging_mixin.py:188} INFO - [2025-10-14T07:16:36.718+0000] {dag.py:3823} INFO - Setting next_dagrun for example_dynamic_task_mapping_with_no_taskflow_operators to 2025-10-13 00:00:00+00:00, run_after=2025-10-14 00:00:00+00:00
[2025-10-14T07:16:36.751+0000] {processor.py:183} INFO - Processing /home/airflow/.local/lib/python3.8/site-packages/airflow/example_dags/example_dynamic_task_mapping_with_no_taskflow_operators.py took 0.166 seconds
[2025-10-14T07:17:07.655+0000] {processor.py:161} INFO - Started process (PID=59070) to work on /home/airflow/.local/lib/python3.8/site-packages/airflow/example_dags/example_dynamic_task_mapping_with_no_taskflow_operators.py
[2025-10-14T07:17:07.658+0000] {processor.py:830} INFO - Processing file /home/airflow/.local/lib/python3.8/site-packages/airflow/example_dags/example_dynamic_task_mapping_with_no_taskflow_operators.py for tasks to queue
[2025-10-14T07:17:07.660+0000] {logging_mixin.py:188} INFO - [2025-10-14T07:17:07.659+0000] {dagbag.py:538} INFO - Filling up the DagBag from /home/airflow/.local/lib/python3.8/site-packages/airflow/example_dags/example_dynamic_task_mapping_with_no_taskflow_operators.py
[2025-10-14T07:17:07.674+0000] {processor.py:840} INFO - DAG(s) 'example_dynamic_task_mapping_with_no_taskflow_operators' retrieved from /home/airflow/.local/lib/python3.8/site-packages/airflow/example_dags/example_dynamic_task_mapping_with_no_taskflow_operators.py
[2025-10-14T07:17:07.720+0000] {logging_mixin.py:188} INFO - [2025-10-14T07:17:07.719+0000] {dag.py:3036} INFO - Sync 1 DAGs
[2025-10-14T07:17:07.766+0000] {logging_mixin.py:188} INFO - [2025-10-14T07:17:07.765+0000] {dag.py:3823} INFO - Setting next_dagrun for example_dynamic_task_mapping_with_no_taskflow_operators to 2025-10-13 00:00:00+00:00, run_after=2025-10-14 00:00:00+00:00
[2025-10-14T07:17:07.800+0000] {processor.py:183} INFO - Processing /home/airflow/.local/lib/python3.8/site-packages/airflow/example_dags/example_dynamic_task_mapping_with_no_taskflow_operators.py took 0.151 seconds
[2025-10-14T07:17:38.523+0000] {processor.py:161} INFO - Started process (PID=59139) to work on /home/airflow/.local/lib/python3.8/site-packages/airflow/example_dags/example_dynamic_task_mapping_with_no_taskflow_operators.py
[2025-10-14T07:17:38.525+0000] {processor.py:830} INFO - Processing file /home/airflow/.local/lib/python3.8/site-packages/airflow/example_dags/example_dynamic_task_mapping_with_no_taskflow_operators.py for tasks to queue
[2025-10-14T07:17:38.527+0000] {logging_mixin.py:188} INFO - [2025-10-14T07:17:38.526+0000] {dagbag.py:538} INFO - Filling up the DagBag from /home/airflow/.local/lib/python3.8/site-packages/airflow/example_dags/example_dynamic_task_mapping_with_no_taskflow_operators.py
[2025-10-14T07:17:38.539+0000] {processor.py:840} INFO - DAG(s) 'example_dynamic_task_mapping_with_no_taskflow_operators' retrieved from /home/airflow/.local/lib/python3.8/site-packages/airflow/example_dags/example_dynamic_task_mapping_with_no_taskflow_operators.py
[2025-10-14T07:17:38.575+0000] {logging_mixin.py:188} INFO - [2025-10-14T07:17:38.575+0000] {dag.py:3036} INFO - Sync 1 DAGs
[2025-10-14T07:17:38.611+0000] {logging_mixin.py:188} INFO - [2025-10-14T07:17:38.611+0000] {dag.py:3823} INFO - Setting next_dagrun for example_dynamic_task_mapping_with_no_taskflow_operators to 2025-10-13 00:00:00+00:00, run_after=2025-10-14 00:00:00+00:00
[2025-10-14T07:17:38.666+0000] {processor.py:183} INFO - Processing /home/airflow/.local/lib/python3.8/site-packages/airflow/example_dags/example_dynamic_task_mapping_with_no_taskflow_operators.py took 0.148 seconds
[2025-10-14T07:18:10.250+0000] {processor.py:161} INFO - Started process (PID=59209) to work on /home/airflow/.local/lib/python3.8/site-packages/airflow/example_dags/example_dynamic_task_mapping_with_no_taskflow_operators.py
[2025-10-14T07:18:10.252+0000] {processor.py:830} INFO - Processing file /home/airflow/.local/lib/python3.8/site-packages/airflow/example_dags/example_dynamic_task_mapping_with_no_taskflow_operators.py for tasks to queue
[2025-10-14T07:18:10.254+0000] {logging_mixin.py:188} INFO - [2025-10-14T07:18:10.253+0000] {dagbag.py:538} INFO - Filling up the DagBag from /home/airflow/.local/lib/python3.8/site-packages/airflow/example_dags/example_dynamic_task_mapping_with_no_taskflow_operators.py
[2025-10-14T07:18:10.267+0000] {processor.py:840} INFO - DAG(s) 'example_dynamic_task_mapping_with_no_taskflow_operators' retrieved from /home/airflow/.local/lib/python3.8/site-packages/airflow/example_dags/example_dynamic_task_mapping_with_no_taskflow_operators.py
[2025-10-14T07:18:10.307+0000] {logging_mixin.py:188} INFO - [2025-10-14T07:18:10.307+0000] {dag.py:3036} INFO - Sync 1 DAGs
[2025-10-14T07:18:10.353+0000] {logging_mixin.py:188} INFO - [2025-10-14T07:18:10.353+0000] {dag.py:3823} INFO - Setting next_dagrun for example_dynamic_task_mapping_with_no_taskflow_operators to 2025-10-13 00:00:00+00:00, run_after=2025-10-14 00:00:00+00:00
[2025-10-14T07:18:10.387+0000] {processor.py:183} INFO - Processing /home/airflow/.local/lib/python3.8/site-packages/airflow/example_dags/example_dynamic_task_mapping_with_no_taskflow_operators.py took 0.143 seconds
[2025-10-14T07:18:41.954+0000] {processor.py:161} INFO - Started process (PID=59274) to work on /home/airflow/.local/lib/python3.8/site-packages/airflow/example_dags/example_dynamic_task_mapping_with_no_taskflow_operators.py
[2025-10-14T07:18:41.956+0000] {processor.py:830} INFO - Processing file /home/airflow/.local/lib/python3.8/site-packages/airflow/example_dags/example_dynamic_task_mapping_with_no_taskflow_operators.py for tasks to queue
[2025-10-14T07:18:41.958+0000] {logging_mixin.py:188} INFO - [2025-10-14T07:18:41.957+0000] {dagbag.py:538} INFO - Filling up the DagBag from /home/airflow/.local/lib/python3.8/site-packages/airflow/example_dags/example_dynamic_task_mapping_with_no_taskflow_operators.py
[2025-10-14T07:18:41.973+0000] {processor.py:840} INFO - DAG(s) 'example_dynamic_task_mapping_with_no_taskflow_operators' retrieved from /home/airflow/.local/lib/python3.8/site-packages/airflow/example_dags/example_dynamic_task_mapping_with_no_taskflow_operators.py
[2025-10-14T07:18:42.019+0000] {logging_mixin.py:188} INFO - [2025-10-14T07:18:42.019+0000] {dag.py:3036} INFO - Sync 1 DAGs
[2025-10-14T07:18:42.066+0000] {logging_mixin.py:188} INFO - [2025-10-14T07:18:42.066+0000] {dag.py:3823} INFO - Setting next_dagrun for example_dynamic_task_mapping_with_no_taskflow_operators to 2025-10-13 00:00:00+00:00, run_after=2025-10-14 00:00:00+00:00
[2025-10-14T07:18:42.099+0000] {processor.py:183} INFO - Processing /home/airflow/.local/lib/python3.8/site-packages/airflow/example_dags/example_dynamic_task_mapping_with_no_taskflow_operators.py took 0.152 seconds
[2025-10-14T07:19:12.882+0000] {processor.py:161} INFO - Started process (PID=59341) to work on /home/airflow/.local/lib/python3.8/site-packages/airflow/example_dags/example_dynamic_task_mapping_with_no_taskflow_operators.py
[2025-10-14T07:19:12.883+0000] {processor.py:830} INFO - Processing file /home/airflow/.local/lib/python3.8/site-packages/airflow/example_dags/example_dynamic_task_mapping_with_no_taskflow_operators.py for tasks to queue
[2025-10-14T07:19:12.884+0000] {logging_mixin.py:188} INFO - [2025-10-14T07:19:12.884+0000] {dagbag.py:538} INFO - Filling up the DagBag from /home/airflow/.local/lib/python3.8/site-packages/airflow/example_dags/example_dynamic_task_mapping_with_no_taskflow_operators.py
[2025-10-14T07:19:12.895+0000] {processor.py:840} INFO - DAG(s) 'example_dynamic_task_mapping_with_no_taskflow_operators' retrieved from /home/airflow/.local/lib/python3.8/site-packages/airflow/example_dags/example_dynamic_task_mapping_with_no_taskflow_operators.py
[2025-10-14T07:19:12.933+0000] {logging_mixin.py:188} INFO - [2025-10-14T07:19:12.933+0000] {dag.py:3036} INFO - Sync 1 DAGs
[2025-10-14T07:19:12.966+0000] {logging_mixin.py:188} INFO - [2025-10-14T07:19:12.966+0000] {dag.py:3823} INFO - Setting next_dagrun for example_dynamic_task_mapping_with_no_taskflow_operators to 2025-10-13 00:00:00+00:00, run_after=2025-10-14 00:00:00+00:00
[2025-10-14T07:19:12.999+0000] {processor.py:183} INFO - Processing /home/airflow/.local/lib/python3.8/site-packages/airflow/example_dags/example_dynamic_task_mapping_with_no_taskflow_operators.py took 0.123 seconds
[2025-10-14T07:19:44.373+0000] {processor.py:161} INFO - Started process (PID=59411) to work on /home/airflow/.local/lib/python3.8/site-packages/airflow/example_dags/example_dynamic_task_mapping_with_no_taskflow_operators.py
[2025-10-14T07:19:44.375+0000] {processor.py:830} INFO - Processing file /home/airflow/.local/lib/python3.8/site-packages/airflow/example_dags/example_dynamic_task_mapping_with_no_taskflow_operators.py for tasks to queue
[2025-10-14T07:19:44.376+0000] {logging_mixin.py:188} INFO - [2025-10-14T07:19:44.376+0000] {dagbag.py:538} INFO - Filling up the DagBag from /home/airflow/.local/lib/python3.8/site-packages/airflow/example_dags/example_dynamic_task_mapping_with_no_taskflow_operators.py
[2025-10-14T07:19:44.388+0000] {processor.py:840} INFO - DAG(s) 'example_dynamic_task_mapping_with_no_taskflow_operators' retrieved from /home/airflow/.local/lib/python3.8/site-packages/airflow/example_dags/example_dynamic_task_mapping_with_no_taskflow_operators.py
[2025-10-14T07:19:44.450+0000] {logging_mixin.py:188} INFO - [2025-10-14T07:19:44.449+0000] {dag.py:3036} INFO - Sync 1 DAGs
[2025-10-14T07:19:44.522+0000] {logging_mixin.py:188} INFO - [2025-10-14T07:19:44.521+0000] {dag.py:3823} INFO - Setting next_dagrun for example_dynamic_task_mapping_with_no_taskflow_operators to 2025-10-13 00:00:00+00:00, run_after=2025-10-14 00:00:00+00:00
[2025-10-14T07:19:44.551+0000] {processor.py:183} INFO - Processing /home/airflow/.local/lib/python3.8/site-packages/airflow/example_dags/example_dynamic_task_mapping_with_no_taskflow_operators.py took 0.185 seconds
[2025-10-14T07:20:15.798+0000] {processor.py:161} INFO - Started process (PID=59481) to work on /home/airflow/.local/lib/python3.8/site-packages/airflow/example_dags/example_dynamic_task_mapping_with_no_taskflow_operators.py
[2025-10-14T07:20:15.801+0000] {processor.py:830} INFO - Processing file /home/airflow/.local/lib/python3.8/site-packages/airflow/example_dags/example_dynamic_task_mapping_with_no_taskflow_operators.py for tasks to queue
[2025-10-14T07:20:15.805+0000] {logging_mixin.py:188} INFO - [2025-10-14T07:20:15.804+0000] {dagbag.py:538} INFO - Filling up the DagBag from /home/airflow/.local/lib/python3.8/site-packages/airflow/example_dags/example_dynamic_task_mapping_with_no_taskflow_operators.py
[2025-10-14T07:20:15.825+0000] {processor.py:840} INFO - DAG(s) 'example_dynamic_task_mapping_with_no_taskflow_operators' retrieved from /home/airflow/.local/lib/python3.8/site-packages/airflow/example_dags/example_dynamic_task_mapping_with_no_taskflow_operators.py
[2025-10-14T07:20:15.887+0000] {logging_mixin.py:188} INFO - [2025-10-14T07:20:15.886+0000] {dag.py:3036} INFO - Sync 1 DAGs
[2025-10-14T07:20:15.933+0000] {logging_mixin.py:188} INFO - [2025-10-14T07:20:15.933+0000] {dag.py:3823} INFO - Setting next_dagrun for example_dynamic_task_mapping_with_no_taskflow_operators to 2025-10-13 00:00:00+00:00, run_after=2025-10-14 00:00:00+00:00
[2025-10-14T07:20:15.967+0000] {processor.py:183} INFO - Processing /home/airflow/.local/lib/python3.8/site-packages/airflow/example_dags/example_dynamic_task_mapping_with_no_taskflow_operators.py took 0.178 seconds
[2025-10-14T07:20:47.089+0000] {processor.py:161} INFO - Started process (PID=59551) to work on /home/airflow/.local/lib/python3.8/site-packages/airflow/example_dags/example_dynamic_task_mapping_with_no_taskflow_operators.py
[2025-10-14T07:20:47.091+0000] {processor.py:830} INFO - Processing file /home/airflow/.local/lib/python3.8/site-packages/airflow/example_dags/example_dynamic_task_mapping_with_no_taskflow_operators.py for tasks to queue
[2025-10-14T07:20:47.093+0000] {logging_mixin.py:188} INFO - [2025-10-14T07:20:47.093+0000] {dagbag.py:538} INFO - Filling up the DagBag from /home/airflow/.local/lib/python3.8/site-packages/airflow/example_dags/example_dynamic_task_mapping_with_no_taskflow_operators.py
[2025-10-14T07:20:47.105+0000] {processor.py:840} INFO - DAG(s) 'example_dynamic_task_mapping_with_no_taskflow_operators' retrieved from /home/airflow/.local/lib/python3.8/site-packages/airflow/example_dags/example_dynamic_task_mapping_with_no_taskflow_operators.py
[2025-10-14T07:20:47.147+0000] {logging_mixin.py:188} INFO - [2025-10-14T07:20:47.146+0000] {dag.py:3036} INFO - Sync 1 DAGs
[2025-10-14T07:20:47.190+0000] {logging_mixin.py:188} INFO - [2025-10-14T07:20:47.190+0000] {dag.py:3823} INFO - Setting next_dagrun for example_dynamic_task_mapping_with_no_taskflow_operators to 2025-10-13 00:00:00+00:00, run_after=2025-10-14 00:00:00+00:00
[2025-10-14T07:20:47.242+0000] {processor.py:183} INFO - Processing /home/airflow/.local/lib/python3.8/site-packages/airflow/example_dags/example_dynamic_task_mapping_with_no_taskflow_operators.py took 0.158 seconds
[2025-10-14T07:21:18.594+0000] {processor.py:161} INFO - Started process (PID=59621) to work on /home/airflow/.local/lib/python3.8/site-packages/airflow/example_dags/example_dynamic_task_mapping_with_no_taskflow_operators.py
[2025-10-14T07:21:18.596+0000] {processor.py:830} INFO - Processing file /home/airflow/.local/lib/python3.8/site-packages/airflow/example_dags/example_dynamic_task_mapping_with_no_taskflow_operators.py for tasks to queue
[2025-10-14T07:21:18.599+0000] {logging_mixin.py:188} INFO - [2025-10-14T07:21:18.598+0000] {dagbag.py:538} INFO - Filling up the DagBag from /home/airflow/.local/lib/python3.8/site-packages/airflow/example_dags/example_dynamic_task_mapping_with_no_taskflow_operators.py
[2025-10-14T07:21:18.619+0000] {processor.py:840} INFO - DAG(s) 'example_dynamic_task_mapping_with_no_taskflow_operators' retrieved from /home/airflow/.local/lib/python3.8/site-packages/airflow/example_dags/example_dynamic_task_mapping_with_no_taskflow_operators.py
[2025-10-14T07:21:18.675+0000] {logging_mixin.py:188} INFO - [2025-10-14T07:21:18.675+0000] {dag.py:3036} INFO - Sync 1 DAGs
[2025-10-14T07:21:18.730+0000] {logging_mixin.py:188} INFO - [2025-10-14T07:21:18.729+0000] {dag.py:3823} INFO - Setting next_dagrun for example_dynamic_task_mapping_with_no_taskflow_operators to 2025-10-13 00:00:00+00:00, run_after=2025-10-14 00:00:00+00:00
[2025-10-14T07:21:18.769+0000] {processor.py:183} INFO - Processing /home/airflow/.local/lib/python3.8/site-packages/airflow/example_dags/example_dynamic_task_mapping_with_no_taskflow_operators.py took 0.182 seconds
[2025-10-14T07:21:49.433+0000] {processor.py:161} INFO - Started process (PID=59691) to work on /home/airflow/.local/lib/python3.8/site-packages/airflow/example_dags/example_dynamic_task_mapping_with_no_taskflow_operators.py
[2025-10-14T07:21:49.436+0000] {processor.py:830} INFO - Processing file /home/airflow/.local/lib/python3.8/site-packages/airflow/example_dags/example_dynamic_task_mapping_with_no_taskflow_operators.py for tasks to queue
[2025-10-14T07:21:49.439+0000] {logging_mixin.py:188} INFO - [2025-10-14T07:21:49.438+0000] {dagbag.py:538} INFO - Filling up the DagBag from /home/airflow/.local/lib/python3.8/site-packages/airflow/example_dags/example_dynamic_task_mapping_with_no_taskflow_operators.py
[2025-10-14T07:21:49.459+0000] {processor.py:840} INFO - DAG(s) 'example_dynamic_task_mapping_with_no_taskflow_operators' retrieved from /home/airflow/.local/lib/python3.8/site-packages/airflow/example_dags/example_dynamic_task_mapping_with_no_taskflow_operators.py
[2025-10-14T07:21:49.514+0000] {logging_mixin.py:188} INFO - [2025-10-14T07:21:49.513+0000] {dag.py:3036} INFO - Sync 1 DAGs
[2025-10-14T07:21:49.548+0000] {logging_mixin.py:188} INFO - [2025-10-14T07:21:49.548+0000] {dag.py:3823} INFO - Setting next_dagrun for example_dynamic_task_mapping_with_no_taskflow_operators to 2025-10-13 00:00:00+00:00, run_after=2025-10-14 00:00:00+00:00
[2025-10-14T07:21:49.618+0000] {processor.py:183} INFO - Processing /home/airflow/.local/lib/python3.8/site-packages/airflow/example_dags/example_dynamic_task_mapping_with_no_taskflow_operators.py took 0.195 seconds
[2025-10-14T07:22:20.880+0000] {processor.py:161} INFO - Started process (PID=59761) to work on /home/airflow/.local/lib/python3.8/site-packages/airflow/example_dags/example_dynamic_task_mapping_with_no_taskflow_operators.py
[2025-10-14T07:22:20.882+0000] {processor.py:830} INFO - Processing file /home/airflow/.local/lib/python3.8/site-packages/airflow/example_dags/example_dynamic_task_mapping_with_no_taskflow_operators.py for tasks to queue
[2025-10-14T07:22:20.884+0000] {logging_mixin.py:188} INFO - [2025-10-14T07:22:20.883+0000] {dagbag.py:538} INFO - Filling up the DagBag from /home/airflow/.local/lib/python3.8/site-packages/airflow/example_dags/example_dynamic_task_mapping_with_no_taskflow_operators.py
[2025-10-14T07:22:20.894+0000] {processor.py:840} INFO - DAG(s) 'example_dynamic_task_mapping_with_no_taskflow_operators' retrieved from /home/airflow/.local/lib/python3.8/site-packages/airflow/example_dags/example_dynamic_task_mapping_with_no_taskflow_operators.py
[2025-10-14T07:22:20.931+0000] {logging_mixin.py:188} INFO - [2025-10-14T07:22:20.931+0000] {dag.py:3036} INFO - Sync 1 DAGs
[2025-10-14T07:22:20.970+0000] {logging_mixin.py:188} INFO - [2025-10-14T07:22:20.970+0000] {dag.py:3823} INFO - Setting next_dagrun for example_dynamic_task_mapping_with_no_taskflow_operators to 2025-10-13 00:00:00+00:00, run_after=2025-10-14 00:00:00+00:00
[2025-10-14T07:22:21.005+0000] {processor.py:183} INFO - Processing /home/airflow/.local/lib/python3.8/site-packages/airflow/example_dags/example_dynamic_task_mapping_with_no_taskflow_operators.py took 0.130 seconds
[2025-10-14T07:22:52.613+0000] {processor.py:161} INFO - Started process (PID=59836) to work on /home/airflow/.local/lib/python3.8/site-packages/airflow/example_dags/example_dynamic_task_mapping_with_no_taskflow_operators.py
[2025-10-14T07:22:52.615+0000] {processor.py:830} INFO - Processing file /home/airflow/.local/lib/python3.8/site-packages/airflow/example_dags/example_dynamic_task_mapping_with_no_taskflow_operators.py for tasks to queue
[2025-10-14T07:22:52.616+0000] {logging_mixin.py:188} INFO - [2025-10-14T07:22:52.616+0000] {dagbag.py:538} INFO - Filling up the DagBag from /home/airflow/.local/lib/python3.8/site-packages/airflow/example_dags/example_dynamic_task_mapping_with_no_taskflow_operators.py
[2025-10-14T07:22:52.629+0000] {processor.py:840} INFO - DAG(s) 'example_dynamic_task_mapping_with_no_taskflow_operators' retrieved from /home/airflow/.local/lib/python3.8/site-packages/airflow/example_dags/example_dynamic_task_mapping_with_no_taskflow_operators.py
[2025-10-14T07:22:52.674+0000] {logging_mixin.py:188} INFO - [2025-10-14T07:22:52.673+0000] {dag.py:3036} INFO - Sync 1 DAGs
[2025-10-14T07:22:52.714+0000] {logging_mixin.py:188} INFO - [2025-10-14T07:22:52.714+0000] {dag.py:3823} INFO - Setting next_dagrun for example_dynamic_task_mapping_with_no_taskflow_operators to 2025-10-13 00:00:00+00:00, run_after=2025-10-14 00:00:00+00:00
[2025-10-14T07:22:52.762+0000] {processor.py:183} INFO - Processing /home/airflow/.local/lib/python3.8/site-packages/airflow/example_dags/example_dynamic_task_mapping_with_no_taskflow_operators.py took 0.156 seconds
[2025-10-14T07:23:24.162+0000] {processor.py:161} INFO - Started process (PID=59906) to work on /home/airflow/.local/lib/python3.8/site-packages/airflow/example_dags/example_dynamic_task_mapping_with_no_taskflow_operators.py
[2025-10-14T07:23:24.164+0000] {processor.py:830} INFO - Processing file /home/airflow/.local/lib/python3.8/site-packages/airflow/example_dags/example_dynamic_task_mapping_with_no_taskflow_operators.py for tasks to queue
[2025-10-14T07:23:24.166+0000] {logging_mixin.py:188} INFO - [2025-10-14T07:23:24.166+0000] {dagbag.py:538} INFO - Filling up the DagBag from /home/airflow/.local/lib/python3.8/site-packages/airflow/example_dags/example_dynamic_task_mapping_with_no_taskflow_operators.py
[2025-10-14T07:23:24.379+0000] {processor.py:840} INFO - DAG(s) 'example_dynamic_task_mapping_with_no_taskflow_operators' retrieved from /home/airflow/.local/lib/python3.8/site-packages/airflow/example_dags/example_dynamic_task_mapping_with_no_taskflow_operators.py
[2025-10-14T07:23:24.416+0000] {logging_mixin.py:188} INFO - [2025-10-14T07:23:24.416+0000] {dag.py:3036} INFO - Sync 1 DAGs
[2025-10-14T07:23:24.449+0000] {logging_mixin.py:188} INFO - [2025-10-14T07:23:24.448+0000] {dag.py:3823} INFO - Setting next_dagrun for example_dynamic_task_mapping_with_no_taskflow_operators to 2025-10-13 00:00:00+00:00, run_after=2025-10-14 00:00:00+00:00
[2025-10-14T07:23:24.509+0000] {processor.py:183} INFO - Processing /home/airflow/.local/lib/python3.8/site-packages/airflow/example_dags/example_dynamic_task_mapping_with_no_taskflow_operators.py took 0.354 seconds
[2025-10-14T07:23:54.927+0000] {processor.py:161} INFO - Started process (PID=59976) to work on /home/airflow/.local/lib/python3.8/site-packages/airflow/example_dags/example_dynamic_task_mapping_with_no_taskflow_operators.py
[2025-10-14T07:23:54.929+0000] {processor.py:830} INFO - Processing file /home/airflow/.local/lib/python3.8/site-packages/airflow/example_dags/example_dynamic_task_mapping_with_no_taskflow_operators.py for tasks to queue
[2025-10-14T07:23:54.930+0000] {logging_mixin.py:188} INFO - [2025-10-14T07:23:54.930+0000] {dagbag.py:538} INFO - Filling up the DagBag from /home/airflow/.local/lib/python3.8/site-packages/airflow/example_dags/example_dynamic_task_mapping_with_no_taskflow_operators.py
[2025-10-14T07:23:54.942+0000] {processor.py:840} INFO - DAG(s) 'example_dynamic_task_mapping_with_no_taskflow_operators' retrieved from /home/airflow/.local/lib/python3.8/site-packages/airflow/example_dags/example_dynamic_task_mapping_with_no_taskflow_operators.py
[2025-10-14T07:23:54.982+0000] {logging_mixin.py:188} INFO - [2025-10-14T07:23:54.981+0000] {dag.py:3036} INFO - Sync 1 DAGs
[2025-10-14T07:23:55.022+0000] {logging_mixin.py:188} INFO - [2025-10-14T07:23:55.021+0000] {dag.py:3823} INFO - Setting next_dagrun for example_dynamic_task_mapping_with_no_taskflow_operators to 2025-10-13 00:00:00+00:00, run_after=2025-10-14 00:00:00+00:00
[2025-10-14T07:23:55.052+0000] {processor.py:183} INFO - Processing /home/airflow/.local/lib/python3.8/site-packages/airflow/example_dags/example_dynamic_task_mapping_with_no_taskflow_operators.py took 0.130 seconds
[2025-10-14T07:24:25.883+0000] {processor.py:161} INFO - Started process (PID=60046) to work on /home/airflow/.local/lib/python3.8/site-packages/airflow/example_dags/example_dynamic_task_mapping_with_no_taskflow_operators.py
[2025-10-14T07:24:25.885+0000] {processor.py:830} INFO - Processing file /home/airflow/.local/lib/python3.8/site-packages/airflow/example_dags/example_dynamic_task_mapping_with_no_taskflow_operators.py for tasks to queue
[2025-10-14T07:24:25.887+0000] {logging_mixin.py:188} INFO - [2025-10-14T07:24:25.886+0000] {dagbag.py:538} INFO - Filling up the DagBag from /home/airflow/.local/lib/python3.8/site-packages/airflow/example_dags/example_dynamic_task_mapping_with_no_taskflow_operators.py
[2025-10-14T07:24:25.899+0000] {processor.py:840} INFO - DAG(s) 'example_dynamic_task_mapping_with_no_taskflow_operators' retrieved from /home/airflow/.local/lib/python3.8/site-packages/airflow/example_dags/example_dynamic_task_mapping_with_no_taskflow_operators.py
[2025-10-14T07:24:25.935+0000] {logging_mixin.py:188} INFO - [2025-10-14T07:24:25.934+0000] {dag.py:3036} INFO - Sync 1 DAGs
[2025-10-14T07:24:25.973+0000] {logging_mixin.py:188} INFO - [2025-10-14T07:24:25.973+0000] {dag.py:3823} INFO - Setting next_dagrun for example_dynamic_task_mapping_with_no_taskflow_operators to 2025-10-13 00:00:00+00:00, run_after=2025-10-14 00:00:00+00:00
[2025-10-14T07:24:26.011+0000] {processor.py:183} INFO - Processing /home/airflow/.local/lib/python3.8/site-packages/airflow/example_dags/example_dynamic_task_mapping_with_no_taskflow_operators.py took 0.134 seconds
[2025-10-14T07:24:56.911+0000] {processor.py:161} INFO - Started process (PID=60116) to work on /home/airflow/.local/lib/python3.8/site-packages/airflow/example_dags/example_dynamic_task_mapping_with_no_taskflow_operators.py
[2025-10-14T07:24:56.913+0000] {processor.py:830} INFO - Processing file /home/airflow/.local/lib/python3.8/site-packages/airflow/example_dags/example_dynamic_task_mapping_with_no_taskflow_operators.py for tasks to queue
[2025-10-14T07:24:56.915+0000] {logging_mixin.py:188} INFO - [2025-10-14T07:24:56.914+0000] {dagbag.py:538} INFO - Filling up the DagBag from /home/airflow/.local/lib/python3.8/site-packages/airflow/example_dags/example_dynamic_task_mapping_with_no_taskflow_operators.py
[2025-10-14T07:24:56.931+0000] {processor.py:840} INFO - DAG(s) 'example_dynamic_task_mapping_with_no_taskflow_operators' retrieved from /home/airflow/.local/lib/python3.8/site-packages/airflow/example_dags/example_dynamic_task_mapping_with_no_taskflow_operators.py
[2025-10-14T07:24:56.977+0000] {logging_mixin.py:188} INFO - [2025-10-14T07:24:56.977+0000] {dag.py:3036} INFO - Sync 1 DAGs
[2025-10-14T07:24:57.014+0000] {logging_mixin.py:188} INFO - [2025-10-14T07:24:57.014+0000] {dag.py:3823} INFO - Setting next_dagrun for example_dynamic_task_mapping_with_no_taskflow_operators to 2025-10-13 00:00:00+00:00, run_after=2025-10-14 00:00:00+00:00
[2025-10-14T07:24:57.044+0000] {processor.py:183} INFO - Processing /home/airflow/.local/lib/python3.8/site-packages/airflow/example_dags/example_dynamic_task_mapping_with_no_taskflow_operators.py took 0.140 seconds
[2025-10-14T07:25:27.593+0000] {processor.py:161} INFO - Started process (PID=60186) to work on /home/airflow/.local/lib/python3.8/site-packages/airflow/example_dags/example_dynamic_task_mapping_with_no_taskflow_operators.py
[2025-10-14T07:25:27.595+0000] {processor.py:830} INFO - Processing file /home/airflow/.local/lib/python3.8/site-packages/airflow/example_dags/example_dynamic_task_mapping_with_no_taskflow_operators.py for tasks to queue
[2025-10-14T07:25:27.597+0000] {logging_mixin.py:188} INFO - [2025-10-14T07:25:27.596+0000] {dagbag.py:538} INFO - Filling up the DagBag from /home/airflow/.local/lib/python3.8/site-packages/airflow/example_dags/example_dynamic_task_mapping_with_no_taskflow_operators.py
[2025-10-14T07:25:27.610+0000] {processor.py:840} INFO - DAG(s) 'example_dynamic_task_mapping_with_no_taskflow_operators' retrieved from /home/airflow/.local/lib/python3.8/site-packages/airflow/example_dags/example_dynamic_task_mapping_with_no_taskflow_operators.py
[2025-10-14T07:25:27.646+0000] {logging_mixin.py:188} INFO - [2025-10-14T07:25:27.646+0000] {dag.py:3036} INFO - Sync 1 DAGs
[2025-10-14T07:25:27.682+0000] {logging_mixin.py:188} INFO - [2025-10-14T07:25:27.682+0000] {dag.py:3823} INFO - Setting next_dagrun for example_dynamic_task_mapping_with_no_taskflow_operators to 2025-10-13 00:00:00+00:00, run_after=2025-10-14 00:00:00+00:00
[2025-10-14T07:25:27.732+0000] {processor.py:183} INFO - Processing /home/airflow/.local/lib/python3.8/site-packages/airflow/example_dags/example_dynamic_task_mapping_with_no_taskflow_operators.py took 0.146 seconds
[2025-10-14T07:25:58.838+0000] {processor.py:161} INFO - Started process (PID=60256) to work on /home/airflow/.local/lib/python3.8/site-packages/airflow/example_dags/example_dynamic_task_mapping_with_no_taskflow_operators.py
[2025-10-14T07:25:58.840+0000] {processor.py:830} INFO - Processing file /home/airflow/.local/lib/python3.8/site-packages/airflow/example_dags/example_dynamic_task_mapping_with_no_taskflow_operators.py for tasks to queue
[2025-10-14T07:25:58.842+0000] {logging_mixin.py:188} INFO - [2025-10-14T07:25:58.841+0000] {dagbag.py:538} INFO - Filling up the DagBag from /home/airflow/.local/lib/python3.8/site-packages/airflow/example_dags/example_dynamic_task_mapping_with_no_taskflow_operators.py
[2025-10-14T07:25:58.854+0000] {processor.py:840} INFO - DAG(s) 'example_dynamic_task_mapping_with_no_taskflow_operators' retrieved from /home/airflow/.local/lib/python3.8/site-packages/airflow/example_dags/example_dynamic_task_mapping_with_no_taskflow_operators.py
[2025-10-14T07:25:58.890+0000] {logging_mixin.py:188} INFO - [2025-10-14T07:25:58.889+0000] {dag.py:3036} INFO - Sync 1 DAGs
[2025-10-14T07:25:58.923+0000] {logging_mixin.py:188} INFO - [2025-10-14T07:25:58.923+0000] {dag.py:3823} INFO - Setting next_dagrun for example_dynamic_task_mapping_with_no_taskflow_operators to 2025-10-13 00:00:00+00:00, run_after=2025-10-14 00:00:00+00:00
[2025-10-14T07:25:58.951+0000] {processor.py:183} INFO - Processing /home/airflow/.local/lib/python3.8/site-packages/airflow/example_dags/example_dynamic_task_mapping_with_no_taskflow_operators.py took 0.119 seconds
[2025-10-14T07:26:29.719+0000] {processor.py:161} INFO - Started process (PID=60326) to work on /home/airflow/.local/lib/python3.8/site-packages/airflow/example_dags/example_dynamic_task_mapping_with_no_taskflow_operators.py
[2025-10-14T07:26:29.721+0000] {processor.py:830} INFO - Processing file /home/airflow/.local/lib/python3.8/site-packages/airflow/example_dags/example_dynamic_task_mapping_with_no_taskflow_operators.py for tasks to queue
[2025-10-14T07:26:29.723+0000] {logging_mixin.py:188} INFO - [2025-10-14T07:26:29.722+0000] {dagbag.py:538} INFO - Filling up the DagBag from /home/airflow/.local/lib/python3.8/site-packages/airflow/example_dags/example_dynamic_task_mapping_with_no_taskflow_operators.py
[2025-10-14T07:26:29.734+0000] {processor.py:840} INFO - DAG(s) 'example_dynamic_task_mapping_with_no_taskflow_operators' retrieved from /home/airflow/.local/lib/python3.8/site-packages/airflow/example_dags/example_dynamic_task_mapping_with_no_taskflow_operators.py
[2025-10-14T07:26:29.767+0000] {logging_mixin.py:188} INFO - [2025-10-14T07:26:29.766+0000] {dag.py:3036} INFO - Sync 1 DAGs
[2025-10-14T07:26:29.797+0000] {logging_mixin.py:188} INFO - [2025-10-14T07:26:29.796+0000] {dag.py:3823} INFO - Setting next_dagrun for example_dynamic_task_mapping_with_no_taskflow_operators to 2025-10-13 00:00:00+00:00, run_after=2025-10-14 00:00:00+00:00
[2025-10-14T07:26:29.844+0000] {processor.py:183} INFO - Processing /home/airflow/.local/lib/python3.8/site-packages/airflow/example_dags/example_dynamic_task_mapping_with_no_taskflow_operators.py took 0.131 seconds
[2025-10-14T07:27:00.264+0000] {processor.py:161} INFO - Started process (PID=60393) to work on /home/airflow/.local/lib/python3.8/site-packages/airflow/example_dags/example_dynamic_task_mapping_with_no_taskflow_operators.py
[2025-10-14T07:27:00.266+0000] {processor.py:830} INFO - Processing file /home/airflow/.local/lib/python3.8/site-packages/airflow/example_dags/example_dynamic_task_mapping_with_no_taskflow_operators.py for tasks to queue
[2025-10-14T07:27:00.267+0000] {logging_mixin.py:188} INFO - [2025-10-14T07:27:00.267+0000] {dagbag.py:538} INFO - Filling up the DagBag from /home/airflow/.local/lib/python3.8/site-packages/airflow/example_dags/example_dynamic_task_mapping_with_no_taskflow_operators.py
[2025-10-14T07:27:00.278+0000] {processor.py:840} INFO - DAG(s) 'example_dynamic_task_mapping_with_no_taskflow_operators' retrieved from /home/airflow/.local/lib/python3.8/site-packages/airflow/example_dags/example_dynamic_task_mapping_with_no_taskflow_operators.py
[2025-10-14T07:27:00.310+0000] {logging_mixin.py:188} INFO - [2025-10-14T07:27:00.310+0000] {dag.py:3036} INFO - Sync 1 DAGs
[2025-10-14T07:27:00.340+0000] {logging_mixin.py:188} INFO - [2025-10-14T07:27:00.340+0000] {dag.py:3823} INFO - Setting next_dagrun for example_dynamic_task_mapping_with_no_taskflow_operators to 2025-10-13 00:00:00+00:00, run_after=2025-10-14 00:00:00+00:00
[2025-10-14T07:27:00.367+0000] {processor.py:183} INFO - Processing /home/airflow/.local/lib/python3.8/site-packages/airflow/example_dags/example_dynamic_task_mapping_with_no_taskflow_operators.py took 0.108 seconds
[2025-10-14T07:27:30.946+0000] {processor.py:161} INFO - Started process (PID=60463) to work on /home/airflow/.local/lib/python3.8/site-packages/airflow/example_dags/example_dynamic_task_mapping_with_no_taskflow_operators.py
[2025-10-14T07:27:30.948+0000] {processor.py:830} INFO - Processing file /home/airflow/.local/lib/python3.8/site-packages/airflow/example_dags/example_dynamic_task_mapping_with_no_taskflow_operators.py for tasks to queue
[2025-10-14T07:27:30.950+0000] {logging_mixin.py:188} INFO - [2025-10-14T07:27:30.949+0000] {dagbag.py:538} INFO - Filling up the DagBag from /home/airflow/.local/lib/python3.8/site-packages/airflow/example_dags/example_dynamic_task_mapping_with_no_taskflow_operators.py
[2025-10-14T07:27:30.966+0000] {processor.py:840} INFO - DAG(s) 'example_dynamic_task_mapping_with_no_taskflow_operators' retrieved from /home/airflow/.local/lib/python3.8/site-packages/airflow/example_dags/example_dynamic_task_mapping_with_no_taskflow_operators.py
[2025-10-14T07:27:31.013+0000] {logging_mixin.py:188} INFO - [2025-10-14T07:27:31.012+0000] {dag.py:3036} INFO - Sync 1 DAGs
[2025-10-14T07:27:31.062+0000] {logging_mixin.py:188} INFO - [2025-10-14T07:27:31.062+0000] {dag.py:3823} INFO - Setting next_dagrun for example_dynamic_task_mapping_with_no_taskflow_operators to 2025-10-13 00:00:00+00:00, run_after=2025-10-14 00:00:00+00:00
[2025-10-14T07:27:31.114+0000] {processor.py:183} INFO - Processing /home/airflow/.local/lib/python3.8/site-packages/airflow/example_dags/example_dynamic_task_mapping_with_no_taskflow_operators.py took 0.176 seconds
[2025-10-14T07:28:01.978+0000] {processor.py:161} INFO - Started process (PID=60531) to work on /home/airflow/.local/lib/python3.8/site-packages/airflow/example_dags/example_dynamic_task_mapping_with_no_taskflow_operators.py
[2025-10-14T07:28:01.980+0000] {processor.py:830} INFO - Processing file /home/airflow/.local/lib/python3.8/site-packages/airflow/example_dags/example_dynamic_task_mapping_with_no_taskflow_operators.py for tasks to queue
[2025-10-14T07:28:01.982+0000] {logging_mixin.py:188} INFO - [2025-10-14T07:28:01.981+0000] {dagbag.py:538} INFO - Filling up the DagBag from /home/airflow/.local/lib/python3.8/site-packages/airflow/example_dags/example_dynamic_task_mapping_with_no_taskflow_operators.py
[2025-10-14T07:28:01.994+0000] {processor.py:840} INFO - DAG(s) 'example_dynamic_task_mapping_with_no_taskflow_operators' retrieved from /home/airflow/.local/lib/python3.8/site-packages/airflow/example_dags/example_dynamic_task_mapping_with_no_taskflow_operators.py
[2025-10-14T07:28:02.030+0000] {logging_mixin.py:188} INFO - [2025-10-14T07:28:02.030+0000] {dag.py:3036} INFO - Sync 1 DAGs
[2025-10-14T07:28:02.067+0000] {logging_mixin.py:188} INFO - [2025-10-14T07:28:02.067+0000] {dag.py:3823} INFO - Setting next_dagrun for example_dynamic_task_mapping_with_no_taskflow_operators to 2025-10-13 00:00:00+00:00, run_after=2025-10-14 00:00:00+00:00
[2025-10-14T07:28:02.100+0000] {processor.py:183} INFO - Processing /home/airflow/.local/lib/python3.8/site-packages/airflow/example_dags/example_dynamic_task_mapping_with_no_taskflow_operators.py took 0.126 seconds
[2025-10-14T07:28:33.546+0000] {processor.py:161} INFO - Started process (PID=60603) to work on /home/airflow/.local/lib/python3.8/site-packages/airflow/example_dags/example_dynamic_task_mapping_with_no_taskflow_operators.py
[2025-10-14T07:28:33.548+0000] {processor.py:830} INFO - Processing file /home/airflow/.local/lib/python3.8/site-packages/airflow/example_dags/example_dynamic_task_mapping_with_no_taskflow_operators.py for tasks to queue
[2025-10-14T07:28:33.550+0000] {logging_mixin.py:188} INFO - [2025-10-14T07:28:33.549+0000] {dagbag.py:538} INFO - Filling up the DagBag from /home/airflow/.local/lib/python3.8/site-packages/airflow/example_dags/example_dynamic_task_mapping_with_no_taskflow_operators.py
[2025-10-14T07:28:33.561+0000] {processor.py:840} INFO - DAG(s) 'example_dynamic_task_mapping_with_no_taskflow_operators' retrieved from /home/airflow/.local/lib/python3.8/site-packages/airflow/example_dags/example_dynamic_task_mapping_with_no_taskflow_operators.py
[2025-10-14T07:28:33.600+0000] {logging_mixin.py:188} INFO - [2025-10-14T07:28:33.599+0000] {dag.py:3036} INFO - Sync 1 DAGs
[2025-10-14T07:28:33.637+0000] {logging_mixin.py:188} INFO - [2025-10-14T07:28:33.636+0000] {dag.py:3823} INFO - Setting next_dagrun for example_dynamic_task_mapping_with_no_taskflow_operators to 2025-10-13 00:00:00+00:00, run_after=2025-10-14 00:00:00+00:00
[2025-10-14T07:28:33.671+0000] {processor.py:183} INFO - Processing /home/airflow/.local/lib/python3.8/site-packages/airflow/example_dags/example_dynamic_task_mapping_with_no_taskflow_operators.py took 0.133 seconds
[2025-10-14T07:29:05.019+0000] {processor.py:161} INFO - Started process (PID=60673) to work on /home/airflow/.local/lib/python3.8/site-packages/airflow/example_dags/example_dynamic_task_mapping_with_no_taskflow_operators.py
[2025-10-14T07:29:05.021+0000] {processor.py:830} INFO - Processing file /home/airflow/.local/lib/python3.8/site-packages/airflow/example_dags/example_dynamic_task_mapping_with_no_taskflow_operators.py for tasks to queue
[2025-10-14T07:29:05.023+0000] {logging_mixin.py:188} INFO - [2025-10-14T07:29:05.022+0000] {dagbag.py:538} INFO - Filling up the DagBag from /home/airflow/.local/lib/python3.8/site-packages/airflow/example_dags/example_dynamic_task_mapping_with_no_taskflow_operators.py
[2025-10-14T07:29:05.039+0000] {processor.py:840} INFO - DAG(s) 'example_dynamic_task_mapping_with_no_taskflow_operators' retrieved from /home/airflow/.local/lib/python3.8/site-packages/airflow/example_dags/example_dynamic_task_mapping_with_no_taskflow_operators.py
[2025-10-14T07:29:05.092+0000] {logging_mixin.py:188} INFO - [2025-10-14T07:29:05.092+0000] {dag.py:3036} INFO - Sync 1 DAGs
[2025-10-14T07:29:05.149+0000] {logging_mixin.py:188} INFO - [2025-10-14T07:29:05.149+0000] {dag.py:3823} INFO - Setting next_dagrun for example_dynamic_task_mapping_with_no_taskflow_operators to 2025-10-13 00:00:00+00:00, run_after=2025-10-14 00:00:00+00:00
[2025-10-14T07:29:05.211+0000] {processor.py:183} INFO - Processing /home/airflow/.local/lib/python3.8/site-packages/airflow/example_dags/example_dynamic_task_mapping_with_no_taskflow_operators.py took 0.198 seconds
[2025-10-14T07:29:38.181+0000] {processor.py:161} INFO - Started process (PID=60745) to work on /home/airflow/.local/lib/python3.8/site-packages/airflow/example_dags/example_dynamic_task_mapping_with_no_taskflow_operators.py
[2025-10-14T07:29:38.183+0000] {processor.py:830} INFO - Processing file /home/airflow/.local/lib/python3.8/site-packages/airflow/example_dags/example_dynamic_task_mapping_with_no_taskflow_operators.py for tasks to queue
[2025-10-14T07:29:38.185+0000] {logging_mixin.py:188} INFO - [2025-10-14T07:29:38.184+0000] {dagbag.py:538} INFO - Filling up the DagBag from /home/airflow/.local/lib/python3.8/site-packages/airflow/example_dags/example_dynamic_task_mapping_with_no_taskflow_operators.py
[2025-10-14T07:29:38.202+0000] {processor.py:840} INFO - DAG(s) 'example_dynamic_task_mapping_with_no_taskflow_operators' retrieved from /home/airflow/.local/lib/python3.8/site-packages/airflow/example_dags/example_dynamic_task_mapping_with_no_taskflow_operators.py
[2025-10-14T07:29:38.254+0000] {logging_mixin.py:188} INFO - [2025-10-14T07:29:38.251+0000] {dag.py:3036} INFO - Sync 1 DAGs
[2025-10-14T07:29:38.303+0000] {logging_mixin.py:188} INFO - [2025-10-14T07:29:38.303+0000] {dag.py:3823} INFO - Setting next_dagrun for example_dynamic_task_mapping_with_no_taskflow_operators to 2025-10-13 00:00:00+00:00, run_after=2025-10-14 00:00:00+00:00
[2025-10-14T07:29:38.342+0000] {processor.py:183} INFO - Processing /home/airflow/.local/lib/python3.8/site-packages/airflow/example_dags/example_dynamic_task_mapping_with_no_taskflow_operators.py took 0.167 seconds
[2025-10-14T07:30:09.830+0000] {processor.py:161} INFO - Started process (PID=60816) to work on /home/airflow/.local/lib/python3.8/site-packages/airflow/example_dags/example_dynamic_task_mapping_with_no_taskflow_operators.py
[2025-10-14T07:30:09.832+0000] {processor.py:830} INFO - Processing file /home/airflow/.local/lib/python3.8/site-packages/airflow/example_dags/example_dynamic_task_mapping_with_no_taskflow_operators.py for tasks to queue
[2025-10-14T07:30:09.834+0000] {logging_mixin.py:188} INFO - [2025-10-14T07:30:09.833+0000] {dagbag.py:538} INFO - Filling up the DagBag from /home/airflow/.local/lib/python3.8/site-packages/airflow/example_dags/example_dynamic_task_mapping_with_no_taskflow_operators.py
[2025-10-14T07:30:09.845+0000] {processor.py:840} INFO - DAG(s) 'example_dynamic_task_mapping_with_no_taskflow_operators' retrieved from /home/airflow/.local/lib/python3.8/site-packages/airflow/example_dags/example_dynamic_task_mapping_with_no_taskflow_operators.py
[2025-10-14T07:30:09.886+0000] {logging_mixin.py:188} INFO - [2025-10-14T07:30:09.885+0000] {dag.py:3036} INFO - Sync 1 DAGs
[2025-10-14T07:30:09.928+0000] {logging_mixin.py:188} INFO - [2025-10-14T07:30:09.928+0000] {dag.py:3823} INFO - Setting next_dagrun for example_dynamic_task_mapping_with_no_taskflow_operators to 2025-10-13 00:00:00+00:00, run_after=2025-10-14 00:00:00+00:00
[2025-10-14T07:30:09.978+0000] {processor.py:183} INFO - Processing /home/airflow/.local/lib/python3.8/site-packages/airflow/example_dags/example_dynamic_task_mapping_with_no_taskflow_operators.py took 0.153 seconds
[2025-10-14T07:30:40.931+0000] {processor.py:161} INFO - Started process (PID=60886) to work on /home/airflow/.local/lib/python3.8/site-packages/airflow/example_dags/example_dynamic_task_mapping_with_no_taskflow_operators.py
[2025-10-14T07:30:40.933+0000] {processor.py:830} INFO - Processing file /home/airflow/.local/lib/python3.8/site-packages/airflow/example_dags/example_dynamic_task_mapping_with_no_taskflow_operators.py for tasks to queue
[2025-10-14T07:30:40.935+0000] {logging_mixin.py:188} INFO - [2025-10-14T07:30:40.934+0000] {dagbag.py:538} INFO - Filling up the DagBag from /home/airflow/.local/lib/python3.8/site-packages/airflow/example_dags/example_dynamic_task_mapping_with_no_taskflow_operators.py
[2025-10-14T07:30:40.948+0000] {processor.py:840} INFO - DAG(s) 'example_dynamic_task_mapping_with_no_taskflow_operators' retrieved from /home/airflow/.local/lib/python3.8/site-packages/airflow/example_dags/example_dynamic_task_mapping_with_no_taskflow_operators.py
[2025-10-14T07:30:41.008+0000] {logging_mixin.py:188} INFO - [2025-10-14T07:30:41.007+0000] {dag.py:3036} INFO - Sync 1 DAGs
[2025-10-14T07:30:41.082+0000] {logging_mixin.py:188} INFO - [2025-10-14T07:30:41.081+0000] {dag.py:3823} INFO - Setting next_dagrun for example_dynamic_task_mapping_with_no_taskflow_operators to 2025-10-13 00:00:00+00:00, run_after=2025-10-14 00:00:00+00:00
[2025-10-14T07:30:41.129+0000] {processor.py:183} INFO - Processing /home/airflow/.local/lib/python3.8/site-packages/airflow/example_dags/example_dynamic_task_mapping_with_no_taskflow_operators.py took 0.204 seconds
[2025-10-14T07:31:11.772+0000] {processor.py:161} INFO - Started process (PID=60956) to work on /home/airflow/.local/lib/python3.8/site-packages/airflow/example_dags/example_dynamic_task_mapping_with_no_taskflow_operators.py
[2025-10-14T07:31:11.773+0000] {processor.py:830} INFO - Processing file /home/airflow/.local/lib/python3.8/site-packages/airflow/example_dags/example_dynamic_task_mapping_with_no_taskflow_operators.py for tasks to queue
[2025-10-14T07:31:11.774+0000] {logging_mixin.py:188} INFO - [2025-10-14T07:31:11.774+0000] {dagbag.py:538} INFO - Filling up the DagBag from /home/airflow/.local/lib/python3.8/site-packages/airflow/example_dags/example_dynamic_task_mapping_with_no_taskflow_operators.py
[2025-10-14T07:31:11.782+0000] {processor.py:840} INFO - DAG(s) 'example_dynamic_task_mapping_with_no_taskflow_operators' retrieved from /home/airflow/.local/lib/python3.8/site-packages/airflow/example_dags/example_dynamic_task_mapping_with_no_taskflow_operators.py
[2025-10-14T07:31:11.815+0000] {logging_mixin.py:188} INFO - [2025-10-14T07:31:11.815+0000] {dag.py:3036} INFO - Sync 1 DAGs
[2025-10-14T07:31:11.855+0000] {logging_mixin.py:188} INFO - [2025-10-14T07:31:11.855+0000] {dag.py:3823} INFO - Setting next_dagrun for example_dynamic_task_mapping_with_no_taskflow_operators to 2025-10-13 00:00:00+00:00, run_after=2025-10-14 00:00:00+00:00
[2025-10-14T07:31:11.876+0000] {processor.py:183} INFO - Processing /home/airflow/.local/lib/python3.8/site-packages/airflow/example_dags/example_dynamic_task_mapping_with_no_taskflow_operators.py took 0.109 seconds
[2025-10-14T07:56:18.120+0000] {processor.py:161} INFO - Started process (PID=61023) to work on /home/airflow/.local/lib/python3.8/site-packages/airflow/example_dags/example_dynamic_task_mapping_with_no_taskflow_operators.py
[2025-10-14T07:56:18.122+0000] {processor.py:830} INFO - Processing file /home/airflow/.local/lib/python3.8/site-packages/airflow/example_dags/example_dynamic_task_mapping_with_no_taskflow_operators.py for tasks to queue
[2025-10-14T07:56:18.124+0000] {logging_mixin.py:188} INFO - [2025-10-14T07:56:18.123+0000] {dagbag.py:538} INFO - Filling up the DagBag from /home/airflow/.local/lib/python3.8/site-packages/airflow/example_dags/example_dynamic_task_mapping_with_no_taskflow_operators.py
[2025-10-14T07:56:18.138+0000] {processor.py:840} INFO - DAG(s) 'example_dynamic_task_mapping_with_no_taskflow_operators' retrieved from /home/airflow/.local/lib/python3.8/site-packages/airflow/example_dags/example_dynamic_task_mapping_with_no_taskflow_operators.py
[2025-10-14T07:56:18.201+0000] {logging_mixin.py:188} INFO - [2025-10-14T07:56:18.201+0000] {dag.py:3036} INFO - Sync 1 DAGs
[2025-10-14T07:56:18.258+0000] {logging_mixin.py:188} INFO - [2025-10-14T07:56:18.257+0000] {dag.py:3823} INFO - Setting next_dagrun for example_dynamic_task_mapping_with_no_taskflow_operators to 2025-10-13 00:00:00+00:00, run_after=2025-10-14 00:00:00+00:00
[2025-10-14T07:56:18.295+0000] {processor.py:183} INFO - Processing /home/airflow/.local/lib/python3.8/site-packages/airflow/example_dags/example_dynamic_task_mapping_with_no_taskflow_operators.py took 0.181 seconds
[2025-10-14T07:56:48.838+0000] {processor.py:161} INFO - Started process (PID=61094) to work on /home/airflow/.local/lib/python3.8/site-packages/airflow/example_dags/example_dynamic_task_mapping_with_no_taskflow_operators.py
[2025-10-14T07:56:48.841+0000] {processor.py:830} INFO - Processing file /home/airflow/.local/lib/python3.8/site-packages/airflow/example_dags/example_dynamic_task_mapping_with_no_taskflow_operators.py for tasks to queue
[2025-10-14T07:56:48.844+0000] {logging_mixin.py:188} INFO - [2025-10-14T07:56:48.843+0000] {dagbag.py:538} INFO - Filling up the DagBag from /home/airflow/.local/lib/python3.8/site-packages/airflow/example_dags/example_dynamic_task_mapping_with_no_taskflow_operators.py
[2025-10-14T07:56:48.865+0000] {processor.py:840} INFO - DAG(s) 'example_dynamic_task_mapping_with_no_taskflow_operators' retrieved from /home/airflow/.local/lib/python3.8/site-packages/airflow/example_dags/example_dynamic_task_mapping_with_no_taskflow_operators.py
[2025-10-14T07:56:48.935+0000] {logging_mixin.py:188} INFO - [2025-10-14T07:56:48.934+0000] {dag.py:3036} INFO - Sync 1 DAGs
[2025-10-14T07:56:48.998+0000] {logging_mixin.py:188} INFO - [2025-10-14T07:56:48.998+0000] {dag.py:3823} INFO - Setting next_dagrun for example_dynamic_task_mapping_with_no_taskflow_operators to 2025-10-13 00:00:00+00:00, run_after=2025-10-14 00:00:00+00:00
[2025-10-14T07:56:49.025+0000] {processor.py:183} INFO - Processing /home/airflow/.local/lib/python3.8/site-packages/airflow/example_dags/example_dynamic_task_mapping_with_no_taskflow_operators.py took 0.195 seconds
[2025-10-14T07:57:19.317+0000] {processor.py:161} INFO - Started process (PID=61164) to work on /home/airflow/.local/lib/python3.8/site-packages/airflow/example_dags/example_dynamic_task_mapping_with_no_taskflow_operators.py
[2025-10-14T07:57:19.318+0000] {processor.py:830} INFO - Processing file /home/airflow/.local/lib/python3.8/site-packages/airflow/example_dags/example_dynamic_task_mapping_with_no_taskflow_operators.py for tasks to queue
[2025-10-14T07:57:19.320+0000] {logging_mixin.py:188} INFO - [2025-10-14T07:57:19.320+0000] {dagbag.py:538} INFO - Filling up the DagBag from /home/airflow/.local/lib/python3.8/site-packages/airflow/example_dags/example_dynamic_task_mapping_with_no_taskflow_operators.py
[2025-10-14T07:57:19.332+0000] {processor.py:840} INFO - DAG(s) 'example_dynamic_task_mapping_with_no_taskflow_operators' retrieved from /home/airflow/.local/lib/python3.8/site-packages/airflow/example_dags/example_dynamic_task_mapping_with_no_taskflow_operators.py
[2025-10-14T07:57:19.377+0000] {logging_mixin.py:188} INFO - [2025-10-14T07:57:19.376+0000] {dag.py:3036} INFO - Sync 1 DAGs
[2025-10-14T07:57:19.424+0000] {logging_mixin.py:188} INFO - [2025-10-14T07:57:19.424+0000] {dag.py:3823} INFO - Setting next_dagrun for example_dynamic_task_mapping_with_no_taskflow_operators to 2025-10-13 00:00:00+00:00, run_after=2025-10-14 00:00:00+00:00
[2025-10-14T07:57:19.455+0000] {processor.py:183} INFO - Processing /home/airflow/.local/lib/python3.8/site-packages/airflow/example_dags/example_dynamic_task_mapping_with_no_taskflow_operators.py took 0.143 seconds
[2025-10-14T07:57:50.160+0000] {processor.py:161} INFO - Started process (PID=61235) to work on /home/airflow/.local/lib/python3.8/site-packages/airflow/example_dags/example_dynamic_task_mapping_with_no_taskflow_operators.py
[2025-10-14T07:57:50.161+0000] {processor.py:830} INFO - Processing file /home/airflow/.local/lib/python3.8/site-packages/airflow/example_dags/example_dynamic_task_mapping_with_no_taskflow_operators.py for tasks to queue
[2025-10-14T07:57:50.163+0000] {logging_mixin.py:188} INFO - [2025-10-14T07:57:50.162+0000] {dagbag.py:538} INFO - Filling up the DagBag from /home/airflow/.local/lib/python3.8/site-packages/airflow/example_dags/example_dynamic_task_mapping_with_no_taskflow_operators.py
[2025-10-14T07:57:50.171+0000] {processor.py:840} INFO - DAG(s) 'example_dynamic_task_mapping_with_no_taskflow_operators' retrieved from /home/airflow/.local/lib/python3.8/site-packages/airflow/example_dags/example_dynamic_task_mapping_with_no_taskflow_operators.py
[2025-10-14T07:57:50.198+0000] {logging_mixin.py:188} INFO - [2025-10-14T07:57:50.197+0000] {dag.py:3036} INFO - Sync 1 DAGs
[2025-10-14T07:57:50.224+0000] {logging_mixin.py:188} INFO - [2025-10-14T07:57:50.223+0000] {dag.py:3823} INFO - Setting next_dagrun for example_dynamic_task_mapping_with_no_taskflow_operators to 2025-10-13 00:00:00+00:00, run_after=2025-10-14 00:00:00+00:00
[2025-10-14T07:57:50.246+0000] {processor.py:183} INFO - Processing /home/airflow/.local/lib/python3.8/site-packages/airflow/example_dags/example_dynamic_task_mapping_with_no_taskflow_operators.py took 0.090 seconds
[2025-10-14T07:58:20.942+0000] {processor.py:161} INFO - Started process (PID=61305) to work on /home/airflow/.local/lib/python3.8/site-packages/airflow/example_dags/example_dynamic_task_mapping_with_no_taskflow_operators.py
[2025-10-14T07:58:20.943+0000] {processor.py:830} INFO - Processing file /home/airflow/.local/lib/python3.8/site-packages/airflow/example_dags/example_dynamic_task_mapping_with_no_taskflow_operators.py for tasks to queue
[2025-10-14T07:58:20.944+0000] {logging_mixin.py:188} INFO - [2025-10-14T07:58:20.944+0000] {dagbag.py:538} INFO - Filling up the DagBag from /home/airflow/.local/lib/python3.8/site-packages/airflow/example_dags/example_dynamic_task_mapping_with_no_taskflow_operators.py
[2025-10-14T07:58:20.953+0000] {processor.py:840} INFO - DAG(s) 'example_dynamic_task_mapping_with_no_taskflow_operators' retrieved from /home/airflow/.local/lib/python3.8/site-packages/airflow/example_dags/example_dynamic_task_mapping_with_no_taskflow_operators.py
[2025-10-14T07:58:20.980+0000] {logging_mixin.py:188} INFO - [2025-10-14T07:58:20.980+0000] {dag.py:3036} INFO - Sync 1 DAGs
[2025-10-14T07:58:21.006+0000] {logging_mixin.py:188} INFO - [2025-10-14T07:58:21.006+0000] {dag.py:3823} INFO - Setting next_dagrun for example_dynamic_task_mapping_with_no_taskflow_operators to 2025-10-13 00:00:00+00:00, run_after=2025-10-14 00:00:00+00:00
[2025-10-14T07:58:21.029+0000] {processor.py:183} INFO - Processing /home/airflow/.local/lib/python3.8/site-packages/airflow/example_dags/example_dynamic_task_mapping_with_no_taskflow_operators.py took 0.091 seconds
[2025-10-14T07:58:51.615+0000] {processor.py:161} INFO - Started process (PID=61375) to work on /home/airflow/.local/lib/python3.8/site-packages/airflow/example_dags/example_dynamic_task_mapping_with_no_taskflow_operators.py
[2025-10-14T07:58:51.616+0000] {processor.py:830} INFO - Processing file /home/airflow/.local/lib/python3.8/site-packages/airflow/example_dags/example_dynamic_task_mapping_with_no_taskflow_operators.py for tasks to queue
[2025-10-14T07:58:51.617+0000] {logging_mixin.py:188} INFO - [2025-10-14T07:58:51.617+0000] {dagbag.py:538} INFO - Filling up the DagBag from /home/airflow/.local/lib/python3.8/site-packages/airflow/example_dags/example_dynamic_task_mapping_with_no_taskflow_operators.py
[2025-10-14T07:58:51.627+0000] {processor.py:840} INFO - DAG(s) 'example_dynamic_task_mapping_with_no_taskflow_operators' retrieved from /home/airflow/.local/lib/python3.8/site-packages/airflow/example_dags/example_dynamic_task_mapping_with_no_taskflow_operators.py
[2025-10-14T07:58:51.654+0000] {logging_mixin.py:188} INFO - [2025-10-14T07:58:51.653+0000] {dag.py:3036} INFO - Sync 1 DAGs
[2025-10-14T07:58:51.680+0000] {logging_mixin.py:188} INFO - [2025-10-14T07:58:51.680+0000] {dag.py:3823} INFO - Setting next_dagrun for example_dynamic_task_mapping_with_no_taskflow_operators to 2025-10-13 00:00:00+00:00, run_after=2025-10-14 00:00:00+00:00
[2025-10-14T07:58:51.703+0000] {processor.py:183} INFO - Processing /home/airflow/.local/lib/python3.8/site-packages/airflow/example_dags/example_dynamic_task_mapping_with_no_taskflow_operators.py took 0.092 seconds
[2025-10-14T07:59:22.267+0000] {processor.py:161} INFO - Started process (PID=61445) to work on /home/airflow/.local/lib/python3.8/site-packages/airflow/example_dags/example_dynamic_task_mapping_with_no_taskflow_operators.py
[2025-10-14T07:59:22.269+0000] {processor.py:830} INFO - Processing file /home/airflow/.local/lib/python3.8/site-packages/airflow/example_dags/example_dynamic_task_mapping_with_no_taskflow_operators.py for tasks to queue
[2025-10-14T07:59:22.271+0000] {logging_mixin.py:188} INFO - [2025-10-14T07:59:22.270+0000] {dagbag.py:538} INFO - Filling up the DagBag from /home/airflow/.local/lib/python3.8/site-packages/airflow/example_dags/example_dynamic_task_mapping_with_no_taskflow_operators.py
[2025-10-14T07:59:22.280+0000] {processor.py:840} INFO - DAG(s) 'example_dynamic_task_mapping_with_no_taskflow_operators' retrieved from /home/airflow/.local/lib/python3.8/site-packages/airflow/example_dags/example_dynamic_task_mapping_with_no_taskflow_operators.py
[2025-10-14T07:59:22.310+0000] {logging_mixin.py:188} INFO - [2025-10-14T07:59:22.310+0000] {dag.py:3036} INFO - Sync 1 DAGs
[2025-10-14T07:59:22.349+0000] {logging_mixin.py:188} INFO - [2025-10-14T07:59:22.349+0000] {dag.py:3823} INFO - Setting next_dagrun for example_dynamic_task_mapping_with_no_taskflow_operators to 2025-10-13 00:00:00+00:00, run_after=2025-10-14 00:00:00+00:00
[2025-10-14T07:59:22.372+0000] {processor.py:183} INFO - Processing /home/airflow/.local/lib/python3.8/site-packages/airflow/example_dags/example_dynamic_task_mapping_with_no_taskflow_operators.py took 0.109 seconds
[2025-10-14T07:59:52.497+0000] {processor.py:161} INFO - Started process (PID=61515) to work on /home/airflow/.local/lib/python3.8/site-packages/airflow/example_dags/example_dynamic_task_mapping_with_no_taskflow_operators.py
[2025-10-14T07:59:52.499+0000] {processor.py:830} INFO - Processing file /home/airflow/.local/lib/python3.8/site-packages/airflow/example_dags/example_dynamic_task_mapping_with_no_taskflow_operators.py for tasks to queue
[2025-10-14T07:59:52.500+0000] {logging_mixin.py:188} INFO - [2025-10-14T07:59:52.500+0000] {dagbag.py:538} INFO - Filling up the DagBag from /home/airflow/.local/lib/python3.8/site-packages/airflow/example_dags/example_dynamic_task_mapping_with_no_taskflow_operators.py
[2025-10-14T07:59:52.508+0000] {processor.py:840} INFO - DAG(s) 'example_dynamic_task_mapping_with_no_taskflow_operators' retrieved from /home/airflow/.local/lib/python3.8/site-packages/airflow/example_dags/example_dynamic_task_mapping_with_no_taskflow_operators.py
[2025-10-14T07:59:52.535+0000] {logging_mixin.py:188} INFO - [2025-10-14T07:59:52.535+0000] {dag.py:3036} INFO - Sync 1 DAGs
[2025-10-14T07:59:52.564+0000] {logging_mixin.py:188} INFO - [2025-10-14T07:59:52.564+0000] {dag.py:3823} INFO - Setting next_dagrun for example_dynamic_task_mapping_with_no_taskflow_operators to 2025-10-13 00:00:00+00:00, run_after=2025-10-14 00:00:00+00:00
[2025-10-14T07:59:52.588+0000] {processor.py:183} INFO - Processing /home/airflow/.local/lib/python3.8/site-packages/airflow/example_dags/example_dynamic_task_mapping_with_no_taskflow_operators.py took 0.095 seconds
[2025-10-14T08:00:23.377+0000] {processor.py:161} INFO - Started process (PID=61585) to work on /home/airflow/.local/lib/python3.8/site-packages/airflow/example_dags/example_dynamic_task_mapping_with_no_taskflow_operators.py
[2025-10-14T08:00:23.378+0000] {processor.py:830} INFO - Processing file /home/airflow/.local/lib/python3.8/site-packages/airflow/example_dags/example_dynamic_task_mapping_with_no_taskflow_operators.py for tasks to queue
[2025-10-14T08:00:23.379+0000] {logging_mixin.py:188} INFO - [2025-10-14T08:00:23.379+0000] {dagbag.py:538} INFO - Filling up the DagBag from /home/airflow/.local/lib/python3.8/site-packages/airflow/example_dags/example_dynamic_task_mapping_with_no_taskflow_operators.py
[2025-10-14T08:00:23.388+0000] {processor.py:840} INFO - DAG(s) 'example_dynamic_task_mapping_with_no_taskflow_operators' retrieved from /home/airflow/.local/lib/python3.8/site-packages/airflow/example_dags/example_dynamic_task_mapping_with_no_taskflow_operators.py
[2025-10-14T08:00:23.406+0000] {logging_mixin.py:188} INFO - [2025-10-14T08:00:23.406+0000] {dag.py:3036} INFO - Sync 1 DAGs
[2025-10-14T08:00:23.431+0000] {logging_mixin.py:188} INFO - [2025-10-14T08:00:23.430+0000] {dag.py:3823} INFO - Setting next_dagrun for example_dynamic_task_mapping_with_no_taskflow_operators to 2025-10-13 00:00:00+00:00, run_after=2025-10-14 00:00:00+00:00
[2025-10-14T08:00:23.454+0000] {processor.py:183} INFO - Processing /home/airflow/.local/lib/python3.8/site-packages/airflow/example_dags/example_dynamic_task_mapping_with_no_taskflow_operators.py took 0.090 seconds
[2025-10-14T08:00:54.694+0000] {processor.py:161} INFO - Started process (PID=61655) to work on /home/airflow/.local/lib/python3.8/site-packages/airflow/example_dags/example_dynamic_task_mapping_with_no_taskflow_operators.py
[2025-10-14T08:00:54.695+0000] {processor.py:830} INFO - Processing file /home/airflow/.local/lib/python3.8/site-packages/airflow/example_dags/example_dynamic_task_mapping_with_no_taskflow_operators.py for tasks to queue
[2025-10-14T08:00:54.697+0000] {logging_mixin.py:188} INFO - [2025-10-14T08:00:54.697+0000] {dagbag.py:538} INFO - Filling up the DagBag from /home/airflow/.local/lib/python3.8/site-packages/airflow/example_dags/example_dynamic_task_mapping_with_no_taskflow_operators.py
[2025-10-14T08:00:54.705+0000] {processor.py:840} INFO - DAG(s) 'example_dynamic_task_mapping_with_no_taskflow_operators' retrieved from /home/airflow/.local/lib/python3.8/site-packages/airflow/example_dags/example_dynamic_task_mapping_with_no_taskflow_operators.py
[2025-10-14T08:00:54.732+0000] {logging_mixin.py:188} INFO - [2025-10-14T08:00:54.731+0000] {dag.py:3036} INFO - Sync 1 DAGs
[2025-10-14T08:00:54.757+0000] {logging_mixin.py:188} INFO - [2025-10-14T08:00:54.757+0000] {dag.py:3823} INFO - Setting next_dagrun for example_dynamic_task_mapping_with_no_taskflow_operators to 2025-10-13 00:00:00+00:00, run_after=2025-10-14 00:00:00+00:00
[2025-10-14T08:00:54.781+0000] {processor.py:183} INFO - Processing /home/airflow/.local/lib/python3.8/site-packages/airflow/example_dags/example_dynamic_task_mapping_with_no_taskflow_operators.py took 0.091 seconds
[2025-10-14T08:01:25.043+0000] {processor.py:161} INFO - Started process (PID=61725) to work on /home/airflow/.local/lib/python3.8/site-packages/airflow/example_dags/example_dynamic_task_mapping_with_no_taskflow_operators.py
[2025-10-14T08:01:25.044+0000] {processor.py:830} INFO - Processing file /home/airflow/.local/lib/python3.8/site-packages/airflow/example_dags/example_dynamic_task_mapping_with_no_taskflow_operators.py for tasks to queue
[2025-10-14T08:01:25.045+0000] {logging_mixin.py:188} INFO - [2025-10-14T08:01:25.045+0000] {dagbag.py:538} INFO - Filling up the DagBag from /home/airflow/.local/lib/python3.8/site-packages/airflow/example_dags/example_dynamic_task_mapping_with_no_taskflow_operators.py
[2025-10-14T08:01:25.053+0000] {processor.py:840} INFO - DAG(s) 'example_dynamic_task_mapping_with_no_taskflow_operators' retrieved from /home/airflow/.local/lib/python3.8/site-packages/airflow/example_dags/example_dynamic_task_mapping_with_no_taskflow_operators.py
[2025-10-14T08:01:25.081+0000] {logging_mixin.py:188} INFO - [2025-10-14T08:01:25.080+0000] {dag.py:3036} INFO - Sync 1 DAGs
[2025-10-14T08:01:25.107+0000] {logging_mixin.py:188} INFO - [2025-10-14T08:01:25.106+0000] {dag.py:3823} INFO - Setting next_dagrun for example_dynamic_task_mapping_with_no_taskflow_operators to 2025-10-13 00:00:00+00:00, run_after=2025-10-14 00:00:00+00:00
[2025-10-14T08:01:25.129+0000] {processor.py:183} INFO - Processing /home/airflow/.local/lib/python3.8/site-packages/airflow/example_dags/example_dynamic_task_mapping_with_no_taskflow_operators.py took 0.091 seconds
[2025-10-14T08:01:55.957+0000] {processor.py:161} INFO - Started process (PID=61792) to work on /home/airflow/.local/lib/python3.8/site-packages/airflow/example_dags/example_dynamic_task_mapping_with_no_taskflow_operators.py
[2025-10-14T08:01:55.958+0000] {processor.py:830} INFO - Processing file /home/airflow/.local/lib/python3.8/site-packages/airflow/example_dags/example_dynamic_task_mapping_with_no_taskflow_operators.py for tasks to queue
[2025-10-14T08:01:55.959+0000] {logging_mixin.py:188} INFO - [2025-10-14T08:01:55.959+0000] {dagbag.py:538} INFO - Filling up the DagBag from /home/airflow/.local/lib/python3.8/site-packages/airflow/example_dags/example_dynamic_task_mapping_with_no_taskflow_operators.py
[2025-10-14T08:01:55.967+0000] {processor.py:840} INFO - DAG(s) 'example_dynamic_task_mapping_with_no_taskflow_operators' retrieved from /home/airflow/.local/lib/python3.8/site-packages/airflow/example_dags/example_dynamic_task_mapping_with_no_taskflow_operators.py
[2025-10-14T08:01:55.995+0000] {logging_mixin.py:188} INFO - [2025-10-14T08:01:55.994+0000] {dag.py:3036} INFO - Sync 1 DAGs
[2025-10-14T08:01:56.020+0000] {logging_mixin.py:188} INFO - [2025-10-14T08:01:56.020+0000] {dag.py:3823} INFO - Setting next_dagrun for example_dynamic_task_mapping_with_no_taskflow_operators to 2025-10-13 00:00:00+00:00, run_after=2025-10-14 00:00:00+00:00
[2025-10-14T08:01:56.042+0000] {processor.py:183} INFO - Processing /home/airflow/.local/lib/python3.8/site-packages/airflow/example_dags/example_dynamic_task_mapping_with_no_taskflow_operators.py took 0.089 seconds
[2025-10-14T08:02:26.939+0000] {processor.py:161} INFO - Started process (PID=61864) to work on /home/airflow/.local/lib/python3.8/site-packages/airflow/example_dags/example_dynamic_task_mapping_with_no_taskflow_operators.py
[2025-10-14T08:02:26.940+0000] {processor.py:830} INFO - Processing file /home/airflow/.local/lib/python3.8/site-packages/airflow/example_dags/example_dynamic_task_mapping_with_no_taskflow_operators.py for tasks to queue
[2025-10-14T08:02:26.942+0000] {logging_mixin.py:188} INFO - [2025-10-14T08:02:26.942+0000] {dagbag.py:538} INFO - Filling up the DagBag from /home/airflow/.local/lib/python3.8/site-packages/airflow/example_dags/example_dynamic_task_mapping_with_no_taskflow_operators.py
[2025-10-14T08:02:26.952+0000] {processor.py:840} INFO - DAG(s) 'example_dynamic_task_mapping_with_no_taskflow_operators' retrieved from /home/airflow/.local/lib/python3.8/site-packages/airflow/example_dags/example_dynamic_task_mapping_with_no_taskflow_operators.py
[2025-10-14T08:02:26.978+0000] {logging_mixin.py:188} INFO - [2025-10-14T08:02:26.978+0000] {dag.py:3036} INFO - Sync 1 DAGs
[2025-10-14T08:02:27.004+0000] {logging_mixin.py:188} INFO - [2025-10-14T08:02:27.003+0000] {dag.py:3823} INFO - Setting next_dagrun for example_dynamic_task_mapping_with_no_taskflow_operators to 2025-10-13 00:00:00+00:00, run_after=2025-10-14 00:00:00+00:00
[2025-10-14T08:02:27.026+0000] {processor.py:183} INFO - Processing /home/airflow/.local/lib/python3.8/site-packages/airflow/example_dags/example_dynamic_task_mapping_with_no_taskflow_operators.py took 0.091 seconds
[2025-10-14T08:02:57.963+0000] {processor.py:161} INFO - Started process (PID=61934) to work on /home/airflow/.local/lib/python3.8/site-packages/airflow/example_dags/example_dynamic_task_mapping_with_no_taskflow_operators.py
[2025-10-14T08:02:57.964+0000] {processor.py:830} INFO - Processing file /home/airflow/.local/lib/python3.8/site-packages/airflow/example_dags/example_dynamic_task_mapping_with_no_taskflow_operators.py for tasks to queue
[2025-10-14T08:02:57.968+0000] {logging_mixin.py:188} INFO - [2025-10-14T08:02:57.967+0000] {dagbag.py:538} INFO - Filling up the DagBag from /home/airflow/.local/lib/python3.8/site-packages/airflow/example_dags/example_dynamic_task_mapping_with_no_taskflow_operators.py
[2025-10-14T08:02:57.977+0000] {processor.py:840} INFO - DAG(s) 'example_dynamic_task_mapping_with_no_taskflow_operators' retrieved from /home/airflow/.local/lib/python3.8/site-packages/airflow/example_dags/example_dynamic_task_mapping_with_no_taskflow_operators.py
[2025-10-14T08:02:58.006+0000] {logging_mixin.py:188} INFO - [2025-10-14T08:02:58.006+0000] {dag.py:3036} INFO - Sync 1 DAGs
[2025-10-14T08:02:58.033+0000] {logging_mixin.py:188} INFO - [2025-10-14T08:02:58.033+0000] {dag.py:3823} INFO - Setting next_dagrun for example_dynamic_task_mapping_with_no_taskflow_operators to 2025-10-13 00:00:00+00:00, run_after=2025-10-14 00:00:00+00:00
[2025-10-14T08:02:58.055+0000] {processor.py:183} INFO - Processing /home/airflow/.local/lib/python3.8/site-packages/airflow/example_dags/example_dynamic_task_mapping_with_no_taskflow_operators.py took 0.096 seconds
[2025-10-14T08:03:29.049+0000] {processor.py:161} INFO - Started process (PID=62004) to work on /home/airflow/.local/lib/python3.8/site-packages/airflow/example_dags/example_dynamic_task_mapping_with_no_taskflow_operators.py
[2025-10-14T08:03:29.050+0000] {processor.py:830} INFO - Processing file /home/airflow/.local/lib/python3.8/site-packages/airflow/example_dags/example_dynamic_task_mapping_with_no_taskflow_operators.py for tasks to queue
[2025-10-14T08:03:29.052+0000] {logging_mixin.py:188} INFO - [2025-10-14T08:03:29.051+0000] {dagbag.py:538} INFO - Filling up the DagBag from /home/airflow/.local/lib/python3.8/site-packages/airflow/example_dags/example_dynamic_task_mapping_with_no_taskflow_operators.py
[2025-10-14T08:03:29.062+0000] {processor.py:840} INFO - DAG(s) 'example_dynamic_task_mapping_with_no_taskflow_operators' retrieved from /home/airflow/.local/lib/python3.8/site-packages/airflow/example_dags/example_dynamic_task_mapping_with_no_taskflow_operators.py
[2025-10-14T08:03:29.097+0000] {logging_mixin.py:188} INFO - [2025-10-14T08:03:29.096+0000] {dag.py:3036} INFO - Sync 1 DAGs
[2025-10-14T08:03:29.130+0000] {logging_mixin.py:188} INFO - [2025-10-14T08:03:29.129+0000] {dag.py:3823} INFO - Setting next_dagrun for example_dynamic_task_mapping_with_no_taskflow_operators to 2025-10-13 00:00:00+00:00, run_after=2025-10-14 00:00:00+00:00
[2025-10-14T08:03:29.161+0000] {processor.py:183} INFO - Processing /home/airflow/.local/lib/python3.8/site-packages/airflow/example_dags/example_dynamic_task_mapping_with_no_taskflow_operators.py took 0.117 seconds
[2025-10-14T08:03:59.311+0000] {processor.py:161} INFO - Started process (PID=62072) to work on /home/airflow/.local/lib/python3.8/site-packages/airflow/example_dags/example_dynamic_task_mapping_with_no_taskflow_operators.py
[2025-10-14T08:03:59.313+0000] {processor.py:830} INFO - Processing file /home/airflow/.local/lib/python3.8/site-packages/airflow/example_dags/example_dynamic_task_mapping_with_no_taskflow_operators.py for tasks to queue
[2025-10-14T08:03:59.314+0000] {logging_mixin.py:188} INFO - [2025-10-14T08:03:59.314+0000] {dagbag.py:538} INFO - Filling up the DagBag from /home/airflow/.local/lib/python3.8/site-packages/airflow/example_dags/example_dynamic_task_mapping_with_no_taskflow_operators.py
[2025-10-14T08:03:59.325+0000] {processor.py:840} INFO - DAG(s) 'example_dynamic_task_mapping_with_no_taskflow_operators' retrieved from /home/airflow/.local/lib/python3.8/site-packages/airflow/example_dags/example_dynamic_task_mapping_with_no_taskflow_operators.py
[2025-10-14T08:03:59.353+0000] {logging_mixin.py:188} INFO - [2025-10-14T08:03:59.352+0000] {dag.py:3036} INFO - Sync 1 DAGs
[2025-10-14T08:03:59.381+0000] {logging_mixin.py:188} INFO - [2025-10-14T08:03:59.381+0000] {dag.py:3823} INFO - Setting next_dagrun for example_dynamic_task_mapping_with_no_taskflow_operators to 2025-10-13 00:00:00+00:00, run_after=2025-10-14 00:00:00+00:00
[2025-10-14T08:03:59.403+0000] {processor.py:183} INFO - Processing /home/airflow/.local/lib/python3.8/site-packages/airflow/example_dags/example_dynamic_task_mapping_with_no_taskflow_operators.py took 0.096 seconds
[2025-10-14T08:04:30.106+0000] {processor.py:161} INFO - Started process (PID=62142) to work on /home/airflow/.local/lib/python3.8/site-packages/airflow/example_dags/example_dynamic_task_mapping_with_no_taskflow_operators.py
[2025-10-14T08:04:30.107+0000] {processor.py:830} INFO - Processing file /home/airflow/.local/lib/python3.8/site-packages/airflow/example_dags/example_dynamic_task_mapping_with_no_taskflow_operators.py for tasks to queue
[2025-10-14T08:04:30.108+0000] {logging_mixin.py:188} INFO - [2025-10-14T08:04:30.108+0000] {dagbag.py:538} INFO - Filling up the DagBag from /home/airflow/.local/lib/python3.8/site-packages/airflow/example_dags/example_dynamic_task_mapping_with_no_taskflow_operators.py
[2025-10-14T08:04:30.116+0000] {processor.py:840} INFO - DAG(s) 'example_dynamic_task_mapping_with_no_taskflow_operators' retrieved from /home/airflow/.local/lib/python3.8/site-packages/airflow/example_dags/example_dynamic_task_mapping_with_no_taskflow_operators.py
[2025-10-14T08:04:30.144+0000] {logging_mixin.py:188} INFO - [2025-10-14T08:04:30.144+0000] {dag.py:3036} INFO - Sync 1 DAGs
[2025-10-14T08:04:30.171+0000] {logging_mixin.py:188} INFO - [2025-10-14T08:04:30.171+0000] {dag.py:3823} INFO - Setting next_dagrun for example_dynamic_task_mapping_with_no_taskflow_operators to 2025-10-13 00:00:00+00:00, run_after=2025-10-14 00:00:00+00:00
[2025-10-14T08:04:30.193+0000] {processor.py:183} INFO - Processing /home/airflow/.local/lib/python3.8/site-packages/airflow/example_dags/example_dynamic_task_mapping_with_no_taskflow_operators.py took 0.092 seconds
[2025-10-14T08:05:00.762+0000] {processor.py:161} INFO - Started process (PID=62212) to work on /home/airflow/.local/lib/python3.8/site-packages/airflow/example_dags/example_dynamic_task_mapping_with_no_taskflow_operators.py
[2025-10-14T08:05:00.763+0000] {processor.py:830} INFO - Processing file /home/airflow/.local/lib/python3.8/site-packages/airflow/example_dags/example_dynamic_task_mapping_with_no_taskflow_operators.py for tasks to queue
[2025-10-14T08:05:00.764+0000] {logging_mixin.py:188} INFO - [2025-10-14T08:05:00.764+0000] {dagbag.py:538} INFO - Filling up the DagBag from /home/airflow/.local/lib/python3.8/site-packages/airflow/example_dags/example_dynamic_task_mapping_with_no_taskflow_operators.py
[2025-10-14T08:05:00.772+0000] {processor.py:840} INFO - DAG(s) 'example_dynamic_task_mapping_with_no_taskflow_operators' retrieved from /home/airflow/.local/lib/python3.8/site-packages/airflow/example_dags/example_dynamic_task_mapping_with_no_taskflow_operators.py
[2025-10-14T08:05:00.800+0000] {logging_mixin.py:188} INFO - [2025-10-14T08:05:00.800+0000] {dag.py:3036} INFO - Sync 1 DAGs
[2025-10-14T08:05:00.827+0000] {logging_mixin.py:188} INFO - [2025-10-14T08:05:00.827+0000] {dag.py:3823} INFO - Setting next_dagrun for example_dynamic_task_mapping_with_no_taskflow_operators to 2025-10-13 00:00:00+00:00, run_after=2025-10-14 00:00:00+00:00
[2025-10-14T08:05:00.851+0000] {processor.py:183} INFO - Processing /home/airflow/.local/lib/python3.8/site-packages/airflow/example_dags/example_dynamic_task_mapping_with_no_taskflow_operators.py took 0.094 seconds
[2025-10-14T08:05:31.253+0000] {processor.py:161} INFO - Started process (PID=62282) to work on /home/airflow/.local/lib/python3.8/site-packages/airflow/example_dags/example_dynamic_task_mapping_with_no_taskflow_operators.py
[2025-10-14T08:05:31.254+0000] {processor.py:830} INFO - Processing file /home/airflow/.local/lib/python3.8/site-packages/airflow/example_dags/example_dynamic_task_mapping_with_no_taskflow_operators.py for tasks to queue
[2025-10-14T08:05:31.255+0000] {logging_mixin.py:188} INFO - [2025-10-14T08:05:31.255+0000] {dagbag.py:538} INFO - Filling up the DagBag from /home/airflow/.local/lib/python3.8/site-packages/airflow/example_dags/example_dynamic_task_mapping_with_no_taskflow_operators.py
[2025-10-14T08:05:31.263+0000] {processor.py:840} INFO - DAG(s) 'example_dynamic_task_mapping_with_no_taskflow_operators' retrieved from /home/airflow/.local/lib/python3.8/site-packages/airflow/example_dags/example_dynamic_task_mapping_with_no_taskflow_operators.py
[2025-10-14T08:05:31.292+0000] {logging_mixin.py:188} INFO - [2025-10-14T08:05:31.291+0000] {dag.py:3036} INFO - Sync 1 DAGs
[2025-10-14T08:05:31.317+0000] {logging_mixin.py:188} INFO - [2025-10-14T08:05:31.317+0000] {dag.py:3823} INFO - Setting next_dagrun for example_dynamic_task_mapping_with_no_taskflow_operators to 2025-10-13 00:00:00+00:00, run_after=2025-10-14 00:00:00+00:00
[2025-10-14T08:05:31.341+0000] {processor.py:183} INFO - Processing /home/airflow/.local/lib/python3.8/site-packages/airflow/example_dags/example_dynamic_task_mapping_with_no_taskflow_operators.py took 0.092 seconds
[2025-10-14T08:06:01.843+0000] {processor.py:161} INFO - Started process (PID=62352) to work on /home/airflow/.local/lib/python3.8/site-packages/airflow/example_dags/example_dynamic_task_mapping_with_no_taskflow_operators.py
[2025-10-14T08:06:01.844+0000] {processor.py:830} INFO - Processing file /home/airflow/.local/lib/python3.8/site-packages/airflow/example_dags/example_dynamic_task_mapping_with_no_taskflow_operators.py for tasks to queue
[2025-10-14T08:06:01.845+0000] {logging_mixin.py:188} INFO - [2025-10-14T08:06:01.845+0000] {dagbag.py:538} INFO - Filling up the DagBag from /home/airflow/.local/lib/python3.8/site-packages/airflow/example_dags/example_dynamic_task_mapping_with_no_taskflow_operators.py
[2025-10-14T08:06:01.853+0000] {processor.py:840} INFO - DAG(s) 'example_dynamic_task_mapping_with_no_taskflow_operators' retrieved from /home/airflow/.local/lib/python3.8/site-packages/airflow/example_dags/example_dynamic_task_mapping_with_no_taskflow_operators.py
[2025-10-14T08:06:01.881+0000] {logging_mixin.py:188} INFO - [2025-10-14T08:06:01.881+0000] {dag.py:3036} INFO - Sync 1 DAGs
[2025-10-14T08:06:01.907+0000] {logging_mixin.py:188} INFO - [2025-10-14T08:06:01.907+0000] {dag.py:3823} INFO - Setting next_dagrun for example_dynamic_task_mapping_with_no_taskflow_operators to 2025-10-13 00:00:00+00:00, run_after=2025-10-14 00:00:00+00:00
[2025-10-14T08:06:01.930+0000] {processor.py:183} INFO - Processing /home/airflow/.local/lib/python3.8/site-packages/airflow/example_dags/example_dynamic_task_mapping_with_no_taskflow_operators.py took 0.091 seconds
[2025-10-14T08:06:32.784+0000] {processor.py:161} INFO - Started process (PID=62422) to work on /home/airflow/.local/lib/python3.8/site-packages/airflow/example_dags/example_dynamic_task_mapping_with_no_taskflow_operators.py
[2025-10-14T08:06:32.786+0000] {processor.py:830} INFO - Processing file /home/airflow/.local/lib/python3.8/site-packages/airflow/example_dags/example_dynamic_task_mapping_with_no_taskflow_operators.py for tasks to queue
[2025-10-14T08:06:32.787+0000] {logging_mixin.py:188} INFO - [2025-10-14T08:06:32.786+0000] {dagbag.py:538} INFO - Filling up the DagBag from /home/airflow/.local/lib/python3.8/site-packages/airflow/example_dags/example_dynamic_task_mapping_with_no_taskflow_operators.py
[2025-10-14T08:06:32.795+0000] {processor.py:840} INFO - DAG(s) 'example_dynamic_task_mapping_with_no_taskflow_operators' retrieved from /home/airflow/.local/lib/python3.8/site-packages/airflow/example_dags/example_dynamic_task_mapping_with_no_taskflow_operators.py
[2025-10-14T08:06:32.822+0000] {logging_mixin.py:188} INFO - [2025-10-14T08:06:32.822+0000] {dag.py:3036} INFO - Sync 1 DAGs
[2025-10-14T08:06:32.848+0000] {logging_mixin.py:188} INFO - [2025-10-14T08:06:32.847+0000] {dag.py:3823} INFO - Setting next_dagrun for example_dynamic_task_mapping_with_no_taskflow_operators to 2025-10-13 00:00:00+00:00, run_after=2025-10-14 00:00:00+00:00
[2025-10-14T08:06:32.872+0000] {processor.py:183} INFO - Processing /home/airflow/.local/lib/python3.8/site-packages/airflow/example_dags/example_dynamic_task_mapping_with_no_taskflow_operators.py took 0.091 seconds
[2025-10-14T08:07:03.567+0000] {processor.py:161} INFO - Started process (PID=62498) to work on /home/airflow/.local/lib/python3.8/site-packages/airflow/example_dags/example_dynamic_task_mapping_with_no_taskflow_operators.py
[2025-10-14T08:07:03.569+0000] {processor.py:830} INFO - Processing file /home/airflow/.local/lib/python3.8/site-packages/airflow/example_dags/example_dynamic_task_mapping_with_no_taskflow_operators.py for tasks to queue
[2025-10-14T08:07:03.570+0000] {logging_mixin.py:188} INFO - [2025-10-14T08:07:03.570+0000] {dagbag.py:538} INFO - Filling up the DagBag from /home/airflow/.local/lib/python3.8/site-packages/airflow/example_dags/example_dynamic_task_mapping_with_no_taskflow_operators.py
[2025-10-14T08:07:03.578+0000] {processor.py:840} INFO - DAG(s) 'example_dynamic_task_mapping_with_no_taskflow_operators' retrieved from /home/airflow/.local/lib/python3.8/site-packages/airflow/example_dags/example_dynamic_task_mapping_with_no_taskflow_operators.py
[2025-10-14T08:07:03.605+0000] {logging_mixin.py:188} INFO - [2025-10-14T08:07:03.605+0000] {dag.py:3036} INFO - Sync 1 DAGs
[2025-10-14T08:07:03.630+0000] {logging_mixin.py:188} INFO - [2025-10-14T08:07:03.630+0000] {dag.py:3823} INFO - Setting next_dagrun for example_dynamic_task_mapping_with_no_taskflow_operators to 2025-10-13 00:00:00+00:00, run_after=2025-10-14 00:00:00+00:00
[2025-10-14T08:07:03.652+0000] {processor.py:183} INFO - Processing /home/airflow/.local/lib/python3.8/site-packages/airflow/example_dags/example_dynamic_task_mapping_with_no_taskflow_operators.py took 0.089 seconds
[2025-10-14T08:07:34.578+0000] {processor.py:161} INFO - Started process (PID=62567) to work on /home/airflow/.local/lib/python3.8/site-packages/airflow/example_dags/example_dynamic_task_mapping_with_no_taskflow_operators.py
[2025-10-14T08:07:34.579+0000] {processor.py:830} INFO - Processing file /home/airflow/.local/lib/python3.8/site-packages/airflow/example_dags/example_dynamic_task_mapping_with_no_taskflow_operators.py for tasks to queue
[2025-10-14T08:07:34.581+0000] {logging_mixin.py:188} INFO - [2025-10-14T08:07:34.580+0000] {dagbag.py:538} INFO - Filling up the DagBag from /home/airflow/.local/lib/python3.8/site-packages/airflow/example_dags/example_dynamic_task_mapping_with_no_taskflow_operators.py
[2025-10-14T08:07:34.591+0000] {processor.py:840} INFO - DAG(s) 'example_dynamic_task_mapping_with_no_taskflow_operators' retrieved from /home/airflow/.local/lib/python3.8/site-packages/airflow/example_dags/example_dynamic_task_mapping_with_no_taskflow_operators.py
[2025-10-14T08:07:34.618+0000] {logging_mixin.py:188} INFO - [2025-10-14T08:07:34.617+0000] {dag.py:3036} INFO - Sync 1 DAGs
[2025-10-14T08:07:34.642+0000] {logging_mixin.py:188} INFO - [2025-10-14T08:07:34.642+0000] {dag.py:3823} INFO - Setting next_dagrun for example_dynamic_task_mapping_with_no_taskflow_operators to 2025-10-13 00:00:00+00:00, run_after=2025-10-14 00:00:00+00:00
[2025-10-14T08:07:34.667+0000] {processor.py:183} INFO - Processing /home/airflow/.local/lib/python3.8/site-packages/airflow/example_dags/example_dynamic_task_mapping_with_no_taskflow_operators.py took 0.093 seconds
[2025-10-14T08:08:05.408+0000] {processor.py:161} INFO - Started process (PID=62637) to work on /home/airflow/.local/lib/python3.8/site-packages/airflow/example_dags/example_dynamic_task_mapping_with_no_taskflow_operators.py
[2025-10-14T08:08:05.410+0000] {processor.py:830} INFO - Processing file /home/airflow/.local/lib/python3.8/site-packages/airflow/example_dags/example_dynamic_task_mapping_with_no_taskflow_operators.py for tasks to queue
[2025-10-14T08:08:05.412+0000] {logging_mixin.py:188} INFO - [2025-10-14T08:08:05.411+0000] {dagbag.py:538} INFO - Filling up the DagBag from /home/airflow/.local/lib/python3.8/site-packages/airflow/example_dags/example_dynamic_task_mapping_with_no_taskflow_operators.py
[2025-10-14T08:08:05.422+0000] {processor.py:840} INFO - DAG(s) 'example_dynamic_task_mapping_with_no_taskflow_operators' retrieved from /home/airflow/.local/lib/python3.8/site-packages/airflow/example_dags/example_dynamic_task_mapping_with_no_taskflow_operators.py
[2025-10-14T08:08:05.457+0000] {logging_mixin.py:188} INFO - [2025-10-14T08:08:05.456+0000] {dag.py:3036} INFO - Sync 1 DAGs
[2025-10-14T08:08:05.486+0000] {logging_mixin.py:188} INFO - [2025-10-14T08:08:05.486+0000] {dag.py:3823} INFO - Setting next_dagrun for example_dynamic_task_mapping_with_no_taskflow_operators to 2025-10-13 00:00:00+00:00, run_after=2025-10-14 00:00:00+00:00
[2025-10-14T08:08:05.509+0000] {processor.py:183} INFO - Processing /home/airflow/.local/lib/python3.8/site-packages/airflow/example_dags/example_dynamic_task_mapping_with_no_taskflow_operators.py took 0.105 seconds
[2025-10-14T08:08:36.374+0000] {processor.py:161} INFO - Started process (PID=62707) to work on /home/airflow/.local/lib/python3.8/site-packages/airflow/example_dags/example_dynamic_task_mapping_with_no_taskflow_operators.py
[2025-10-14T08:08:36.376+0000] {processor.py:830} INFO - Processing file /home/airflow/.local/lib/python3.8/site-packages/airflow/example_dags/example_dynamic_task_mapping_with_no_taskflow_operators.py for tasks to queue
[2025-10-14T08:08:36.377+0000] {logging_mixin.py:188} INFO - [2025-10-14T08:08:36.377+0000] {dagbag.py:538} INFO - Filling up the DagBag from /home/airflow/.local/lib/python3.8/site-packages/airflow/example_dags/example_dynamic_task_mapping_with_no_taskflow_operators.py
[2025-10-14T08:08:36.385+0000] {processor.py:840} INFO - DAG(s) 'example_dynamic_task_mapping_with_no_taskflow_operators' retrieved from /home/airflow/.local/lib/python3.8/site-packages/airflow/example_dags/example_dynamic_task_mapping_with_no_taskflow_operators.py
[2025-10-14T08:08:36.415+0000] {logging_mixin.py:188} INFO - [2025-10-14T08:08:36.415+0000] {dag.py:3036} INFO - Sync 1 DAGs
[2025-10-14T08:08:36.441+0000] {logging_mixin.py:188} INFO - [2025-10-14T08:08:36.440+0000] {dag.py:3823} INFO - Setting next_dagrun for example_dynamic_task_mapping_with_no_taskflow_operators to 2025-10-13 00:00:00+00:00, run_after=2025-10-14 00:00:00+00:00
[2025-10-14T08:08:36.465+0000] {processor.py:183} INFO - Processing /home/airflow/.local/lib/python3.8/site-packages/airflow/example_dags/example_dynamic_task_mapping_with_no_taskflow_operators.py took 0.094 seconds
[2025-10-14T08:09:07.257+0000] {processor.py:161} INFO - Started process (PID=62778) to work on /home/airflow/.local/lib/python3.8/site-packages/airflow/example_dags/example_dynamic_task_mapping_with_no_taskflow_operators.py
[2025-10-14T08:09:07.260+0000] {processor.py:830} INFO - Processing file /home/airflow/.local/lib/python3.8/site-packages/airflow/example_dags/example_dynamic_task_mapping_with_no_taskflow_operators.py for tasks to queue
[2025-10-14T08:09:07.262+0000] {logging_mixin.py:188} INFO - [2025-10-14T08:09:07.261+0000] {dagbag.py:538} INFO - Filling up the DagBag from /home/airflow/.local/lib/python3.8/site-packages/airflow/example_dags/example_dynamic_task_mapping_with_no_taskflow_operators.py
[2025-10-14T08:09:07.274+0000] {processor.py:840} INFO - DAG(s) 'example_dynamic_task_mapping_with_no_taskflow_operators' retrieved from /home/airflow/.local/lib/python3.8/site-packages/airflow/example_dags/example_dynamic_task_mapping_with_no_taskflow_operators.py
[2025-10-14T08:09:07.309+0000] {logging_mixin.py:188} INFO - [2025-10-14T08:09:07.309+0000] {dag.py:3036} INFO - Sync 1 DAGs
[2025-10-14T08:09:07.337+0000] {logging_mixin.py:188} INFO - [2025-10-14T08:09:07.337+0000] {dag.py:3823} INFO - Setting next_dagrun for example_dynamic_task_mapping_with_no_taskflow_operators to 2025-10-13 00:00:00+00:00, run_after=2025-10-14 00:00:00+00:00
[2025-10-14T08:09:07.359+0000] {processor.py:183} INFO - Processing /home/airflow/.local/lib/python3.8/site-packages/airflow/example_dags/example_dynamic_task_mapping_with_no_taskflow_operators.py took 0.106 seconds
[2025-10-14T08:09:38.327+0000] {processor.py:161} INFO - Started process (PID=62847) to work on /home/airflow/.local/lib/python3.8/site-packages/airflow/example_dags/example_dynamic_task_mapping_with_no_taskflow_operators.py
[2025-10-14T08:09:38.328+0000] {processor.py:830} INFO - Processing file /home/airflow/.local/lib/python3.8/site-packages/airflow/example_dags/example_dynamic_task_mapping_with_no_taskflow_operators.py for tasks to queue
[2025-10-14T08:09:38.330+0000] {logging_mixin.py:188} INFO - [2025-10-14T08:09:38.330+0000] {dagbag.py:538} INFO - Filling up the DagBag from /home/airflow/.local/lib/python3.8/site-packages/airflow/example_dags/example_dynamic_task_mapping_with_no_taskflow_operators.py
[2025-10-14T08:09:38.338+0000] {processor.py:840} INFO - DAG(s) 'example_dynamic_task_mapping_with_no_taskflow_operators' retrieved from /home/airflow/.local/lib/python3.8/site-packages/airflow/example_dags/example_dynamic_task_mapping_with_no_taskflow_operators.py
[2025-10-14T08:09:38.365+0000] {logging_mixin.py:188} INFO - [2025-10-14T08:09:38.365+0000] {dag.py:3036} INFO - Sync 1 DAGs
[2025-10-14T08:09:38.390+0000] {logging_mixin.py:188} INFO - [2025-10-14T08:09:38.389+0000] {dag.py:3823} INFO - Setting next_dagrun for example_dynamic_task_mapping_with_no_taskflow_operators to 2025-10-13 00:00:00+00:00, run_after=2025-10-14 00:00:00+00:00
[2025-10-14T08:09:38.414+0000] {processor.py:183} INFO - Processing /home/airflow/.local/lib/python3.8/site-packages/airflow/example_dags/example_dynamic_task_mapping_with_no_taskflow_operators.py took 0.091 seconds
[2025-10-14T08:10:09.241+0000] {processor.py:161} INFO - Started process (PID=62917) to work on /home/airflow/.local/lib/python3.8/site-packages/airflow/example_dags/example_dynamic_task_mapping_with_no_taskflow_operators.py
[2025-10-14T08:10:09.242+0000] {processor.py:830} INFO - Processing file /home/airflow/.local/lib/python3.8/site-packages/airflow/example_dags/example_dynamic_task_mapping_with_no_taskflow_operators.py for tasks to queue
[2025-10-14T08:10:09.244+0000] {logging_mixin.py:188} INFO - [2025-10-14T08:10:09.243+0000] {dagbag.py:538} INFO - Filling up the DagBag from /home/airflow/.local/lib/python3.8/site-packages/airflow/example_dags/example_dynamic_task_mapping_with_no_taskflow_operators.py
[2025-10-14T08:10:09.253+0000] {processor.py:840} INFO - DAG(s) 'example_dynamic_task_mapping_with_no_taskflow_operators' retrieved from /home/airflow/.local/lib/python3.8/site-packages/airflow/example_dags/example_dynamic_task_mapping_with_no_taskflow_operators.py
[2025-10-14T08:10:09.285+0000] {logging_mixin.py:188} INFO - [2025-10-14T08:10:09.284+0000] {dag.py:3036} INFO - Sync 1 DAGs
[2025-10-14T08:10:09.313+0000] {logging_mixin.py:188} INFO - [2025-10-14T08:10:09.313+0000] {dag.py:3823} INFO - Setting next_dagrun for example_dynamic_task_mapping_with_no_taskflow_operators to 2025-10-13 00:00:00+00:00, run_after=2025-10-14 00:00:00+00:00
[2025-10-14T08:10:09.338+0000] {processor.py:183} INFO - Processing /home/airflow/.local/lib/python3.8/site-packages/airflow/example_dags/example_dynamic_task_mapping_with_no_taskflow_operators.py took 0.102 seconds
[2025-10-14T08:10:40.126+0000] {processor.py:161} INFO - Started process (PID=62987) to work on /home/airflow/.local/lib/python3.8/site-packages/airflow/example_dags/example_dynamic_task_mapping_with_no_taskflow_operators.py
[2025-10-14T08:10:40.127+0000] {processor.py:830} INFO - Processing file /home/airflow/.local/lib/python3.8/site-packages/airflow/example_dags/example_dynamic_task_mapping_with_no_taskflow_operators.py for tasks to queue
[2025-10-14T08:10:40.129+0000] {logging_mixin.py:188} INFO - [2025-10-14T08:10:40.128+0000] {dagbag.py:538} INFO - Filling up the DagBag from /home/airflow/.local/lib/python3.8/site-packages/airflow/example_dags/example_dynamic_task_mapping_with_no_taskflow_operators.py
[2025-10-14T08:10:40.137+0000] {processor.py:840} INFO - DAG(s) 'example_dynamic_task_mapping_with_no_taskflow_operators' retrieved from /home/airflow/.local/lib/python3.8/site-packages/airflow/example_dags/example_dynamic_task_mapping_with_no_taskflow_operators.py
[2025-10-14T08:10:40.167+0000] {logging_mixin.py:188} INFO - [2025-10-14T08:10:40.166+0000] {dag.py:3036} INFO - Sync 1 DAGs
[2025-10-14T08:10:40.194+0000] {logging_mixin.py:188} INFO - [2025-10-14T08:10:40.194+0000] {dag.py:3823} INFO - Setting next_dagrun for example_dynamic_task_mapping_with_no_taskflow_operators to 2025-10-13 00:00:00+00:00, run_after=2025-10-14 00:00:00+00:00
[2025-10-14T08:10:40.219+0000] {processor.py:183} INFO - Processing /home/airflow/.local/lib/python3.8/site-packages/airflow/example_dags/example_dynamic_task_mapping_with_no_taskflow_operators.py took 0.096 seconds
[2025-10-14T08:11:11.133+0000] {processor.py:161} INFO - Started process (PID=63057) to work on /home/airflow/.local/lib/python3.8/site-packages/airflow/example_dags/example_dynamic_task_mapping_with_no_taskflow_operators.py
[2025-10-14T08:11:11.135+0000] {processor.py:830} INFO - Processing file /home/airflow/.local/lib/python3.8/site-packages/airflow/example_dags/example_dynamic_task_mapping_with_no_taskflow_operators.py for tasks to queue
[2025-10-14T08:11:11.136+0000] {logging_mixin.py:188} INFO - [2025-10-14T08:11:11.136+0000] {dagbag.py:538} INFO - Filling up the DagBag from /home/airflow/.local/lib/python3.8/site-packages/airflow/example_dags/example_dynamic_task_mapping_with_no_taskflow_operators.py
[2025-10-14T08:11:11.144+0000] {processor.py:840} INFO - DAG(s) 'example_dynamic_task_mapping_with_no_taskflow_operators' retrieved from /home/airflow/.local/lib/python3.8/site-packages/airflow/example_dags/example_dynamic_task_mapping_with_no_taskflow_operators.py
[2025-10-14T08:11:11.173+0000] {logging_mixin.py:188} INFO - [2025-10-14T08:11:11.173+0000] {dag.py:3036} INFO - Sync 1 DAGs
[2025-10-14T08:11:11.199+0000] {logging_mixin.py:188} INFO - [2025-10-14T08:11:11.199+0000] {dag.py:3823} INFO - Setting next_dagrun for example_dynamic_task_mapping_with_no_taskflow_operators to 2025-10-13 00:00:00+00:00, run_after=2025-10-14 00:00:00+00:00
[2025-10-14T08:11:11.223+0000] {processor.py:183} INFO - Processing /home/airflow/.local/lib/python3.8/site-packages/airflow/example_dags/example_dynamic_task_mapping_with_no_taskflow_operators.py took 0.094 seconds
[2025-10-14T08:11:42.267+0000] {processor.py:161} INFO - Started process (PID=63127) to work on /home/airflow/.local/lib/python3.8/site-packages/airflow/example_dags/example_dynamic_task_mapping_with_no_taskflow_operators.py
[2025-10-14T08:11:42.268+0000] {processor.py:830} INFO - Processing file /home/airflow/.local/lib/python3.8/site-packages/airflow/example_dags/example_dynamic_task_mapping_with_no_taskflow_operators.py for tasks to queue
[2025-10-14T08:11:42.269+0000] {logging_mixin.py:188} INFO - [2025-10-14T08:11:42.269+0000] {dagbag.py:538} INFO - Filling up the DagBag from /home/airflow/.local/lib/python3.8/site-packages/airflow/example_dags/example_dynamic_task_mapping_with_no_taskflow_operators.py
[2025-10-14T08:11:42.279+0000] {processor.py:840} INFO - DAG(s) 'example_dynamic_task_mapping_with_no_taskflow_operators' retrieved from /home/airflow/.local/lib/python3.8/site-packages/airflow/example_dags/example_dynamic_task_mapping_with_no_taskflow_operators.py
[2025-10-14T08:11:42.307+0000] {logging_mixin.py:188} INFO - [2025-10-14T08:11:42.306+0000] {dag.py:3036} INFO - Sync 1 DAGs
[2025-10-14T08:11:42.332+0000] {logging_mixin.py:188} INFO - [2025-10-14T08:11:42.332+0000] {dag.py:3823} INFO - Setting next_dagrun for example_dynamic_task_mapping_with_no_taskflow_operators to 2025-10-13 00:00:00+00:00, run_after=2025-10-14 00:00:00+00:00
[2025-10-14T08:11:42.356+0000] {processor.py:183} INFO - Processing /home/airflow/.local/lib/python3.8/site-packages/airflow/example_dags/example_dynamic_task_mapping_with_no_taskflow_operators.py took 0.093 seconds
[2025-10-14T08:12:13.095+0000] {processor.py:161} INFO - Started process (PID=63197) to work on /home/airflow/.local/lib/python3.8/site-packages/airflow/example_dags/example_dynamic_task_mapping_with_no_taskflow_operators.py
[2025-10-14T08:12:13.096+0000] {processor.py:830} INFO - Processing file /home/airflow/.local/lib/python3.8/site-packages/airflow/example_dags/example_dynamic_task_mapping_with_no_taskflow_operators.py for tasks to queue
[2025-10-14T08:12:13.097+0000] {logging_mixin.py:188} INFO - [2025-10-14T08:12:13.097+0000] {dagbag.py:538} INFO - Filling up the DagBag from /home/airflow/.local/lib/python3.8/site-packages/airflow/example_dags/example_dynamic_task_mapping_with_no_taskflow_operators.py
[2025-10-14T08:12:13.106+0000] {processor.py:840} INFO - DAG(s) 'example_dynamic_task_mapping_with_no_taskflow_operators' retrieved from /home/airflow/.local/lib/python3.8/site-packages/airflow/example_dags/example_dynamic_task_mapping_with_no_taskflow_operators.py
[2025-10-14T08:12:13.133+0000] {logging_mixin.py:188} INFO - [2025-10-14T08:12:13.133+0000] {dag.py:3036} INFO - Sync 1 DAGs
[2025-10-14T08:12:13.158+0000] {logging_mixin.py:188} INFO - [2025-10-14T08:12:13.157+0000] {dag.py:3823} INFO - Setting next_dagrun for example_dynamic_task_mapping_with_no_taskflow_operators to 2025-10-13 00:00:00+00:00, run_after=2025-10-14 00:00:00+00:00
[2025-10-14T08:12:13.179+0000] {processor.py:183} INFO - Processing /home/airflow/.local/lib/python3.8/site-packages/airflow/example_dags/example_dynamic_task_mapping_with_no_taskflow_operators.py took 0.088 seconds
[2025-10-14T08:12:44.855+0000] {processor.py:161} INFO - Started process (PID=63267) to work on /home/airflow/.local/lib/python3.8/site-packages/airflow/example_dags/example_dynamic_task_mapping_with_no_taskflow_operators.py
[2025-10-14T08:12:44.857+0000] {processor.py:830} INFO - Processing file /home/airflow/.local/lib/python3.8/site-packages/airflow/example_dags/example_dynamic_task_mapping_with_no_taskflow_operators.py for tasks to queue
[2025-10-14T08:12:44.859+0000] {logging_mixin.py:188} INFO - [2025-10-14T08:12:44.858+0000] {dagbag.py:538} INFO - Filling up the DagBag from /home/airflow/.local/lib/python3.8/site-packages/airflow/example_dags/example_dynamic_task_mapping_with_no_taskflow_operators.py
[2025-10-14T08:12:44.869+0000] {processor.py:840} INFO - DAG(s) 'example_dynamic_task_mapping_with_no_taskflow_operators' retrieved from /home/airflow/.local/lib/python3.8/site-packages/airflow/example_dags/example_dynamic_task_mapping_with_no_taskflow_operators.py
[2025-10-14T08:12:44.906+0000] {logging_mixin.py:188} INFO - [2025-10-14T08:12:44.905+0000] {dag.py:3036} INFO - Sync 1 DAGs
[2025-10-14T08:12:44.976+0000] {logging_mixin.py:188} INFO - [2025-10-14T08:12:44.976+0000] {dag.py:3823} INFO - Setting next_dagrun for example_dynamic_task_mapping_with_no_taskflow_operators to 2025-10-13 00:00:00+00:00, run_after=2025-10-14 00:00:00+00:00
[2025-10-14T08:12:45.041+0000] {processor.py:183} INFO - Processing /home/airflow/.local/lib/python3.8/site-packages/airflow/example_dags/example_dynamic_task_mapping_with_no_taskflow_operators.py took 0.189 seconds
[2025-10-14T08:13:15.940+0000] {processor.py:161} INFO - Started process (PID=63337) to work on /home/airflow/.local/lib/python3.8/site-packages/airflow/example_dags/example_dynamic_task_mapping_with_no_taskflow_operators.py
[2025-10-14T08:13:15.942+0000] {processor.py:830} INFO - Processing file /home/airflow/.local/lib/python3.8/site-packages/airflow/example_dags/example_dynamic_task_mapping_with_no_taskflow_operators.py for tasks to queue
[2025-10-14T08:13:15.944+0000] {logging_mixin.py:188} INFO - [2025-10-14T08:13:15.943+0000] {dagbag.py:538} INFO - Filling up the DagBag from /home/airflow/.local/lib/python3.8/site-packages/airflow/example_dags/example_dynamic_task_mapping_with_no_taskflow_operators.py
[2025-10-14T08:13:15.953+0000] {processor.py:840} INFO - DAG(s) 'example_dynamic_task_mapping_with_no_taskflow_operators' retrieved from /home/airflow/.local/lib/python3.8/site-packages/airflow/example_dags/example_dynamic_task_mapping_with_no_taskflow_operators.py
[2025-10-14T08:13:15.999+0000] {logging_mixin.py:188} INFO - [2025-10-14T08:13:15.998+0000] {dag.py:3036} INFO - Sync 1 DAGs
[2025-10-14T08:13:16.041+0000] {logging_mixin.py:188} INFO - [2025-10-14T08:13:16.041+0000] {dag.py:3823} INFO - Setting next_dagrun for example_dynamic_task_mapping_with_no_taskflow_operators to 2025-10-13 00:00:00+00:00, run_after=2025-10-14 00:00:00+00:00
[2025-10-14T08:13:16.068+0000] {processor.py:183} INFO - Processing /home/airflow/.local/lib/python3.8/site-packages/airflow/example_dags/example_dynamic_task_mapping_with_no_taskflow_operators.py took 0.133 seconds
[2025-10-14T08:13:46.623+0000] {processor.py:161} INFO - Started process (PID=63407) to work on /home/airflow/.local/lib/python3.8/site-packages/airflow/example_dags/example_dynamic_task_mapping_with_no_taskflow_operators.py
[2025-10-14T08:13:46.624+0000] {processor.py:830} INFO - Processing file /home/airflow/.local/lib/python3.8/site-packages/airflow/example_dags/example_dynamic_task_mapping_with_no_taskflow_operators.py for tasks to queue
[2025-10-14T08:13:46.625+0000] {logging_mixin.py:188} INFO - [2025-10-14T08:13:46.625+0000] {dagbag.py:538} INFO - Filling up the DagBag from /home/airflow/.local/lib/python3.8/site-packages/airflow/example_dags/example_dynamic_task_mapping_with_no_taskflow_operators.py
[2025-10-14T08:13:46.633+0000] {processor.py:840} INFO - DAG(s) 'example_dynamic_task_mapping_with_no_taskflow_operators' retrieved from /home/airflow/.local/lib/python3.8/site-packages/airflow/example_dags/example_dynamic_task_mapping_with_no_taskflow_operators.py
[2025-10-14T08:13:46.660+0000] {logging_mixin.py:188} INFO - [2025-10-14T08:13:46.659+0000] {dag.py:3036} INFO - Sync 1 DAGs
[2025-10-14T08:13:46.691+0000] {logging_mixin.py:188} INFO - [2025-10-14T08:13:46.690+0000] {dag.py:3823} INFO - Setting next_dagrun for example_dynamic_task_mapping_with_no_taskflow_operators to 2025-10-13 00:00:00+00:00, run_after=2025-10-14 00:00:00+00:00
[2025-10-14T08:13:46.741+0000] {processor.py:183} INFO - Processing /home/airflow/.local/lib/python3.8/site-packages/airflow/example_dags/example_dynamic_task_mapping_with_no_taskflow_operators.py took 0.122 seconds
[2025-10-14T08:14:17.801+0000] {processor.py:161} INFO - Started process (PID=63477) to work on /home/airflow/.local/lib/python3.8/site-packages/airflow/example_dags/example_dynamic_task_mapping_with_no_taskflow_operators.py
[2025-10-14T08:14:17.803+0000] {processor.py:830} INFO - Processing file /home/airflow/.local/lib/python3.8/site-packages/airflow/example_dags/example_dynamic_task_mapping_with_no_taskflow_operators.py for tasks to queue
[2025-10-14T08:14:17.804+0000] {logging_mixin.py:188} INFO - [2025-10-14T08:14:17.804+0000] {dagbag.py:538} INFO - Filling up the DagBag from /home/airflow/.local/lib/python3.8/site-packages/airflow/example_dags/example_dynamic_task_mapping_with_no_taskflow_operators.py
[2025-10-14T08:14:17.813+0000] {processor.py:840} INFO - DAG(s) 'example_dynamic_task_mapping_with_no_taskflow_operators' retrieved from /home/airflow/.local/lib/python3.8/site-packages/airflow/example_dags/example_dynamic_task_mapping_with_no_taskflow_operators.py
[2025-10-14T08:14:17.840+0000] {logging_mixin.py:188} INFO - [2025-10-14T08:14:17.839+0000] {dag.py:3036} INFO - Sync 1 DAGs
[2025-10-14T08:14:17.865+0000] {logging_mixin.py:188} INFO - [2025-10-14T08:14:17.864+0000] {dag.py:3823} INFO - Setting next_dagrun for example_dynamic_task_mapping_with_no_taskflow_operators to 2025-10-13 00:00:00+00:00, run_after=2025-10-14 00:00:00+00:00
[2025-10-14T08:14:17.888+0000] {processor.py:183} INFO - Processing /home/airflow/.local/lib/python3.8/site-packages/airflow/example_dags/example_dynamic_task_mapping_with_no_taskflow_operators.py took 0.090 seconds
[2025-10-14T08:14:48.930+0000] {processor.py:161} INFO - Started process (PID=63547) to work on /home/airflow/.local/lib/python3.8/site-packages/airflow/example_dags/example_dynamic_task_mapping_with_no_taskflow_operators.py
[2025-10-14T08:14:48.932+0000] {processor.py:830} INFO - Processing file /home/airflow/.local/lib/python3.8/site-packages/airflow/example_dags/example_dynamic_task_mapping_with_no_taskflow_operators.py for tasks to queue
[2025-10-14T08:14:48.933+0000] {logging_mixin.py:188} INFO - [2025-10-14T08:14:48.932+0000] {dagbag.py:538} INFO - Filling up the DagBag from /home/airflow/.local/lib/python3.8/site-packages/airflow/example_dags/example_dynamic_task_mapping_with_no_taskflow_operators.py
[2025-10-14T08:14:48.942+0000] {processor.py:840} INFO - DAG(s) 'example_dynamic_task_mapping_with_no_taskflow_operators' retrieved from /home/airflow/.local/lib/python3.8/site-packages/airflow/example_dags/example_dynamic_task_mapping_with_no_taskflow_operators.py
[2025-10-14T08:14:48.976+0000] {logging_mixin.py:188} INFO - [2025-10-14T08:14:48.976+0000] {dag.py:3036} INFO - Sync 1 DAGs
[2025-10-14T08:14:49.008+0000] {logging_mixin.py:188} INFO - [2025-10-14T08:14:49.008+0000] {dag.py:3823} INFO - Setting next_dagrun for example_dynamic_task_mapping_with_no_taskflow_operators to 2025-10-13 00:00:00+00:00, run_after=2025-10-14 00:00:00+00:00
[2025-10-14T08:14:49.034+0000] {processor.py:183} INFO - Processing /home/airflow/.local/lib/python3.8/site-packages/airflow/example_dags/example_dynamic_task_mapping_with_no_taskflow_operators.py took 0.107 seconds
[2025-10-14T08:15:19.656+0000] {processor.py:161} INFO - Started process (PID=63617) to work on /home/airflow/.local/lib/python3.8/site-packages/airflow/example_dags/example_dynamic_task_mapping_with_no_taskflow_operators.py
[2025-10-14T08:15:19.658+0000] {processor.py:830} INFO - Processing file /home/airflow/.local/lib/python3.8/site-packages/airflow/example_dags/example_dynamic_task_mapping_with_no_taskflow_operators.py for tasks to queue
[2025-10-14T08:15:19.659+0000] {logging_mixin.py:188} INFO - [2025-10-14T08:15:19.659+0000] {dagbag.py:538} INFO - Filling up the DagBag from /home/airflow/.local/lib/python3.8/site-packages/airflow/example_dags/example_dynamic_task_mapping_with_no_taskflow_operators.py
[2025-10-14T08:15:19.668+0000] {processor.py:840} INFO - DAG(s) 'example_dynamic_task_mapping_with_no_taskflow_operators' retrieved from /home/airflow/.local/lib/python3.8/site-packages/airflow/example_dags/example_dynamic_task_mapping_with_no_taskflow_operators.py
[2025-10-14T08:15:19.696+0000] {logging_mixin.py:188} INFO - [2025-10-14T08:15:19.695+0000] {dag.py:3036} INFO - Sync 1 DAGs
[2025-10-14T08:15:19.721+0000] {logging_mixin.py:188} INFO - [2025-10-14T08:15:19.721+0000] {dag.py:3823} INFO - Setting next_dagrun for example_dynamic_task_mapping_with_no_taskflow_operators to 2025-10-13 00:00:00+00:00, run_after=2025-10-14 00:00:00+00:00
[2025-10-14T08:15:19.744+0000] {processor.py:183} INFO - Processing /home/airflow/.local/lib/python3.8/site-packages/airflow/example_dags/example_dynamic_task_mapping_with_no_taskflow_operators.py took 0.092 seconds
[2025-10-14T08:15:50.549+0000] {processor.py:161} INFO - Started process (PID=63687) to work on /home/airflow/.local/lib/python3.8/site-packages/airflow/example_dags/example_dynamic_task_mapping_with_no_taskflow_operators.py
[2025-10-14T08:15:50.550+0000] {processor.py:830} INFO - Processing file /home/airflow/.local/lib/python3.8/site-packages/airflow/example_dags/example_dynamic_task_mapping_with_no_taskflow_operators.py for tasks to queue
[2025-10-14T08:15:50.551+0000] {logging_mixin.py:188} INFO - [2025-10-14T08:15:50.551+0000] {dagbag.py:538} INFO - Filling up the DagBag from /home/airflow/.local/lib/python3.8/site-packages/airflow/example_dags/example_dynamic_task_mapping_with_no_taskflow_operators.py
[2025-10-14T08:15:50.559+0000] {processor.py:840} INFO - DAG(s) 'example_dynamic_task_mapping_with_no_taskflow_operators' retrieved from /home/airflow/.local/lib/python3.8/site-packages/airflow/example_dags/example_dynamic_task_mapping_with_no_taskflow_operators.py
[2025-10-14T08:15:50.586+0000] {logging_mixin.py:188} INFO - [2025-10-14T08:15:50.586+0000] {dag.py:3036} INFO - Sync 1 DAGs
[2025-10-14T08:15:50.612+0000] {logging_mixin.py:188} INFO - [2025-10-14T08:15:50.611+0000] {dag.py:3823} INFO - Setting next_dagrun for example_dynamic_task_mapping_with_no_taskflow_operators to 2025-10-13 00:00:00+00:00, run_after=2025-10-14 00:00:00+00:00
[2025-10-14T08:15:50.642+0000] {processor.py:183} INFO - Processing /home/airflow/.local/lib/python3.8/site-packages/airflow/example_dags/example_dynamic_task_mapping_with_no_taskflow_operators.py took 0.098 seconds
[2025-10-14T08:16:22.055+0000] {processor.py:161} INFO - Started process (PID=63757) to work on /home/airflow/.local/lib/python3.8/site-packages/airflow/example_dags/example_dynamic_task_mapping_with_no_taskflow_operators.py
[2025-10-14T08:16:22.057+0000] {processor.py:830} INFO - Processing file /home/airflow/.local/lib/python3.8/site-packages/airflow/example_dags/example_dynamic_task_mapping_with_no_taskflow_operators.py for tasks to queue
[2025-10-14T08:16:22.058+0000] {logging_mixin.py:188} INFO - [2025-10-14T08:16:22.058+0000] {dagbag.py:538} INFO - Filling up the DagBag from /home/airflow/.local/lib/python3.8/site-packages/airflow/example_dags/example_dynamic_task_mapping_with_no_taskflow_operators.py
[2025-10-14T08:16:22.067+0000] {processor.py:840} INFO - DAG(s) 'example_dynamic_task_mapping_with_no_taskflow_operators' retrieved from /home/airflow/.local/lib/python3.8/site-packages/airflow/example_dags/example_dynamic_task_mapping_with_no_taskflow_operators.py
[2025-10-14T08:16:22.093+0000] {logging_mixin.py:188} INFO - [2025-10-14T08:16:22.093+0000] {dag.py:3036} INFO - Sync 1 DAGs
[2025-10-14T08:16:22.119+0000] {logging_mixin.py:188} INFO - [2025-10-14T08:16:22.119+0000] {dag.py:3823} INFO - Setting next_dagrun for example_dynamic_task_mapping_with_no_taskflow_operators to 2025-10-13 00:00:00+00:00, run_after=2025-10-14 00:00:00+00:00
[2025-10-14T08:16:22.142+0000] {processor.py:183} INFO - Processing /home/airflow/.local/lib/python3.8/site-packages/airflow/example_dags/example_dynamic_task_mapping_with_no_taskflow_operators.py took 0.091 seconds
[2025-10-14T08:16:52.735+0000] {processor.py:161} INFO - Started process (PID=63827) to work on /home/airflow/.local/lib/python3.8/site-packages/airflow/example_dags/example_dynamic_task_mapping_with_no_taskflow_operators.py
[2025-10-14T08:16:52.736+0000] {processor.py:830} INFO - Processing file /home/airflow/.local/lib/python3.8/site-packages/airflow/example_dags/example_dynamic_task_mapping_with_no_taskflow_operators.py for tasks to queue
[2025-10-14T08:16:52.737+0000] {logging_mixin.py:188} INFO - [2025-10-14T08:16:52.737+0000] {dagbag.py:538} INFO - Filling up the DagBag from /home/airflow/.local/lib/python3.8/site-packages/airflow/example_dags/example_dynamic_task_mapping_with_no_taskflow_operators.py
[2025-10-14T08:16:52.745+0000] {processor.py:840} INFO - DAG(s) 'example_dynamic_task_mapping_with_no_taskflow_operators' retrieved from /home/airflow/.local/lib/python3.8/site-packages/airflow/example_dags/example_dynamic_task_mapping_with_no_taskflow_operators.py
[2025-10-14T08:16:52.771+0000] {logging_mixin.py:188} INFO - [2025-10-14T08:16:52.771+0000] {dag.py:3036} INFO - Sync 1 DAGs
[2025-10-14T08:16:52.796+0000] {logging_mixin.py:188} INFO - [2025-10-14T08:16:52.796+0000] {dag.py:3823} INFO - Setting next_dagrun for example_dynamic_task_mapping_with_no_taskflow_operators to 2025-10-13 00:00:00+00:00, run_after=2025-10-14 00:00:00+00:00
[2025-10-14T08:16:52.818+0000] {processor.py:183} INFO - Processing /home/airflow/.local/lib/python3.8/site-packages/airflow/example_dags/example_dynamic_task_mapping_with_no_taskflow_operators.py took 0.087 seconds
[2025-10-14T08:17:23.942+0000] {processor.py:161} INFO - Started process (PID=63897) to work on /home/airflow/.local/lib/python3.8/site-packages/airflow/example_dags/example_dynamic_task_mapping_with_no_taskflow_operators.py
[2025-10-14T08:17:23.943+0000] {processor.py:830} INFO - Processing file /home/airflow/.local/lib/python3.8/site-packages/airflow/example_dags/example_dynamic_task_mapping_with_no_taskflow_operators.py for tasks to queue
[2025-10-14T08:17:23.945+0000] {logging_mixin.py:188} INFO - [2025-10-14T08:17:23.944+0000] {dagbag.py:538} INFO - Filling up the DagBag from /home/airflow/.local/lib/python3.8/site-packages/airflow/example_dags/example_dynamic_task_mapping_with_no_taskflow_operators.py
[2025-10-14T08:17:23.953+0000] {processor.py:840} INFO - DAG(s) 'example_dynamic_task_mapping_with_no_taskflow_operators' retrieved from /home/airflow/.local/lib/python3.8/site-packages/airflow/example_dags/example_dynamic_task_mapping_with_no_taskflow_operators.py
[2025-10-14T08:17:23.980+0000] {logging_mixin.py:188} INFO - [2025-10-14T08:17:23.980+0000] {dag.py:3036} INFO - Sync 1 DAGs
[2025-10-14T08:17:24.006+0000] {logging_mixin.py:188} INFO - [2025-10-14T08:17:24.005+0000] {dag.py:3823} INFO - Setting next_dagrun for example_dynamic_task_mapping_with_no_taskflow_operators to 2025-10-13 00:00:00+00:00, run_after=2025-10-14 00:00:00+00:00
[2025-10-14T08:17:24.029+0000] {processor.py:183} INFO - Processing /home/airflow/.local/lib/python3.8/site-packages/airflow/example_dags/example_dynamic_task_mapping_with_no_taskflow_operators.py took 0.090 seconds
[2025-10-14T08:17:55.170+0000] {processor.py:161} INFO - Started process (PID=63967) to work on /home/airflow/.local/lib/python3.8/site-packages/airflow/example_dags/example_dynamic_task_mapping_with_no_taskflow_operators.py
[2025-10-14T08:17:55.171+0000] {processor.py:830} INFO - Processing file /home/airflow/.local/lib/python3.8/site-packages/airflow/example_dags/example_dynamic_task_mapping_with_no_taskflow_operators.py for tasks to queue
[2025-10-14T08:17:55.173+0000] {logging_mixin.py:188} INFO - [2025-10-14T08:17:55.172+0000] {dagbag.py:538} INFO - Filling up the DagBag from /home/airflow/.local/lib/python3.8/site-packages/airflow/example_dags/example_dynamic_task_mapping_with_no_taskflow_operators.py
[2025-10-14T08:17:55.180+0000] {processor.py:840} INFO - DAG(s) 'example_dynamic_task_mapping_with_no_taskflow_operators' retrieved from /home/airflow/.local/lib/python3.8/site-packages/airflow/example_dags/example_dynamic_task_mapping_with_no_taskflow_operators.py
[2025-10-14T08:17:55.206+0000] {logging_mixin.py:188} INFO - [2025-10-14T08:17:55.206+0000] {dag.py:3036} INFO - Sync 1 DAGs
[2025-10-14T08:17:55.231+0000] {logging_mixin.py:188} INFO - [2025-10-14T08:17:55.230+0000] {dag.py:3823} INFO - Setting next_dagrun for example_dynamic_task_mapping_with_no_taskflow_operators to 2025-10-13 00:00:00+00:00, run_after=2025-10-14 00:00:00+00:00
[2025-10-14T08:17:55.253+0000] {processor.py:183} INFO - Processing /home/airflow/.local/lib/python3.8/site-packages/airflow/example_dags/example_dynamic_task_mapping_with_no_taskflow_operators.py took 0.087 seconds
[2025-10-14T08:18:26.061+0000] {processor.py:161} INFO - Started process (PID=64037) to work on /home/airflow/.local/lib/python3.8/site-packages/airflow/example_dags/example_dynamic_task_mapping_with_no_taskflow_operators.py
[2025-10-14T08:18:26.062+0000] {processor.py:830} INFO - Processing file /home/airflow/.local/lib/python3.8/site-packages/airflow/example_dags/example_dynamic_task_mapping_with_no_taskflow_operators.py for tasks to queue
[2025-10-14T08:18:26.063+0000] {logging_mixin.py:188} INFO - [2025-10-14T08:18:26.063+0000] {dagbag.py:538} INFO - Filling up the DagBag from /home/airflow/.local/lib/python3.8/site-packages/airflow/example_dags/example_dynamic_task_mapping_with_no_taskflow_operators.py
[2025-10-14T08:18:26.072+0000] {processor.py:840} INFO - DAG(s) 'example_dynamic_task_mapping_with_no_taskflow_operators' retrieved from /home/airflow/.local/lib/python3.8/site-packages/airflow/example_dags/example_dynamic_task_mapping_with_no_taskflow_operators.py
[2025-10-14T08:18:26.098+0000] {logging_mixin.py:188} INFO - [2025-10-14T08:18:26.098+0000] {dag.py:3036} INFO - Sync 1 DAGs
[2025-10-14T08:18:26.123+0000] {logging_mixin.py:188} INFO - [2025-10-14T08:18:26.123+0000] {dag.py:3823} INFO - Setting next_dagrun for example_dynamic_task_mapping_with_no_taskflow_operators to 2025-10-13 00:00:00+00:00, run_after=2025-10-14 00:00:00+00:00
[2025-10-14T08:18:26.144+0000] {processor.py:183} INFO - Processing /home/airflow/.local/lib/python3.8/site-packages/airflow/example_dags/example_dynamic_task_mapping_with_no_taskflow_operators.py took 0.088 seconds
[2025-10-14T08:18:57.161+0000] {processor.py:161} INFO - Started process (PID=64107) to work on /home/airflow/.local/lib/python3.8/site-packages/airflow/example_dags/example_dynamic_task_mapping_with_no_taskflow_operators.py
[2025-10-14T08:18:57.163+0000] {processor.py:830} INFO - Processing file /home/airflow/.local/lib/python3.8/site-packages/airflow/example_dags/example_dynamic_task_mapping_with_no_taskflow_operators.py for tasks to queue
[2025-10-14T08:18:57.164+0000] {logging_mixin.py:188} INFO - [2025-10-14T08:18:57.164+0000] {dagbag.py:538} INFO - Filling up the DagBag from /home/airflow/.local/lib/python3.8/site-packages/airflow/example_dags/example_dynamic_task_mapping_with_no_taskflow_operators.py
[2025-10-14T08:18:57.174+0000] {processor.py:840} INFO - DAG(s) 'example_dynamic_task_mapping_with_no_taskflow_operators' retrieved from /home/airflow/.local/lib/python3.8/site-packages/airflow/example_dags/example_dynamic_task_mapping_with_no_taskflow_operators.py
[2025-10-14T08:18:57.202+0000] {logging_mixin.py:188} INFO - [2025-10-14T08:18:57.202+0000] {dag.py:3036} INFO - Sync 1 DAGs
[2025-10-14T08:18:57.234+0000] {logging_mixin.py:188} INFO - [2025-10-14T08:18:57.234+0000] {dag.py:3823} INFO - Setting next_dagrun for example_dynamic_task_mapping_with_no_taskflow_operators to 2025-10-13 00:00:00+00:00, run_after=2025-10-14 00:00:00+00:00
[2025-10-14T08:18:57.259+0000] {processor.py:183} INFO - Processing /home/airflow/.local/lib/python3.8/site-packages/airflow/example_dags/example_dynamic_task_mapping_with_no_taskflow_operators.py took 0.102 seconds
[2025-10-14T08:19:28.185+0000] {processor.py:161} INFO - Started process (PID=64177) to work on /home/airflow/.local/lib/python3.8/site-packages/airflow/example_dags/example_dynamic_task_mapping_with_no_taskflow_operators.py
[2025-10-14T08:19:28.187+0000] {processor.py:830} INFO - Processing file /home/airflow/.local/lib/python3.8/site-packages/airflow/example_dags/example_dynamic_task_mapping_with_no_taskflow_operators.py for tasks to queue
[2025-10-14T08:19:28.188+0000] {logging_mixin.py:188} INFO - [2025-10-14T08:19:28.188+0000] {dagbag.py:538} INFO - Filling up the DagBag from /home/airflow/.local/lib/python3.8/site-packages/airflow/example_dags/example_dynamic_task_mapping_with_no_taskflow_operators.py
[2025-10-14T08:19:28.196+0000] {processor.py:840} INFO - DAG(s) 'example_dynamic_task_mapping_with_no_taskflow_operators' retrieved from /home/airflow/.local/lib/python3.8/site-packages/airflow/example_dags/example_dynamic_task_mapping_with_no_taskflow_operators.py
[2025-10-14T08:19:28.223+0000] {logging_mixin.py:188} INFO - [2025-10-14T08:19:28.222+0000] {dag.py:3036} INFO - Sync 1 DAGs
[2025-10-14T08:19:28.248+0000] {logging_mixin.py:188} INFO - [2025-10-14T08:19:28.248+0000] {dag.py:3823} INFO - Setting next_dagrun for example_dynamic_task_mapping_with_no_taskflow_operators to 2025-10-13 00:00:00+00:00, run_after=2025-10-14 00:00:00+00:00
[2025-10-14T08:19:28.270+0000] {processor.py:183} INFO - Processing /home/airflow/.local/lib/python3.8/site-packages/airflow/example_dags/example_dynamic_task_mapping_with_no_taskflow_operators.py took 0.089 seconds
[2025-10-14T08:19:58.900+0000] {processor.py:161} INFO - Started process (PID=64247) to work on /home/airflow/.local/lib/python3.8/site-packages/airflow/example_dags/example_dynamic_task_mapping_with_no_taskflow_operators.py
[2025-10-14T08:19:58.902+0000] {processor.py:830} INFO - Processing file /home/airflow/.local/lib/python3.8/site-packages/airflow/example_dags/example_dynamic_task_mapping_with_no_taskflow_operators.py for tasks to queue
[2025-10-14T08:19:58.903+0000] {logging_mixin.py:188} INFO - [2025-10-14T08:19:58.903+0000] {dagbag.py:538} INFO - Filling up the DagBag from /home/airflow/.local/lib/python3.8/site-packages/airflow/example_dags/example_dynamic_task_mapping_with_no_taskflow_operators.py
[2025-10-14T08:19:58.911+0000] {processor.py:840} INFO - DAG(s) 'example_dynamic_task_mapping_with_no_taskflow_operators' retrieved from /home/airflow/.local/lib/python3.8/site-packages/airflow/example_dags/example_dynamic_task_mapping_with_no_taskflow_operators.py
[2025-10-14T08:19:58.938+0000] {logging_mixin.py:188} INFO - [2025-10-14T08:19:58.938+0000] {dag.py:3036} INFO - Sync 1 DAGs
[2025-10-14T08:19:58.965+0000] {logging_mixin.py:188} INFO - [2025-10-14T08:19:58.964+0000] {dag.py:3823} INFO - Setting next_dagrun for example_dynamic_task_mapping_with_no_taskflow_operators to 2025-10-13 00:00:00+00:00, run_after=2025-10-14 00:00:00+00:00
[2025-10-14T08:19:58.988+0000] {processor.py:183} INFO - Processing /home/airflow/.local/lib/python3.8/site-packages/airflow/example_dags/example_dynamic_task_mapping_with_no_taskflow_operators.py took 0.091 seconds
[2025-10-14T08:20:29.752+0000] {processor.py:161} INFO - Started process (PID=64317) to work on /home/airflow/.local/lib/python3.8/site-packages/airflow/example_dags/example_dynamic_task_mapping_with_no_taskflow_operators.py
[2025-10-14T08:20:29.754+0000] {processor.py:830} INFO - Processing file /home/airflow/.local/lib/python3.8/site-packages/airflow/example_dags/example_dynamic_task_mapping_with_no_taskflow_operators.py for tasks to queue
[2025-10-14T08:20:29.755+0000] {logging_mixin.py:188} INFO - [2025-10-14T08:20:29.755+0000] {dagbag.py:538} INFO - Filling up the DagBag from /home/airflow/.local/lib/python3.8/site-packages/airflow/example_dags/example_dynamic_task_mapping_with_no_taskflow_operators.py
[2025-10-14T08:20:29.766+0000] {processor.py:840} INFO - DAG(s) 'example_dynamic_task_mapping_with_no_taskflow_operators' retrieved from /home/airflow/.local/lib/python3.8/site-packages/airflow/example_dags/example_dynamic_task_mapping_with_no_taskflow_operators.py
[2025-10-14T08:20:29.793+0000] {logging_mixin.py:188} INFO - [2025-10-14T08:20:29.793+0000] {dag.py:3036} INFO - Sync 1 DAGs
[2025-10-14T08:20:29.817+0000] {logging_mixin.py:188} INFO - [2025-10-14T08:20:29.817+0000] {dag.py:3823} INFO - Setting next_dagrun for example_dynamic_task_mapping_with_no_taskflow_operators to 2025-10-13 00:00:00+00:00, run_after=2025-10-14 00:00:00+00:00
[2025-10-14T08:20:29.838+0000] {processor.py:183} INFO - Processing /home/airflow/.local/lib/python3.8/site-packages/airflow/example_dags/example_dynamic_task_mapping_with_no_taskflow_operators.py took 0.090 seconds
[2025-10-14T08:21:01.064+0000] {processor.py:161} INFO - Started process (PID=64387) to work on /home/airflow/.local/lib/python3.8/site-packages/airflow/example_dags/example_dynamic_task_mapping_with_no_taskflow_operators.py
[2025-10-14T08:21:01.065+0000] {processor.py:830} INFO - Processing file /home/airflow/.local/lib/python3.8/site-packages/airflow/example_dags/example_dynamic_task_mapping_with_no_taskflow_operators.py for tasks to queue
[2025-10-14T08:21:01.067+0000] {logging_mixin.py:188} INFO - [2025-10-14T08:21:01.066+0000] {dagbag.py:538} INFO - Filling up the DagBag from /home/airflow/.local/lib/python3.8/site-packages/airflow/example_dags/example_dynamic_task_mapping_with_no_taskflow_operators.py
[2025-10-14T08:21:01.076+0000] {processor.py:840} INFO - DAG(s) 'example_dynamic_task_mapping_with_no_taskflow_operators' retrieved from /home/airflow/.local/lib/python3.8/site-packages/airflow/example_dags/example_dynamic_task_mapping_with_no_taskflow_operators.py
[2025-10-14T08:21:01.103+0000] {logging_mixin.py:188} INFO - [2025-10-14T08:21:01.103+0000] {dag.py:3036} INFO - Sync 1 DAGs
[2025-10-14T08:21:01.132+0000] {logging_mixin.py:188} INFO - [2025-10-14T08:21:01.131+0000] {dag.py:3823} INFO - Setting next_dagrun for example_dynamic_task_mapping_with_no_taskflow_operators to 2025-10-13 00:00:00+00:00, run_after=2025-10-14 00:00:00+00:00
[2025-10-14T08:21:01.156+0000] {processor.py:183} INFO - Processing /home/airflow/.local/lib/python3.8/site-packages/airflow/example_dags/example_dynamic_task_mapping_with_no_taskflow_operators.py took 0.096 seconds
[2025-10-14T08:21:32.138+0000] {processor.py:161} INFO - Started process (PID=64457) to work on /home/airflow/.local/lib/python3.8/site-packages/airflow/example_dags/example_dynamic_task_mapping_with_no_taskflow_operators.py
[2025-10-14T08:21:32.139+0000] {processor.py:830} INFO - Processing file /home/airflow/.local/lib/python3.8/site-packages/airflow/example_dags/example_dynamic_task_mapping_with_no_taskflow_operators.py for tasks to queue
[2025-10-14T08:21:32.141+0000] {logging_mixin.py:188} INFO - [2025-10-14T08:21:32.140+0000] {dagbag.py:538} INFO - Filling up the DagBag from /home/airflow/.local/lib/python3.8/site-packages/airflow/example_dags/example_dynamic_task_mapping_with_no_taskflow_operators.py
[2025-10-14T08:21:32.149+0000] {processor.py:840} INFO - DAG(s) 'example_dynamic_task_mapping_with_no_taskflow_operators' retrieved from /home/airflow/.local/lib/python3.8/site-packages/airflow/example_dags/example_dynamic_task_mapping_with_no_taskflow_operators.py
[2025-10-14T08:21:32.181+0000] {logging_mixin.py:188} INFO - [2025-10-14T08:21:32.180+0000] {dag.py:3036} INFO - Sync 1 DAGs
[2025-10-14T08:21:32.206+0000] {logging_mixin.py:188} INFO - [2025-10-14T08:21:32.205+0000] {dag.py:3823} INFO - Setting next_dagrun for example_dynamic_task_mapping_with_no_taskflow_operators to 2025-10-13 00:00:00+00:00, run_after=2025-10-14 00:00:00+00:00
[2025-10-14T08:21:32.230+0000] {processor.py:183} INFO - Processing /home/airflow/.local/lib/python3.8/site-packages/airflow/example_dags/example_dynamic_task_mapping_with_no_taskflow_operators.py took 0.095 seconds
[2025-10-14T08:22:03.049+0000] {processor.py:161} INFO - Started process (PID=64527) to work on /home/airflow/.local/lib/python3.8/site-packages/airflow/example_dags/example_dynamic_task_mapping_with_no_taskflow_operators.py
[2025-10-14T08:22:03.050+0000] {processor.py:830} INFO - Processing file /home/airflow/.local/lib/python3.8/site-packages/airflow/example_dags/example_dynamic_task_mapping_with_no_taskflow_operators.py for tasks to queue
[2025-10-14T08:22:03.052+0000] {logging_mixin.py:188} INFO - [2025-10-14T08:22:03.051+0000] {dagbag.py:538} INFO - Filling up the DagBag from /home/airflow/.local/lib/python3.8/site-packages/airflow/example_dags/example_dynamic_task_mapping_with_no_taskflow_operators.py
[2025-10-14T08:22:03.059+0000] {processor.py:840} INFO - DAG(s) 'example_dynamic_task_mapping_with_no_taskflow_operators' retrieved from /home/airflow/.local/lib/python3.8/site-packages/airflow/example_dags/example_dynamic_task_mapping_with_no_taskflow_operators.py
[2025-10-14T08:22:03.086+0000] {logging_mixin.py:188} INFO - [2025-10-14T08:22:03.085+0000] {dag.py:3036} INFO - Sync 1 DAGs
[2025-10-14T08:22:03.111+0000] {logging_mixin.py:188} INFO - [2025-10-14T08:22:03.110+0000] {dag.py:3823} INFO - Setting next_dagrun for example_dynamic_task_mapping_with_no_taskflow_operators to 2025-10-13 00:00:00+00:00, run_after=2025-10-14 00:00:00+00:00
[2025-10-14T08:22:03.135+0000] {processor.py:183} INFO - Processing /home/airflow/.local/lib/python3.8/site-packages/airflow/example_dags/example_dynamic_task_mapping_with_no_taskflow_operators.py took 0.090 seconds
[2025-10-14T08:22:34.007+0000] {processor.py:161} INFO - Started process (PID=64597) to work on /home/airflow/.local/lib/python3.8/site-packages/airflow/example_dags/example_dynamic_task_mapping_with_no_taskflow_operators.py
[2025-10-14T08:22:34.008+0000] {processor.py:830} INFO - Processing file /home/airflow/.local/lib/python3.8/site-packages/airflow/example_dags/example_dynamic_task_mapping_with_no_taskflow_operators.py for tasks to queue
[2025-10-14T08:22:34.009+0000] {logging_mixin.py:188} INFO - [2025-10-14T08:22:34.009+0000] {dagbag.py:538} INFO - Filling up the DagBag from /home/airflow/.local/lib/python3.8/site-packages/airflow/example_dags/example_dynamic_task_mapping_with_no_taskflow_operators.py
[2025-10-14T08:22:34.017+0000] {processor.py:840} INFO - DAG(s) 'example_dynamic_task_mapping_with_no_taskflow_operators' retrieved from /home/airflow/.local/lib/python3.8/site-packages/airflow/example_dags/example_dynamic_task_mapping_with_no_taskflow_operators.py
[2025-10-14T08:22:34.045+0000] {logging_mixin.py:188} INFO - [2025-10-14T08:22:34.044+0000] {dag.py:3036} INFO - Sync 1 DAGs
[2025-10-14T08:22:34.070+0000] {logging_mixin.py:188} INFO - [2025-10-14T08:22:34.070+0000] {dag.py:3823} INFO - Setting next_dagrun for example_dynamic_task_mapping_with_no_taskflow_operators to 2025-10-13 00:00:00+00:00, run_after=2025-10-14 00:00:00+00:00
[2025-10-14T08:22:34.090+0000] {processor.py:183} INFO - Processing /home/airflow/.local/lib/python3.8/site-packages/airflow/example_dags/example_dynamic_task_mapping_with_no_taskflow_operators.py took 0.088 seconds
[2025-10-14T08:23:04.758+0000] {processor.py:161} INFO - Started process (PID=64667) to work on /home/airflow/.local/lib/python3.8/site-packages/airflow/example_dags/example_dynamic_task_mapping_with_no_taskflow_operators.py
[2025-10-14T08:23:04.759+0000] {processor.py:830} INFO - Processing file /home/airflow/.local/lib/python3.8/site-packages/airflow/example_dags/example_dynamic_task_mapping_with_no_taskflow_operators.py for tasks to queue
[2025-10-14T08:23:04.760+0000] {logging_mixin.py:188} INFO - [2025-10-14T08:23:04.760+0000] {dagbag.py:538} INFO - Filling up the DagBag from /home/airflow/.local/lib/python3.8/site-packages/airflow/example_dags/example_dynamic_task_mapping_with_no_taskflow_operators.py
[2025-10-14T08:23:04.768+0000] {processor.py:840} INFO - DAG(s) 'example_dynamic_task_mapping_with_no_taskflow_operators' retrieved from /home/airflow/.local/lib/python3.8/site-packages/airflow/example_dags/example_dynamic_task_mapping_with_no_taskflow_operators.py
[2025-10-14T08:23:04.797+0000] {logging_mixin.py:188} INFO - [2025-10-14T08:23:04.797+0000] {dag.py:3036} INFO - Sync 1 DAGs
[2025-10-14T08:23:04.825+0000] {logging_mixin.py:188} INFO - [2025-10-14T08:23:04.825+0000] {dag.py:3823} INFO - Setting next_dagrun for example_dynamic_task_mapping_with_no_taskflow_operators to 2025-10-13 00:00:00+00:00, run_after=2025-10-14 00:00:00+00:00
[2025-10-14T08:23:04.848+0000] {processor.py:183} INFO - Processing /home/airflow/.local/lib/python3.8/site-packages/airflow/example_dags/example_dynamic_task_mapping_with_no_taskflow_operators.py took 0.095 seconds
[2025-10-14T08:23:35.577+0000] {processor.py:161} INFO - Started process (PID=64743) to work on /home/airflow/.local/lib/python3.8/site-packages/airflow/example_dags/example_dynamic_task_mapping_with_no_taskflow_operators.py
[2025-10-14T08:23:35.579+0000] {processor.py:830} INFO - Processing file /home/airflow/.local/lib/python3.8/site-packages/airflow/example_dags/example_dynamic_task_mapping_with_no_taskflow_operators.py for tasks to queue
[2025-10-14T08:23:35.580+0000] {logging_mixin.py:188} INFO - [2025-10-14T08:23:35.580+0000] {dagbag.py:538} INFO - Filling up the DagBag from /home/airflow/.local/lib/python3.8/site-packages/airflow/example_dags/example_dynamic_task_mapping_with_no_taskflow_operators.py
[2025-10-14T08:23:35.588+0000] {processor.py:840} INFO - DAG(s) 'example_dynamic_task_mapping_with_no_taskflow_operators' retrieved from /home/airflow/.local/lib/python3.8/site-packages/airflow/example_dags/example_dynamic_task_mapping_with_no_taskflow_operators.py
[2025-10-14T08:23:35.617+0000] {logging_mixin.py:188} INFO - [2025-10-14T08:23:35.617+0000] {dag.py:3036} INFO - Sync 1 DAGs
[2025-10-14T08:23:35.644+0000] {logging_mixin.py:188} INFO - [2025-10-14T08:23:35.644+0000] {dag.py:3823} INFO - Setting next_dagrun for example_dynamic_task_mapping_with_no_taskflow_operators to 2025-10-13 00:00:00+00:00, run_after=2025-10-14 00:00:00+00:00
[2025-10-14T08:23:35.666+0000] {processor.py:183} INFO - Processing /home/airflow/.local/lib/python3.8/site-packages/airflow/example_dags/example_dynamic_task_mapping_with_no_taskflow_operators.py took 0.093 seconds
[2025-10-14T08:24:06.274+0000] {processor.py:161} INFO - Started process (PID=64813) to work on /home/airflow/.local/lib/python3.8/site-packages/airflow/example_dags/example_dynamic_task_mapping_with_no_taskflow_operators.py
[2025-10-14T08:24:06.275+0000] {processor.py:830} INFO - Processing file /home/airflow/.local/lib/python3.8/site-packages/airflow/example_dags/example_dynamic_task_mapping_with_no_taskflow_operators.py for tasks to queue
[2025-10-14T08:24:06.276+0000] {logging_mixin.py:188} INFO - [2025-10-14T08:24:06.276+0000] {dagbag.py:538} INFO - Filling up the DagBag from /home/airflow/.local/lib/python3.8/site-packages/airflow/example_dags/example_dynamic_task_mapping_with_no_taskflow_operators.py
[2025-10-14T08:24:06.285+0000] {processor.py:840} INFO - DAG(s) 'example_dynamic_task_mapping_with_no_taskflow_operators' retrieved from /home/airflow/.local/lib/python3.8/site-packages/airflow/example_dags/example_dynamic_task_mapping_with_no_taskflow_operators.py
[2025-10-14T08:24:06.312+0000] {logging_mixin.py:188} INFO - [2025-10-14T08:24:06.312+0000] {dag.py:3036} INFO - Sync 1 DAGs
[2025-10-14T08:24:06.340+0000] {logging_mixin.py:188} INFO - [2025-10-14T08:24:06.340+0000] {dag.py:3823} INFO - Setting next_dagrun for example_dynamic_task_mapping_with_no_taskflow_operators to 2025-10-13 00:00:00+00:00, run_after=2025-10-14 00:00:00+00:00
[2025-10-14T08:24:06.363+0000] {processor.py:183} INFO - Processing /home/airflow/.local/lib/python3.8/site-packages/airflow/example_dags/example_dynamic_task_mapping_with_no_taskflow_operators.py took 0.093 seconds
[2025-10-14T08:24:37.383+0000] {processor.py:161} INFO - Started process (PID=64883) to work on /home/airflow/.local/lib/python3.8/site-packages/airflow/example_dags/example_dynamic_task_mapping_with_no_taskflow_operators.py
[2025-10-14T08:24:37.384+0000] {processor.py:830} INFO - Processing file /home/airflow/.local/lib/python3.8/site-packages/airflow/example_dags/example_dynamic_task_mapping_with_no_taskflow_operators.py for tasks to queue
[2025-10-14T08:24:37.386+0000] {logging_mixin.py:188} INFO - [2025-10-14T08:24:37.385+0000] {dagbag.py:538} INFO - Filling up the DagBag from /home/airflow/.local/lib/python3.8/site-packages/airflow/example_dags/example_dynamic_task_mapping_with_no_taskflow_operators.py
[2025-10-14T08:24:37.394+0000] {processor.py:840} INFO - DAG(s) 'example_dynamic_task_mapping_with_no_taskflow_operators' retrieved from /home/airflow/.local/lib/python3.8/site-packages/airflow/example_dags/example_dynamic_task_mapping_with_no_taskflow_operators.py
[2025-10-14T08:24:37.423+0000] {logging_mixin.py:188} INFO - [2025-10-14T08:24:37.422+0000] {dag.py:3036} INFO - Sync 1 DAGs
[2025-10-14T08:24:37.448+0000] {logging_mixin.py:188} INFO - [2025-10-14T08:24:37.448+0000] {dag.py:3823} INFO - Setting next_dagrun for example_dynamic_task_mapping_with_no_taskflow_operators to 2025-10-13 00:00:00+00:00, run_after=2025-10-14 00:00:00+00:00
[2025-10-14T08:24:37.470+0000] {processor.py:183} INFO - Processing /home/airflow/.local/lib/python3.8/site-packages/airflow/example_dags/example_dynamic_task_mapping_with_no_taskflow_operators.py took 0.091 seconds
[2025-10-14T08:25:07.816+0000] {processor.py:161} INFO - Started process (PID=64953) to work on /home/airflow/.local/lib/python3.8/site-packages/airflow/example_dags/example_dynamic_task_mapping_with_no_taskflow_operators.py
[2025-10-14T08:25:07.817+0000] {processor.py:830} INFO - Processing file /home/airflow/.local/lib/python3.8/site-packages/airflow/example_dags/example_dynamic_task_mapping_with_no_taskflow_operators.py for tasks to queue
[2025-10-14T08:25:07.819+0000] {logging_mixin.py:188} INFO - [2025-10-14T08:25:07.818+0000] {dagbag.py:538} INFO - Filling up the DagBag from /home/airflow/.local/lib/python3.8/site-packages/airflow/example_dags/example_dynamic_task_mapping_with_no_taskflow_operators.py
[2025-10-14T08:25:07.829+0000] {processor.py:840} INFO - DAG(s) 'example_dynamic_task_mapping_with_no_taskflow_operators' retrieved from /home/airflow/.local/lib/python3.8/site-packages/airflow/example_dags/example_dynamic_task_mapping_with_no_taskflow_operators.py
[2025-10-14T08:25:07.857+0000] {logging_mixin.py:188} INFO - [2025-10-14T08:25:07.857+0000] {dag.py:3036} INFO - Sync 1 DAGs
[2025-10-14T08:25:07.883+0000] {logging_mixin.py:188} INFO - [2025-10-14T08:25:07.882+0000] {dag.py:3823} INFO - Setting next_dagrun for example_dynamic_task_mapping_with_no_taskflow_operators to 2025-10-13 00:00:00+00:00, run_after=2025-10-14 00:00:00+00:00
[2025-10-14T08:25:07.904+0000] {processor.py:183} INFO - Processing /home/airflow/.local/lib/python3.8/site-packages/airflow/example_dags/example_dynamic_task_mapping_with_no_taskflow_operators.py took 0.092 seconds
[2025-10-14T08:25:38.475+0000] {processor.py:161} INFO - Started process (PID=65021) to work on /home/airflow/.local/lib/python3.8/site-packages/airflow/example_dags/example_dynamic_task_mapping_with_no_taskflow_operators.py
[2025-10-14T08:25:38.477+0000] {processor.py:830} INFO - Processing file /home/airflow/.local/lib/python3.8/site-packages/airflow/example_dags/example_dynamic_task_mapping_with_no_taskflow_operators.py for tasks to queue
[2025-10-14T08:25:38.478+0000] {logging_mixin.py:188} INFO - [2025-10-14T08:25:38.478+0000] {dagbag.py:538} INFO - Filling up the DagBag from /home/airflow/.local/lib/python3.8/site-packages/airflow/example_dags/example_dynamic_task_mapping_with_no_taskflow_operators.py
[2025-10-14T08:25:38.486+0000] {processor.py:840} INFO - DAG(s) 'example_dynamic_task_mapping_with_no_taskflow_operators' retrieved from /home/airflow/.local/lib/python3.8/site-packages/airflow/example_dags/example_dynamic_task_mapping_with_no_taskflow_operators.py
[2025-10-14T08:25:38.513+0000] {logging_mixin.py:188} INFO - [2025-10-14T08:25:38.513+0000] {dag.py:3036} INFO - Sync 1 DAGs
[2025-10-14T08:25:38.538+0000] {logging_mixin.py:188} INFO - [2025-10-14T08:25:38.538+0000] {dag.py:3823} INFO - Setting next_dagrun for example_dynamic_task_mapping_with_no_taskflow_operators to 2025-10-13 00:00:00+00:00, run_after=2025-10-14 00:00:00+00:00
[2025-10-14T08:25:38.560+0000] {processor.py:183} INFO - Processing /home/airflow/.local/lib/python3.8/site-packages/airflow/example_dags/example_dynamic_task_mapping_with_no_taskflow_operators.py took 0.089 seconds
[2025-10-14T08:26:09.276+0000] {processor.py:161} INFO - Started process (PID=65091) to work on /home/airflow/.local/lib/python3.8/site-packages/airflow/example_dags/example_dynamic_task_mapping_with_no_taskflow_operators.py
[2025-10-14T08:26:09.277+0000] {processor.py:830} INFO - Processing file /home/airflow/.local/lib/python3.8/site-packages/airflow/example_dags/example_dynamic_task_mapping_with_no_taskflow_operators.py for tasks to queue
[2025-10-14T08:26:09.278+0000] {logging_mixin.py:188} INFO - [2025-10-14T08:26:09.278+0000] {dagbag.py:538} INFO - Filling up the DagBag from /home/airflow/.local/lib/python3.8/site-packages/airflow/example_dags/example_dynamic_task_mapping_with_no_taskflow_operators.py
[2025-10-14T08:26:09.286+0000] {processor.py:840} INFO - DAG(s) 'example_dynamic_task_mapping_with_no_taskflow_operators' retrieved from /home/airflow/.local/lib/python3.8/site-packages/airflow/example_dags/example_dynamic_task_mapping_with_no_taskflow_operators.py
[2025-10-14T08:26:09.319+0000] {logging_mixin.py:188} INFO - [2025-10-14T08:26:09.318+0000] {dag.py:3036} INFO - Sync 1 DAGs
[2025-10-14T08:26:09.346+0000] {logging_mixin.py:188} INFO - [2025-10-14T08:26:09.345+0000] {dag.py:3823} INFO - Setting next_dagrun for example_dynamic_task_mapping_with_no_taskflow_operators to 2025-10-13 00:00:00+00:00, run_after=2025-10-14 00:00:00+00:00
[2025-10-14T08:26:09.369+0000] {processor.py:183} INFO - Processing /home/airflow/.local/lib/python3.8/site-packages/airflow/example_dags/example_dynamic_task_mapping_with_no_taskflow_operators.py took 0.097 seconds
[2025-10-14T08:26:39.577+0000] {processor.py:161} INFO - Started process (PID=65159) to work on /home/airflow/.local/lib/python3.8/site-packages/airflow/example_dags/example_dynamic_task_mapping_with_no_taskflow_operators.py
[2025-10-14T08:26:39.578+0000] {processor.py:830} INFO - Processing file /home/airflow/.local/lib/python3.8/site-packages/airflow/example_dags/example_dynamic_task_mapping_with_no_taskflow_operators.py for tasks to queue
[2025-10-14T08:26:39.579+0000] {logging_mixin.py:188} INFO - [2025-10-14T08:26:39.579+0000] {dagbag.py:538} INFO - Filling up the DagBag from /home/airflow/.local/lib/python3.8/site-packages/airflow/example_dags/example_dynamic_task_mapping_with_no_taskflow_operators.py
[2025-10-14T08:26:39.588+0000] {processor.py:840} INFO - DAG(s) 'example_dynamic_task_mapping_with_no_taskflow_operators' retrieved from /home/airflow/.local/lib/python3.8/site-packages/airflow/example_dags/example_dynamic_task_mapping_with_no_taskflow_operators.py
[2025-10-14T08:26:39.615+0000] {logging_mixin.py:188} INFO - [2025-10-14T08:26:39.615+0000] {dag.py:3036} INFO - Sync 1 DAGs
[2025-10-14T08:26:39.646+0000] {logging_mixin.py:188} INFO - [2025-10-14T08:26:39.645+0000] {dag.py:3823} INFO - Setting next_dagrun for example_dynamic_task_mapping_with_no_taskflow_operators to 2025-10-13 00:00:00+00:00, run_after=2025-10-14 00:00:00+00:00
[2025-10-14T08:26:39.669+0000] {processor.py:183} INFO - Processing /home/airflow/.local/lib/python3.8/site-packages/airflow/example_dags/example_dynamic_task_mapping_with_no_taskflow_operators.py took 0.096 seconds
[2025-10-14T08:27:10.144+0000] {processor.py:161} INFO - Started process (PID=65229) to work on /home/airflow/.local/lib/python3.8/site-packages/airflow/example_dags/example_dynamic_task_mapping_with_no_taskflow_operators.py
[2025-10-14T08:27:10.145+0000] {processor.py:830} INFO - Processing file /home/airflow/.local/lib/python3.8/site-packages/airflow/example_dags/example_dynamic_task_mapping_with_no_taskflow_operators.py for tasks to queue
[2025-10-14T08:27:10.146+0000] {logging_mixin.py:188} INFO - [2025-10-14T08:27:10.146+0000] {dagbag.py:538} INFO - Filling up the DagBag from /home/airflow/.local/lib/python3.8/site-packages/airflow/example_dags/example_dynamic_task_mapping_with_no_taskflow_operators.py
[2025-10-14T08:27:10.155+0000] {processor.py:840} INFO - DAG(s) 'example_dynamic_task_mapping_with_no_taskflow_operators' retrieved from /home/airflow/.local/lib/python3.8/site-packages/airflow/example_dags/example_dynamic_task_mapping_with_no_taskflow_operators.py
[2025-10-14T08:27:10.182+0000] {logging_mixin.py:188} INFO - [2025-10-14T08:27:10.182+0000] {dag.py:3036} INFO - Sync 1 DAGs
[2025-10-14T08:27:10.210+0000] {logging_mixin.py:188} INFO - [2025-10-14T08:27:10.209+0000] {dag.py:3823} INFO - Setting next_dagrun for example_dynamic_task_mapping_with_no_taskflow_operators to 2025-10-13 00:00:00+00:00, run_after=2025-10-14 00:00:00+00:00
[2025-10-14T08:27:10.232+0000] {processor.py:183} INFO - Processing /home/airflow/.local/lib/python3.8/site-packages/airflow/example_dags/example_dynamic_task_mapping_with_no_taskflow_operators.py took 0.093 seconds
[2025-10-14T08:27:40.673+0000] {processor.py:161} INFO - Started process (PID=65297) to work on /home/airflow/.local/lib/python3.8/site-packages/airflow/example_dags/example_dynamic_task_mapping_with_no_taskflow_operators.py
[2025-10-14T08:27:40.674+0000] {processor.py:830} INFO - Processing file /home/airflow/.local/lib/python3.8/site-packages/airflow/example_dags/example_dynamic_task_mapping_with_no_taskflow_operators.py for tasks to queue
[2025-10-14T08:27:40.676+0000] {logging_mixin.py:188} INFO - [2025-10-14T08:27:40.675+0000] {dagbag.py:538} INFO - Filling up the DagBag from /home/airflow/.local/lib/python3.8/site-packages/airflow/example_dags/example_dynamic_task_mapping_with_no_taskflow_operators.py
[2025-10-14T08:27:40.685+0000] {processor.py:840} INFO - DAG(s) 'example_dynamic_task_mapping_with_no_taskflow_operators' retrieved from /home/airflow/.local/lib/python3.8/site-packages/airflow/example_dags/example_dynamic_task_mapping_with_no_taskflow_operators.py
[2025-10-14T08:27:40.712+0000] {logging_mixin.py:188} INFO - [2025-10-14T08:27:40.711+0000] {dag.py:3036} INFO - Sync 1 DAGs
[2025-10-14T08:27:40.737+0000] {logging_mixin.py:188} INFO - [2025-10-14T08:27:40.737+0000] {dag.py:3823} INFO - Setting next_dagrun for example_dynamic_task_mapping_with_no_taskflow_operators to 2025-10-13 00:00:00+00:00, run_after=2025-10-14 00:00:00+00:00
[2025-10-14T08:27:40.760+0000] {processor.py:183} INFO - Processing /home/airflow/.local/lib/python3.8/site-packages/airflow/example_dags/example_dynamic_task_mapping_with_no_taskflow_operators.py took 0.090 seconds
[2025-10-14T08:28:11.307+0000] {processor.py:161} INFO - Started process (PID=65367) to work on /home/airflow/.local/lib/python3.8/site-packages/airflow/example_dags/example_dynamic_task_mapping_with_no_taskflow_operators.py
[2025-10-14T08:28:11.309+0000] {processor.py:830} INFO - Processing file /home/airflow/.local/lib/python3.8/site-packages/airflow/example_dags/example_dynamic_task_mapping_with_no_taskflow_operators.py for tasks to queue
[2025-10-14T08:28:11.310+0000] {logging_mixin.py:188} INFO - [2025-10-14T08:28:11.310+0000] {dagbag.py:538} INFO - Filling up the DagBag from /home/airflow/.local/lib/python3.8/site-packages/airflow/example_dags/example_dynamic_task_mapping_with_no_taskflow_operators.py
[2025-10-14T08:28:11.318+0000] {processor.py:840} INFO - DAG(s) 'example_dynamic_task_mapping_with_no_taskflow_operators' retrieved from /home/airflow/.local/lib/python3.8/site-packages/airflow/example_dags/example_dynamic_task_mapping_with_no_taskflow_operators.py
[2025-10-14T08:28:11.350+0000] {logging_mixin.py:188} INFO - [2025-10-14T08:28:11.349+0000] {dag.py:3036} INFO - Sync 1 DAGs
[2025-10-14T08:28:11.375+0000] {logging_mixin.py:188} INFO - [2025-10-14T08:28:11.375+0000] {dag.py:3823} INFO - Setting next_dagrun for example_dynamic_task_mapping_with_no_taskflow_operators to 2025-10-13 00:00:00+00:00, run_after=2025-10-14 00:00:00+00:00
[2025-10-14T08:28:11.402+0000] {processor.py:183} INFO - Processing /home/airflow/.local/lib/python3.8/site-packages/airflow/example_dags/example_dynamic_task_mapping_with_no_taskflow_operators.py took 0.099 seconds
[2025-10-14T08:28:41.932+0000] {processor.py:161} INFO - Started process (PID=65437) to work on /home/airflow/.local/lib/python3.8/site-packages/airflow/example_dags/example_dynamic_task_mapping_with_no_taskflow_operators.py
[2025-10-14T08:28:41.933+0000] {processor.py:830} INFO - Processing file /home/airflow/.local/lib/python3.8/site-packages/airflow/example_dags/example_dynamic_task_mapping_with_no_taskflow_operators.py for tasks to queue
[2025-10-14T08:28:41.934+0000] {logging_mixin.py:188} INFO - [2025-10-14T08:28:41.934+0000] {dagbag.py:538} INFO - Filling up the DagBag from /home/airflow/.local/lib/python3.8/site-packages/airflow/example_dags/example_dynamic_task_mapping_with_no_taskflow_operators.py
[2025-10-14T08:28:41.943+0000] {processor.py:840} INFO - DAG(s) 'example_dynamic_task_mapping_with_no_taskflow_operators' retrieved from /home/airflow/.local/lib/python3.8/site-packages/airflow/example_dags/example_dynamic_task_mapping_with_no_taskflow_operators.py
[2025-10-14T08:28:41.972+0000] {logging_mixin.py:188} INFO - [2025-10-14T08:28:41.972+0000] {dag.py:3036} INFO - Sync 1 DAGs
[2025-10-14T08:28:41.998+0000] {logging_mixin.py:188} INFO - [2025-10-14T08:28:41.998+0000] {dag.py:3823} INFO - Setting next_dagrun for example_dynamic_task_mapping_with_no_taskflow_operators to 2025-10-13 00:00:00+00:00, run_after=2025-10-14 00:00:00+00:00
[2025-10-14T08:28:42.020+0000] {processor.py:183} INFO - Processing /home/airflow/.local/lib/python3.8/site-packages/airflow/example_dags/example_dynamic_task_mapping_with_no_taskflow_operators.py took 0.092 seconds
[2025-10-14T08:29:12.380+0000] {processor.py:161} INFO - Started process (PID=65507) to work on /home/airflow/.local/lib/python3.8/site-packages/airflow/example_dags/example_dynamic_task_mapping_with_no_taskflow_operators.py
[2025-10-14T08:29:12.382+0000] {processor.py:830} INFO - Processing file /home/airflow/.local/lib/python3.8/site-packages/airflow/example_dags/example_dynamic_task_mapping_with_no_taskflow_operators.py for tasks to queue
[2025-10-14T08:29:12.383+0000] {logging_mixin.py:188} INFO - [2025-10-14T08:29:12.383+0000] {dagbag.py:538} INFO - Filling up the DagBag from /home/airflow/.local/lib/python3.8/site-packages/airflow/example_dags/example_dynamic_task_mapping_with_no_taskflow_operators.py
[2025-10-14T08:29:12.391+0000] {processor.py:840} INFO - DAG(s) 'example_dynamic_task_mapping_with_no_taskflow_operators' retrieved from /home/airflow/.local/lib/python3.8/site-packages/airflow/example_dags/example_dynamic_task_mapping_with_no_taskflow_operators.py
[2025-10-14T08:29:12.419+0000] {logging_mixin.py:188} INFO - [2025-10-14T08:29:12.419+0000] {dag.py:3036} INFO - Sync 1 DAGs
[2025-10-14T08:29:12.444+0000] {logging_mixin.py:188} INFO - [2025-10-14T08:29:12.444+0000] {dag.py:3823} INFO - Setting next_dagrun for example_dynamic_task_mapping_with_no_taskflow_operators to 2025-10-13 00:00:00+00:00, run_after=2025-10-14 00:00:00+00:00
[2025-10-14T08:29:12.467+0000] {processor.py:183} INFO - Processing /home/airflow/.local/lib/python3.8/site-packages/airflow/example_dags/example_dynamic_task_mapping_with_no_taskflow_operators.py took 0.091 seconds
[2025-10-14T08:29:42.565+0000] {processor.py:161} INFO - Started process (PID=65577) to work on /home/airflow/.local/lib/python3.8/site-packages/airflow/example_dags/example_dynamic_task_mapping_with_no_taskflow_operators.py
[2025-10-14T08:29:42.567+0000] {processor.py:830} INFO - Processing file /home/airflow/.local/lib/python3.8/site-packages/airflow/example_dags/example_dynamic_task_mapping_with_no_taskflow_operators.py for tasks to queue
[2025-10-14T08:29:42.568+0000] {logging_mixin.py:188} INFO - [2025-10-14T08:29:42.568+0000] {dagbag.py:538} INFO - Filling up the DagBag from /home/airflow/.local/lib/python3.8/site-packages/airflow/example_dags/example_dynamic_task_mapping_with_no_taskflow_operators.py
[2025-10-14T08:29:42.577+0000] {processor.py:840} INFO - DAG(s) 'example_dynamic_task_mapping_with_no_taskflow_operators' retrieved from /home/airflow/.local/lib/python3.8/site-packages/airflow/example_dags/example_dynamic_task_mapping_with_no_taskflow_operators.py
[2025-10-14T08:29:42.605+0000] {logging_mixin.py:188} INFO - [2025-10-14T08:29:42.605+0000] {dag.py:3036} INFO - Sync 1 DAGs
[2025-10-14T08:29:42.632+0000] {logging_mixin.py:188} INFO - [2025-10-14T08:29:42.632+0000] {dag.py:3823} INFO - Setting next_dagrun for example_dynamic_task_mapping_with_no_taskflow_operators to 2025-10-13 00:00:00+00:00, run_after=2025-10-14 00:00:00+00:00
[2025-10-14T08:29:42.657+0000] {processor.py:183} INFO - Processing /home/airflow/.local/lib/python3.8/site-packages/airflow/example_dags/example_dynamic_task_mapping_with_no_taskflow_operators.py took 0.096 seconds
[2025-10-14T08:30:13.003+0000] {processor.py:161} INFO - Started process (PID=65646) to work on /home/airflow/.local/lib/python3.8/site-packages/airflow/example_dags/example_dynamic_task_mapping_with_no_taskflow_operators.py
[2025-10-14T08:30:13.005+0000] {processor.py:830} INFO - Processing file /home/airflow/.local/lib/python3.8/site-packages/airflow/example_dags/example_dynamic_task_mapping_with_no_taskflow_operators.py for tasks to queue
[2025-10-14T08:30:13.006+0000] {logging_mixin.py:188} INFO - [2025-10-14T08:30:13.005+0000] {dagbag.py:538} INFO - Filling up the DagBag from /home/airflow/.local/lib/python3.8/site-packages/airflow/example_dags/example_dynamic_task_mapping_with_no_taskflow_operators.py
[2025-10-14T08:30:13.014+0000] {processor.py:840} INFO - DAG(s) 'example_dynamic_task_mapping_with_no_taskflow_operators' retrieved from /home/airflow/.local/lib/python3.8/site-packages/airflow/example_dags/example_dynamic_task_mapping_with_no_taskflow_operators.py
[2025-10-14T08:30:13.041+0000] {logging_mixin.py:188} INFO - [2025-10-14T08:30:13.041+0000] {dag.py:3036} INFO - Sync 1 DAGs
[2025-10-14T08:30:13.070+0000] {logging_mixin.py:188} INFO - [2025-10-14T08:30:13.069+0000] {dag.py:3823} INFO - Setting next_dagrun for example_dynamic_task_mapping_with_no_taskflow_operators to 2025-10-13 00:00:00+00:00, run_after=2025-10-14 00:00:00+00:00
[2025-10-14T08:30:13.092+0000] {processor.py:183} INFO - Processing /home/airflow/.local/lib/python3.8/site-packages/airflow/example_dags/example_dynamic_task_mapping_with_no_taskflow_operators.py took 0.092 seconds
[2025-10-14T08:30:43.825+0000] {processor.py:161} INFO - Started process (PID=65716) to work on /home/airflow/.local/lib/python3.8/site-packages/airflow/example_dags/example_dynamic_task_mapping_with_no_taskflow_operators.py
[2025-10-14T08:30:43.827+0000] {processor.py:830} INFO - Processing file /home/airflow/.local/lib/python3.8/site-packages/airflow/example_dags/example_dynamic_task_mapping_with_no_taskflow_operators.py for tasks to queue
[2025-10-14T08:30:43.828+0000] {logging_mixin.py:188} INFO - [2025-10-14T08:30:43.828+0000] {dagbag.py:538} INFO - Filling up the DagBag from /home/airflow/.local/lib/python3.8/site-packages/airflow/example_dags/example_dynamic_task_mapping_with_no_taskflow_operators.py
[2025-10-14T08:30:43.837+0000] {processor.py:840} INFO - DAG(s) 'example_dynamic_task_mapping_with_no_taskflow_operators' retrieved from /home/airflow/.local/lib/python3.8/site-packages/airflow/example_dags/example_dynamic_task_mapping_with_no_taskflow_operators.py
[2025-10-14T08:30:43.868+0000] {logging_mixin.py:188} INFO - [2025-10-14T08:30:43.868+0000] {dag.py:3036} INFO - Sync 1 DAGs
[2025-10-14T08:30:43.897+0000] {logging_mixin.py:188} INFO - [2025-10-14T08:30:43.897+0000] {dag.py:3823} INFO - Setting next_dagrun for example_dynamic_task_mapping_with_no_taskflow_operators to 2025-10-13 00:00:00+00:00, run_after=2025-10-14 00:00:00+00:00
[2025-10-14T08:30:43.920+0000] {processor.py:183} INFO - Processing /home/airflow/.local/lib/python3.8/site-packages/airflow/example_dags/example_dynamic_task_mapping_with_no_taskflow_operators.py took 0.099 seconds
[2025-10-14T08:31:14.243+0000] {processor.py:161} INFO - Started process (PID=65786) to work on /home/airflow/.local/lib/python3.8/site-packages/airflow/example_dags/example_dynamic_task_mapping_with_no_taskflow_operators.py
[2025-10-14T08:31:14.244+0000] {processor.py:830} INFO - Processing file /home/airflow/.local/lib/python3.8/site-packages/airflow/example_dags/example_dynamic_task_mapping_with_no_taskflow_operators.py for tasks to queue
[2025-10-14T08:31:14.245+0000] {logging_mixin.py:188} INFO - [2025-10-14T08:31:14.245+0000] {dagbag.py:538} INFO - Filling up the DagBag from /home/airflow/.local/lib/python3.8/site-packages/airflow/example_dags/example_dynamic_task_mapping_with_no_taskflow_operators.py
[2025-10-14T08:31:14.255+0000] {processor.py:840} INFO - DAG(s) 'example_dynamic_task_mapping_with_no_taskflow_operators' retrieved from /home/airflow/.local/lib/python3.8/site-packages/airflow/example_dags/example_dynamic_task_mapping_with_no_taskflow_operators.py
[2025-10-14T08:31:14.283+0000] {logging_mixin.py:188} INFO - [2025-10-14T08:31:14.282+0000] {dag.py:3036} INFO - Sync 1 DAGs
[2025-10-14T08:31:14.309+0000] {logging_mixin.py:188} INFO - [2025-10-14T08:31:14.309+0000] {dag.py:3823} INFO - Setting next_dagrun for example_dynamic_task_mapping_with_no_taskflow_operators to 2025-10-13 00:00:00+00:00, run_after=2025-10-14 00:00:00+00:00
[2025-10-14T08:31:14.331+0000] {processor.py:183} INFO - Processing /home/airflow/.local/lib/python3.8/site-packages/airflow/example_dags/example_dynamic_task_mapping_with_no_taskflow_operators.py took 0.093 seconds
[2025-10-14T08:31:44.535+0000] {processor.py:161} INFO - Started process (PID=65855) to work on /home/airflow/.local/lib/python3.8/site-packages/airflow/example_dags/example_dynamic_task_mapping_with_no_taskflow_operators.py
[2025-10-14T08:31:44.537+0000] {processor.py:830} INFO - Processing file /home/airflow/.local/lib/python3.8/site-packages/airflow/example_dags/example_dynamic_task_mapping_with_no_taskflow_operators.py for tasks to queue
[2025-10-14T08:31:44.538+0000] {logging_mixin.py:188} INFO - [2025-10-14T08:31:44.538+0000] {dagbag.py:538} INFO - Filling up the DagBag from /home/airflow/.local/lib/python3.8/site-packages/airflow/example_dags/example_dynamic_task_mapping_with_no_taskflow_operators.py
[2025-10-14T08:31:44.547+0000] {processor.py:840} INFO - DAG(s) 'example_dynamic_task_mapping_with_no_taskflow_operators' retrieved from /home/airflow/.local/lib/python3.8/site-packages/airflow/example_dags/example_dynamic_task_mapping_with_no_taskflow_operators.py
[2025-10-14T08:31:44.576+0000] {logging_mixin.py:188} INFO - [2025-10-14T08:31:44.576+0000] {dag.py:3036} INFO - Sync 1 DAGs
[2025-10-14T08:31:44.605+0000] {logging_mixin.py:188} INFO - [2025-10-14T08:31:44.604+0000] {dag.py:3823} INFO - Setting next_dagrun for example_dynamic_task_mapping_with_no_taskflow_operators to 2025-10-13 00:00:00+00:00, run_after=2025-10-14 00:00:00+00:00
[2025-10-14T08:31:44.751+0000] {processor.py:183} INFO - Processing /home/airflow/.local/lib/python3.8/site-packages/airflow/example_dags/example_dynamic_task_mapping_with_no_taskflow_operators.py took 0.220 seconds
[2025-10-14T08:32:15.689+0000] {processor.py:161} INFO - Started process (PID=65924) to work on /home/airflow/.local/lib/python3.8/site-packages/airflow/example_dags/example_dynamic_task_mapping_with_no_taskflow_operators.py
[2025-10-14T08:32:15.691+0000] {processor.py:830} INFO - Processing file /home/airflow/.local/lib/python3.8/site-packages/airflow/example_dags/example_dynamic_task_mapping_with_no_taskflow_operators.py for tasks to queue
[2025-10-14T08:32:15.692+0000] {logging_mixin.py:188} INFO - [2025-10-14T08:32:15.692+0000] {dagbag.py:538} INFO - Filling up the DagBag from /home/airflow/.local/lib/python3.8/site-packages/airflow/example_dags/example_dynamic_task_mapping_with_no_taskflow_operators.py
[2025-10-14T08:32:15.701+0000] {processor.py:840} INFO - DAG(s) 'example_dynamic_task_mapping_with_no_taskflow_operators' retrieved from /home/airflow/.local/lib/python3.8/site-packages/airflow/example_dags/example_dynamic_task_mapping_with_no_taskflow_operators.py
[2025-10-14T08:32:15.732+0000] {logging_mixin.py:188} INFO - [2025-10-14T08:32:15.732+0000] {dag.py:3036} INFO - Sync 1 DAGs
[2025-10-14T08:32:15.763+0000] {logging_mixin.py:188} INFO - [2025-10-14T08:32:15.763+0000] {dag.py:3823} INFO - Setting next_dagrun for example_dynamic_task_mapping_with_no_taskflow_operators to 2025-10-13 00:00:00+00:00, run_after=2025-10-14 00:00:00+00:00
[2025-10-14T08:32:15.918+0000] {processor.py:183} INFO - Processing /home/airflow/.local/lib/python3.8/site-packages/airflow/example_dags/example_dynamic_task_mapping_with_no_taskflow_operators.py took 0.233 seconds
[2025-10-14T08:32:46.931+0000] {processor.py:161} INFO - Started process (PID=65994) to work on /home/airflow/.local/lib/python3.8/site-packages/airflow/example_dags/example_dynamic_task_mapping_with_no_taskflow_operators.py
[2025-10-14T08:32:46.932+0000] {processor.py:830} INFO - Processing file /home/airflow/.local/lib/python3.8/site-packages/airflow/example_dags/example_dynamic_task_mapping_with_no_taskflow_operators.py for tasks to queue
[2025-10-14T08:32:46.933+0000] {logging_mixin.py:188} INFO - [2025-10-14T08:32:46.933+0000] {dagbag.py:538} INFO - Filling up the DagBag from /home/airflow/.local/lib/python3.8/site-packages/airflow/example_dags/example_dynamic_task_mapping_with_no_taskflow_operators.py
[2025-10-14T08:32:46.945+0000] {processor.py:840} INFO - DAG(s) 'example_dynamic_task_mapping_with_no_taskflow_operators' retrieved from /home/airflow/.local/lib/python3.8/site-packages/airflow/example_dags/example_dynamic_task_mapping_with_no_taskflow_operators.py
[2025-10-14T08:32:46.972+0000] {logging_mixin.py:188} INFO - [2025-10-14T08:32:46.972+0000] {dag.py:3036} INFO - Sync 1 DAGs
[2025-10-14T08:32:47.164+0000] {logging_mixin.py:188} INFO - [2025-10-14T08:32:47.163+0000] {dag.py:3823} INFO - Setting next_dagrun for example_dynamic_task_mapping_with_no_taskflow_operators to 2025-10-13 00:00:00+00:00, run_after=2025-10-14 00:00:00+00:00
[2025-10-14T08:32:47.191+0000] {processor.py:183} INFO - Processing /home/airflow/.local/lib/python3.8/site-packages/airflow/example_dags/example_dynamic_task_mapping_with_no_taskflow_operators.py took 0.263 seconds
[2025-10-14T08:33:18.509+0000] {processor.py:161} INFO - Started process (PID=66066) to work on /home/airflow/.local/lib/python3.8/site-packages/airflow/example_dags/example_dynamic_task_mapping_with_no_taskflow_operators.py
[2025-10-14T08:33:18.511+0000] {processor.py:830} INFO - Processing file /home/airflow/.local/lib/python3.8/site-packages/airflow/example_dags/example_dynamic_task_mapping_with_no_taskflow_operators.py for tasks to queue
[2025-10-14T08:33:18.512+0000] {logging_mixin.py:188} INFO - [2025-10-14T08:33:18.512+0000] {dagbag.py:538} INFO - Filling up the DagBag from /home/airflow/.local/lib/python3.8/site-packages/airflow/example_dags/example_dynamic_task_mapping_with_no_taskflow_operators.py
[2025-10-14T08:33:18.520+0000] {processor.py:840} INFO - DAG(s) 'example_dynamic_task_mapping_with_no_taskflow_operators' retrieved from /home/airflow/.local/lib/python3.8/site-packages/airflow/example_dags/example_dynamic_task_mapping_with_no_taskflow_operators.py
[2025-10-14T08:33:18.550+0000] {logging_mixin.py:188} INFO - [2025-10-14T08:33:18.549+0000] {dag.py:3036} INFO - Sync 1 DAGs
[2025-10-14T08:33:18.744+0000] {logging_mixin.py:188} INFO - [2025-10-14T08:33:18.743+0000] {dag.py:3823} INFO - Setting next_dagrun for example_dynamic_task_mapping_with_no_taskflow_operators to 2025-10-13 00:00:00+00:00, run_after=2025-10-14 00:00:00+00:00
[2025-10-14T08:33:18.772+0000] {processor.py:183} INFO - Processing /home/airflow/.local/lib/python3.8/site-packages/airflow/example_dags/example_dynamic_task_mapping_with_no_taskflow_operators.py took 0.266 seconds
[2025-10-14T08:33:49.271+0000] {processor.py:161} INFO - Started process (PID=66135) to work on /home/airflow/.local/lib/python3.8/site-packages/airflow/example_dags/example_dynamic_task_mapping_with_no_taskflow_operators.py
[2025-10-14T08:33:49.273+0000] {processor.py:830} INFO - Processing file /home/airflow/.local/lib/python3.8/site-packages/airflow/example_dags/example_dynamic_task_mapping_with_no_taskflow_operators.py for tasks to queue
[2025-10-14T08:33:49.274+0000] {logging_mixin.py:188} INFO - [2025-10-14T08:33:49.274+0000] {dagbag.py:538} INFO - Filling up the DagBag from /home/airflow/.local/lib/python3.8/site-packages/airflow/example_dags/example_dynamic_task_mapping_with_no_taskflow_operators.py
[2025-10-14T08:33:49.293+0000] {processor.py:840} INFO - DAG(s) 'example_dynamic_task_mapping_with_no_taskflow_operators' retrieved from /home/airflow/.local/lib/python3.8/site-packages/airflow/example_dags/example_dynamic_task_mapping_with_no_taskflow_operators.py
[2025-10-14T08:33:49.469+0000] {logging_mixin.py:188} INFO - [2025-10-14T08:33:49.469+0000] {dag.py:3036} INFO - Sync 1 DAGs
[2025-10-14T08:33:49.492+0000] {logging_mixin.py:188} INFO - [2025-10-14T08:33:49.492+0000] {dag.py:3823} INFO - Setting next_dagrun for example_dynamic_task_mapping_with_no_taskflow_operators to 2025-10-13 00:00:00+00:00, run_after=2025-10-14 00:00:00+00:00
[2025-10-14T08:33:49.517+0000] {processor.py:183} INFO - Processing /home/airflow/.local/lib/python3.8/site-packages/airflow/example_dags/example_dynamic_task_mapping_with_no_taskflow_operators.py took 0.251 seconds
[2025-10-14T08:34:20.534+0000] {processor.py:161} INFO - Started process (PID=66205) to work on /home/airflow/.local/lib/python3.8/site-packages/airflow/example_dags/example_dynamic_task_mapping_with_no_taskflow_operators.py
[2025-10-14T08:34:20.535+0000] {processor.py:830} INFO - Processing file /home/airflow/.local/lib/python3.8/site-packages/airflow/example_dags/example_dynamic_task_mapping_with_no_taskflow_operators.py for tasks to queue
[2025-10-14T08:34:20.536+0000] {logging_mixin.py:188} INFO - [2025-10-14T08:34:20.536+0000] {dagbag.py:538} INFO - Filling up the DagBag from /home/airflow/.local/lib/python3.8/site-packages/airflow/example_dags/example_dynamic_task_mapping_with_no_taskflow_operators.py
[2025-10-14T08:34:20.545+0000] {processor.py:840} INFO - DAG(s) 'example_dynamic_task_mapping_with_no_taskflow_operators' retrieved from /home/airflow/.local/lib/python3.8/site-packages/airflow/example_dags/example_dynamic_task_mapping_with_no_taskflow_operators.py
[2025-10-14T08:34:20.573+0000] {logging_mixin.py:188} INFO - [2025-10-14T08:34:20.572+0000] {dag.py:3036} INFO - Sync 1 DAGs
[2025-10-14T08:34:20.598+0000] {logging_mixin.py:188} INFO - [2025-10-14T08:34:20.598+0000] {dag.py:3823} INFO - Setting next_dagrun for example_dynamic_task_mapping_with_no_taskflow_operators to 2025-10-13 00:00:00+00:00, run_after=2025-10-14 00:00:00+00:00
[2025-10-14T08:34:20.625+0000] {processor.py:183} INFO - Processing /home/airflow/.local/lib/python3.8/site-packages/airflow/example_dags/example_dynamic_task_mapping_with_no_taskflow_operators.py took 0.094 seconds
[2025-10-14T08:34:51.156+0000] {processor.py:161} INFO - Started process (PID=66275) to work on /home/airflow/.local/lib/python3.8/site-packages/airflow/example_dags/example_dynamic_task_mapping_with_no_taskflow_operators.py
[2025-10-14T08:34:51.158+0000] {processor.py:830} INFO - Processing file /home/airflow/.local/lib/python3.8/site-packages/airflow/example_dags/example_dynamic_task_mapping_with_no_taskflow_operators.py for tasks to queue
[2025-10-14T08:34:51.161+0000] {logging_mixin.py:188} INFO - [2025-10-14T08:34:51.159+0000] {dagbag.py:538} INFO - Filling up the DagBag from /home/airflow/.local/lib/python3.8/site-packages/airflow/example_dags/example_dynamic_task_mapping_with_no_taskflow_operators.py
[2025-10-14T08:34:51.175+0000] {processor.py:840} INFO - DAG(s) 'example_dynamic_task_mapping_with_no_taskflow_operators' retrieved from /home/airflow/.local/lib/python3.8/site-packages/airflow/example_dags/example_dynamic_task_mapping_with_no_taskflow_operators.py
[2025-10-14T08:34:51.211+0000] {logging_mixin.py:188} INFO - [2025-10-14T08:34:51.210+0000] {dag.py:3036} INFO - Sync 1 DAGs
[2025-10-14T08:34:51.238+0000] {logging_mixin.py:188} INFO - [2025-10-14T08:34:51.238+0000] {dag.py:3823} INFO - Setting next_dagrun for example_dynamic_task_mapping_with_no_taskflow_operators to 2025-10-13 00:00:00+00:00, run_after=2025-10-14 00:00:00+00:00
[2025-10-14T08:34:51.259+0000] {processor.py:183} INFO - Processing /home/airflow/.local/lib/python3.8/site-packages/airflow/example_dags/example_dynamic_task_mapping_with_no_taskflow_operators.py took 0.108 seconds
[2025-10-14T08:35:21.317+0000] {processor.py:161} INFO - Started process (PID=66344) to work on /home/airflow/.local/lib/python3.8/site-packages/airflow/example_dags/example_dynamic_task_mapping_with_no_taskflow_operators.py
[2025-10-14T08:35:21.318+0000] {processor.py:830} INFO - Processing file /home/airflow/.local/lib/python3.8/site-packages/airflow/example_dags/example_dynamic_task_mapping_with_no_taskflow_operators.py for tasks to queue
[2025-10-14T08:35:21.319+0000] {logging_mixin.py:188} INFO - [2025-10-14T08:35:21.319+0000] {dagbag.py:538} INFO - Filling up the DagBag from /home/airflow/.local/lib/python3.8/site-packages/airflow/example_dags/example_dynamic_task_mapping_with_no_taskflow_operators.py
[2025-10-14T08:35:21.327+0000] {processor.py:840} INFO - DAG(s) 'example_dynamic_task_mapping_with_no_taskflow_operators' retrieved from /home/airflow/.local/lib/python3.8/site-packages/airflow/example_dags/example_dynamic_task_mapping_with_no_taskflow_operators.py
[2025-10-14T08:35:21.355+0000] {logging_mixin.py:188} INFO - [2025-10-14T08:35:21.355+0000] {dag.py:3036} INFO - Sync 1 DAGs
[2025-10-14T08:35:21.381+0000] {logging_mixin.py:188} INFO - [2025-10-14T08:35:21.381+0000] {dag.py:3823} INFO - Setting next_dagrun for example_dynamic_task_mapping_with_no_taskflow_operators to 2025-10-13 00:00:00+00:00, run_after=2025-10-14 00:00:00+00:00
[2025-10-14T08:35:21.404+0000] {processor.py:183} INFO - Processing /home/airflow/.local/lib/python3.8/site-packages/airflow/example_dags/example_dynamic_task_mapping_with_no_taskflow_operators.py took 0.091 seconds
[2025-10-14T08:35:51.622+0000] {processor.py:161} INFO - Started process (PID=66414) to work on /home/airflow/.local/lib/python3.8/site-packages/airflow/example_dags/example_dynamic_task_mapping_with_no_taskflow_operators.py
[2025-10-14T08:35:51.624+0000] {processor.py:830} INFO - Processing file /home/airflow/.local/lib/python3.8/site-packages/airflow/example_dags/example_dynamic_task_mapping_with_no_taskflow_operators.py for tasks to queue
[2025-10-14T08:35:51.625+0000] {logging_mixin.py:188} INFO - [2025-10-14T08:35:51.625+0000] {dagbag.py:538} INFO - Filling up the DagBag from /home/airflow/.local/lib/python3.8/site-packages/airflow/example_dags/example_dynamic_task_mapping_with_no_taskflow_operators.py
[2025-10-14T08:35:51.633+0000] {processor.py:840} INFO - DAG(s) 'example_dynamic_task_mapping_with_no_taskflow_operators' retrieved from /home/airflow/.local/lib/python3.8/site-packages/airflow/example_dags/example_dynamic_task_mapping_with_no_taskflow_operators.py
[2025-10-14T08:35:51.660+0000] {logging_mixin.py:188} INFO - [2025-10-14T08:35:51.659+0000] {dag.py:3036} INFO - Sync 1 DAGs
[2025-10-14T08:35:51.684+0000] {logging_mixin.py:188} INFO - [2025-10-14T08:35:51.684+0000] {dag.py:3823} INFO - Setting next_dagrun for example_dynamic_task_mapping_with_no_taskflow_operators to 2025-10-13 00:00:00+00:00, run_after=2025-10-14 00:00:00+00:00
[2025-10-14T08:35:51.706+0000] {processor.py:183} INFO - Processing /home/airflow/.local/lib/python3.8/site-packages/airflow/example_dags/example_dynamic_task_mapping_with_no_taskflow_operators.py took 0.087 seconds
[2025-10-14T08:36:22.478+0000] {processor.py:161} INFO - Started process (PID=66484) to work on /home/airflow/.local/lib/python3.8/site-packages/airflow/example_dags/example_dynamic_task_mapping_with_no_taskflow_operators.py
[2025-10-14T08:36:22.480+0000] {processor.py:830} INFO - Processing file /home/airflow/.local/lib/python3.8/site-packages/airflow/example_dags/example_dynamic_task_mapping_with_no_taskflow_operators.py for tasks to queue
[2025-10-14T08:36:22.481+0000] {logging_mixin.py:188} INFO - [2025-10-14T08:36:22.481+0000] {dagbag.py:538} INFO - Filling up the DagBag from /home/airflow/.local/lib/python3.8/site-packages/airflow/example_dags/example_dynamic_task_mapping_with_no_taskflow_operators.py
[2025-10-14T08:36:22.490+0000] {processor.py:840} INFO - DAG(s) 'example_dynamic_task_mapping_with_no_taskflow_operators' retrieved from /home/airflow/.local/lib/python3.8/site-packages/airflow/example_dags/example_dynamic_task_mapping_with_no_taskflow_operators.py
[2025-10-14T08:36:22.518+0000] {logging_mixin.py:188} INFO - [2025-10-14T08:36:22.518+0000] {dag.py:3036} INFO - Sync 1 DAGs
[2025-10-14T08:36:22.544+0000] {logging_mixin.py:188} INFO - [2025-10-14T08:36:22.544+0000] {dag.py:3823} INFO - Setting next_dagrun for example_dynamic_task_mapping_with_no_taskflow_operators to 2025-10-13 00:00:00+00:00, run_after=2025-10-14 00:00:00+00:00
[2025-10-14T08:36:22.570+0000] {processor.py:183} INFO - Processing /home/airflow/.local/lib/python3.8/site-packages/airflow/example_dags/example_dynamic_task_mapping_with_no_taskflow_operators.py took 0.096 seconds
[2025-10-14T08:36:53.303+0000] {processor.py:161} INFO - Started process (PID=66552) to work on /home/airflow/.local/lib/python3.8/site-packages/airflow/example_dags/example_dynamic_task_mapping_with_no_taskflow_operators.py
[2025-10-14T08:36:53.304+0000] {processor.py:830} INFO - Processing file /home/airflow/.local/lib/python3.8/site-packages/airflow/example_dags/example_dynamic_task_mapping_with_no_taskflow_operators.py for tasks to queue
[2025-10-14T08:36:53.306+0000] {logging_mixin.py:188} INFO - [2025-10-14T08:36:53.305+0000] {dagbag.py:538} INFO - Filling up the DagBag from /home/airflow/.local/lib/python3.8/site-packages/airflow/example_dags/example_dynamic_task_mapping_with_no_taskflow_operators.py
[2025-10-14T08:36:53.314+0000] {processor.py:840} INFO - DAG(s) 'example_dynamic_task_mapping_with_no_taskflow_operators' retrieved from /home/airflow/.local/lib/python3.8/site-packages/airflow/example_dags/example_dynamic_task_mapping_with_no_taskflow_operators.py
[2025-10-14T08:36:53.342+0000] {logging_mixin.py:188} INFO - [2025-10-14T08:36:53.342+0000] {dag.py:3036} INFO - Sync 1 DAGs
[2025-10-14T08:36:53.369+0000] {logging_mixin.py:188} INFO - [2025-10-14T08:36:53.368+0000] {dag.py:3823} INFO - Setting next_dagrun for example_dynamic_task_mapping_with_no_taskflow_operators to 2025-10-13 00:00:00+00:00, run_after=2025-10-14 00:00:00+00:00
[2025-10-14T08:36:53.391+0000] {processor.py:183} INFO - Processing /home/airflow/.local/lib/python3.8/site-packages/airflow/example_dags/example_dynamic_task_mapping_with_no_taskflow_operators.py took 0.092 seconds
[2025-10-14T08:37:23.997+0000] {processor.py:161} INFO - Started process (PID=66622) to work on /home/airflow/.local/lib/python3.8/site-packages/airflow/example_dags/example_dynamic_task_mapping_with_no_taskflow_operators.py
[2025-10-14T08:37:23.999+0000] {processor.py:830} INFO - Processing file /home/airflow/.local/lib/python3.8/site-packages/airflow/example_dags/example_dynamic_task_mapping_with_no_taskflow_operators.py for tasks to queue
[2025-10-14T08:37:24.000+0000] {logging_mixin.py:188} INFO - [2025-10-14T08:37:24.000+0000] {dagbag.py:538} INFO - Filling up the DagBag from /home/airflow/.local/lib/python3.8/site-packages/airflow/example_dags/example_dynamic_task_mapping_with_no_taskflow_operators.py
[2025-10-14T08:37:24.009+0000] {processor.py:840} INFO - DAG(s) 'example_dynamic_task_mapping_with_no_taskflow_operators' retrieved from /home/airflow/.local/lib/python3.8/site-packages/airflow/example_dags/example_dynamic_task_mapping_with_no_taskflow_operators.py
[2025-10-14T08:37:24.037+0000] {logging_mixin.py:188} INFO - [2025-10-14T08:37:24.037+0000] {dag.py:3036} INFO - Sync 1 DAGs
[2025-10-14T08:37:24.063+0000] {logging_mixin.py:188} INFO - [2025-10-14T08:37:24.063+0000] {dag.py:3823} INFO - Setting next_dagrun for example_dynamic_task_mapping_with_no_taskflow_operators to 2025-10-13 00:00:00+00:00, run_after=2025-10-14 00:00:00+00:00
[2025-10-14T08:37:24.085+0000] {processor.py:183} INFO - Processing /home/airflow/.local/lib/python3.8/site-packages/airflow/example_dags/example_dynamic_task_mapping_with_no_taskflow_operators.py took 0.092 seconds
[2025-10-14T08:37:54.534+0000] {processor.py:161} INFO - Started process (PID=66692) to work on /home/airflow/.local/lib/python3.8/site-packages/airflow/example_dags/example_dynamic_task_mapping_with_no_taskflow_operators.py
[2025-10-14T08:37:54.535+0000] {processor.py:830} INFO - Processing file /home/airflow/.local/lib/python3.8/site-packages/airflow/example_dags/example_dynamic_task_mapping_with_no_taskflow_operators.py for tasks to queue
[2025-10-14T08:37:54.537+0000] {logging_mixin.py:188} INFO - [2025-10-14T08:37:54.536+0000] {dagbag.py:538} INFO - Filling up the DagBag from /home/airflow/.local/lib/python3.8/site-packages/airflow/example_dags/example_dynamic_task_mapping_with_no_taskflow_operators.py
[2025-10-14T08:37:54.546+0000] {processor.py:840} INFO - DAG(s) 'example_dynamic_task_mapping_with_no_taskflow_operators' retrieved from /home/airflow/.local/lib/python3.8/site-packages/airflow/example_dags/example_dynamic_task_mapping_with_no_taskflow_operators.py
[2025-10-14T08:37:54.576+0000] {logging_mixin.py:188} INFO - [2025-10-14T08:37:54.575+0000] {dag.py:3036} INFO - Sync 1 DAGs
[2025-10-14T08:37:54.604+0000] {logging_mixin.py:188} INFO - [2025-10-14T08:37:54.604+0000] {dag.py:3823} INFO - Setting next_dagrun for example_dynamic_task_mapping_with_no_taskflow_operators to 2025-10-13 00:00:00+00:00, run_after=2025-10-14 00:00:00+00:00
[2025-10-14T08:37:54.628+0000] {processor.py:183} INFO - Processing /home/airflow/.local/lib/python3.8/site-packages/airflow/example_dags/example_dynamic_task_mapping_with_no_taskflow_operators.py took 0.099 seconds
[2025-10-14T08:38:24.906+0000] {processor.py:161} INFO - Started process (PID=66762) to work on /home/airflow/.local/lib/python3.8/site-packages/airflow/example_dags/example_dynamic_task_mapping_with_no_taskflow_operators.py
[2025-10-14T08:38:24.907+0000] {processor.py:830} INFO - Processing file /home/airflow/.local/lib/python3.8/site-packages/airflow/example_dags/example_dynamic_task_mapping_with_no_taskflow_operators.py for tasks to queue
[2025-10-14T08:38:24.909+0000] {logging_mixin.py:188} INFO - [2025-10-14T08:38:24.908+0000] {dagbag.py:538} INFO - Filling up the DagBag from /home/airflow/.local/lib/python3.8/site-packages/airflow/example_dags/example_dynamic_task_mapping_with_no_taskflow_operators.py
[2025-10-14T08:38:24.917+0000] {processor.py:840} INFO - DAG(s) 'example_dynamic_task_mapping_with_no_taskflow_operators' retrieved from /home/airflow/.local/lib/python3.8/site-packages/airflow/example_dags/example_dynamic_task_mapping_with_no_taskflow_operators.py
[2025-10-14T08:38:24.946+0000] {logging_mixin.py:188} INFO - [2025-10-14T08:38:24.945+0000] {dag.py:3036} INFO - Sync 1 DAGs
[2025-10-14T08:38:24.977+0000] {logging_mixin.py:188} INFO - [2025-10-14T08:38:24.976+0000] {dag.py:3823} INFO - Setting next_dagrun for example_dynamic_task_mapping_with_no_taskflow_operators to 2025-10-13 00:00:00+00:00, run_after=2025-10-14 00:00:00+00:00
[2025-10-14T08:38:25.001+0000] {processor.py:183} INFO - Processing /home/airflow/.local/lib/python3.8/site-packages/airflow/example_dags/example_dynamic_task_mapping_with_no_taskflow_operators.py took 0.098 seconds
[2025-10-14T08:38:55.704+0000] {processor.py:161} INFO - Started process (PID=66832) to work on /home/airflow/.local/lib/python3.8/site-packages/airflow/example_dags/example_dynamic_task_mapping_with_no_taskflow_operators.py
[2025-10-14T08:38:55.705+0000] {processor.py:830} INFO - Processing file /home/airflow/.local/lib/python3.8/site-packages/airflow/example_dags/example_dynamic_task_mapping_with_no_taskflow_operators.py for tasks to queue
[2025-10-14T08:38:55.706+0000] {logging_mixin.py:188} INFO - [2025-10-14T08:38:55.706+0000] {dagbag.py:538} INFO - Filling up the DagBag from /home/airflow/.local/lib/python3.8/site-packages/airflow/example_dags/example_dynamic_task_mapping_with_no_taskflow_operators.py
[2025-10-14T08:38:55.715+0000] {processor.py:840} INFO - DAG(s) 'example_dynamic_task_mapping_with_no_taskflow_operators' retrieved from /home/airflow/.local/lib/python3.8/site-packages/airflow/example_dags/example_dynamic_task_mapping_with_no_taskflow_operators.py
[2025-10-14T08:38:55.748+0000] {logging_mixin.py:188} INFO - [2025-10-14T08:38:55.748+0000] {dag.py:3036} INFO - Sync 1 DAGs
[2025-10-14T08:38:55.777+0000] {logging_mixin.py:188} INFO - [2025-10-14T08:38:55.776+0000] {dag.py:3823} INFO - Setting next_dagrun for example_dynamic_task_mapping_with_no_taskflow_operators to 2025-10-13 00:00:00+00:00, run_after=2025-10-14 00:00:00+00:00
[2025-10-14T08:38:55.802+0000] {processor.py:183} INFO - Processing /home/airflow/.local/lib/python3.8/site-packages/airflow/example_dags/example_dynamic_task_mapping_with_no_taskflow_operators.py took 0.102 seconds
[2025-10-14T08:39:26.462+0000] {processor.py:161} INFO - Started process (PID=66901) to work on /home/airflow/.local/lib/python3.8/site-packages/airflow/example_dags/example_dynamic_task_mapping_with_no_taskflow_operators.py
[2025-10-14T08:39:26.463+0000] {processor.py:830} INFO - Processing file /home/airflow/.local/lib/python3.8/site-packages/airflow/example_dags/example_dynamic_task_mapping_with_no_taskflow_operators.py for tasks to queue
[2025-10-14T08:39:26.464+0000] {logging_mixin.py:188} INFO - [2025-10-14T08:39:26.464+0000] {dagbag.py:538} INFO - Filling up the DagBag from /home/airflow/.local/lib/python3.8/site-packages/airflow/example_dags/example_dynamic_task_mapping_with_no_taskflow_operators.py
[2025-10-14T08:39:26.472+0000] {processor.py:840} INFO - DAG(s) 'example_dynamic_task_mapping_with_no_taskflow_operators' retrieved from /home/airflow/.local/lib/python3.8/site-packages/airflow/example_dags/example_dynamic_task_mapping_with_no_taskflow_operators.py
[2025-10-14T08:39:26.501+0000] {logging_mixin.py:188} INFO - [2025-10-14T08:39:26.501+0000] {dag.py:3036} INFO - Sync 1 DAGs
[2025-10-14T08:39:26.526+0000] {logging_mixin.py:188} INFO - [2025-10-14T08:39:26.526+0000] {dag.py:3823} INFO - Setting next_dagrun for example_dynamic_task_mapping_with_no_taskflow_operators to 2025-10-13 00:00:00+00:00, run_after=2025-10-14 00:00:00+00:00
[2025-10-14T08:39:26.553+0000] {processor.py:183} INFO - Processing /home/airflow/.local/lib/python3.8/site-packages/airflow/example_dags/example_dynamic_task_mapping_with_no_taskflow_operators.py took 0.095 seconds
[2025-10-14T08:39:56.835+0000] {processor.py:161} INFO - Started process (PID=66970) to work on /home/airflow/.local/lib/python3.8/site-packages/airflow/example_dags/example_dynamic_task_mapping_with_no_taskflow_operators.py
[2025-10-14T08:39:56.836+0000] {processor.py:830} INFO - Processing file /home/airflow/.local/lib/python3.8/site-packages/airflow/example_dags/example_dynamic_task_mapping_with_no_taskflow_operators.py for tasks to queue
[2025-10-14T08:39:56.838+0000] {logging_mixin.py:188} INFO - [2025-10-14T08:39:56.837+0000] {dagbag.py:538} INFO - Filling up the DagBag from /home/airflow/.local/lib/python3.8/site-packages/airflow/example_dags/example_dynamic_task_mapping_with_no_taskflow_operators.py
[2025-10-14T08:39:56.846+0000] {processor.py:840} INFO - DAG(s) 'example_dynamic_task_mapping_with_no_taskflow_operators' retrieved from /home/airflow/.local/lib/python3.8/site-packages/airflow/example_dags/example_dynamic_task_mapping_with_no_taskflow_operators.py
[2025-10-14T08:39:56.872+0000] {logging_mixin.py:188} INFO - [2025-10-14T08:39:56.872+0000] {dag.py:3036} INFO - Sync 1 DAGs
[2025-10-14T08:39:56.899+0000] {logging_mixin.py:188} INFO - [2025-10-14T08:39:56.899+0000] {dag.py:3823} INFO - Setting next_dagrun for example_dynamic_task_mapping_with_no_taskflow_operators to 2025-10-13 00:00:00+00:00, run_after=2025-10-14 00:00:00+00:00
[2025-10-14T08:39:56.923+0000] {processor.py:183} INFO - Processing /home/airflow/.local/lib/python3.8/site-packages/airflow/example_dags/example_dynamic_task_mapping_with_no_taskflow_operators.py took 0.092 seconds
[2025-10-14T08:40:27.300+0000] {processor.py:161} INFO - Started process (PID=67040) to work on /home/airflow/.local/lib/python3.8/site-packages/airflow/example_dags/example_dynamic_task_mapping_with_no_taskflow_operators.py
[2025-10-14T08:40:27.301+0000] {processor.py:830} INFO - Processing file /home/airflow/.local/lib/python3.8/site-packages/airflow/example_dags/example_dynamic_task_mapping_with_no_taskflow_operators.py for tasks to queue
[2025-10-14T08:40:27.303+0000] {logging_mixin.py:188} INFO - [2025-10-14T08:40:27.302+0000] {dagbag.py:538} INFO - Filling up the DagBag from /home/airflow/.local/lib/python3.8/site-packages/airflow/example_dags/example_dynamic_task_mapping_with_no_taskflow_operators.py
[2025-10-14T08:40:27.311+0000] {processor.py:840} INFO - DAG(s) 'example_dynamic_task_mapping_with_no_taskflow_operators' retrieved from /home/airflow/.local/lib/python3.8/site-packages/airflow/example_dags/example_dynamic_task_mapping_with_no_taskflow_operators.py
[2025-10-14T08:40:27.341+0000] {logging_mixin.py:188} INFO - [2025-10-14T08:40:27.341+0000] {dag.py:3036} INFO - Sync 1 DAGs
[2025-10-14T08:40:27.368+0000] {logging_mixin.py:188} INFO - [2025-10-14T08:40:27.368+0000] {dag.py:3823} INFO - Setting next_dagrun for example_dynamic_task_mapping_with_no_taskflow_operators to 2025-10-13 00:00:00+00:00, run_after=2025-10-14 00:00:00+00:00
[2025-10-14T08:40:27.392+0000] {processor.py:183} INFO - Processing /home/airflow/.local/lib/python3.8/site-packages/airflow/example_dags/example_dynamic_task_mapping_with_no_taskflow_operators.py took 0.097 seconds
[2025-10-14T08:40:57.886+0000] {processor.py:161} INFO - Started process (PID=67110) to work on /home/airflow/.local/lib/python3.8/site-packages/airflow/example_dags/example_dynamic_task_mapping_with_no_taskflow_operators.py
[2025-10-14T08:40:57.887+0000] {processor.py:830} INFO - Processing file /home/airflow/.local/lib/python3.8/site-packages/airflow/example_dags/example_dynamic_task_mapping_with_no_taskflow_operators.py for tasks to queue
[2025-10-14T08:40:57.888+0000] {logging_mixin.py:188} INFO - [2025-10-14T08:40:57.888+0000] {dagbag.py:538} INFO - Filling up the DagBag from /home/airflow/.local/lib/python3.8/site-packages/airflow/example_dags/example_dynamic_task_mapping_with_no_taskflow_operators.py
[2025-10-14T08:40:57.896+0000] {processor.py:840} INFO - DAG(s) 'example_dynamic_task_mapping_with_no_taskflow_operators' retrieved from /home/airflow/.local/lib/python3.8/site-packages/airflow/example_dags/example_dynamic_task_mapping_with_no_taskflow_operators.py
[2025-10-14T08:40:57.926+0000] {logging_mixin.py:188} INFO - [2025-10-14T08:40:57.925+0000] {dag.py:3036} INFO - Sync 1 DAGs
[2025-10-14T08:40:57.952+0000] {logging_mixin.py:188} INFO - [2025-10-14T08:40:57.952+0000] {dag.py:3823} INFO - Setting next_dagrun for example_dynamic_task_mapping_with_no_taskflow_operators to 2025-10-13 00:00:00+00:00, run_after=2025-10-14 00:00:00+00:00
[2025-10-14T08:40:57.984+0000] {processor.py:183} INFO - Processing /home/airflow/.local/lib/python3.8/site-packages/airflow/example_dags/example_dynamic_task_mapping_with_no_taskflow_operators.py took 0.102 seconds
[2025-10-14T08:41:28.249+0000] {processor.py:161} INFO - Started process (PID=67180) to work on /home/airflow/.local/lib/python3.8/site-packages/airflow/example_dags/example_dynamic_task_mapping_with_no_taskflow_operators.py
[2025-10-14T08:41:28.251+0000] {processor.py:830} INFO - Processing file /home/airflow/.local/lib/python3.8/site-packages/airflow/example_dags/example_dynamic_task_mapping_with_no_taskflow_operators.py for tasks to queue
[2025-10-14T08:41:28.252+0000] {logging_mixin.py:188} INFO - [2025-10-14T08:41:28.252+0000] {dagbag.py:538} INFO - Filling up the DagBag from /home/airflow/.local/lib/python3.8/site-packages/airflow/example_dags/example_dynamic_task_mapping_with_no_taskflow_operators.py
[2025-10-14T08:41:28.260+0000] {processor.py:840} INFO - DAG(s) 'example_dynamic_task_mapping_with_no_taskflow_operators' retrieved from /home/airflow/.local/lib/python3.8/site-packages/airflow/example_dags/example_dynamic_task_mapping_with_no_taskflow_operators.py
[2025-10-14T08:41:28.288+0000] {logging_mixin.py:188} INFO - [2025-10-14T08:41:28.287+0000] {dag.py:3036} INFO - Sync 1 DAGs
[2025-10-14T08:41:28.314+0000] {logging_mixin.py:188} INFO - [2025-10-14T08:41:28.314+0000] {dag.py:3823} INFO - Setting next_dagrun for example_dynamic_task_mapping_with_no_taskflow_operators to 2025-10-13 00:00:00+00:00, run_after=2025-10-14 00:00:00+00:00
[2025-10-14T08:41:28.337+0000] {processor.py:183} INFO - Processing /home/airflow/.local/lib/python3.8/site-packages/airflow/example_dags/example_dynamic_task_mapping_with_no_taskflow_operators.py took 0.091 seconds
[2025-10-14T08:41:58.469+0000] {processor.py:161} INFO - Started process (PID=67250) to work on /home/airflow/.local/lib/python3.8/site-packages/airflow/example_dags/example_dynamic_task_mapping_with_no_taskflow_operators.py
[2025-10-14T08:41:58.471+0000] {processor.py:830} INFO - Processing file /home/airflow/.local/lib/python3.8/site-packages/airflow/example_dags/example_dynamic_task_mapping_with_no_taskflow_operators.py for tasks to queue
[2025-10-14T08:41:58.473+0000] {logging_mixin.py:188} INFO - [2025-10-14T08:41:58.472+0000] {dagbag.py:538} INFO - Filling up the DagBag from /home/airflow/.local/lib/python3.8/site-packages/airflow/example_dags/example_dynamic_task_mapping_with_no_taskflow_operators.py
[2025-10-14T08:41:58.480+0000] {processor.py:840} INFO - DAG(s) 'example_dynamic_task_mapping_with_no_taskflow_operators' retrieved from /home/airflow/.local/lib/python3.8/site-packages/airflow/example_dags/example_dynamic_task_mapping_with_no_taskflow_operators.py
[2025-10-14T08:41:58.508+0000] {logging_mixin.py:188} INFO - [2025-10-14T08:41:58.508+0000] {dag.py:3036} INFO - Sync 1 DAGs
[2025-10-14T08:41:58.535+0000] {logging_mixin.py:188} INFO - [2025-10-14T08:41:58.535+0000] {dag.py:3823} INFO - Setting next_dagrun for example_dynamic_task_mapping_with_no_taskflow_operators to 2025-10-13 00:00:00+00:00, run_after=2025-10-14 00:00:00+00:00
[2025-10-14T08:41:58.560+0000] {processor.py:183} INFO - Processing /home/airflow/.local/lib/python3.8/site-packages/airflow/example_dags/example_dynamic_task_mapping_with_no_taskflow_operators.py took 0.097 seconds
[2025-10-14T08:42:28.886+0000] {processor.py:161} INFO - Started process (PID=67320) to work on /home/airflow/.local/lib/python3.8/site-packages/airflow/example_dags/example_dynamic_task_mapping_with_no_taskflow_operators.py
[2025-10-14T08:42:28.888+0000] {processor.py:830} INFO - Processing file /home/airflow/.local/lib/python3.8/site-packages/airflow/example_dags/example_dynamic_task_mapping_with_no_taskflow_operators.py for tasks to queue
[2025-10-14T08:42:28.890+0000] {logging_mixin.py:188} INFO - [2025-10-14T08:42:28.890+0000] {dagbag.py:538} INFO - Filling up the DagBag from /home/airflow/.local/lib/python3.8/site-packages/airflow/example_dags/example_dynamic_task_mapping_with_no_taskflow_operators.py
[2025-10-14T08:42:28.901+0000] {processor.py:840} INFO - DAG(s) 'example_dynamic_task_mapping_with_no_taskflow_operators' retrieved from /home/airflow/.local/lib/python3.8/site-packages/airflow/example_dags/example_dynamic_task_mapping_with_no_taskflow_operators.py
[2025-10-14T08:42:28.933+0000] {logging_mixin.py:188} INFO - [2025-10-14T08:42:28.933+0000] {dag.py:3036} INFO - Sync 1 DAGs
[2025-10-14T08:42:28.959+0000] {logging_mixin.py:188} INFO - [2025-10-14T08:42:28.958+0000] {dag.py:3823} INFO - Setting next_dagrun for example_dynamic_task_mapping_with_no_taskflow_operators to 2025-10-13 00:00:00+00:00, run_after=2025-10-14 00:00:00+00:00
[2025-10-14T08:42:28.981+0000] {processor.py:183} INFO - Processing /home/airflow/.local/lib/python3.8/site-packages/airflow/example_dags/example_dynamic_task_mapping_with_no_taskflow_operators.py took 0.099 seconds
[2025-10-14T08:42:59.864+0000] {processor.py:161} INFO - Started process (PID=67390) to work on /home/airflow/.local/lib/python3.8/site-packages/airflow/example_dags/example_dynamic_task_mapping_with_no_taskflow_operators.py
[2025-10-14T08:42:59.865+0000] {processor.py:830} INFO - Processing file /home/airflow/.local/lib/python3.8/site-packages/airflow/example_dags/example_dynamic_task_mapping_with_no_taskflow_operators.py for tasks to queue
[2025-10-14T08:42:59.867+0000] {logging_mixin.py:188} INFO - [2025-10-14T08:42:59.866+0000] {dagbag.py:538} INFO - Filling up the DagBag from /home/airflow/.local/lib/python3.8/site-packages/airflow/example_dags/example_dynamic_task_mapping_with_no_taskflow_operators.py
[2025-10-14T08:42:59.875+0000] {processor.py:840} INFO - DAG(s) 'example_dynamic_task_mapping_with_no_taskflow_operators' retrieved from /home/airflow/.local/lib/python3.8/site-packages/airflow/example_dags/example_dynamic_task_mapping_with_no_taskflow_operators.py
[2025-10-14T08:42:59.906+0000] {logging_mixin.py:188} INFO - [2025-10-14T08:42:59.905+0000] {dag.py:3036} INFO - Sync 1 DAGs
[2025-10-14T08:42:59.933+0000] {logging_mixin.py:188} INFO - [2025-10-14T08:42:59.933+0000] {dag.py:3823} INFO - Setting next_dagrun for example_dynamic_task_mapping_with_no_taskflow_operators to 2025-10-13 00:00:00+00:00, run_after=2025-10-14 00:00:00+00:00
[2025-10-14T08:42:59.955+0000] {processor.py:183} INFO - Processing /home/airflow/.local/lib/python3.8/site-packages/airflow/example_dags/example_dynamic_task_mapping_with_no_taskflow_operators.py took 0.096 seconds
[2025-10-14T08:43:30.361+0000] {processor.py:161} INFO - Started process (PID=67460) to work on /home/airflow/.local/lib/python3.8/site-packages/airflow/example_dags/example_dynamic_task_mapping_with_no_taskflow_operators.py
[2025-10-14T08:43:30.363+0000] {processor.py:830} INFO - Processing file /home/airflow/.local/lib/python3.8/site-packages/airflow/example_dags/example_dynamic_task_mapping_with_no_taskflow_operators.py for tasks to queue
[2025-10-14T08:43:30.365+0000] {logging_mixin.py:188} INFO - [2025-10-14T08:43:30.364+0000] {dagbag.py:538} INFO - Filling up the DagBag from /home/airflow/.local/lib/python3.8/site-packages/airflow/example_dags/example_dynamic_task_mapping_with_no_taskflow_operators.py
[2025-10-14T08:43:30.374+0000] {processor.py:840} INFO - DAG(s) 'example_dynamic_task_mapping_with_no_taskflow_operators' retrieved from /home/airflow/.local/lib/python3.8/site-packages/airflow/example_dags/example_dynamic_task_mapping_with_no_taskflow_operators.py
[2025-10-14T08:43:30.402+0000] {logging_mixin.py:188} INFO - [2025-10-14T08:43:30.402+0000] {dag.py:3036} INFO - Sync 1 DAGs
[2025-10-14T08:43:30.428+0000] {logging_mixin.py:188} INFO - [2025-10-14T08:43:30.428+0000] {dag.py:3823} INFO - Setting next_dagrun for example_dynamic_task_mapping_with_no_taskflow_operators to 2025-10-13 00:00:00+00:00, run_after=2025-10-14 00:00:00+00:00
[2025-10-14T08:43:30.455+0000] {processor.py:183} INFO - Processing /home/airflow/.local/lib/python3.8/site-packages/airflow/example_dags/example_dynamic_task_mapping_with_no_taskflow_operators.py took 0.098 seconds
[2025-10-14T08:44:01.040+0000] {processor.py:161} INFO - Started process (PID=67531) to work on /home/airflow/.local/lib/python3.8/site-packages/airflow/example_dags/example_dynamic_task_mapping_with_no_taskflow_operators.py
[2025-10-14T08:44:01.042+0000] {processor.py:830} INFO - Processing file /home/airflow/.local/lib/python3.8/site-packages/airflow/example_dags/example_dynamic_task_mapping_with_no_taskflow_operators.py for tasks to queue
[2025-10-14T08:44:01.043+0000] {logging_mixin.py:188} INFO - [2025-10-14T08:44:01.043+0000] {dagbag.py:538} INFO - Filling up the DagBag from /home/airflow/.local/lib/python3.8/site-packages/airflow/example_dags/example_dynamic_task_mapping_with_no_taskflow_operators.py
[2025-10-14T08:44:01.052+0000] {processor.py:840} INFO - DAG(s) 'example_dynamic_task_mapping_with_no_taskflow_operators' retrieved from /home/airflow/.local/lib/python3.8/site-packages/airflow/example_dags/example_dynamic_task_mapping_with_no_taskflow_operators.py
[2025-10-14T08:44:01.080+0000] {logging_mixin.py:188} INFO - [2025-10-14T08:44:01.080+0000] {dag.py:3036} INFO - Sync 1 DAGs
[2025-10-14T08:44:01.107+0000] {logging_mixin.py:188} INFO - [2025-10-14T08:44:01.106+0000] {dag.py:3823} INFO - Setting next_dagrun for example_dynamic_task_mapping_with_no_taskflow_operators to 2025-10-13 00:00:00+00:00, run_after=2025-10-14 00:00:00+00:00
[2025-10-14T08:44:01.130+0000] {processor.py:183} INFO - Processing /home/airflow/.local/lib/python3.8/site-packages/airflow/example_dags/example_dynamic_task_mapping_with_no_taskflow_operators.py took 0.094 seconds
[2025-10-14T08:44:31.306+0000] {processor.py:161} INFO - Started process (PID=67603) to work on /home/airflow/.local/lib/python3.8/site-packages/airflow/example_dags/example_dynamic_task_mapping_with_no_taskflow_operators.py
[2025-10-14T08:44:31.308+0000] {processor.py:830} INFO - Processing file /home/airflow/.local/lib/python3.8/site-packages/airflow/example_dags/example_dynamic_task_mapping_with_no_taskflow_operators.py for tasks to queue
[2025-10-14T08:44:31.309+0000] {logging_mixin.py:188} INFO - [2025-10-14T08:44:31.309+0000] {dagbag.py:538} INFO - Filling up the DagBag from /home/airflow/.local/lib/python3.8/site-packages/airflow/example_dags/example_dynamic_task_mapping_with_no_taskflow_operators.py
[2025-10-14T08:44:31.317+0000] {processor.py:840} INFO - DAG(s) 'example_dynamic_task_mapping_with_no_taskflow_operators' retrieved from /home/airflow/.local/lib/python3.8/site-packages/airflow/example_dags/example_dynamic_task_mapping_with_no_taskflow_operators.py
[2025-10-14T08:44:31.345+0000] {logging_mixin.py:188} INFO - [2025-10-14T08:44:31.345+0000] {dag.py:3036} INFO - Sync 1 DAGs
[2025-10-14T08:44:31.371+0000] {logging_mixin.py:188} INFO - [2025-10-14T08:44:31.371+0000] {dag.py:3823} INFO - Setting next_dagrun for example_dynamic_task_mapping_with_no_taskflow_operators to 2025-10-13 00:00:00+00:00, run_after=2025-10-14 00:00:00+00:00
[2025-10-14T08:44:31.394+0000] {processor.py:183} INFO - Processing /home/airflow/.local/lib/python3.8/site-packages/airflow/example_dags/example_dynamic_task_mapping_with_no_taskflow_operators.py took 0.092 seconds
[2025-10-14T08:45:01.987+0000] {processor.py:161} INFO - Started process (PID=67672) to work on /home/airflow/.local/lib/python3.8/site-packages/airflow/example_dags/example_dynamic_task_mapping_with_no_taskflow_operators.py
[2025-10-14T08:45:01.988+0000] {processor.py:830} INFO - Processing file /home/airflow/.local/lib/python3.8/site-packages/airflow/example_dags/example_dynamic_task_mapping_with_no_taskflow_operators.py for tasks to queue
[2025-10-14T08:45:01.989+0000] {logging_mixin.py:188} INFO - [2025-10-14T08:45:01.989+0000] {dagbag.py:538} INFO - Filling up the DagBag from /home/airflow/.local/lib/python3.8/site-packages/airflow/example_dags/example_dynamic_task_mapping_with_no_taskflow_operators.py
[2025-10-14T08:45:01.997+0000] {processor.py:840} INFO - DAG(s) 'example_dynamic_task_mapping_with_no_taskflow_operators' retrieved from /home/airflow/.local/lib/python3.8/site-packages/airflow/example_dags/example_dynamic_task_mapping_with_no_taskflow_operators.py
[2025-10-14T08:45:02.023+0000] {logging_mixin.py:188} INFO - [2025-10-14T08:45:02.023+0000] {dag.py:3036} INFO - Sync 1 DAGs
[2025-10-14T08:45:02.049+0000] {logging_mixin.py:188} INFO - [2025-10-14T08:45:02.048+0000] {dag.py:3823} INFO - Setting next_dagrun for example_dynamic_task_mapping_with_no_taskflow_operators to 2025-10-13 00:00:00+00:00, run_after=2025-10-14 00:00:00+00:00
[2025-10-14T08:45:02.070+0000] {processor.py:183} INFO - Processing /home/airflow/.local/lib/python3.8/site-packages/airflow/example_dags/example_dynamic_task_mapping_with_no_taskflow_operators.py took 0.087 seconds
[2025-10-14T08:45:32.639+0000] {processor.py:161} INFO - Started process (PID=67742) to work on /home/airflow/.local/lib/python3.8/site-packages/airflow/example_dags/example_dynamic_task_mapping_with_no_taskflow_operators.py
[2025-10-14T08:45:32.641+0000] {processor.py:830} INFO - Processing file /home/airflow/.local/lib/python3.8/site-packages/airflow/example_dags/example_dynamic_task_mapping_with_no_taskflow_operators.py for tasks to queue
[2025-10-14T08:45:32.642+0000] {logging_mixin.py:188} INFO - [2025-10-14T08:45:32.642+0000] {dagbag.py:538} INFO - Filling up the DagBag from /home/airflow/.local/lib/python3.8/site-packages/airflow/example_dags/example_dynamic_task_mapping_with_no_taskflow_operators.py
[2025-10-14T08:45:32.650+0000] {processor.py:840} INFO - DAG(s) 'example_dynamic_task_mapping_with_no_taskflow_operators' retrieved from /home/airflow/.local/lib/python3.8/site-packages/airflow/example_dags/example_dynamic_task_mapping_with_no_taskflow_operators.py
[2025-10-14T08:45:32.677+0000] {logging_mixin.py:188} INFO - [2025-10-14T08:45:32.677+0000] {dag.py:3036} INFO - Sync 1 DAGs
[2025-10-14T08:45:32.707+0000] {logging_mixin.py:188} INFO - [2025-10-14T08:45:32.707+0000] {dag.py:3823} INFO - Setting next_dagrun for example_dynamic_task_mapping_with_no_taskflow_operators to 2025-10-13 00:00:00+00:00, run_after=2025-10-14 00:00:00+00:00
[2025-10-14T08:45:32.736+0000] {processor.py:183} INFO - Processing /home/airflow/.local/lib/python3.8/site-packages/airflow/example_dags/example_dynamic_task_mapping_with_no_taskflow_operators.py took 0.100 seconds
[2025-10-14T08:46:03.439+0000] {processor.py:161} INFO - Started process (PID=67812) to work on /home/airflow/.local/lib/python3.8/site-packages/airflow/example_dags/example_dynamic_task_mapping_with_no_taskflow_operators.py
[2025-10-14T08:46:03.440+0000] {processor.py:830} INFO - Processing file /home/airflow/.local/lib/python3.8/site-packages/airflow/example_dags/example_dynamic_task_mapping_with_no_taskflow_operators.py for tasks to queue
[2025-10-14T08:46:03.441+0000] {logging_mixin.py:188} INFO - [2025-10-14T08:46:03.441+0000] {dagbag.py:538} INFO - Filling up the DagBag from /home/airflow/.local/lib/python3.8/site-packages/airflow/example_dags/example_dynamic_task_mapping_with_no_taskflow_operators.py
[2025-10-14T08:46:03.450+0000] {processor.py:840} INFO - DAG(s) 'example_dynamic_task_mapping_with_no_taskflow_operators' retrieved from /home/airflow/.local/lib/python3.8/site-packages/airflow/example_dags/example_dynamic_task_mapping_with_no_taskflow_operators.py
[2025-10-14T08:46:03.481+0000] {logging_mixin.py:188} INFO - [2025-10-14T08:46:03.481+0000] {dag.py:3036} INFO - Sync 1 DAGs
[2025-10-14T08:46:03.510+0000] {logging_mixin.py:188} INFO - [2025-10-14T08:46:03.510+0000] {dag.py:3823} INFO - Setting next_dagrun for example_dynamic_task_mapping_with_no_taskflow_operators to 2025-10-13 00:00:00+00:00, run_after=2025-10-14 00:00:00+00:00
[2025-10-14T08:46:03.548+0000] {processor.py:183} INFO - Processing /home/airflow/.local/lib/python3.8/site-packages/airflow/example_dags/example_dynamic_task_mapping_with_no_taskflow_operators.py took 0.113 seconds
[2025-10-14T08:46:34.642+0000] {processor.py:161} INFO - Started process (PID=67883) to work on /home/airflow/.local/lib/python3.8/site-packages/airflow/example_dags/example_dynamic_task_mapping_with_no_taskflow_operators.py
[2025-10-14T08:46:34.644+0000] {processor.py:830} INFO - Processing file /home/airflow/.local/lib/python3.8/site-packages/airflow/example_dags/example_dynamic_task_mapping_with_no_taskflow_operators.py for tasks to queue
[2025-10-14T08:46:34.646+0000] {logging_mixin.py:188} INFO - [2025-10-14T08:46:34.645+0000] {dagbag.py:538} INFO - Filling up the DagBag from /home/airflow/.local/lib/python3.8/site-packages/airflow/example_dags/example_dynamic_task_mapping_with_no_taskflow_operators.py
[2025-10-14T08:46:34.655+0000] {processor.py:840} INFO - DAG(s) 'example_dynamic_task_mapping_with_no_taskflow_operators' retrieved from /home/airflow/.local/lib/python3.8/site-packages/airflow/example_dags/example_dynamic_task_mapping_with_no_taskflow_operators.py
[2025-10-14T08:46:34.695+0000] {logging_mixin.py:188} INFO - [2025-10-14T08:46:34.695+0000] {dag.py:3036} INFO - Sync 1 DAGs
[2025-10-14T08:46:34.721+0000] {logging_mixin.py:188} INFO - [2025-10-14T08:46:34.721+0000] {dag.py:3823} INFO - Setting next_dagrun for example_dynamic_task_mapping_with_no_taskflow_operators to 2025-10-13 00:00:00+00:00, run_after=2025-10-14 00:00:00+00:00
[2025-10-14T08:46:34.747+0000] {processor.py:183} INFO - Processing /home/airflow/.local/lib/python3.8/site-packages/airflow/example_dags/example_dynamic_task_mapping_with_no_taskflow_operators.py took 0.110 seconds
[2025-10-14T08:47:05.189+0000] {processor.py:161} INFO - Started process (PID=67953) to work on /home/airflow/.local/lib/python3.8/site-packages/airflow/example_dags/example_dynamic_task_mapping_with_no_taskflow_operators.py
[2025-10-14T08:47:05.191+0000] {processor.py:830} INFO - Processing file /home/airflow/.local/lib/python3.8/site-packages/airflow/example_dags/example_dynamic_task_mapping_with_no_taskflow_operators.py for tasks to queue
[2025-10-14T08:47:05.192+0000] {logging_mixin.py:188} INFO - [2025-10-14T08:47:05.192+0000] {dagbag.py:538} INFO - Filling up the DagBag from /home/airflow/.local/lib/python3.8/site-packages/airflow/example_dags/example_dynamic_task_mapping_with_no_taskflow_operators.py
[2025-10-14T08:47:05.201+0000] {processor.py:840} INFO - DAG(s) 'example_dynamic_task_mapping_with_no_taskflow_operators' retrieved from /home/airflow/.local/lib/python3.8/site-packages/airflow/example_dags/example_dynamic_task_mapping_with_no_taskflow_operators.py
[2025-10-14T08:47:05.230+0000] {logging_mixin.py:188} INFO - [2025-10-14T08:47:05.230+0000] {dag.py:3036} INFO - Sync 1 DAGs
[2025-10-14T08:47:05.257+0000] {logging_mixin.py:188} INFO - [2025-10-14T08:47:05.257+0000] {dag.py:3823} INFO - Setting next_dagrun for example_dynamic_task_mapping_with_no_taskflow_operators to 2025-10-13 00:00:00+00:00, run_after=2025-10-14 00:00:00+00:00
[2025-10-14T08:47:05.279+0000] {processor.py:183} INFO - Processing /home/airflow/.local/lib/python3.8/site-packages/airflow/example_dags/example_dynamic_task_mapping_with_no_taskflow_operators.py took 0.094 seconds
[2025-10-14T08:47:35.355+0000] {processor.py:161} INFO - Started process (PID=68022) to work on /home/airflow/.local/lib/python3.8/site-packages/airflow/example_dags/example_dynamic_task_mapping_with_no_taskflow_operators.py
[2025-10-14T08:47:35.357+0000] {processor.py:830} INFO - Processing file /home/airflow/.local/lib/python3.8/site-packages/airflow/example_dags/example_dynamic_task_mapping_with_no_taskflow_operators.py for tasks to queue
[2025-10-14T08:47:35.358+0000] {logging_mixin.py:188} INFO - [2025-10-14T08:47:35.358+0000] {dagbag.py:538} INFO - Filling up the DagBag from /home/airflow/.local/lib/python3.8/site-packages/airflow/example_dags/example_dynamic_task_mapping_with_no_taskflow_operators.py
[2025-10-14T08:47:35.366+0000] {processor.py:840} INFO - DAG(s) 'example_dynamic_task_mapping_with_no_taskflow_operators' retrieved from /home/airflow/.local/lib/python3.8/site-packages/airflow/example_dags/example_dynamic_task_mapping_with_no_taskflow_operators.py
[2025-10-14T08:47:35.395+0000] {logging_mixin.py:188} INFO - [2025-10-14T08:47:35.395+0000] {dag.py:3036} INFO - Sync 1 DAGs
[2025-10-14T08:47:35.424+0000] {logging_mixin.py:188} INFO - [2025-10-14T08:47:35.424+0000] {dag.py:3823} INFO - Setting next_dagrun for example_dynamic_task_mapping_with_no_taskflow_operators to 2025-10-13 00:00:00+00:00, run_after=2025-10-14 00:00:00+00:00
[2025-10-14T08:47:35.447+0000] {processor.py:183} INFO - Processing /home/airflow/.local/lib/python3.8/site-packages/airflow/example_dags/example_dynamic_task_mapping_with_no_taskflow_operators.py took 0.096 seconds
[2025-10-14T08:48:05.806+0000] {processor.py:161} INFO - Started process (PID=68092) to work on /home/airflow/.local/lib/python3.8/site-packages/airflow/example_dags/example_dynamic_task_mapping_with_no_taskflow_operators.py
[2025-10-14T08:48:05.808+0000] {processor.py:830} INFO - Processing file /home/airflow/.local/lib/python3.8/site-packages/airflow/example_dags/example_dynamic_task_mapping_with_no_taskflow_operators.py for tasks to queue
[2025-10-14T08:48:05.809+0000] {logging_mixin.py:188} INFO - [2025-10-14T08:48:05.809+0000] {dagbag.py:538} INFO - Filling up the DagBag from /home/airflow/.local/lib/python3.8/site-packages/airflow/example_dags/example_dynamic_task_mapping_with_no_taskflow_operators.py
[2025-10-14T08:48:05.818+0000] {processor.py:840} INFO - DAG(s) 'example_dynamic_task_mapping_with_no_taskflow_operators' retrieved from /home/airflow/.local/lib/python3.8/site-packages/airflow/example_dags/example_dynamic_task_mapping_with_no_taskflow_operators.py
[2025-10-14T08:48:05.846+0000] {logging_mixin.py:188} INFO - [2025-10-14T08:48:05.845+0000] {dag.py:3036} INFO - Sync 1 DAGs
[2025-10-14T08:48:05.871+0000] {logging_mixin.py:188} INFO - [2025-10-14T08:48:05.871+0000] {dag.py:3823} INFO - Setting next_dagrun for example_dynamic_task_mapping_with_no_taskflow_operators to 2025-10-13 00:00:00+00:00, run_after=2025-10-14 00:00:00+00:00
[2025-10-14T08:48:05.893+0000] {processor.py:183} INFO - Processing /home/airflow/.local/lib/python3.8/site-packages/airflow/example_dags/example_dynamic_task_mapping_with_no_taskflow_operators.py took 0.090 seconds
[2025-10-14T08:48:36.266+0000] {processor.py:161} INFO - Started process (PID=68162) to work on /home/airflow/.local/lib/python3.8/site-packages/airflow/example_dags/example_dynamic_task_mapping_with_no_taskflow_operators.py
[2025-10-14T08:48:36.267+0000] {processor.py:830} INFO - Processing file /home/airflow/.local/lib/python3.8/site-packages/airflow/example_dags/example_dynamic_task_mapping_with_no_taskflow_operators.py for tasks to queue
[2025-10-14T08:48:36.268+0000] {logging_mixin.py:188} INFO - [2025-10-14T08:48:36.268+0000] {dagbag.py:538} INFO - Filling up the DagBag from /home/airflow/.local/lib/python3.8/site-packages/airflow/example_dags/example_dynamic_task_mapping_with_no_taskflow_operators.py
[2025-10-14T08:48:36.276+0000] {processor.py:840} INFO - DAG(s) 'example_dynamic_task_mapping_with_no_taskflow_operators' retrieved from /home/airflow/.local/lib/python3.8/site-packages/airflow/example_dags/example_dynamic_task_mapping_with_no_taskflow_operators.py
[2025-10-14T08:48:36.304+0000] {logging_mixin.py:188} INFO - [2025-10-14T08:48:36.304+0000] {dag.py:3036} INFO - Sync 1 DAGs
[2025-10-14T08:48:36.330+0000] {logging_mixin.py:188} INFO - [2025-10-14T08:48:36.329+0000] {dag.py:3823} INFO - Setting next_dagrun for example_dynamic_task_mapping_with_no_taskflow_operators to 2025-10-13 00:00:00+00:00, run_after=2025-10-14 00:00:00+00:00
[2025-10-14T08:48:36.350+0000] {processor.py:183} INFO - Processing /home/airflow/.local/lib/python3.8/site-packages/airflow/example_dags/example_dynamic_task_mapping_with_no_taskflow_operators.py took 0.088 seconds
[2025-10-14T08:49:06.604+0000] {processor.py:161} INFO - Started process (PID=68232) to work on /home/airflow/.local/lib/python3.8/site-packages/airflow/example_dags/example_dynamic_task_mapping_with_no_taskflow_operators.py
[2025-10-14T08:49:06.605+0000] {processor.py:830} INFO - Processing file /home/airflow/.local/lib/python3.8/site-packages/airflow/example_dags/example_dynamic_task_mapping_with_no_taskflow_operators.py for tasks to queue
[2025-10-14T08:49:06.606+0000] {logging_mixin.py:188} INFO - [2025-10-14T08:49:06.606+0000] {dagbag.py:538} INFO - Filling up the DagBag from /home/airflow/.local/lib/python3.8/site-packages/airflow/example_dags/example_dynamic_task_mapping_with_no_taskflow_operators.py
[2025-10-14T08:49:06.614+0000] {processor.py:840} INFO - DAG(s) 'example_dynamic_task_mapping_with_no_taskflow_operators' retrieved from /home/airflow/.local/lib/python3.8/site-packages/airflow/example_dags/example_dynamic_task_mapping_with_no_taskflow_operators.py
[2025-10-14T08:49:06.642+0000] {logging_mixin.py:188} INFO - [2025-10-14T08:49:06.642+0000] {dag.py:3036} INFO - Sync 1 DAGs
[2025-10-14T08:49:06.672+0000] {logging_mixin.py:188} INFO - [2025-10-14T08:49:06.671+0000] {dag.py:3823} INFO - Setting next_dagrun for example_dynamic_task_mapping_with_no_taskflow_operators to 2025-10-13 00:00:00+00:00, run_after=2025-10-14 00:00:00+00:00
[2025-10-14T08:49:06.702+0000] {processor.py:183} INFO - Processing /home/airflow/.local/lib/python3.8/site-packages/airflow/example_dags/example_dynamic_task_mapping_with_no_taskflow_operators.py took 0.103 seconds
[2025-10-14T08:49:36.895+0000] {processor.py:161} INFO - Started process (PID=68302) to work on /home/airflow/.local/lib/python3.8/site-packages/airflow/example_dags/example_dynamic_task_mapping_with_no_taskflow_operators.py
[2025-10-14T08:49:36.896+0000] {processor.py:830} INFO - Processing file /home/airflow/.local/lib/python3.8/site-packages/airflow/example_dags/example_dynamic_task_mapping_with_no_taskflow_operators.py for tasks to queue
[2025-10-14T08:49:36.898+0000] {logging_mixin.py:188} INFO - [2025-10-14T08:49:36.897+0000] {dagbag.py:538} INFO - Filling up the DagBag from /home/airflow/.local/lib/python3.8/site-packages/airflow/example_dags/example_dynamic_task_mapping_with_no_taskflow_operators.py
[2025-10-14T08:49:36.906+0000] {processor.py:840} INFO - DAG(s) 'example_dynamic_task_mapping_with_no_taskflow_operators' retrieved from /home/airflow/.local/lib/python3.8/site-packages/airflow/example_dags/example_dynamic_task_mapping_with_no_taskflow_operators.py
[2025-10-14T08:49:36.933+0000] {logging_mixin.py:188} INFO - [2025-10-14T08:49:36.933+0000] {dag.py:3036} INFO - Sync 1 DAGs
[2025-10-14T08:49:36.958+0000] {logging_mixin.py:188} INFO - [2025-10-14T08:49:36.958+0000] {dag.py:3823} INFO - Setting next_dagrun for example_dynamic_task_mapping_with_no_taskflow_operators to 2025-10-13 00:00:00+00:00, run_after=2025-10-14 00:00:00+00:00
[2025-10-14T08:49:36.981+0000] {processor.py:183} INFO - Processing /home/airflow/.local/lib/python3.8/site-packages/airflow/example_dags/example_dynamic_task_mapping_with_no_taskflow_operators.py took 0.090 seconds
[2025-10-14T08:50:07.670+0000] {processor.py:161} INFO - Started process (PID=68372) to work on /home/airflow/.local/lib/python3.8/site-packages/airflow/example_dags/example_dynamic_task_mapping_with_no_taskflow_operators.py
[2025-10-14T08:50:07.671+0000] {processor.py:830} INFO - Processing file /home/airflow/.local/lib/python3.8/site-packages/airflow/example_dags/example_dynamic_task_mapping_with_no_taskflow_operators.py for tasks to queue
[2025-10-14T08:50:07.673+0000] {logging_mixin.py:188} INFO - [2025-10-14T08:50:07.672+0000] {dagbag.py:538} INFO - Filling up the DagBag from /home/airflow/.local/lib/python3.8/site-packages/airflow/example_dags/example_dynamic_task_mapping_with_no_taskflow_operators.py
[2025-10-14T08:50:07.681+0000] {processor.py:840} INFO - DAG(s) 'example_dynamic_task_mapping_with_no_taskflow_operators' retrieved from /home/airflow/.local/lib/python3.8/site-packages/airflow/example_dags/example_dynamic_task_mapping_with_no_taskflow_operators.py
[2025-10-14T08:50:07.708+0000] {logging_mixin.py:188} INFO - [2025-10-14T08:50:07.708+0000] {dag.py:3036} INFO - Sync 1 DAGs
[2025-10-14T08:50:07.736+0000] {logging_mixin.py:188} INFO - [2025-10-14T08:50:07.735+0000] {dag.py:3823} INFO - Setting next_dagrun for example_dynamic_task_mapping_with_no_taskflow_operators to 2025-10-13 00:00:00+00:00, run_after=2025-10-14 00:00:00+00:00
[2025-10-14T08:50:07.757+0000] {processor.py:183} INFO - Processing /home/airflow/.local/lib/python3.8/site-packages/airflow/example_dags/example_dynamic_task_mapping_with_no_taskflow_operators.py took 0.091 seconds
[2025-10-14T08:50:38.064+0000] {processor.py:161} INFO - Started process (PID=68443) to work on /home/airflow/.local/lib/python3.8/site-packages/airflow/example_dags/example_dynamic_task_mapping_with_no_taskflow_operators.py
[2025-10-14T08:50:38.066+0000] {processor.py:830} INFO - Processing file /home/airflow/.local/lib/python3.8/site-packages/airflow/example_dags/example_dynamic_task_mapping_with_no_taskflow_operators.py for tasks to queue
[2025-10-14T08:50:38.067+0000] {logging_mixin.py:188} INFO - [2025-10-14T08:50:38.067+0000] {dagbag.py:538} INFO - Filling up the DagBag from /home/airflow/.local/lib/python3.8/site-packages/airflow/example_dags/example_dynamic_task_mapping_with_no_taskflow_operators.py
[2025-10-14T08:50:38.076+0000] {processor.py:840} INFO - DAG(s) 'example_dynamic_task_mapping_with_no_taskflow_operators' retrieved from /home/airflow/.local/lib/python3.8/site-packages/airflow/example_dags/example_dynamic_task_mapping_with_no_taskflow_operators.py
[2025-10-14T08:50:38.103+0000] {logging_mixin.py:188} INFO - [2025-10-14T08:50:38.103+0000] {dag.py:3036} INFO - Sync 1 DAGs
[2025-10-14T08:50:38.130+0000] {logging_mixin.py:188} INFO - [2025-10-14T08:50:38.130+0000] {dag.py:3823} INFO - Setting next_dagrun for example_dynamic_task_mapping_with_no_taskflow_operators to 2025-10-13 00:00:00+00:00, run_after=2025-10-14 00:00:00+00:00
[2025-10-14T08:50:38.151+0000] {processor.py:183} INFO - Processing /home/airflow/.local/lib/python3.8/site-packages/airflow/example_dags/example_dynamic_task_mapping_with_no_taskflow_operators.py took 0.091 seconds
[2025-10-14T08:51:08.544+0000] {processor.py:161} INFO - Started process (PID=68513) to work on /home/airflow/.local/lib/python3.8/site-packages/airflow/example_dags/example_dynamic_task_mapping_with_no_taskflow_operators.py
[2025-10-14T08:51:08.551+0000] {processor.py:830} INFO - Processing file /home/airflow/.local/lib/python3.8/site-packages/airflow/example_dags/example_dynamic_task_mapping_with_no_taskflow_operators.py for tasks to queue
[2025-10-14T08:51:08.554+0000] {logging_mixin.py:188} INFO - [2025-10-14T08:51:08.553+0000] {dagbag.py:538} INFO - Filling up the DagBag from /home/airflow/.local/lib/python3.8/site-packages/airflow/example_dags/example_dynamic_task_mapping_with_no_taskflow_operators.py
[2025-10-14T08:51:08.575+0000] {processor.py:840} INFO - DAG(s) 'example_dynamic_task_mapping_with_no_taskflow_operators' retrieved from /home/airflow/.local/lib/python3.8/site-packages/airflow/example_dags/example_dynamic_task_mapping_with_no_taskflow_operators.py
[2025-10-14T08:51:08.627+0000] {logging_mixin.py:188} INFO - [2025-10-14T08:51:08.627+0000] {dag.py:3036} INFO - Sync 1 DAGs
[2025-10-14T08:51:08.653+0000] {logging_mixin.py:188} INFO - [2025-10-14T08:51:08.653+0000] {dag.py:3823} INFO - Setting next_dagrun for example_dynamic_task_mapping_with_no_taskflow_operators to 2025-10-13 00:00:00+00:00, run_after=2025-10-14 00:00:00+00:00
[2025-10-14T08:51:08.674+0000] {processor.py:183} INFO - Processing /home/airflow/.local/lib/python3.8/site-packages/airflow/example_dags/example_dynamic_task_mapping_with_no_taskflow_operators.py took 0.138 seconds
[2025-10-14T08:51:38.983+0000] {processor.py:161} INFO - Started process (PID=68589) to work on /home/airflow/.local/lib/python3.8/site-packages/airflow/example_dags/example_dynamic_task_mapping_with_no_taskflow_operators.py
[2025-10-14T08:51:38.984+0000] {processor.py:830} INFO - Processing file /home/airflow/.local/lib/python3.8/site-packages/airflow/example_dags/example_dynamic_task_mapping_with_no_taskflow_operators.py for tasks to queue
[2025-10-14T08:51:38.986+0000] {logging_mixin.py:188} INFO - [2025-10-14T08:51:38.985+0000] {dagbag.py:538} INFO - Filling up the DagBag from /home/airflow/.local/lib/python3.8/site-packages/airflow/example_dags/example_dynamic_task_mapping_with_no_taskflow_operators.py
[2025-10-14T08:51:38.995+0000] {processor.py:840} INFO - DAG(s) 'example_dynamic_task_mapping_with_no_taskflow_operators' retrieved from /home/airflow/.local/lib/python3.8/site-packages/airflow/example_dags/example_dynamic_task_mapping_with_no_taskflow_operators.py
[2025-10-14T08:51:39.022+0000] {logging_mixin.py:188} INFO - [2025-10-14T08:51:39.022+0000] {dag.py:3036} INFO - Sync 1 DAGs
[2025-10-14T08:51:39.047+0000] {logging_mixin.py:188} INFO - [2025-10-14T08:51:39.046+0000] {dag.py:3823} INFO - Setting next_dagrun for example_dynamic_task_mapping_with_no_taskflow_operators to 2025-10-13 00:00:00+00:00, run_after=2025-10-14 00:00:00+00:00
[2025-10-14T08:51:39.069+0000] {processor.py:183} INFO - Processing /home/airflow/.local/lib/python3.8/site-packages/airflow/example_dags/example_dynamic_task_mapping_with_no_taskflow_operators.py took 0.090 seconds
[2025-10-14T08:52:09.310+0000] {processor.py:161} INFO - Started process (PID=68659) to work on /home/airflow/.local/lib/python3.8/site-packages/airflow/example_dags/example_dynamic_task_mapping_with_no_taskflow_operators.py
[2025-10-14T08:52:09.311+0000] {processor.py:830} INFO - Processing file /home/airflow/.local/lib/python3.8/site-packages/airflow/example_dags/example_dynamic_task_mapping_with_no_taskflow_operators.py for tasks to queue
[2025-10-14T08:52:09.313+0000] {logging_mixin.py:188} INFO - [2025-10-14T08:52:09.312+0000] {dagbag.py:538} INFO - Filling up the DagBag from /home/airflow/.local/lib/python3.8/site-packages/airflow/example_dags/example_dynamic_task_mapping_with_no_taskflow_operators.py
[2025-10-14T08:52:09.321+0000] {processor.py:840} INFO - DAG(s) 'example_dynamic_task_mapping_with_no_taskflow_operators' retrieved from /home/airflow/.local/lib/python3.8/site-packages/airflow/example_dags/example_dynamic_task_mapping_with_no_taskflow_operators.py
[2025-10-14T08:52:09.348+0000] {logging_mixin.py:188} INFO - [2025-10-14T08:52:09.348+0000] {dag.py:3036} INFO - Sync 1 DAGs
[2025-10-14T08:52:09.373+0000] {logging_mixin.py:188} INFO - [2025-10-14T08:52:09.373+0000] {dag.py:3823} INFO - Setting next_dagrun for example_dynamic_task_mapping_with_no_taskflow_operators to 2025-10-13 00:00:00+00:00, run_after=2025-10-14 00:00:00+00:00
[2025-10-14T08:52:09.394+0000] {processor.py:183} INFO - Processing /home/airflow/.local/lib/python3.8/site-packages/airflow/example_dags/example_dynamic_task_mapping_with_no_taskflow_operators.py took 0.089 seconds
[2025-10-14T08:52:39.653+0000] {processor.py:161} INFO - Started process (PID=68730) to work on /home/airflow/.local/lib/python3.8/site-packages/airflow/example_dags/example_dynamic_task_mapping_with_no_taskflow_operators.py
[2025-10-14T08:52:39.654+0000] {processor.py:830} INFO - Processing file /home/airflow/.local/lib/python3.8/site-packages/airflow/example_dags/example_dynamic_task_mapping_with_no_taskflow_operators.py for tasks to queue
[2025-10-14T08:52:39.656+0000] {logging_mixin.py:188} INFO - [2025-10-14T08:52:39.656+0000] {dagbag.py:538} INFO - Filling up the DagBag from /home/airflow/.local/lib/python3.8/site-packages/airflow/example_dags/example_dynamic_task_mapping_with_no_taskflow_operators.py
[2025-10-14T08:52:39.664+0000] {processor.py:840} INFO - DAG(s) 'example_dynamic_task_mapping_with_no_taskflow_operators' retrieved from /home/airflow/.local/lib/python3.8/site-packages/airflow/example_dags/example_dynamic_task_mapping_with_no_taskflow_operators.py
[2025-10-14T08:52:39.692+0000] {logging_mixin.py:188} INFO - [2025-10-14T08:52:39.691+0000] {dag.py:3036} INFO - Sync 1 DAGs
[2025-10-14T08:52:39.719+0000] {logging_mixin.py:188} INFO - [2025-10-14T08:52:39.719+0000] {dag.py:3823} INFO - Setting next_dagrun for example_dynamic_task_mapping_with_no_taskflow_operators to 2025-10-13 00:00:00+00:00, run_after=2025-10-14 00:00:00+00:00
[2025-10-14T08:52:39.742+0000] {processor.py:183} INFO - Processing /home/airflow/.local/lib/python3.8/site-packages/airflow/example_dags/example_dynamic_task_mapping_with_no_taskflow_operators.py took 0.094 seconds
[2025-10-14T08:53:09.931+0000] {processor.py:161} INFO - Started process (PID=68800) to work on /home/airflow/.local/lib/python3.8/site-packages/airflow/example_dags/example_dynamic_task_mapping_with_no_taskflow_operators.py
[2025-10-14T08:53:09.932+0000] {processor.py:830} INFO - Processing file /home/airflow/.local/lib/python3.8/site-packages/airflow/example_dags/example_dynamic_task_mapping_with_no_taskflow_operators.py for tasks to queue
[2025-10-14T08:53:09.933+0000] {logging_mixin.py:188} INFO - [2025-10-14T08:53:09.933+0000] {dagbag.py:538} INFO - Filling up the DagBag from /home/airflow/.local/lib/python3.8/site-packages/airflow/example_dags/example_dynamic_task_mapping_with_no_taskflow_operators.py
[2025-10-14T08:53:09.942+0000] {processor.py:840} INFO - DAG(s) 'example_dynamic_task_mapping_with_no_taskflow_operators' retrieved from /home/airflow/.local/lib/python3.8/site-packages/airflow/example_dags/example_dynamic_task_mapping_with_no_taskflow_operators.py
[2025-10-14T08:53:09.969+0000] {logging_mixin.py:188} INFO - [2025-10-14T08:53:09.969+0000] {dag.py:3036} INFO - Sync 1 DAGs
[2025-10-14T08:53:09.995+0000] {logging_mixin.py:188} INFO - [2025-10-14T08:53:09.995+0000] {dag.py:3823} INFO - Setting next_dagrun for example_dynamic_task_mapping_with_no_taskflow_operators to 2025-10-13 00:00:00+00:00, run_after=2025-10-14 00:00:00+00:00
[2025-10-14T08:53:10.018+0000] {processor.py:183} INFO - Processing /home/airflow/.local/lib/python3.8/site-packages/airflow/example_dags/example_dynamic_task_mapping_with_no_taskflow_operators.py took 0.091 seconds
[2025-10-14T08:53:40.301+0000] {processor.py:161} INFO - Started process (PID=68870) to work on /home/airflow/.local/lib/python3.8/site-packages/airflow/example_dags/example_dynamic_task_mapping_with_no_taskflow_operators.py
[2025-10-14T08:53:40.303+0000] {processor.py:830} INFO - Processing file /home/airflow/.local/lib/python3.8/site-packages/airflow/example_dags/example_dynamic_task_mapping_with_no_taskflow_operators.py for tasks to queue
[2025-10-14T08:53:40.304+0000] {logging_mixin.py:188} INFO - [2025-10-14T08:53:40.304+0000] {dagbag.py:538} INFO - Filling up the DagBag from /home/airflow/.local/lib/python3.8/site-packages/airflow/example_dags/example_dynamic_task_mapping_with_no_taskflow_operators.py
[2025-10-14T08:53:40.312+0000] {processor.py:840} INFO - DAG(s) 'example_dynamic_task_mapping_with_no_taskflow_operators' retrieved from /home/airflow/.local/lib/python3.8/site-packages/airflow/example_dags/example_dynamic_task_mapping_with_no_taskflow_operators.py
[2025-10-14T08:53:40.338+0000] {logging_mixin.py:188} INFO - [2025-10-14T08:53:40.338+0000] {dag.py:3036} INFO - Sync 1 DAGs
[2025-10-14T08:53:40.362+0000] {logging_mixin.py:188} INFO - [2025-10-14T08:53:40.362+0000] {dag.py:3823} INFO - Setting next_dagrun for example_dynamic_task_mapping_with_no_taskflow_operators to 2025-10-13 00:00:00+00:00, run_after=2025-10-14 00:00:00+00:00
[2025-10-14T08:53:40.384+0000] {processor.py:183} INFO - Processing /home/airflow/.local/lib/python3.8/site-packages/airflow/example_dags/example_dynamic_task_mapping_with_no_taskflow_operators.py took 0.086 seconds
[2025-10-14T08:54:11.418+0000] {processor.py:161} INFO - Started process (PID=68940) to work on /home/airflow/.local/lib/python3.8/site-packages/airflow/example_dags/example_dynamic_task_mapping_with_no_taskflow_operators.py
[2025-10-14T08:54:11.420+0000] {processor.py:830} INFO - Processing file /home/airflow/.local/lib/python3.8/site-packages/airflow/example_dags/example_dynamic_task_mapping_with_no_taskflow_operators.py for tasks to queue
[2025-10-14T08:54:11.421+0000] {logging_mixin.py:188} INFO - [2025-10-14T08:54:11.421+0000] {dagbag.py:538} INFO - Filling up the DagBag from /home/airflow/.local/lib/python3.8/site-packages/airflow/example_dags/example_dynamic_task_mapping_with_no_taskflow_operators.py
[2025-10-14T08:54:11.434+0000] {processor.py:840} INFO - DAG(s) 'example_dynamic_task_mapping_with_no_taskflow_operators' retrieved from /home/airflow/.local/lib/python3.8/site-packages/airflow/example_dags/example_dynamic_task_mapping_with_no_taskflow_operators.py
[2025-10-14T08:54:11.473+0000] {logging_mixin.py:188} INFO - [2025-10-14T08:54:11.473+0000] {dag.py:3036} INFO - Sync 1 DAGs
[2025-10-14T08:54:11.512+0000] {logging_mixin.py:188} INFO - [2025-10-14T08:54:11.511+0000] {dag.py:3823} INFO - Setting next_dagrun for example_dynamic_task_mapping_with_no_taskflow_operators to 2025-10-13 00:00:00+00:00, run_after=2025-10-14 00:00:00+00:00
[2025-10-14T08:54:11.572+0000] {processor.py:183} INFO - Processing /home/airflow/.local/lib/python3.8/site-packages/airflow/example_dags/example_dynamic_task_mapping_with_no_taskflow_operators.py took 0.160 seconds
[2025-10-14T08:54:42.324+0000] {processor.py:161} INFO - Started process (PID=69010) to work on /home/airflow/.local/lib/python3.8/site-packages/airflow/example_dags/example_dynamic_task_mapping_with_no_taskflow_operators.py
[2025-10-14T08:54:42.326+0000] {processor.py:830} INFO - Processing file /home/airflow/.local/lib/python3.8/site-packages/airflow/example_dags/example_dynamic_task_mapping_with_no_taskflow_operators.py for tasks to queue
[2025-10-14T08:54:42.328+0000] {logging_mixin.py:188} INFO - [2025-10-14T08:54:42.327+0000] {dagbag.py:538} INFO - Filling up the DagBag from /home/airflow/.local/lib/python3.8/site-packages/airflow/example_dags/example_dynamic_task_mapping_with_no_taskflow_operators.py
[2025-10-14T08:54:42.338+0000] {processor.py:840} INFO - DAG(s) 'example_dynamic_task_mapping_with_no_taskflow_operators' retrieved from /home/airflow/.local/lib/python3.8/site-packages/airflow/example_dags/example_dynamic_task_mapping_with_no_taskflow_operators.py
[2025-10-14T08:54:42.371+0000] {logging_mixin.py:188} INFO - [2025-10-14T08:54:42.371+0000] {dag.py:3036} INFO - Sync 1 DAGs
[2025-10-14T08:54:42.401+0000] {logging_mixin.py:188} INFO - [2025-10-14T08:54:42.401+0000] {dag.py:3823} INFO - Setting next_dagrun for example_dynamic_task_mapping_with_no_taskflow_operators to 2025-10-13 00:00:00+00:00, run_after=2025-10-14 00:00:00+00:00
[2025-10-14T08:54:42.433+0000] {processor.py:183} INFO - Processing /home/airflow/.local/lib/python3.8/site-packages/airflow/example_dags/example_dynamic_task_mapping_with_no_taskflow_operators.py took 0.117 seconds
[2025-10-14T08:55:12.945+0000] {processor.py:161} INFO - Started process (PID=69080) to work on /home/airflow/.local/lib/python3.8/site-packages/airflow/example_dags/example_dynamic_task_mapping_with_no_taskflow_operators.py
[2025-10-14T08:55:12.947+0000] {processor.py:830} INFO - Processing file /home/airflow/.local/lib/python3.8/site-packages/airflow/example_dags/example_dynamic_task_mapping_with_no_taskflow_operators.py for tasks to queue
[2025-10-14T08:55:12.949+0000] {logging_mixin.py:188} INFO - [2025-10-14T08:55:12.948+0000] {dagbag.py:538} INFO - Filling up the DagBag from /home/airflow/.local/lib/python3.8/site-packages/airflow/example_dags/example_dynamic_task_mapping_with_no_taskflow_operators.py
[2025-10-14T08:55:12.962+0000] {processor.py:840} INFO - DAG(s) 'example_dynamic_task_mapping_with_no_taskflow_operators' retrieved from /home/airflow/.local/lib/python3.8/site-packages/airflow/example_dags/example_dynamic_task_mapping_with_no_taskflow_operators.py
[2025-10-14T08:55:13.001+0000] {logging_mixin.py:188} INFO - [2025-10-14T08:55:13.000+0000] {dag.py:3036} INFO - Sync 1 DAGs
[2025-10-14T08:55:13.035+0000] {logging_mixin.py:188} INFO - [2025-10-14T08:55:13.035+0000] {dag.py:3823} INFO - Setting next_dagrun for example_dynamic_task_mapping_with_no_taskflow_operators to 2025-10-13 00:00:00+00:00, run_after=2025-10-14 00:00:00+00:00
[2025-10-14T08:55:13.066+0000] {processor.py:183} INFO - Processing /home/airflow/.local/lib/python3.8/site-packages/airflow/example_dags/example_dynamic_task_mapping_with_no_taskflow_operators.py took 0.126 seconds
[2025-10-14T08:55:44.191+0000] {processor.py:161} INFO - Started process (PID=69150) to work on /home/airflow/.local/lib/python3.8/site-packages/airflow/example_dags/example_dynamic_task_mapping_with_no_taskflow_operators.py
[2025-10-14T08:55:44.192+0000] {processor.py:830} INFO - Processing file /home/airflow/.local/lib/python3.8/site-packages/airflow/example_dags/example_dynamic_task_mapping_with_no_taskflow_operators.py for tasks to queue
[2025-10-14T08:55:44.194+0000] {logging_mixin.py:188} INFO - [2025-10-14T08:55:44.193+0000] {dagbag.py:538} INFO - Filling up the DagBag from /home/airflow/.local/lib/python3.8/site-packages/airflow/example_dags/example_dynamic_task_mapping_with_no_taskflow_operators.py
[2025-10-14T08:55:44.204+0000] {processor.py:840} INFO - DAG(s) 'example_dynamic_task_mapping_with_no_taskflow_operators' retrieved from /home/airflow/.local/lib/python3.8/site-packages/airflow/example_dags/example_dynamic_task_mapping_with_no_taskflow_operators.py
[2025-10-14T08:55:44.238+0000] {logging_mixin.py:188} INFO - [2025-10-14T08:55:44.238+0000] {dag.py:3036} INFO - Sync 1 DAGs
[2025-10-14T08:55:44.271+0000] {logging_mixin.py:188} INFO - [2025-10-14T08:55:44.271+0000] {dag.py:3823} INFO - Setting next_dagrun for example_dynamic_task_mapping_with_no_taskflow_operators to 2025-10-13 00:00:00+00:00, run_after=2025-10-14 00:00:00+00:00
[2025-10-14T08:55:44.303+0000] {processor.py:183} INFO - Processing /home/airflow/.local/lib/python3.8/site-packages/airflow/example_dags/example_dynamic_task_mapping_with_no_taskflow_operators.py took 0.118 seconds
[2025-10-14T08:56:15.337+0000] {processor.py:161} INFO - Started process (PID=69221) to work on /home/airflow/.local/lib/python3.8/site-packages/airflow/example_dags/example_dynamic_task_mapping_with_no_taskflow_operators.py
[2025-10-14T08:56:15.340+0000] {processor.py:830} INFO - Processing file /home/airflow/.local/lib/python3.8/site-packages/airflow/example_dags/example_dynamic_task_mapping_with_no_taskflow_operators.py for tasks to queue
[2025-10-14T08:56:15.342+0000] {logging_mixin.py:188} INFO - [2025-10-14T08:56:15.342+0000] {dagbag.py:538} INFO - Filling up the DagBag from /home/airflow/.local/lib/python3.8/site-packages/airflow/example_dags/example_dynamic_task_mapping_with_no_taskflow_operators.py
[2025-10-14T08:56:15.357+0000] {processor.py:840} INFO - DAG(s) 'example_dynamic_task_mapping_with_no_taskflow_operators' retrieved from /home/airflow/.local/lib/python3.8/site-packages/airflow/example_dags/example_dynamic_task_mapping_with_no_taskflow_operators.py
[2025-10-14T08:56:15.411+0000] {logging_mixin.py:188} INFO - [2025-10-14T08:56:15.411+0000] {dag.py:3036} INFO - Sync 1 DAGs
[2025-10-14T08:56:15.467+0000] {logging_mixin.py:188} INFO - [2025-10-14T08:56:15.466+0000] {dag.py:3823} INFO - Setting next_dagrun for example_dynamic_task_mapping_with_no_taskflow_operators to 2025-10-13 00:00:00+00:00, run_after=2025-10-14 00:00:00+00:00
[2025-10-14T08:56:15.511+0000] {processor.py:183} INFO - Processing /home/airflow/.local/lib/python3.8/site-packages/airflow/example_dags/example_dynamic_task_mapping_with_no_taskflow_operators.py took 0.180 seconds
[2025-10-14T08:56:46.157+0000] {processor.py:161} INFO - Started process (PID=69291) to work on /home/airflow/.local/lib/python3.8/site-packages/airflow/example_dags/example_dynamic_task_mapping_with_no_taskflow_operators.py
[2025-10-14T08:56:46.158+0000] {processor.py:830} INFO - Processing file /home/airflow/.local/lib/python3.8/site-packages/airflow/example_dags/example_dynamic_task_mapping_with_no_taskflow_operators.py for tasks to queue
[2025-10-14T08:56:46.160+0000] {logging_mixin.py:188} INFO - [2025-10-14T08:56:46.159+0000] {dagbag.py:538} INFO - Filling up the DagBag from /home/airflow/.local/lib/python3.8/site-packages/airflow/example_dags/example_dynamic_task_mapping_with_no_taskflow_operators.py
[2025-10-14T08:56:46.169+0000] {processor.py:840} INFO - DAG(s) 'example_dynamic_task_mapping_with_no_taskflow_operators' retrieved from /home/airflow/.local/lib/python3.8/site-packages/airflow/example_dags/example_dynamic_task_mapping_with_no_taskflow_operators.py
[2025-10-14T08:56:46.202+0000] {logging_mixin.py:188} INFO - [2025-10-14T08:56:46.202+0000] {dag.py:3036} INFO - Sync 1 DAGs
[2025-10-14T08:56:46.232+0000] {logging_mixin.py:188} INFO - [2025-10-14T08:56:46.232+0000] {dag.py:3823} INFO - Setting next_dagrun for example_dynamic_task_mapping_with_no_taskflow_operators to 2025-10-13 00:00:00+00:00, run_after=2025-10-14 00:00:00+00:00
[2025-10-14T08:56:46.281+0000] {processor.py:183} INFO - Processing /home/airflow/.local/lib/python3.8/site-packages/airflow/example_dags/example_dynamic_task_mapping_with_no_taskflow_operators.py took 0.128 seconds
[2025-10-14T08:57:17.177+0000] {processor.py:161} INFO - Started process (PID=69361) to work on /home/airflow/.local/lib/python3.8/site-packages/airflow/example_dags/example_dynamic_task_mapping_with_no_taskflow_operators.py
[2025-10-14T08:57:17.179+0000] {processor.py:830} INFO - Processing file /home/airflow/.local/lib/python3.8/site-packages/airflow/example_dags/example_dynamic_task_mapping_with_no_taskflow_operators.py for tasks to queue
[2025-10-14T08:57:17.180+0000] {logging_mixin.py:188} INFO - [2025-10-14T08:57:17.180+0000] {dagbag.py:538} INFO - Filling up the DagBag from /home/airflow/.local/lib/python3.8/site-packages/airflow/example_dags/example_dynamic_task_mapping_with_no_taskflow_operators.py
[2025-10-14T08:57:17.190+0000] {processor.py:840} INFO - DAG(s) 'example_dynamic_task_mapping_with_no_taskflow_operators' retrieved from /home/airflow/.local/lib/python3.8/site-packages/airflow/example_dags/example_dynamic_task_mapping_with_no_taskflow_operators.py
[2025-10-14T08:57:17.227+0000] {logging_mixin.py:188} INFO - [2025-10-14T08:57:17.226+0000] {dag.py:3036} INFO - Sync 1 DAGs
[2025-10-14T08:57:17.260+0000] {logging_mixin.py:188} INFO - [2025-10-14T08:57:17.260+0000] {dag.py:3823} INFO - Setting next_dagrun for example_dynamic_task_mapping_with_no_taskflow_operators to 2025-10-13 00:00:00+00:00, run_after=2025-10-14 00:00:00+00:00
[2025-10-14T08:57:17.308+0000] {processor.py:183} INFO - Processing /home/airflow/.local/lib/python3.8/site-packages/airflow/example_dags/example_dynamic_task_mapping_with_no_taskflow_operators.py took 0.135 seconds
[2025-10-14T08:57:47.609+0000] {processor.py:161} INFO - Started process (PID=69429) to work on /home/airflow/.local/lib/python3.8/site-packages/airflow/example_dags/example_dynamic_task_mapping_with_no_taskflow_operators.py
[2025-10-14T08:57:47.612+0000] {processor.py:830} INFO - Processing file /home/airflow/.local/lib/python3.8/site-packages/airflow/example_dags/example_dynamic_task_mapping_with_no_taskflow_operators.py for tasks to queue
[2025-10-14T08:57:47.615+0000] {logging_mixin.py:188} INFO - [2025-10-14T08:57:47.614+0000] {dagbag.py:538} INFO - Filling up the DagBag from /home/airflow/.local/lib/python3.8/site-packages/airflow/example_dags/example_dynamic_task_mapping_with_no_taskflow_operators.py
[2025-10-14T08:57:47.634+0000] {processor.py:840} INFO - DAG(s) 'example_dynamic_task_mapping_with_no_taskflow_operators' retrieved from /home/airflow/.local/lib/python3.8/site-packages/airflow/example_dags/example_dynamic_task_mapping_with_no_taskflow_operators.py
[2025-10-14T08:57:47.675+0000] {logging_mixin.py:188} INFO - [2025-10-14T08:57:47.675+0000] {dag.py:3036} INFO - Sync 1 DAGs
[2025-10-14T08:57:47.708+0000] {logging_mixin.py:188} INFO - [2025-10-14T08:57:47.708+0000] {dag.py:3823} INFO - Setting next_dagrun for example_dynamic_task_mapping_with_no_taskflow_operators to 2025-10-13 00:00:00+00:00, run_after=2025-10-14 00:00:00+00:00
[2025-10-14T08:57:47.776+0000] {processor.py:183} INFO - Processing /home/airflow/.local/lib/python3.8/site-packages/airflow/example_dags/example_dynamic_task_mapping_with_no_taskflow_operators.py took 0.177 seconds
[2025-10-14T08:58:18.714+0000] {processor.py:161} INFO - Started process (PID=69499) to work on /home/airflow/.local/lib/python3.8/site-packages/airflow/example_dags/example_dynamic_task_mapping_with_no_taskflow_operators.py
[2025-10-14T08:58:18.716+0000] {processor.py:830} INFO - Processing file /home/airflow/.local/lib/python3.8/site-packages/airflow/example_dags/example_dynamic_task_mapping_with_no_taskflow_operators.py for tasks to queue
[2025-10-14T08:58:18.718+0000] {logging_mixin.py:188} INFO - [2025-10-14T08:58:18.718+0000] {dagbag.py:538} INFO - Filling up the DagBag from /home/airflow/.local/lib/python3.8/site-packages/airflow/example_dags/example_dynamic_task_mapping_with_no_taskflow_operators.py
[2025-10-14T08:58:18.729+0000] {processor.py:840} INFO - DAG(s) 'example_dynamic_task_mapping_with_no_taskflow_operators' retrieved from /home/airflow/.local/lib/python3.8/site-packages/airflow/example_dags/example_dynamic_task_mapping_with_no_taskflow_operators.py
[2025-10-14T08:58:18.767+0000] {logging_mixin.py:188} INFO - [2025-10-14T08:58:18.767+0000] {dag.py:3036} INFO - Sync 1 DAGs
[2025-10-14T08:58:18.800+0000] {logging_mixin.py:188} INFO - [2025-10-14T08:58:18.800+0000] {dag.py:3823} INFO - Setting next_dagrun for example_dynamic_task_mapping_with_no_taskflow_operators to 2025-10-13 00:00:00+00:00, run_after=2025-10-14 00:00:00+00:00
[2025-10-14T08:58:18.847+0000] {processor.py:183} INFO - Processing /home/airflow/.local/lib/python3.8/site-packages/airflow/example_dags/example_dynamic_task_mapping_with_no_taskflow_operators.py took 0.142 seconds
[2025-10-14T08:58:49.726+0000] {processor.py:161} INFO - Started process (PID=69569) to work on /home/airflow/.local/lib/python3.8/site-packages/airflow/example_dags/example_dynamic_task_mapping_with_no_taskflow_operators.py
[2025-10-14T08:58:49.728+0000] {processor.py:830} INFO - Processing file /home/airflow/.local/lib/python3.8/site-packages/airflow/example_dags/example_dynamic_task_mapping_with_no_taskflow_operators.py for tasks to queue
[2025-10-14T08:58:49.730+0000] {logging_mixin.py:188} INFO - [2025-10-14T08:58:49.729+0000] {dagbag.py:538} INFO - Filling up the DagBag from /home/airflow/.local/lib/python3.8/site-packages/airflow/example_dags/example_dynamic_task_mapping_with_no_taskflow_operators.py
[2025-10-14T08:58:49.739+0000] {processor.py:840} INFO - DAG(s) 'example_dynamic_task_mapping_with_no_taskflow_operators' retrieved from /home/airflow/.local/lib/python3.8/site-packages/airflow/example_dags/example_dynamic_task_mapping_with_no_taskflow_operators.py
[2025-10-14T08:58:49.771+0000] {logging_mixin.py:188} INFO - [2025-10-14T08:58:49.770+0000] {dag.py:3036} INFO - Sync 1 DAGs
[2025-10-14T08:58:49.803+0000] {logging_mixin.py:188} INFO - [2025-10-14T08:58:49.803+0000] {dag.py:3823} INFO - Setting next_dagrun for example_dynamic_task_mapping_with_no_taskflow_operators to 2025-10-13 00:00:00+00:00, run_after=2025-10-14 00:00:00+00:00
[2025-10-14T08:58:49.846+0000] {processor.py:183} INFO - Processing /home/airflow/.local/lib/python3.8/site-packages/airflow/example_dags/example_dynamic_task_mapping_with_no_taskflow_operators.py took 0.124 seconds
[2025-10-14T08:59:20.072+0000] {processor.py:161} INFO - Started process (PID=69636) to work on /home/airflow/.local/lib/python3.8/site-packages/airflow/example_dags/example_dynamic_task_mapping_with_no_taskflow_operators.py
[2025-10-14T08:59:20.074+0000] {processor.py:830} INFO - Processing file /home/airflow/.local/lib/python3.8/site-packages/airflow/example_dags/example_dynamic_task_mapping_with_no_taskflow_operators.py for tasks to queue
[2025-10-14T08:59:20.077+0000] {logging_mixin.py:188} INFO - [2025-10-14T08:59:20.076+0000] {dagbag.py:538} INFO - Filling up the DagBag from /home/airflow/.local/lib/python3.8/site-packages/airflow/example_dags/example_dynamic_task_mapping_with_no_taskflow_operators.py
[2025-10-14T08:59:20.091+0000] {processor.py:840} INFO - DAG(s) 'example_dynamic_task_mapping_with_no_taskflow_operators' retrieved from /home/airflow/.local/lib/python3.8/site-packages/airflow/example_dags/example_dynamic_task_mapping_with_no_taskflow_operators.py
[2025-10-14T08:59:20.136+0000] {logging_mixin.py:188} INFO - [2025-10-14T08:59:20.136+0000] {dag.py:3036} INFO - Sync 1 DAGs
[2025-10-14T08:59:20.174+0000] {logging_mixin.py:188} INFO - [2025-10-14T08:59:20.173+0000] {dag.py:3823} INFO - Setting next_dagrun for example_dynamic_task_mapping_with_no_taskflow_operators to 2025-10-13 00:00:00+00:00, run_after=2025-10-14 00:00:00+00:00
[2025-10-14T08:59:20.202+0000] {processor.py:183} INFO - Processing /home/airflow/.local/lib/python3.8/site-packages/airflow/example_dags/example_dynamic_task_mapping_with_no_taskflow_operators.py took 0.136 seconds
[2025-10-14T09:03:13.424+0000] {processor.py:161} INFO - Started process (PID=69685) to work on /home/airflow/.local/lib/python3.8/site-packages/airflow/example_dags/example_dynamic_task_mapping_with_no_taskflow_operators.py
[2025-10-14T09:03:13.426+0000] {processor.py:830} INFO - Processing file /home/airflow/.local/lib/python3.8/site-packages/airflow/example_dags/example_dynamic_task_mapping_with_no_taskflow_operators.py for tasks to queue
[2025-10-14T09:03:13.428+0000] {logging_mixin.py:188} INFO - [2025-10-14T09:03:13.428+0000] {dagbag.py:538} INFO - Filling up the DagBag from /home/airflow/.local/lib/python3.8/site-packages/airflow/example_dags/example_dynamic_task_mapping_with_no_taskflow_operators.py
[2025-10-14T09:03:13.439+0000] {processor.py:840} INFO - DAG(s) 'example_dynamic_task_mapping_with_no_taskflow_operators' retrieved from /home/airflow/.local/lib/python3.8/site-packages/airflow/example_dags/example_dynamic_task_mapping_with_no_taskflow_operators.py
[2025-10-14T09:03:13.478+0000] {logging_mixin.py:188} INFO - [2025-10-14T09:03:13.478+0000] {dag.py:3036} INFO - Sync 1 DAGs
[2025-10-14T09:03:13.521+0000] {logging_mixin.py:188} INFO - [2025-10-14T09:03:13.521+0000] {dag.py:3823} INFO - Setting next_dagrun for example_dynamic_task_mapping_with_no_taskflow_operators to 2025-10-13 00:00:00+00:00, run_after=2025-10-14 00:00:00+00:00
[2025-10-14T09:03:13.574+0000] {processor.py:183} INFO - Processing /home/airflow/.local/lib/python3.8/site-packages/airflow/example_dags/example_dynamic_task_mapping_with_no_taskflow_operators.py took 0.155 seconds
[2025-10-14T09:03:44.243+0000] {processor.py:161} INFO - Started process (PID=69755) to work on /home/airflow/.local/lib/python3.8/site-packages/airflow/example_dags/example_dynamic_task_mapping_with_no_taskflow_operators.py
[2025-10-14T09:03:44.245+0000] {processor.py:830} INFO - Processing file /home/airflow/.local/lib/python3.8/site-packages/airflow/example_dags/example_dynamic_task_mapping_with_no_taskflow_operators.py for tasks to queue
[2025-10-14T09:03:44.246+0000] {logging_mixin.py:188} INFO - [2025-10-14T09:03:44.246+0000] {dagbag.py:538} INFO - Filling up the DagBag from /home/airflow/.local/lib/python3.8/site-packages/airflow/example_dags/example_dynamic_task_mapping_with_no_taskflow_operators.py
[2025-10-14T09:03:44.254+0000] {processor.py:840} INFO - DAG(s) 'example_dynamic_task_mapping_with_no_taskflow_operators' retrieved from /home/airflow/.local/lib/python3.8/site-packages/airflow/example_dags/example_dynamic_task_mapping_with_no_taskflow_operators.py
[2025-10-14T09:03:44.282+0000] {logging_mixin.py:188} INFO - [2025-10-14T09:03:44.282+0000] {dag.py:3036} INFO - Sync 1 DAGs
[2025-10-14T09:03:44.311+0000] {logging_mixin.py:188} INFO - [2025-10-14T09:03:44.310+0000] {dag.py:3823} INFO - Setting next_dagrun for example_dynamic_task_mapping_with_no_taskflow_operators to 2025-10-13 00:00:00+00:00, run_after=2025-10-14 00:00:00+00:00
[2025-10-14T09:03:44.343+0000] {processor.py:183} INFO - Processing /home/airflow/.local/lib/python3.8/site-packages/airflow/example_dags/example_dynamic_task_mapping_with_no_taskflow_operators.py took 0.104 seconds
[2025-10-14T09:04:14.755+0000] {processor.py:161} INFO - Started process (PID=69825) to work on /home/airflow/.local/lib/python3.8/site-packages/airflow/example_dags/example_dynamic_task_mapping_with_no_taskflow_operators.py
[2025-10-14T09:04:14.756+0000] {processor.py:830} INFO - Processing file /home/airflow/.local/lib/python3.8/site-packages/airflow/example_dags/example_dynamic_task_mapping_with_no_taskflow_operators.py for tasks to queue
[2025-10-14T09:04:14.758+0000] {logging_mixin.py:188} INFO - [2025-10-14T09:04:14.757+0000] {dagbag.py:538} INFO - Filling up the DagBag from /home/airflow/.local/lib/python3.8/site-packages/airflow/example_dags/example_dynamic_task_mapping_with_no_taskflow_operators.py
[2025-10-14T09:04:14.766+0000] {processor.py:840} INFO - DAG(s) 'example_dynamic_task_mapping_with_no_taskflow_operators' retrieved from /home/airflow/.local/lib/python3.8/site-packages/airflow/example_dags/example_dynamic_task_mapping_with_no_taskflow_operators.py
[2025-10-14T09:04:14.794+0000] {logging_mixin.py:188} INFO - [2025-10-14T09:04:14.794+0000] {dag.py:3036} INFO - Sync 1 DAGs
[2025-10-14T09:04:14.821+0000] {logging_mixin.py:188} INFO - [2025-10-14T09:04:14.821+0000] {dag.py:3823} INFO - Setting next_dagrun for example_dynamic_task_mapping_with_no_taskflow_operators to 2025-10-13 00:00:00+00:00, run_after=2025-10-14 00:00:00+00:00
[2025-10-14T09:04:14.865+0000] {processor.py:183} INFO - Processing /home/airflow/.local/lib/python3.8/site-packages/airflow/example_dags/example_dynamic_task_mapping_with_no_taskflow_operators.py took 0.114 seconds
[2025-10-14T09:04:45.770+0000] {processor.py:161} INFO - Started process (PID=69895) to work on /home/airflow/.local/lib/python3.8/site-packages/airflow/example_dags/example_dynamic_task_mapping_with_no_taskflow_operators.py
[2025-10-14T09:04:45.772+0000] {processor.py:830} INFO - Processing file /home/airflow/.local/lib/python3.8/site-packages/airflow/example_dags/example_dynamic_task_mapping_with_no_taskflow_operators.py for tasks to queue
[2025-10-14T09:04:45.774+0000] {logging_mixin.py:188} INFO - [2025-10-14T09:04:45.774+0000] {dagbag.py:538} INFO - Filling up the DagBag from /home/airflow/.local/lib/python3.8/site-packages/airflow/example_dags/example_dynamic_task_mapping_with_no_taskflow_operators.py
[2025-10-14T09:04:45.787+0000] {processor.py:840} INFO - DAG(s) 'example_dynamic_task_mapping_with_no_taskflow_operators' retrieved from /home/airflow/.local/lib/python3.8/site-packages/airflow/example_dags/example_dynamic_task_mapping_with_no_taskflow_operators.py
[2025-10-14T09:04:45.829+0000] {logging_mixin.py:188} INFO - [2025-10-14T09:04:45.829+0000] {dag.py:3036} INFO - Sync 1 DAGs
[2025-10-14T09:04:45.865+0000] {logging_mixin.py:188} INFO - [2025-10-14T09:04:45.865+0000] {dag.py:3823} INFO - Setting next_dagrun for example_dynamic_task_mapping_with_no_taskflow_operators to 2025-10-13 00:00:00+00:00, run_after=2025-10-14 00:00:00+00:00
[2025-10-14T09:04:45.917+0000] {processor.py:183} INFO - Processing /home/airflow/.local/lib/python3.8/site-packages/airflow/example_dags/example_dynamic_task_mapping_with_no_taskflow_operators.py took 0.156 seconds
[2025-10-14T09:05:16.819+0000] {processor.py:161} INFO - Started process (PID=69967) to work on /home/airflow/.local/lib/python3.8/site-packages/airflow/example_dags/example_dynamic_task_mapping_with_no_taskflow_operators.py
[2025-10-14T09:05:16.821+0000] {processor.py:830} INFO - Processing file /home/airflow/.local/lib/python3.8/site-packages/airflow/example_dags/example_dynamic_task_mapping_with_no_taskflow_operators.py for tasks to queue
[2025-10-14T09:05:16.823+0000] {logging_mixin.py:188} INFO - [2025-10-14T09:05:16.823+0000] {dagbag.py:538} INFO - Filling up the DagBag from /home/airflow/.local/lib/python3.8/site-packages/airflow/example_dags/example_dynamic_task_mapping_with_no_taskflow_operators.py
[2025-10-14T09:05:16.836+0000] {processor.py:840} INFO - DAG(s) 'example_dynamic_task_mapping_with_no_taskflow_operators' retrieved from /home/airflow/.local/lib/python3.8/site-packages/airflow/example_dags/example_dynamic_task_mapping_with_no_taskflow_operators.py
[2025-10-14T09:05:16.878+0000] {logging_mixin.py:188} INFO - [2025-10-14T09:05:16.877+0000] {dag.py:3036} INFO - Sync 1 DAGs
[2025-10-14T09:05:16.914+0000] {logging_mixin.py:188} INFO - [2025-10-14T09:05:16.914+0000] {dag.py:3823} INFO - Setting next_dagrun for example_dynamic_task_mapping_with_no_taskflow_operators to 2025-10-13 00:00:00+00:00, run_after=2025-10-14 00:00:00+00:00
[2025-10-14T09:05:16.963+0000] {processor.py:183} INFO - Processing /home/airflow/.local/lib/python3.8/site-packages/airflow/example_dags/example_dynamic_task_mapping_with_no_taskflow_operators.py took 0.149 seconds
[2025-10-14T09:05:48.006+0000] {processor.py:161} INFO - Started process (PID=70036) to work on /home/airflow/.local/lib/python3.8/site-packages/airflow/example_dags/example_dynamic_task_mapping_with_no_taskflow_operators.py
[2025-10-14T09:05:48.007+0000] {processor.py:830} INFO - Processing file /home/airflow/.local/lib/python3.8/site-packages/airflow/example_dags/example_dynamic_task_mapping_with_no_taskflow_operators.py for tasks to queue
[2025-10-14T09:05:48.009+0000] {logging_mixin.py:188} INFO - [2025-10-14T09:05:48.008+0000] {dagbag.py:538} INFO - Filling up the DagBag from /home/airflow/.local/lib/python3.8/site-packages/airflow/example_dags/example_dynamic_task_mapping_with_no_taskflow_operators.py
[2025-10-14T09:05:48.018+0000] {processor.py:840} INFO - DAG(s) 'example_dynamic_task_mapping_with_no_taskflow_operators' retrieved from /home/airflow/.local/lib/python3.8/site-packages/airflow/example_dags/example_dynamic_task_mapping_with_no_taskflow_operators.py
[2025-10-14T09:05:48.048+0000] {logging_mixin.py:188} INFO - [2025-10-14T09:05:48.048+0000] {dag.py:3036} INFO - Sync 1 DAGs
[2025-10-14T09:05:48.078+0000] {logging_mixin.py:188} INFO - [2025-10-14T09:05:48.077+0000] {dag.py:3823} INFO - Setting next_dagrun for example_dynamic_task_mapping_with_no_taskflow_operators to 2025-10-13 00:00:00+00:00, run_after=2025-10-14 00:00:00+00:00
[2025-10-14T09:05:48.126+0000] {processor.py:183} INFO - Processing /home/airflow/.local/lib/python3.8/site-packages/airflow/example_dags/example_dynamic_task_mapping_with_no_taskflow_operators.py took 0.125 seconds
[2025-10-14T09:06:20.054+0000] {processor.py:161} INFO - Started process (PID=70106) to work on /home/airflow/.local/lib/python3.8/site-packages/airflow/example_dags/example_dynamic_task_mapping_with_no_taskflow_operators.py
[2025-10-14T09:06:20.056+0000] {processor.py:830} INFO - Processing file /home/airflow/.local/lib/python3.8/site-packages/airflow/example_dags/example_dynamic_task_mapping_with_no_taskflow_operators.py for tasks to queue
[2025-10-14T09:06:20.058+0000] {logging_mixin.py:188} INFO - [2025-10-14T09:06:20.058+0000] {dagbag.py:538} INFO - Filling up the DagBag from /home/airflow/.local/lib/python3.8/site-packages/airflow/example_dags/example_dynamic_task_mapping_with_no_taskflow_operators.py
[2025-10-14T09:06:20.070+0000] {processor.py:840} INFO - DAG(s) 'example_dynamic_task_mapping_with_no_taskflow_operators' retrieved from /home/airflow/.local/lib/python3.8/site-packages/airflow/example_dags/example_dynamic_task_mapping_with_no_taskflow_operators.py
[2025-10-14T09:06:20.112+0000] {logging_mixin.py:188} INFO - [2025-10-14T09:06:20.111+0000] {dag.py:3036} INFO - Sync 1 DAGs
[2025-10-14T09:06:20.152+0000] {logging_mixin.py:188} INFO - [2025-10-14T09:06:20.151+0000] {dag.py:3823} INFO - Setting next_dagrun for example_dynamic_task_mapping_with_no_taskflow_operators to 2025-10-13 00:00:00+00:00, run_after=2025-10-14 00:00:00+00:00
[2025-10-14T09:06:20.177+0000] {processor.py:183} INFO - Processing /home/airflow/.local/lib/python3.8/site-packages/airflow/example_dags/example_dynamic_task_mapping_with_no_taskflow_operators.py took 0.130 seconds
[2025-10-14T09:06:51.343+0000] {processor.py:161} INFO - Started process (PID=70176) to work on /home/airflow/.local/lib/python3.8/site-packages/airflow/example_dags/example_dynamic_task_mapping_with_no_taskflow_operators.py
[2025-10-14T09:06:51.345+0000] {processor.py:830} INFO - Processing file /home/airflow/.local/lib/python3.8/site-packages/airflow/example_dags/example_dynamic_task_mapping_with_no_taskflow_operators.py for tasks to queue
[2025-10-14T09:06:51.347+0000] {logging_mixin.py:188} INFO - [2025-10-14T09:06:51.346+0000] {dagbag.py:538} INFO - Filling up the DagBag from /home/airflow/.local/lib/python3.8/site-packages/airflow/example_dags/example_dynamic_task_mapping_with_no_taskflow_operators.py
[2025-10-14T09:06:51.358+0000] {processor.py:840} INFO - DAG(s) 'example_dynamic_task_mapping_with_no_taskflow_operators' retrieved from /home/airflow/.local/lib/python3.8/site-packages/airflow/example_dags/example_dynamic_task_mapping_with_no_taskflow_operators.py
[2025-10-14T09:06:51.391+0000] {logging_mixin.py:188} INFO - [2025-10-14T09:06:51.391+0000] {dag.py:3036} INFO - Sync 1 DAGs
[2025-10-14T09:06:51.422+0000] {logging_mixin.py:188} INFO - [2025-10-14T09:06:51.422+0000] {dag.py:3823} INFO - Setting next_dagrun for example_dynamic_task_mapping_with_no_taskflow_operators to 2025-10-13 00:00:00+00:00, run_after=2025-10-14 00:00:00+00:00
[2025-10-14T09:06:51.464+0000] {processor.py:183} INFO - Processing /home/airflow/.local/lib/python3.8/site-packages/airflow/example_dags/example_dynamic_task_mapping_with_no_taskflow_operators.py took 0.126 seconds
[2025-10-14T09:07:22.501+0000] {processor.py:161} INFO - Started process (PID=70246) to work on /home/airflow/.local/lib/python3.8/site-packages/airflow/example_dags/example_dynamic_task_mapping_with_no_taskflow_operators.py
[2025-10-14T09:07:22.503+0000] {processor.py:830} INFO - Processing file /home/airflow/.local/lib/python3.8/site-packages/airflow/example_dags/example_dynamic_task_mapping_with_no_taskflow_operators.py for tasks to queue
[2025-10-14T09:07:22.505+0000] {logging_mixin.py:188} INFO - [2025-10-14T09:07:22.505+0000] {dagbag.py:538} INFO - Filling up the DagBag from /home/airflow/.local/lib/python3.8/site-packages/airflow/example_dags/example_dynamic_task_mapping_with_no_taskflow_operators.py
[2025-10-14T09:07:22.519+0000] {processor.py:840} INFO - DAG(s) 'example_dynamic_task_mapping_with_no_taskflow_operators' retrieved from /home/airflow/.local/lib/python3.8/site-packages/airflow/example_dags/example_dynamic_task_mapping_with_no_taskflow_operators.py
[2025-10-14T09:07:22.571+0000] {logging_mixin.py:188} INFO - [2025-10-14T09:07:22.571+0000] {dag.py:3036} INFO - Sync 1 DAGs
[2025-10-14T09:07:22.616+0000] {logging_mixin.py:188} INFO - [2025-10-14T09:07:22.615+0000] {dag.py:3823} INFO - Setting next_dagrun for example_dynamic_task_mapping_with_no_taskflow_operators to 2025-10-13 00:00:00+00:00, run_after=2025-10-14 00:00:00+00:00
[2025-10-14T09:07:22.654+0000] {processor.py:183} INFO - Processing /home/airflow/.local/lib/python3.8/site-packages/airflow/example_dags/example_dynamic_task_mapping_with_no_taskflow_operators.py took 0.159 seconds
[2025-10-14T09:07:53.825+0000] {processor.py:161} INFO - Started process (PID=70316) to work on /home/airflow/.local/lib/python3.8/site-packages/airflow/example_dags/example_dynamic_task_mapping_with_no_taskflow_operators.py
[2025-10-14T09:07:53.827+0000] {processor.py:830} INFO - Processing file /home/airflow/.local/lib/python3.8/site-packages/airflow/example_dags/example_dynamic_task_mapping_with_no_taskflow_operators.py for tasks to queue
[2025-10-14T09:07:53.829+0000] {logging_mixin.py:188} INFO - [2025-10-14T09:07:53.828+0000] {dagbag.py:538} INFO - Filling up the DagBag from /home/airflow/.local/lib/python3.8/site-packages/airflow/example_dags/example_dynamic_task_mapping_with_no_taskflow_operators.py
[2025-10-14T09:07:53.840+0000] {processor.py:840} INFO - DAG(s) 'example_dynamic_task_mapping_with_no_taskflow_operators' retrieved from /home/airflow/.local/lib/python3.8/site-packages/airflow/example_dags/example_dynamic_task_mapping_with_no_taskflow_operators.py
[2025-10-14T09:07:53.887+0000] {logging_mixin.py:188} INFO - [2025-10-14T09:07:53.887+0000] {dag.py:3036} INFO - Sync 1 DAGs
[2025-10-14T09:07:53.927+0000] {logging_mixin.py:188} INFO - [2025-10-14T09:07:53.927+0000] {dag.py:3823} INFO - Setting next_dagrun for example_dynamic_task_mapping_with_no_taskflow_operators to 2025-10-13 00:00:00+00:00, run_after=2025-10-14 00:00:00+00:00
[2025-10-14T09:07:53.963+0000] {processor.py:183} INFO - Processing /home/airflow/.local/lib/python3.8/site-packages/airflow/example_dags/example_dynamic_task_mapping_with_no_taskflow_operators.py took 0.143 seconds
[2025-10-14T09:08:25.346+0000] {processor.py:161} INFO - Started process (PID=70386) to work on /home/airflow/.local/lib/python3.8/site-packages/airflow/example_dags/example_dynamic_task_mapping_with_no_taskflow_operators.py
[2025-10-14T09:08:25.349+0000] {processor.py:830} INFO - Processing file /home/airflow/.local/lib/python3.8/site-packages/airflow/example_dags/example_dynamic_task_mapping_with_no_taskflow_operators.py for tasks to queue
[2025-10-14T09:08:25.351+0000] {logging_mixin.py:188} INFO - [2025-10-14T09:08:25.350+0000] {dagbag.py:538} INFO - Filling up the DagBag from /home/airflow/.local/lib/python3.8/site-packages/airflow/example_dags/example_dynamic_task_mapping_with_no_taskflow_operators.py
[2025-10-14T09:08:25.364+0000] {processor.py:840} INFO - DAG(s) 'example_dynamic_task_mapping_with_no_taskflow_operators' retrieved from /home/airflow/.local/lib/python3.8/site-packages/airflow/example_dags/example_dynamic_task_mapping_with_no_taskflow_operators.py
[2025-10-14T09:08:25.437+0000] {logging_mixin.py:188} INFO - [2025-10-14T09:08:25.437+0000] {dag.py:3036} INFO - Sync 1 DAGs
[2025-10-14T09:08:25.482+0000] {logging_mixin.py:188} INFO - [2025-10-14T09:08:25.481+0000] {dag.py:3823} INFO - Setting next_dagrun for example_dynamic_task_mapping_with_no_taskflow_operators to 2025-10-13 00:00:00+00:00, run_after=2025-10-14 00:00:00+00:00
[2025-10-14T09:08:25.544+0000] {processor.py:183} INFO - Processing /home/airflow/.local/lib/python3.8/site-packages/airflow/example_dags/example_dynamic_task_mapping_with_no_taskflow_operators.py took 0.204 seconds
[2025-10-14T09:08:56.893+0000] {processor.py:161} INFO - Started process (PID=70456) to work on /home/airflow/.local/lib/python3.8/site-packages/airflow/example_dags/example_dynamic_task_mapping_with_no_taskflow_operators.py
[2025-10-14T09:08:56.895+0000] {processor.py:830} INFO - Processing file /home/airflow/.local/lib/python3.8/site-packages/airflow/example_dags/example_dynamic_task_mapping_with_no_taskflow_operators.py for tasks to queue
[2025-10-14T09:08:56.897+0000] {logging_mixin.py:188} INFO - [2025-10-14T09:08:56.896+0000] {dagbag.py:538} INFO - Filling up the DagBag from /home/airflow/.local/lib/python3.8/site-packages/airflow/example_dags/example_dynamic_task_mapping_with_no_taskflow_operators.py
[2025-10-14T09:08:56.909+0000] {processor.py:840} INFO - DAG(s) 'example_dynamic_task_mapping_with_no_taskflow_operators' retrieved from /home/airflow/.local/lib/python3.8/site-packages/airflow/example_dags/example_dynamic_task_mapping_with_no_taskflow_operators.py
[2025-10-14T09:08:56.943+0000] {logging_mixin.py:188} INFO - [2025-10-14T09:08:56.943+0000] {dag.py:3036} INFO - Sync 1 DAGs
[2025-10-14T09:08:56.977+0000] {logging_mixin.py:188} INFO - [2025-10-14T09:08:56.976+0000] {dag.py:3823} INFO - Setting next_dagrun for example_dynamic_task_mapping_with_no_taskflow_operators to 2025-10-13 00:00:00+00:00, run_after=2025-10-14 00:00:00+00:00
[2025-10-14T09:08:57.021+0000] {processor.py:183} INFO - Processing /home/airflow/.local/lib/python3.8/site-packages/airflow/example_dags/example_dynamic_task_mapping_with_no_taskflow_operators.py took 0.133 seconds
[2025-10-14T09:09:28.731+0000] {processor.py:161} INFO - Started process (PID=70526) to work on /home/airflow/.local/lib/python3.8/site-packages/airflow/example_dags/example_dynamic_task_mapping_with_no_taskflow_operators.py
[2025-10-14T09:09:28.732+0000] {processor.py:830} INFO - Processing file /home/airflow/.local/lib/python3.8/site-packages/airflow/example_dags/example_dynamic_task_mapping_with_no_taskflow_operators.py for tasks to queue
[2025-10-14T09:09:28.734+0000] {logging_mixin.py:188} INFO - [2025-10-14T09:09:28.733+0000] {dagbag.py:538} INFO - Filling up the DagBag from /home/airflow/.local/lib/python3.8/site-packages/airflow/example_dags/example_dynamic_task_mapping_with_no_taskflow_operators.py
[2025-10-14T09:09:28.743+0000] {processor.py:840} INFO - DAG(s) 'example_dynamic_task_mapping_with_no_taskflow_operators' retrieved from /home/airflow/.local/lib/python3.8/site-packages/airflow/example_dags/example_dynamic_task_mapping_with_no_taskflow_operators.py
[2025-10-14T09:09:28.774+0000] {logging_mixin.py:188} INFO - [2025-10-14T09:09:28.774+0000] {dag.py:3036} INFO - Sync 1 DAGs
[2025-10-14T09:09:28.808+0000] {logging_mixin.py:188} INFO - [2025-10-14T09:09:28.808+0000] {dag.py:3823} INFO - Setting next_dagrun for example_dynamic_task_mapping_with_no_taskflow_operators to 2025-10-13 00:00:00+00:00, run_after=2025-10-14 00:00:00+00:00
[2025-10-14T09:09:28.836+0000] {processor.py:183} INFO - Processing /home/airflow/.local/lib/python3.8/site-packages/airflow/example_dags/example_dynamic_task_mapping_with_no_taskflow_operators.py took 0.111 seconds
[2025-10-14T09:10:00.766+0000] {processor.py:161} INFO - Started process (PID=70596) to work on /home/airflow/.local/lib/python3.8/site-packages/airflow/example_dags/example_dynamic_task_mapping_with_no_taskflow_operators.py
[2025-10-14T09:10:00.767+0000] {processor.py:830} INFO - Processing file /home/airflow/.local/lib/python3.8/site-packages/airflow/example_dags/example_dynamic_task_mapping_with_no_taskflow_operators.py for tasks to queue
[2025-10-14T09:10:00.769+0000] {logging_mixin.py:188} INFO - [2025-10-14T09:10:00.769+0000] {dagbag.py:538} INFO - Filling up the DagBag from /home/airflow/.local/lib/python3.8/site-packages/airflow/example_dags/example_dynamic_task_mapping_with_no_taskflow_operators.py
[2025-10-14T09:10:00.780+0000] {processor.py:840} INFO - DAG(s) 'example_dynamic_task_mapping_with_no_taskflow_operators' retrieved from /home/airflow/.local/lib/python3.8/site-packages/airflow/example_dags/example_dynamic_task_mapping_with_no_taskflow_operators.py
[2025-10-14T09:10:00.813+0000] {logging_mixin.py:188} INFO - [2025-10-14T09:10:00.813+0000] {dag.py:3036} INFO - Sync 1 DAGs
[2025-10-14T09:10:00.845+0000] {logging_mixin.py:188} INFO - [2025-10-14T09:10:00.844+0000] {dag.py:3823} INFO - Setting next_dagrun for example_dynamic_task_mapping_with_no_taskflow_operators to 2025-10-13 00:00:00+00:00, run_after=2025-10-14 00:00:00+00:00
[2025-10-14T09:10:00.885+0000] {processor.py:183} INFO - Processing /home/airflow/.local/lib/python3.8/site-packages/airflow/example_dags/example_dynamic_task_mapping_with_no_taskflow_operators.py took 0.125 seconds
[2025-10-14T09:10:31.635+0000] {processor.py:161} INFO - Started process (PID=70666) to work on /home/airflow/.local/lib/python3.8/site-packages/airflow/example_dags/example_dynamic_task_mapping_with_no_taskflow_operators.py
[2025-10-14T09:10:31.636+0000] {processor.py:830} INFO - Processing file /home/airflow/.local/lib/python3.8/site-packages/airflow/example_dags/example_dynamic_task_mapping_with_no_taskflow_operators.py for tasks to queue
[2025-10-14T09:10:31.638+0000] {logging_mixin.py:188} INFO - [2025-10-14T09:10:31.638+0000] {dagbag.py:538} INFO - Filling up the DagBag from /home/airflow/.local/lib/python3.8/site-packages/airflow/example_dags/example_dynamic_task_mapping_with_no_taskflow_operators.py
[2025-10-14T09:10:31.648+0000] {processor.py:840} INFO - DAG(s) 'example_dynamic_task_mapping_with_no_taskflow_operators' retrieved from /home/airflow/.local/lib/python3.8/site-packages/airflow/example_dags/example_dynamic_task_mapping_with_no_taskflow_operators.py
[2025-10-14T09:10:31.685+0000] {logging_mixin.py:188} INFO - [2025-10-14T09:10:31.685+0000] {dag.py:3036} INFO - Sync 1 DAGs
[2025-10-14T09:10:31.718+0000] {logging_mixin.py:188} INFO - [2025-10-14T09:10:31.718+0000] {dag.py:3823} INFO - Setting next_dagrun for example_dynamic_task_mapping_with_no_taskflow_operators to 2025-10-13 00:00:00+00:00, run_after=2025-10-14 00:00:00+00:00
[2025-10-14T09:10:31.745+0000] {processor.py:183} INFO - Processing /home/airflow/.local/lib/python3.8/site-packages/airflow/example_dags/example_dynamic_task_mapping_with_no_taskflow_operators.py took 0.115 seconds
[2025-10-14T09:11:02.604+0000] {processor.py:161} INFO - Started process (PID=70736) to work on /home/airflow/.local/lib/python3.8/site-packages/airflow/example_dags/example_dynamic_task_mapping_with_no_taskflow_operators.py
[2025-10-14T09:11:02.606+0000] {processor.py:830} INFO - Processing file /home/airflow/.local/lib/python3.8/site-packages/airflow/example_dags/example_dynamic_task_mapping_with_no_taskflow_operators.py for tasks to queue
[2025-10-14T09:11:02.608+0000] {logging_mixin.py:188} INFO - [2025-10-14T09:11:02.608+0000] {dagbag.py:538} INFO - Filling up the DagBag from /home/airflow/.local/lib/python3.8/site-packages/airflow/example_dags/example_dynamic_task_mapping_with_no_taskflow_operators.py
[2025-10-14T09:11:02.630+0000] {processor.py:840} INFO - DAG(s) 'example_dynamic_task_mapping_with_no_taskflow_operators' retrieved from /home/airflow/.local/lib/python3.8/site-packages/airflow/example_dags/example_dynamic_task_mapping_with_no_taskflow_operators.py
[2025-10-14T09:11:02.675+0000] {logging_mixin.py:188} INFO - [2025-10-14T09:11:02.675+0000] {dag.py:3036} INFO - Sync 1 DAGs
[2025-10-14T09:11:02.717+0000] {logging_mixin.py:188} INFO - [2025-10-14T09:11:02.717+0000] {dag.py:3823} INFO - Setting next_dagrun for example_dynamic_task_mapping_with_no_taskflow_operators to 2025-10-13 00:00:00+00:00, run_after=2025-10-14 00:00:00+00:00
[2025-10-14T09:11:02.746+0000] {processor.py:183} INFO - Processing /home/airflow/.local/lib/python3.8/site-packages/airflow/example_dags/example_dynamic_task_mapping_with_no_taskflow_operators.py took 0.153 seconds
[2025-10-14T09:11:33.600+0000] {processor.py:161} INFO - Started process (PID=70806) to work on /home/airflow/.local/lib/python3.8/site-packages/airflow/example_dags/example_dynamic_task_mapping_with_no_taskflow_operators.py
[2025-10-14T09:11:33.602+0000] {processor.py:830} INFO - Processing file /home/airflow/.local/lib/python3.8/site-packages/airflow/example_dags/example_dynamic_task_mapping_with_no_taskflow_operators.py for tasks to queue
[2025-10-14T09:11:33.605+0000] {logging_mixin.py:188} INFO - [2025-10-14T09:11:33.605+0000] {dagbag.py:538} INFO - Filling up the DagBag from /home/airflow/.local/lib/python3.8/site-packages/airflow/example_dags/example_dynamic_task_mapping_with_no_taskflow_operators.py
[2025-10-14T09:11:33.626+0000] {processor.py:840} INFO - DAG(s) 'example_dynamic_task_mapping_with_no_taskflow_operators' retrieved from /home/airflow/.local/lib/python3.8/site-packages/airflow/example_dags/example_dynamic_task_mapping_with_no_taskflow_operators.py
[2025-10-14T09:11:33.694+0000] {logging_mixin.py:188} INFO - [2025-10-14T09:11:33.693+0000] {dag.py:3036} INFO - Sync 1 DAGs
[2025-10-14T09:11:33.754+0000] {logging_mixin.py:188} INFO - [2025-10-14T09:11:33.753+0000] {dag.py:3823} INFO - Setting next_dagrun for example_dynamic_task_mapping_with_no_taskflow_operators to 2025-10-13 00:00:00+00:00, run_after=2025-10-14 00:00:00+00:00
[2025-10-14T09:11:33.803+0000] {processor.py:183} INFO - Processing /home/airflow/.local/lib/python3.8/site-packages/airflow/example_dags/example_dynamic_task_mapping_with_no_taskflow_operators.py took 0.215 seconds
[2025-10-14T09:12:06.111+0000] {processor.py:161} INFO - Started process (PID=70876) to work on /home/airflow/.local/lib/python3.8/site-packages/airflow/example_dags/example_dynamic_task_mapping_with_no_taskflow_operators.py
[2025-10-14T09:12:06.113+0000] {processor.py:830} INFO - Processing file /home/airflow/.local/lib/python3.8/site-packages/airflow/example_dags/example_dynamic_task_mapping_with_no_taskflow_operators.py for tasks to queue
[2025-10-14T09:12:06.115+0000] {logging_mixin.py:188} INFO - [2025-10-14T09:12:06.114+0000] {dagbag.py:538} INFO - Filling up the DagBag from /home/airflow/.local/lib/python3.8/site-packages/airflow/example_dags/example_dynamic_task_mapping_with_no_taskflow_operators.py
[2025-10-14T09:12:06.127+0000] {processor.py:840} INFO - DAG(s) 'example_dynamic_task_mapping_with_no_taskflow_operators' retrieved from /home/airflow/.local/lib/python3.8/site-packages/airflow/example_dags/example_dynamic_task_mapping_with_no_taskflow_operators.py
[2025-10-14T09:12:06.171+0000] {logging_mixin.py:188} INFO - [2025-10-14T09:12:06.171+0000] {dag.py:3036} INFO - Sync 1 DAGs
[2025-10-14T09:12:06.222+0000] {logging_mixin.py:188} INFO - [2025-10-14T09:12:06.222+0000] {dag.py:3823} INFO - Setting next_dagrun for example_dynamic_task_mapping_with_no_taskflow_operators to 2025-10-13 00:00:00+00:00, run_after=2025-10-14 00:00:00+00:00
[2025-10-14T09:12:06.274+0000] {processor.py:183} INFO - Processing /home/airflow/.local/lib/python3.8/site-packages/airflow/example_dags/example_dynamic_task_mapping_with_no_taskflow_operators.py took 0.169 seconds
[2025-10-14T09:12:38.160+0000] {processor.py:161} INFO - Started process (PID=70946) to work on /home/airflow/.local/lib/python3.8/site-packages/airflow/example_dags/example_dynamic_task_mapping_with_no_taskflow_operators.py
[2025-10-14T09:12:38.163+0000] {processor.py:830} INFO - Processing file /home/airflow/.local/lib/python3.8/site-packages/airflow/example_dags/example_dynamic_task_mapping_with_no_taskflow_operators.py for tasks to queue
[2025-10-14T09:12:38.165+0000] {logging_mixin.py:188} INFO - [2025-10-14T09:12:38.164+0000] {dagbag.py:538} INFO - Filling up the DagBag from /home/airflow/.local/lib/python3.8/site-packages/airflow/example_dags/example_dynamic_task_mapping_with_no_taskflow_operators.py
[2025-10-14T09:12:38.181+0000] {processor.py:840} INFO - DAG(s) 'example_dynamic_task_mapping_with_no_taskflow_operators' retrieved from /home/airflow/.local/lib/python3.8/site-packages/airflow/example_dags/example_dynamic_task_mapping_with_no_taskflow_operators.py
[2025-10-14T09:12:38.249+0000] {logging_mixin.py:188} INFO - [2025-10-14T09:12:38.249+0000] {dag.py:3036} INFO - Sync 1 DAGs
[2025-10-14T09:12:38.306+0000] {logging_mixin.py:188} INFO - [2025-10-14T09:12:38.305+0000] {dag.py:3823} INFO - Setting next_dagrun for example_dynamic_task_mapping_with_no_taskflow_operators to 2025-10-13 00:00:00+00:00, run_after=2025-10-14 00:00:00+00:00
[2025-10-14T09:12:38.345+0000] {processor.py:183} INFO - Processing /home/airflow/.local/lib/python3.8/site-packages/airflow/example_dags/example_dynamic_task_mapping_with_no_taskflow_operators.py took 0.192 seconds
[2025-10-14T09:13:10.157+0000] {processor.py:161} INFO - Started process (PID=71016) to work on /home/airflow/.local/lib/python3.8/site-packages/airflow/example_dags/example_dynamic_task_mapping_with_no_taskflow_operators.py
[2025-10-14T09:13:10.159+0000] {processor.py:830} INFO - Processing file /home/airflow/.local/lib/python3.8/site-packages/airflow/example_dags/example_dynamic_task_mapping_with_no_taskflow_operators.py for tasks to queue
[2025-10-14T09:13:10.161+0000] {logging_mixin.py:188} INFO - [2025-10-14T09:13:10.160+0000] {dagbag.py:538} INFO - Filling up the DagBag from /home/airflow/.local/lib/python3.8/site-packages/airflow/example_dags/example_dynamic_task_mapping_with_no_taskflow_operators.py
[2025-10-14T09:13:10.178+0000] {processor.py:840} INFO - DAG(s) 'example_dynamic_task_mapping_with_no_taskflow_operators' retrieved from /home/airflow/.local/lib/python3.8/site-packages/airflow/example_dags/example_dynamic_task_mapping_with_no_taskflow_operators.py
[2025-10-14T09:13:10.220+0000] {logging_mixin.py:188} INFO - [2025-10-14T09:13:10.219+0000] {dag.py:3036} INFO - Sync 1 DAGs
[2025-10-14T09:13:10.303+0000] {logging_mixin.py:188} INFO - [2025-10-14T09:13:10.303+0000] {dag.py:3823} INFO - Setting next_dagrun for example_dynamic_task_mapping_with_no_taskflow_operators to 2025-10-13 00:00:00+00:00, run_after=2025-10-14 00:00:00+00:00
[2025-10-14T09:13:10.364+0000] {processor.py:183} INFO - Processing /home/airflow/.local/lib/python3.8/site-packages/airflow/example_dags/example_dynamic_task_mapping_with_no_taskflow_operators.py took 0.214 seconds
[2025-10-14T09:13:41.103+0000] {processor.py:161} INFO - Started process (PID=71092) to work on /home/airflow/.local/lib/python3.8/site-packages/airflow/example_dags/example_dynamic_task_mapping_with_no_taskflow_operators.py
[2025-10-14T09:13:41.105+0000] {processor.py:830} INFO - Processing file /home/airflow/.local/lib/python3.8/site-packages/airflow/example_dags/example_dynamic_task_mapping_with_no_taskflow_operators.py for tasks to queue
[2025-10-14T09:13:41.107+0000] {logging_mixin.py:188} INFO - [2025-10-14T09:13:41.107+0000] {dagbag.py:538} INFO - Filling up the DagBag from /home/airflow/.local/lib/python3.8/site-packages/airflow/example_dags/example_dynamic_task_mapping_with_no_taskflow_operators.py
[2025-10-14T09:13:41.122+0000] {processor.py:840} INFO - DAG(s) 'example_dynamic_task_mapping_with_no_taskflow_operators' retrieved from /home/airflow/.local/lib/python3.8/site-packages/airflow/example_dags/example_dynamic_task_mapping_with_no_taskflow_operators.py
[2025-10-14T09:13:41.167+0000] {logging_mixin.py:188} INFO - [2025-10-14T09:13:41.167+0000] {dag.py:3036} INFO - Sync 1 DAGs
[2025-10-14T09:13:41.210+0000] {logging_mixin.py:188} INFO - [2025-10-14T09:13:41.209+0000] {dag.py:3823} INFO - Setting next_dagrun for example_dynamic_task_mapping_with_no_taskflow_operators to 2025-10-13 00:00:00+00:00, run_after=2025-10-14 00:00:00+00:00
[2025-10-14T09:13:41.248+0000] {processor.py:183} INFO - Processing /home/airflow/.local/lib/python3.8/site-packages/airflow/example_dags/example_dynamic_task_mapping_with_no_taskflow_operators.py took 0.151 seconds
[2025-10-14T09:14:12.253+0000] {processor.py:161} INFO - Started process (PID=71162) to work on /home/airflow/.local/lib/python3.8/site-packages/airflow/example_dags/example_dynamic_task_mapping_with_no_taskflow_operators.py
[2025-10-14T09:14:12.255+0000] {processor.py:830} INFO - Processing file /home/airflow/.local/lib/python3.8/site-packages/airflow/example_dags/example_dynamic_task_mapping_with_no_taskflow_operators.py for tasks to queue
[2025-10-14T09:14:12.256+0000] {logging_mixin.py:188} INFO - [2025-10-14T09:14:12.256+0000] {dagbag.py:538} INFO - Filling up the DagBag from /home/airflow/.local/lib/python3.8/site-packages/airflow/example_dags/example_dynamic_task_mapping_with_no_taskflow_operators.py
[2025-10-14T09:14:12.269+0000] {processor.py:840} INFO - DAG(s) 'example_dynamic_task_mapping_with_no_taskflow_operators' retrieved from /home/airflow/.local/lib/python3.8/site-packages/airflow/example_dags/example_dynamic_task_mapping_with_no_taskflow_operators.py
[2025-10-14T09:14:12.312+0000] {logging_mixin.py:188} INFO - [2025-10-14T09:14:12.312+0000] {dag.py:3036} INFO - Sync 1 DAGs
[2025-10-14T09:14:12.358+0000] {logging_mixin.py:188} INFO - [2025-10-14T09:14:12.358+0000] {dag.py:3823} INFO - Setting next_dagrun for example_dynamic_task_mapping_with_no_taskflow_operators to 2025-10-13 00:00:00+00:00, run_after=2025-10-14 00:00:00+00:00
[2025-10-14T09:14:12.401+0000] {processor.py:183} INFO - Processing /home/airflow/.local/lib/python3.8/site-packages/airflow/example_dags/example_dynamic_task_mapping_with_no_taskflow_operators.py took 0.154 seconds
[2025-10-14T09:14:43.790+0000] {processor.py:161} INFO - Started process (PID=71232) to work on /home/airflow/.local/lib/python3.8/site-packages/airflow/example_dags/example_dynamic_task_mapping_with_no_taskflow_operators.py
[2025-10-14T09:14:43.792+0000] {processor.py:830} INFO - Processing file /home/airflow/.local/lib/python3.8/site-packages/airflow/example_dags/example_dynamic_task_mapping_with_no_taskflow_operators.py for tasks to queue
[2025-10-14T09:14:43.793+0000] {logging_mixin.py:188} INFO - [2025-10-14T09:14:43.793+0000] {dagbag.py:538} INFO - Filling up the DagBag from /home/airflow/.local/lib/python3.8/site-packages/airflow/example_dags/example_dynamic_task_mapping_with_no_taskflow_operators.py
[2025-10-14T09:14:43.808+0000] {processor.py:840} INFO - DAG(s) 'example_dynamic_task_mapping_with_no_taskflow_operators' retrieved from /home/airflow/.local/lib/python3.8/site-packages/airflow/example_dags/example_dynamic_task_mapping_with_no_taskflow_operators.py
[2025-10-14T09:14:43.849+0000] {logging_mixin.py:188} INFO - [2025-10-14T09:14:43.848+0000] {dag.py:3036} INFO - Sync 1 DAGs
[2025-10-14T09:14:43.888+0000] {logging_mixin.py:188} INFO - [2025-10-14T09:14:43.887+0000] {dag.py:3823} INFO - Setting next_dagrun for example_dynamic_task_mapping_with_no_taskflow_operators to 2025-10-13 00:00:00+00:00, run_after=2025-10-14 00:00:00+00:00
[2025-10-14T09:14:43.943+0000] {processor.py:183} INFO - Processing /home/airflow/.local/lib/python3.8/site-packages/airflow/example_dags/example_dynamic_task_mapping_with_no_taskflow_operators.py took 0.160 seconds
[2025-10-14T09:15:14.932+0000] {processor.py:161} INFO - Started process (PID=71302) to work on /home/airflow/.local/lib/python3.8/site-packages/airflow/example_dags/example_dynamic_task_mapping_with_no_taskflow_operators.py
[2025-10-14T09:15:14.935+0000] {processor.py:830} INFO - Processing file /home/airflow/.local/lib/python3.8/site-packages/airflow/example_dags/example_dynamic_task_mapping_with_no_taskflow_operators.py for tasks to queue
[2025-10-14T09:15:14.937+0000] {logging_mixin.py:188} INFO - [2025-10-14T09:15:14.936+0000] {dagbag.py:538} INFO - Filling up the DagBag from /home/airflow/.local/lib/python3.8/site-packages/airflow/example_dags/example_dynamic_task_mapping_with_no_taskflow_operators.py
[2025-10-14T09:15:14.951+0000] {processor.py:840} INFO - DAG(s) 'example_dynamic_task_mapping_with_no_taskflow_operators' retrieved from /home/airflow/.local/lib/python3.8/site-packages/airflow/example_dags/example_dynamic_task_mapping_with_no_taskflow_operators.py
[2025-10-14T09:15:14.989+0000] {logging_mixin.py:188} INFO - [2025-10-14T09:15:14.989+0000] {dag.py:3036} INFO - Sync 1 DAGs
[2025-10-14T09:15:15.022+0000] {logging_mixin.py:188} INFO - [2025-10-14T09:15:15.022+0000] {dag.py:3823} INFO - Setting next_dagrun for example_dynamic_task_mapping_with_no_taskflow_operators to 2025-10-13 00:00:00+00:00, run_after=2025-10-14 00:00:00+00:00
[2025-10-14T09:15:15.052+0000] {processor.py:183} INFO - Processing /home/airflow/.local/lib/python3.8/site-packages/airflow/example_dags/example_dynamic_task_mapping_with_no_taskflow_operators.py took 0.126 seconds
[2025-10-14T09:15:46.335+0000] {processor.py:161} INFO - Started process (PID=71372) to work on /home/airflow/.local/lib/python3.8/site-packages/airflow/example_dags/example_dynamic_task_mapping_with_no_taskflow_operators.py
[2025-10-14T09:15:46.337+0000] {processor.py:830} INFO - Processing file /home/airflow/.local/lib/python3.8/site-packages/airflow/example_dags/example_dynamic_task_mapping_with_no_taskflow_operators.py for tasks to queue
[2025-10-14T09:15:46.338+0000] {logging_mixin.py:188} INFO - [2025-10-14T09:15:46.338+0000] {dagbag.py:538} INFO - Filling up the DagBag from /home/airflow/.local/lib/python3.8/site-packages/airflow/example_dags/example_dynamic_task_mapping_with_no_taskflow_operators.py
[2025-10-14T09:15:46.348+0000] {processor.py:840} INFO - DAG(s) 'example_dynamic_task_mapping_with_no_taskflow_operators' retrieved from /home/airflow/.local/lib/python3.8/site-packages/airflow/example_dags/example_dynamic_task_mapping_with_no_taskflow_operators.py
[2025-10-14T09:15:46.384+0000] {logging_mixin.py:188} INFO - [2025-10-14T09:15:46.384+0000] {dag.py:3036} INFO - Sync 1 DAGs
[2025-10-14T09:15:46.419+0000] {logging_mixin.py:188} INFO - [2025-10-14T09:15:46.418+0000] {dag.py:3823} INFO - Setting next_dagrun for example_dynamic_task_mapping_with_no_taskflow_operators to 2025-10-13 00:00:00+00:00, run_after=2025-10-14 00:00:00+00:00
[2025-10-14T09:15:46.467+0000] {processor.py:183} INFO - Processing /home/airflow/.local/lib/python3.8/site-packages/airflow/example_dags/example_dynamic_task_mapping_with_no_taskflow_operators.py took 0.136 seconds
[2025-10-14T09:16:17.465+0000] {processor.py:161} INFO - Started process (PID=71442) to work on /home/airflow/.local/lib/python3.8/site-packages/airflow/example_dags/example_dynamic_task_mapping_with_no_taskflow_operators.py
[2025-10-14T09:16:17.466+0000] {processor.py:830} INFO - Processing file /home/airflow/.local/lib/python3.8/site-packages/airflow/example_dags/example_dynamic_task_mapping_with_no_taskflow_operators.py for tasks to queue
[2025-10-14T09:16:17.468+0000] {logging_mixin.py:188} INFO - [2025-10-14T09:16:17.467+0000] {dagbag.py:538} INFO - Filling up the DagBag from /home/airflow/.local/lib/python3.8/site-packages/airflow/example_dags/example_dynamic_task_mapping_with_no_taskflow_operators.py
[2025-10-14T09:16:17.480+0000] {processor.py:840} INFO - DAG(s) 'example_dynamic_task_mapping_with_no_taskflow_operators' retrieved from /home/airflow/.local/lib/python3.8/site-packages/airflow/example_dags/example_dynamic_task_mapping_with_no_taskflow_operators.py
[2025-10-14T09:16:17.515+0000] {logging_mixin.py:188} INFO - [2025-10-14T09:16:17.515+0000] {dag.py:3036} INFO - Sync 1 DAGs
[2025-10-14T09:16:17.550+0000] {logging_mixin.py:188} INFO - [2025-10-14T09:16:17.550+0000] {dag.py:3823} INFO - Setting next_dagrun for example_dynamic_task_mapping_with_no_taskflow_operators to 2025-10-13 00:00:00+00:00, run_after=2025-10-14 00:00:00+00:00
[2025-10-14T09:16:17.579+0000] {processor.py:183} INFO - Processing /home/airflow/.local/lib/python3.8/site-packages/airflow/example_dags/example_dynamic_task_mapping_with_no_taskflow_operators.py took 0.120 seconds
[2025-10-14T09:16:49.624+0000] {processor.py:161} INFO - Started process (PID=71512) to work on /home/airflow/.local/lib/python3.8/site-packages/airflow/example_dags/example_dynamic_task_mapping_with_no_taskflow_operators.py
[2025-10-14T09:16:49.626+0000] {processor.py:830} INFO - Processing file /home/airflow/.local/lib/python3.8/site-packages/airflow/example_dags/example_dynamic_task_mapping_with_no_taskflow_operators.py for tasks to queue
[2025-10-14T09:16:49.629+0000] {logging_mixin.py:188} INFO - [2025-10-14T09:16:49.628+0000] {dagbag.py:538} INFO - Filling up the DagBag from /home/airflow/.local/lib/python3.8/site-packages/airflow/example_dags/example_dynamic_task_mapping_with_no_taskflow_operators.py
[2025-10-14T09:16:49.642+0000] {processor.py:840} INFO - DAG(s) 'example_dynamic_task_mapping_with_no_taskflow_operators' retrieved from /home/airflow/.local/lib/python3.8/site-packages/airflow/example_dags/example_dynamic_task_mapping_with_no_taskflow_operators.py
[2025-10-14T09:16:49.687+0000] {logging_mixin.py:188} INFO - [2025-10-14T09:16:49.686+0000] {dag.py:3036} INFO - Sync 1 DAGs
[2025-10-14T09:16:49.936+0000] {logging_mixin.py:188} INFO - [2025-10-14T09:16:49.936+0000] {dag.py:3823} INFO - Setting next_dagrun for example_dynamic_task_mapping_with_no_taskflow_operators to 2025-10-13 00:00:00+00:00, run_after=2025-10-14 00:00:00+00:00
[2025-10-14T09:16:49.989+0000] {processor.py:183} INFO - Processing /home/airflow/.local/lib/python3.8/site-packages/airflow/example_dags/example_dynamic_task_mapping_with_no_taskflow_operators.py took 0.372 seconds
[2025-10-14T09:17:20.288+0000] {processor.py:161} INFO - Started process (PID=71580) to work on /home/airflow/.local/lib/python3.8/site-packages/airflow/example_dags/example_dynamic_task_mapping_with_no_taskflow_operators.py
[2025-10-14T09:17:20.290+0000] {processor.py:830} INFO - Processing file /home/airflow/.local/lib/python3.8/site-packages/airflow/example_dags/example_dynamic_task_mapping_with_no_taskflow_operators.py for tasks to queue
[2025-10-14T09:17:20.292+0000] {logging_mixin.py:188} INFO - [2025-10-14T09:17:20.292+0000] {dagbag.py:538} INFO - Filling up the DagBag from /home/airflow/.local/lib/python3.8/site-packages/airflow/example_dags/example_dynamic_task_mapping_with_no_taskflow_operators.py
[2025-10-14T09:17:20.303+0000] {processor.py:840} INFO - DAG(s) 'example_dynamic_task_mapping_with_no_taskflow_operators' retrieved from /home/airflow/.local/lib/python3.8/site-packages/airflow/example_dags/example_dynamic_task_mapping_with_no_taskflow_operators.py
[2025-10-14T09:17:20.361+0000] {logging_mixin.py:188} INFO - [2025-10-14T09:17:20.360+0000] {dag.py:3036} INFO - Sync 1 DAGs
[2025-10-14T09:17:20.577+0000] {logging_mixin.py:188} INFO - [2025-10-14T09:17:20.577+0000] {dag.py:3823} INFO - Setting next_dagrun for example_dynamic_task_mapping_with_no_taskflow_operators to 2025-10-13 00:00:00+00:00, run_after=2025-10-14 00:00:00+00:00
[2025-10-14T09:17:20.642+0000] {processor.py:183} INFO - Processing /home/airflow/.local/lib/python3.8/site-packages/airflow/example_dags/example_dynamic_task_mapping_with_no_taskflow_operators.py took 0.363 seconds
[2025-10-14T09:17:51.587+0000] {processor.py:161} INFO - Started process (PID=71650) to work on /home/airflow/.local/lib/python3.8/site-packages/airflow/example_dags/example_dynamic_task_mapping_with_no_taskflow_operators.py
[2025-10-14T09:17:51.588+0000] {processor.py:830} INFO - Processing file /home/airflow/.local/lib/python3.8/site-packages/airflow/example_dags/example_dynamic_task_mapping_with_no_taskflow_operators.py for tasks to queue
[2025-10-14T09:17:51.590+0000] {logging_mixin.py:188} INFO - [2025-10-14T09:17:51.590+0000] {dagbag.py:538} INFO - Filling up the DagBag from /home/airflow/.local/lib/python3.8/site-packages/airflow/example_dags/example_dynamic_task_mapping_with_no_taskflow_operators.py
[2025-10-14T09:17:51.599+0000] {processor.py:840} INFO - DAG(s) 'example_dynamic_task_mapping_with_no_taskflow_operators' retrieved from /home/airflow/.local/lib/python3.8/site-packages/airflow/example_dags/example_dynamic_task_mapping_with_no_taskflow_operators.py
[2025-10-14T09:17:51.632+0000] {logging_mixin.py:188} INFO - [2025-10-14T09:17:51.632+0000] {dag.py:3036} INFO - Sync 1 DAGs
[2025-10-14T09:17:51.825+0000] {logging_mixin.py:188} INFO - [2025-10-14T09:17:51.825+0000] {dag.py:3823} INFO - Setting next_dagrun for example_dynamic_task_mapping_with_no_taskflow_operators to 2025-10-13 00:00:00+00:00, run_after=2025-10-14 00:00:00+00:00
[2025-10-14T09:17:51.860+0000] {processor.py:183} INFO - Processing /home/airflow/.local/lib/python3.8/site-packages/airflow/example_dags/example_dynamic_task_mapping_with_no_taskflow_operators.py took 0.279 seconds
[2025-10-14T09:18:23.687+0000] {processor.py:161} INFO - Started process (PID=71721) to work on /home/airflow/.local/lib/python3.8/site-packages/airflow/example_dags/example_dynamic_task_mapping_with_no_taskflow_operators.py
[2025-10-14T09:18:23.689+0000] {processor.py:830} INFO - Processing file /home/airflow/.local/lib/python3.8/site-packages/airflow/example_dags/example_dynamic_task_mapping_with_no_taskflow_operators.py for tasks to queue
[2025-10-14T09:18:23.691+0000] {logging_mixin.py:188} INFO - [2025-10-14T09:18:23.690+0000] {dagbag.py:538} INFO - Filling up the DagBag from /home/airflow/.local/lib/python3.8/site-packages/airflow/example_dags/example_dynamic_task_mapping_with_no_taskflow_operators.py
[2025-10-14T09:18:23.703+0000] {processor.py:840} INFO - DAG(s) 'example_dynamic_task_mapping_with_no_taskflow_operators' retrieved from /home/airflow/.local/lib/python3.8/site-packages/airflow/example_dags/example_dynamic_task_mapping_with_no_taskflow_operators.py
[2025-10-14T09:18:23.737+0000] {logging_mixin.py:188} INFO - [2025-10-14T09:18:23.736+0000] {dag.py:3036} INFO - Sync 1 DAGs
[2025-10-14T09:18:23.954+0000] {logging_mixin.py:188} INFO - [2025-10-14T09:18:23.953+0000] {dag.py:3823} INFO - Setting next_dagrun for example_dynamic_task_mapping_with_no_taskflow_operators to 2025-10-13 00:00:00+00:00, run_after=2025-10-14 00:00:00+00:00
[2025-10-14T09:18:24.007+0000] {processor.py:183} INFO - Processing /home/airflow/.local/lib/python3.8/site-packages/airflow/example_dags/example_dynamic_task_mapping_with_no_taskflow_operators.py took 0.326 seconds
[2025-10-14T09:18:54.578+0000] {processor.py:161} INFO - Started process (PID=71790) to work on /home/airflow/.local/lib/python3.8/site-packages/airflow/example_dags/example_dynamic_task_mapping_with_no_taskflow_operators.py
[2025-10-14T09:18:54.580+0000] {processor.py:830} INFO - Processing file /home/airflow/.local/lib/python3.8/site-packages/airflow/example_dags/example_dynamic_task_mapping_with_no_taskflow_operators.py for tasks to queue
[2025-10-14T09:18:54.582+0000] {logging_mixin.py:188} INFO - [2025-10-14T09:18:54.581+0000] {dagbag.py:538} INFO - Filling up the DagBag from /home/airflow/.local/lib/python3.8/site-packages/airflow/example_dags/example_dynamic_task_mapping_with_no_taskflow_operators.py
[2025-10-14T09:18:54.592+0000] {processor.py:840} INFO - DAG(s) 'example_dynamic_task_mapping_with_no_taskflow_operators' retrieved from /home/airflow/.local/lib/python3.8/site-packages/airflow/example_dags/example_dynamic_task_mapping_with_no_taskflow_operators.py
[2025-10-14T09:18:54.625+0000] {logging_mixin.py:188} INFO - [2025-10-14T09:18:54.625+0000] {dag.py:3036} INFO - Sync 1 DAGs
[2025-10-14T09:18:54.823+0000] {logging_mixin.py:188} INFO - [2025-10-14T09:18:54.823+0000] {dag.py:3823} INFO - Setting next_dagrun for example_dynamic_task_mapping_with_no_taskflow_operators to 2025-10-13 00:00:00+00:00, run_after=2025-10-14 00:00:00+00:00
[2025-10-14T09:18:54.873+0000] {processor.py:183} INFO - Processing /home/airflow/.local/lib/python3.8/site-packages/airflow/example_dags/example_dynamic_task_mapping_with_no_taskflow_operators.py took 0.300 seconds
[2025-10-14T09:19:26.600+0000] {processor.py:161} INFO - Started process (PID=71862) to work on /home/airflow/.local/lib/python3.8/site-packages/airflow/example_dags/example_dynamic_task_mapping_with_no_taskflow_operators.py
[2025-10-14T09:19:26.602+0000] {processor.py:830} INFO - Processing file /home/airflow/.local/lib/python3.8/site-packages/airflow/example_dags/example_dynamic_task_mapping_with_no_taskflow_operators.py for tasks to queue
[2025-10-14T09:19:26.604+0000] {logging_mixin.py:188} INFO - [2025-10-14T09:19:26.604+0000] {dagbag.py:538} INFO - Filling up the DagBag from /home/airflow/.local/lib/python3.8/site-packages/airflow/example_dags/example_dynamic_task_mapping_with_no_taskflow_operators.py
[2025-10-14T09:19:26.615+0000] {processor.py:840} INFO - DAG(s) 'example_dynamic_task_mapping_with_no_taskflow_operators' retrieved from /home/airflow/.local/lib/python3.8/site-packages/airflow/example_dags/example_dynamic_task_mapping_with_no_taskflow_operators.py
[2025-10-14T09:19:26.647+0000] {logging_mixin.py:188} INFO - [2025-10-14T09:19:26.647+0000] {dag.py:3036} INFO - Sync 1 DAGs
[2025-10-14T09:19:26.674+0000] {logging_mixin.py:188} INFO - [2025-10-14T09:19:26.674+0000] {dag.py:3823} INFO - Setting next_dagrun for example_dynamic_task_mapping_with_no_taskflow_operators to 2025-10-13 00:00:00+00:00, run_after=2025-10-14 00:00:00+00:00
[2025-10-14T09:19:26.731+0000] {processor.py:183} INFO - Processing /home/airflow/.local/lib/python3.8/site-packages/airflow/example_dags/example_dynamic_task_mapping_with_no_taskflow_operators.py took 0.136 seconds
[2025-10-14T09:19:57.578+0000] {processor.py:161} INFO - Started process (PID=71932) to work on /home/airflow/.local/lib/python3.8/site-packages/airflow/example_dags/example_dynamic_task_mapping_with_no_taskflow_operators.py
[2025-10-14T09:19:57.580+0000] {processor.py:830} INFO - Processing file /home/airflow/.local/lib/python3.8/site-packages/airflow/example_dags/example_dynamic_task_mapping_with_no_taskflow_operators.py for tasks to queue
[2025-10-14T09:19:57.582+0000] {logging_mixin.py:188} INFO - [2025-10-14T09:19:57.581+0000] {dagbag.py:538} INFO - Filling up the DagBag from /home/airflow/.local/lib/python3.8/site-packages/airflow/example_dags/example_dynamic_task_mapping_with_no_taskflow_operators.py
[2025-10-14T09:19:57.593+0000] {processor.py:840} INFO - DAG(s) 'example_dynamic_task_mapping_with_no_taskflow_operators' retrieved from /home/airflow/.local/lib/python3.8/site-packages/airflow/example_dags/example_dynamic_task_mapping_with_no_taskflow_operators.py
[2025-10-14T09:19:57.627+0000] {logging_mixin.py:188} INFO - [2025-10-14T09:19:57.627+0000] {dag.py:3036} INFO - Sync 1 DAGs
[2025-10-14T09:19:57.655+0000] {logging_mixin.py:188} INFO - [2025-10-14T09:19:57.655+0000] {dag.py:3823} INFO - Setting next_dagrun for example_dynamic_task_mapping_with_no_taskflow_operators to 2025-10-13 00:00:00+00:00, run_after=2025-10-14 00:00:00+00:00
[2025-10-14T09:19:57.680+0000] {processor.py:183} INFO - Processing /home/airflow/.local/lib/python3.8/site-packages/airflow/example_dags/example_dynamic_task_mapping_with_no_taskflow_operators.py took 0.106 seconds
[2025-10-14T09:20:28.403+0000] {processor.py:161} INFO - Started process (PID=72002) to work on /home/airflow/.local/lib/python3.8/site-packages/airflow/example_dags/example_dynamic_task_mapping_with_no_taskflow_operators.py
[2025-10-14T09:20:28.405+0000] {processor.py:830} INFO - Processing file /home/airflow/.local/lib/python3.8/site-packages/airflow/example_dags/example_dynamic_task_mapping_with_no_taskflow_operators.py for tasks to queue
[2025-10-14T09:20:28.408+0000] {logging_mixin.py:188} INFO - [2025-10-14T09:20:28.407+0000] {dagbag.py:538} INFO - Filling up the DagBag from /home/airflow/.local/lib/python3.8/site-packages/airflow/example_dags/example_dynamic_task_mapping_with_no_taskflow_operators.py
[2025-10-14T09:20:28.424+0000] {processor.py:840} INFO - DAG(s) 'example_dynamic_task_mapping_with_no_taskflow_operators' retrieved from /home/airflow/.local/lib/python3.8/site-packages/airflow/example_dags/example_dynamic_task_mapping_with_no_taskflow_operators.py
[2025-10-14T09:20:28.484+0000] {logging_mixin.py:188} INFO - [2025-10-14T09:20:28.483+0000] {dag.py:3036} INFO - Sync 1 DAGs
[2025-10-14T09:20:28.521+0000] {logging_mixin.py:188} INFO - [2025-10-14T09:20:28.521+0000] {dag.py:3823} INFO - Setting next_dagrun for example_dynamic_task_mapping_with_no_taskflow_operators to 2025-10-13 00:00:00+00:00, run_after=2025-10-14 00:00:00+00:00
[2025-10-14T09:20:28.579+0000] {processor.py:183} INFO - Processing /home/airflow/.local/lib/python3.8/site-packages/airflow/example_dags/example_dynamic_task_mapping_with_no_taskflow_operators.py took 0.181 seconds
[2025-10-14T09:20:59.044+0000] {processor.py:161} INFO - Started process (PID=72072) to work on /home/airflow/.local/lib/python3.8/site-packages/airflow/example_dags/example_dynamic_task_mapping_with_no_taskflow_operators.py
[2025-10-14T09:20:59.045+0000] {processor.py:830} INFO - Processing file /home/airflow/.local/lib/python3.8/site-packages/airflow/example_dags/example_dynamic_task_mapping_with_no_taskflow_operators.py for tasks to queue
[2025-10-14T09:20:59.047+0000] {logging_mixin.py:188} INFO - [2025-10-14T09:20:59.046+0000] {dagbag.py:538} INFO - Filling up the DagBag from /home/airflow/.local/lib/python3.8/site-packages/airflow/example_dags/example_dynamic_task_mapping_with_no_taskflow_operators.py
[2025-10-14T09:20:59.057+0000] {processor.py:840} INFO - DAG(s) 'example_dynamic_task_mapping_with_no_taskflow_operators' retrieved from /home/airflow/.local/lib/python3.8/site-packages/airflow/example_dags/example_dynamic_task_mapping_with_no_taskflow_operators.py
[2025-10-14T09:20:59.092+0000] {logging_mixin.py:188} INFO - [2025-10-14T09:20:59.091+0000] {dag.py:3036} INFO - Sync 1 DAGs
[2025-10-14T09:20:59.126+0000] {logging_mixin.py:188} INFO - [2025-10-14T09:20:59.126+0000] {dag.py:3823} INFO - Setting next_dagrun for example_dynamic_task_mapping_with_no_taskflow_operators to 2025-10-13 00:00:00+00:00, run_after=2025-10-14 00:00:00+00:00
[2025-10-14T09:20:59.172+0000] {processor.py:183} INFO - Processing /home/airflow/.local/lib/python3.8/site-packages/airflow/example_dags/example_dynamic_task_mapping_with_no_taskflow_operators.py took 0.133 seconds
[2025-10-14T09:21:31.187+0000] {processor.py:161} INFO - Started process (PID=72142) to work on /home/airflow/.local/lib/python3.8/site-packages/airflow/example_dags/example_dynamic_task_mapping_with_no_taskflow_operators.py
[2025-10-14T09:21:31.189+0000] {processor.py:830} INFO - Processing file /home/airflow/.local/lib/python3.8/site-packages/airflow/example_dags/example_dynamic_task_mapping_with_no_taskflow_operators.py for tasks to queue
[2025-10-14T09:21:31.191+0000] {logging_mixin.py:188} INFO - [2025-10-14T09:21:31.190+0000] {dagbag.py:538} INFO - Filling up the DagBag from /home/airflow/.local/lib/python3.8/site-packages/airflow/example_dags/example_dynamic_task_mapping_with_no_taskflow_operators.py
[2025-10-14T09:21:31.205+0000] {processor.py:840} INFO - DAG(s) 'example_dynamic_task_mapping_with_no_taskflow_operators' retrieved from /home/airflow/.local/lib/python3.8/site-packages/airflow/example_dags/example_dynamic_task_mapping_with_no_taskflow_operators.py
[2025-10-14T09:21:31.260+0000] {logging_mixin.py:188} INFO - [2025-10-14T09:21:31.260+0000] {dag.py:3036} INFO - Sync 1 DAGs
[2025-10-14T09:21:31.329+0000] {logging_mixin.py:188} INFO - [2025-10-14T09:21:31.328+0000] {dag.py:3823} INFO - Setting next_dagrun for example_dynamic_task_mapping_with_no_taskflow_operators to 2025-10-13 00:00:00+00:00, run_after=2025-10-14 00:00:00+00:00
[2025-10-14T09:21:31.378+0000] {processor.py:183} INFO - Processing /home/airflow/.local/lib/python3.8/site-packages/airflow/example_dags/example_dynamic_task_mapping_with_no_taskflow_operators.py took 0.198 seconds
[2025-10-14T09:22:01.545+0000] {processor.py:161} INFO - Started process (PID=72212) to work on /home/airflow/.local/lib/python3.8/site-packages/airflow/example_dags/example_dynamic_task_mapping_with_no_taskflow_operators.py
[2025-10-14T09:22:01.546+0000] {processor.py:830} INFO - Processing file /home/airflow/.local/lib/python3.8/site-packages/airflow/example_dags/example_dynamic_task_mapping_with_no_taskflow_operators.py for tasks to queue
[2025-10-14T09:22:01.548+0000] {logging_mixin.py:188} INFO - [2025-10-14T09:22:01.547+0000] {dagbag.py:538} INFO - Filling up the DagBag from /home/airflow/.local/lib/python3.8/site-packages/airflow/example_dags/example_dynamic_task_mapping_with_no_taskflow_operators.py
[2025-10-14T09:22:01.557+0000] {processor.py:840} INFO - DAG(s) 'example_dynamic_task_mapping_with_no_taskflow_operators' retrieved from /home/airflow/.local/lib/python3.8/site-packages/airflow/example_dags/example_dynamic_task_mapping_with_no_taskflow_operators.py
[2025-10-14T09:22:01.587+0000] {logging_mixin.py:188} INFO - [2025-10-14T09:22:01.587+0000] {dag.py:3036} INFO - Sync 1 DAGs
[2025-10-14T09:22:01.616+0000] {logging_mixin.py:188} INFO - [2025-10-14T09:22:01.615+0000] {dag.py:3823} INFO - Setting next_dagrun for example_dynamic_task_mapping_with_no_taskflow_operators to 2025-10-13 00:00:00+00:00, run_after=2025-10-14 00:00:00+00:00
[2025-10-14T09:22:01.673+0000] {processor.py:183} INFO - Processing /home/airflow/.local/lib/python3.8/site-packages/airflow/example_dags/example_dynamic_task_mapping_with_no_taskflow_operators.py took 0.133 seconds
[2025-10-14T09:22:32.657+0000] {processor.py:161} INFO - Started process (PID=72281) to work on /home/airflow/.local/lib/python3.8/site-packages/airflow/example_dags/example_dynamic_task_mapping_with_no_taskflow_operators.py
[2025-10-14T09:22:32.659+0000] {processor.py:830} INFO - Processing file /home/airflow/.local/lib/python3.8/site-packages/airflow/example_dags/example_dynamic_task_mapping_with_no_taskflow_operators.py for tasks to queue
[2025-10-14T09:22:32.662+0000] {logging_mixin.py:188} INFO - [2025-10-14T09:22:32.661+0000] {dagbag.py:538} INFO - Filling up the DagBag from /home/airflow/.local/lib/python3.8/site-packages/airflow/example_dags/example_dynamic_task_mapping_with_no_taskflow_operators.py
[2025-10-14T09:22:32.673+0000] {processor.py:840} INFO - DAG(s) 'example_dynamic_task_mapping_with_no_taskflow_operators' retrieved from /home/airflow/.local/lib/python3.8/site-packages/airflow/example_dags/example_dynamic_task_mapping_with_no_taskflow_operators.py
[2025-10-14T09:22:32.719+0000] {logging_mixin.py:188} INFO - [2025-10-14T09:22:32.718+0000] {dag.py:3036} INFO - Sync 1 DAGs
[2025-10-14T09:22:32.749+0000] {logging_mixin.py:188} INFO - [2025-10-14T09:22:32.748+0000] {dag.py:3823} INFO - Setting next_dagrun for example_dynamic_task_mapping_with_no_taskflow_operators to 2025-10-13 00:00:00+00:00, run_after=2025-10-14 00:00:00+00:00
[2025-10-14T09:22:32.805+0000] {processor.py:183} INFO - Processing /home/airflow/.local/lib/python3.8/site-packages/airflow/example_dags/example_dynamic_task_mapping_with_no_taskflow_operators.py took 0.154 seconds
[2025-10-14T09:23:03.321+0000] {processor.py:161} INFO - Started process (PID=72351) to work on /home/airflow/.local/lib/python3.8/site-packages/airflow/example_dags/example_dynamic_task_mapping_with_no_taskflow_operators.py
[2025-10-14T09:23:03.323+0000] {processor.py:830} INFO - Processing file /home/airflow/.local/lib/python3.8/site-packages/airflow/example_dags/example_dynamic_task_mapping_with_no_taskflow_operators.py for tasks to queue
[2025-10-14T09:23:03.325+0000] {logging_mixin.py:188} INFO - [2025-10-14T09:23:03.324+0000] {dagbag.py:538} INFO - Filling up the DagBag from /home/airflow/.local/lib/python3.8/site-packages/airflow/example_dags/example_dynamic_task_mapping_with_no_taskflow_operators.py
[2025-10-14T09:23:03.335+0000] {processor.py:840} INFO - DAG(s) 'example_dynamic_task_mapping_with_no_taskflow_operators' retrieved from /home/airflow/.local/lib/python3.8/site-packages/airflow/example_dags/example_dynamic_task_mapping_with_no_taskflow_operators.py
[2025-10-14T09:23:03.375+0000] {logging_mixin.py:188} INFO - [2025-10-14T09:23:03.375+0000] {dag.py:3036} INFO - Sync 1 DAGs
[2025-10-14T09:23:03.420+0000] {logging_mixin.py:188} INFO - [2025-10-14T09:23:03.420+0000] {dag.py:3823} INFO - Setting next_dagrun for example_dynamic_task_mapping_with_no_taskflow_operators to 2025-10-13 00:00:00+00:00, run_after=2025-10-14 00:00:00+00:00
[2025-10-14T09:23:03.457+0000] {processor.py:183} INFO - Processing /home/airflow/.local/lib/python3.8/site-packages/airflow/example_dags/example_dynamic_task_mapping_with_no_taskflow_operators.py took 0.142 seconds
[2025-10-14T09:23:34.546+0000] {processor.py:161} INFO - Started process (PID=72421) to work on /home/airflow/.local/lib/python3.8/site-packages/airflow/example_dags/example_dynamic_task_mapping_with_no_taskflow_operators.py
[2025-10-14T09:23:34.548+0000] {processor.py:830} INFO - Processing file /home/airflow/.local/lib/python3.8/site-packages/airflow/example_dags/example_dynamic_task_mapping_with_no_taskflow_operators.py for tasks to queue
[2025-10-14T09:23:34.549+0000] {logging_mixin.py:188} INFO - [2025-10-14T09:23:34.549+0000] {dagbag.py:538} INFO - Filling up the DagBag from /home/airflow/.local/lib/python3.8/site-packages/airflow/example_dags/example_dynamic_task_mapping_with_no_taskflow_operators.py
[2025-10-14T09:23:34.559+0000] {processor.py:840} INFO - DAG(s) 'example_dynamic_task_mapping_with_no_taskflow_operators' retrieved from /home/airflow/.local/lib/python3.8/site-packages/airflow/example_dags/example_dynamic_task_mapping_with_no_taskflow_operators.py
[2025-10-14T09:23:34.591+0000] {logging_mixin.py:188} INFO - [2025-10-14T09:23:34.591+0000] {dag.py:3036} INFO - Sync 1 DAGs
[2025-10-14T09:23:34.622+0000] {logging_mixin.py:188} INFO - [2025-10-14T09:23:34.622+0000] {dag.py:3823} INFO - Setting next_dagrun for example_dynamic_task_mapping_with_no_taskflow_operators to 2025-10-13 00:00:00+00:00, run_after=2025-10-14 00:00:00+00:00
[2025-10-14T09:23:34.673+0000] {processor.py:183} INFO - Processing /home/airflow/.local/lib/python3.8/site-packages/airflow/example_dags/example_dynamic_task_mapping_with_no_taskflow_operators.py took 0.132 seconds
[2025-10-14T09:24:05.188+0000] {processor.py:161} INFO - Started process (PID=72491) to work on /home/airflow/.local/lib/python3.8/site-packages/airflow/example_dags/example_dynamic_task_mapping_with_no_taskflow_operators.py
[2025-10-14T09:24:05.190+0000] {processor.py:830} INFO - Processing file /home/airflow/.local/lib/python3.8/site-packages/airflow/example_dags/example_dynamic_task_mapping_with_no_taskflow_operators.py for tasks to queue
[2025-10-14T09:24:05.193+0000] {logging_mixin.py:188} INFO - [2025-10-14T09:24:05.192+0000] {dagbag.py:538} INFO - Filling up the DagBag from /home/airflow/.local/lib/python3.8/site-packages/airflow/example_dags/example_dynamic_task_mapping_with_no_taskflow_operators.py
[2025-10-14T09:24:05.210+0000] {processor.py:840} INFO - DAG(s) 'example_dynamic_task_mapping_with_no_taskflow_operators' retrieved from /home/airflow/.local/lib/python3.8/site-packages/airflow/example_dags/example_dynamic_task_mapping_with_no_taskflow_operators.py
[2025-10-14T09:24:05.247+0000] {logging_mixin.py:188} INFO - [2025-10-14T09:24:05.247+0000] {dag.py:3036} INFO - Sync 1 DAGs
[2025-10-14T09:24:05.280+0000] {logging_mixin.py:188} INFO - [2025-10-14T09:24:05.280+0000] {dag.py:3823} INFO - Setting next_dagrun for example_dynamic_task_mapping_with_no_taskflow_operators to 2025-10-13 00:00:00+00:00, run_after=2025-10-14 00:00:00+00:00
[2025-10-14T09:24:05.311+0000] {processor.py:183} INFO - Processing /home/airflow/.local/lib/python3.8/site-packages/airflow/example_dags/example_dynamic_task_mapping_with_no_taskflow_operators.py took 0.128 seconds
[2025-10-14T09:24:35.978+0000] {processor.py:161} INFO - Started process (PID=72561) to work on /home/airflow/.local/lib/python3.8/site-packages/airflow/example_dags/example_dynamic_task_mapping_with_no_taskflow_operators.py
[2025-10-14T09:24:35.980+0000] {processor.py:830} INFO - Processing file /home/airflow/.local/lib/python3.8/site-packages/airflow/example_dags/example_dynamic_task_mapping_with_no_taskflow_operators.py for tasks to queue
[2025-10-14T09:24:35.983+0000] {logging_mixin.py:188} INFO - [2025-10-14T09:24:35.982+0000] {dagbag.py:538} INFO - Filling up the DagBag from /home/airflow/.local/lib/python3.8/site-packages/airflow/example_dags/example_dynamic_task_mapping_with_no_taskflow_operators.py
[2025-10-14T09:24:35.999+0000] {processor.py:840} INFO - DAG(s) 'example_dynamic_task_mapping_with_no_taskflow_operators' retrieved from /home/airflow/.local/lib/python3.8/site-packages/airflow/example_dags/example_dynamic_task_mapping_with_no_taskflow_operators.py
[2025-10-14T09:24:36.036+0000] {logging_mixin.py:188} INFO - [2025-10-14T09:24:36.036+0000] {dag.py:3036} INFO - Sync 1 DAGs
[2025-10-14T09:24:36.077+0000] {logging_mixin.py:188} INFO - [2025-10-14T09:24:36.076+0000] {dag.py:3823} INFO - Setting next_dagrun for example_dynamic_task_mapping_with_no_taskflow_operators to 2025-10-13 00:00:00+00:00, run_after=2025-10-14 00:00:00+00:00
[2025-10-14T09:24:36.108+0000] {processor.py:183} INFO - Processing /home/airflow/.local/lib/python3.8/site-packages/airflow/example_dags/example_dynamic_task_mapping_with_no_taskflow_operators.py took 0.140 seconds
[2025-10-14T09:25:07.146+0000] {processor.py:161} INFO - Started process (PID=72631) to work on /home/airflow/.local/lib/python3.8/site-packages/airflow/example_dags/example_dynamic_task_mapping_with_no_taskflow_operators.py
[2025-10-14T09:25:07.151+0000] {processor.py:830} INFO - Processing file /home/airflow/.local/lib/python3.8/site-packages/airflow/example_dags/example_dynamic_task_mapping_with_no_taskflow_operators.py for tasks to queue
[2025-10-14T09:25:07.155+0000] {logging_mixin.py:188} INFO - [2025-10-14T09:25:07.154+0000] {dagbag.py:538} INFO - Filling up the DagBag from /home/airflow/.local/lib/python3.8/site-packages/airflow/example_dags/example_dynamic_task_mapping_with_no_taskflow_operators.py
[2025-10-14T09:25:07.170+0000] {processor.py:840} INFO - DAG(s) 'example_dynamic_task_mapping_with_no_taskflow_operators' retrieved from /home/airflow/.local/lib/python3.8/site-packages/airflow/example_dags/example_dynamic_task_mapping_with_no_taskflow_operators.py
[2025-10-14T09:25:07.206+0000] {logging_mixin.py:188} INFO - [2025-10-14T09:25:07.206+0000] {dag.py:3036} INFO - Sync 1 DAGs
[2025-10-14T09:25:07.235+0000] {logging_mixin.py:188} INFO - [2025-10-14T09:25:07.234+0000] {dag.py:3823} INFO - Setting next_dagrun for example_dynamic_task_mapping_with_no_taskflow_operators to 2025-10-13 00:00:00+00:00, run_after=2025-10-14 00:00:00+00:00
[2025-10-14T09:25:07.303+0000] {processor.py:183} INFO - Processing /home/airflow/.local/lib/python3.8/site-packages/airflow/example_dags/example_dynamic_task_mapping_with_no_taskflow_operators.py took 0.172 seconds
[2025-10-14T09:25:38.401+0000] {processor.py:161} INFO - Started process (PID=72700) to work on /home/airflow/.local/lib/python3.8/site-packages/airflow/example_dags/example_dynamic_task_mapping_with_no_taskflow_operators.py
[2025-10-14T09:25:38.402+0000] {processor.py:830} INFO - Processing file /home/airflow/.local/lib/python3.8/site-packages/airflow/example_dags/example_dynamic_task_mapping_with_no_taskflow_operators.py for tasks to queue
[2025-10-14T09:25:38.404+0000] {logging_mixin.py:188} INFO - [2025-10-14T09:25:38.404+0000] {dagbag.py:538} INFO - Filling up the DagBag from /home/airflow/.local/lib/python3.8/site-packages/airflow/example_dags/example_dynamic_task_mapping_with_no_taskflow_operators.py
[2025-10-14T09:25:38.415+0000] {processor.py:840} INFO - DAG(s) 'example_dynamic_task_mapping_with_no_taskflow_operators' retrieved from /home/airflow/.local/lib/python3.8/site-packages/airflow/example_dags/example_dynamic_task_mapping_with_no_taskflow_operators.py
[2025-10-14T09:25:38.450+0000] {logging_mixin.py:188} INFO - [2025-10-14T09:25:38.450+0000] {dag.py:3036} INFO - Sync 1 DAGs
[2025-10-14T09:25:38.485+0000] {logging_mixin.py:188} INFO - [2025-10-14T09:25:38.485+0000] {dag.py:3823} INFO - Setting next_dagrun for example_dynamic_task_mapping_with_no_taskflow_operators to 2025-10-13 00:00:00+00:00, run_after=2025-10-14 00:00:00+00:00
[2025-10-14T09:25:38.514+0000] {processor.py:183} INFO - Processing /home/airflow/.local/lib/python3.8/site-packages/airflow/example_dags/example_dynamic_task_mapping_with_no_taskflow_operators.py took 0.120 seconds
[2025-10-14T09:26:09.089+0000] {processor.py:161} INFO - Started process (PID=72770) to work on /home/airflow/.local/lib/python3.8/site-packages/airflow/example_dags/example_dynamic_task_mapping_with_no_taskflow_operators.py
[2025-10-14T09:26:09.091+0000] {processor.py:830} INFO - Processing file /home/airflow/.local/lib/python3.8/site-packages/airflow/example_dags/example_dynamic_task_mapping_with_no_taskflow_operators.py for tasks to queue
[2025-10-14T09:26:09.093+0000] {logging_mixin.py:188} INFO - [2025-10-14T09:26:09.093+0000] {dagbag.py:538} INFO - Filling up the DagBag from /home/airflow/.local/lib/python3.8/site-packages/airflow/example_dags/example_dynamic_task_mapping_with_no_taskflow_operators.py
[2025-10-14T09:26:09.105+0000] {processor.py:840} INFO - DAG(s) 'example_dynamic_task_mapping_with_no_taskflow_operators' retrieved from /home/airflow/.local/lib/python3.8/site-packages/airflow/example_dags/example_dynamic_task_mapping_with_no_taskflow_operators.py
[2025-10-14T09:26:09.140+0000] {logging_mixin.py:188} INFO - [2025-10-14T09:26:09.139+0000] {dag.py:3036} INFO - Sync 1 DAGs
[2025-10-14T09:26:09.174+0000] {logging_mixin.py:188} INFO - [2025-10-14T09:26:09.173+0000] {dag.py:3823} INFO - Setting next_dagrun for example_dynamic_task_mapping_with_no_taskflow_operators to 2025-10-13 00:00:00+00:00, run_after=2025-10-14 00:00:00+00:00
[2025-10-14T09:26:09.233+0000] {processor.py:183} INFO - Processing /home/airflow/.local/lib/python3.8/site-packages/airflow/example_dags/example_dynamic_task_mapping_with_no_taskflow_operators.py took 0.148 seconds
[2025-10-14T09:26:41.101+0000] {processor.py:161} INFO - Started process (PID=72840) to work on /home/airflow/.local/lib/python3.8/site-packages/airflow/example_dags/example_dynamic_task_mapping_with_no_taskflow_operators.py
[2025-10-14T09:26:41.103+0000] {processor.py:830} INFO - Processing file /home/airflow/.local/lib/python3.8/site-packages/airflow/example_dags/example_dynamic_task_mapping_with_no_taskflow_operators.py for tasks to queue
[2025-10-14T09:26:41.104+0000] {logging_mixin.py:188} INFO - [2025-10-14T09:26:41.104+0000] {dagbag.py:538} INFO - Filling up the DagBag from /home/airflow/.local/lib/python3.8/site-packages/airflow/example_dags/example_dynamic_task_mapping_with_no_taskflow_operators.py
[2025-10-14T09:26:41.113+0000] {processor.py:840} INFO - DAG(s) 'example_dynamic_task_mapping_with_no_taskflow_operators' retrieved from /home/airflow/.local/lib/python3.8/site-packages/airflow/example_dags/example_dynamic_task_mapping_with_no_taskflow_operators.py
[2025-10-14T09:26:41.145+0000] {logging_mixin.py:188} INFO - [2025-10-14T09:26:41.145+0000] {dag.py:3036} INFO - Sync 1 DAGs
[2025-10-14T09:26:41.174+0000] {logging_mixin.py:188} INFO - [2025-10-14T09:26:41.174+0000] {dag.py:3823} INFO - Setting next_dagrun for example_dynamic_task_mapping_with_no_taskflow_operators to 2025-10-13 00:00:00+00:00, run_after=2025-10-14 00:00:00+00:00
[2025-10-14T09:26:41.199+0000] {processor.py:183} INFO - Processing /home/airflow/.local/lib/python3.8/site-packages/airflow/example_dags/example_dynamic_task_mapping_with_no_taskflow_operators.py took 0.102 seconds
[2025-10-14T09:27:12.755+0000] {processor.py:161} INFO - Started process (PID=72916) to work on /home/airflow/.local/lib/python3.8/site-packages/airflow/example_dags/example_dynamic_task_mapping_with_no_taskflow_operators.py
[2025-10-14T09:27:12.756+0000] {processor.py:830} INFO - Processing file /home/airflow/.local/lib/python3.8/site-packages/airflow/example_dags/example_dynamic_task_mapping_with_no_taskflow_operators.py for tasks to queue
[2025-10-14T09:27:12.758+0000] {logging_mixin.py:188} INFO - [2025-10-14T09:27:12.757+0000] {dagbag.py:538} INFO - Filling up the DagBag from /home/airflow/.local/lib/python3.8/site-packages/airflow/example_dags/example_dynamic_task_mapping_with_no_taskflow_operators.py
[2025-10-14T09:27:12.781+0000] {processor.py:840} INFO - DAG(s) 'example_dynamic_task_mapping_with_no_taskflow_operators' retrieved from /home/airflow/.local/lib/python3.8/site-packages/airflow/example_dags/example_dynamic_task_mapping_with_no_taskflow_operators.py
[2025-10-14T09:27:12.841+0000] {logging_mixin.py:188} INFO - [2025-10-14T09:27:12.840+0000] {dag.py:3036} INFO - Sync 1 DAGs
[2025-10-14T09:27:12.880+0000] {logging_mixin.py:188} INFO - [2025-10-14T09:27:12.880+0000] {dag.py:3823} INFO - Setting next_dagrun for example_dynamic_task_mapping_with_no_taskflow_operators to 2025-10-13 00:00:00+00:00, run_after=2025-10-14 00:00:00+00:00
[2025-10-14T09:27:12.910+0000] {processor.py:183} INFO - Processing /home/airflow/.local/lib/python3.8/site-packages/airflow/example_dags/example_dynamic_task_mapping_with_no_taskflow_operators.py took 0.161 seconds
[2025-10-14T09:27:44.077+0000] {processor.py:161} INFO - Started process (PID=72986) to work on /home/airflow/.local/lib/python3.8/site-packages/airflow/example_dags/example_dynamic_task_mapping_with_no_taskflow_operators.py
[2025-10-14T09:27:44.079+0000] {processor.py:830} INFO - Processing file /home/airflow/.local/lib/python3.8/site-packages/airflow/example_dags/example_dynamic_task_mapping_with_no_taskflow_operators.py for tasks to queue
[2025-10-14T09:27:44.081+0000] {logging_mixin.py:188} INFO - [2025-10-14T09:27:44.080+0000] {dagbag.py:538} INFO - Filling up the DagBag from /home/airflow/.local/lib/python3.8/site-packages/airflow/example_dags/example_dynamic_task_mapping_with_no_taskflow_operators.py
[2025-10-14T09:27:44.092+0000] {processor.py:840} INFO - DAG(s) 'example_dynamic_task_mapping_with_no_taskflow_operators' retrieved from /home/airflow/.local/lib/python3.8/site-packages/airflow/example_dags/example_dynamic_task_mapping_with_no_taskflow_operators.py
[2025-10-14T09:27:44.127+0000] {logging_mixin.py:188} INFO - [2025-10-14T09:27:44.127+0000] {dag.py:3036} INFO - Sync 1 DAGs
[2025-10-14T09:27:44.162+0000] {logging_mixin.py:188} INFO - [2025-10-14T09:27:44.161+0000] {dag.py:3823} INFO - Setting next_dagrun for example_dynamic_task_mapping_with_no_taskflow_operators to 2025-10-13 00:00:00+00:00, run_after=2025-10-14 00:00:00+00:00
[2025-10-14T09:27:44.188+0000] {processor.py:183} INFO - Processing /home/airflow/.local/lib/python3.8/site-packages/airflow/example_dags/example_dynamic_task_mapping_with_no_taskflow_operators.py took 0.116 seconds
[2025-10-14T09:28:15.522+0000] {processor.py:161} INFO - Started process (PID=73055) to work on /home/airflow/.local/lib/python3.8/site-packages/airflow/example_dags/example_dynamic_task_mapping_with_no_taskflow_operators.py
[2025-10-14T09:28:15.524+0000] {processor.py:830} INFO - Processing file /home/airflow/.local/lib/python3.8/site-packages/airflow/example_dags/example_dynamic_task_mapping_with_no_taskflow_operators.py for tasks to queue
[2025-10-14T09:28:15.526+0000] {logging_mixin.py:188} INFO - [2025-10-14T09:28:15.526+0000] {dagbag.py:538} INFO - Filling up the DagBag from /home/airflow/.local/lib/python3.8/site-packages/airflow/example_dags/example_dynamic_task_mapping_with_no_taskflow_operators.py
[2025-10-14T09:28:15.537+0000] {processor.py:840} INFO - DAG(s) 'example_dynamic_task_mapping_with_no_taskflow_operators' retrieved from /home/airflow/.local/lib/python3.8/site-packages/airflow/example_dags/example_dynamic_task_mapping_with_no_taskflow_operators.py
[2025-10-14T09:28:15.578+0000] {logging_mixin.py:188} INFO - [2025-10-14T09:28:15.577+0000] {dag.py:3036} INFO - Sync 1 DAGs
[2025-10-14T09:28:15.629+0000] {logging_mixin.py:188} INFO - [2025-10-14T09:28:15.628+0000] {dag.py:3823} INFO - Setting next_dagrun for example_dynamic_task_mapping_with_no_taskflow_operators to 2025-10-13 00:00:00+00:00, run_after=2025-10-14 00:00:00+00:00
[2025-10-14T09:28:15.690+0000] {processor.py:183} INFO - Processing /home/airflow/.local/lib/python3.8/site-packages/airflow/example_dags/example_dynamic_task_mapping_with_no_taskflow_operators.py took 0.173 seconds
[2025-10-14T09:28:46.985+0000] {processor.py:161} INFO - Started process (PID=73125) to work on /home/airflow/.local/lib/python3.8/site-packages/airflow/example_dags/example_dynamic_task_mapping_with_no_taskflow_operators.py
[2025-10-14T09:28:46.988+0000] {processor.py:830} INFO - Processing file /home/airflow/.local/lib/python3.8/site-packages/airflow/example_dags/example_dynamic_task_mapping_with_no_taskflow_operators.py for tasks to queue
[2025-10-14T09:28:46.990+0000] {logging_mixin.py:188} INFO - [2025-10-14T09:28:46.990+0000] {dagbag.py:538} INFO - Filling up the DagBag from /home/airflow/.local/lib/python3.8/site-packages/airflow/example_dags/example_dynamic_task_mapping_with_no_taskflow_operators.py
[2025-10-14T09:28:47.004+0000] {processor.py:840} INFO - DAG(s) 'example_dynamic_task_mapping_with_no_taskflow_operators' retrieved from /home/airflow/.local/lib/python3.8/site-packages/airflow/example_dags/example_dynamic_task_mapping_with_no_taskflow_operators.py
[2025-10-14T09:28:47.061+0000] {logging_mixin.py:188} INFO - [2025-10-14T09:28:47.061+0000] {dag.py:3036} INFO - Sync 1 DAGs
[2025-10-14T09:28:47.097+0000] {logging_mixin.py:188} INFO - [2025-10-14T09:28:47.097+0000] {dag.py:3823} INFO - Setting next_dagrun for example_dynamic_task_mapping_with_no_taskflow_operators to 2025-10-13 00:00:00+00:00, run_after=2025-10-14 00:00:00+00:00
[2025-10-14T09:28:47.156+0000] {processor.py:183} INFO - Processing /home/airflow/.local/lib/python3.8/site-packages/airflow/example_dags/example_dynamic_task_mapping_with_no_taskflow_operators.py took 0.180 seconds
[2025-10-14T09:29:17.738+0000] {processor.py:161} INFO - Started process (PID=73195) to work on /home/airflow/.local/lib/python3.8/site-packages/airflow/example_dags/example_dynamic_task_mapping_with_no_taskflow_operators.py
[2025-10-14T09:29:17.741+0000] {processor.py:830} INFO - Processing file /home/airflow/.local/lib/python3.8/site-packages/airflow/example_dags/example_dynamic_task_mapping_with_no_taskflow_operators.py for tasks to queue
[2025-10-14T09:29:17.744+0000] {logging_mixin.py:188} INFO - [2025-10-14T09:29:17.743+0000] {dagbag.py:538} INFO - Filling up the DagBag from /home/airflow/.local/lib/python3.8/site-packages/airflow/example_dags/example_dynamic_task_mapping_with_no_taskflow_operators.py
[2025-10-14T09:29:17.761+0000] {processor.py:840} INFO - DAG(s) 'example_dynamic_task_mapping_with_no_taskflow_operators' retrieved from /home/airflow/.local/lib/python3.8/site-packages/airflow/example_dags/example_dynamic_task_mapping_with_no_taskflow_operators.py
[2025-10-14T09:29:17.800+0000] {logging_mixin.py:188} INFO - [2025-10-14T09:29:17.799+0000] {dag.py:3036} INFO - Sync 1 DAGs
[2025-10-14T09:29:17.833+0000] {logging_mixin.py:188} INFO - [2025-10-14T09:29:17.833+0000] {dag.py:3823} INFO - Setting next_dagrun for example_dynamic_task_mapping_with_no_taskflow_operators to 2025-10-13 00:00:00+00:00, run_after=2025-10-14 00:00:00+00:00
[2025-10-14T09:29:17.864+0000] {processor.py:183} INFO - Processing /home/airflow/.local/lib/python3.8/site-packages/airflow/example_dags/example_dynamic_task_mapping_with_no_taskflow_operators.py took 0.137 seconds
[2025-10-14T09:29:49.217+0000] {processor.py:161} INFO - Started process (PID=73265) to work on /home/airflow/.local/lib/python3.8/site-packages/airflow/example_dags/example_dynamic_task_mapping_with_no_taskflow_operators.py
[2025-10-14T09:29:49.218+0000] {processor.py:830} INFO - Processing file /home/airflow/.local/lib/python3.8/site-packages/airflow/example_dags/example_dynamic_task_mapping_with_no_taskflow_operators.py for tasks to queue
[2025-10-14T09:29:49.220+0000] {logging_mixin.py:188} INFO - [2025-10-14T09:29:49.220+0000] {dagbag.py:538} INFO - Filling up the DagBag from /home/airflow/.local/lib/python3.8/site-packages/airflow/example_dags/example_dynamic_task_mapping_with_no_taskflow_operators.py
[2025-10-14T09:29:49.230+0000] {processor.py:840} INFO - DAG(s) 'example_dynamic_task_mapping_with_no_taskflow_operators' retrieved from /home/airflow/.local/lib/python3.8/site-packages/airflow/example_dags/example_dynamic_task_mapping_with_no_taskflow_operators.py
[2025-10-14T09:29:49.263+0000] {logging_mixin.py:188} INFO - [2025-10-14T09:29:49.263+0000] {dag.py:3036} INFO - Sync 1 DAGs
[2025-10-14T09:29:49.295+0000] {logging_mixin.py:188} INFO - [2025-10-14T09:29:49.295+0000] {dag.py:3823} INFO - Setting next_dagrun for example_dynamic_task_mapping_with_no_taskflow_operators to 2025-10-13 00:00:00+00:00, run_after=2025-10-14 00:00:00+00:00
[2025-10-14T09:29:49.327+0000] {processor.py:183} INFO - Processing /home/airflow/.local/lib/python3.8/site-packages/airflow/example_dags/example_dynamic_task_mapping_with_no_taskflow_operators.py took 0.115 seconds
[2025-10-14T09:30:20.374+0000] {processor.py:161} INFO - Started process (PID=73335) to work on /home/airflow/.local/lib/python3.8/site-packages/airflow/example_dags/example_dynamic_task_mapping_with_no_taskflow_operators.py
[2025-10-14T09:30:20.376+0000] {processor.py:830} INFO - Processing file /home/airflow/.local/lib/python3.8/site-packages/airflow/example_dags/example_dynamic_task_mapping_with_no_taskflow_operators.py for tasks to queue
[2025-10-14T09:30:20.378+0000] {logging_mixin.py:188} INFO - [2025-10-14T09:30:20.377+0000] {dagbag.py:538} INFO - Filling up the DagBag from /home/airflow/.local/lib/python3.8/site-packages/airflow/example_dags/example_dynamic_task_mapping_with_no_taskflow_operators.py
[2025-10-14T09:30:20.392+0000] {processor.py:840} INFO - DAG(s) 'example_dynamic_task_mapping_with_no_taskflow_operators' retrieved from /home/airflow/.local/lib/python3.8/site-packages/airflow/example_dags/example_dynamic_task_mapping_with_no_taskflow_operators.py
[2025-10-14T09:30:20.434+0000] {logging_mixin.py:188} INFO - [2025-10-14T09:30:20.434+0000] {dag.py:3036} INFO - Sync 1 DAGs
[2025-10-14T09:30:20.473+0000] {logging_mixin.py:188} INFO - [2025-10-14T09:30:20.472+0000] {dag.py:3823} INFO - Setting next_dagrun for example_dynamic_task_mapping_with_no_taskflow_operators to 2025-10-13 00:00:00+00:00, run_after=2025-10-14 00:00:00+00:00
[2025-10-14T09:30:20.526+0000] {processor.py:183} INFO - Processing /home/airflow/.local/lib/python3.8/site-packages/airflow/example_dags/example_dynamic_task_mapping_with_no_taskflow_operators.py took 0.158 seconds
[2025-10-14T09:30:51.091+0000] {processor.py:161} INFO - Started process (PID=73405) to work on /home/airflow/.local/lib/python3.8/site-packages/airflow/example_dags/example_dynamic_task_mapping_with_no_taskflow_operators.py
[2025-10-14T09:30:51.093+0000] {processor.py:830} INFO - Processing file /home/airflow/.local/lib/python3.8/site-packages/airflow/example_dags/example_dynamic_task_mapping_with_no_taskflow_operators.py for tasks to queue
[2025-10-14T09:30:51.095+0000] {logging_mixin.py:188} INFO - [2025-10-14T09:30:51.094+0000] {dagbag.py:538} INFO - Filling up the DagBag from /home/airflow/.local/lib/python3.8/site-packages/airflow/example_dags/example_dynamic_task_mapping_with_no_taskflow_operators.py
[2025-10-14T09:30:51.105+0000] {processor.py:840} INFO - DAG(s) 'example_dynamic_task_mapping_with_no_taskflow_operators' retrieved from /home/airflow/.local/lib/python3.8/site-packages/airflow/example_dags/example_dynamic_task_mapping_with_no_taskflow_operators.py
[2025-10-14T09:30:51.138+0000] {logging_mixin.py:188} INFO - [2025-10-14T09:30:51.138+0000] {dag.py:3036} INFO - Sync 1 DAGs
[2025-10-14T09:30:51.170+0000] {logging_mixin.py:188} INFO - [2025-10-14T09:30:51.170+0000] {dag.py:3823} INFO - Setting next_dagrun for example_dynamic_task_mapping_with_no_taskflow_operators to 2025-10-13 00:00:00+00:00, run_after=2025-10-14 00:00:00+00:00
[2025-10-14T09:30:51.216+0000] {processor.py:183} INFO - Processing /home/airflow/.local/lib/python3.8/site-packages/airflow/example_dags/example_dynamic_task_mapping_with_no_taskflow_operators.py took 0.131 seconds
[2025-10-14T09:31:22.342+0000] {processor.py:161} INFO - Started process (PID=73474) to work on /home/airflow/.local/lib/python3.8/site-packages/airflow/example_dags/example_dynamic_task_mapping_with_no_taskflow_operators.py
[2025-10-14T09:31:22.344+0000] {processor.py:830} INFO - Processing file /home/airflow/.local/lib/python3.8/site-packages/airflow/example_dags/example_dynamic_task_mapping_with_no_taskflow_operators.py for tasks to queue
[2025-10-14T09:31:22.345+0000] {logging_mixin.py:188} INFO - [2025-10-14T09:31:22.345+0000] {dagbag.py:538} INFO - Filling up the DagBag from /home/airflow/.local/lib/python3.8/site-packages/airflow/example_dags/example_dynamic_task_mapping_with_no_taskflow_operators.py
[2025-10-14T09:31:22.358+0000] {processor.py:840} INFO - DAG(s) 'example_dynamic_task_mapping_with_no_taskflow_operators' retrieved from /home/airflow/.local/lib/python3.8/site-packages/airflow/example_dags/example_dynamic_task_mapping_with_no_taskflow_operators.py
[2025-10-14T09:31:22.395+0000] {logging_mixin.py:188} INFO - [2025-10-14T09:31:22.395+0000] {dag.py:3036} INFO - Sync 1 DAGs
[2025-10-14T09:31:22.428+0000] {logging_mixin.py:188} INFO - [2025-10-14T09:31:22.428+0000] {dag.py:3823} INFO - Setting next_dagrun for example_dynamic_task_mapping_with_no_taskflow_operators to 2025-10-13 00:00:00+00:00, run_after=2025-10-14 00:00:00+00:00
[2025-10-14T09:31:22.477+0000] {processor.py:183} INFO - Processing /home/airflow/.local/lib/python3.8/site-packages/airflow/example_dags/example_dynamic_task_mapping_with_no_taskflow_operators.py took 0.141 seconds
[2025-10-14T09:31:54.678+0000] {processor.py:161} INFO - Started process (PID=73545) to work on /home/airflow/.local/lib/python3.8/site-packages/airflow/example_dags/example_dynamic_task_mapping_with_no_taskflow_operators.py
[2025-10-14T09:31:54.679+0000] {processor.py:830} INFO - Processing file /home/airflow/.local/lib/python3.8/site-packages/airflow/example_dags/example_dynamic_task_mapping_with_no_taskflow_operators.py for tasks to queue
[2025-10-14T09:31:54.681+0000] {logging_mixin.py:188} INFO - [2025-10-14T09:31:54.681+0000] {dagbag.py:538} INFO - Filling up the DagBag from /home/airflow/.local/lib/python3.8/site-packages/airflow/example_dags/example_dynamic_task_mapping_with_no_taskflow_operators.py
[2025-10-14T09:31:54.693+0000] {processor.py:840} INFO - DAG(s) 'example_dynamic_task_mapping_with_no_taskflow_operators' retrieved from /home/airflow/.local/lib/python3.8/site-packages/airflow/example_dags/example_dynamic_task_mapping_with_no_taskflow_operators.py
[2025-10-14T09:31:54.726+0000] {logging_mixin.py:188} INFO - [2025-10-14T09:31:54.726+0000] {dag.py:3036} INFO - Sync 1 DAGs
[2025-10-14T09:31:54.758+0000] {logging_mixin.py:188} INFO - [2025-10-14T09:31:54.757+0000] {dag.py:3823} INFO - Setting next_dagrun for example_dynamic_task_mapping_with_no_taskflow_operators to 2025-10-13 00:00:00+00:00, run_after=2025-10-14 00:00:00+00:00
[2025-10-14T09:31:54.786+0000] {processor.py:183} INFO - Processing /home/airflow/.local/lib/python3.8/site-packages/airflow/example_dags/example_dynamic_task_mapping_with_no_taskflow_operators.py took 0.115 seconds
[2025-10-14T09:32:26.006+0000] {processor.py:161} INFO - Started process (PID=73615) to work on /home/airflow/.local/lib/python3.8/site-packages/airflow/example_dags/example_dynamic_task_mapping_with_no_taskflow_operators.py
[2025-10-14T09:32:26.007+0000] {processor.py:830} INFO - Processing file /home/airflow/.local/lib/python3.8/site-packages/airflow/example_dags/example_dynamic_task_mapping_with_no_taskflow_operators.py for tasks to queue
[2025-10-14T09:32:26.009+0000] {logging_mixin.py:188} INFO - [2025-10-14T09:32:26.009+0000] {dagbag.py:538} INFO - Filling up the DagBag from /home/airflow/.local/lib/python3.8/site-packages/airflow/example_dags/example_dynamic_task_mapping_with_no_taskflow_operators.py
[2025-10-14T09:32:26.020+0000] {processor.py:840} INFO - DAG(s) 'example_dynamic_task_mapping_with_no_taskflow_operators' retrieved from /home/airflow/.local/lib/python3.8/site-packages/airflow/example_dags/example_dynamic_task_mapping_with_no_taskflow_operators.py
[2025-10-14T09:32:26.057+0000] {logging_mixin.py:188} INFO - [2025-10-14T09:32:26.056+0000] {dag.py:3036} INFO - Sync 1 DAGs
[2025-10-14T09:32:26.090+0000] {logging_mixin.py:188} INFO - [2025-10-14T09:32:26.090+0000] {dag.py:3823} INFO - Setting next_dagrun for example_dynamic_task_mapping_with_no_taskflow_operators to 2025-10-13 00:00:00+00:00, run_after=2025-10-14 00:00:00+00:00
[2025-10-14T09:32:26.117+0000] {processor.py:183} INFO - Processing /home/airflow/.local/lib/python3.8/site-packages/airflow/example_dags/example_dynamic_task_mapping_with_no_taskflow_operators.py took 0.117 seconds
[2025-10-14T09:32:57.459+0000] {processor.py:161} INFO - Started process (PID=73685) to work on /home/airflow/.local/lib/python3.8/site-packages/airflow/example_dags/example_dynamic_task_mapping_with_no_taskflow_operators.py
[2025-10-14T09:32:57.461+0000] {processor.py:830} INFO - Processing file /home/airflow/.local/lib/python3.8/site-packages/airflow/example_dags/example_dynamic_task_mapping_with_no_taskflow_operators.py for tasks to queue
[2025-10-14T09:32:57.463+0000] {logging_mixin.py:188} INFO - [2025-10-14T09:32:57.462+0000] {dagbag.py:538} INFO - Filling up the DagBag from /home/airflow/.local/lib/python3.8/site-packages/airflow/example_dags/example_dynamic_task_mapping_with_no_taskflow_operators.py
[2025-10-14T09:32:57.474+0000] {processor.py:840} INFO - DAG(s) 'example_dynamic_task_mapping_with_no_taskflow_operators' retrieved from /home/airflow/.local/lib/python3.8/site-packages/airflow/example_dags/example_dynamic_task_mapping_with_no_taskflow_operators.py
[2025-10-14T09:32:57.512+0000] {logging_mixin.py:188} INFO - [2025-10-14T09:32:57.511+0000] {dag.py:3036} INFO - Sync 1 DAGs
[2025-10-14T09:32:57.547+0000] {logging_mixin.py:188} INFO - [2025-10-14T09:32:57.547+0000] {dag.py:3823} INFO - Setting next_dagrun for example_dynamic_task_mapping_with_no_taskflow_operators to 2025-10-13 00:00:00+00:00, run_after=2025-10-14 00:00:00+00:00
[2025-10-14T09:32:57.575+0000] {processor.py:183} INFO - Processing /home/airflow/.local/lib/python3.8/site-packages/airflow/example_dags/example_dynamic_task_mapping_with_no_taskflow_operators.py took 0.121 seconds
[2025-10-14T09:33:29.175+0000] {processor.py:161} INFO - Started process (PID=73755) to work on /home/airflow/.local/lib/python3.8/site-packages/airflow/example_dags/example_dynamic_task_mapping_with_no_taskflow_operators.py
[2025-10-14T09:33:29.177+0000] {processor.py:830} INFO - Processing file /home/airflow/.local/lib/python3.8/site-packages/airflow/example_dags/example_dynamic_task_mapping_with_no_taskflow_operators.py for tasks to queue
[2025-10-14T09:33:29.178+0000] {logging_mixin.py:188} INFO - [2025-10-14T09:33:29.178+0000] {dagbag.py:538} INFO - Filling up the DagBag from /home/airflow/.local/lib/python3.8/site-packages/airflow/example_dags/example_dynamic_task_mapping_with_no_taskflow_operators.py
[2025-10-14T09:33:29.188+0000] {processor.py:840} INFO - DAG(s) 'example_dynamic_task_mapping_with_no_taskflow_operators' retrieved from /home/airflow/.local/lib/python3.8/site-packages/airflow/example_dags/example_dynamic_task_mapping_with_no_taskflow_operators.py
[2025-10-14T09:33:29.220+0000] {logging_mixin.py:188} INFO - [2025-10-14T09:33:29.220+0000] {dag.py:3036} INFO - Sync 1 DAGs
[2025-10-14T09:33:29.254+0000] {logging_mixin.py:188} INFO - [2025-10-14T09:33:29.254+0000] {dag.py:3823} INFO - Setting next_dagrun for example_dynamic_task_mapping_with_no_taskflow_operators to 2025-10-13 00:00:00+00:00, run_after=2025-10-14 00:00:00+00:00
[2025-10-14T09:33:29.302+0000] {processor.py:183} INFO - Processing /home/airflow/.local/lib/python3.8/site-packages/airflow/example_dags/example_dynamic_task_mapping_with_no_taskflow_operators.py took 0.132 seconds
[2025-10-14T09:34:00.077+0000] {processor.py:161} INFO - Started process (PID=73826) to work on /home/airflow/.local/lib/python3.8/site-packages/airflow/example_dags/example_dynamic_task_mapping_with_no_taskflow_operators.py
[2025-10-14T09:34:00.079+0000] {processor.py:830} INFO - Processing file /home/airflow/.local/lib/python3.8/site-packages/airflow/example_dags/example_dynamic_task_mapping_with_no_taskflow_operators.py for tasks to queue
[2025-10-14T09:34:00.081+0000] {logging_mixin.py:188} INFO - [2025-10-14T09:34:00.080+0000] {dagbag.py:538} INFO - Filling up the DagBag from /home/airflow/.local/lib/python3.8/site-packages/airflow/example_dags/example_dynamic_task_mapping_with_no_taskflow_operators.py
[2025-10-14T09:34:00.093+0000] {processor.py:840} INFO - DAG(s) 'example_dynamic_task_mapping_with_no_taskflow_operators' retrieved from /home/airflow/.local/lib/python3.8/site-packages/airflow/example_dags/example_dynamic_task_mapping_with_no_taskflow_operators.py
[2025-10-14T09:34:00.134+0000] {logging_mixin.py:188} INFO - [2025-10-14T09:34:00.134+0000] {dag.py:3036} INFO - Sync 1 DAGs
[2025-10-14T09:34:00.176+0000] {logging_mixin.py:188} INFO - [2025-10-14T09:34:00.176+0000] {dag.py:3823} INFO - Setting next_dagrun for example_dynamic_task_mapping_with_no_taskflow_operators to 2025-10-13 00:00:00+00:00, run_after=2025-10-14 00:00:00+00:00
[2025-10-14T09:34:00.253+0000] {processor.py:183} INFO - Processing /home/airflow/.local/lib/python3.8/site-packages/airflow/example_dags/example_dynamic_task_mapping_with_no_taskflow_operators.py took 0.182 seconds
[2025-10-14T09:34:30.996+0000] {processor.py:161} INFO - Started process (PID=73896) to work on /home/airflow/.local/lib/python3.8/site-packages/airflow/example_dags/example_dynamic_task_mapping_with_no_taskflow_operators.py
[2025-10-14T09:34:30.998+0000] {processor.py:830} INFO - Processing file /home/airflow/.local/lib/python3.8/site-packages/airflow/example_dags/example_dynamic_task_mapping_with_no_taskflow_operators.py for tasks to queue
[2025-10-14T09:34:31.000+0000] {logging_mixin.py:188} INFO - [2025-10-14T09:34:30.999+0000] {dagbag.py:538} INFO - Filling up the DagBag from /home/airflow/.local/lib/python3.8/site-packages/airflow/example_dags/example_dynamic_task_mapping_with_no_taskflow_operators.py
[2025-10-14T09:34:31.011+0000] {processor.py:840} INFO - DAG(s) 'example_dynamic_task_mapping_with_no_taskflow_operators' retrieved from /home/airflow/.local/lib/python3.8/site-packages/airflow/example_dags/example_dynamic_task_mapping_with_no_taskflow_operators.py
[2025-10-14T09:34:31.043+0000] {logging_mixin.py:188} INFO - [2025-10-14T09:34:31.043+0000] {dag.py:3036} INFO - Sync 1 DAGs
[2025-10-14T09:34:31.075+0000] {logging_mixin.py:188} INFO - [2025-10-14T09:34:31.074+0000] {dag.py:3823} INFO - Setting next_dagrun for example_dynamic_task_mapping_with_no_taskflow_operators to 2025-10-13 00:00:00+00:00, run_after=2025-10-14 00:00:00+00:00
[2025-10-14T09:34:31.123+0000] {processor.py:183} INFO - Processing /home/airflow/.local/lib/python3.8/site-packages/airflow/example_dags/example_dynamic_task_mapping_with_no_taskflow_operators.py took 0.132 seconds
[2025-10-14T09:35:02.000+0000] {processor.py:161} INFO - Started process (PID=73966) to work on /home/airflow/.local/lib/python3.8/site-packages/airflow/example_dags/example_dynamic_task_mapping_with_no_taskflow_operators.py
[2025-10-14T09:35:02.003+0000] {processor.py:830} INFO - Processing file /home/airflow/.local/lib/python3.8/site-packages/airflow/example_dags/example_dynamic_task_mapping_with_no_taskflow_operators.py for tasks to queue
[2025-10-14T09:35:02.004+0000] {logging_mixin.py:188} INFO - [2025-10-14T09:35:02.004+0000] {dagbag.py:538} INFO - Filling up the DagBag from /home/airflow/.local/lib/python3.8/site-packages/airflow/example_dags/example_dynamic_task_mapping_with_no_taskflow_operators.py
[2025-10-14T09:35:02.015+0000] {processor.py:840} INFO - DAG(s) 'example_dynamic_task_mapping_with_no_taskflow_operators' retrieved from /home/airflow/.local/lib/python3.8/site-packages/airflow/example_dags/example_dynamic_task_mapping_with_no_taskflow_operators.py
[2025-10-14T09:35:02.052+0000] {logging_mixin.py:188} INFO - [2025-10-14T09:35:02.052+0000] {dag.py:3036} INFO - Sync 1 DAGs
[2025-10-14T09:35:02.082+0000] {logging_mixin.py:188} INFO - [2025-10-14T09:35:02.081+0000] {dag.py:3823} INFO - Setting next_dagrun for example_dynamic_task_mapping_with_no_taskflow_operators to 2025-10-13 00:00:00+00:00, run_after=2025-10-14 00:00:00+00:00
[2025-10-14T09:35:02.111+0000] {processor.py:183} INFO - Processing /home/airflow/.local/lib/python3.8/site-packages/airflow/example_dags/example_dynamic_task_mapping_with_no_taskflow_operators.py took 0.116 seconds
[2025-10-14T09:35:33.130+0000] {processor.py:161} INFO - Started process (PID=74036) to work on /home/airflow/.local/lib/python3.8/site-packages/airflow/example_dags/example_dynamic_task_mapping_with_no_taskflow_operators.py
[2025-10-14T09:35:33.132+0000] {processor.py:830} INFO - Processing file /home/airflow/.local/lib/python3.8/site-packages/airflow/example_dags/example_dynamic_task_mapping_with_no_taskflow_operators.py for tasks to queue
[2025-10-14T09:35:33.133+0000] {logging_mixin.py:188} INFO - [2025-10-14T09:35:33.133+0000] {dagbag.py:538} INFO - Filling up the DagBag from /home/airflow/.local/lib/python3.8/site-packages/airflow/example_dags/example_dynamic_task_mapping_with_no_taskflow_operators.py
[2025-10-14T09:35:33.144+0000] {processor.py:840} INFO - DAG(s) 'example_dynamic_task_mapping_with_no_taskflow_operators' retrieved from /home/airflow/.local/lib/python3.8/site-packages/airflow/example_dags/example_dynamic_task_mapping_with_no_taskflow_operators.py
[2025-10-14T09:35:33.181+0000] {logging_mixin.py:188} INFO - [2025-10-14T09:35:33.180+0000] {dag.py:3036} INFO - Sync 1 DAGs
[2025-10-14T09:35:33.218+0000] {logging_mixin.py:188} INFO - [2025-10-14T09:35:33.218+0000] {dag.py:3823} INFO - Setting next_dagrun for example_dynamic_task_mapping_with_no_taskflow_operators to 2025-10-13 00:00:00+00:00, run_after=2025-10-14 00:00:00+00:00
[2025-10-14T09:35:33.281+0000] {processor.py:183} INFO - Processing /home/airflow/.local/lib/python3.8/site-packages/airflow/example_dags/example_dynamic_task_mapping_with_no_taskflow_operators.py took 0.155 seconds
[2025-10-14T09:36:04.066+0000] {processor.py:161} INFO - Started process (PID=74106) to work on /home/airflow/.local/lib/python3.8/site-packages/airflow/example_dags/example_dynamic_task_mapping_with_no_taskflow_operators.py
[2025-10-14T09:36:04.068+0000] {processor.py:830} INFO - Processing file /home/airflow/.local/lib/python3.8/site-packages/airflow/example_dags/example_dynamic_task_mapping_with_no_taskflow_operators.py for tasks to queue
[2025-10-14T09:36:04.070+0000] {logging_mixin.py:188} INFO - [2025-10-14T09:36:04.069+0000] {dagbag.py:538} INFO - Filling up the DagBag from /home/airflow/.local/lib/python3.8/site-packages/airflow/example_dags/example_dynamic_task_mapping_with_no_taskflow_operators.py
[2025-10-14T09:36:04.080+0000] {processor.py:840} INFO - DAG(s) 'example_dynamic_task_mapping_with_no_taskflow_operators' retrieved from /home/airflow/.local/lib/python3.8/site-packages/airflow/example_dags/example_dynamic_task_mapping_with_no_taskflow_operators.py
[2025-10-14T09:36:04.119+0000] {logging_mixin.py:188} INFO - [2025-10-14T09:36:04.118+0000] {dag.py:3036} INFO - Sync 1 DAGs
[2025-10-14T09:36:04.160+0000] {logging_mixin.py:188} INFO - [2025-10-14T09:36:04.159+0000] {dag.py:3823} INFO - Setting next_dagrun for example_dynamic_task_mapping_with_no_taskflow_operators to 2025-10-13 00:00:00+00:00, run_after=2025-10-14 00:00:00+00:00
[2025-10-14T09:36:04.217+0000] {processor.py:183} INFO - Processing /home/airflow/.local/lib/python3.8/site-packages/airflow/example_dags/example_dynamic_task_mapping_with_no_taskflow_operators.py took 0.158 seconds
[2025-10-14T09:36:35.075+0000] {processor.py:161} INFO - Started process (PID=74176) to work on /home/airflow/.local/lib/python3.8/site-packages/airflow/example_dags/example_dynamic_task_mapping_with_no_taskflow_operators.py
[2025-10-14T09:36:35.077+0000] {processor.py:830} INFO - Processing file /home/airflow/.local/lib/python3.8/site-packages/airflow/example_dags/example_dynamic_task_mapping_with_no_taskflow_operators.py for tasks to queue
[2025-10-14T09:36:35.078+0000] {logging_mixin.py:188} INFO - [2025-10-14T09:36:35.078+0000] {dagbag.py:538} INFO - Filling up the DagBag from /home/airflow/.local/lib/python3.8/site-packages/airflow/example_dags/example_dynamic_task_mapping_with_no_taskflow_operators.py
[2025-10-14T09:36:35.089+0000] {processor.py:840} INFO - DAG(s) 'example_dynamic_task_mapping_with_no_taskflow_operators' retrieved from /home/airflow/.local/lib/python3.8/site-packages/airflow/example_dags/example_dynamic_task_mapping_with_no_taskflow_operators.py
[2025-10-14T09:36:35.124+0000] {logging_mixin.py:188} INFO - [2025-10-14T09:36:35.124+0000] {dag.py:3036} INFO - Sync 1 DAGs
[2025-10-14T09:36:35.156+0000] {logging_mixin.py:188} INFO - [2025-10-14T09:36:35.156+0000] {dag.py:3823} INFO - Setting next_dagrun for example_dynamic_task_mapping_with_no_taskflow_operators to 2025-10-13 00:00:00+00:00, run_after=2025-10-14 00:00:00+00:00
[2025-10-14T09:36:35.195+0000] {processor.py:183} INFO - Processing /home/airflow/.local/lib/python3.8/site-packages/airflow/example_dags/example_dynamic_task_mapping_with_no_taskflow_operators.py took 0.125 seconds
[2025-10-14T09:37:05.999+0000] {processor.py:161} INFO - Started process (PID=74246) to work on /home/airflow/.local/lib/python3.8/site-packages/airflow/example_dags/example_dynamic_task_mapping_with_no_taskflow_operators.py
[2025-10-14T09:37:06.000+0000] {processor.py:830} INFO - Processing file /home/airflow/.local/lib/python3.8/site-packages/airflow/example_dags/example_dynamic_task_mapping_with_no_taskflow_operators.py for tasks to queue
[2025-10-14T09:37:06.002+0000] {logging_mixin.py:188} INFO - [2025-10-14T09:37:06.001+0000] {dagbag.py:538} INFO - Filling up the DagBag from /home/airflow/.local/lib/python3.8/site-packages/airflow/example_dags/example_dynamic_task_mapping_with_no_taskflow_operators.py
[2025-10-14T09:37:06.012+0000] {processor.py:840} INFO - DAG(s) 'example_dynamic_task_mapping_with_no_taskflow_operators' retrieved from /home/airflow/.local/lib/python3.8/site-packages/airflow/example_dags/example_dynamic_task_mapping_with_no_taskflow_operators.py
[2025-10-14T09:37:06.051+0000] {logging_mixin.py:188} INFO - [2025-10-14T09:37:06.051+0000] {dag.py:3036} INFO - Sync 1 DAGs
[2025-10-14T09:37:06.094+0000] {logging_mixin.py:188} INFO - [2025-10-14T09:37:06.094+0000] {dag.py:3823} INFO - Setting next_dagrun for example_dynamic_task_mapping_with_no_taskflow_operators to 2025-10-13 00:00:00+00:00, run_after=2025-10-14 00:00:00+00:00
[2025-10-14T09:37:06.120+0000] {processor.py:183} INFO - Processing /home/airflow/.local/lib/python3.8/site-packages/airflow/example_dags/example_dynamic_task_mapping_with_no_taskflow_operators.py took 0.126 seconds
[2025-10-14T09:37:36.781+0000] {processor.py:161} INFO - Started process (PID=74316) to work on /home/airflow/.local/lib/python3.8/site-packages/airflow/example_dags/example_dynamic_task_mapping_with_no_taskflow_operators.py
[2025-10-14T09:37:36.783+0000] {processor.py:830} INFO - Processing file /home/airflow/.local/lib/python3.8/site-packages/airflow/example_dags/example_dynamic_task_mapping_with_no_taskflow_operators.py for tasks to queue
[2025-10-14T09:37:36.785+0000] {logging_mixin.py:188} INFO - [2025-10-14T09:37:36.784+0000] {dagbag.py:538} INFO - Filling up the DagBag from /home/airflow/.local/lib/python3.8/site-packages/airflow/example_dags/example_dynamic_task_mapping_with_no_taskflow_operators.py
[2025-10-14T09:37:36.796+0000] {processor.py:840} INFO - DAG(s) 'example_dynamic_task_mapping_with_no_taskflow_operators' retrieved from /home/airflow/.local/lib/python3.8/site-packages/airflow/example_dags/example_dynamic_task_mapping_with_no_taskflow_operators.py
[2025-10-14T09:37:36.851+0000] {logging_mixin.py:188} INFO - [2025-10-14T09:37:36.850+0000] {dag.py:3036} INFO - Sync 1 DAGs
[2025-10-14T09:37:36.892+0000] {logging_mixin.py:188} INFO - [2025-10-14T09:37:36.892+0000] {dag.py:3823} INFO - Setting next_dagrun for example_dynamic_task_mapping_with_no_taskflow_operators to 2025-10-13 00:00:00+00:00, run_after=2025-10-14 00:00:00+00:00
[2025-10-14T09:37:36.956+0000] {processor.py:183} INFO - Processing /home/airflow/.local/lib/python3.8/site-packages/airflow/example_dags/example_dynamic_task_mapping_with_no_taskflow_operators.py took 0.180 seconds
[2025-10-14T09:38:08.456+0000] {processor.py:161} INFO - Started process (PID=74386) to work on /home/airflow/.local/lib/python3.8/site-packages/airflow/example_dags/example_dynamic_task_mapping_with_no_taskflow_operators.py
[2025-10-14T09:38:08.457+0000] {processor.py:830} INFO - Processing file /home/airflow/.local/lib/python3.8/site-packages/airflow/example_dags/example_dynamic_task_mapping_with_no_taskflow_operators.py for tasks to queue
[2025-10-14T09:38:08.459+0000] {logging_mixin.py:188} INFO - [2025-10-14T09:38:08.459+0000] {dagbag.py:538} INFO - Filling up the DagBag from /home/airflow/.local/lib/python3.8/site-packages/airflow/example_dags/example_dynamic_task_mapping_with_no_taskflow_operators.py
[2025-10-14T09:38:08.470+0000] {processor.py:840} INFO - DAG(s) 'example_dynamic_task_mapping_with_no_taskflow_operators' retrieved from /home/airflow/.local/lib/python3.8/site-packages/airflow/example_dags/example_dynamic_task_mapping_with_no_taskflow_operators.py
[2025-10-14T09:38:08.504+0000] {logging_mixin.py:188} INFO - [2025-10-14T09:38:08.503+0000] {dag.py:3036} INFO - Sync 1 DAGs
[2025-10-14T09:38:08.545+0000] {logging_mixin.py:188} INFO - [2025-10-14T09:38:08.545+0000] {dag.py:3823} INFO - Setting next_dagrun for example_dynamic_task_mapping_with_no_taskflow_operators to 2025-10-13 00:00:00+00:00, run_after=2025-10-14 00:00:00+00:00
[2025-10-14T09:38:08.593+0000] {processor.py:183} INFO - Processing /home/airflow/.local/lib/python3.8/site-packages/airflow/example_dags/example_dynamic_task_mapping_with_no_taskflow_operators.py took 0.143 seconds
[2025-10-14T09:38:39.196+0000] {processor.py:161} INFO - Started process (PID=74457) to work on /home/airflow/.local/lib/python3.8/site-packages/airflow/example_dags/example_dynamic_task_mapping_with_no_taskflow_operators.py
[2025-10-14T09:38:39.197+0000] {processor.py:830} INFO - Processing file /home/airflow/.local/lib/python3.8/site-packages/airflow/example_dags/example_dynamic_task_mapping_with_no_taskflow_operators.py for tasks to queue
[2025-10-14T09:38:39.199+0000] {logging_mixin.py:188} INFO - [2025-10-14T09:38:39.198+0000] {dagbag.py:538} INFO - Filling up the DagBag from /home/airflow/.local/lib/python3.8/site-packages/airflow/example_dags/example_dynamic_task_mapping_with_no_taskflow_operators.py
[2025-10-14T09:38:39.209+0000] {processor.py:840} INFO - DAG(s) 'example_dynamic_task_mapping_with_no_taskflow_operators' retrieved from /home/airflow/.local/lib/python3.8/site-packages/airflow/example_dags/example_dynamic_task_mapping_with_no_taskflow_operators.py
[2025-10-14T09:38:39.243+0000] {logging_mixin.py:188} INFO - [2025-10-14T09:38:39.243+0000] {dag.py:3036} INFO - Sync 1 DAGs
[2025-10-14T09:38:39.276+0000] {logging_mixin.py:188} INFO - [2025-10-14T09:38:39.275+0000] {dag.py:3823} INFO - Setting next_dagrun for example_dynamic_task_mapping_with_no_taskflow_operators to 2025-10-13 00:00:00+00:00, run_after=2025-10-14 00:00:00+00:00
[2025-10-14T09:38:39.304+0000] {processor.py:183} INFO - Processing /home/airflow/.local/lib/python3.8/site-packages/airflow/example_dags/example_dynamic_task_mapping_with_no_taskflow_operators.py took 0.114 seconds
[2025-10-14T09:39:10.764+0000] {processor.py:161} INFO - Started process (PID=74529) to work on /home/airflow/.local/lib/python3.8/site-packages/airflow/example_dags/example_dynamic_task_mapping_with_no_taskflow_operators.py
[2025-10-14T09:39:10.766+0000] {processor.py:830} INFO - Processing file /home/airflow/.local/lib/python3.8/site-packages/airflow/example_dags/example_dynamic_task_mapping_with_no_taskflow_operators.py for tasks to queue
[2025-10-14T09:39:10.767+0000] {logging_mixin.py:188} INFO - [2025-10-14T09:39:10.767+0000] {dagbag.py:538} INFO - Filling up the DagBag from /home/airflow/.local/lib/python3.8/site-packages/airflow/example_dags/example_dynamic_task_mapping_with_no_taskflow_operators.py
[2025-10-14T09:39:10.776+0000] {processor.py:840} INFO - DAG(s) 'example_dynamic_task_mapping_with_no_taskflow_operators' retrieved from /home/airflow/.local/lib/python3.8/site-packages/airflow/example_dags/example_dynamic_task_mapping_with_no_taskflow_operators.py
[2025-10-14T09:39:10.809+0000] {logging_mixin.py:188} INFO - [2025-10-14T09:39:10.808+0000] {dag.py:3036} INFO - Sync 1 DAGs
[2025-10-14T09:39:10.840+0000] {logging_mixin.py:188} INFO - [2025-10-14T09:39:10.840+0000] {dag.py:3823} INFO - Setting next_dagrun for example_dynamic_task_mapping_with_no_taskflow_operators to 2025-10-13 00:00:00+00:00, run_after=2025-10-14 00:00:00+00:00
[2025-10-14T09:39:10.904+0000] {processor.py:183} INFO - Processing /home/airflow/.local/lib/python3.8/site-packages/airflow/example_dags/example_dynamic_task_mapping_with_no_taskflow_operators.py took 0.145 seconds
[2025-10-14T09:39:42.029+0000] {processor.py:161} INFO - Started process (PID=74600) to work on /home/airflow/.local/lib/python3.8/site-packages/airflow/example_dags/example_dynamic_task_mapping_with_no_taskflow_operators.py
[2025-10-14T09:39:42.031+0000] {processor.py:830} INFO - Processing file /home/airflow/.local/lib/python3.8/site-packages/airflow/example_dags/example_dynamic_task_mapping_with_no_taskflow_operators.py for tasks to queue
[2025-10-14T09:39:42.033+0000] {logging_mixin.py:188} INFO - [2025-10-14T09:39:42.032+0000] {dagbag.py:538} INFO - Filling up the DagBag from /home/airflow/.local/lib/python3.8/site-packages/airflow/example_dags/example_dynamic_task_mapping_with_no_taskflow_operators.py
[2025-10-14T09:39:42.043+0000] {processor.py:840} INFO - DAG(s) 'example_dynamic_task_mapping_with_no_taskflow_operators' retrieved from /home/airflow/.local/lib/python3.8/site-packages/airflow/example_dags/example_dynamic_task_mapping_with_no_taskflow_operators.py
[2025-10-14T09:39:42.080+0000] {logging_mixin.py:188} INFO - [2025-10-14T09:39:42.079+0000] {dag.py:3036} INFO - Sync 1 DAGs
[2025-10-14T09:39:42.112+0000] {logging_mixin.py:188} INFO - [2025-10-14T09:39:42.111+0000] {dag.py:3823} INFO - Setting next_dagrun for example_dynamic_task_mapping_with_no_taskflow_operators to 2025-10-13 00:00:00+00:00, run_after=2025-10-14 00:00:00+00:00
[2025-10-14T09:39:42.138+0000] {processor.py:183} INFO - Processing /home/airflow/.local/lib/python3.8/site-packages/airflow/example_dags/example_dynamic_task_mapping_with_no_taskflow_operators.py took 0.114 seconds
[2025-10-14T09:40:13.081+0000] {processor.py:161} INFO - Started process (PID=74670) to work on /home/airflow/.local/lib/python3.8/site-packages/airflow/example_dags/example_dynamic_task_mapping_with_no_taskflow_operators.py
[2025-10-14T09:40:13.083+0000] {processor.py:830} INFO - Processing file /home/airflow/.local/lib/python3.8/site-packages/airflow/example_dags/example_dynamic_task_mapping_with_no_taskflow_operators.py for tasks to queue
[2025-10-14T09:40:13.085+0000] {logging_mixin.py:188} INFO - [2025-10-14T09:40:13.084+0000] {dagbag.py:538} INFO - Filling up the DagBag from /home/airflow/.local/lib/python3.8/site-packages/airflow/example_dags/example_dynamic_task_mapping_with_no_taskflow_operators.py
[2025-10-14T09:40:13.095+0000] {processor.py:840} INFO - DAG(s) 'example_dynamic_task_mapping_with_no_taskflow_operators' retrieved from /home/airflow/.local/lib/python3.8/site-packages/airflow/example_dags/example_dynamic_task_mapping_with_no_taskflow_operators.py
[2025-10-14T09:40:13.128+0000] {logging_mixin.py:188} INFO - [2025-10-14T09:40:13.128+0000] {dag.py:3036} INFO - Sync 1 DAGs
[2025-10-14T09:40:13.160+0000] {logging_mixin.py:188} INFO - [2025-10-14T09:40:13.160+0000] {dag.py:3823} INFO - Setting next_dagrun for example_dynamic_task_mapping_with_no_taskflow_operators to 2025-10-13 00:00:00+00:00, run_after=2025-10-14 00:00:00+00:00
[2025-10-14T09:40:13.189+0000] {processor.py:183} INFO - Processing /home/airflow/.local/lib/python3.8/site-packages/airflow/example_dags/example_dynamic_task_mapping_with_no_taskflow_operators.py took 0.112 seconds
[2025-10-14T09:40:43.924+0000] {processor.py:161} INFO - Started process (PID=74741) to work on /home/airflow/.local/lib/python3.8/site-packages/airflow/example_dags/example_dynamic_task_mapping_with_no_taskflow_operators.py
[2025-10-14T09:40:43.926+0000] {processor.py:830} INFO - Processing file /home/airflow/.local/lib/python3.8/site-packages/airflow/example_dags/example_dynamic_task_mapping_with_no_taskflow_operators.py for tasks to queue
[2025-10-14T09:40:43.927+0000] {logging_mixin.py:188} INFO - [2025-10-14T09:40:43.927+0000] {dagbag.py:538} INFO - Filling up the DagBag from /home/airflow/.local/lib/python3.8/site-packages/airflow/example_dags/example_dynamic_task_mapping_with_no_taskflow_operators.py
[2025-10-14T09:40:43.964+0000] {processor.py:840} INFO - DAG(s) 'example_dynamic_task_mapping_with_no_taskflow_operators' retrieved from /home/airflow/.local/lib/python3.8/site-packages/airflow/example_dags/example_dynamic_task_mapping_with_no_taskflow_operators.py
[2025-10-14T09:40:44.024+0000] {logging_mixin.py:188} INFO - [2025-10-14T09:40:44.024+0000] {dag.py:3036} INFO - Sync 1 DAGs
[2025-10-14T09:40:44.058+0000] {logging_mixin.py:188} INFO - [2025-10-14T09:40:44.057+0000] {dag.py:3823} INFO - Setting next_dagrun for example_dynamic_task_mapping_with_no_taskflow_operators to 2025-10-13 00:00:00+00:00, run_after=2025-10-14 00:00:00+00:00
[2025-10-14T09:40:44.112+0000] {processor.py:183} INFO - Processing /home/airflow/.local/lib/python3.8/site-packages/airflow/example_dags/example_dynamic_task_mapping_with_no_taskflow_operators.py took 0.193 seconds
[2025-10-14T09:41:15.303+0000] {processor.py:161} INFO - Started process (PID=74818) to work on /home/airflow/.local/lib/python3.8/site-packages/airflow/example_dags/example_dynamic_task_mapping_with_no_taskflow_operators.py
[2025-10-14T09:41:15.305+0000] {processor.py:830} INFO - Processing file /home/airflow/.local/lib/python3.8/site-packages/airflow/example_dags/example_dynamic_task_mapping_with_no_taskflow_operators.py for tasks to queue
[2025-10-14T09:41:15.307+0000] {logging_mixin.py:188} INFO - [2025-10-14T09:41:15.306+0000] {dagbag.py:538} INFO - Filling up the DagBag from /home/airflow/.local/lib/python3.8/site-packages/airflow/example_dags/example_dynamic_task_mapping_with_no_taskflow_operators.py
[2025-10-14T09:41:15.317+0000] {processor.py:840} INFO - DAG(s) 'example_dynamic_task_mapping_with_no_taskflow_operators' retrieved from /home/airflow/.local/lib/python3.8/site-packages/airflow/example_dags/example_dynamic_task_mapping_with_no_taskflow_operators.py
[2025-10-14T09:41:15.350+0000] {logging_mixin.py:188} INFO - [2025-10-14T09:41:15.350+0000] {dag.py:3036} INFO - Sync 1 DAGs
[2025-10-14T09:41:15.381+0000] {logging_mixin.py:188} INFO - [2025-10-14T09:41:15.380+0000] {dag.py:3823} INFO - Setting next_dagrun for example_dynamic_task_mapping_with_no_taskflow_operators to 2025-10-13 00:00:00+00:00, run_after=2025-10-14 00:00:00+00:00
[2025-10-14T09:41:15.418+0000] {processor.py:183} INFO - Processing /home/airflow/.local/lib/python3.8/site-packages/airflow/example_dags/example_dynamic_task_mapping_with_no_taskflow_operators.py took 0.120 seconds
[2025-10-14T09:41:46.346+0000] {processor.py:161} INFO - Started process (PID=74888) to work on /home/airflow/.local/lib/python3.8/site-packages/airflow/example_dags/example_dynamic_task_mapping_with_no_taskflow_operators.py
[2025-10-14T09:41:46.348+0000] {processor.py:830} INFO - Processing file /home/airflow/.local/lib/python3.8/site-packages/airflow/example_dags/example_dynamic_task_mapping_with_no_taskflow_operators.py for tasks to queue
[2025-10-14T09:41:46.350+0000] {logging_mixin.py:188} INFO - [2025-10-14T09:41:46.349+0000] {dagbag.py:538} INFO - Filling up the DagBag from /home/airflow/.local/lib/python3.8/site-packages/airflow/example_dags/example_dynamic_task_mapping_with_no_taskflow_operators.py
[2025-10-14T09:41:46.360+0000] {processor.py:840} INFO - DAG(s) 'example_dynamic_task_mapping_with_no_taskflow_operators' retrieved from /home/airflow/.local/lib/python3.8/site-packages/airflow/example_dags/example_dynamic_task_mapping_with_no_taskflow_operators.py
[2025-10-14T09:41:46.395+0000] {logging_mixin.py:188} INFO - [2025-10-14T09:41:46.395+0000] {dag.py:3036} INFO - Sync 1 DAGs
[2025-10-14T09:41:46.439+0000] {logging_mixin.py:188} INFO - [2025-10-14T09:41:46.439+0000] {dag.py:3823} INFO - Setting next_dagrun for example_dynamic_task_mapping_with_no_taskflow_operators to 2025-10-13 00:00:00+00:00, run_after=2025-10-14 00:00:00+00:00
[2025-10-14T09:41:46.477+0000] {processor.py:183} INFO - Processing /home/airflow/.local/lib/python3.8/site-packages/airflow/example_dags/example_dynamic_task_mapping_with_no_taskflow_operators.py took 0.135 seconds
[2025-10-14T09:42:17.627+0000] {processor.py:161} INFO - Started process (PID=74958) to work on /home/airflow/.local/lib/python3.8/site-packages/airflow/example_dags/example_dynamic_task_mapping_with_no_taskflow_operators.py
[2025-10-14T09:42:17.629+0000] {processor.py:830} INFO - Processing file /home/airflow/.local/lib/python3.8/site-packages/airflow/example_dags/example_dynamic_task_mapping_with_no_taskflow_operators.py for tasks to queue
[2025-10-14T09:42:17.630+0000] {logging_mixin.py:188} INFO - [2025-10-14T09:42:17.630+0000] {dagbag.py:538} INFO - Filling up the DagBag from /home/airflow/.local/lib/python3.8/site-packages/airflow/example_dags/example_dynamic_task_mapping_with_no_taskflow_operators.py
[2025-10-14T09:42:17.641+0000] {processor.py:840} INFO - DAG(s) 'example_dynamic_task_mapping_with_no_taskflow_operators' retrieved from /home/airflow/.local/lib/python3.8/site-packages/airflow/example_dags/example_dynamic_task_mapping_with_no_taskflow_operators.py
[2025-10-14T09:42:17.677+0000] {logging_mixin.py:188} INFO - [2025-10-14T09:42:17.676+0000] {dag.py:3036} INFO - Sync 1 DAGs
[2025-10-14T09:42:17.713+0000] {logging_mixin.py:188} INFO - [2025-10-14T09:42:17.713+0000] {dag.py:3823} INFO - Setting next_dagrun for example_dynamic_task_mapping_with_no_taskflow_operators to 2025-10-13 00:00:00+00:00, run_after=2025-10-14 00:00:00+00:00
[2025-10-14T09:42:17.740+0000] {processor.py:183} INFO - Processing /home/airflow/.local/lib/python3.8/site-packages/airflow/example_dags/example_dynamic_task_mapping_with_no_taskflow_operators.py took 0.117 seconds
[2025-10-14T09:42:48.590+0000] {processor.py:161} INFO - Started process (PID=75028) to work on /home/airflow/.local/lib/python3.8/site-packages/airflow/example_dags/example_dynamic_task_mapping_with_no_taskflow_operators.py
[2025-10-14T09:42:48.591+0000] {processor.py:830} INFO - Processing file /home/airflow/.local/lib/python3.8/site-packages/airflow/example_dags/example_dynamic_task_mapping_with_no_taskflow_operators.py for tasks to queue
[2025-10-14T09:42:48.593+0000] {logging_mixin.py:188} INFO - [2025-10-14T09:42:48.593+0000] {dagbag.py:538} INFO - Filling up the DagBag from /home/airflow/.local/lib/python3.8/site-packages/airflow/example_dags/example_dynamic_task_mapping_with_no_taskflow_operators.py
[2025-10-14T09:42:48.604+0000] {processor.py:840} INFO - DAG(s) 'example_dynamic_task_mapping_with_no_taskflow_operators' retrieved from /home/airflow/.local/lib/python3.8/site-packages/airflow/example_dags/example_dynamic_task_mapping_with_no_taskflow_operators.py
[2025-10-14T09:42:48.638+0000] {logging_mixin.py:188} INFO - [2025-10-14T09:42:48.638+0000] {dag.py:3036} INFO - Sync 1 DAGs
[2025-10-14T09:42:48.672+0000] {logging_mixin.py:188} INFO - [2025-10-14T09:42:48.672+0000] {dag.py:3823} INFO - Setting next_dagrun for example_dynamic_task_mapping_with_no_taskflow_operators to 2025-10-13 00:00:00+00:00, run_after=2025-10-14 00:00:00+00:00
[2025-10-14T09:42:48.699+0000] {processor.py:183} INFO - Processing /home/airflow/.local/lib/python3.8/site-packages/airflow/example_dags/example_dynamic_task_mapping_with_no_taskflow_operators.py took 0.114 seconds
[2025-10-14T09:43:20.701+0000] {processor.py:161} INFO - Started process (PID=75099) to work on /home/airflow/.local/lib/python3.8/site-packages/airflow/example_dags/example_dynamic_task_mapping_with_no_taskflow_operators.py
[2025-10-14T09:43:20.703+0000] {processor.py:830} INFO - Processing file /home/airflow/.local/lib/python3.8/site-packages/airflow/example_dags/example_dynamic_task_mapping_with_no_taskflow_operators.py for tasks to queue
[2025-10-14T09:43:20.705+0000] {logging_mixin.py:188} INFO - [2025-10-14T09:43:20.704+0000] {dagbag.py:538} INFO - Filling up the DagBag from /home/airflow/.local/lib/python3.8/site-packages/airflow/example_dags/example_dynamic_task_mapping_with_no_taskflow_operators.py
[2025-10-14T09:43:20.715+0000] {processor.py:840} INFO - DAG(s) 'example_dynamic_task_mapping_with_no_taskflow_operators' retrieved from /home/airflow/.local/lib/python3.8/site-packages/airflow/example_dags/example_dynamic_task_mapping_with_no_taskflow_operators.py
[2025-10-14T09:43:20.751+0000] {logging_mixin.py:188} INFO - [2025-10-14T09:43:20.751+0000] {dag.py:3036} INFO - Sync 1 DAGs
[2025-10-14T09:43:20.785+0000] {logging_mixin.py:188} INFO - [2025-10-14T09:43:20.785+0000] {dag.py:3823} INFO - Setting next_dagrun for example_dynamic_task_mapping_with_no_taskflow_operators to 2025-10-13 00:00:00+00:00, run_after=2025-10-14 00:00:00+00:00
[2025-10-14T09:43:20.810+0000] {processor.py:183} INFO - Processing /home/airflow/.local/lib/python3.8/site-packages/airflow/example_dags/example_dynamic_task_mapping_with_no_taskflow_operators.py took 0.114 seconds
[2025-10-14T09:43:51.220+0000] {processor.py:161} INFO - Started process (PID=75169) to work on /home/airflow/.local/lib/python3.8/site-packages/airflow/example_dags/example_dynamic_task_mapping_with_no_taskflow_operators.py
[2025-10-14T09:43:51.222+0000] {processor.py:830} INFO - Processing file /home/airflow/.local/lib/python3.8/site-packages/airflow/example_dags/example_dynamic_task_mapping_with_no_taskflow_operators.py for tasks to queue
[2025-10-14T09:43:51.224+0000] {logging_mixin.py:188} INFO - [2025-10-14T09:43:51.223+0000] {dagbag.py:538} INFO - Filling up the DagBag from /home/airflow/.local/lib/python3.8/site-packages/airflow/example_dags/example_dynamic_task_mapping_with_no_taskflow_operators.py
[2025-10-14T09:43:51.236+0000] {processor.py:840} INFO - DAG(s) 'example_dynamic_task_mapping_with_no_taskflow_operators' retrieved from /home/airflow/.local/lib/python3.8/site-packages/airflow/example_dags/example_dynamic_task_mapping_with_no_taskflow_operators.py
[2025-10-14T09:43:51.277+0000] {logging_mixin.py:188} INFO - [2025-10-14T09:43:51.276+0000] {dag.py:3036} INFO - Sync 1 DAGs
[2025-10-14T09:43:51.317+0000] {logging_mixin.py:188} INFO - [2025-10-14T09:43:51.317+0000] {dag.py:3823} INFO - Setting next_dagrun for example_dynamic_task_mapping_with_no_taskflow_operators to 2025-10-13 00:00:00+00:00, run_after=2025-10-14 00:00:00+00:00
[2025-10-14T09:43:51.372+0000] {processor.py:183} INFO - Processing /home/airflow/.local/lib/python3.8/site-packages/airflow/example_dags/example_dynamic_task_mapping_with_no_taskflow_operators.py took 0.159 seconds
[2025-10-14T09:44:22.396+0000] {processor.py:161} INFO - Started process (PID=75237) to work on /home/airflow/.local/lib/python3.8/site-packages/airflow/example_dags/example_dynamic_task_mapping_with_no_taskflow_operators.py
[2025-10-14T09:44:22.397+0000] {processor.py:830} INFO - Processing file /home/airflow/.local/lib/python3.8/site-packages/airflow/example_dags/example_dynamic_task_mapping_with_no_taskflow_operators.py for tasks to queue
[2025-10-14T09:44:22.399+0000] {logging_mixin.py:188} INFO - [2025-10-14T09:44:22.398+0000] {dagbag.py:538} INFO - Filling up the DagBag from /home/airflow/.local/lib/python3.8/site-packages/airflow/example_dags/example_dynamic_task_mapping_with_no_taskflow_operators.py
[2025-10-14T09:44:22.409+0000] {processor.py:840} INFO - DAG(s) 'example_dynamic_task_mapping_with_no_taskflow_operators' retrieved from /home/airflow/.local/lib/python3.8/site-packages/airflow/example_dags/example_dynamic_task_mapping_with_no_taskflow_operators.py
[2025-10-14T09:44:22.443+0000] {logging_mixin.py:188} INFO - [2025-10-14T09:44:22.443+0000] {dag.py:3036} INFO - Sync 1 DAGs
[2025-10-14T09:44:22.476+0000] {logging_mixin.py:188} INFO - [2025-10-14T09:44:22.475+0000] {dag.py:3823} INFO - Setting next_dagrun for example_dynamic_task_mapping_with_no_taskflow_operators to 2025-10-13 00:00:00+00:00, run_after=2025-10-14 00:00:00+00:00
[2025-10-14T09:44:22.523+0000] {processor.py:183} INFO - Processing /home/airflow/.local/lib/python3.8/site-packages/airflow/example_dags/example_dynamic_task_mapping_with_no_taskflow_operators.py took 0.131 seconds
[2025-10-14T09:44:54.360+0000] {processor.py:161} INFO - Started process (PID=75308) to work on /home/airflow/.local/lib/python3.8/site-packages/airflow/example_dags/example_dynamic_task_mapping_with_no_taskflow_operators.py
[2025-10-14T09:44:54.362+0000] {processor.py:830} INFO - Processing file /home/airflow/.local/lib/python3.8/site-packages/airflow/example_dags/example_dynamic_task_mapping_with_no_taskflow_operators.py for tasks to queue
[2025-10-14T09:44:54.363+0000] {logging_mixin.py:188} INFO - [2025-10-14T09:44:54.363+0000] {dagbag.py:538} INFO - Filling up the DagBag from /home/airflow/.local/lib/python3.8/site-packages/airflow/example_dags/example_dynamic_task_mapping_with_no_taskflow_operators.py
[2025-10-14T09:44:54.374+0000] {processor.py:840} INFO - DAG(s) 'example_dynamic_task_mapping_with_no_taskflow_operators' retrieved from /home/airflow/.local/lib/python3.8/site-packages/airflow/example_dags/example_dynamic_task_mapping_with_no_taskflow_operators.py
[2025-10-14T09:44:54.407+0000] {logging_mixin.py:188} INFO - [2025-10-14T09:44:54.407+0000] {dag.py:3036} INFO - Sync 1 DAGs
[2025-10-14T09:44:54.438+0000] {logging_mixin.py:188} INFO - [2025-10-14T09:44:54.438+0000] {dag.py:3823} INFO - Setting next_dagrun for example_dynamic_task_mapping_with_no_taskflow_operators to 2025-10-13 00:00:00+00:00, run_after=2025-10-14 00:00:00+00:00
[2025-10-14T09:44:54.479+0000] {processor.py:183} INFO - Processing /home/airflow/.local/lib/python3.8/site-packages/airflow/example_dags/example_dynamic_task_mapping_with_no_taskflow_operators.py took 0.123 seconds
[2025-10-14T09:45:24.841+0000] {processor.py:161} INFO - Started process (PID=75377) to work on /home/airflow/.local/lib/python3.8/site-packages/airflow/example_dags/example_dynamic_task_mapping_with_no_taskflow_operators.py
[2025-10-14T09:45:24.842+0000] {processor.py:830} INFO - Processing file /home/airflow/.local/lib/python3.8/site-packages/airflow/example_dags/example_dynamic_task_mapping_with_no_taskflow_operators.py for tasks to queue
[2025-10-14T09:45:24.844+0000] {logging_mixin.py:188} INFO - [2025-10-14T09:45:24.843+0000] {dagbag.py:538} INFO - Filling up the DagBag from /home/airflow/.local/lib/python3.8/site-packages/airflow/example_dags/example_dynamic_task_mapping_with_no_taskflow_operators.py
[2025-10-14T09:45:24.854+0000] {processor.py:840} INFO - DAG(s) 'example_dynamic_task_mapping_with_no_taskflow_operators' retrieved from /home/airflow/.local/lib/python3.8/site-packages/airflow/example_dags/example_dynamic_task_mapping_with_no_taskflow_operators.py
[2025-10-14T09:45:24.890+0000] {logging_mixin.py:188} INFO - [2025-10-14T09:45:24.889+0000] {dag.py:3036} INFO - Sync 1 DAGs
[2025-10-14T09:45:24.920+0000] {logging_mixin.py:188} INFO - [2025-10-14T09:45:24.920+0000] {dag.py:3823} INFO - Setting next_dagrun for example_dynamic_task_mapping_with_no_taskflow_operators to 2025-10-13 00:00:00+00:00, run_after=2025-10-14 00:00:00+00:00
[2025-10-14T09:45:24.967+0000] {processor.py:183} INFO - Processing /home/airflow/.local/lib/python3.8/site-packages/airflow/example_dags/example_dynamic_task_mapping_with_no_taskflow_operators.py took 0.132 seconds
[2025-10-14T09:45:55.504+0000] {processor.py:161} INFO - Started process (PID=75446) to work on /home/airflow/.local/lib/python3.8/site-packages/airflow/example_dags/example_dynamic_task_mapping_with_no_taskflow_operators.py
[2025-10-14T09:45:55.505+0000] {processor.py:830} INFO - Processing file /home/airflow/.local/lib/python3.8/site-packages/airflow/example_dags/example_dynamic_task_mapping_with_no_taskflow_operators.py for tasks to queue
[2025-10-14T09:45:55.507+0000] {logging_mixin.py:188} INFO - [2025-10-14T09:45:55.506+0000] {dagbag.py:538} INFO - Filling up the DagBag from /home/airflow/.local/lib/python3.8/site-packages/airflow/example_dags/example_dynamic_task_mapping_with_no_taskflow_operators.py
[2025-10-14T09:45:55.519+0000] {processor.py:840} INFO - DAG(s) 'example_dynamic_task_mapping_with_no_taskflow_operators' retrieved from /home/airflow/.local/lib/python3.8/site-packages/airflow/example_dags/example_dynamic_task_mapping_with_no_taskflow_operators.py
[2025-10-14T09:45:55.550+0000] {logging_mixin.py:188} INFO - [2025-10-14T09:45:55.550+0000] {dag.py:3036} INFO - Sync 1 DAGs
[2025-10-14T09:45:55.582+0000] {logging_mixin.py:188} INFO - [2025-10-14T09:45:55.582+0000] {dag.py:3823} INFO - Setting next_dagrun for example_dynamic_task_mapping_with_no_taskflow_operators to 2025-10-13 00:00:00+00:00, run_after=2025-10-14 00:00:00+00:00
[2025-10-14T09:45:55.627+0000] {processor.py:183} INFO - Processing /home/airflow/.local/lib/python3.8/site-packages/airflow/example_dags/example_dynamic_task_mapping_with_no_taskflow_operators.py took 0.128 seconds
[2025-10-14T09:46:26.801+0000] {processor.py:161} INFO - Started process (PID=75516) to work on /home/airflow/.local/lib/python3.8/site-packages/airflow/example_dags/example_dynamic_task_mapping_with_no_taskflow_operators.py
[2025-10-14T09:46:26.803+0000] {processor.py:830} INFO - Processing file /home/airflow/.local/lib/python3.8/site-packages/airflow/example_dags/example_dynamic_task_mapping_with_no_taskflow_operators.py for tasks to queue
[2025-10-14T09:46:26.805+0000] {logging_mixin.py:188} INFO - [2025-10-14T09:46:26.805+0000] {dagbag.py:538} INFO - Filling up the DagBag from /home/airflow/.local/lib/python3.8/site-packages/airflow/example_dags/example_dynamic_task_mapping_with_no_taskflow_operators.py
[2025-10-14T09:46:26.816+0000] {processor.py:840} INFO - DAG(s) 'example_dynamic_task_mapping_with_no_taskflow_operators' retrieved from /home/airflow/.local/lib/python3.8/site-packages/airflow/example_dags/example_dynamic_task_mapping_with_no_taskflow_operators.py
[2025-10-14T09:46:26.851+0000] {logging_mixin.py:188} INFO - [2025-10-14T09:46:26.851+0000] {dag.py:3036} INFO - Sync 1 DAGs
[2025-10-14T09:46:26.884+0000] {logging_mixin.py:188} INFO - [2025-10-14T09:46:26.884+0000] {dag.py:3823} INFO - Setting next_dagrun for example_dynamic_task_mapping_with_no_taskflow_operators to 2025-10-13 00:00:00+00:00, run_after=2025-10-14 00:00:00+00:00
[2025-10-14T09:46:26.934+0000] {processor.py:183} INFO - Processing /home/airflow/.local/lib/python3.8/site-packages/airflow/example_dags/example_dynamic_task_mapping_with_no_taskflow_operators.py took 0.137 seconds
[2025-10-14T09:46:57.928+0000] {processor.py:161} INFO - Started process (PID=75586) to work on /home/airflow/.local/lib/python3.8/site-packages/airflow/example_dags/example_dynamic_task_mapping_with_no_taskflow_operators.py
[2025-10-14T09:46:57.930+0000] {processor.py:830} INFO - Processing file /home/airflow/.local/lib/python3.8/site-packages/airflow/example_dags/example_dynamic_task_mapping_with_no_taskflow_operators.py for tasks to queue
[2025-10-14T09:46:57.933+0000] {logging_mixin.py:188} INFO - [2025-10-14T09:46:57.932+0000] {dagbag.py:538} INFO - Filling up the DagBag from /home/airflow/.local/lib/python3.8/site-packages/airflow/example_dags/example_dynamic_task_mapping_with_no_taskflow_operators.py
[2025-10-14T09:46:57.948+0000] {processor.py:840} INFO - DAG(s) 'example_dynamic_task_mapping_with_no_taskflow_operators' retrieved from /home/airflow/.local/lib/python3.8/site-packages/airflow/example_dags/example_dynamic_task_mapping_with_no_taskflow_operators.py
[2025-10-14T09:46:57.993+0000] {logging_mixin.py:188} INFO - [2025-10-14T09:46:57.992+0000] {dag.py:3036} INFO - Sync 1 DAGs
[2025-10-14T09:46:58.034+0000] {logging_mixin.py:188} INFO - [2025-10-14T09:46:58.033+0000] {dag.py:3823} INFO - Setting next_dagrun for example_dynamic_task_mapping_with_no_taskflow_operators to 2025-10-13 00:00:00+00:00, run_after=2025-10-14 00:00:00+00:00
[2025-10-14T09:46:58.100+0000] {processor.py:183} INFO - Processing /home/airflow/.local/lib/python3.8/site-packages/airflow/example_dags/example_dynamic_task_mapping_with_no_taskflow_operators.py took 0.178 seconds
[2025-10-14T10:01:37.698+0000] {processor.py:161} INFO - Started process (PID=75663) to work on /home/airflow/.local/lib/python3.8/site-packages/airflow/example_dags/example_dynamic_task_mapping_with_no_taskflow_operators.py
[2025-10-14T10:01:37.700+0000] {processor.py:830} INFO - Processing file /home/airflow/.local/lib/python3.8/site-packages/airflow/example_dags/example_dynamic_task_mapping_with_no_taskflow_operators.py for tasks to queue
[2025-10-14T10:01:37.701+0000] {logging_mixin.py:188} INFO - [2025-10-14T10:01:37.701+0000] {dagbag.py:538} INFO - Filling up the DagBag from /home/airflow/.local/lib/python3.8/site-packages/airflow/example_dags/example_dynamic_task_mapping_with_no_taskflow_operators.py
[2025-10-14T10:01:37.714+0000] {processor.py:840} INFO - DAG(s) 'example_dynamic_task_mapping_with_no_taskflow_operators' retrieved from /home/airflow/.local/lib/python3.8/site-packages/airflow/example_dags/example_dynamic_task_mapping_with_no_taskflow_operators.py
[2025-10-14T10:01:37.761+0000] {logging_mixin.py:188} INFO - [2025-10-14T10:01:37.760+0000] {dag.py:3036} INFO - Sync 1 DAGs
[2025-10-14T10:01:37.806+0000] {logging_mixin.py:188} INFO - [2025-10-14T10:01:37.805+0000] {dag.py:3823} INFO - Setting next_dagrun for example_dynamic_task_mapping_with_no_taskflow_operators to 2025-10-13 00:00:00+00:00, run_after=2025-10-14 00:00:00+00:00
[2025-10-14T10:01:37.864+0000] {processor.py:183} INFO - Processing /home/airflow/.local/lib/python3.8/site-packages/airflow/example_dags/example_dynamic_task_mapping_with_no_taskflow_operators.py took 0.172 seconds
[2025-10-14T10:02:08.075+0000] {processor.py:161} INFO - Started process (PID=75734) to work on /home/airflow/.local/lib/python3.8/site-packages/airflow/example_dags/example_dynamic_task_mapping_with_no_taskflow_operators.py
[2025-10-14T10:02:08.076+0000] {processor.py:830} INFO - Processing file /home/airflow/.local/lib/python3.8/site-packages/airflow/example_dags/example_dynamic_task_mapping_with_no_taskflow_operators.py for tasks to queue
[2025-10-14T10:02:08.077+0000] {logging_mixin.py:188} INFO - [2025-10-14T10:02:08.077+0000] {dagbag.py:538} INFO - Filling up the DagBag from /home/airflow/.local/lib/python3.8/site-packages/airflow/example_dags/example_dynamic_task_mapping_with_no_taskflow_operators.py
[2025-10-14T10:02:08.086+0000] {processor.py:840} INFO - DAG(s) 'example_dynamic_task_mapping_with_no_taskflow_operators' retrieved from /home/airflow/.local/lib/python3.8/site-packages/airflow/example_dags/example_dynamic_task_mapping_with_no_taskflow_operators.py
[2025-10-14T10:02:08.119+0000] {logging_mixin.py:188} INFO - [2025-10-14T10:02:08.118+0000] {dag.py:3036} INFO - Sync 1 DAGs
[2025-10-14T10:02:08.150+0000] {logging_mixin.py:188} INFO - [2025-10-14T10:02:08.150+0000] {dag.py:3823} INFO - Setting next_dagrun for example_dynamic_task_mapping_with_no_taskflow_operators to 2025-10-13 00:00:00+00:00, run_after=2025-10-14 00:00:00+00:00
[2025-10-14T10:02:08.182+0000] {processor.py:183} INFO - Processing /home/airflow/.local/lib/python3.8/site-packages/airflow/example_dags/example_dynamic_task_mapping_with_no_taskflow_operators.py took 0.111 seconds
[2025-10-14T10:02:39.024+0000] {processor.py:161} INFO - Started process (PID=75804) to work on /home/airflow/.local/lib/python3.8/site-packages/airflow/example_dags/example_dynamic_task_mapping_with_no_taskflow_operators.py
[2025-10-14T10:02:39.026+0000] {processor.py:830} INFO - Processing file /home/airflow/.local/lib/python3.8/site-packages/airflow/example_dags/example_dynamic_task_mapping_with_no_taskflow_operators.py for tasks to queue
[2025-10-14T10:02:39.027+0000] {logging_mixin.py:188} INFO - [2025-10-14T10:02:39.027+0000] {dagbag.py:538} INFO - Filling up the DagBag from /home/airflow/.local/lib/python3.8/site-packages/airflow/example_dags/example_dynamic_task_mapping_with_no_taskflow_operators.py
[2025-10-14T10:02:39.036+0000] {processor.py:840} INFO - DAG(s) 'example_dynamic_task_mapping_with_no_taskflow_operators' retrieved from /home/airflow/.local/lib/python3.8/site-packages/airflow/example_dags/example_dynamic_task_mapping_with_no_taskflow_operators.py
[2025-10-14T10:02:39.064+0000] {logging_mixin.py:188} INFO - [2025-10-14T10:02:39.063+0000] {dag.py:3036} INFO - Sync 1 DAGs
[2025-10-14T10:02:39.093+0000] {logging_mixin.py:188} INFO - [2025-10-14T10:02:39.093+0000] {dag.py:3823} INFO - Setting next_dagrun for example_dynamic_task_mapping_with_no_taskflow_operators to 2025-10-13 00:00:00+00:00, run_after=2025-10-14 00:00:00+00:00
[2025-10-14T10:02:39.118+0000] {processor.py:183} INFO - Processing /home/airflow/.local/lib/python3.8/site-packages/airflow/example_dags/example_dynamic_task_mapping_with_no_taskflow_operators.py took 0.098 seconds
[2025-10-14T10:03:10.930+0000] {processor.py:161} INFO - Started process (PID=75874) to work on /home/airflow/.local/lib/python3.8/site-packages/airflow/example_dags/example_dynamic_task_mapping_with_no_taskflow_operators.py
[2025-10-14T10:03:10.931+0000] {processor.py:830} INFO - Processing file /home/airflow/.local/lib/python3.8/site-packages/airflow/example_dags/example_dynamic_task_mapping_with_no_taskflow_operators.py for tasks to queue
[2025-10-14T10:03:10.933+0000] {logging_mixin.py:188} INFO - [2025-10-14T10:03:10.932+0000] {dagbag.py:538} INFO - Filling up the DagBag from /home/airflow/.local/lib/python3.8/site-packages/airflow/example_dags/example_dynamic_task_mapping_with_no_taskflow_operators.py
[2025-10-14T10:03:10.944+0000] {processor.py:840} INFO - DAG(s) 'example_dynamic_task_mapping_with_no_taskflow_operators' retrieved from /home/airflow/.local/lib/python3.8/site-packages/airflow/example_dags/example_dynamic_task_mapping_with_no_taskflow_operators.py
[2025-10-14T10:03:10.984+0000] {logging_mixin.py:188} INFO - [2025-10-14T10:03:10.983+0000] {dag.py:3036} INFO - Sync 1 DAGs
[2025-10-14T10:03:11.020+0000] {logging_mixin.py:188} INFO - [2025-10-14T10:03:11.019+0000] {dag.py:3823} INFO - Setting next_dagrun for example_dynamic_task_mapping_with_no_taskflow_operators to 2025-10-13 00:00:00+00:00, run_after=2025-10-14 00:00:00+00:00
[2025-10-14T10:03:11.051+0000] {processor.py:183} INFO - Processing /home/airflow/.local/lib/python3.8/site-packages/airflow/example_dags/example_dynamic_task_mapping_with_no_taskflow_operators.py took 0.127 seconds
[2025-10-14T10:03:41.816+0000] {processor.py:161} INFO - Started process (PID=75951) to work on /home/airflow/.local/lib/python3.8/site-packages/airflow/example_dags/example_dynamic_task_mapping_with_no_taskflow_operators.py
[2025-10-14T10:03:41.818+0000] {processor.py:830} INFO - Processing file /home/airflow/.local/lib/python3.8/site-packages/airflow/example_dags/example_dynamic_task_mapping_with_no_taskflow_operators.py for tasks to queue
[2025-10-14T10:03:41.820+0000] {logging_mixin.py:188} INFO - [2025-10-14T10:03:41.819+0000] {dagbag.py:538} INFO - Filling up the DagBag from /home/airflow/.local/lib/python3.8/site-packages/airflow/example_dags/example_dynamic_task_mapping_with_no_taskflow_operators.py
[2025-10-14T10:03:41.830+0000] {processor.py:840} INFO - DAG(s) 'example_dynamic_task_mapping_with_no_taskflow_operators' retrieved from /home/airflow/.local/lib/python3.8/site-packages/airflow/example_dags/example_dynamic_task_mapping_with_no_taskflow_operators.py
[2025-10-14T10:03:41.872+0000] {logging_mixin.py:188} INFO - [2025-10-14T10:03:41.872+0000] {dag.py:3036} INFO - Sync 1 DAGs
[2025-10-14T10:03:41.918+0000] {logging_mixin.py:188} INFO - [2025-10-14T10:03:41.917+0000] {dag.py:3823} INFO - Setting next_dagrun for example_dynamic_task_mapping_with_no_taskflow_operators to 2025-10-13 00:00:00+00:00, run_after=2025-10-14 00:00:00+00:00
[2025-10-14T10:03:41.996+0000] {processor.py:183} INFO - Processing /home/airflow/.local/lib/python3.8/site-packages/airflow/example_dags/example_dynamic_task_mapping_with_no_taskflow_operators.py took 0.185 seconds
[2025-10-14T10:04:14.748+0000] {processor.py:161} INFO - Started process (PID=76021) to work on /home/airflow/.local/lib/python3.8/site-packages/airflow/example_dags/example_dynamic_task_mapping_with_no_taskflow_operators.py
[2025-10-14T10:04:14.750+0000] {processor.py:830} INFO - Processing file /home/airflow/.local/lib/python3.8/site-packages/airflow/example_dags/example_dynamic_task_mapping_with_no_taskflow_operators.py for tasks to queue
[2025-10-14T10:04:14.753+0000] {logging_mixin.py:188} INFO - [2025-10-14T10:04:14.752+0000] {dagbag.py:538} INFO - Filling up the DagBag from /home/airflow/.local/lib/python3.8/site-packages/airflow/example_dags/example_dynamic_task_mapping_with_no_taskflow_operators.py
[2025-10-14T10:04:14.769+0000] {processor.py:840} INFO - DAG(s) 'example_dynamic_task_mapping_with_no_taskflow_operators' retrieved from /home/airflow/.local/lib/python3.8/site-packages/airflow/example_dags/example_dynamic_task_mapping_with_no_taskflow_operators.py
[2025-10-14T10:04:14.843+0000] {logging_mixin.py:188} INFO - [2025-10-14T10:04:14.842+0000] {dag.py:3036} INFO - Sync 1 DAGs
[2025-10-14T10:04:14.907+0000] {logging_mixin.py:188} INFO - [2025-10-14T10:04:14.906+0000] {dag.py:3823} INFO - Setting next_dagrun for example_dynamic_task_mapping_with_no_taskflow_operators to 2025-10-13 00:00:00+00:00, run_after=2025-10-14 00:00:00+00:00
[2025-10-14T10:04:14.969+0000] {processor.py:183} INFO - Processing /home/airflow/.local/lib/python3.8/site-packages/airflow/example_dags/example_dynamic_task_mapping_with_no_taskflow_operators.py took 0.229 seconds
[2025-10-14T10:04:46.839+0000] {processor.py:161} INFO - Started process (PID=76092) to work on /home/airflow/.local/lib/python3.8/site-packages/airflow/example_dags/example_dynamic_task_mapping_with_no_taskflow_operators.py
[2025-10-14T10:04:46.841+0000] {processor.py:830} INFO - Processing file /home/airflow/.local/lib/python3.8/site-packages/airflow/example_dags/example_dynamic_task_mapping_with_no_taskflow_operators.py for tasks to queue
[2025-10-14T10:04:46.843+0000] {logging_mixin.py:188} INFO - [2025-10-14T10:04:46.843+0000] {dagbag.py:538} INFO - Filling up the DagBag from /home/airflow/.local/lib/python3.8/site-packages/airflow/example_dags/example_dynamic_task_mapping_with_no_taskflow_operators.py
[2025-10-14T10:04:46.857+0000] {processor.py:840} INFO - DAG(s) 'example_dynamic_task_mapping_with_no_taskflow_operators' retrieved from /home/airflow/.local/lib/python3.8/site-packages/airflow/example_dags/example_dynamic_task_mapping_with_no_taskflow_operators.py
[2025-10-14T10:04:46.905+0000] {logging_mixin.py:188} INFO - [2025-10-14T10:04:46.905+0000] {dag.py:3036} INFO - Sync 1 DAGs
[2025-10-14T10:04:46.945+0000] {logging_mixin.py:188} INFO - [2025-10-14T10:04:46.944+0000] {dag.py:3823} INFO - Setting next_dagrun for example_dynamic_task_mapping_with_no_taskflow_operators to 2025-10-13 00:00:00+00:00, run_after=2025-10-14 00:00:00+00:00
[2025-10-14T10:04:46.976+0000] {processor.py:183} INFO - Processing /home/airflow/.local/lib/python3.8/site-packages/airflow/example_dags/example_dynamic_task_mapping_with_no_taskflow_operators.py took 0.144 seconds
[2025-10-14T10:05:18.136+0000] {processor.py:161} INFO - Started process (PID=76162) to work on /home/airflow/.local/lib/python3.8/site-packages/airflow/example_dags/example_dynamic_task_mapping_with_no_taskflow_operators.py
[2025-10-14T10:05:18.138+0000] {processor.py:830} INFO - Processing file /home/airflow/.local/lib/python3.8/site-packages/airflow/example_dags/example_dynamic_task_mapping_with_no_taskflow_operators.py for tasks to queue
[2025-10-14T10:05:18.139+0000] {logging_mixin.py:188} INFO - [2025-10-14T10:05:18.139+0000] {dagbag.py:538} INFO - Filling up the DagBag from /home/airflow/.local/lib/python3.8/site-packages/airflow/example_dags/example_dynamic_task_mapping_with_no_taskflow_operators.py
[2025-10-14T10:05:18.150+0000] {processor.py:840} INFO - DAG(s) 'example_dynamic_task_mapping_with_no_taskflow_operators' retrieved from /home/airflow/.local/lib/python3.8/site-packages/airflow/example_dags/example_dynamic_task_mapping_with_no_taskflow_operators.py
[2025-10-14T10:05:18.189+0000] {logging_mixin.py:188} INFO - [2025-10-14T10:05:18.188+0000] {dag.py:3036} INFO - Sync 1 DAGs
[2025-10-14T10:05:18.228+0000] {logging_mixin.py:188} INFO - [2025-10-14T10:05:18.228+0000] {dag.py:3823} INFO - Setting next_dagrun for example_dynamic_task_mapping_with_no_taskflow_operators to 2025-10-13 00:00:00+00:00, run_after=2025-10-14 00:00:00+00:00
[2025-10-14T10:05:18.283+0000] {processor.py:183} INFO - Processing /home/airflow/.local/lib/python3.8/site-packages/airflow/example_dags/example_dynamic_task_mapping_with_no_taskflow_operators.py took 0.154 seconds
[2025-10-14T10:05:48.908+0000] {processor.py:161} INFO - Started process (PID=76231) to work on /home/airflow/.local/lib/python3.8/site-packages/airflow/example_dags/example_dynamic_task_mapping_with_no_taskflow_operators.py
[2025-10-14T10:05:48.909+0000] {processor.py:830} INFO - Processing file /home/airflow/.local/lib/python3.8/site-packages/airflow/example_dags/example_dynamic_task_mapping_with_no_taskflow_operators.py for tasks to queue
[2025-10-14T10:05:48.911+0000] {logging_mixin.py:188} INFO - [2025-10-14T10:05:48.911+0000] {dagbag.py:538} INFO - Filling up the DagBag from /home/airflow/.local/lib/python3.8/site-packages/airflow/example_dags/example_dynamic_task_mapping_with_no_taskflow_operators.py
[2025-10-14T10:05:48.929+0000] {processor.py:840} INFO - DAG(s) 'example_dynamic_task_mapping_with_no_taskflow_operators' retrieved from /home/airflow/.local/lib/python3.8/site-packages/airflow/example_dags/example_dynamic_task_mapping_with_no_taskflow_operators.py
[2025-10-14T10:05:48.980+0000] {logging_mixin.py:188} INFO - [2025-10-14T10:05:48.979+0000] {dag.py:3036} INFO - Sync 1 DAGs
[2025-10-14T10:05:49.024+0000] {logging_mixin.py:188} INFO - [2025-10-14T10:05:49.023+0000] {dag.py:3823} INFO - Setting next_dagrun for example_dynamic_task_mapping_with_no_taskflow_operators to 2025-10-13 00:00:00+00:00, run_after=2025-10-14 00:00:00+00:00
[2025-10-14T10:05:49.093+0000] {processor.py:183} INFO - Processing /home/airflow/.local/lib/python3.8/site-packages/airflow/example_dags/example_dynamic_task_mapping_with_no_taskflow_operators.py took 0.192 seconds
[2025-10-14T10:06:19.960+0000] {processor.py:161} INFO - Started process (PID=76301) to work on /home/airflow/.local/lib/python3.8/site-packages/airflow/example_dags/example_dynamic_task_mapping_with_no_taskflow_operators.py
[2025-10-14T10:06:19.963+0000] {processor.py:830} INFO - Processing file /home/airflow/.local/lib/python3.8/site-packages/airflow/example_dags/example_dynamic_task_mapping_with_no_taskflow_operators.py for tasks to queue
[2025-10-14T10:06:19.965+0000] {logging_mixin.py:188} INFO - [2025-10-14T10:06:19.965+0000] {dagbag.py:538} INFO - Filling up the DagBag from /home/airflow/.local/lib/python3.8/site-packages/airflow/example_dags/example_dynamic_task_mapping_with_no_taskflow_operators.py
[2025-10-14T10:06:19.984+0000] {processor.py:840} INFO - DAG(s) 'example_dynamic_task_mapping_with_no_taskflow_operators' retrieved from /home/airflow/.local/lib/python3.8/site-packages/airflow/example_dags/example_dynamic_task_mapping_with_no_taskflow_operators.py
[2025-10-14T10:06:20.038+0000] {logging_mixin.py:188} INFO - [2025-10-14T10:06:20.037+0000] {dag.py:3036} INFO - Sync 1 DAGs
[2025-10-14T10:06:20.077+0000] {logging_mixin.py:188} INFO - [2025-10-14T10:06:20.076+0000] {dag.py:3823} INFO - Setting next_dagrun for example_dynamic_task_mapping_with_no_taskflow_operators to 2025-10-13 00:00:00+00:00, run_after=2025-10-14 00:00:00+00:00
[2025-10-14T10:06:20.157+0000] {processor.py:183} INFO - Processing /home/airflow/.local/lib/python3.8/site-packages/airflow/example_dags/example_dynamic_task_mapping_with_no_taskflow_operators.py took 0.204 seconds
[2025-10-14T10:06:51.903+0000] {processor.py:161} INFO - Started process (PID=76372) to work on /home/airflow/.local/lib/python3.8/site-packages/airflow/example_dags/example_dynamic_task_mapping_with_no_taskflow_operators.py
[2025-10-14T10:06:51.906+0000] {processor.py:830} INFO - Processing file /home/airflow/.local/lib/python3.8/site-packages/airflow/example_dags/example_dynamic_task_mapping_with_no_taskflow_operators.py for tasks to queue
[2025-10-14T10:06:51.909+0000] {logging_mixin.py:188} INFO - [2025-10-14T10:06:51.908+0000] {dagbag.py:538} INFO - Filling up the DagBag from /home/airflow/.local/lib/python3.8/site-packages/airflow/example_dags/example_dynamic_task_mapping_with_no_taskflow_operators.py
[2025-10-14T10:06:51.925+0000] {processor.py:840} INFO - DAG(s) 'example_dynamic_task_mapping_with_no_taskflow_operators' retrieved from /home/airflow/.local/lib/python3.8/site-packages/airflow/example_dags/example_dynamic_task_mapping_with_no_taskflow_operators.py
[2025-10-14T10:06:51.962+0000] {logging_mixin.py:188} INFO - [2025-10-14T10:06:51.962+0000] {dag.py:3036} INFO - Sync 1 DAGs
[2025-10-14T10:06:52.003+0000] {logging_mixin.py:188} INFO - [2025-10-14T10:06:52.002+0000] {dag.py:3823} INFO - Setting next_dagrun for example_dynamic_task_mapping_with_no_taskflow_operators to 2025-10-13 00:00:00+00:00, run_after=2025-10-14 00:00:00+00:00
[2025-10-14T10:06:52.048+0000] {processor.py:183} INFO - Processing /home/airflow/.local/lib/python3.8/site-packages/airflow/example_dags/example_dynamic_task_mapping_with_no_taskflow_operators.py took 0.154 seconds
[2025-10-14T10:07:23.980+0000] {processor.py:161} INFO - Started process (PID=76442) to work on /home/airflow/.local/lib/python3.8/site-packages/airflow/example_dags/example_dynamic_task_mapping_with_no_taskflow_operators.py
[2025-10-14T10:07:23.983+0000] {processor.py:830} INFO - Processing file /home/airflow/.local/lib/python3.8/site-packages/airflow/example_dags/example_dynamic_task_mapping_with_no_taskflow_operators.py for tasks to queue
[2025-10-14T10:07:23.985+0000] {logging_mixin.py:188} INFO - [2025-10-14T10:07:23.984+0000] {dagbag.py:538} INFO - Filling up the DagBag from /home/airflow/.local/lib/python3.8/site-packages/airflow/example_dags/example_dynamic_task_mapping_with_no_taskflow_operators.py
[2025-10-14T10:07:24.003+0000] {processor.py:840} INFO - DAG(s) 'example_dynamic_task_mapping_with_no_taskflow_operators' retrieved from /home/airflow/.local/lib/python3.8/site-packages/airflow/example_dags/example_dynamic_task_mapping_with_no_taskflow_operators.py
[2025-10-14T10:07:24.086+0000] {logging_mixin.py:188} INFO - [2025-10-14T10:07:24.085+0000] {dag.py:3036} INFO - Sync 1 DAGs
[2025-10-14T10:07:24.162+0000] {logging_mixin.py:188} INFO - [2025-10-14T10:07:24.162+0000] {dag.py:3823} INFO - Setting next_dagrun for example_dynamic_task_mapping_with_no_taskflow_operators to 2025-10-13 00:00:00+00:00, run_after=2025-10-14 00:00:00+00:00
[2025-10-14T10:07:24.203+0000] {processor.py:183} INFO - Processing /home/airflow/.local/lib/python3.8/site-packages/airflow/example_dags/example_dynamic_task_mapping_with_no_taskflow_operators.py took 0.232 seconds
[2025-10-14T10:07:54.533+0000] {processor.py:161} INFO - Started process (PID=76512) to work on /home/airflow/.local/lib/python3.8/site-packages/airflow/example_dags/example_dynamic_task_mapping_with_no_taskflow_operators.py
[2025-10-14T10:07:54.536+0000] {processor.py:830} INFO - Processing file /home/airflow/.local/lib/python3.8/site-packages/airflow/example_dags/example_dynamic_task_mapping_with_no_taskflow_operators.py for tasks to queue
[2025-10-14T10:07:54.538+0000] {logging_mixin.py:188} INFO - [2025-10-14T10:07:54.537+0000] {dagbag.py:538} INFO - Filling up the DagBag from /home/airflow/.local/lib/python3.8/site-packages/airflow/example_dags/example_dynamic_task_mapping_with_no_taskflow_operators.py
[2025-10-14T10:07:54.549+0000] {processor.py:840} INFO - DAG(s) 'example_dynamic_task_mapping_with_no_taskflow_operators' retrieved from /home/airflow/.local/lib/python3.8/site-packages/airflow/example_dags/example_dynamic_task_mapping_with_no_taskflow_operators.py
[2025-10-14T10:07:54.591+0000] {logging_mixin.py:188} INFO - [2025-10-14T10:07:54.591+0000] {dag.py:3036} INFO - Sync 1 DAGs
[2025-10-14T10:07:54.625+0000] {logging_mixin.py:188} INFO - [2025-10-14T10:07:54.624+0000] {dag.py:3823} INFO - Setting next_dagrun for example_dynamic_task_mapping_with_no_taskflow_operators to 2025-10-13 00:00:00+00:00, run_after=2025-10-14 00:00:00+00:00
[2025-10-14T10:07:54.661+0000] {processor.py:183} INFO - Processing /home/airflow/.local/lib/python3.8/site-packages/airflow/example_dags/example_dynamic_task_mapping_with_no_taskflow_operators.py took 0.135 seconds
[2025-10-14T10:08:25.754+0000] {processor.py:161} INFO - Started process (PID=76582) to work on /home/airflow/.local/lib/python3.8/site-packages/airflow/example_dags/example_dynamic_task_mapping_with_no_taskflow_operators.py
[2025-10-14T10:08:25.755+0000] {processor.py:830} INFO - Processing file /home/airflow/.local/lib/python3.8/site-packages/airflow/example_dags/example_dynamic_task_mapping_with_no_taskflow_operators.py for tasks to queue
[2025-10-14T10:08:25.757+0000] {logging_mixin.py:188} INFO - [2025-10-14T10:08:25.757+0000] {dagbag.py:538} INFO - Filling up the DagBag from /home/airflow/.local/lib/python3.8/site-packages/airflow/example_dags/example_dynamic_task_mapping_with_no_taskflow_operators.py
[2025-10-14T10:08:25.767+0000] {processor.py:840} INFO - DAG(s) 'example_dynamic_task_mapping_with_no_taskflow_operators' retrieved from /home/airflow/.local/lib/python3.8/site-packages/airflow/example_dags/example_dynamic_task_mapping_with_no_taskflow_operators.py
[2025-10-14T10:08:25.834+0000] {logging_mixin.py:188} INFO - [2025-10-14T10:08:25.834+0000] {dag.py:3036} INFO - Sync 1 DAGs
[2025-10-14T10:08:25.867+0000] {logging_mixin.py:188} INFO - [2025-10-14T10:08:25.867+0000] {dag.py:3823} INFO - Setting next_dagrun for example_dynamic_task_mapping_with_no_taskflow_operators to 2025-10-13 00:00:00+00:00, run_after=2025-10-14 00:00:00+00:00
[2025-10-14T10:08:25.893+0000] {processor.py:183} INFO - Processing /home/airflow/.local/lib/python3.8/site-packages/airflow/example_dags/example_dynamic_task_mapping_with_no_taskflow_operators.py took 0.144 seconds
[2025-10-14T10:08:57.594+0000] {processor.py:161} INFO - Started process (PID=76652) to work on /home/airflow/.local/lib/python3.8/site-packages/airflow/example_dags/example_dynamic_task_mapping_with_no_taskflow_operators.py
[2025-10-14T10:08:57.596+0000] {processor.py:830} INFO - Processing file /home/airflow/.local/lib/python3.8/site-packages/airflow/example_dags/example_dynamic_task_mapping_with_no_taskflow_operators.py for tasks to queue
[2025-10-14T10:08:57.598+0000] {logging_mixin.py:188} INFO - [2025-10-14T10:08:57.598+0000] {dagbag.py:538} INFO - Filling up the DagBag from /home/airflow/.local/lib/python3.8/site-packages/airflow/example_dags/example_dynamic_task_mapping_with_no_taskflow_operators.py
[2025-10-14T10:08:57.614+0000] {processor.py:840} INFO - DAG(s) 'example_dynamic_task_mapping_with_no_taskflow_operators' retrieved from /home/airflow/.local/lib/python3.8/site-packages/airflow/example_dags/example_dynamic_task_mapping_with_no_taskflow_operators.py
[2025-10-14T10:08:57.656+0000] {logging_mixin.py:188} INFO - [2025-10-14T10:08:57.655+0000] {dag.py:3036} INFO - Sync 1 DAGs
[2025-10-14T10:08:57.695+0000] {logging_mixin.py:188} INFO - [2025-10-14T10:08:57.695+0000] {dag.py:3823} INFO - Setting next_dagrun for example_dynamic_task_mapping_with_no_taskflow_operators to 2025-10-13 00:00:00+00:00, run_after=2025-10-14 00:00:00+00:00
[2025-10-14T10:08:57.730+0000] {processor.py:183} INFO - Processing /home/airflow/.local/lib/python3.8/site-packages/airflow/example_dags/example_dynamic_task_mapping_with_no_taskflow_operators.py took 0.143 seconds
[2025-10-14T10:09:28.257+0000] {processor.py:161} INFO - Started process (PID=76722) to work on /home/airflow/.local/lib/python3.8/site-packages/airflow/example_dags/example_dynamic_task_mapping_with_no_taskflow_operators.py
[2025-10-14T10:09:28.259+0000] {processor.py:830} INFO - Processing file /home/airflow/.local/lib/python3.8/site-packages/airflow/example_dags/example_dynamic_task_mapping_with_no_taskflow_operators.py for tasks to queue
[2025-10-14T10:09:28.261+0000] {logging_mixin.py:188} INFO - [2025-10-14T10:09:28.260+0000] {dagbag.py:538} INFO - Filling up the DagBag from /home/airflow/.local/lib/python3.8/site-packages/airflow/example_dags/example_dynamic_task_mapping_with_no_taskflow_operators.py
[2025-10-14T10:09:28.271+0000] {processor.py:840} INFO - DAG(s) 'example_dynamic_task_mapping_with_no_taskflow_operators' retrieved from /home/airflow/.local/lib/python3.8/site-packages/airflow/example_dags/example_dynamic_task_mapping_with_no_taskflow_operators.py
[2025-10-14T10:09:28.306+0000] {logging_mixin.py:188} INFO - [2025-10-14T10:09:28.306+0000] {dag.py:3036} INFO - Sync 1 DAGs
[2025-10-14T10:09:28.338+0000] {logging_mixin.py:188} INFO - [2025-10-14T10:09:28.338+0000] {dag.py:3823} INFO - Setting next_dagrun for example_dynamic_task_mapping_with_no_taskflow_operators to 2025-10-13 00:00:00+00:00, run_after=2025-10-14 00:00:00+00:00
[2025-10-14T10:09:28.372+0000] {processor.py:183} INFO - Processing /home/airflow/.local/lib/python3.8/site-packages/airflow/example_dags/example_dynamic_task_mapping_with_no_taskflow_operators.py took 0.119 seconds
[2025-10-14T10:10:00.026+0000] {processor.py:161} INFO - Started process (PID=76792) to work on /home/airflow/.local/lib/python3.8/site-packages/airflow/example_dags/example_dynamic_task_mapping_with_no_taskflow_operators.py
[2025-10-14T10:10:00.027+0000] {processor.py:830} INFO - Processing file /home/airflow/.local/lib/python3.8/site-packages/airflow/example_dags/example_dynamic_task_mapping_with_no_taskflow_operators.py for tasks to queue
[2025-10-14T10:10:00.029+0000] {logging_mixin.py:188} INFO - [2025-10-14T10:10:00.028+0000] {dagbag.py:538} INFO - Filling up the DagBag from /home/airflow/.local/lib/python3.8/site-packages/airflow/example_dags/example_dynamic_task_mapping_with_no_taskflow_operators.py
[2025-10-14T10:10:00.039+0000] {processor.py:840} INFO - DAG(s) 'example_dynamic_task_mapping_with_no_taskflow_operators' retrieved from /home/airflow/.local/lib/python3.8/site-packages/airflow/example_dags/example_dynamic_task_mapping_with_no_taskflow_operators.py
[2025-10-14T10:10:00.074+0000] {logging_mixin.py:188} INFO - [2025-10-14T10:10:00.074+0000] {dag.py:3036} INFO - Sync 1 DAGs
[2025-10-14T10:10:00.111+0000] {logging_mixin.py:188} INFO - [2025-10-14T10:10:00.111+0000] {dag.py:3823} INFO - Setting next_dagrun for example_dynamic_task_mapping_with_no_taskflow_operators to 2025-10-13 00:00:00+00:00, run_after=2025-10-14 00:00:00+00:00
[2025-10-14T10:10:00.139+0000] {processor.py:183} INFO - Processing /home/airflow/.local/lib/python3.8/site-packages/airflow/example_dags/example_dynamic_task_mapping_with_no_taskflow_operators.py took 0.118 seconds
[2025-10-14T10:10:30.884+0000] {processor.py:161} INFO - Started process (PID=76862) to work on /home/airflow/.local/lib/python3.8/site-packages/airflow/example_dags/example_dynamic_task_mapping_with_no_taskflow_operators.py
[2025-10-14T10:10:30.886+0000] {processor.py:830} INFO - Processing file /home/airflow/.local/lib/python3.8/site-packages/airflow/example_dags/example_dynamic_task_mapping_with_no_taskflow_operators.py for tasks to queue
[2025-10-14T10:10:30.888+0000] {logging_mixin.py:188} INFO - [2025-10-14T10:10:30.887+0000] {dagbag.py:538} INFO - Filling up the DagBag from /home/airflow/.local/lib/python3.8/site-packages/airflow/example_dags/example_dynamic_task_mapping_with_no_taskflow_operators.py
[2025-10-14T10:10:30.899+0000] {processor.py:840} INFO - DAG(s) 'example_dynamic_task_mapping_with_no_taskflow_operators' retrieved from /home/airflow/.local/lib/python3.8/site-packages/airflow/example_dags/example_dynamic_task_mapping_with_no_taskflow_operators.py
[2025-10-14T10:10:30.933+0000] {logging_mixin.py:188} INFO - [2025-10-14T10:10:30.933+0000] {dag.py:3036} INFO - Sync 1 DAGs
[2025-10-14T10:10:30.968+0000] {logging_mixin.py:188} INFO - [2025-10-14T10:10:30.967+0000] {dag.py:3823} INFO - Setting next_dagrun for example_dynamic_task_mapping_with_no_taskflow_operators to 2025-10-13 00:00:00+00:00, run_after=2025-10-14 00:00:00+00:00
[2025-10-14T10:10:31.016+0000] {processor.py:183} INFO - Processing /home/airflow/.local/lib/python3.8/site-packages/airflow/example_dags/example_dynamic_task_mapping_with_no_taskflow_operators.py took 0.138 seconds
[2025-10-14T10:11:01.575+0000] {processor.py:161} INFO - Started process (PID=76930) to work on /home/airflow/.local/lib/python3.8/site-packages/airflow/example_dags/example_dynamic_task_mapping_with_no_taskflow_operators.py
[2025-10-14T10:11:01.577+0000] {processor.py:830} INFO - Processing file /home/airflow/.local/lib/python3.8/site-packages/airflow/example_dags/example_dynamic_task_mapping_with_no_taskflow_operators.py for tasks to queue
[2025-10-14T10:11:01.578+0000] {logging_mixin.py:188} INFO - [2025-10-14T10:11:01.578+0000] {dagbag.py:538} INFO - Filling up the DagBag from /home/airflow/.local/lib/python3.8/site-packages/airflow/example_dags/example_dynamic_task_mapping_with_no_taskflow_operators.py
[2025-10-14T10:11:01.590+0000] {processor.py:840} INFO - DAG(s) 'example_dynamic_task_mapping_with_no_taskflow_operators' retrieved from /home/airflow/.local/lib/python3.8/site-packages/airflow/example_dags/example_dynamic_task_mapping_with_no_taskflow_operators.py
[2025-10-14T10:11:01.626+0000] {logging_mixin.py:188} INFO - [2025-10-14T10:11:01.626+0000] {dag.py:3036} INFO - Sync 1 DAGs
[2025-10-14T10:11:01.661+0000] {logging_mixin.py:188} INFO - [2025-10-14T10:11:01.661+0000] {dag.py:3823} INFO - Setting next_dagrun for example_dynamic_task_mapping_with_no_taskflow_operators to 2025-10-13 00:00:00+00:00, run_after=2025-10-14 00:00:00+00:00
[2025-10-14T10:11:01.709+0000] {processor.py:183} INFO - Processing /home/airflow/.local/lib/python3.8/site-packages/airflow/example_dags/example_dynamic_task_mapping_with_no_taskflow_operators.py took 0.139 seconds
[2025-10-14T10:11:32.627+0000] {processor.py:161} INFO - Started process (PID=77000) to work on /home/airflow/.local/lib/python3.8/site-packages/airflow/example_dags/example_dynamic_task_mapping_with_no_taskflow_operators.py
[2025-10-14T10:11:32.629+0000] {processor.py:830} INFO - Processing file /home/airflow/.local/lib/python3.8/site-packages/airflow/example_dags/example_dynamic_task_mapping_with_no_taskflow_operators.py for tasks to queue
[2025-10-14T10:11:32.631+0000] {logging_mixin.py:188} INFO - [2025-10-14T10:11:32.630+0000] {dagbag.py:538} INFO - Filling up the DagBag from /home/airflow/.local/lib/python3.8/site-packages/airflow/example_dags/example_dynamic_task_mapping_with_no_taskflow_operators.py
[2025-10-14T10:11:32.643+0000] {processor.py:840} INFO - DAG(s) 'example_dynamic_task_mapping_with_no_taskflow_operators' retrieved from /home/airflow/.local/lib/python3.8/site-packages/airflow/example_dags/example_dynamic_task_mapping_with_no_taskflow_operators.py
[2025-10-14T10:11:32.683+0000] {logging_mixin.py:188} INFO - [2025-10-14T10:11:32.682+0000] {dag.py:3036} INFO - Sync 1 DAGs
[2025-10-14T10:11:32.722+0000] {logging_mixin.py:188} INFO - [2025-10-14T10:11:32.722+0000] {dag.py:3823} INFO - Setting next_dagrun for example_dynamic_task_mapping_with_no_taskflow_operators to 2025-10-13 00:00:00+00:00, run_after=2025-10-14 00:00:00+00:00
[2025-10-14T10:11:32.771+0000] {processor.py:183} INFO - Processing /home/airflow/.local/lib/python3.8/site-packages/airflow/example_dags/example_dynamic_task_mapping_with_no_taskflow_operators.py took 0.149 seconds
[2025-10-14T10:12:03.580+0000] {processor.py:161} INFO - Started process (PID=77070) to work on /home/airflow/.local/lib/python3.8/site-packages/airflow/example_dags/example_dynamic_task_mapping_with_no_taskflow_operators.py
[2025-10-14T10:12:03.582+0000] {processor.py:830} INFO - Processing file /home/airflow/.local/lib/python3.8/site-packages/airflow/example_dags/example_dynamic_task_mapping_with_no_taskflow_operators.py for tasks to queue
[2025-10-14T10:12:03.583+0000] {logging_mixin.py:188} INFO - [2025-10-14T10:12:03.583+0000] {dagbag.py:538} INFO - Filling up the DagBag from /home/airflow/.local/lib/python3.8/site-packages/airflow/example_dags/example_dynamic_task_mapping_with_no_taskflow_operators.py
[2025-10-14T10:12:03.594+0000] {processor.py:840} INFO - DAG(s) 'example_dynamic_task_mapping_with_no_taskflow_operators' retrieved from /home/airflow/.local/lib/python3.8/site-packages/airflow/example_dags/example_dynamic_task_mapping_with_no_taskflow_operators.py
[2025-10-14T10:12:03.628+0000] {logging_mixin.py:188} INFO - [2025-10-14T10:12:03.628+0000] {dag.py:3036} INFO - Sync 1 DAGs
[2025-10-14T10:12:03.658+0000] {logging_mixin.py:188} INFO - [2025-10-14T10:12:03.658+0000] {dag.py:3823} INFO - Setting next_dagrun for example_dynamic_task_mapping_with_no_taskflow_operators to 2025-10-13 00:00:00+00:00, run_after=2025-10-14 00:00:00+00:00
[2025-10-14T10:12:03.702+0000] {processor.py:183} INFO - Processing /home/airflow/.local/lib/python3.8/site-packages/airflow/example_dags/example_dynamic_task_mapping_with_no_taskflow_operators.py took 0.126 seconds
[2025-10-14T10:12:34.716+0000] {processor.py:161} INFO - Started process (PID=77140) to work on /home/airflow/.local/lib/python3.8/site-packages/airflow/example_dags/example_dynamic_task_mapping_with_no_taskflow_operators.py
[2025-10-14T10:12:34.718+0000] {processor.py:830} INFO - Processing file /home/airflow/.local/lib/python3.8/site-packages/airflow/example_dags/example_dynamic_task_mapping_with_no_taskflow_operators.py for tasks to queue
[2025-10-14T10:12:34.720+0000] {logging_mixin.py:188} INFO - [2025-10-14T10:12:34.719+0000] {dagbag.py:538} INFO - Filling up the DagBag from /home/airflow/.local/lib/python3.8/site-packages/airflow/example_dags/example_dynamic_task_mapping_with_no_taskflow_operators.py
[2025-10-14T10:12:34.733+0000] {processor.py:840} INFO - DAG(s) 'example_dynamic_task_mapping_with_no_taskflow_operators' retrieved from /home/airflow/.local/lib/python3.8/site-packages/airflow/example_dags/example_dynamic_task_mapping_with_no_taskflow_operators.py
[2025-10-14T10:12:34.780+0000] {logging_mixin.py:188} INFO - [2025-10-14T10:12:34.779+0000] {dag.py:3036} INFO - Sync 1 DAGs
[2025-10-14T10:12:34.820+0000] {logging_mixin.py:188} INFO - [2025-10-14T10:12:34.820+0000] {dag.py:3823} INFO - Setting next_dagrun for example_dynamic_task_mapping_with_no_taskflow_operators to 2025-10-13 00:00:00+00:00, run_after=2025-10-14 00:00:00+00:00
[2025-10-14T10:12:34.848+0000] {processor.py:183} INFO - Processing /home/airflow/.local/lib/python3.8/site-packages/airflow/example_dags/example_dynamic_task_mapping_with_no_taskflow_operators.py took 0.138 seconds
[2025-10-14T10:13:06.059+0000] {processor.py:161} INFO - Started process (PID=77210) to work on /home/airflow/.local/lib/python3.8/site-packages/airflow/example_dags/example_dynamic_task_mapping_with_no_taskflow_operators.py
[2025-10-14T10:13:06.061+0000] {processor.py:830} INFO - Processing file /home/airflow/.local/lib/python3.8/site-packages/airflow/example_dags/example_dynamic_task_mapping_with_no_taskflow_operators.py for tasks to queue
[2025-10-14T10:13:06.064+0000] {logging_mixin.py:188} INFO - [2025-10-14T10:13:06.063+0000] {dagbag.py:538} INFO - Filling up the DagBag from /home/airflow/.local/lib/python3.8/site-packages/airflow/example_dags/example_dynamic_task_mapping_with_no_taskflow_operators.py
[2025-10-14T10:13:06.078+0000] {processor.py:840} INFO - DAG(s) 'example_dynamic_task_mapping_with_no_taskflow_operators' retrieved from /home/airflow/.local/lib/python3.8/site-packages/airflow/example_dags/example_dynamic_task_mapping_with_no_taskflow_operators.py
[2025-10-14T10:13:06.123+0000] {logging_mixin.py:188} INFO - [2025-10-14T10:13:06.123+0000] {dag.py:3036} INFO - Sync 1 DAGs
[2025-10-14T10:13:06.165+0000] {logging_mixin.py:188} INFO - [2025-10-14T10:13:06.165+0000] {dag.py:3823} INFO - Setting next_dagrun for example_dynamic_task_mapping_with_no_taskflow_operators to 2025-10-13 00:00:00+00:00, run_after=2025-10-14 00:00:00+00:00
[2025-10-14T10:13:06.209+0000] {processor.py:183} INFO - Processing /home/airflow/.local/lib/python3.8/site-packages/airflow/example_dags/example_dynamic_task_mapping_with_no_taskflow_operators.py took 0.156 seconds
[2025-10-14T10:13:37.160+0000] {processor.py:161} INFO - Started process (PID=77280) to work on /home/airflow/.local/lib/python3.8/site-packages/airflow/example_dags/example_dynamic_task_mapping_with_no_taskflow_operators.py
[2025-10-14T10:13:37.162+0000] {processor.py:830} INFO - Processing file /home/airflow/.local/lib/python3.8/site-packages/airflow/example_dags/example_dynamic_task_mapping_with_no_taskflow_operators.py for tasks to queue
[2025-10-14T10:13:37.164+0000] {logging_mixin.py:188} INFO - [2025-10-14T10:13:37.163+0000] {dagbag.py:538} INFO - Filling up the DagBag from /home/airflow/.local/lib/python3.8/site-packages/airflow/example_dags/example_dynamic_task_mapping_with_no_taskflow_operators.py
[2025-10-14T10:13:37.177+0000] {processor.py:840} INFO - DAG(s) 'example_dynamic_task_mapping_with_no_taskflow_operators' retrieved from /home/airflow/.local/lib/python3.8/site-packages/airflow/example_dags/example_dynamic_task_mapping_with_no_taskflow_operators.py
[2025-10-14T10:13:37.212+0000] {logging_mixin.py:188} INFO - [2025-10-14T10:13:37.211+0000] {dag.py:3036} INFO - Sync 1 DAGs
[2025-10-14T10:13:37.252+0000] {logging_mixin.py:188} INFO - [2025-10-14T10:13:37.251+0000] {dag.py:3823} INFO - Setting next_dagrun for example_dynamic_task_mapping_with_no_taskflow_operators to 2025-10-13 00:00:00+00:00, run_after=2025-10-14 00:00:00+00:00
[2025-10-14T10:13:37.283+0000] {processor.py:183} INFO - Processing /home/airflow/.local/lib/python3.8/site-packages/airflow/example_dags/example_dynamic_task_mapping_with_no_taskflow_operators.py took 0.131 seconds
[2025-10-14T10:14:08.079+0000] {processor.py:161} INFO - Started process (PID=77350) to work on /home/airflow/.local/lib/python3.8/site-packages/airflow/example_dags/example_dynamic_task_mapping_with_no_taskflow_operators.py
[2025-10-14T10:14:08.081+0000] {processor.py:830} INFO - Processing file /home/airflow/.local/lib/python3.8/site-packages/airflow/example_dags/example_dynamic_task_mapping_with_no_taskflow_operators.py for tasks to queue
[2025-10-14T10:14:08.083+0000] {logging_mixin.py:188} INFO - [2025-10-14T10:14:08.082+0000] {dagbag.py:538} INFO - Filling up the DagBag from /home/airflow/.local/lib/python3.8/site-packages/airflow/example_dags/example_dynamic_task_mapping_with_no_taskflow_operators.py
[2025-10-14T10:14:08.092+0000] {processor.py:840} INFO - DAG(s) 'example_dynamic_task_mapping_with_no_taskflow_operators' retrieved from /home/airflow/.local/lib/python3.8/site-packages/airflow/example_dags/example_dynamic_task_mapping_with_no_taskflow_operators.py
[2025-10-14T10:14:08.123+0000] {logging_mixin.py:188} INFO - [2025-10-14T10:14:08.122+0000] {dag.py:3036} INFO - Sync 1 DAGs
[2025-10-14T10:14:08.159+0000] {logging_mixin.py:188} INFO - [2025-10-14T10:14:08.159+0000] {dag.py:3823} INFO - Setting next_dagrun for example_dynamic_task_mapping_with_no_taskflow_operators to 2025-10-13 00:00:00+00:00, run_after=2025-10-14 00:00:00+00:00
[2025-10-14T10:14:08.205+0000] {processor.py:183} INFO - Processing /home/airflow/.local/lib/python3.8/site-packages/airflow/example_dags/example_dynamic_task_mapping_with_no_taskflow_operators.py took 0.130 seconds
[2025-10-14T10:14:38.805+0000] {processor.py:161} INFO - Started process (PID=77420) to work on /home/airflow/.local/lib/python3.8/site-packages/airflow/example_dags/example_dynamic_task_mapping_with_no_taskflow_operators.py
[2025-10-14T10:14:38.807+0000] {processor.py:830} INFO - Processing file /home/airflow/.local/lib/python3.8/site-packages/airflow/example_dags/example_dynamic_task_mapping_with_no_taskflow_operators.py for tasks to queue
[2025-10-14T10:14:38.808+0000] {logging_mixin.py:188} INFO - [2025-10-14T10:14:38.808+0000] {dagbag.py:538} INFO - Filling up the DagBag from /home/airflow/.local/lib/python3.8/site-packages/airflow/example_dags/example_dynamic_task_mapping_with_no_taskflow_operators.py
[2025-10-14T10:14:38.819+0000] {processor.py:840} INFO - DAG(s) 'example_dynamic_task_mapping_with_no_taskflow_operators' retrieved from /home/airflow/.local/lib/python3.8/site-packages/airflow/example_dags/example_dynamic_task_mapping_with_no_taskflow_operators.py
[2025-10-14T10:14:38.853+0000] {logging_mixin.py:188} INFO - [2025-10-14T10:14:38.853+0000] {dag.py:3036} INFO - Sync 1 DAGs
[2025-10-14T10:14:38.884+0000] {logging_mixin.py:188} INFO - [2025-10-14T10:14:38.883+0000] {dag.py:3823} INFO - Setting next_dagrun for example_dynamic_task_mapping_with_no_taskflow_operators to 2025-10-13 00:00:00+00:00, run_after=2025-10-14 00:00:00+00:00
[2025-10-14T10:14:38.915+0000] {processor.py:183} INFO - Processing /home/airflow/.local/lib/python3.8/site-packages/airflow/example_dags/example_dynamic_task_mapping_with_no_taskflow_operators.py took 0.115 seconds
[2025-10-14T10:15:10.121+0000] {processor.py:161} INFO - Started process (PID=77488) to work on /home/airflow/.local/lib/python3.8/site-packages/airflow/example_dags/example_dynamic_task_mapping_with_no_taskflow_operators.py
[2025-10-14T10:15:10.123+0000] {processor.py:830} INFO - Processing file /home/airflow/.local/lib/python3.8/site-packages/airflow/example_dags/example_dynamic_task_mapping_with_no_taskflow_operators.py for tasks to queue
[2025-10-14T10:15:10.124+0000] {logging_mixin.py:188} INFO - [2025-10-14T10:15:10.124+0000] {dagbag.py:538} INFO - Filling up the DagBag from /home/airflow/.local/lib/python3.8/site-packages/airflow/example_dags/example_dynamic_task_mapping_with_no_taskflow_operators.py
[2025-10-14T10:15:10.135+0000] {processor.py:840} INFO - DAG(s) 'example_dynamic_task_mapping_with_no_taskflow_operators' retrieved from /home/airflow/.local/lib/python3.8/site-packages/airflow/example_dags/example_dynamic_task_mapping_with_no_taskflow_operators.py
[2025-10-14T10:15:10.170+0000] {logging_mixin.py:188} INFO - [2025-10-14T10:15:10.170+0000] {dag.py:3036} INFO - Sync 1 DAGs
[2025-10-14T10:15:10.203+0000] {logging_mixin.py:188} INFO - [2025-10-14T10:15:10.203+0000] {dag.py:3823} INFO - Setting next_dagrun for example_dynamic_task_mapping_with_no_taskflow_operators to 2025-10-13 00:00:00+00:00, run_after=2025-10-14 00:00:00+00:00
[2025-10-14T10:15:10.229+0000] {processor.py:183} INFO - Processing /home/airflow/.local/lib/python3.8/site-packages/airflow/example_dags/example_dynamic_task_mapping_with_no_taskflow_operators.py took 0.113 seconds
[2025-10-14T10:15:41.242+0000] {processor.py:161} INFO - Started process (PID=77558) to work on /home/airflow/.local/lib/python3.8/site-packages/airflow/example_dags/example_dynamic_task_mapping_with_no_taskflow_operators.py
[2025-10-14T10:15:41.244+0000] {processor.py:830} INFO - Processing file /home/airflow/.local/lib/python3.8/site-packages/airflow/example_dags/example_dynamic_task_mapping_with_no_taskflow_operators.py for tasks to queue
[2025-10-14T10:15:41.246+0000] {logging_mixin.py:188} INFO - [2025-10-14T10:15:41.245+0000] {dagbag.py:538} INFO - Filling up the DagBag from /home/airflow/.local/lib/python3.8/site-packages/airflow/example_dags/example_dynamic_task_mapping_with_no_taskflow_operators.py
[2025-10-14T10:15:41.257+0000] {processor.py:840} INFO - DAG(s) 'example_dynamic_task_mapping_with_no_taskflow_operators' retrieved from /home/airflow/.local/lib/python3.8/site-packages/airflow/example_dags/example_dynamic_task_mapping_with_no_taskflow_operators.py
[2025-10-14T10:15:41.475+0000] {logging_mixin.py:188} INFO - [2025-10-14T10:15:41.475+0000] {dag.py:3036} INFO - Sync 1 DAGs
[2025-10-14T10:15:41.509+0000] {logging_mixin.py:188} INFO - [2025-10-14T10:15:41.509+0000] {dag.py:3823} INFO - Setting next_dagrun for example_dynamic_task_mapping_with_no_taskflow_operators to 2025-10-13 00:00:00+00:00, run_after=2025-10-14 00:00:00+00:00
[2025-10-14T10:15:41.543+0000] {processor.py:183} INFO - Processing /home/airflow/.local/lib/python3.8/site-packages/airflow/example_dags/example_dynamic_task_mapping_with_no_taskflow_operators.py took 0.306 seconds
[2025-10-14T10:16:12.449+0000] {processor.py:161} INFO - Started process (PID=77628) to work on /home/airflow/.local/lib/python3.8/site-packages/airflow/example_dags/example_dynamic_task_mapping_with_no_taskflow_operators.py
[2025-10-14T10:16:12.450+0000] {processor.py:830} INFO - Processing file /home/airflow/.local/lib/python3.8/site-packages/airflow/example_dags/example_dynamic_task_mapping_with_no_taskflow_operators.py for tasks to queue
[2025-10-14T10:16:12.452+0000] {logging_mixin.py:188} INFO - [2025-10-14T10:16:12.452+0000] {dagbag.py:538} INFO - Filling up the DagBag from /home/airflow/.local/lib/python3.8/site-packages/airflow/example_dags/example_dynamic_task_mapping_with_no_taskflow_operators.py
[2025-10-14T10:16:12.633+0000] {processor.py:840} INFO - DAG(s) 'example_dynamic_task_mapping_with_no_taskflow_operators' retrieved from /home/airflow/.local/lib/python3.8/site-packages/airflow/example_dags/example_dynamic_task_mapping_with_no_taskflow_operators.py
[2025-10-14T10:16:12.671+0000] {logging_mixin.py:188} INFO - [2025-10-14T10:16:12.671+0000] {dag.py:3036} INFO - Sync 1 DAGs
[2025-10-14T10:16:12.712+0000] {logging_mixin.py:188} INFO - [2025-10-14T10:16:12.711+0000] {dag.py:3823} INFO - Setting next_dagrun for example_dynamic_task_mapping_with_no_taskflow_operators to 2025-10-13 00:00:00+00:00, run_after=2025-10-14 00:00:00+00:00
[2025-10-14T10:16:12.740+0000] {processor.py:183} INFO - Processing /home/airflow/.local/lib/python3.8/site-packages/airflow/example_dags/example_dynamic_task_mapping_with_no_taskflow_operators.py took 0.296 seconds
[2025-10-14T10:16:43.021+0000] {processor.py:161} INFO - Started process (PID=77698) to work on /home/airflow/.local/lib/python3.8/site-packages/airflow/example_dags/example_dynamic_task_mapping_with_no_taskflow_operators.py
[2025-10-14T10:16:43.023+0000] {processor.py:830} INFO - Processing file /home/airflow/.local/lib/python3.8/site-packages/airflow/example_dags/example_dynamic_task_mapping_with_no_taskflow_operators.py for tasks to queue
[2025-10-14T10:16:43.025+0000] {logging_mixin.py:188} INFO - [2025-10-14T10:16:43.025+0000] {dagbag.py:538} INFO - Filling up the DagBag from /home/airflow/.local/lib/python3.8/site-packages/airflow/example_dags/example_dynamic_task_mapping_with_no_taskflow_operators.py
[2025-10-14T10:16:43.036+0000] {processor.py:840} INFO - DAG(s) 'example_dynamic_task_mapping_with_no_taskflow_operators' retrieved from /home/airflow/.local/lib/python3.8/site-packages/airflow/example_dags/example_dynamic_task_mapping_with_no_taskflow_operators.py
[2025-10-14T10:16:43.099+0000] {logging_mixin.py:188} INFO - [2025-10-14T10:16:43.098+0000] {dag.py:3036} INFO - Sync 1 DAGs
[2025-10-14T10:16:43.157+0000] {logging_mixin.py:188} INFO - [2025-10-14T10:16:43.156+0000] {dag.py:3823} INFO - Setting next_dagrun for example_dynamic_task_mapping_with_no_taskflow_operators to 2025-10-13 00:00:00+00:00, run_after=2025-10-14 00:00:00+00:00
[2025-10-14T10:16:43.211+0000] {processor.py:183} INFO - Processing /home/airflow/.local/lib/python3.8/site-packages/airflow/example_dags/example_dynamic_task_mapping_with_no_taskflow_operators.py took 0.196 seconds
[2025-10-14T10:17:13.952+0000] {processor.py:161} INFO - Started process (PID=77768) to work on /home/airflow/.local/lib/python3.8/site-packages/airflow/example_dags/example_dynamic_task_mapping_with_no_taskflow_operators.py
[2025-10-14T10:17:13.954+0000] {processor.py:830} INFO - Processing file /home/airflow/.local/lib/python3.8/site-packages/airflow/example_dags/example_dynamic_task_mapping_with_no_taskflow_operators.py for tasks to queue
[2025-10-14T10:17:13.956+0000] {logging_mixin.py:188} INFO - [2025-10-14T10:17:13.956+0000] {dagbag.py:538} INFO - Filling up the DagBag from /home/airflow/.local/lib/python3.8/site-packages/airflow/example_dags/example_dynamic_task_mapping_with_no_taskflow_operators.py
[2025-10-14T10:17:13.967+0000] {processor.py:840} INFO - DAG(s) 'example_dynamic_task_mapping_with_no_taskflow_operators' retrieved from /home/airflow/.local/lib/python3.8/site-packages/airflow/example_dags/example_dynamic_task_mapping_with_no_taskflow_operators.py
[2025-10-14T10:17:14.028+0000] {logging_mixin.py:188} INFO - [2025-10-14T10:17:14.028+0000] {dag.py:3036} INFO - Sync 1 DAGs
[2025-10-14T10:17:14.076+0000] {logging_mixin.py:188} INFO - [2025-10-14T10:17:14.076+0000] {dag.py:3823} INFO - Setting next_dagrun for example_dynamic_task_mapping_with_no_taskflow_operators to 2025-10-13 00:00:00+00:00, run_after=2025-10-14 00:00:00+00:00
[2025-10-14T10:17:14.102+0000] {processor.py:183} INFO - Processing /home/airflow/.local/lib/python3.8/site-packages/airflow/example_dags/example_dynamic_task_mapping_with_no_taskflow_operators.py took 0.154 seconds
[2025-10-14T10:17:44.936+0000] {processor.py:161} INFO - Started process (PID=77844) to work on /home/airflow/.local/lib/python3.8/site-packages/airflow/example_dags/example_dynamic_task_mapping_with_no_taskflow_operators.py
[2025-10-14T10:17:44.937+0000] {processor.py:830} INFO - Processing file /home/airflow/.local/lib/python3.8/site-packages/airflow/example_dags/example_dynamic_task_mapping_with_no_taskflow_operators.py for tasks to queue
[2025-10-14T10:17:44.939+0000] {logging_mixin.py:188} INFO - [2025-10-14T10:17:44.939+0000] {dagbag.py:538} INFO - Filling up the DagBag from /home/airflow/.local/lib/python3.8/site-packages/airflow/example_dags/example_dynamic_task_mapping_with_no_taskflow_operators.py
[2025-10-14T10:17:44.951+0000] {processor.py:840} INFO - DAG(s) 'example_dynamic_task_mapping_with_no_taskflow_operators' retrieved from /home/airflow/.local/lib/python3.8/site-packages/airflow/example_dags/example_dynamic_task_mapping_with_no_taskflow_operators.py
[2025-10-14T10:17:44.994+0000] {logging_mixin.py:188} INFO - [2025-10-14T10:17:44.994+0000] {dag.py:3036} INFO - Sync 1 DAGs
[2025-10-14T10:17:45.032+0000] {logging_mixin.py:188} INFO - [2025-10-14T10:17:45.032+0000] {dag.py:3823} INFO - Setting next_dagrun for example_dynamic_task_mapping_with_no_taskflow_operators to 2025-10-13 00:00:00+00:00, run_after=2025-10-14 00:00:00+00:00
[2025-10-14T10:17:45.058+0000] {processor.py:183} INFO - Processing /home/airflow/.local/lib/python3.8/site-packages/airflow/example_dags/example_dynamic_task_mapping_with_no_taskflow_operators.py took 0.128 seconds
[2025-10-14T10:18:16.360+0000] {processor.py:161} INFO - Started process (PID=77914) to work on /home/airflow/.local/lib/python3.8/site-packages/airflow/example_dags/example_dynamic_task_mapping_with_no_taskflow_operators.py
[2025-10-14T10:18:16.362+0000] {processor.py:830} INFO - Processing file /home/airflow/.local/lib/python3.8/site-packages/airflow/example_dags/example_dynamic_task_mapping_with_no_taskflow_operators.py for tasks to queue
[2025-10-14T10:18:16.364+0000] {logging_mixin.py:188} INFO - [2025-10-14T10:18:16.364+0000] {dagbag.py:538} INFO - Filling up the DagBag from /home/airflow/.local/lib/python3.8/site-packages/airflow/example_dags/example_dynamic_task_mapping_with_no_taskflow_operators.py
[2025-10-14T10:18:16.376+0000] {processor.py:840} INFO - DAG(s) 'example_dynamic_task_mapping_with_no_taskflow_operators' retrieved from /home/airflow/.local/lib/python3.8/site-packages/airflow/example_dags/example_dynamic_task_mapping_with_no_taskflow_operators.py
[2025-10-14T10:18:16.416+0000] {logging_mixin.py:188} INFO - [2025-10-14T10:18:16.416+0000] {dag.py:3036} INFO - Sync 1 DAGs
[2025-10-14T10:18:16.449+0000] {logging_mixin.py:188} INFO - [2025-10-14T10:18:16.449+0000] {dag.py:3823} INFO - Setting next_dagrun for example_dynamic_task_mapping_with_no_taskflow_operators to 2025-10-13 00:00:00+00:00, run_after=2025-10-14 00:00:00+00:00
[2025-10-14T10:18:16.478+0000] {processor.py:183} INFO - Processing /home/airflow/.local/lib/python3.8/site-packages/airflow/example_dags/example_dynamic_task_mapping_with_no_taskflow_operators.py took 0.123 seconds
[2025-10-14T10:18:47.602+0000] {processor.py:161} INFO - Started process (PID=77984) to work on /home/airflow/.local/lib/python3.8/site-packages/airflow/example_dags/example_dynamic_task_mapping_with_no_taskflow_operators.py
[2025-10-14T10:18:47.604+0000] {processor.py:830} INFO - Processing file /home/airflow/.local/lib/python3.8/site-packages/airflow/example_dags/example_dynamic_task_mapping_with_no_taskflow_operators.py for tasks to queue
[2025-10-14T10:18:47.605+0000] {logging_mixin.py:188} INFO - [2025-10-14T10:18:47.605+0000] {dagbag.py:538} INFO - Filling up the DagBag from /home/airflow/.local/lib/python3.8/site-packages/airflow/example_dags/example_dynamic_task_mapping_with_no_taskflow_operators.py
[2025-10-14T10:18:47.617+0000] {processor.py:840} INFO - DAG(s) 'example_dynamic_task_mapping_with_no_taskflow_operators' retrieved from /home/airflow/.local/lib/python3.8/site-packages/airflow/example_dags/example_dynamic_task_mapping_with_no_taskflow_operators.py
[2025-10-14T10:18:47.654+0000] {logging_mixin.py:188} INFO - [2025-10-14T10:18:47.654+0000] {dag.py:3036} INFO - Sync 1 DAGs
[2025-10-14T10:18:47.689+0000] {logging_mixin.py:188} INFO - [2025-10-14T10:18:47.689+0000] {dag.py:3823} INFO - Setting next_dagrun for example_dynamic_task_mapping_with_no_taskflow_operators to 2025-10-13 00:00:00+00:00, run_after=2025-10-14 00:00:00+00:00
[2025-10-14T10:18:47.745+0000] {processor.py:183} INFO - Processing /home/airflow/.local/lib/python3.8/site-packages/airflow/example_dags/example_dynamic_task_mapping_with_no_taskflow_operators.py took 0.149 seconds
[2025-10-14T10:19:19.021+0000] {processor.py:161} INFO - Started process (PID=78054) to work on /home/airflow/.local/lib/python3.8/site-packages/airflow/example_dags/example_dynamic_task_mapping_with_no_taskflow_operators.py
[2025-10-14T10:19:19.023+0000] {processor.py:830} INFO - Processing file /home/airflow/.local/lib/python3.8/site-packages/airflow/example_dags/example_dynamic_task_mapping_with_no_taskflow_operators.py for tasks to queue
[2025-10-14T10:19:19.025+0000] {logging_mixin.py:188} INFO - [2025-10-14T10:19:19.024+0000] {dagbag.py:538} INFO - Filling up the DagBag from /home/airflow/.local/lib/python3.8/site-packages/airflow/example_dags/example_dynamic_task_mapping_with_no_taskflow_operators.py
[2025-10-14T10:19:19.035+0000] {processor.py:840} INFO - DAG(s) 'example_dynamic_task_mapping_with_no_taskflow_operators' retrieved from /home/airflow/.local/lib/python3.8/site-packages/airflow/example_dags/example_dynamic_task_mapping_with_no_taskflow_operators.py
[2025-10-14T10:19:19.073+0000] {logging_mixin.py:188} INFO - [2025-10-14T10:19:19.073+0000] {dag.py:3036} INFO - Sync 1 DAGs
[2025-10-14T10:19:19.105+0000] {logging_mixin.py:188} INFO - [2025-10-14T10:19:19.105+0000] {dag.py:3823} INFO - Setting next_dagrun for example_dynamic_task_mapping_with_no_taskflow_operators to 2025-10-13 00:00:00+00:00, run_after=2025-10-14 00:00:00+00:00
[2025-10-14T10:19:19.135+0000] {processor.py:183} INFO - Processing /home/airflow/.local/lib/python3.8/site-packages/airflow/example_dags/example_dynamic_task_mapping_with_no_taskflow_operators.py took 0.119 seconds
[2025-10-14T10:19:49.686+0000] {processor.py:161} INFO - Started process (PID=78124) to work on /home/airflow/.local/lib/python3.8/site-packages/airflow/example_dags/example_dynamic_task_mapping_with_no_taskflow_operators.py
[2025-10-14T10:19:49.687+0000] {processor.py:830} INFO - Processing file /home/airflow/.local/lib/python3.8/site-packages/airflow/example_dags/example_dynamic_task_mapping_with_no_taskflow_operators.py for tasks to queue
[2025-10-14T10:19:49.689+0000] {logging_mixin.py:188} INFO - [2025-10-14T10:19:49.689+0000] {dagbag.py:538} INFO - Filling up the DagBag from /home/airflow/.local/lib/python3.8/site-packages/airflow/example_dags/example_dynamic_task_mapping_with_no_taskflow_operators.py
[2025-10-14T10:19:49.701+0000] {processor.py:840} INFO - DAG(s) 'example_dynamic_task_mapping_with_no_taskflow_operators' retrieved from /home/airflow/.local/lib/python3.8/site-packages/airflow/example_dags/example_dynamic_task_mapping_with_no_taskflow_operators.py
[2025-10-14T10:19:49.740+0000] {logging_mixin.py:188} INFO - [2025-10-14T10:19:49.740+0000] {dag.py:3036} INFO - Sync 1 DAGs
[2025-10-14T10:19:49.774+0000] {logging_mixin.py:188} INFO - [2025-10-14T10:19:49.774+0000] {dag.py:3823} INFO - Setting next_dagrun for example_dynamic_task_mapping_with_no_taskflow_operators to 2025-10-13 00:00:00+00:00, run_after=2025-10-14 00:00:00+00:00
[2025-10-14T10:19:49.806+0000] {processor.py:183} INFO - Processing /home/airflow/.local/lib/python3.8/site-packages/airflow/example_dags/example_dynamic_task_mapping_with_no_taskflow_operators.py took 0.126 seconds
[2025-10-14T10:20:20.948+0000] {processor.py:161} INFO - Started process (PID=78194) to work on /home/airflow/.local/lib/python3.8/site-packages/airflow/example_dags/example_dynamic_task_mapping_with_no_taskflow_operators.py
[2025-10-14T10:20:20.951+0000] {processor.py:830} INFO - Processing file /home/airflow/.local/lib/python3.8/site-packages/airflow/example_dags/example_dynamic_task_mapping_with_no_taskflow_operators.py for tasks to queue
[2025-10-14T10:20:20.954+0000] {logging_mixin.py:188} INFO - [2025-10-14T10:20:20.953+0000] {dagbag.py:538} INFO - Filling up the DagBag from /home/airflow/.local/lib/python3.8/site-packages/airflow/example_dags/example_dynamic_task_mapping_with_no_taskflow_operators.py
[2025-10-14T10:20:20.967+0000] {processor.py:840} INFO - DAG(s) 'example_dynamic_task_mapping_with_no_taskflow_operators' retrieved from /home/airflow/.local/lib/python3.8/site-packages/airflow/example_dags/example_dynamic_task_mapping_with_no_taskflow_operators.py
[2025-10-14T10:20:21.003+0000] {logging_mixin.py:188} INFO - [2025-10-14T10:20:21.002+0000] {dag.py:3036} INFO - Sync 1 DAGs
[2025-10-14T10:20:21.042+0000] {logging_mixin.py:188} INFO - [2025-10-14T10:20:21.042+0000] {dag.py:3823} INFO - Setting next_dagrun for example_dynamic_task_mapping_with_no_taskflow_operators to 2025-10-13 00:00:00+00:00, run_after=2025-10-14 00:00:00+00:00
[2025-10-14T10:20:21.121+0000] {processor.py:183} INFO - Processing /home/airflow/.local/lib/python3.8/site-packages/airflow/example_dags/example_dynamic_task_mapping_with_no_taskflow_operators.py took 0.181 seconds
[2025-10-14T10:20:51.910+0000] {processor.py:161} INFO - Started process (PID=78264) to work on /home/airflow/.local/lib/python3.8/site-packages/airflow/example_dags/example_dynamic_task_mapping_with_no_taskflow_operators.py
[2025-10-14T10:20:51.912+0000] {processor.py:830} INFO - Processing file /home/airflow/.local/lib/python3.8/site-packages/airflow/example_dags/example_dynamic_task_mapping_with_no_taskflow_operators.py for tasks to queue
[2025-10-14T10:20:51.915+0000] {logging_mixin.py:188} INFO - [2025-10-14T10:20:51.914+0000] {dagbag.py:538} INFO - Filling up the DagBag from /home/airflow/.local/lib/python3.8/site-packages/airflow/example_dags/example_dynamic_task_mapping_with_no_taskflow_operators.py
[2025-10-14T10:20:51.928+0000] {processor.py:840} INFO - DAG(s) 'example_dynamic_task_mapping_with_no_taskflow_operators' retrieved from /home/airflow/.local/lib/python3.8/site-packages/airflow/example_dags/example_dynamic_task_mapping_with_no_taskflow_operators.py
[2025-10-14T10:20:51.975+0000] {logging_mixin.py:188} INFO - [2025-10-14T10:20:51.974+0000] {dag.py:3036} INFO - Sync 1 DAGs
[2025-10-14T10:20:52.018+0000] {logging_mixin.py:188} INFO - [2025-10-14T10:20:52.017+0000] {dag.py:3823} INFO - Setting next_dagrun for example_dynamic_task_mapping_with_no_taskflow_operators to 2025-10-13 00:00:00+00:00, run_after=2025-10-14 00:00:00+00:00
[2025-10-14T10:20:52.073+0000] {processor.py:183} INFO - Processing /home/airflow/.local/lib/python3.8/site-packages/airflow/example_dags/example_dynamic_task_mapping_with_no_taskflow_operators.py took 0.169 seconds
[2025-10-14T10:21:22.946+0000] {processor.py:161} INFO - Started process (PID=78334) to work on /home/airflow/.local/lib/python3.8/site-packages/airflow/example_dags/example_dynamic_task_mapping_with_no_taskflow_operators.py
[2025-10-14T10:21:22.947+0000] {processor.py:830} INFO - Processing file /home/airflow/.local/lib/python3.8/site-packages/airflow/example_dags/example_dynamic_task_mapping_with_no_taskflow_operators.py for tasks to queue
[2025-10-14T10:21:22.949+0000] {logging_mixin.py:188} INFO - [2025-10-14T10:21:22.948+0000] {dagbag.py:538} INFO - Filling up the DagBag from /home/airflow/.local/lib/python3.8/site-packages/airflow/example_dags/example_dynamic_task_mapping_with_no_taskflow_operators.py
[2025-10-14T10:21:22.959+0000] {processor.py:840} INFO - DAG(s) 'example_dynamic_task_mapping_with_no_taskflow_operators' retrieved from /home/airflow/.local/lib/python3.8/site-packages/airflow/example_dags/example_dynamic_task_mapping_with_no_taskflow_operators.py
[2025-10-14T10:21:22.993+0000] {logging_mixin.py:188} INFO - [2025-10-14T10:21:22.992+0000] {dag.py:3036} INFO - Sync 1 DAGs
[2025-10-14T10:21:23.027+0000] {logging_mixin.py:188} INFO - [2025-10-14T10:21:23.027+0000] {dag.py:3823} INFO - Setting next_dagrun for example_dynamic_task_mapping_with_no_taskflow_operators to 2025-10-13 00:00:00+00:00, run_after=2025-10-14 00:00:00+00:00
[2025-10-14T10:21:23.077+0000] {processor.py:183} INFO - Processing /home/airflow/.local/lib/python3.8/site-packages/airflow/example_dags/example_dynamic_task_mapping_with_no_taskflow_operators.py took 0.136 seconds
[2025-10-14T10:21:53.762+0000] {processor.py:161} INFO - Started process (PID=78404) to work on /home/airflow/.local/lib/python3.8/site-packages/airflow/example_dags/example_dynamic_task_mapping_with_no_taskflow_operators.py
[2025-10-14T10:21:53.764+0000] {processor.py:830} INFO - Processing file /home/airflow/.local/lib/python3.8/site-packages/airflow/example_dags/example_dynamic_task_mapping_with_no_taskflow_operators.py for tasks to queue
[2025-10-14T10:21:53.766+0000] {logging_mixin.py:188} INFO - [2025-10-14T10:21:53.765+0000] {dagbag.py:538} INFO - Filling up the DagBag from /home/airflow/.local/lib/python3.8/site-packages/airflow/example_dags/example_dynamic_task_mapping_with_no_taskflow_operators.py
[2025-10-14T10:21:53.777+0000] {processor.py:840} INFO - DAG(s) 'example_dynamic_task_mapping_with_no_taskflow_operators' retrieved from /home/airflow/.local/lib/python3.8/site-packages/airflow/example_dags/example_dynamic_task_mapping_with_no_taskflow_operators.py
[2025-10-14T10:21:53.814+0000] {logging_mixin.py:188} INFO - [2025-10-14T10:21:53.814+0000] {dag.py:3036} INFO - Sync 1 DAGs
[2025-10-14T10:21:53.848+0000] {logging_mixin.py:188} INFO - [2025-10-14T10:21:53.848+0000] {dag.py:3823} INFO - Setting next_dagrun for example_dynamic_task_mapping_with_no_taskflow_operators to 2025-10-13 00:00:00+00:00, run_after=2025-10-14 00:00:00+00:00
[2025-10-14T10:21:53.877+0000] {processor.py:183} INFO - Processing /home/airflow/.local/lib/python3.8/site-packages/airflow/example_dags/example_dynamic_task_mapping_with_no_taskflow_operators.py took 0.121 seconds
[2025-10-14T10:22:24.803+0000] {processor.py:161} INFO - Started process (PID=78474) to work on /home/airflow/.local/lib/python3.8/site-packages/airflow/example_dags/example_dynamic_task_mapping_with_no_taskflow_operators.py
[2025-10-14T10:22:24.804+0000] {processor.py:830} INFO - Processing file /home/airflow/.local/lib/python3.8/site-packages/airflow/example_dags/example_dynamic_task_mapping_with_no_taskflow_operators.py for tasks to queue
[2025-10-14T10:22:24.806+0000] {logging_mixin.py:188} INFO - [2025-10-14T10:22:24.805+0000] {dagbag.py:538} INFO - Filling up the DagBag from /home/airflow/.local/lib/python3.8/site-packages/airflow/example_dags/example_dynamic_task_mapping_with_no_taskflow_operators.py
[2025-10-14T10:22:24.816+0000] {processor.py:840} INFO - DAG(s) 'example_dynamic_task_mapping_with_no_taskflow_operators' retrieved from /home/airflow/.local/lib/python3.8/site-packages/airflow/example_dags/example_dynamic_task_mapping_with_no_taskflow_operators.py
[2025-10-14T10:22:24.850+0000] {logging_mixin.py:188} INFO - [2025-10-14T10:22:24.850+0000] {dag.py:3036} INFO - Sync 1 DAGs
[2025-10-14T10:22:24.884+0000] {logging_mixin.py:188} INFO - [2025-10-14T10:22:24.884+0000] {dag.py:3823} INFO - Setting next_dagrun for example_dynamic_task_mapping_with_no_taskflow_operators to 2025-10-13 00:00:00+00:00, run_after=2025-10-14 00:00:00+00:00
[2025-10-14T10:22:24.911+0000] {processor.py:183} INFO - Processing /home/airflow/.local/lib/python3.8/site-packages/airflow/example_dags/example_dynamic_task_mapping_with_no_taskflow_operators.py took 0.113 seconds
[2025-10-14T10:22:55.718+0000] {processor.py:161} INFO - Started process (PID=78544) to work on /home/airflow/.local/lib/python3.8/site-packages/airflow/example_dags/example_dynamic_task_mapping_with_no_taskflow_operators.py
[2025-10-14T10:22:55.720+0000] {processor.py:830} INFO - Processing file /home/airflow/.local/lib/python3.8/site-packages/airflow/example_dags/example_dynamic_task_mapping_with_no_taskflow_operators.py for tasks to queue
[2025-10-14T10:22:55.721+0000] {logging_mixin.py:188} INFO - [2025-10-14T10:22:55.721+0000] {dagbag.py:538} INFO - Filling up the DagBag from /home/airflow/.local/lib/python3.8/site-packages/airflow/example_dags/example_dynamic_task_mapping_with_no_taskflow_operators.py
[2025-10-14T10:22:55.732+0000] {processor.py:840} INFO - DAG(s) 'example_dynamic_task_mapping_with_no_taskflow_operators' retrieved from /home/airflow/.local/lib/python3.8/site-packages/airflow/example_dags/example_dynamic_task_mapping_with_no_taskflow_operators.py
[2025-10-14T10:22:55.766+0000] {logging_mixin.py:188} INFO - [2025-10-14T10:22:55.766+0000] {dag.py:3036} INFO - Sync 1 DAGs
[2025-10-14T10:22:55.798+0000] {logging_mixin.py:188} INFO - [2025-10-14T10:22:55.797+0000] {dag.py:3823} INFO - Setting next_dagrun for example_dynamic_task_mapping_with_no_taskflow_operators to 2025-10-13 00:00:00+00:00, run_after=2025-10-14 00:00:00+00:00
[2025-10-14T10:22:55.838+0000] {processor.py:183} INFO - Processing /home/airflow/.local/lib/python3.8/site-packages/airflow/example_dags/example_dynamic_task_mapping_with_no_taskflow_operators.py took 0.126 seconds
[2025-10-14T10:23:26.790+0000] {processor.py:161} INFO - Started process (PID=78614) to work on /home/airflow/.local/lib/python3.8/site-packages/airflow/example_dags/example_dynamic_task_mapping_with_no_taskflow_operators.py
[2025-10-14T10:23:26.791+0000] {processor.py:830} INFO - Processing file /home/airflow/.local/lib/python3.8/site-packages/airflow/example_dags/example_dynamic_task_mapping_with_no_taskflow_operators.py for tasks to queue
[2025-10-14T10:23:26.793+0000] {logging_mixin.py:188} INFO - [2025-10-14T10:23:26.793+0000] {dagbag.py:538} INFO - Filling up the DagBag from /home/airflow/.local/lib/python3.8/site-packages/airflow/example_dags/example_dynamic_task_mapping_with_no_taskflow_operators.py
[2025-10-14T10:23:26.804+0000] {processor.py:840} INFO - DAG(s) 'example_dynamic_task_mapping_with_no_taskflow_operators' retrieved from /home/airflow/.local/lib/python3.8/site-packages/airflow/example_dags/example_dynamic_task_mapping_with_no_taskflow_operators.py
[2025-10-14T10:23:26.838+0000] {logging_mixin.py:188} INFO - [2025-10-14T10:23:26.837+0000] {dag.py:3036} INFO - Sync 1 DAGs
[2025-10-14T10:23:26.872+0000] {logging_mixin.py:188} INFO - [2025-10-14T10:23:26.871+0000] {dag.py:3823} INFO - Setting next_dagrun for example_dynamic_task_mapping_with_no_taskflow_operators to 2025-10-13 00:00:00+00:00, run_after=2025-10-14 00:00:00+00:00
[2025-10-14T10:23:26.909+0000] {processor.py:183} INFO - Processing /home/airflow/.local/lib/python3.8/site-packages/airflow/example_dags/example_dynamic_task_mapping_with_no_taskflow_operators.py took 0.124 seconds
[2025-10-14T10:23:58.536+0000] {processor.py:161} INFO - Started process (PID=78684) to work on /home/airflow/.local/lib/python3.8/site-packages/airflow/example_dags/example_dynamic_task_mapping_with_no_taskflow_operators.py
[2025-10-14T10:23:58.538+0000] {processor.py:830} INFO - Processing file /home/airflow/.local/lib/python3.8/site-packages/airflow/example_dags/example_dynamic_task_mapping_with_no_taskflow_operators.py for tasks to queue
[2025-10-14T10:23:58.540+0000] {logging_mixin.py:188} INFO - [2025-10-14T10:23:58.539+0000] {dagbag.py:538} INFO - Filling up the DagBag from /home/airflow/.local/lib/python3.8/site-packages/airflow/example_dags/example_dynamic_task_mapping_with_no_taskflow_operators.py
[2025-10-14T10:23:58.553+0000] {processor.py:840} INFO - DAG(s) 'example_dynamic_task_mapping_with_no_taskflow_operators' retrieved from /home/airflow/.local/lib/python3.8/site-packages/airflow/example_dags/example_dynamic_task_mapping_with_no_taskflow_operators.py
[2025-10-14T10:23:58.594+0000] {logging_mixin.py:188} INFO - [2025-10-14T10:23:58.594+0000] {dag.py:3036} INFO - Sync 1 DAGs
[2025-10-14T10:23:58.638+0000] {logging_mixin.py:188} INFO - [2025-10-14T10:23:58.637+0000] {dag.py:3823} INFO - Setting next_dagrun for example_dynamic_task_mapping_with_no_taskflow_operators to 2025-10-13 00:00:00+00:00, run_after=2025-10-14 00:00:00+00:00
[2025-10-14T10:23:58.681+0000] {processor.py:183} INFO - Processing /home/airflow/.local/lib/python3.8/site-packages/airflow/example_dags/example_dynamic_task_mapping_with_no_taskflow_operators.py took 0.152 seconds
[2025-10-14T10:24:29.890+0000] {processor.py:161} INFO - Started process (PID=78754) to work on /home/airflow/.local/lib/python3.8/site-packages/airflow/example_dags/example_dynamic_task_mapping_with_no_taskflow_operators.py
[2025-10-14T10:24:29.892+0000] {processor.py:830} INFO - Processing file /home/airflow/.local/lib/python3.8/site-packages/airflow/example_dags/example_dynamic_task_mapping_with_no_taskflow_operators.py for tasks to queue
[2025-10-14T10:24:29.894+0000] {logging_mixin.py:188} INFO - [2025-10-14T10:24:29.893+0000] {dagbag.py:538} INFO - Filling up the DagBag from /home/airflow/.local/lib/python3.8/site-packages/airflow/example_dags/example_dynamic_task_mapping_with_no_taskflow_operators.py
[2025-10-14T10:24:29.909+0000] {processor.py:840} INFO - DAG(s) 'example_dynamic_task_mapping_with_no_taskflow_operators' retrieved from /home/airflow/.local/lib/python3.8/site-packages/airflow/example_dags/example_dynamic_task_mapping_with_no_taskflow_operators.py
[2025-10-14T10:24:29.960+0000] {logging_mixin.py:188} INFO - [2025-10-14T10:24:29.959+0000] {dag.py:3036} INFO - Sync 1 DAGs
[2025-10-14T10:24:29.997+0000] {logging_mixin.py:188} INFO - [2025-10-14T10:24:29.997+0000] {dag.py:3823} INFO - Setting next_dagrun for example_dynamic_task_mapping_with_no_taskflow_operators to 2025-10-13 00:00:00+00:00, run_after=2025-10-14 00:00:00+00:00
[2025-10-14T10:24:30.048+0000] {processor.py:183} INFO - Processing /home/airflow/.local/lib/python3.8/site-packages/airflow/example_dags/example_dynamic_task_mapping_with_no_taskflow_operators.py took 0.165 seconds
[2025-10-14T10:25:01.099+0000] {processor.py:161} INFO - Started process (PID=78824) to work on /home/airflow/.local/lib/python3.8/site-packages/airflow/example_dags/example_dynamic_task_mapping_with_no_taskflow_operators.py
[2025-10-14T10:25:01.101+0000] {processor.py:830} INFO - Processing file /home/airflow/.local/lib/python3.8/site-packages/airflow/example_dags/example_dynamic_task_mapping_with_no_taskflow_operators.py for tasks to queue
[2025-10-14T10:25:01.102+0000] {logging_mixin.py:188} INFO - [2025-10-14T10:25:01.102+0000] {dagbag.py:538} INFO - Filling up the DagBag from /home/airflow/.local/lib/python3.8/site-packages/airflow/example_dags/example_dynamic_task_mapping_with_no_taskflow_operators.py
[2025-10-14T10:25:01.114+0000] {processor.py:840} INFO - DAG(s) 'example_dynamic_task_mapping_with_no_taskflow_operators' retrieved from /home/airflow/.local/lib/python3.8/site-packages/airflow/example_dags/example_dynamic_task_mapping_with_no_taskflow_operators.py
[2025-10-14T10:25:01.154+0000] {logging_mixin.py:188} INFO - [2025-10-14T10:25:01.154+0000] {dag.py:3036} INFO - Sync 1 DAGs
[2025-10-14T10:25:01.194+0000] {logging_mixin.py:188} INFO - [2025-10-14T10:25:01.194+0000] {dag.py:3823} INFO - Setting next_dagrun for example_dynamic_task_mapping_with_no_taskflow_operators to 2025-10-13 00:00:00+00:00, run_after=2025-10-14 00:00:00+00:00
[2025-10-14T10:25:01.227+0000] {processor.py:183} INFO - Processing /home/airflow/.local/lib/python3.8/site-packages/airflow/example_dags/example_dynamic_task_mapping_with_no_taskflow_operators.py took 0.134 seconds
[2025-10-14T10:25:31.518+0000] {processor.py:161} INFO - Started process (PID=78894) to work on /home/airflow/.local/lib/python3.8/site-packages/airflow/example_dags/example_dynamic_task_mapping_with_no_taskflow_operators.py
[2025-10-14T10:25:31.520+0000] {processor.py:830} INFO - Processing file /home/airflow/.local/lib/python3.8/site-packages/airflow/example_dags/example_dynamic_task_mapping_with_no_taskflow_operators.py for tasks to queue
[2025-10-14T10:25:31.522+0000] {logging_mixin.py:188} INFO - [2025-10-14T10:25:31.521+0000] {dagbag.py:538} INFO - Filling up the DagBag from /home/airflow/.local/lib/python3.8/site-packages/airflow/example_dags/example_dynamic_task_mapping_with_no_taskflow_operators.py
[2025-10-14T10:25:31.536+0000] {processor.py:840} INFO - DAG(s) 'example_dynamic_task_mapping_with_no_taskflow_operators' retrieved from /home/airflow/.local/lib/python3.8/site-packages/airflow/example_dags/example_dynamic_task_mapping_with_no_taskflow_operators.py
[2025-10-14T10:25:31.578+0000] {logging_mixin.py:188} INFO - [2025-10-14T10:25:31.577+0000] {dag.py:3036} INFO - Sync 1 DAGs
[2025-10-14T10:25:31.624+0000] {logging_mixin.py:188} INFO - [2025-10-14T10:25:31.624+0000] {dag.py:3823} INFO - Setting next_dagrun for example_dynamic_task_mapping_with_no_taskflow_operators to 2025-10-13 00:00:00+00:00, run_after=2025-10-14 00:00:00+00:00
[2025-10-14T10:25:31.662+0000] {processor.py:183} INFO - Processing /home/airflow/.local/lib/python3.8/site-packages/airflow/example_dags/example_dynamic_task_mapping_with_no_taskflow_operators.py took 0.151 seconds
[2025-10-14T10:26:03.155+0000] {processor.py:161} INFO - Started process (PID=78964) to work on /home/airflow/.local/lib/python3.8/site-packages/airflow/example_dags/example_dynamic_task_mapping_with_no_taskflow_operators.py
[2025-10-14T10:26:03.157+0000] {processor.py:830} INFO - Processing file /home/airflow/.local/lib/python3.8/site-packages/airflow/example_dags/example_dynamic_task_mapping_with_no_taskflow_operators.py for tasks to queue
[2025-10-14T10:26:03.159+0000] {logging_mixin.py:188} INFO - [2025-10-14T10:26:03.158+0000] {dagbag.py:538} INFO - Filling up the DagBag from /home/airflow/.local/lib/python3.8/site-packages/airflow/example_dags/example_dynamic_task_mapping_with_no_taskflow_operators.py
[2025-10-14T10:26:03.172+0000] {processor.py:840} INFO - DAG(s) 'example_dynamic_task_mapping_with_no_taskflow_operators' retrieved from /home/airflow/.local/lib/python3.8/site-packages/airflow/example_dags/example_dynamic_task_mapping_with_no_taskflow_operators.py
[2025-10-14T10:26:03.219+0000] {logging_mixin.py:188} INFO - [2025-10-14T10:26:03.218+0000] {dag.py:3036} INFO - Sync 1 DAGs
[2025-10-14T10:26:03.274+0000] {logging_mixin.py:188} INFO - [2025-10-14T10:26:03.274+0000] {dag.py:3823} INFO - Setting next_dagrun for example_dynamic_task_mapping_with_no_taskflow_operators to 2025-10-13 00:00:00+00:00, run_after=2025-10-14 00:00:00+00:00
[2025-10-14T10:26:03.334+0000] {processor.py:183} INFO - Processing /home/airflow/.local/lib/python3.8/site-packages/airflow/example_dags/example_dynamic_task_mapping_with_no_taskflow_operators.py took 0.186 seconds
[2025-10-14T10:26:34.791+0000] {processor.py:161} INFO - Started process (PID=79034) to work on /home/airflow/.local/lib/python3.8/site-packages/airflow/example_dags/example_dynamic_task_mapping_with_no_taskflow_operators.py
[2025-10-14T10:26:34.793+0000] {processor.py:830} INFO - Processing file /home/airflow/.local/lib/python3.8/site-packages/airflow/example_dags/example_dynamic_task_mapping_with_no_taskflow_operators.py for tasks to queue
[2025-10-14T10:26:34.795+0000] {logging_mixin.py:188} INFO - [2025-10-14T10:26:34.795+0000] {dagbag.py:538} INFO - Filling up the DagBag from /home/airflow/.local/lib/python3.8/site-packages/airflow/example_dags/example_dynamic_task_mapping_with_no_taskflow_operators.py
[2025-10-14T10:26:34.806+0000] {processor.py:840} INFO - DAG(s) 'example_dynamic_task_mapping_with_no_taskflow_operators' retrieved from /home/airflow/.local/lib/python3.8/site-packages/airflow/example_dags/example_dynamic_task_mapping_with_no_taskflow_operators.py
[2025-10-14T10:26:34.844+0000] {logging_mixin.py:188} INFO - [2025-10-14T10:26:34.843+0000] {dag.py:3036} INFO - Sync 1 DAGs
[2025-10-14T10:26:34.881+0000] {logging_mixin.py:188} INFO - [2025-10-14T10:26:34.881+0000] {dag.py:3823} INFO - Setting next_dagrun for example_dynamic_task_mapping_with_no_taskflow_operators to 2025-10-13 00:00:00+00:00, run_after=2025-10-14 00:00:00+00:00
[2025-10-14T10:26:34.918+0000] {processor.py:183} INFO - Processing /home/airflow/.local/lib/python3.8/site-packages/airflow/example_dags/example_dynamic_task_mapping_with_no_taskflow_operators.py took 0.134 seconds
[2025-10-14T10:27:05.425+0000] {processor.py:161} INFO - Started process (PID=79105) to work on /home/airflow/.local/lib/python3.8/site-packages/airflow/example_dags/example_dynamic_task_mapping_with_no_taskflow_operators.py
[2025-10-14T10:27:05.427+0000] {processor.py:830} INFO - Processing file /home/airflow/.local/lib/python3.8/site-packages/airflow/example_dags/example_dynamic_task_mapping_with_no_taskflow_operators.py for tasks to queue
[2025-10-14T10:27:05.428+0000] {logging_mixin.py:188} INFO - [2025-10-14T10:27:05.428+0000] {dagbag.py:538} INFO - Filling up the DagBag from /home/airflow/.local/lib/python3.8/site-packages/airflow/example_dags/example_dynamic_task_mapping_with_no_taskflow_operators.py
[2025-10-14T10:27:05.439+0000] {processor.py:840} INFO - DAG(s) 'example_dynamic_task_mapping_with_no_taskflow_operators' retrieved from /home/airflow/.local/lib/python3.8/site-packages/airflow/example_dags/example_dynamic_task_mapping_with_no_taskflow_operators.py
[2025-10-14T10:27:05.483+0000] {logging_mixin.py:188} INFO - [2025-10-14T10:27:05.483+0000] {dag.py:3036} INFO - Sync 1 DAGs
[2025-10-14T10:27:05.514+0000] {logging_mixin.py:188} INFO - [2025-10-14T10:27:05.514+0000] {dag.py:3823} INFO - Setting next_dagrun for example_dynamic_task_mapping_with_no_taskflow_operators to 2025-10-13 00:00:00+00:00, run_after=2025-10-14 00:00:00+00:00
[2025-10-14T10:27:05.580+0000] {processor.py:183} INFO - Processing /home/airflow/.local/lib/python3.8/site-packages/airflow/example_dags/example_dynamic_task_mapping_with_no_taskflow_operators.py took 0.160 seconds
[2025-10-14T10:27:35.961+0000] {processor.py:161} INFO - Started process (PID=79175) to work on /home/airflow/.local/lib/python3.8/site-packages/airflow/example_dags/example_dynamic_task_mapping_with_no_taskflow_operators.py
[2025-10-14T10:27:35.962+0000] {processor.py:830} INFO - Processing file /home/airflow/.local/lib/python3.8/site-packages/airflow/example_dags/example_dynamic_task_mapping_with_no_taskflow_operators.py for tasks to queue
[2025-10-14T10:27:35.965+0000] {logging_mixin.py:188} INFO - [2025-10-14T10:27:35.964+0000] {dagbag.py:538} INFO - Filling up the DagBag from /home/airflow/.local/lib/python3.8/site-packages/airflow/example_dags/example_dynamic_task_mapping_with_no_taskflow_operators.py
[2025-10-14T10:27:35.976+0000] {processor.py:840} INFO - DAG(s) 'example_dynamic_task_mapping_with_no_taskflow_operators' retrieved from /home/airflow/.local/lib/python3.8/site-packages/airflow/example_dags/example_dynamic_task_mapping_with_no_taskflow_operators.py
[2025-10-14T10:27:36.022+0000] {logging_mixin.py:188} INFO - [2025-10-14T10:27:36.022+0000] {dag.py:3036} INFO - Sync 1 DAGs
[2025-10-14T10:27:36.067+0000] {logging_mixin.py:188} INFO - [2025-10-14T10:27:36.066+0000] {dag.py:3823} INFO - Setting next_dagrun for example_dynamic_task_mapping_with_no_taskflow_operators to 2025-10-13 00:00:00+00:00, run_after=2025-10-14 00:00:00+00:00
[2025-10-14T10:27:36.096+0000] {processor.py:183} INFO - Processing /home/airflow/.local/lib/python3.8/site-packages/airflow/example_dags/example_dynamic_task_mapping_with_no_taskflow_operators.py took 0.140 seconds
[2025-10-14T10:28:07.486+0000] {processor.py:161} INFO - Started process (PID=79245) to work on /home/airflow/.local/lib/python3.8/site-packages/airflow/example_dags/example_dynamic_task_mapping_with_no_taskflow_operators.py
[2025-10-14T10:28:07.488+0000] {processor.py:830} INFO - Processing file /home/airflow/.local/lib/python3.8/site-packages/airflow/example_dags/example_dynamic_task_mapping_with_no_taskflow_operators.py for tasks to queue
[2025-10-14T10:28:07.490+0000] {logging_mixin.py:188} INFO - [2025-10-14T10:28:07.489+0000] {dagbag.py:538} INFO - Filling up the DagBag from /home/airflow/.local/lib/python3.8/site-packages/airflow/example_dags/example_dynamic_task_mapping_with_no_taskflow_operators.py
[2025-10-14T10:28:07.504+0000] {processor.py:840} INFO - DAG(s) 'example_dynamic_task_mapping_with_no_taskflow_operators' retrieved from /home/airflow/.local/lib/python3.8/site-packages/airflow/example_dags/example_dynamic_task_mapping_with_no_taskflow_operators.py
[2025-10-14T10:28:07.548+0000] {logging_mixin.py:188} INFO - [2025-10-14T10:28:07.547+0000] {dag.py:3036} INFO - Sync 1 DAGs
[2025-10-14T10:28:07.596+0000] {logging_mixin.py:188} INFO - [2025-10-14T10:28:07.596+0000] {dag.py:3823} INFO - Setting next_dagrun for example_dynamic_task_mapping_with_no_taskflow_operators to 2025-10-13 00:00:00+00:00, run_after=2025-10-14 00:00:00+00:00
[2025-10-14T10:28:07.636+0000] {processor.py:183} INFO - Processing /home/airflow/.local/lib/python3.8/site-packages/airflow/example_dags/example_dynamic_task_mapping_with_no_taskflow_operators.py took 0.157 seconds
[2025-10-14T10:28:38.580+0000] {processor.py:161} INFO - Started process (PID=79315) to work on /home/airflow/.local/lib/python3.8/site-packages/airflow/example_dags/example_dynamic_task_mapping_with_no_taskflow_operators.py
[2025-10-14T10:28:38.582+0000] {processor.py:830} INFO - Processing file /home/airflow/.local/lib/python3.8/site-packages/airflow/example_dags/example_dynamic_task_mapping_with_no_taskflow_operators.py for tasks to queue
[2025-10-14T10:28:38.584+0000] {logging_mixin.py:188} INFO - [2025-10-14T10:28:38.583+0000] {dagbag.py:538} INFO - Filling up the DagBag from /home/airflow/.local/lib/python3.8/site-packages/airflow/example_dags/example_dynamic_task_mapping_with_no_taskflow_operators.py
[2025-10-14T10:28:38.595+0000] {processor.py:840} INFO - DAG(s) 'example_dynamic_task_mapping_with_no_taskflow_operators' retrieved from /home/airflow/.local/lib/python3.8/site-packages/airflow/example_dags/example_dynamic_task_mapping_with_no_taskflow_operators.py
[2025-10-14T10:28:38.633+0000] {logging_mixin.py:188} INFO - [2025-10-14T10:28:38.633+0000] {dag.py:3036} INFO - Sync 1 DAGs
[2025-10-14T10:28:38.675+0000] {logging_mixin.py:188} INFO - [2025-10-14T10:28:38.674+0000] {dag.py:3823} INFO - Setting next_dagrun for example_dynamic_task_mapping_with_no_taskflow_operators to 2025-10-13 00:00:00+00:00, run_after=2025-10-14 00:00:00+00:00
[2025-10-14T10:28:38.716+0000] {processor.py:183} INFO - Processing /home/airflow/.local/lib/python3.8/site-packages/airflow/example_dags/example_dynamic_task_mapping_with_no_taskflow_operators.py took 0.142 seconds
[2025-10-14T10:29:09.467+0000] {processor.py:161} INFO - Started process (PID=79386) to work on /home/airflow/.local/lib/python3.8/site-packages/airflow/example_dags/example_dynamic_task_mapping_with_no_taskflow_operators.py
[2025-10-14T10:29:09.469+0000] {processor.py:830} INFO - Processing file /home/airflow/.local/lib/python3.8/site-packages/airflow/example_dags/example_dynamic_task_mapping_with_no_taskflow_operators.py for tasks to queue
[2025-10-14T10:29:09.471+0000] {logging_mixin.py:188} INFO - [2025-10-14T10:29:09.470+0000] {dagbag.py:538} INFO - Filling up the DagBag from /home/airflow/.local/lib/python3.8/site-packages/airflow/example_dags/example_dynamic_task_mapping_with_no_taskflow_operators.py
[2025-10-14T10:29:09.483+0000] {processor.py:840} INFO - DAG(s) 'example_dynamic_task_mapping_with_no_taskflow_operators' retrieved from /home/airflow/.local/lib/python3.8/site-packages/airflow/example_dags/example_dynamic_task_mapping_with_no_taskflow_operators.py
[2025-10-14T10:29:09.524+0000] {logging_mixin.py:188} INFO - [2025-10-14T10:29:09.524+0000] {dag.py:3036} INFO - Sync 1 DAGs
[2025-10-14T10:29:09.556+0000] {logging_mixin.py:188} INFO - [2025-10-14T10:29:09.556+0000] {dag.py:3823} INFO - Setting next_dagrun for example_dynamic_task_mapping_with_no_taskflow_operators to 2025-10-13 00:00:00+00:00, run_after=2025-10-14 00:00:00+00:00
[2025-10-14T10:29:09.588+0000] {processor.py:183} INFO - Processing /home/airflow/.local/lib/python3.8/site-packages/airflow/example_dags/example_dynamic_task_mapping_with_no_taskflow_operators.py took 0.127 seconds
[2025-10-14T10:29:41.191+0000] {processor.py:161} INFO - Started process (PID=79456) to work on /home/airflow/.local/lib/python3.8/site-packages/airflow/example_dags/example_dynamic_task_mapping_with_no_taskflow_operators.py
[2025-10-14T10:29:41.193+0000] {processor.py:830} INFO - Processing file /home/airflow/.local/lib/python3.8/site-packages/airflow/example_dags/example_dynamic_task_mapping_with_no_taskflow_operators.py for tasks to queue
[2025-10-14T10:29:41.196+0000] {logging_mixin.py:188} INFO - [2025-10-14T10:29:41.195+0000] {dagbag.py:538} INFO - Filling up the DagBag from /home/airflow/.local/lib/python3.8/site-packages/airflow/example_dags/example_dynamic_task_mapping_with_no_taskflow_operators.py
[2025-10-14T10:29:41.208+0000] {processor.py:840} INFO - DAG(s) 'example_dynamic_task_mapping_with_no_taskflow_operators' retrieved from /home/airflow/.local/lib/python3.8/site-packages/airflow/example_dags/example_dynamic_task_mapping_with_no_taskflow_operators.py
[2025-10-14T10:29:41.246+0000] {logging_mixin.py:188} INFO - [2025-10-14T10:29:41.246+0000] {dag.py:3036} INFO - Sync 1 DAGs
[2025-10-14T10:29:41.293+0000] {logging_mixin.py:188} INFO - [2025-10-14T10:29:41.293+0000] {dag.py:3823} INFO - Setting next_dagrun for example_dynamic_task_mapping_with_no_taskflow_operators to 2025-10-13 00:00:00+00:00, run_after=2025-10-14 00:00:00+00:00
[2025-10-14T10:29:41.354+0000] {processor.py:183} INFO - Processing /home/airflow/.local/lib/python3.8/site-packages/airflow/example_dags/example_dynamic_task_mapping_with_no_taskflow_operators.py took 0.168 seconds
[2025-10-14T10:30:11.933+0000] {processor.py:161} INFO - Started process (PID=79526) to work on /home/airflow/.local/lib/python3.8/site-packages/airflow/example_dags/example_dynamic_task_mapping_with_no_taskflow_operators.py
[2025-10-14T10:30:11.935+0000] {processor.py:830} INFO - Processing file /home/airflow/.local/lib/python3.8/site-packages/airflow/example_dags/example_dynamic_task_mapping_with_no_taskflow_operators.py for tasks to queue
[2025-10-14T10:30:11.937+0000] {logging_mixin.py:188} INFO - [2025-10-14T10:30:11.936+0000] {dagbag.py:538} INFO - Filling up the DagBag from /home/airflow/.local/lib/python3.8/site-packages/airflow/example_dags/example_dynamic_task_mapping_with_no_taskflow_operators.py
[2025-10-14T10:30:11.948+0000] {processor.py:840} INFO - DAG(s) 'example_dynamic_task_mapping_with_no_taskflow_operators' retrieved from /home/airflow/.local/lib/python3.8/site-packages/airflow/example_dags/example_dynamic_task_mapping_with_no_taskflow_operators.py
[2025-10-14T10:30:11.980+0000] {logging_mixin.py:188} INFO - [2025-10-14T10:30:11.980+0000] {dag.py:3036} INFO - Sync 1 DAGs
[2025-10-14T10:30:12.013+0000] {logging_mixin.py:188} INFO - [2025-10-14T10:30:12.013+0000] {dag.py:3823} INFO - Setting next_dagrun for example_dynamic_task_mapping_with_no_taskflow_operators to 2025-10-13 00:00:00+00:00, run_after=2025-10-14 00:00:00+00:00
[2025-10-14T10:30:12.047+0000] {processor.py:183} INFO - Processing /home/airflow/.local/lib/python3.8/site-packages/airflow/example_dags/example_dynamic_task_mapping_with_no_taskflow_operators.py took 0.119 seconds
[2025-10-14T10:30:42.447+0000] {processor.py:161} INFO - Started process (PID=79596) to work on /home/airflow/.local/lib/python3.8/site-packages/airflow/example_dags/example_dynamic_task_mapping_with_no_taskflow_operators.py
[2025-10-14T10:30:42.449+0000] {processor.py:830} INFO - Processing file /home/airflow/.local/lib/python3.8/site-packages/airflow/example_dags/example_dynamic_task_mapping_with_no_taskflow_operators.py for tasks to queue
[2025-10-14T10:30:42.450+0000] {logging_mixin.py:188} INFO - [2025-10-14T10:30:42.450+0000] {dagbag.py:538} INFO - Filling up the DagBag from /home/airflow/.local/lib/python3.8/site-packages/airflow/example_dags/example_dynamic_task_mapping_with_no_taskflow_operators.py
[2025-10-14T10:30:42.460+0000] {processor.py:840} INFO - DAG(s) 'example_dynamic_task_mapping_with_no_taskflow_operators' retrieved from /home/airflow/.local/lib/python3.8/site-packages/airflow/example_dags/example_dynamic_task_mapping_with_no_taskflow_operators.py
[2025-10-14T10:30:42.497+0000] {logging_mixin.py:188} INFO - [2025-10-14T10:30:42.497+0000] {dag.py:3036} INFO - Sync 1 DAGs
[2025-10-14T10:30:42.534+0000] {logging_mixin.py:188} INFO - [2025-10-14T10:30:42.534+0000] {dag.py:3823} INFO - Setting next_dagrun for example_dynamic_task_mapping_with_no_taskflow_operators to 2025-10-13 00:00:00+00:00, run_after=2025-10-14 00:00:00+00:00
[2025-10-14T10:30:42.587+0000] {processor.py:183} INFO - Processing /home/airflow/.local/lib/python3.8/site-packages/airflow/example_dags/example_dynamic_task_mapping_with_no_taskflow_operators.py took 0.145 seconds
[2025-10-14T10:31:13.659+0000] {processor.py:161} INFO - Started process (PID=79666) to work on /home/airflow/.local/lib/python3.8/site-packages/airflow/example_dags/example_dynamic_task_mapping_with_no_taskflow_operators.py
[2025-10-14T10:31:13.662+0000] {processor.py:830} INFO - Processing file /home/airflow/.local/lib/python3.8/site-packages/airflow/example_dags/example_dynamic_task_mapping_with_no_taskflow_operators.py for tasks to queue
[2025-10-14T10:31:13.664+0000] {logging_mixin.py:188} INFO - [2025-10-14T10:31:13.664+0000] {dagbag.py:538} INFO - Filling up the DagBag from /home/airflow/.local/lib/python3.8/site-packages/airflow/example_dags/example_dynamic_task_mapping_with_no_taskflow_operators.py
[2025-10-14T10:31:13.682+0000] {processor.py:840} INFO - DAG(s) 'example_dynamic_task_mapping_with_no_taskflow_operators' retrieved from /home/airflow/.local/lib/python3.8/site-packages/airflow/example_dags/example_dynamic_task_mapping_with_no_taskflow_operators.py
[2025-10-14T10:31:13.723+0000] {logging_mixin.py:188} INFO - [2025-10-14T10:31:13.723+0000] {dag.py:3036} INFO - Sync 1 DAGs
[2025-10-14T10:31:13.763+0000] {logging_mixin.py:188} INFO - [2025-10-14T10:31:13.762+0000] {dag.py:3823} INFO - Setting next_dagrun for example_dynamic_task_mapping_with_no_taskflow_operators to 2025-10-13 00:00:00+00:00, run_after=2025-10-14 00:00:00+00:00
[2025-10-14T10:31:13.828+0000] {processor.py:183} INFO - Processing /home/airflow/.local/lib/python3.8/site-packages/airflow/example_dags/example_dynamic_task_mapping_with_no_taskflow_operators.py took 0.175 seconds
[2025-10-14T10:31:44.617+0000] {processor.py:161} INFO - Started process (PID=79735) to work on /home/airflow/.local/lib/python3.8/site-packages/airflow/example_dags/example_dynamic_task_mapping_with_no_taskflow_operators.py
[2025-10-14T10:31:44.619+0000] {processor.py:830} INFO - Processing file /home/airflow/.local/lib/python3.8/site-packages/airflow/example_dags/example_dynamic_task_mapping_with_no_taskflow_operators.py for tasks to queue
[2025-10-14T10:31:44.621+0000] {logging_mixin.py:188} INFO - [2025-10-14T10:31:44.620+0000] {dagbag.py:538} INFO - Filling up the DagBag from /home/airflow/.local/lib/python3.8/site-packages/airflow/example_dags/example_dynamic_task_mapping_with_no_taskflow_operators.py
[2025-10-14T10:31:44.633+0000] {processor.py:840} INFO - DAG(s) 'example_dynamic_task_mapping_with_no_taskflow_operators' retrieved from /home/airflow/.local/lib/python3.8/site-packages/airflow/example_dags/example_dynamic_task_mapping_with_no_taskflow_operators.py
[2025-10-14T10:31:44.670+0000] {logging_mixin.py:188} INFO - [2025-10-14T10:31:44.669+0000] {dag.py:3036} INFO - Sync 1 DAGs
[2025-10-14T10:31:44.713+0000] {logging_mixin.py:188} INFO - [2025-10-14T10:31:44.713+0000] {dag.py:3823} INFO - Setting next_dagrun for example_dynamic_task_mapping_with_no_taskflow_operators to 2025-10-13 00:00:00+00:00, run_after=2025-10-14 00:00:00+00:00
[2025-10-14T10:31:44.742+0000] {processor.py:183} INFO - Processing /home/airflow/.local/lib/python3.8/site-packages/airflow/example_dags/example_dynamic_task_mapping_with_no_taskflow_operators.py took 0.131 seconds
[2025-10-14T10:32:15.904+0000] {processor.py:161} INFO - Started process (PID=79805) to work on /home/airflow/.local/lib/python3.8/site-packages/airflow/example_dags/example_dynamic_task_mapping_with_no_taskflow_operators.py
[2025-10-14T10:32:15.906+0000] {processor.py:830} INFO - Processing file /home/airflow/.local/lib/python3.8/site-packages/airflow/example_dags/example_dynamic_task_mapping_with_no_taskflow_operators.py for tasks to queue
[2025-10-14T10:32:15.908+0000] {logging_mixin.py:188} INFO - [2025-10-14T10:32:15.908+0000] {dagbag.py:538} INFO - Filling up the DagBag from /home/airflow/.local/lib/python3.8/site-packages/airflow/example_dags/example_dynamic_task_mapping_with_no_taskflow_operators.py
[2025-10-14T10:32:15.919+0000] {processor.py:840} INFO - DAG(s) 'example_dynamic_task_mapping_with_no_taskflow_operators' retrieved from /home/airflow/.local/lib/python3.8/site-packages/airflow/example_dags/example_dynamic_task_mapping_with_no_taskflow_operators.py
[2025-10-14T10:32:15.953+0000] {logging_mixin.py:188} INFO - [2025-10-14T10:32:15.952+0000] {dag.py:3036} INFO - Sync 1 DAGs
[2025-10-14T10:32:15.984+0000] {logging_mixin.py:188} INFO - [2025-10-14T10:32:15.984+0000] {dag.py:3823} INFO - Setting next_dagrun for example_dynamic_task_mapping_with_no_taskflow_operators to 2025-10-13 00:00:00+00:00, run_after=2025-10-14 00:00:00+00:00
[2025-10-14T10:32:16.033+0000] {processor.py:183} INFO - Processing /home/airflow/.local/lib/python3.8/site-packages/airflow/example_dags/example_dynamic_task_mapping_with_no_taskflow_operators.py took 0.134 seconds
[2025-10-14T10:32:46.672+0000] {processor.py:161} INFO - Started process (PID=79875) to work on /home/airflow/.local/lib/python3.8/site-packages/airflow/example_dags/example_dynamic_task_mapping_with_no_taskflow_operators.py
[2025-10-14T10:32:46.674+0000] {processor.py:830} INFO - Processing file /home/airflow/.local/lib/python3.8/site-packages/airflow/example_dags/example_dynamic_task_mapping_with_no_taskflow_operators.py for tasks to queue
[2025-10-14T10:32:46.675+0000] {logging_mixin.py:188} INFO - [2025-10-14T10:32:46.675+0000] {dagbag.py:538} INFO - Filling up the DagBag from /home/airflow/.local/lib/python3.8/site-packages/airflow/example_dags/example_dynamic_task_mapping_with_no_taskflow_operators.py
[2025-10-14T10:32:46.689+0000] {processor.py:840} INFO - DAG(s) 'example_dynamic_task_mapping_with_no_taskflow_operators' retrieved from /home/airflow/.local/lib/python3.8/site-packages/airflow/example_dags/example_dynamic_task_mapping_with_no_taskflow_operators.py
[2025-10-14T10:32:46.733+0000] {logging_mixin.py:188} INFO - [2025-10-14T10:32:46.733+0000] {dag.py:3036} INFO - Sync 1 DAGs
[2025-10-14T10:32:46.771+0000] {logging_mixin.py:188} INFO - [2025-10-14T10:32:46.770+0000] {dag.py:3823} INFO - Setting next_dagrun for example_dynamic_task_mapping_with_no_taskflow_operators to 2025-10-13 00:00:00+00:00, run_after=2025-10-14 00:00:00+00:00
[2025-10-14T10:32:46.802+0000] {processor.py:183} INFO - Processing /home/airflow/.local/lib/python3.8/site-packages/airflow/example_dags/example_dynamic_task_mapping_with_no_taskflow_operators.py took 0.140 seconds
[2025-10-14T10:33:18.509+0000] {processor.py:161} INFO - Started process (PID=79951) to work on /home/airflow/.local/lib/python3.8/site-packages/airflow/example_dags/example_dynamic_task_mapping_with_no_taskflow_operators.py
[2025-10-14T10:33:18.512+0000] {processor.py:830} INFO - Processing file /home/airflow/.local/lib/python3.8/site-packages/airflow/example_dags/example_dynamic_task_mapping_with_no_taskflow_operators.py for tasks to queue
[2025-10-14T10:33:18.522+0000] {logging_mixin.py:188} INFO - [2025-10-14T10:33:18.514+0000] {dagbag.py:538} INFO - Filling up the DagBag from /home/airflow/.local/lib/python3.8/site-packages/airflow/example_dags/example_dynamic_task_mapping_with_no_taskflow_operators.py
[2025-10-14T10:33:18.548+0000] {processor.py:840} INFO - DAG(s) 'example_dynamic_task_mapping_with_no_taskflow_operators' retrieved from /home/airflow/.local/lib/python3.8/site-packages/airflow/example_dags/example_dynamic_task_mapping_with_no_taskflow_operators.py
[2025-10-14T10:33:18.626+0000] {logging_mixin.py:188} INFO - [2025-10-14T10:33:18.624+0000] {dag.py:3036} INFO - Sync 1 DAGs
[2025-10-14T10:33:18.714+0000] {logging_mixin.py:188} INFO - [2025-10-14T10:33:18.713+0000] {dag.py:3823} INFO - Setting next_dagrun for example_dynamic_task_mapping_with_no_taskflow_operators to 2025-10-13 00:00:00+00:00, run_after=2025-10-14 00:00:00+00:00
[2025-10-14T10:33:18.760+0000] {processor.py:183} INFO - Processing /home/airflow/.local/lib/python3.8/site-packages/airflow/example_dags/example_dynamic_task_mapping_with_no_taskflow_operators.py took 0.258 seconds
[2025-10-14T10:33:49.720+0000] {processor.py:161} INFO - Started process (PID=80021) to work on /home/airflow/.local/lib/python3.8/site-packages/airflow/example_dags/example_dynamic_task_mapping_with_no_taskflow_operators.py
[2025-10-14T10:33:49.722+0000] {processor.py:830} INFO - Processing file /home/airflow/.local/lib/python3.8/site-packages/airflow/example_dags/example_dynamic_task_mapping_with_no_taskflow_operators.py for tasks to queue
[2025-10-14T10:33:49.724+0000] {logging_mixin.py:188} INFO - [2025-10-14T10:33:49.723+0000] {dagbag.py:538} INFO - Filling up the DagBag from /home/airflow/.local/lib/python3.8/site-packages/airflow/example_dags/example_dynamic_task_mapping_with_no_taskflow_operators.py
[2025-10-14T10:33:49.735+0000] {processor.py:840} INFO - DAG(s) 'example_dynamic_task_mapping_with_no_taskflow_operators' retrieved from /home/airflow/.local/lib/python3.8/site-packages/airflow/example_dags/example_dynamic_task_mapping_with_no_taskflow_operators.py
[2025-10-14T10:33:49.781+0000] {logging_mixin.py:188} INFO - [2025-10-14T10:33:49.780+0000] {dag.py:3036} INFO - Sync 1 DAGs
[2025-10-14T10:33:49.819+0000] {logging_mixin.py:188} INFO - [2025-10-14T10:33:49.819+0000] {dag.py:3823} INFO - Setting next_dagrun for example_dynamic_task_mapping_with_no_taskflow_operators to 2025-10-13 00:00:00+00:00, run_after=2025-10-14 00:00:00+00:00
[2025-10-14T10:33:49.868+0000] {processor.py:183} INFO - Processing /home/airflow/.local/lib/python3.8/site-packages/airflow/example_dags/example_dynamic_task_mapping_with_no_taskflow_operators.py took 0.153 seconds
[2025-10-14T10:34:21.540+0000] {processor.py:161} INFO - Started process (PID=80091) to work on /home/airflow/.local/lib/python3.8/site-packages/airflow/example_dags/example_dynamic_task_mapping_with_no_taskflow_operators.py
[2025-10-14T10:34:21.541+0000] {processor.py:830} INFO - Processing file /home/airflow/.local/lib/python3.8/site-packages/airflow/example_dags/example_dynamic_task_mapping_with_no_taskflow_operators.py for tasks to queue
[2025-10-14T10:34:21.543+0000] {logging_mixin.py:188} INFO - [2025-10-14T10:34:21.542+0000] {dagbag.py:538} INFO - Filling up the DagBag from /home/airflow/.local/lib/python3.8/site-packages/airflow/example_dags/example_dynamic_task_mapping_with_no_taskflow_operators.py
[2025-10-14T10:34:21.554+0000] {processor.py:840} INFO - DAG(s) 'example_dynamic_task_mapping_with_no_taskflow_operators' retrieved from /home/airflow/.local/lib/python3.8/site-packages/airflow/example_dags/example_dynamic_task_mapping_with_no_taskflow_operators.py
[2025-10-14T10:34:21.592+0000] {logging_mixin.py:188} INFO - [2025-10-14T10:34:21.591+0000] {dag.py:3036} INFO - Sync 1 DAGs
[2025-10-14T10:34:21.626+0000] {logging_mixin.py:188} INFO - [2025-10-14T10:34:21.626+0000] {dag.py:3823} INFO - Setting next_dagrun for example_dynamic_task_mapping_with_no_taskflow_operators to 2025-10-13 00:00:00+00:00, run_after=2025-10-14 00:00:00+00:00
[2025-10-14T10:34:21.661+0000] {processor.py:183} INFO - Processing /home/airflow/.local/lib/python3.8/site-packages/airflow/example_dags/example_dynamic_task_mapping_with_no_taskflow_operators.py took 0.127 seconds
[2025-10-14T10:34:52.644+0000] {processor.py:161} INFO - Started process (PID=80160) to work on /home/airflow/.local/lib/python3.8/site-packages/airflow/example_dags/example_dynamic_task_mapping_with_no_taskflow_operators.py
[2025-10-14T10:34:52.647+0000] {processor.py:830} INFO - Processing file /home/airflow/.local/lib/python3.8/site-packages/airflow/example_dags/example_dynamic_task_mapping_with_no_taskflow_operators.py for tasks to queue
[2025-10-14T10:34:52.650+0000] {logging_mixin.py:188} INFO - [2025-10-14T10:34:52.649+0000] {dagbag.py:538} INFO - Filling up the DagBag from /home/airflow/.local/lib/python3.8/site-packages/airflow/example_dags/example_dynamic_task_mapping_with_no_taskflow_operators.py
[2025-10-14T10:34:52.668+0000] {processor.py:840} INFO - DAG(s) 'example_dynamic_task_mapping_with_no_taskflow_operators' retrieved from /home/airflow/.local/lib/python3.8/site-packages/airflow/example_dags/example_dynamic_task_mapping_with_no_taskflow_operators.py
[2025-10-14T10:34:52.712+0000] {logging_mixin.py:188} INFO - [2025-10-14T10:34:52.711+0000] {dag.py:3036} INFO - Sync 1 DAGs
[2025-10-14T10:34:52.745+0000] {logging_mixin.py:188} INFO - [2025-10-14T10:34:52.745+0000] {dag.py:3823} INFO - Setting next_dagrun for example_dynamic_task_mapping_with_no_taskflow_operators to 2025-10-13 00:00:00+00:00, run_after=2025-10-14 00:00:00+00:00
[2025-10-14T10:34:52.808+0000] {processor.py:183} INFO - Processing /home/airflow/.local/lib/python3.8/site-packages/airflow/example_dags/example_dynamic_task_mapping_with_no_taskflow_operators.py took 0.173 seconds
[2025-10-14T10:35:23.360+0000] {processor.py:161} INFO - Started process (PID=80230) to work on /home/airflow/.local/lib/python3.8/site-packages/airflow/example_dags/example_dynamic_task_mapping_with_no_taskflow_operators.py
[2025-10-14T10:35:23.363+0000] {processor.py:830} INFO - Processing file /home/airflow/.local/lib/python3.8/site-packages/airflow/example_dags/example_dynamic_task_mapping_with_no_taskflow_operators.py for tasks to queue
[2025-10-14T10:35:23.366+0000] {logging_mixin.py:188} INFO - [2025-10-14T10:35:23.365+0000] {dagbag.py:538} INFO - Filling up the DagBag from /home/airflow/.local/lib/python3.8/site-packages/airflow/example_dags/example_dynamic_task_mapping_with_no_taskflow_operators.py
[2025-10-14T10:35:23.381+0000] {processor.py:840} INFO - DAG(s) 'example_dynamic_task_mapping_with_no_taskflow_operators' retrieved from /home/airflow/.local/lib/python3.8/site-packages/airflow/example_dags/example_dynamic_task_mapping_with_no_taskflow_operators.py
[2025-10-14T10:35:23.424+0000] {logging_mixin.py:188} INFO - [2025-10-14T10:35:23.424+0000] {dag.py:3036} INFO - Sync 1 DAGs
[2025-10-14T10:35:23.465+0000] {logging_mixin.py:188} INFO - [2025-10-14T10:35:23.464+0000] {dag.py:3823} INFO - Setting next_dagrun for example_dynamic_task_mapping_with_no_taskflow_operators to 2025-10-13 00:00:00+00:00, run_after=2025-10-14 00:00:00+00:00
[2025-10-14T10:35:23.493+0000] {processor.py:183} INFO - Processing /home/airflow/.local/lib/python3.8/site-packages/airflow/example_dags/example_dynamic_task_mapping_with_no_taskflow_operators.py took 0.141 seconds
[2025-10-14T11:45:33.223+0000] {processor.py:161} INFO - Started process (PID=80305) to work on /home/airflow/.local/lib/python3.8/site-packages/airflow/example_dags/example_dynamic_task_mapping_with_no_taskflow_operators.py
[2025-10-14T11:45:33.227+0000] {processor.py:830} INFO - Processing file /home/airflow/.local/lib/python3.8/site-packages/airflow/example_dags/example_dynamic_task_mapping_with_no_taskflow_operators.py for tasks to queue
[2025-10-14T11:45:33.234+0000] {logging_mixin.py:188} INFO - [2025-10-14T11:45:33.233+0000] {dagbag.py:538} INFO - Filling up the DagBag from /home/airflow/.local/lib/python3.8/site-packages/airflow/example_dags/example_dynamic_task_mapping_with_no_taskflow_operators.py
[2025-10-14T11:45:33.260+0000] {processor.py:840} INFO - DAG(s) 'example_dynamic_task_mapping_with_no_taskflow_operators' retrieved from /home/airflow/.local/lib/python3.8/site-packages/airflow/example_dags/example_dynamic_task_mapping_with_no_taskflow_operators.py
[2025-10-14T11:45:33.310+0000] {logging_mixin.py:188} INFO - [2025-10-14T11:45:33.310+0000] {dag.py:3036} INFO - Sync 1 DAGs
[2025-10-14T11:45:33.368+0000] {logging_mixin.py:188} INFO - [2025-10-14T11:45:33.367+0000] {dag.py:3823} INFO - Setting next_dagrun for example_dynamic_task_mapping_with_no_taskflow_operators to 2025-10-13 00:00:00+00:00, run_after=2025-10-14 00:00:00+00:00
[2025-10-14T11:45:33.412+0000] {processor.py:183} INFO - Processing /home/airflow/.local/lib/python3.8/site-packages/airflow/example_dags/example_dynamic_task_mapping_with_no_taskflow_operators.py took 0.203 seconds
[2025-10-14T11:46:03.464+0000] {processor.py:161} INFO - Started process (PID=80375) to work on /home/airflow/.local/lib/python3.8/site-packages/airflow/example_dags/example_dynamic_task_mapping_with_no_taskflow_operators.py
[2025-10-14T11:46:03.465+0000] {processor.py:830} INFO - Processing file /home/airflow/.local/lib/python3.8/site-packages/airflow/example_dags/example_dynamic_task_mapping_with_no_taskflow_operators.py for tasks to queue
[2025-10-14T11:46:03.467+0000] {logging_mixin.py:188} INFO - [2025-10-14T11:46:03.466+0000] {dagbag.py:538} INFO - Filling up the DagBag from /home/airflow/.local/lib/python3.8/site-packages/airflow/example_dags/example_dynamic_task_mapping_with_no_taskflow_operators.py
[2025-10-14T11:46:03.475+0000] {processor.py:840} INFO - DAG(s) 'example_dynamic_task_mapping_with_no_taskflow_operators' retrieved from /home/airflow/.local/lib/python3.8/site-packages/airflow/example_dags/example_dynamic_task_mapping_with_no_taskflow_operators.py
[2025-10-14T11:46:03.504+0000] {logging_mixin.py:188} INFO - [2025-10-14T11:46:03.504+0000] {dag.py:3036} INFO - Sync 1 DAGs
[2025-10-14T11:46:03.533+0000] {logging_mixin.py:188} INFO - [2025-10-14T11:46:03.532+0000] {dag.py:3823} INFO - Setting next_dagrun for example_dynamic_task_mapping_with_no_taskflow_operators to 2025-10-13 00:00:00+00:00, run_after=2025-10-14 00:00:00+00:00
[2025-10-14T11:46:03.556+0000] {processor.py:183} INFO - Processing /home/airflow/.local/lib/python3.8/site-packages/airflow/example_dags/example_dynamic_task_mapping_with_no_taskflow_operators.py took 0.097 seconds
[2025-10-14T11:46:33.735+0000] {processor.py:161} INFO - Started process (PID=80445) to work on /home/airflow/.local/lib/python3.8/site-packages/airflow/example_dags/example_dynamic_task_mapping_with_no_taskflow_operators.py
[2025-10-14T11:46:33.737+0000] {processor.py:830} INFO - Processing file /home/airflow/.local/lib/python3.8/site-packages/airflow/example_dags/example_dynamic_task_mapping_with_no_taskflow_operators.py for tasks to queue
[2025-10-14T11:46:33.739+0000] {logging_mixin.py:188} INFO - [2025-10-14T11:46:33.738+0000] {dagbag.py:538} INFO - Filling up the DagBag from /home/airflow/.local/lib/python3.8/site-packages/airflow/example_dags/example_dynamic_task_mapping_with_no_taskflow_operators.py
[2025-10-14T11:46:33.750+0000] {processor.py:840} INFO - DAG(s) 'example_dynamic_task_mapping_with_no_taskflow_operators' retrieved from /home/airflow/.local/lib/python3.8/site-packages/airflow/example_dags/example_dynamic_task_mapping_with_no_taskflow_operators.py
[2025-10-14T11:46:33.792+0000] {logging_mixin.py:188} INFO - [2025-10-14T11:46:33.792+0000] {dag.py:3036} INFO - Sync 1 DAGs
[2025-10-14T11:46:33.840+0000] {logging_mixin.py:188} INFO - [2025-10-14T11:46:33.839+0000] {dag.py:3823} INFO - Setting next_dagrun for example_dynamic_task_mapping_with_no_taskflow_operators to 2025-10-13 00:00:00+00:00, run_after=2025-10-14 00:00:00+00:00
[2025-10-14T11:46:33.867+0000] {processor.py:183} INFO - Processing /home/airflow/.local/lib/python3.8/site-packages/airflow/example_dags/example_dynamic_task_mapping_with_no_taskflow_operators.py took 0.139 seconds
[2025-10-14T11:47:04.635+0000] {processor.py:161} INFO - Started process (PID=80515) to work on /home/airflow/.local/lib/python3.8/site-packages/airflow/example_dags/example_dynamic_task_mapping_with_no_taskflow_operators.py
[2025-10-14T11:47:04.637+0000] {processor.py:830} INFO - Processing file /home/airflow/.local/lib/python3.8/site-packages/airflow/example_dags/example_dynamic_task_mapping_with_no_taskflow_operators.py for tasks to queue
[2025-10-14T11:47:04.639+0000] {logging_mixin.py:188} INFO - [2025-10-14T11:47:04.638+0000] {dagbag.py:538} INFO - Filling up the DagBag from /home/airflow/.local/lib/python3.8/site-packages/airflow/example_dags/example_dynamic_task_mapping_with_no_taskflow_operators.py
[2025-10-14T11:47:04.653+0000] {processor.py:840} INFO - DAG(s) 'example_dynamic_task_mapping_with_no_taskflow_operators' retrieved from /home/airflow/.local/lib/python3.8/site-packages/airflow/example_dags/example_dynamic_task_mapping_with_no_taskflow_operators.py
[2025-10-14T11:47:04.698+0000] {logging_mixin.py:188} INFO - [2025-10-14T11:47:04.698+0000] {dag.py:3036} INFO - Sync 1 DAGs
[2025-10-14T11:47:04.737+0000] {logging_mixin.py:188} INFO - [2025-10-14T11:47:04.737+0000] {dag.py:3823} INFO - Setting next_dagrun for example_dynamic_task_mapping_with_no_taskflow_operators to 2025-10-13 00:00:00+00:00, run_after=2025-10-14 00:00:00+00:00
[2025-10-14T11:47:04.770+0000] {processor.py:183} INFO - Processing /home/airflow/.local/lib/python3.8/site-packages/airflow/example_dags/example_dynamic_task_mapping_with_no_taskflow_operators.py took 0.142 seconds
[2025-10-14T11:47:35.878+0000] {processor.py:161} INFO - Started process (PID=80585) to work on /home/airflow/.local/lib/python3.8/site-packages/airflow/example_dags/example_dynamic_task_mapping_with_no_taskflow_operators.py
[2025-10-14T11:47:35.880+0000] {processor.py:830} INFO - Processing file /home/airflow/.local/lib/python3.8/site-packages/airflow/example_dags/example_dynamic_task_mapping_with_no_taskflow_operators.py for tasks to queue
[2025-10-14T11:47:35.881+0000] {logging_mixin.py:188} INFO - [2025-10-14T11:47:35.881+0000] {dagbag.py:538} INFO - Filling up the DagBag from /home/airflow/.local/lib/python3.8/site-packages/airflow/example_dags/example_dynamic_task_mapping_with_no_taskflow_operators.py
[2025-10-14T11:47:35.898+0000] {processor.py:840} INFO - DAG(s) 'example_dynamic_task_mapping_with_no_taskflow_operators' retrieved from /home/airflow/.local/lib/python3.8/site-packages/airflow/example_dags/example_dynamic_task_mapping_with_no_taskflow_operators.py
[2025-10-14T11:47:35.934+0000] {logging_mixin.py:188} INFO - [2025-10-14T11:47:35.933+0000] {dag.py:3036} INFO - Sync 1 DAGs
[2025-10-14T11:47:35.971+0000] {logging_mixin.py:188} INFO - [2025-10-14T11:47:35.970+0000] {dag.py:3823} INFO - Setting next_dagrun for example_dynamic_task_mapping_with_no_taskflow_operators to 2025-10-13 00:00:00+00:00, run_after=2025-10-14 00:00:00+00:00
[2025-10-14T11:47:35.999+0000] {processor.py:183} INFO - Processing /home/airflow/.local/lib/python3.8/site-packages/airflow/example_dags/example_dynamic_task_mapping_with_no_taskflow_operators.py took 0.126 seconds
[2025-10-14T11:48:08.131+0000] {processor.py:161} INFO - Started process (PID=80655) to work on /home/airflow/.local/lib/python3.8/site-packages/airflow/example_dags/example_dynamic_task_mapping_with_no_taskflow_operators.py
[2025-10-14T11:48:08.133+0000] {processor.py:830} INFO - Processing file /home/airflow/.local/lib/python3.8/site-packages/airflow/example_dags/example_dynamic_task_mapping_with_no_taskflow_operators.py for tasks to queue
[2025-10-14T11:48:08.135+0000] {logging_mixin.py:188} INFO - [2025-10-14T11:48:08.134+0000] {dagbag.py:538} INFO - Filling up the DagBag from /home/airflow/.local/lib/python3.8/site-packages/airflow/example_dags/example_dynamic_task_mapping_with_no_taskflow_operators.py
[2025-10-14T11:48:08.148+0000] {processor.py:840} INFO - DAG(s) 'example_dynamic_task_mapping_with_no_taskflow_operators' retrieved from /home/airflow/.local/lib/python3.8/site-packages/airflow/example_dags/example_dynamic_task_mapping_with_no_taskflow_operators.py
[2025-10-14T11:48:08.186+0000] {logging_mixin.py:188} INFO - [2025-10-14T11:48:08.186+0000] {dag.py:3036} INFO - Sync 1 DAGs
[2025-10-14T11:48:08.218+0000] {logging_mixin.py:188} INFO - [2025-10-14T11:48:08.218+0000] {dag.py:3823} INFO - Setting next_dagrun for example_dynamic_task_mapping_with_no_taskflow_operators to 2025-10-13 00:00:00+00:00, run_after=2025-10-14 00:00:00+00:00
[2025-10-14T11:48:08.266+0000] {processor.py:183} INFO - Processing /home/airflow/.local/lib/python3.8/site-packages/airflow/example_dags/example_dynamic_task_mapping_with_no_taskflow_operators.py took 0.141 seconds
[2025-10-14T11:48:41.142+0000] {processor.py:161} INFO - Started process (PID=80725) to work on /home/airflow/.local/lib/python3.8/site-packages/airflow/example_dags/example_dynamic_task_mapping_with_no_taskflow_operators.py
[2025-10-14T11:48:41.149+0000] {processor.py:830} INFO - Processing file /home/airflow/.local/lib/python3.8/site-packages/airflow/example_dags/example_dynamic_task_mapping_with_no_taskflow_operators.py for tasks to queue
[2025-10-14T11:48:41.151+0000] {logging_mixin.py:188} INFO - [2025-10-14T11:48:41.150+0000] {dagbag.py:538} INFO - Filling up the DagBag from /home/airflow/.local/lib/python3.8/site-packages/airflow/example_dags/example_dynamic_task_mapping_with_no_taskflow_operators.py
[2025-10-14T11:48:41.172+0000] {processor.py:840} INFO - DAG(s) 'example_dynamic_task_mapping_with_no_taskflow_operators' retrieved from /home/airflow/.local/lib/python3.8/site-packages/airflow/example_dags/example_dynamic_task_mapping_with_no_taskflow_operators.py
[2025-10-14T11:48:41.236+0000] {logging_mixin.py:188} INFO - [2025-10-14T11:48:41.236+0000] {dag.py:3036} INFO - Sync 1 DAGs
[2025-10-14T11:48:41.278+0000] {logging_mixin.py:188} INFO - [2025-10-14T11:48:41.277+0000] {dag.py:3823} INFO - Setting next_dagrun for example_dynamic_task_mapping_with_no_taskflow_operators to 2025-10-13 00:00:00+00:00, run_after=2025-10-14 00:00:00+00:00
[2025-10-14T11:48:41.360+0000] {processor.py:183} INFO - Processing /home/airflow/.local/lib/python3.8/site-packages/airflow/example_dags/example_dynamic_task_mapping_with_no_taskflow_operators.py took 0.228 seconds
[2025-10-14T11:49:12.587+0000] {processor.py:161} INFO - Started process (PID=80795) to work on /home/airflow/.local/lib/python3.8/site-packages/airflow/example_dags/example_dynamic_task_mapping_with_no_taskflow_operators.py
[2025-10-14T11:49:12.590+0000] {processor.py:830} INFO - Processing file /home/airflow/.local/lib/python3.8/site-packages/airflow/example_dags/example_dynamic_task_mapping_with_no_taskflow_operators.py for tasks to queue
[2025-10-14T11:49:12.593+0000] {logging_mixin.py:188} INFO - [2025-10-14T11:49:12.592+0000] {dagbag.py:538} INFO - Filling up the DagBag from /home/airflow/.local/lib/python3.8/site-packages/airflow/example_dags/example_dynamic_task_mapping_with_no_taskflow_operators.py
[2025-10-14T11:49:12.606+0000] {processor.py:840} INFO - DAG(s) 'example_dynamic_task_mapping_with_no_taskflow_operators' retrieved from /home/airflow/.local/lib/python3.8/site-packages/airflow/example_dags/example_dynamic_task_mapping_with_no_taskflow_operators.py
[2025-10-14T11:49:12.657+0000] {logging_mixin.py:188} INFO - [2025-10-14T11:49:12.657+0000] {dag.py:3036} INFO - Sync 1 DAGs
[2025-10-14T11:49:12.707+0000] {logging_mixin.py:188} INFO - [2025-10-14T11:49:12.707+0000] {dag.py:3823} INFO - Setting next_dagrun for example_dynamic_task_mapping_with_no_taskflow_operators to 2025-10-13 00:00:00+00:00, run_after=2025-10-14 00:00:00+00:00
[2025-10-14T11:49:12.753+0000] {processor.py:183} INFO - Processing /home/airflow/.local/lib/python3.8/site-packages/airflow/example_dags/example_dynamic_task_mapping_with_no_taskflow_operators.py took 0.176 seconds
[2025-10-14T11:49:43.758+0000] {processor.py:161} INFO - Started process (PID=80865) to work on /home/airflow/.local/lib/python3.8/site-packages/airflow/example_dags/example_dynamic_task_mapping_with_no_taskflow_operators.py
[2025-10-14T11:49:43.760+0000] {processor.py:830} INFO - Processing file /home/airflow/.local/lib/python3.8/site-packages/airflow/example_dags/example_dynamic_task_mapping_with_no_taskflow_operators.py for tasks to queue
[2025-10-14T11:49:43.762+0000] {logging_mixin.py:188} INFO - [2025-10-14T11:49:43.762+0000] {dagbag.py:538} INFO - Filling up the DagBag from /home/airflow/.local/lib/python3.8/site-packages/airflow/example_dags/example_dynamic_task_mapping_with_no_taskflow_operators.py
[2025-10-14T11:49:43.775+0000] {processor.py:840} INFO - DAG(s) 'example_dynamic_task_mapping_with_no_taskflow_operators' retrieved from /home/airflow/.local/lib/python3.8/site-packages/airflow/example_dags/example_dynamic_task_mapping_with_no_taskflow_operators.py
[2025-10-14T11:49:43.809+0000] {logging_mixin.py:188} INFO - [2025-10-14T11:49:43.808+0000] {dag.py:3036} INFO - Sync 1 DAGs
[2025-10-14T11:49:43.849+0000] {logging_mixin.py:188} INFO - [2025-10-14T11:49:43.849+0000] {dag.py:3823} INFO - Setting next_dagrun for example_dynamic_task_mapping_with_no_taskflow_operators to 2025-10-13 00:00:00+00:00, run_after=2025-10-14 00:00:00+00:00
[2025-10-14T11:49:43.896+0000] {processor.py:183} INFO - Processing /home/airflow/.local/lib/python3.8/site-packages/airflow/example_dags/example_dynamic_task_mapping_with_no_taskflow_operators.py took 0.147 seconds
[2025-10-14T11:50:15.097+0000] {processor.py:161} INFO - Started process (PID=80935) to work on /home/airflow/.local/lib/python3.8/site-packages/airflow/example_dags/example_dynamic_task_mapping_with_no_taskflow_operators.py
[2025-10-14T11:50:15.101+0000] {processor.py:830} INFO - Processing file /home/airflow/.local/lib/python3.8/site-packages/airflow/example_dags/example_dynamic_task_mapping_with_no_taskflow_operators.py for tasks to queue
[2025-10-14T11:50:15.103+0000] {logging_mixin.py:188} INFO - [2025-10-14T11:50:15.103+0000] {dagbag.py:538} INFO - Filling up the DagBag from /home/airflow/.local/lib/python3.8/site-packages/airflow/example_dags/example_dynamic_task_mapping_with_no_taskflow_operators.py
[2025-10-14T11:50:15.119+0000] {processor.py:840} INFO - DAG(s) 'example_dynamic_task_mapping_with_no_taskflow_operators' retrieved from /home/airflow/.local/lib/python3.8/site-packages/airflow/example_dags/example_dynamic_task_mapping_with_no_taskflow_operators.py
[2025-10-14T11:50:15.173+0000] {logging_mixin.py:188} INFO - [2025-10-14T11:50:15.172+0000] {dag.py:3036} INFO - Sync 1 DAGs
[2025-10-14T11:50:15.219+0000] {logging_mixin.py:188} INFO - [2025-10-14T11:50:15.218+0000] {dag.py:3823} INFO - Setting next_dagrun for example_dynamic_task_mapping_with_no_taskflow_operators to 2025-10-13 00:00:00+00:00, run_after=2025-10-14 00:00:00+00:00
[2025-10-14T11:50:15.272+0000] {processor.py:183} INFO - Processing /home/airflow/.local/lib/python3.8/site-packages/airflow/example_dags/example_dynamic_task_mapping_with_no_taskflow_operators.py took 0.184 seconds
[2025-10-14T11:50:46.381+0000] {processor.py:161} INFO - Started process (PID=81005) to work on /home/airflow/.local/lib/python3.8/site-packages/airflow/example_dags/example_dynamic_task_mapping_with_no_taskflow_operators.py
[2025-10-14T11:50:46.382+0000] {processor.py:830} INFO - Processing file /home/airflow/.local/lib/python3.8/site-packages/airflow/example_dags/example_dynamic_task_mapping_with_no_taskflow_operators.py for tasks to queue
[2025-10-14T11:50:46.384+0000] {logging_mixin.py:188} INFO - [2025-10-14T11:50:46.383+0000] {dagbag.py:538} INFO - Filling up the DagBag from /home/airflow/.local/lib/python3.8/site-packages/airflow/example_dags/example_dynamic_task_mapping_with_no_taskflow_operators.py
[2025-10-14T11:50:46.394+0000] {processor.py:840} INFO - DAG(s) 'example_dynamic_task_mapping_with_no_taskflow_operators' retrieved from /home/airflow/.local/lib/python3.8/site-packages/airflow/example_dags/example_dynamic_task_mapping_with_no_taskflow_operators.py
[2025-10-14T11:50:46.426+0000] {logging_mixin.py:188} INFO - [2025-10-14T11:50:46.426+0000] {dag.py:3036} INFO - Sync 1 DAGs
[2025-10-14T11:50:46.459+0000] {logging_mixin.py:188} INFO - [2025-10-14T11:50:46.459+0000] {dag.py:3823} INFO - Setting next_dagrun for example_dynamic_task_mapping_with_no_taskflow_operators to 2025-10-13 00:00:00+00:00, run_after=2025-10-14 00:00:00+00:00
[2025-10-14T11:50:46.497+0000] {processor.py:183} INFO - Processing /home/airflow/.local/lib/python3.8/site-packages/airflow/example_dags/example_dynamic_task_mapping_with_no_taskflow_operators.py took 0.121 seconds
[2025-10-14T11:51:17.471+0000] {processor.py:161} INFO - Started process (PID=81075) to work on /home/airflow/.local/lib/python3.8/site-packages/airflow/example_dags/example_dynamic_task_mapping_with_no_taskflow_operators.py
[2025-10-14T11:51:17.473+0000] {processor.py:830} INFO - Processing file /home/airflow/.local/lib/python3.8/site-packages/airflow/example_dags/example_dynamic_task_mapping_with_no_taskflow_operators.py for tasks to queue
[2025-10-14T11:51:17.475+0000] {logging_mixin.py:188} INFO - [2025-10-14T11:51:17.474+0000] {dagbag.py:538} INFO - Filling up the DagBag from /home/airflow/.local/lib/python3.8/site-packages/airflow/example_dags/example_dynamic_task_mapping_with_no_taskflow_operators.py
[2025-10-14T11:51:17.487+0000] {processor.py:840} INFO - DAG(s) 'example_dynamic_task_mapping_with_no_taskflow_operators' retrieved from /home/airflow/.local/lib/python3.8/site-packages/airflow/example_dags/example_dynamic_task_mapping_with_no_taskflow_operators.py
[2025-10-14T11:51:17.524+0000] {logging_mixin.py:188} INFO - [2025-10-14T11:51:17.523+0000] {dag.py:3036} INFO - Sync 1 DAGs
[2025-10-14T11:51:17.554+0000] {logging_mixin.py:188} INFO - [2025-10-14T11:51:17.553+0000] {dag.py:3823} INFO - Setting next_dagrun for example_dynamic_task_mapping_with_no_taskflow_operators to 2025-10-13 00:00:00+00:00, run_after=2025-10-14 00:00:00+00:00
[2025-10-14T11:51:17.580+0000] {processor.py:183} INFO - Processing /home/airflow/.local/lib/python3.8/site-packages/airflow/example_dags/example_dynamic_task_mapping_with_no_taskflow_operators.py took 0.115 seconds
[2025-10-14T11:51:49.730+0000] {processor.py:161} INFO - Started process (PID=81145) to work on /home/airflow/.local/lib/python3.8/site-packages/airflow/example_dags/example_dynamic_task_mapping_with_no_taskflow_operators.py
[2025-10-14T11:51:49.732+0000] {processor.py:830} INFO - Processing file /home/airflow/.local/lib/python3.8/site-packages/airflow/example_dags/example_dynamic_task_mapping_with_no_taskflow_operators.py for tasks to queue
[2025-10-14T11:51:49.734+0000] {logging_mixin.py:188} INFO - [2025-10-14T11:51:49.734+0000] {dagbag.py:538} INFO - Filling up the DagBag from /home/airflow/.local/lib/python3.8/site-packages/airflow/example_dags/example_dynamic_task_mapping_with_no_taskflow_operators.py
[2025-10-14T11:51:49.750+0000] {processor.py:840} INFO - DAG(s) 'example_dynamic_task_mapping_with_no_taskflow_operators' retrieved from /home/airflow/.local/lib/python3.8/site-packages/airflow/example_dags/example_dynamic_task_mapping_with_no_taskflow_operators.py
[2025-10-14T11:51:49.793+0000] {logging_mixin.py:188} INFO - [2025-10-14T11:51:49.793+0000] {dag.py:3036} INFO - Sync 1 DAGs
[2025-10-14T11:51:49.833+0000] {logging_mixin.py:188} INFO - [2025-10-14T11:51:49.833+0000] {dag.py:3823} INFO - Setting next_dagrun for example_dynamic_task_mapping_with_no_taskflow_operators to 2025-10-13 00:00:00+00:00, run_after=2025-10-14 00:00:00+00:00
[2025-10-14T11:51:49.864+0000] {processor.py:183} INFO - Processing /home/airflow/.local/lib/python3.8/site-packages/airflow/example_dags/example_dynamic_task_mapping_with_no_taskflow_operators.py took 0.141 seconds
[2025-10-14T11:52:20.581+0000] {processor.py:161} INFO - Started process (PID=81215) to work on /home/airflow/.local/lib/python3.8/site-packages/airflow/example_dags/example_dynamic_task_mapping_with_no_taskflow_operators.py
[2025-10-14T11:52:20.583+0000] {processor.py:830} INFO - Processing file /home/airflow/.local/lib/python3.8/site-packages/airflow/example_dags/example_dynamic_task_mapping_with_no_taskflow_operators.py for tasks to queue
[2025-10-14T11:52:20.584+0000] {logging_mixin.py:188} INFO - [2025-10-14T11:52:20.584+0000] {dagbag.py:538} INFO - Filling up the DagBag from /home/airflow/.local/lib/python3.8/site-packages/airflow/example_dags/example_dynamic_task_mapping_with_no_taskflow_operators.py
[2025-10-14T11:52:20.594+0000] {processor.py:840} INFO - DAG(s) 'example_dynamic_task_mapping_with_no_taskflow_operators' retrieved from /home/airflow/.local/lib/python3.8/site-packages/airflow/example_dags/example_dynamic_task_mapping_with_no_taskflow_operators.py
[2025-10-14T11:52:20.629+0000] {logging_mixin.py:188} INFO - [2025-10-14T11:52:20.628+0000] {dag.py:3036} INFO - Sync 1 DAGs
[2025-10-14T11:52:20.662+0000] {logging_mixin.py:188} INFO - [2025-10-14T11:52:20.661+0000] {dag.py:3823} INFO - Setting next_dagrun for example_dynamic_task_mapping_with_no_taskflow_operators to 2025-10-13 00:00:00+00:00, run_after=2025-10-14 00:00:00+00:00
[2025-10-14T11:52:20.690+0000] {processor.py:183} INFO - Processing /home/airflow/.local/lib/python3.8/site-packages/airflow/example_dags/example_dynamic_task_mapping_with_no_taskflow_operators.py took 0.114 seconds
[2025-10-14T11:52:51.835+0000] {processor.py:161} INFO - Started process (PID=81291) to work on /home/airflow/.local/lib/python3.8/site-packages/airflow/example_dags/example_dynamic_task_mapping_with_no_taskflow_operators.py
[2025-10-14T11:52:51.837+0000] {processor.py:830} INFO - Processing file /home/airflow/.local/lib/python3.8/site-packages/airflow/example_dags/example_dynamic_task_mapping_with_no_taskflow_operators.py for tasks to queue
[2025-10-14T11:52:51.838+0000] {logging_mixin.py:188} INFO - [2025-10-14T11:52:51.838+0000] {dagbag.py:538} INFO - Filling up the DagBag from /home/airflow/.local/lib/python3.8/site-packages/airflow/example_dags/example_dynamic_task_mapping_with_no_taskflow_operators.py
[2025-10-14T11:52:51.848+0000] {processor.py:840} INFO - DAG(s) 'example_dynamic_task_mapping_with_no_taskflow_operators' retrieved from /home/airflow/.local/lib/python3.8/site-packages/airflow/example_dags/example_dynamic_task_mapping_with_no_taskflow_operators.py
[2025-10-14T11:52:51.882+0000] {logging_mixin.py:188} INFO - [2025-10-14T11:52:51.882+0000] {dag.py:3036} INFO - Sync 1 DAGs
[2025-10-14T11:52:51.914+0000] {logging_mixin.py:188} INFO - [2025-10-14T11:52:51.914+0000] {dag.py:3823} INFO - Setting next_dagrun for example_dynamic_task_mapping_with_no_taskflow_operators to 2025-10-13 00:00:00+00:00, run_after=2025-10-14 00:00:00+00:00
[2025-10-14T11:52:51.964+0000] {processor.py:183} INFO - Processing /home/airflow/.local/lib/python3.8/site-packages/airflow/example_dags/example_dynamic_task_mapping_with_no_taskflow_operators.py took 0.134 seconds
[2025-10-14T11:53:22.899+0000] {processor.py:161} INFO - Started process (PID=81361) to work on /home/airflow/.local/lib/python3.8/site-packages/airflow/example_dags/example_dynamic_task_mapping_with_no_taskflow_operators.py
[2025-10-14T11:53:22.901+0000] {processor.py:830} INFO - Processing file /home/airflow/.local/lib/python3.8/site-packages/airflow/example_dags/example_dynamic_task_mapping_with_no_taskflow_operators.py for tasks to queue
[2025-10-14T11:53:22.903+0000] {logging_mixin.py:188} INFO - [2025-10-14T11:53:22.902+0000] {dagbag.py:538} INFO - Filling up the DagBag from /home/airflow/.local/lib/python3.8/site-packages/airflow/example_dags/example_dynamic_task_mapping_with_no_taskflow_operators.py
[2025-10-14T11:53:22.913+0000] {processor.py:840} INFO - DAG(s) 'example_dynamic_task_mapping_with_no_taskflow_operators' retrieved from /home/airflow/.local/lib/python3.8/site-packages/airflow/example_dags/example_dynamic_task_mapping_with_no_taskflow_operators.py
[2025-10-14T11:53:22.946+0000] {logging_mixin.py:188} INFO - [2025-10-14T11:53:22.946+0000] {dag.py:3036} INFO - Sync 1 DAGs
[2025-10-14T11:53:22.979+0000] {logging_mixin.py:188} INFO - [2025-10-14T11:53:22.978+0000] {dag.py:3823} INFO - Setting next_dagrun for example_dynamic_task_mapping_with_no_taskflow_operators to 2025-10-13 00:00:00+00:00, run_after=2025-10-14 00:00:00+00:00
[2025-10-14T11:53:23.021+0000] {processor.py:183} INFO - Processing /home/airflow/.local/lib/python3.8/site-packages/airflow/example_dags/example_dynamic_task_mapping_with_no_taskflow_operators.py took 0.128 seconds
[2025-10-14T11:53:55.048+0000] {processor.py:161} INFO - Started process (PID=81430) to work on /home/airflow/.local/lib/python3.8/site-packages/airflow/example_dags/example_dynamic_task_mapping_with_no_taskflow_operators.py
[2025-10-14T11:53:55.050+0000] {processor.py:830} INFO - Processing file /home/airflow/.local/lib/python3.8/site-packages/airflow/example_dags/example_dynamic_task_mapping_with_no_taskflow_operators.py for tasks to queue
[2025-10-14T11:53:55.052+0000] {logging_mixin.py:188} INFO - [2025-10-14T11:53:55.051+0000] {dagbag.py:538} INFO - Filling up the DagBag from /home/airflow/.local/lib/python3.8/site-packages/airflow/example_dags/example_dynamic_task_mapping_with_no_taskflow_operators.py
[2025-10-14T11:53:55.063+0000] {processor.py:840} INFO - DAG(s) 'example_dynamic_task_mapping_with_no_taskflow_operators' retrieved from /home/airflow/.local/lib/python3.8/site-packages/airflow/example_dags/example_dynamic_task_mapping_with_no_taskflow_operators.py
[2025-10-14T11:53:55.100+0000] {logging_mixin.py:188} INFO - [2025-10-14T11:53:55.099+0000] {dag.py:3036} INFO - Sync 1 DAGs
[2025-10-14T11:53:55.134+0000] {logging_mixin.py:188} INFO - [2025-10-14T11:53:55.134+0000] {dag.py:3823} INFO - Setting next_dagrun for example_dynamic_task_mapping_with_no_taskflow_operators to 2025-10-13 00:00:00+00:00, run_after=2025-10-14 00:00:00+00:00
[2025-10-14T11:53:55.186+0000] {processor.py:183} INFO - Processing /home/airflow/.local/lib/python3.8/site-packages/airflow/example_dags/example_dynamic_task_mapping_with_no_taskflow_operators.py took 0.142 seconds
[2025-10-14T11:54:25.666+0000] {processor.py:161} INFO - Started process (PID=81500) to work on /home/airflow/.local/lib/python3.8/site-packages/airflow/example_dags/example_dynamic_task_mapping_with_no_taskflow_operators.py
[2025-10-14T11:54:25.668+0000] {processor.py:830} INFO - Processing file /home/airflow/.local/lib/python3.8/site-packages/airflow/example_dags/example_dynamic_task_mapping_with_no_taskflow_operators.py for tasks to queue
[2025-10-14T11:54:25.670+0000] {logging_mixin.py:188} INFO - [2025-10-14T11:54:25.669+0000] {dagbag.py:538} INFO - Filling up the DagBag from /home/airflow/.local/lib/python3.8/site-packages/airflow/example_dags/example_dynamic_task_mapping_with_no_taskflow_operators.py
[2025-10-14T11:54:25.682+0000] {processor.py:840} INFO - DAG(s) 'example_dynamic_task_mapping_with_no_taskflow_operators' retrieved from /home/airflow/.local/lib/python3.8/site-packages/airflow/example_dags/example_dynamic_task_mapping_with_no_taskflow_operators.py
[2025-10-14T11:54:25.724+0000] {logging_mixin.py:188} INFO - [2025-10-14T11:54:25.724+0000] {dag.py:3036} INFO - Sync 1 DAGs
[2025-10-14T11:54:25.763+0000] {logging_mixin.py:188} INFO - [2025-10-14T11:54:25.763+0000] {dag.py:3823} INFO - Setting next_dagrun for example_dynamic_task_mapping_with_no_taskflow_operators to 2025-10-13 00:00:00+00:00, run_after=2025-10-14 00:00:00+00:00
[2025-10-14T11:54:25.793+0000] {processor.py:183} INFO - Processing /home/airflow/.local/lib/python3.8/site-packages/airflow/example_dags/example_dynamic_task_mapping_with_no_taskflow_operators.py took 0.132 seconds
[2025-10-14T11:54:58.060+0000] {processor.py:161} INFO - Started process (PID=81569) to work on /home/airflow/.local/lib/python3.8/site-packages/airflow/example_dags/example_dynamic_task_mapping_with_no_taskflow_operators.py
[2025-10-14T11:54:58.065+0000] {processor.py:830} INFO - Processing file /home/airflow/.local/lib/python3.8/site-packages/airflow/example_dags/example_dynamic_task_mapping_with_no_taskflow_operators.py for tasks to queue
[2025-10-14T11:54:58.070+0000] {logging_mixin.py:188} INFO - [2025-10-14T11:54:58.069+0000] {dagbag.py:538} INFO - Filling up the DagBag from /home/airflow/.local/lib/python3.8/site-packages/airflow/example_dags/example_dynamic_task_mapping_with_no_taskflow_operators.py
[2025-10-14T11:54:58.107+0000] {processor.py:840} INFO - DAG(s) 'example_dynamic_task_mapping_with_no_taskflow_operators' retrieved from /home/airflow/.local/lib/python3.8/site-packages/airflow/example_dags/example_dynamic_task_mapping_with_no_taskflow_operators.py
[2025-10-14T11:54:58.245+0000] {logging_mixin.py:188} INFO - [2025-10-14T11:54:58.243+0000] {dag.py:3036} INFO - Sync 1 DAGs
[2025-10-14T11:54:58.304+0000] {logging_mixin.py:188} INFO - [2025-10-14T11:54:58.304+0000] {dag.py:3823} INFO - Setting next_dagrun for example_dynamic_task_mapping_with_no_taskflow_operators to 2025-10-13 00:00:00+00:00, run_after=2025-10-14 00:00:00+00:00
[2025-10-14T11:54:58.360+0000] {processor.py:183} INFO - Processing /home/airflow/.local/lib/python3.8/site-packages/airflow/example_dags/example_dynamic_task_mapping_with_no_taskflow_operators.py took 0.316 seconds
[2025-10-14T11:55:29.087+0000] {processor.py:161} INFO - Started process (PID=81639) to work on /home/airflow/.local/lib/python3.8/site-packages/airflow/example_dags/example_dynamic_task_mapping_with_no_taskflow_operators.py
[2025-10-14T11:55:29.089+0000] {processor.py:830} INFO - Processing file /home/airflow/.local/lib/python3.8/site-packages/airflow/example_dags/example_dynamic_task_mapping_with_no_taskflow_operators.py for tasks to queue
[2025-10-14T11:55:29.090+0000] {logging_mixin.py:188} INFO - [2025-10-14T11:55:29.090+0000] {dagbag.py:538} INFO - Filling up the DagBag from /home/airflow/.local/lib/python3.8/site-packages/airflow/example_dags/example_dynamic_task_mapping_with_no_taskflow_operators.py
[2025-10-14T11:55:29.101+0000] {processor.py:840} INFO - DAG(s) 'example_dynamic_task_mapping_with_no_taskflow_operators' retrieved from /home/airflow/.local/lib/python3.8/site-packages/airflow/example_dags/example_dynamic_task_mapping_with_no_taskflow_operators.py
[2025-10-14T11:55:29.130+0000] {logging_mixin.py:188} INFO - [2025-10-14T11:55:29.130+0000] {dag.py:3036} INFO - Sync 1 DAGs
[2025-10-14T11:55:29.160+0000] {logging_mixin.py:188} INFO - [2025-10-14T11:55:29.159+0000] {dag.py:3823} INFO - Setting next_dagrun for example_dynamic_task_mapping_with_no_taskflow_operators to 2025-10-13 00:00:00+00:00, run_after=2025-10-14 00:00:00+00:00
[2025-10-14T11:55:29.207+0000] {processor.py:183} INFO - Processing /home/airflow/.local/lib/python3.8/site-packages/airflow/example_dags/example_dynamic_task_mapping_with_no_taskflow_operators.py took 0.126 seconds
[2025-10-14T11:56:00.081+0000] {processor.py:161} INFO - Started process (PID=81709) to work on /home/airflow/.local/lib/python3.8/site-packages/airflow/example_dags/example_dynamic_task_mapping_with_no_taskflow_operators.py
[2025-10-14T11:56:00.084+0000] {processor.py:830} INFO - Processing file /home/airflow/.local/lib/python3.8/site-packages/airflow/example_dags/example_dynamic_task_mapping_with_no_taskflow_operators.py for tasks to queue
[2025-10-14T11:56:00.086+0000] {logging_mixin.py:188} INFO - [2025-10-14T11:56:00.086+0000] {dagbag.py:538} INFO - Filling up the DagBag from /home/airflow/.local/lib/python3.8/site-packages/airflow/example_dags/example_dynamic_task_mapping_with_no_taskflow_operators.py
[2025-10-14T11:56:00.099+0000] {processor.py:840} INFO - DAG(s) 'example_dynamic_task_mapping_with_no_taskflow_operators' retrieved from /home/airflow/.local/lib/python3.8/site-packages/airflow/example_dags/example_dynamic_task_mapping_with_no_taskflow_operators.py
[2025-10-14T11:56:00.140+0000] {logging_mixin.py:188} INFO - [2025-10-14T11:56:00.140+0000] {dag.py:3036} INFO - Sync 1 DAGs
[2025-10-14T11:56:00.178+0000] {logging_mixin.py:188} INFO - [2025-10-14T11:56:00.177+0000] {dag.py:3823} INFO - Setting next_dagrun for example_dynamic_task_mapping_with_no_taskflow_operators to 2025-10-13 00:00:00+00:00, run_after=2025-10-14 00:00:00+00:00
[2025-10-14T11:56:00.213+0000] {processor.py:183} INFO - Processing /home/airflow/.local/lib/python3.8/site-packages/airflow/example_dags/example_dynamic_task_mapping_with_no_taskflow_operators.py took 0.137 seconds
[2025-10-14T11:56:32.123+0000] {processor.py:161} INFO - Started process (PID=81779) to work on /home/airflow/.local/lib/python3.8/site-packages/airflow/example_dags/example_dynamic_task_mapping_with_no_taskflow_operators.py
[2025-10-14T11:56:32.126+0000] {processor.py:830} INFO - Processing file /home/airflow/.local/lib/python3.8/site-packages/airflow/example_dags/example_dynamic_task_mapping_with_no_taskflow_operators.py for tasks to queue
[2025-10-14T11:56:32.130+0000] {logging_mixin.py:188} INFO - [2025-10-14T11:56:32.129+0000] {dagbag.py:538} INFO - Filling up the DagBag from /home/airflow/.local/lib/python3.8/site-packages/airflow/example_dags/example_dynamic_task_mapping_with_no_taskflow_operators.py
[2025-10-14T11:56:32.144+0000] {processor.py:840} INFO - DAG(s) 'example_dynamic_task_mapping_with_no_taskflow_operators' retrieved from /home/airflow/.local/lib/python3.8/site-packages/airflow/example_dags/example_dynamic_task_mapping_with_no_taskflow_operators.py
[2025-10-14T11:56:32.183+0000] {logging_mixin.py:188} INFO - [2025-10-14T11:56:32.183+0000] {dag.py:3036} INFO - Sync 1 DAGs
[2025-10-14T11:56:32.217+0000] {logging_mixin.py:188} INFO - [2025-10-14T11:56:32.217+0000] {dag.py:3823} INFO - Setting next_dagrun for example_dynamic_task_mapping_with_no_taskflow_operators to 2025-10-13 00:00:00+00:00, run_after=2025-10-14 00:00:00+00:00
[2025-10-14T11:56:32.292+0000] {processor.py:183} INFO - Processing /home/airflow/.local/lib/python3.8/site-packages/airflow/example_dags/example_dynamic_task_mapping_with_no_taskflow_operators.py took 0.184 seconds
[2025-10-14T11:57:04.072+0000] {processor.py:161} INFO - Started process (PID=81849) to work on /home/airflow/.local/lib/python3.8/site-packages/airflow/example_dags/example_dynamic_task_mapping_with_no_taskflow_operators.py
[2025-10-14T11:57:04.074+0000] {processor.py:830} INFO - Processing file /home/airflow/.local/lib/python3.8/site-packages/airflow/example_dags/example_dynamic_task_mapping_with_no_taskflow_operators.py for tasks to queue
[2025-10-14T11:57:04.075+0000] {logging_mixin.py:188} INFO - [2025-10-14T11:57:04.075+0000] {dagbag.py:538} INFO - Filling up the DagBag from /home/airflow/.local/lib/python3.8/site-packages/airflow/example_dags/example_dynamic_task_mapping_with_no_taskflow_operators.py
[2025-10-14T11:57:04.087+0000] {processor.py:840} INFO - DAG(s) 'example_dynamic_task_mapping_with_no_taskflow_operators' retrieved from /home/airflow/.local/lib/python3.8/site-packages/airflow/example_dags/example_dynamic_task_mapping_with_no_taskflow_operators.py
[2025-10-14T11:57:04.128+0000] {logging_mixin.py:188} INFO - [2025-10-14T11:57:04.127+0000] {dag.py:3036} INFO - Sync 1 DAGs
[2025-10-14T11:57:04.157+0000] {logging_mixin.py:188} INFO - [2025-10-14T11:57:04.157+0000] {dag.py:3823} INFO - Setting next_dagrun for example_dynamic_task_mapping_with_no_taskflow_operators to 2025-10-13 00:00:00+00:00, run_after=2025-10-14 00:00:00+00:00
[2025-10-14T11:57:04.215+0000] {processor.py:183} INFO - Processing /home/airflow/.local/lib/python3.8/site-packages/airflow/example_dags/example_dynamic_task_mapping_with_no_taskflow_operators.py took 0.149 seconds
[2025-10-14T11:57:34.884+0000] {processor.py:161} INFO - Started process (PID=81919) to work on /home/airflow/.local/lib/python3.8/site-packages/airflow/example_dags/example_dynamic_task_mapping_with_no_taskflow_operators.py
[2025-10-14T11:57:34.886+0000] {processor.py:830} INFO - Processing file /home/airflow/.local/lib/python3.8/site-packages/airflow/example_dags/example_dynamic_task_mapping_with_no_taskflow_operators.py for tasks to queue
[2025-10-14T11:57:34.887+0000] {logging_mixin.py:188} INFO - [2025-10-14T11:57:34.887+0000] {dagbag.py:538} INFO - Filling up the DagBag from /home/airflow/.local/lib/python3.8/site-packages/airflow/example_dags/example_dynamic_task_mapping_with_no_taskflow_operators.py
[2025-10-14T11:57:34.897+0000] {processor.py:840} INFO - DAG(s) 'example_dynamic_task_mapping_with_no_taskflow_operators' retrieved from /home/airflow/.local/lib/python3.8/site-packages/airflow/example_dags/example_dynamic_task_mapping_with_no_taskflow_operators.py
[2025-10-14T11:57:34.933+0000] {logging_mixin.py:188} INFO - [2025-10-14T11:57:34.933+0000] {dag.py:3036} INFO - Sync 1 DAGs
[2025-10-14T11:57:34.967+0000] {logging_mixin.py:188} INFO - [2025-10-14T11:57:34.966+0000] {dag.py:3823} INFO - Setting next_dagrun for example_dynamic_task_mapping_with_no_taskflow_operators to 2025-10-13 00:00:00+00:00, run_after=2025-10-14 00:00:00+00:00
[2025-10-14T11:57:34.996+0000] {processor.py:183} INFO - Processing /home/airflow/.local/lib/python3.8/site-packages/airflow/example_dags/example_dynamic_task_mapping_with_no_taskflow_operators.py took 0.117 seconds
[2025-10-14T11:58:06.072+0000] {processor.py:161} INFO - Started process (PID=81989) to work on /home/airflow/.local/lib/python3.8/site-packages/airflow/example_dags/example_dynamic_task_mapping_with_no_taskflow_operators.py
[2025-10-14T11:58:06.074+0000] {processor.py:830} INFO - Processing file /home/airflow/.local/lib/python3.8/site-packages/airflow/example_dags/example_dynamic_task_mapping_with_no_taskflow_operators.py for tasks to queue
[2025-10-14T11:58:06.076+0000] {logging_mixin.py:188} INFO - [2025-10-14T11:58:06.075+0000] {dagbag.py:538} INFO - Filling up the DagBag from /home/airflow/.local/lib/python3.8/site-packages/airflow/example_dags/example_dynamic_task_mapping_with_no_taskflow_operators.py
[2025-10-14T11:58:06.086+0000] {processor.py:840} INFO - DAG(s) 'example_dynamic_task_mapping_with_no_taskflow_operators' retrieved from /home/airflow/.local/lib/python3.8/site-packages/airflow/example_dags/example_dynamic_task_mapping_with_no_taskflow_operators.py
[2025-10-14T11:58:06.118+0000] {logging_mixin.py:188} INFO - [2025-10-14T11:58:06.118+0000] {dag.py:3036} INFO - Sync 1 DAGs
[2025-10-14T11:58:06.149+0000] {logging_mixin.py:188} INFO - [2025-10-14T11:58:06.149+0000] {dag.py:3823} INFO - Setting next_dagrun for example_dynamic_task_mapping_with_no_taskflow_operators to 2025-10-13 00:00:00+00:00, run_after=2025-10-14 00:00:00+00:00
[2025-10-14T11:58:06.183+0000] {processor.py:183} INFO - Processing /home/airflow/.local/lib/python3.8/site-packages/airflow/example_dags/example_dynamic_task_mapping_with_no_taskflow_operators.py took 0.116 seconds
[2025-10-14T11:58:37.708+0000] {processor.py:161} INFO - Started process (PID=82059) to work on /home/airflow/.local/lib/python3.8/site-packages/airflow/example_dags/example_dynamic_task_mapping_with_no_taskflow_operators.py
[2025-10-14T11:58:37.710+0000] {processor.py:830} INFO - Processing file /home/airflow/.local/lib/python3.8/site-packages/airflow/example_dags/example_dynamic_task_mapping_with_no_taskflow_operators.py for tasks to queue
[2025-10-14T11:58:37.711+0000] {logging_mixin.py:188} INFO - [2025-10-14T11:58:37.711+0000] {dagbag.py:538} INFO - Filling up the DagBag from /home/airflow/.local/lib/python3.8/site-packages/airflow/example_dags/example_dynamic_task_mapping_with_no_taskflow_operators.py
[2025-10-14T11:58:37.722+0000] {processor.py:840} INFO - DAG(s) 'example_dynamic_task_mapping_with_no_taskflow_operators' retrieved from /home/airflow/.local/lib/python3.8/site-packages/airflow/example_dags/example_dynamic_task_mapping_with_no_taskflow_operators.py
[2025-10-14T11:58:37.763+0000] {logging_mixin.py:188} INFO - [2025-10-14T11:58:37.762+0000] {dag.py:3036} INFO - Sync 1 DAGs
[2025-10-14T11:58:37.801+0000] {logging_mixin.py:188} INFO - [2025-10-14T11:58:37.800+0000] {dag.py:3823} INFO - Setting next_dagrun for example_dynamic_task_mapping_with_no_taskflow_operators to 2025-10-13 00:00:00+00:00, run_after=2025-10-14 00:00:00+00:00
[2025-10-14T11:58:37.835+0000] {processor.py:183} INFO - Processing /home/airflow/.local/lib/python3.8/site-packages/airflow/example_dags/example_dynamic_task_mapping_with_no_taskflow_operators.py took 0.133 seconds
[2025-10-14T11:59:08.553+0000] {processor.py:161} INFO - Started process (PID=82129) to work on /home/airflow/.local/lib/python3.8/site-packages/airflow/example_dags/example_dynamic_task_mapping_with_no_taskflow_operators.py
[2025-10-14T11:59:08.555+0000] {processor.py:830} INFO - Processing file /home/airflow/.local/lib/python3.8/site-packages/airflow/example_dags/example_dynamic_task_mapping_with_no_taskflow_operators.py for tasks to queue
[2025-10-14T11:59:08.556+0000] {logging_mixin.py:188} INFO - [2025-10-14T11:59:08.556+0000] {dagbag.py:538} INFO - Filling up the DagBag from /home/airflow/.local/lib/python3.8/site-packages/airflow/example_dags/example_dynamic_task_mapping_with_no_taskflow_operators.py
[2025-10-14T11:59:08.566+0000] {processor.py:840} INFO - DAG(s) 'example_dynamic_task_mapping_with_no_taskflow_operators' retrieved from /home/airflow/.local/lib/python3.8/site-packages/airflow/example_dags/example_dynamic_task_mapping_with_no_taskflow_operators.py
[2025-10-14T11:59:08.600+0000] {logging_mixin.py:188} INFO - [2025-10-14T11:59:08.600+0000] {dag.py:3036} INFO - Sync 1 DAGs
[2025-10-14T11:59:08.632+0000] {logging_mixin.py:188} INFO - [2025-10-14T11:59:08.632+0000] {dag.py:3823} INFO - Setting next_dagrun for example_dynamic_task_mapping_with_no_taskflow_operators to 2025-10-13 00:00:00+00:00, run_after=2025-10-14 00:00:00+00:00
[2025-10-14T11:59:08.661+0000] {processor.py:183} INFO - Processing /home/airflow/.local/lib/python3.8/site-packages/airflow/example_dags/example_dynamic_task_mapping_with_no_taskflow_operators.py took 0.113 seconds
[2025-10-14T11:59:39.602+0000] {processor.py:161} INFO - Started process (PID=82199) to work on /home/airflow/.local/lib/python3.8/site-packages/airflow/example_dags/example_dynamic_task_mapping_with_no_taskflow_operators.py
[2025-10-14T11:59:39.605+0000] {processor.py:830} INFO - Processing file /home/airflow/.local/lib/python3.8/site-packages/airflow/example_dags/example_dynamic_task_mapping_with_no_taskflow_operators.py for tasks to queue
[2025-10-14T11:59:39.607+0000] {logging_mixin.py:188} INFO - [2025-10-14T11:59:39.607+0000] {dagbag.py:538} INFO - Filling up the DagBag from /home/airflow/.local/lib/python3.8/site-packages/airflow/example_dags/example_dynamic_task_mapping_with_no_taskflow_operators.py
[2025-10-14T11:59:39.624+0000] {processor.py:840} INFO - DAG(s) 'example_dynamic_task_mapping_with_no_taskflow_operators' retrieved from /home/airflow/.local/lib/python3.8/site-packages/airflow/example_dags/example_dynamic_task_mapping_with_no_taskflow_operators.py
[2025-10-14T11:59:39.679+0000] {logging_mixin.py:188} INFO - [2025-10-14T11:59:39.679+0000] {dag.py:3036} INFO - Sync 1 DAGs
[2025-10-14T11:59:39.715+0000] {logging_mixin.py:188} INFO - [2025-10-14T11:59:39.714+0000] {dag.py:3823} INFO - Setting next_dagrun for example_dynamic_task_mapping_with_no_taskflow_operators to 2025-10-13 00:00:00+00:00, run_after=2025-10-14 00:00:00+00:00
[2025-10-14T11:59:39.743+0000] {processor.py:183} INFO - Processing /home/airflow/.local/lib/python3.8/site-packages/airflow/example_dags/example_dynamic_task_mapping_with_no_taskflow_operators.py took 0.149 seconds
[2025-10-14T12:00:10.561+0000] {processor.py:161} INFO - Started process (PID=82269) to work on /home/airflow/.local/lib/python3.8/site-packages/airflow/example_dags/example_dynamic_task_mapping_with_no_taskflow_operators.py
[2025-10-14T12:00:10.563+0000] {processor.py:830} INFO - Processing file /home/airflow/.local/lib/python3.8/site-packages/airflow/example_dags/example_dynamic_task_mapping_with_no_taskflow_operators.py for tasks to queue
[2025-10-14T12:00:10.565+0000] {logging_mixin.py:188} INFO - [2025-10-14T12:00:10.564+0000] {dagbag.py:538} INFO - Filling up the DagBag from /home/airflow/.local/lib/python3.8/site-packages/airflow/example_dags/example_dynamic_task_mapping_with_no_taskflow_operators.py
[2025-10-14T12:00:10.575+0000] {processor.py:840} INFO - DAG(s) 'example_dynamic_task_mapping_with_no_taskflow_operators' retrieved from /home/airflow/.local/lib/python3.8/site-packages/airflow/example_dags/example_dynamic_task_mapping_with_no_taskflow_operators.py
[2025-10-14T12:00:10.614+0000] {logging_mixin.py:188} INFO - [2025-10-14T12:00:10.614+0000] {dag.py:3036} INFO - Sync 1 DAGs
[2025-10-14T12:00:10.651+0000] {logging_mixin.py:188} INFO - [2025-10-14T12:00:10.651+0000] {dag.py:3823} INFO - Setting next_dagrun for example_dynamic_task_mapping_with_no_taskflow_operators to 2025-10-13 00:00:00+00:00, run_after=2025-10-14 00:00:00+00:00
[2025-10-14T12:00:10.698+0000] {processor.py:183} INFO - Processing /home/airflow/.local/lib/python3.8/site-packages/airflow/example_dags/example_dynamic_task_mapping_with_no_taskflow_operators.py took 0.142 seconds
[2025-10-14T12:00:42.287+0000] {processor.py:161} INFO - Started process (PID=82338) to work on /home/airflow/.local/lib/python3.8/site-packages/airflow/example_dags/example_dynamic_task_mapping_with_no_taskflow_operators.py
[2025-10-14T12:00:42.288+0000] {processor.py:830} INFO - Processing file /home/airflow/.local/lib/python3.8/site-packages/airflow/example_dags/example_dynamic_task_mapping_with_no_taskflow_operators.py for tasks to queue
[2025-10-14T12:00:42.289+0000] {logging_mixin.py:188} INFO - [2025-10-14T12:00:42.289+0000] {dagbag.py:538} INFO - Filling up the DagBag from /home/airflow/.local/lib/python3.8/site-packages/airflow/example_dags/example_dynamic_task_mapping_with_no_taskflow_operators.py
[2025-10-14T12:00:42.301+0000] {processor.py:840} INFO - DAG(s) 'example_dynamic_task_mapping_with_no_taskflow_operators' retrieved from /home/airflow/.local/lib/python3.8/site-packages/airflow/example_dags/example_dynamic_task_mapping_with_no_taskflow_operators.py
[2025-10-14T12:00:42.334+0000] {logging_mixin.py:188} INFO - [2025-10-14T12:00:42.333+0000] {dag.py:3036} INFO - Sync 1 DAGs
[2025-10-14T12:00:42.368+0000] {logging_mixin.py:188} INFO - [2025-10-14T12:00:42.368+0000] {dag.py:3823} INFO - Setting next_dagrun for example_dynamic_task_mapping_with_no_taskflow_operators to 2025-10-13 00:00:00+00:00, run_after=2025-10-14 00:00:00+00:00
[2025-10-14T12:00:42.396+0000] {processor.py:183} INFO - Processing /home/airflow/.local/lib/python3.8/site-packages/airflow/example_dags/example_dynamic_task_mapping_with_no_taskflow_operators.py took 0.114 seconds
[2025-10-14T12:01:13.051+0000] {processor.py:161} INFO - Started process (PID=82408) to work on /home/airflow/.local/lib/python3.8/site-packages/airflow/example_dags/example_dynamic_task_mapping_with_no_taskflow_operators.py
[2025-10-14T12:01:13.053+0000] {processor.py:830} INFO - Processing file /home/airflow/.local/lib/python3.8/site-packages/airflow/example_dags/example_dynamic_task_mapping_with_no_taskflow_operators.py for tasks to queue
[2025-10-14T12:01:13.055+0000] {logging_mixin.py:188} INFO - [2025-10-14T12:01:13.054+0000] {dagbag.py:538} INFO - Filling up the DagBag from /home/airflow/.local/lib/python3.8/site-packages/airflow/example_dags/example_dynamic_task_mapping_with_no_taskflow_operators.py
[2025-10-14T12:01:13.065+0000] {processor.py:840} INFO - DAG(s) 'example_dynamic_task_mapping_with_no_taskflow_operators' retrieved from /home/airflow/.local/lib/python3.8/site-packages/airflow/example_dags/example_dynamic_task_mapping_with_no_taskflow_operators.py
[2025-10-14T12:01:13.098+0000] {logging_mixin.py:188} INFO - [2025-10-14T12:01:13.098+0000] {dag.py:3036} INFO - Sync 1 DAGs
[2025-10-14T12:01:13.137+0000] {logging_mixin.py:188} INFO - [2025-10-14T12:01:13.136+0000] {dag.py:3823} INFO - Setting next_dagrun for example_dynamic_task_mapping_with_no_taskflow_operators to 2025-10-13 00:00:00+00:00, run_after=2025-10-14 00:00:00+00:00
[2025-10-14T12:01:13.184+0000] {processor.py:183} INFO - Processing /home/airflow/.local/lib/python3.8/site-packages/airflow/example_dags/example_dynamic_task_mapping_with_no_taskflow_operators.py took 0.138 seconds
[2025-10-14T12:01:44.487+0000] {processor.py:161} INFO - Started process (PID=82478) to work on /home/airflow/.local/lib/python3.8/site-packages/airflow/example_dags/example_dynamic_task_mapping_with_no_taskflow_operators.py
[2025-10-14T12:01:44.489+0000] {processor.py:830} INFO - Processing file /home/airflow/.local/lib/python3.8/site-packages/airflow/example_dags/example_dynamic_task_mapping_with_no_taskflow_operators.py for tasks to queue
[2025-10-14T12:01:44.490+0000] {logging_mixin.py:188} INFO - [2025-10-14T12:01:44.490+0000] {dagbag.py:538} INFO - Filling up the DagBag from /home/airflow/.local/lib/python3.8/site-packages/airflow/example_dags/example_dynamic_task_mapping_with_no_taskflow_operators.py
[2025-10-14T12:01:44.502+0000] {processor.py:840} INFO - DAG(s) 'example_dynamic_task_mapping_with_no_taskflow_operators' retrieved from /home/airflow/.local/lib/python3.8/site-packages/airflow/example_dags/example_dynamic_task_mapping_with_no_taskflow_operators.py
[2025-10-14T12:01:44.538+0000] {logging_mixin.py:188} INFO - [2025-10-14T12:01:44.538+0000] {dag.py:3036} INFO - Sync 1 DAGs
[2025-10-14T12:01:44.567+0000] {logging_mixin.py:188} INFO - [2025-10-14T12:01:44.567+0000] {dag.py:3823} INFO - Setting next_dagrun for example_dynamic_task_mapping_with_no_taskflow_operators to 2025-10-13 00:00:00+00:00, run_after=2025-10-14 00:00:00+00:00
[2025-10-14T12:01:44.595+0000] {processor.py:183} INFO - Processing /home/airflow/.local/lib/python3.8/site-packages/airflow/example_dags/example_dynamic_task_mapping_with_no_taskflow_operators.py took 0.113 seconds
[2025-10-14T12:02:15.204+0000] {processor.py:161} INFO - Started process (PID=82548) to work on /home/airflow/.local/lib/python3.8/site-packages/airflow/example_dags/example_dynamic_task_mapping_with_no_taskflow_operators.py
[2025-10-14T12:02:15.206+0000] {processor.py:830} INFO - Processing file /home/airflow/.local/lib/python3.8/site-packages/airflow/example_dags/example_dynamic_task_mapping_with_no_taskflow_operators.py for tasks to queue
[2025-10-14T12:02:15.208+0000] {logging_mixin.py:188} INFO - [2025-10-14T12:02:15.207+0000] {dagbag.py:538} INFO - Filling up the DagBag from /home/airflow/.local/lib/python3.8/site-packages/airflow/example_dags/example_dynamic_task_mapping_with_no_taskflow_operators.py
[2025-10-14T12:02:15.217+0000] {processor.py:840} INFO - DAG(s) 'example_dynamic_task_mapping_with_no_taskflow_operators' retrieved from /home/airflow/.local/lib/python3.8/site-packages/airflow/example_dags/example_dynamic_task_mapping_with_no_taskflow_operators.py
[2025-10-14T12:02:15.256+0000] {logging_mixin.py:188} INFO - [2025-10-14T12:02:15.255+0000] {dag.py:3036} INFO - Sync 1 DAGs
[2025-10-14T12:02:15.296+0000] {logging_mixin.py:188} INFO - [2025-10-14T12:02:15.296+0000] {dag.py:3823} INFO - Setting next_dagrun for example_dynamic_task_mapping_with_no_taskflow_operators to 2025-10-13 00:00:00+00:00, run_after=2025-10-14 00:00:00+00:00
[2025-10-14T12:02:15.332+0000] {processor.py:183} INFO - Processing /home/airflow/.local/lib/python3.8/site-packages/airflow/example_dags/example_dynamic_task_mapping_with_no_taskflow_operators.py took 0.132 seconds
[2025-10-14T12:02:47.417+0000] {processor.py:161} INFO - Started process (PID=82619) to work on /home/airflow/.local/lib/python3.8/site-packages/airflow/example_dags/example_dynamic_task_mapping_with_no_taskflow_operators.py
[2025-10-14T12:02:47.419+0000] {processor.py:830} INFO - Processing file /home/airflow/.local/lib/python3.8/site-packages/airflow/example_dags/example_dynamic_task_mapping_with_no_taskflow_operators.py for tasks to queue
[2025-10-14T12:02:47.421+0000] {logging_mixin.py:188} INFO - [2025-10-14T12:02:47.420+0000] {dagbag.py:538} INFO - Filling up the DagBag from /home/airflow/.local/lib/python3.8/site-packages/airflow/example_dags/example_dynamic_task_mapping_with_no_taskflow_operators.py
[2025-10-14T12:02:47.438+0000] {processor.py:840} INFO - DAG(s) 'example_dynamic_task_mapping_with_no_taskflow_operators' retrieved from /home/airflow/.local/lib/python3.8/site-packages/airflow/example_dags/example_dynamic_task_mapping_with_no_taskflow_operators.py
[2025-10-14T12:02:47.482+0000] {logging_mixin.py:188} INFO - [2025-10-14T12:02:47.481+0000] {dag.py:3036} INFO - Sync 1 DAGs
[2025-10-14T12:02:47.527+0000] {logging_mixin.py:188} INFO - [2025-10-14T12:02:47.527+0000] {dag.py:3823} INFO - Setting next_dagrun for example_dynamic_task_mapping_with_no_taskflow_operators to 2025-10-13 00:00:00+00:00, run_after=2025-10-14 00:00:00+00:00
[2025-10-14T12:02:47.556+0000] {processor.py:183} INFO - Processing /home/airflow/.local/lib/python3.8/site-packages/airflow/example_dags/example_dynamic_task_mapping_with_no_taskflow_operators.py took 0.144 seconds
[2025-10-14T12:03:18.984+0000] {processor.py:161} INFO - Started process (PID=82690) to work on /home/airflow/.local/lib/python3.8/site-packages/airflow/example_dags/example_dynamic_task_mapping_with_no_taskflow_operators.py
[2025-10-14T12:03:18.986+0000] {processor.py:830} INFO - Processing file /home/airflow/.local/lib/python3.8/site-packages/airflow/example_dags/example_dynamic_task_mapping_with_no_taskflow_operators.py for tasks to queue
[2025-10-14T12:03:18.989+0000] {logging_mixin.py:188} INFO - [2025-10-14T12:03:18.988+0000] {dagbag.py:538} INFO - Filling up the DagBag from /home/airflow/.local/lib/python3.8/site-packages/airflow/example_dags/example_dynamic_task_mapping_with_no_taskflow_operators.py
[2025-10-14T12:03:19.000+0000] {processor.py:840} INFO - DAG(s) 'example_dynamic_task_mapping_with_no_taskflow_operators' retrieved from /home/airflow/.local/lib/python3.8/site-packages/airflow/example_dags/example_dynamic_task_mapping_with_no_taskflow_operators.py
[2025-10-14T12:03:19.037+0000] {logging_mixin.py:188} INFO - [2025-10-14T12:03:19.037+0000] {dag.py:3036} INFO - Sync 1 DAGs
[2025-10-14T12:03:19.075+0000] {logging_mixin.py:188} INFO - [2025-10-14T12:03:19.075+0000] {dag.py:3823} INFO - Setting next_dagrun for example_dynamic_task_mapping_with_no_taskflow_operators to 2025-10-13 00:00:00+00:00, run_after=2025-10-14 00:00:00+00:00
[2025-10-14T12:03:19.124+0000] {processor.py:183} INFO - Processing /home/airflow/.local/lib/python3.8/site-packages/airflow/example_dags/example_dynamic_task_mapping_with_no_taskflow_operators.py took 0.147 seconds
[2025-10-14T12:03:49.856+0000] {processor.py:161} INFO - Started process (PID=82760) to work on /home/airflow/.local/lib/python3.8/site-packages/airflow/example_dags/example_dynamic_task_mapping_with_no_taskflow_operators.py
[2025-10-14T12:03:49.859+0000] {processor.py:830} INFO - Processing file /home/airflow/.local/lib/python3.8/site-packages/airflow/example_dags/example_dynamic_task_mapping_with_no_taskflow_operators.py for tasks to queue
[2025-10-14T12:03:49.861+0000] {logging_mixin.py:188} INFO - [2025-10-14T12:03:49.860+0000] {dagbag.py:538} INFO - Filling up the DagBag from /home/airflow/.local/lib/python3.8/site-packages/airflow/example_dags/example_dynamic_task_mapping_with_no_taskflow_operators.py
[2025-10-14T12:03:49.873+0000] {processor.py:840} INFO - DAG(s) 'example_dynamic_task_mapping_with_no_taskflow_operators' retrieved from /home/airflow/.local/lib/python3.8/site-packages/airflow/example_dags/example_dynamic_task_mapping_with_no_taskflow_operators.py
[2025-10-14T12:03:49.904+0000] {logging_mixin.py:188} INFO - [2025-10-14T12:03:49.904+0000] {dag.py:3036} INFO - Sync 1 DAGs
[2025-10-14T12:03:49.934+0000] {logging_mixin.py:188} INFO - [2025-10-14T12:03:49.934+0000] {dag.py:3823} INFO - Setting next_dagrun for example_dynamic_task_mapping_with_no_taskflow_operators to 2025-10-13 00:00:00+00:00, run_after=2025-10-14 00:00:00+00:00
[2025-10-14T12:03:50.003+0000] {processor.py:183} INFO - Processing /home/airflow/.local/lib/python3.8/site-packages/airflow/example_dags/example_dynamic_task_mapping_with_no_taskflow_operators.py took 0.154 seconds
[2025-10-14T12:04:21.249+0000] {processor.py:161} INFO - Started process (PID=82829) to work on /home/airflow/.local/lib/python3.8/site-packages/airflow/example_dags/example_dynamic_task_mapping_with_no_taskflow_operators.py
[2025-10-14T12:04:21.253+0000] {processor.py:830} INFO - Processing file /home/airflow/.local/lib/python3.8/site-packages/airflow/example_dags/example_dynamic_task_mapping_with_no_taskflow_operators.py for tasks to queue
[2025-10-14T12:04:21.254+0000] {logging_mixin.py:188} INFO - [2025-10-14T12:04:21.254+0000] {dagbag.py:538} INFO - Filling up the DagBag from /home/airflow/.local/lib/python3.8/site-packages/airflow/example_dags/example_dynamic_task_mapping_with_no_taskflow_operators.py
[2025-10-14T12:04:21.267+0000] {processor.py:840} INFO - DAG(s) 'example_dynamic_task_mapping_with_no_taskflow_operators' retrieved from /home/airflow/.local/lib/python3.8/site-packages/airflow/example_dags/example_dynamic_task_mapping_with_no_taskflow_operators.py
[2025-10-14T12:04:21.307+0000] {logging_mixin.py:188} INFO - [2025-10-14T12:04:21.306+0000] {dag.py:3036} INFO - Sync 1 DAGs
[2025-10-14T12:04:21.339+0000] {logging_mixin.py:188} INFO - [2025-10-14T12:04:21.338+0000] {dag.py:3823} INFO - Setting next_dagrun for example_dynamic_task_mapping_with_no_taskflow_operators to 2025-10-13 00:00:00+00:00, run_after=2025-10-14 00:00:00+00:00
[2025-10-14T12:04:21.367+0000] {processor.py:183} INFO - Processing /home/airflow/.local/lib/python3.8/site-packages/airflow/example_dags/example_dynamic_task_mapping_with_no_taskflow_operators.py took 0.135 seconds
[2025-10-14T12:04:52.130+0000] {processor.py:161} INFO - Started process (PID=82899) to work on /home/airflow/.local/lib/python3.8/site-packages/airflow/example_dags/example_dynamic_task_mapping_with_no_taskflow_operators.py
[2025-10-14T12:04:52.132+0000] {processor.py:830} INFO - Processing file /home/airflow/.local/lib/python3.8/site-packages/airflow/example_dags/example_dynamic_task_mapping_with_no_taskflow_operators.py for tasks to queue
[2025-10-14T12:04:52.133+0000] {logging_mixin.py:188} INFO - [2025-10-14T12:04:52.133+0000] {dagbag.py:538} INFO - Filling up the DagBag from /home/airflow/.local/lib/python3.8/site-packages/airflow/example_dags/example_dynamic_task_mapping_with_no_taskflow_operators.py
[2025-10-14T12:04:52.144+0000] {processor.py:840} INFO - DAG(s) 'example_dynamic_task_mapping_with_no_taskflow_operators' retrieved from /home/airflow/.local/lib/python3.8/site-packages/airflow/example_dags/example_dynamic_task_mapping_with_no_taskflow_operators.py
[2025-10-14T12:04:52.180+0000] {logging_mixin.py:188} INFO - [2025-10-14T12:04:52.179+0000] {dag.py:3036} INFO - Sync 1 DAGs
[2025-10-14T12:04:52.215+0000] {logging_mixin.py:188} INFO - [2025-10-14T12:04:52.215+0000] {dag.py:3823} INFO - Setting next_dagrun for example_dynamic_task_mapping_with_no_taskflow_operators to 2025-10-13 00:00:00+00:00, run_after=2025-10-14 00:00:00+00:00
[2025-10-14T12:04:52.242+0000] {processor.py:183} INFO - Processing /home/airflow/.local/lib/python3.8/site-packages/airflow/example_dags/example_dynamic_task_mapping_with_no_taskflow_operators.py took 0.117 seconds
[2025-10-14T12:05:23.184+0000] {processor.py:161} INFO - Started process (PID=82975) to work on /home/airflow/.local/lib/python3.8/site-packages/airflow/example_dags/example_dynamic_task_mapping_with_no_taskflow_operators.py
[2025-10-14T12:05:23.187+0000] {processor.py:830} INFO - Processing file /home/airflow/.local/lib/python3.8/site-packages/airflow/example_dags/example_dynamic_task_mapping_with_no_taskflow_operators.py for tasks to queue
[2025-10-14T12:05:23.189+0000] {logging_mixin.py:188} INFO - [2025-10-14T12:05:23.188+0000] {dagbag.py:538} INFO - Filling up the DagBag from /home/airflow/.local/lib/python3.8/site-packages/airflow/example_dags/example_dynamic_task_mapping_with_no_taskflow_operators.py
[2025-10-14T12:05:23.200+0000] {processor.py:840} INFO - DAG(s) 'example_dynamic_task_mapping_with_no_taskflow_operators' retrieved from /home/airflow/.local/lib/python3.8/site-packages/airflow/example_dags/example_dynamic_task_mapping_with_no_taskflow_operators.py
[2025-10-14T12:05:23.234+0000] {logging_mixin.py:188} INFO - [2025-10-14T12:05:23.234+0000] {dag.py:3036} INFO - Sync 1 DAGs
[2025-10-14T12:05:23.269+0000] {logging_mixin.py:188} INFO - [2025-10-14T12:05:23.269+0000] {dag.py:3823} INFO - Setting next_dagrun for example_dynamic_task_mapping_with_no_taskflow_operators to 2025-10-13 00:00:00+00:00, run_after=2025-10-14 00:00:00+00:00
[2025-10-14T12:05:23.296+0000] {processor.py:183} INFO - Processing /home/airflow/.local/lib/python3.8/site-packages/airflow/example_dags/example_dynamic_task_mapping_with_no_taskflow_operators.py took 0.127 seconds
[2025-10-14T12:05:54.409+0000] {processor.py:161} INFO - Started process (PID=83046) to work on /home/airflow/.local/lib/python3.8/site-packages/airflow/example_dags/example_dynamic_task_mapping_with_no_taskflow_operators.py
[2025-10-14T12:05:54.411+0000] {processor.py:830} INFO - Processing file /home/airflow/.local/lib/python3.8/site-packages/airflow/example_dags/example_dynamic_task_mapping_with_no_taskflow_operators.py for tasks to queue
[2025-10-14T12:05:54.413+0000] {logging_mixin.py:188} INFO - [2025-10-14T12:05:54.413+0000] {dagbag.py:538} INFO - Filling up the DagBag from /home/airflow/.local/lib/python3.8/site-packages/airflow/example_dags/example_dynamic_task_mapping_with_no_taskflow_operators.py
[2025-10-14T12:05:54.425+0000] {processor.py:840} INFO - DAG(s) 'example_dynamic_task_mapping_with_no_taskflow_operators' retrieved from /home/airflow/.local/lib/python3.8/site-packages/airflow/example_dags/example_dynamic_task_mapping_with_no_taskflow_operators.py
[2025-10-14T12:05:54.461+0000] {logging_mixin.py:188} INFO - [2025-10-14T12:05:54.461+0000] {dag.py:3036} INFO - Sync 1 DAGs
[2025-10-14T12:05:54.491+0000] {logging_mixin.py:188} INFO - [2025-10-14T12:05:54.491+0000] {dag.py:3823} INFO - Setting next_dagrun for example_dynamic_task_mapping_with_no_taskflow_operators to 2025-10-13 00:00:00+00:00, run_after=2025-10-14 00:00:00+00:00
[2025-10-14T12:05:54.518+0000] {processor.py:183} INFO - Processing /home/airflow/.local/lib/python3.8/site-packages/airflow/example_dags/example_dynamic_task_mapping_with_no_taskflow_operators.py took 0.115 seconds
[2025-10-14T12:06:26.107+0000] {processor.py:161} INFO - Started process (PID=83116) to work on /home/airflow/.local/lib/python3.8/site-packages/airflow/example_dags/example_dynamic_task_mapping_with_no_taskflow_operators.py
[2025-10-14T12:06:26.109+0000] {processor.py:830} INFO - Processing file /home/airflow/.local/lib/python3.8/site-packages/airflow/example_dags/example_dynamic_task_mapping_with_no_taskflow_operators.py for tasks to queue
[2025-10-14T12:06:26.112+0000] {logging_mixin.py:188} INFO - [2025-10-14T12:06:26.111+0000] {dagbag.py:538} INFO - Filling up the DagBag from /home/airflow/.local/lib/python3.8/site-packages/airflow/example_dags/example_dynamic_task_mapping_with_no_taskflow_operators.py
[2025-10-14T12:06:26.126+0000] {processor.py:840} INFO - DAG(s) 'example_dynamic_task_mapping_with_no_taskflow_operators' retrieved from /home/airflow/.local/lib/python3.8/site-packages/airflow/example_dags/example_dynamic_task_mapping_with_no_taskflow_operators.py
[2025-10-14T12:06:26.170+0000] {logging_mixin.py:188} INFO - [2025-10-14T12:06:26.170+0000] {dag.py:3036} INFO - Sync 1 DAGs
[2025-10-14T12:06:26.206+0000] {logging_mixin.py:188} INFO - [2025-10-14T12:06:26.206+0000] {dag.py:3823} INFO - Setting next_dagrun for example_dynamic_task_mapping_with_no_taskflow_operators to 2025-10-13 00:00:00+00:00, run_after=2025-10-14 00:00:00+00:00
[2025-10-14T12:06:26.258+0000] {processor.py:183} INFO - Processing /home/airflow/.local/lib/python3.8/site-packages/airflow/example_dags/example_dynamic_task_mapping_with_no_taskflow_operators.py took 0.158 seconds
[2025-10-14T12:06:57.966+0000] {processor.py:161} INFO - Started process (PID=83186) to work on /home/airflow/.local/lib/python3.8/site-packages/airflow/example_dags/example_dynamic_task_mapping_with_no_taskflow_operators.py
[2025-10-14T12:06:57.968+0000] {processor.py:830} INFO - Processing file /home/airflow/.local/lib/python3.8/site-packages/airflow/example_dags/example_dynamic_task_mapping_with_no_taskflow_operators.py for tasks to queue
[2025-10-14T12:06:57.970+0000] {logging_mixin.py:188} INFO - [2025-10-14T12:06:57.970+0000] {dagbag.py:538} INFO - Filling up the DagBag from /home/airflow/.local/lib/python3.8/site-packages/airflow/example_dags/example_dynamic_task_mapping_with_no_taskflow_operators.py
[2025-10-14T12:06:57.985+0000] {processor.py:840} INFO - DAG(s) 'example_dynamic_task_mapping_with_no_taskflow_operators' retrieved from /home/airflow/.local/lib/python3.8/site-packages/airflow/example_dags/example_dynamic_task_mapping_with_no_taskflow_operators.py
[2025-10-14T12:06:58.026+0000] {logging_mixin.py:188} INFO - [2025-10-14T12:06:58.025+0000] {dag.py:3036} INFO - Sync 1 DAGs
[2025-10-14T12:06:58.096+0000] {logging_mixin.py:188} INFO - [2025-10-14T12:06:58.095+0000] {dag.py:3823} INFO - Setting next_dagrun for example_dynamic_task_mapping_with_no_taskflow_operators to 2025-10-13 00:00:00+00:00, run_after=2025-10-14 00:00:00+00:00
[2025-10-14T12:06:58.200+0000] {processor.py:183} INFO - Processing /home/airflow/.local/lib/python3.8/site-packages/airflow/example_dags/example_dynamic_task_mapping_with_no_taskflow_operators.py took 0.240 seconds
[2025-10-14T12:07:28.626+0000] {processor.py:161} INFO - Started process (PID=83256) to work on /home/airflow/.local/lib/python3.8/site-packages/airflow/example_dags/example_dynamic_task_mapping_with_no_taskflow_operators.py
[2025-10-14T12:07:28.628+0000] {processor.py:830} INFO - Processing file /home/airflow/.local/lib/python3.8/site-packages/airflow/example_dags/example_dynamic_task_mapping_with_no_taskflow_operators.py for tasks to queue
[2025-10-14T12:07:28.629+0000] {logging_mixin.py:188} INFO - [2025-10-14T12:07:28.629+0000] {dagbag.py:538} INFO - Filling up the DagBag from /home/airflow/.local/lib/python3.8/site-packages/airflow/example_dags/example_dynamic_task_mapping_with_no_taskflow_operators.py
[2025-10-14T12:07:28.639+0000] {processor.py:840} INFO - DAG(s) 'example_dynamic_task_mapping_with_no_taskflow_operators' retrieved from /home/airflow/.local/lib/python3.8/site-packages/airflow/example_dags/example_dynamic_task_mapping_with_no_taskflow_operators.py
[2025-10-14T12:07:28.673+0000] {logging_mixin.py:188} INFO - [2025-10-14T12:07:28.672+0000] {dag.py:3036} INFO - Sync 1 DAGs
[2025-10-14T12:07:28.705+0000] {logging_mixin.py:188} INFO - [2025-10-14T12:07:28.704+0000] {dag.py:3823} INFO - Setting next_dagrun for example_dynamic_task_mapping_with_no_taskflow_operators to 2025-10-13 00:00:00+00:00, run_after=2025-10-14 00:00:00+00:00
[2025-10-14T12:07:28.732+0000] {processor.py:183} INFO - Processing /home/airflow/.local/lib/python3.8/site-packages/airflow/example_dags/example_dynamic_task_mapping_with_no_taskflow_operators.py took 0.111 seconds
[2025-10-14T12:07:59.670+0000] {processor.py:161} INFO - Started process (PID=83326) to work on /home/airflow/.local/lib/python3.8/site-packages/airflow/example_dags/example_dynamic_task_mapping_with_no_taskflow_operators.py
[2025-10-14T12:07:59.672+0000] {processor.py:830} INFO - Processing file /home/airflow/.local/lib/python3.8/site-packages/airflow/example_dags/example_dynamic_task_mapping_with_no_taskflow_operators.py for tasks to queue
[2025-10-14T12:07:59.674+0000] {logging_mixin.py:188} INFO - [2025-10-14T12:07:59.674+0000] {dagbag.py:538} INFO - Filling up the DagBag from /home/airflow/.local/lib/python3.8/site-packages/airflow/example_dags/example_dynamic_task_mapping_with_no_taskflow_operators.py
[2025-10-14T12:07:59.685+0000] {processor.py:840} INFO - DAG(s) 'example_dynamic_task_mapping_with_no_taskflow_operators' retrieved from /home/airflow/.local/lib/python3.8/site-packages/airflow/example_dags/example_dynamic_task_mapping_with_no_taskflow_operators.py
[2025-10-14T12:07:59.720+0000] {logging_mixin.py:188} INFO - [2025-10-14T12:07:59.720+0000] {dag.py:3036} INFO - Sync 1 DAGs
[2025-10-14T12:07:59.757+0000] {logging_mixin.py:188} INFO - [2025-10-14T12:07:59.756+0000] {dag.py:3823} INFO - Setting next_dagrun for example_dynamic_task_mapping_with_no_taskflow_operators to 2025-10-13 00:00:00+00:00, run_after=2025-10-14 00:00:00+00:00
[2025-10-14T12:07:59.790+0000] {processor.py:183} INFO - Processing /home/airflow/.local/lib/python3.8/site-packages/airflow/example_dags/example_dynamic_task_mapping_with_no_taskflow_operators.py took 0.126 seconds
[2025-10-14T12:08:31.093+0000] {processor.py:161} INFO - Started process (PID=83397) to work on /home/airflow/.local/lib/python3.8/site-packages/airflow/example_dags/example_dynamic_task_mapping_with_no_taskflow_operators.py
[2025-10-14T12:08:31.094+0000] {processor.py:830} INFO - Processing file /home/airflow/.local/lib/python3.8/site-packages/airflow/example_dags/example_dynamic_task_mapping_with_no_taskflow_operators.py for tasks to queue
[2025-10-14T12:08:31.096+0000] {logging_mixin.py:188} INFO - [2025-10-14T12:08:31.095+0000] {dagbag.py:538} INFO - Filling up the DagBag from /home/airflow/.local/lib/python3.8/site-packages/airflow/example_dags/example_dynamic_task_mapping_with_no_taskflow_operators.py
[2025-10-14T12:08:31.107+0000] {processor.py:840} INFO - DAG(s) 'example_dynamic_task_mapping_with_no_taskflow_operators' retrieved from /home/airflow/.local/lib/python3.8/site-packages/airflow/example_dags/example_dynamic_task_mapping_with_no_taskflow_operators.py
[2025-10-14T12:08:31.141+0000] {logging_mixin.py:188} INFO - [2025-10-14T12:08:31.141+0000] {dag.py:3036} INFO - Sync 1 DAGs
[2025-10-14T12:08:31.174+0000] {logging_mixin.py:188} INFO - [2025-10-14T12:08:31.174+0000] {dag.py:3823} INFO - Setting next_dagrun for example_dynamic_task_mapping_with_no_taskflow_operators to 2025-10-13 00:00:00+00:00, run_after=2025-10-14 00:00:00+00:00
[2025-10-14T12:08:31.218+0000] {processor.py:183} INFO - Processing /home/airflow/.local/lib/python3.8/site-packages/airflow/example_dags/example_dynamic_task_mapping_with_no_taskflow_operators.py took 0.131 seconds
[2025-10-14T12:09:02.245+0000] {processor.py:161} INFO - Started process (PID=83467) to work on /home/airflow/.local/lib/python3.8/site-packages/airflow/example_dags/example_dynamic_task_mapping_with_no_taskflow_operators.py
[2025-10-14T12:09:02.247+0000] {processor.py:830} INFO - Processing file /home/airflow/.local/lib/python3.8/site-packages/airflow/example_dags/example_dynamic_task_mapping_with_no_taskflow_operators.py for tasks to queue
[2025-10-14T12:09:02.249+0000] {logging_mixin.py:188} INFO - [2025-10-14T12:09:02.249+0000] {dagbag.py:538} INFO - Filling up the DagBag from /home/airflow/.local/lib/python3.8/site-packages/airflow/example_dags/example_dynamic_task_mapping_with_no_taskflow_operators.py
[2025-10-14T12:09:02.264+0000] {processor.py:840} INFO - DAG(s) 'example_dynamic_task_mapping_with_no_taskflow_operators' retrieved from /home/airflow/.local/lib/python3.8/site-packages/airflow/example_dags/example_dynamic_task_mapping_with_no_taskflow_operators.py
[2025-10-14T12:09:02.307+0000] {logging_mixin.py:188} INFO - [2025-10-14T12:09:02.306+0000] {dag.py:3036} INFO - Sync 1 DAGs
[2025-10-14T12:09:02.351+0000] {logging_mixin.py:188} INFO - [2025-10-14T12:09:02.351+0000] {dag.py:3823} INFO - Setting next_dagrun for example_dynamic_task_mapping_with_no_taskflow_operators to 2025-10-13 00:00:00+00:00, run_after=2025-10-14 00:00:00+00:00
[2025-10-14T12:09:02.391+0000] {processor.py:183} INFO - Processing /home/airflow/.local/lib/python3.8/site-packages/airflow/example_dags/example_dynamic_task_mapping_with_no_taskflow_operators.py took 0.152 seconds
[2025-10-14T12:09:33.494+0000] {processor.py:161} INFO - Started process (PID=83537) to work on /home/airflow/.local/lib/python3.8/site-packages/airflow/example_dags/example_dynamic_task_mapping_with_no_taskflow_operators.py
[2025-10-14T12:09:33.496+0000] {processor.py:830} INFO - Processing file /home/airflow/.local/lib/python3.8/site-packages/airflow/example_dags/example_dynamic_task_mapping_with_no_taskflow_operators.py for tasks to queue
[2025-10-14T12:09:33.498+0000] {logging_mixin.py:188} INFO - [2025-10-14T12:09:33.497+0000] {dagbag.py:538} INFO - Filling up the DagBag from /home/airflow/.local/lib/python3.8/site-packages/airflow/example_dags/example_dynamic_task_mapping_with_no_taskflow_operators.py
[2025-10-14T12:09:33.510+0000] {processor.py:840} INFO - DAG(s) 'example_dynamic_task_mapping_with_no_taskflow_operators' retrieved from /home/airflow/.local/lib/python3.8/site-packages/airflow/example_dags/example_dynamic_task_mapping_with_no_taskflow_operators.py
[2025-10-14T12:09:33.552+0000] {logging_mixin.py:188} INFO - [2025-10-14T12:09:33.552+0000] {dag.py:3036} INFO - Sync 1 DAGs
[2025-10-14T12:09:33.592+0000] {logging_mixin.py:188} INFO - [2025-10-14T12:09:33.591+0000] {dag.py:3823} INFO - Setting next_dagrun for example_dynamic_task_mapping_with_no_taskflow_operators to 2025-10-13 00:00:00+00:00, run_after=2025-10-14 00:00:00+00:00
[2025-10-14T12:09:33.630+0000] {processor.py:183} INFO - Processing /home/airflow/.local/lib/python3.8/site-packages/airflow/example_dags/example_dynamic_task_mapping_with_no_taskflow_operators.py took 0.142 seconds
[2025-10-14T12:10:04.225+0000] {processor.py:161} INFO - Started process (PID=83607) to work on /home/airflow/.local/lib/python3.8/site-packages/airflow/example_dags/example_dynamic_task_mapping_with_no_taskflow_operators.py
[2025-10-14T12:10:04.227+0000] {processor.py:830} INFO - Processing file /home/airflow/.local/lib/python3.8/site-packages/airflow/example_dags/example_dynamic_task_mapping_with_no_taskflow_operators.py for tasks to queue
[2025-10-14T12:10:04.228+0000] {logging_mixin.py:188} INFO - [2025-10-14T12:10:04.228+0000] {dagbag.py:538} INFO - Filling up the DagBag from /home/airflow/.local/lib/python3.8/site-packages/airflow/example_dags/example_dynamic_task_mapping_with_no_taskflow_operators.py
[2025-10-14T12:10:04.238+0000] {processor.py:840} INFO - DAG(s) 'example_dynamic_task_mapping_with_no_taskflow_operators' retrieved from /home/airflow/.local/lib/python3.8/site-packages/airflow/example_dags/example_dynamic_task_mapping_with_no_taskflow_operators.py
[2025-10-14T12:10:04.271+0000] {logging_mixin.py:188} INFO - [2025-10-14T12:10:04.271+0000] {dag.py:3036} INFO - Sync 1 DAGs
[2025-10-14T12:10:04.303+0000] {logging_mixin.py:188} INFO - [2025-10-14T12:10:04.303+0000] {dag.py:3823} INFO - Setting next_dagrun for example_dynamic_task_mapping_with_no_taskflow_operators to 2025-10-13 00:00:00+00:00, run_after=2025-10-14 00:00:00+00:00
[2025-10-14T12:10:04.332+0000] {processor.py:183} INFO - Processing /home/airflow/.local/lib/python3.8/site-packages/airflow/example_dags/example_dynamic_task_mapping_with_no_taskflow_operators.py took 0.112 seconds
[2025-10-14T12:10:35.092+0000] {processor.py:161} INFO - Started process (PID=83677) to work on /home/airflow/.local/lib/python3.8/site-packages/airflow/example_dags/example_dynamic_task_mapping_with_no_taskflow_operators.py
[2025-10-14T12:10:35.094+0000] {processor.py:830} INFO - Processing file /home/airflow/.local/lib/python3.8/site-packages/airflow/example_dags/example_dynamic_task_mapping_with_no_taskflow_operators.py for tasks to queue
[2025-10-14T12:10:35.096+0000] {logging_mixin.py:188} INFO - [2025-10-14T12:10:35.096+0000] {dagbag.py:538} INFO - Filling up the DagBag from /home/airflow/.local/lib/python3.8/site-packages/airflow/example_dags/example_dynamic_task_mapping_with_no_taskflow_operators.py
[2025-10-14T12:10:35.106+0000] {processor.py:840} INFO - DAG(s) 'example_dynamic_task_mapping_with_no_taskflow_operators' retrieved from /home/airflow/.local/lib/python3.8/site-packages/airflow/example_dags/example_dynamic_task_mapping_with_no_taskflow_operators.py
[2025-10-14T12:10:35.143+0000] {logging_mixin.py:188} INFO - [2025-10-14T12:10:35.142+0000] {dag.py:3036} INFO - Sync 1 DAGs
[2025-10-14T12:10:35.176+0000] {logging_mixin.py:188} INFO - [2025-10-14T12:10:35.176+0000] {dag.py:3823} INFO - Setting next_dagrun for example_dynamic_task_mapping_with_no_taskflow_operators to 2025-10-13 00:00:00+00:00, run_after=2025-10-14 00:00:00+00:00
[2025-10-14T12:10:35.242+0000] {processor.py:183} INFO - Processing /home/airflow/.local/lib/python3.8/site-packages/airflow/example_dags/example_dynamic_task_mapping_with_no_taskflow_operators.py took 0.155 seconds
[2025-10-14T12:11:06.564+0000] {processor.py:161} INFO - Started process (PID=83747) to work on /home/airflow/.local/lib/python3.8/site-packages/airflow/example_dags/example_dynamic_task_mapping_with_no_taskflow_operators.py
[2025-10-14T12:11:06.565+0000] {processor.py:830} INFO - Processing file /home/airflow/.local/lib/python3.8/site-packages/airflow/example_dags/example_dynamic_task_mapping_with_no_taskflow_operators.py for tasks to queue
[2025-10-14T12:11:06.567+0000] {logging_mixin.py:188} INFO - [2025-10-14T12:11:06.567+0000] {dagbag.py:538} INFO - Filling up the DagBag from /home/airflow/.local/lib/python3.8/site-packages/airflow/example_dags/example_dynamic_task_mapping_with_no_taskflow_operators.py
[2025-10-14T12:11:06.577+0000] {processor.py:840} INFO - DAG(s) 'example_dynamic_task_mapping_with_no_taskflow_operators' retrieved from /home/airflow/.local/lib/python3.8/site-packages/airflow/example_dags/example_dynamic_task_mapping_with_no_taskflow_operators.py
[2025-10-14T12:11:06.611+0000] {logging_mixin.py:188} INFO - [2025-10-14T12:11:06.611+0000] {dag.py:3036} INFO - Sync 1 DAGs
[2025-10-14T12:11:06.643+0000] {logging_mixin.py:188} INFO - [2025-10-14T12:11:06.643+0000] {dag.py:3823} INFO - Setting next_dagrun for example_dynamic_task_mapping_with_no_taskflow_operators to 2025-10-13 00:00:00+00:00, run_after=2025-10-14 00:00:00+00:00
[2025-10-14T12:11:06.673+0000] {processor.py:183} INFO - Processing /home/airflow/.local/lib/python3.8/site-packages/airflow/example_dags/example_dynamic_task_mapping_with_no_taskflow_operators.py took 0.115 seconds
[2025-10-14T12:11:37.351+0000] {processor.py:161} INFO - Started process (PID=83817) to work on /home/airflow/.local/lib/python3.8/site-packages/airflow/example_dags/example_dynamic_task_mapping_with_no_taskflow_operators.py
[2025-10-14T12:11:37.353+0000] {processor.py:830} INFO - Processing file /home/airflow/.local/lib/python3.8/site-packages/airflow/example_dags/example_dynamic_task_mapping_with_no_taskflow_operators.py for tasks to queue
[2025-10-14T12:11:37.355+0000] {logging_mixin.py:188} INFO - [2025-10-14T12:11:37.355+0000] {dagbag.py:538} INFO - Filling up the DagBag from /home/airflow/.local/lib/python3.8/site-packages/airflow/example_dags/example_dynamic_task_mapping_with_no_taskflow_operators.py
[2025-10-14T12:11:37.367+0000] {processor.py:840} INFO - DAG(s) 'example_dynamic_task_mapping_with_no_taskflow_operators' retrieved from /home/airflow/.local/lib/python3.8/site-packages/airflow/example_dags/example_dynamic_task_mapping_with_no_taskflow_operators.py
[2025-10-14T12:11:37.414+0000] {logging_mixin.py:188} INFO - [2025-10-14T12:11:37.414+0000] {dag.py:3036} INFO - Sync 1 DAGs
[2025-10-14T12:11:37.460+0000] {logging_mixin.py:188} INFO - [2025-10-14T12:11:37.460+0000] {dag.py:3823} INFO - Setting next_dagrun for example_dynamic_task_mapping_with_no_taskflow_operators to 2025-10-13 00:00:00+00:00, run_after=2025-10-14 00:00:00+00:00
[2025-10-14T12:11:37.489+0000] {processor.py:183} INFO - Processing /home/airflow/.local/lib/python3.8/site-packages/airflow/example_dags/example_dynamic_task_mapping_with_no_taskflow_operators.py took 0.144 seconds
[2025-10-14T12:12:08.791+0000] {processor.py:161} INFO - Started process (PID=83887) to work on /home/airflow/.local/lib/python3.8/site-packages/airflow/example_dags/example_dynamic_task_mapping_with_no_taskflow_operators.py
[2025-10-14T12:12:08.792+0000] {processor.py:830} INFO - Processing file /home/airflow/.local/lib/python3.8/site-packages/airflow/example_dags/example_dynamic_task_mapping_with_no_taskflow_operators.py for tasks to queue
[2025-10-14T12:12:08.794+0000] {logging_mixin.py:188} INFO - [2025-10-14T12:12:08.794+0000] {dagbag.py:538} INFO - Filling up the DagBag from /home/airflow/.local/lib/python3.8/site-packages/airflow/example_dags/example_dynamic_task_mapping_with_no_taskflow_operators.py
[2025-10-14T12:12:08.806+0000] {processor.py:840} INFO - DAG(s) 'example_dynamic_task_mapping_with_no_taskflow_operators' retrieved from /home/airflow/.local/lib/python3.8/site-packages/airflow/example_dags/example_dynamic_task_mapping_with_no_taskflow_operators.py
[2025-10-14T12:12:08.845+0000] {logging_mixin.py:188} INFO - [2025-10-14T12:12:08.845+0000] {dag.py:3036} INFO - Sync 1 DAGs
[2025-10-14T12:12:08.877+0000] {logging_mixin.py:188} INFO - [2025-10-14T12:12:08.876+0000] {dag.py:3823} INFO - Setting next_dagrun for example_dynamic_task_mapping_with_no_taskflow_operators to 2025-10-13 00:00:00+00:00, run_after=2025-10-14 00:00:00+00:00
[2025-10-14T12:12:08.904+0000] {processor.py:183} INFO - Processing /home/airflow/.local/lib/python3.8/site-packages/airflow/example_dags/example_dynamic_task_mapping_with_no_taskflow_operators.py took 0.119 seconds
[2025-10-14T12:12:39.918+0000] {processor.py:161} INFO - Started process (PID=83958) to work on /home/airflow/.local/lib/python3.8/site-packages/airflow/example_dags/example_dynamic_task_mapping_with_no_taskflow_operators.py
[2025-10-14T12:12:39.920+0000] {processor.py:830} INFO - Processing file /home/airflow/.local/lib/python3.8/site-packages/airflow/example_dags/example_dynamic_task_mapping_with_no_taskflow_operators.py for tasks to queue
[2025-10-14T12:12:39.922+0000] {logging_mixin.py:188} INFO - [2025-10-14T12:12:39.922+0000] {dagbag.py:538} INFO - Filling up the DagBag from /home/airflow/.local/lib/python3.8/site-packages/airflow/example_dags/example_dynamic_task_mapping_with_no_taskflow_operators.py
[2025-10-14T12:12:39.935+0000] {processor.py:840} INFO - DAG(s) 'example_dynamic_task_mapping_with_no_taskflow_operators' retrieved from /home/airflow/.local/lib/python3.8/site-packages/airflow/example_dags/example_dynamic_task_mapping_with_no_taskflow_operators.py
[2025-10-14T12:12:39.977+0000] {logging_mixin.py:188} INFO - [2025-10-14T12:12:39.976+0000] {dag.py:3036} INFO - Sync 1 DAGs
[2025-10-14T12:12:40.014+0000] {logging_mixin.py:188} INFO - [2025-10-14T12:12:40.014+0000] {dag.py:3823} INFO - Setting next_dagrun for example_dynamic_task_mapping_with_no_taskflow_operators to 2025-10-13 00:00:00+00:00, run_after=2025-10-14 00:00:00+00:00
[2025-10-14T12:12:40.065+0000] {processor.py:183} INFO - Processing /home/airflow/.local/lib/python3.8/site-packages/airflow/example_dags/example_dynamic_task_mapping_with_no_taskflow_operators.py took 0.153 seconds
[2025-10-14T12:13:11.038+0000] {processor.py:161} INFO - Started process (PID=84028) to work on /home/airflow/.local/lib/python3.8/site-packages/airflow/example_dags/example_dynamic_task_mapping_with_no_taskflow_operators.py
[2025-10-14T12:13:11.039+0000] {processor.py:830} INFO - Processing file /home/airflow/.local/lib/python3.8/site-packages/airflow/example_dags/example_dynamic_task_mapping_with_no_taskflow_operators.py for tasks to queue
[2025-10-14T12:13:11.041+0000] {logging_mixin.py:188} INFO - [2025-10-14T12:13:11.041+0000] {dagbag.py:538} INFO - Filling up the DagBag from /home/airflow/.local/lib/python3.8/site-packages/airflow/example_dags/example_dynamic_task_mapping_with_no_taskflow_operators.py
[2025-10-14T12:13:11.051+0000] {processor.py:840} INFO - DAG(s) 'example_dynamic_task_mapping_with_no_taskflow_operators' retrieved from /home/airflow/.local/lib/python3.8/site-packages/airflow/example_dags/example_dynamic_task_mapping_with_no_taskflow_operators.py
[2025-10-14T12:13:11.087+0000] {logging_mixin.py:188} INFO - [2025-10-14T12:13:11.086+0000] {dag.py:3036} INFO - Sync 1 DAGs
[2025-10-14T12:13:11.117+0000] {logging_mixin.py:188} INFO - [2025-10-14T12:13:11.117+0000] {dag.py:3823} INFO - Setting next_dagrun for example_dynamic_task_mapping_with_no_taskflow_operators to 2025-10-13 00:00:00+00:00, run_after=2025-10-14 00:00:00+00:00
[2025-10-14T12:13:11.161+0000] {processor.py:183} INFO - Processing /home/airflow/.local/lib/python3.8/site-packages/airflow/example_dags/example_dynamic_task_mapping_with_no_taskflow_operators.py took 0.130 seconds
[2025-10-14T12:13:41.735+0000] {processor.py:161} INFO - Started process (PID=84099) to work on /home/airflow/.local/lib/python3.8/site-packages/airflow/example_dags/example_dynamic_task_mapping_with_no_taskflow_operators.py
[2025-10-14T12:13:41.737+0000] {processor.py:830} INFO - Processing file /home/airflow/.local/lib/python3.8/site-packages/airflow/example_dags/example_dynamic_task_mapping_with_no_taskflow_operators.py for tasks to queue
[2025-10-14T12:13:41.739+0000] {logging_mixin.py:188} INFO - [2025-10-14T12:13:41.738+0000] {dagbag.py:538} INFO - Filling up the DagBag from /home/airflow/.local/lib/python3.8/site-packages/airflow/example_dags/example_dynamic_task_mapping_with_no_taskflow_operators.py
[2025-10-14T12:13:41.750+0000] {processor.py:840} INFO - DAG(s) 'example_dynamic_task_mapping_with_no_taskflow_operators' retrieved from /home/airflow/.local/lib/python3.8/site-packages/airflow/example_dags/example_dynamic_task_mapping_with_no_taskflow_operators.py
[2025-10-14T12:13:41.790+0000] {logging_mixin.py:188} INFO - [2025-10-14T12:13:41.790+0000] {dag.py:3036} INFO - Sync 1 DAGs
[2025-10-14T12:13:41.833+0000] {logging_mixin.py:188} INFO - [2025-10-14T12:13:41.832+0000] {dag.py:3823} INFO - Setting next_dagrun for example_dynamic_task_mapping_with_no_taskflow_operators to 2025-10-13 00:00:00+00:00, run_after=2025-10-14 00:00:00+00:00
[2025-10-14T12:13:41.890+0000] {processor.py:183} INFO - Processing /home/airflow/.local/lib/python3.8/site-packages/airflow/example_dags/example_dynamic_task_mapping_with_no_taskflow_operators.py took 0.163 seconds
[2025-10-14T12:14:12.631+0000] {processor.py:161} INFO - Started process (PID=84169) to work on /home/airflow/.local/lib/python3.8/site-packages/airflow/example_dags/example_dynamic_task_mapping_with_no_taskflow_operators.py
[2025-10-14T12:14:12.633+0000] {processor.py:830} INFO - Processing file /home/airflow/.local/lib/python3.8/site-packages/airflow/example_dags/example_dynamic_task_mapping_with_no_taskflow_operators.py for tasks to queue
[2025-10-14T12:14:12.635+0000] {logging_mixin.py:188} INFO - [2025-10-14T12:14:12.634+0000] {dagbag.py:538} INFO - Filling up the DagBag from /home/airflow/.local/lib/python3.8/site-packages/airflow/example_dags/example_dynamic_task_mapping_with_no_taskflow_operators.py
[2025-10-14T12:14:12.646+0000] {processor.py:840} INFO - DAG(s) 'example_dynamic_task_mapping_with_no_taskflow_operators' retrieved from /home/airflow/.local/lib/python3.8/site-packages/airflow/example_dags/example_dynamic_task_mapping_with_no_taskflow_operators.py
[2025-10-14T12:14:12.687+0000] {logging_mixin.py:188} INFO - [2025-10-14T12:14:12.686+0000] {dag.py:3036} INFO - Sync 1 DAGs
[2025-10-14T12:14:12.723+0000] {logging_mixin.py:188} INFO - [2025-10-14T12:14:12.723+0000] {dag.py:3823} INFO - Setting next_dagrun for example_dynamic_task_mapping_with_no_taskflow_operators to 2025-10-13 00:00:00+00:00, run_after=2025-10-14 00:00:00+00:00
[2025-10-14T12:14:12.759+0000] {processor.py:183} INFO - Processing /home/airflow/.local/lib/python3.8/site-packages/airflow/example_dags/example_dynamic_task_mapping_with_no_taskflow_operators.py took 0.134 seconds
[2025-10-14T12:14:43.794+0000] {processor.py:161} INFO - Started process (PID=84238) to work on /home/airflow/.local/lib/python3.8/site-packages/airflow/example_dags/example_dynamic_task_mapping_with_no_taskflow_operators.py
[2025-10-14T12:14:43.796+0000] {processor.py:830} INFO - Processing file /home/airflow/.local/lib/python3.8/site-packages/airflow/example_dags/example_dynamic_task_mapping_with_no_taskflow_operators.py for tasks to queue
[2025-10-14T12:14:43.798+0000] {logging_mixin.py:188} INFO - [2025-10-14T12:14:43.797+0000] {dagbag.py:538} INFO - Filling up the DagBag from /home/airflow/.local/lib/python3.8/site-packages/airflow/example_dags/example_dynamic_task_mapping_with_no_taskflow_operators.py
[2025-10-14T12:14:43.808+0000] {processor.py:840} INFO - DAG(s) 'example_dynamic_task_mapping_with_no_taskflow_operators' retrieved from /home/airflow/.local/lib/python3.8/site-packages/airflow/example_dags/example_dynamic_task_mapping_with_no_taskflow_operators.py
[2025-10-14T12:14:43.842+0000] {logging_mixin.py:188} INFO - [2025-10-14T12:14:43.842+0000] {dag.py:3036} INFO - Sync 1 DAGs
[2025-10-14T12:14:43.875+0000] {logging_mixin.py:188} INFO - [2025-10-14T12:14:43.875+0000] {dag.py:3823} INFO - Setting next_dagrun for example_dynamic_task_mapping_with_no_taskflow_operators to 2025-10-13 00:00:00+00:00, run_after=2025-10-14 00:00:00+00:00
[2025-10-14T12:14:43.903+0000] {processor.py:183} INFO - Processing /home/airflow/.local/lib/python3.8/site-packages/airflow/example_dags/example_dynamic_task_mapping_with_no_taskflow_operators.py took 0.115 seconds
[2025-10-14T12:15:14.582+0000] {processor.py:161} INFO - Started process (PID=84308) to work on /home/airflow/.local/lib/python3.8/site-packages/airflow/example_dags/example_dynamic_task_mapping_with_no_taskflow_operators.py
[2025-10-14T12:15:14.583+0000] {processor.py:830} INFO - Processing file /home/airflow/.local/lib/python3.8/site-packages/airflow/example_dags/example_dynamic_task_mapping_with_no_taskflow_operators.py for tasks to queue
[2025-10-14T12:15:14.586+0000] {logging_mixin.py:188} INFO - [2025-10-14T12:15:14.585+0000] {dagbag.py:538} INFO - Filling up the DagBag from /home/airflow/.local/lib/python3.8/site-packages/airflow/example_dags/example_dynamic_task_mapping_with_no_taskflow_operators.py
[2025-10-14T12:15:14.596+0000] {processor.py:840} INFO - DAG(s) 'example_dynamic_task_mapping_with_no_taskflow_operators' retrieved from /home/airflow/.local/lib/python3.8/site-packages/airflow/example_dags/example_dynamic_task_mapping_with_no_taskflow_operators.py
[2025-10-14T12:15:14.633+0000] {logging_mixin.py:188} INFO - [2025-10-14T12:15:14.632+0000] {dag.py:3036} INFO - Sync 1 DAGs
[2025-10-14T12:15:14.667+0000] {logging_mixin.py:188} INFO - [2025-10-14T12:15:14.666+0000] {dag.py:3823} INFO - Setting next_dagrun for example_dynamic_task_mapping_with_no_taskflow_operators to 2025-10-13 00:00:00+00:00, run_after=2025-10-14 00:00:00+00:00
[2025-10-14T12:15:14.713+0000] {processor.py:183} INFO - Processing /home/airflow/.local/lib/python3.8/site-packages/airflow/example_dags/example_dynamic_task_mapping_with_no_taskflow_operators.py took 0.137 seconds
[2025-10-14T12:15:45.908+0000] {processor.py:161} INFO - Started process (PID=84378) to work on /home/airflow/.local/lib/python3.8/site-packages/airflow/example_dags/example_dynamic_task_mapping_with_no_taskflow_operators.py
[2025-10-14T12:15:45.910+0000] {processor.py:830} INFO - Processing file /home/airflow/.local/lib/python3.8/site-packages/airflow/example_dags/example_dynamic_task_mapping_with_no_taskflow_operators.py for tasks to queue
[2025-10-14T12:15:45.912+0000] {logging_mixin.py:188} INFO - [2025-10-14T12:15:45.912+0000] {dagbag.py:538} INFO - Filling up the DagBag from /home/airflow/.local/lib/python3.8/site-packages/airflow/example_dags/example_dynamic_task_mapping_with_no_taskflow_operators.py
[2025-10-14T12:15:45.923+0000] {processor.py:840} INFO - DAG(s) 'example_dynamic_task_mapping_with_no_taskflow_operators' retrieved from /home/airflow/.local/lib/python3.8/site-packages/airflow/example_dags/example_dynamic_task_mapping_with_no_taskflow_operators.py
[2025-10-14T12:15:45.961+0000] {logging_mixin.py:188} INFO - [2025-10-14T12:15:45.961+0000] {dag.py:3036} INFO - Sync 1 DAGs
[2025-10-14T12:15:45.992+0000] {logging_mixin.py:188} INFO - [2025-10-14T12:15:45.991+0000] {dag.py:3823} INFO - Setting next_dagrun for example_dynamic_task_mapping_with_no_taskflow_operators to 2025-10-13 00:00:00+00:00, run_after=2025-10-14 00:00:00+00:00
[2025-10-14T12:15:46.037+0000] {processor.py:183} INFO - Processing /home/airflow/.local/lib/python3.8/site-packages/airflow/example_dags/example_dynamic_task_mapping_with_no_taskflow_operators.py took 0.134 seconds
[2025-10-14T12:16:18.332+0000] {processor.py:161} INFO - Started process (PID=84448) to work on /home/airflow/.local/lib/python3.8/site-packages/airflow/example_dags/example_dynamic_task_mapping_with_no_taskflow_operators.py
[2025-10-14T12:16:18.361+0000] {processor.py:830} INFO - Processing file /home/airflow/.local/lib/python3.8/site-packages/airflow/example_dags/example_dynamic_task_mapping_with_no_taskflow_operators.py for tasks to queue
[2025-10-14T12:16:18.368+0000] {logging_mixin.py:188} INFO - [2025-10-14T12:16:18.367+0000] {dagbag.py:538} INFO - Filling up the DagBag from /home/airflow/.local/lib/python3.8/site-packages/airflow/example_dags/example_dynamic_task_mapping_with_no_taskflow_operators.py
[2025-10-14T12:16:18.408+0000] {processor.py:840} INFO - DAG(s) 'example_dynamic_task_mapping_with_no_taskflow_operators' retrieved from /home/airflow/.local/lib/python3.8/site-packages/airflow/example_dags/example_dynamic_task_mapping_with_no_taskflow_operators.py
[2025-10-14T12:16:18.550+0000] {logging_mixin.py:188} INFO - [2025-10-14T12:16:18.549+0000] {dag.py:3036} INFO - Sync 1 DAGs
[2025-10-14T12:16:18.628+0000] {logging_mixin.py:188} INFO - [2025-10-14T12:16:18.627+0000] {dag.py:3823} INFO - Setting next_dagrun for example_dynamic_task_mapping_with_no_taskflow_operators to 2025-10-13 00:00:00+00:00, run_after=2025-10-14 00:00:00+00:00
[2025-10-14T12:16:18.709+0000] {processor.py:183} INFO - Processing /home/airflow/.local/lib/python3.8/site-packages/airflow/example_dags/example_dynamic_task_mapping_with_no_taskflow_operators.py took 0.394 seconds
[2025-10-14T12:16:50.026+0000] {processor.py:161} INFO - Started process (PID=84518) to work on /home/airflow/.local/lib/python3.8/site-packages/airflow/example_dags/example_dynamic_task_mapping_with_no_taskflow_operators.py
[2025-10-14T12:16:50.028+0000] {processor.py:830} INFO - Processing file /home/airflow/.local/lib/python3.8/site-packages/airflow/example_dags/example_dynamic_task_mapping_with_no_taskflow_operators.py for tasks to queue
[2025-10-14T12:16:50.030+0000] {logging_mixin.py:188} INFO - [2025-10-14T12:16:50.030+0000] {dagbag.py:538} INFO - Filling up the DagBag from /home/airflow/.local/lib/python3.8/site-packages/airflow/example_dags/example_dynamic_task_mapping_with_no_taskflow_operators.py
[2025-10-14T12:16:50.044+0000] {processor.py:840} INFO - DAG(s) 'example_dynamic_task_mapping_with_no_taskflow_operators' retrieved from /home/airflow/.local/lib/python3.8/site-packages/airflow/example_dags/example_dynamic_task_mapping_with_no_taskflow_operators.py
[2025-10-14T12:16:50.083+0000] {logging_mixin.py:188} INFO - [2025-10-14T12:16:50.082+0000] {dag.py:3036} INFO - Sync 1 DAGs
[2025-10-14T12:16:50.120+0000] {logging_mixin.py:188} INFO - [2025-10-14T12:16:50.120+0000] {dag.py:3823} INFO - Setting next_dagrun for example_dynamic_task_mapping_with_no_taskflow_operators to 2025-10-13 00:00:00+00:00, run_after=2025-10-14 00:00:00+00:00
[2025-10-14T12:16:50.169+0000] {processor.py:183} INFO - Processing /home/airflow/.local/lib/python3.8/site-packages/airflow/example_dags/example_dynamic_task_mapping_with_no_taskflow_operators.py took 0.150 seconds
[2025-10-14T12:17:21.213+0000] {processor.py:161} INFO - Started process (PID=84588) to work on /home/airflow/.local/lib/python3.8/site-packages/airflow/example_dags/example_dynamic_task_mapping_with_no_taskflow_operators.py
[2025-10-14T12:17:21.215+0000] {processor.py:830} INFO - Processing file /home/airflow/.local/lib/python3.8/site-packages/airflow/example_dags/example_dynamic_task_mapping_with_no_taskflow_operators.py for tasks to queue
[2025-10-14T12:17:21.216+0000] {logging_mixin.py:188} INFO - [2025-10-14T12:17:21.216+0000] {dagbag.py:538} INFO - Filling up the DagBag from /home/airflow/.local/lib/python3.8/site-packages/airflow/example_dags/example_dynamic_task_mapping_with_no_taskflow_operators.py
[2025-10-14T12:17:21.227+0000] {processor.py:840} INFO - DAG(s) 'example_dynamic_task_mapping_with_no_taskflow_operators' retrieved from /home/airflow/.local/lib/python3.8/site-packages/airflow/example_dags/example_dynamic_task_mapping_with_no_taskflow_operators.py
[2025-10-14T12:17:21.261+0000] {logging_mixin.py:188} INFO - [2025-10-14T12:17:21.261+0000] {dag.py:3036} INFO - Sync 1 DAGs
[2025-10-14T12:17:21.295+0000] {logging_mixin.py:188} INFO - [2025-10-14T12:17:21.295+0000] {dag.py:3823} INFO - Setting next_dagrun for example_dynamic_task_mapping_with_no_taskflow_operators to 2025-10-13 00:00:00+00:00, run_after=2025-10-14 00:00:00+00:00
[2025-10-14T12:17:21.349+0000] {processor.py:183} INFO - Processing /home/airflow/.local/lib/python3.8/site-packages/airflow/example_dags/example_dynamic_task_mapping_with_no_taskflow_operators.py took 0.141 seconds
[2025-10-14T12:17:52.392+0000] {processor.py:161} INFO - Started process (PID=84658) to work on /home/airflow/.local/lib/python3.8/site-packages/airflow/example_dags/example_dynamic_task_mapping_with_no_taskflow_operators.py
[2025-10-14T12:17:52.393+0000] {processor.py:830} INFO - Processing file /home/airflow/.local/lib/python3.8/site-packages/airflow/example_dags/example_dynamic_task_mapping_with_no_taskflow_operators.py for tasks to queue
[2025-10-14T12:17:52.395+0000] {logging_mixin.py:188} INFO - [2025-10-14T12:17:52.394+0000] {dagbag.py:538} INFO - Filling up the DagBag from /home/airflow/.local/lib/python3.8/site-packages/airflow/example_dags/example_dynamic_task_mapping_with_no_taskflow_operators.py
[2025-10-14T12:17:52.405+0000] {processor.py:840} INFO - DAG(s) 'example_dynamic_task_mapping_with_no_taskflow_operators' retrieved from /home/airflow/.local/lib/python3.8/site-packages/airflow/example_dags/example_dynamic_task_mapping_with_no_taskflow_operators.py
[2025-10-14T12:17:52.440+0000] {logging_mixin.py:188} INFO - [2025-10-14T12:17:52.440+0000] {dag.py:3036} INFO - Sync 1 DAGs
[2025-10-14T12:17:52.472+0000] {logging_mixin.py:188} INFO - [2025-10-14T12:17:52.472+0000] {dag.py:3823} INFO - Setting next_dagrun for example_dynamic_task_mapping_with_no_taskflow_operators to 2025-10-13 00:00:00+00:00, run_after=2025-10-14 00:00:00+00:00
[2025-10-14T12:17:52.513+0000] {processor.py:183} INFO - Processing /home/airflow/.local/lib/python3.8/site-packages/airflow/example_dags/example_dynamic_task_mapping_with_no_taskflow_operators.py took 0.127 seconds
[2025-10-14T12:18:23.862+0000] {processor.py:161} INFO - Started process (PID=84728) to work on /home/airflow/.local/lib/python3.8/site-packages/airflow/example_dags/example_dynamic_task_mapping_with_no_taskflow_operators.py
[2025-10-14T12:18:23.865+0000] {processor.py:830} INFO - Processing file /home/airflow/.local/lib/python3.8/site-packages/airflow/example_dags/example_dynamic_task_mapping_with_no_taskflow_operators.py for tasks to queue
[2025-10-14T12:18:23.868+0000] {logging_mixin.py:188} INFO - [2025-10-14T12:18:23.867+0000] {dagbag.py:538} INFO - Filling up the DagBag from /home/airflow/.local/lib/python3.8/site-packages/airflow/example_dags/example_dynamic_task_mapping_with_no_taskflow_operators.py
[2025-10-14T12:18:23.889+0000] {processor.py:840} INFO - DAG(s) 'example_dynamic_task_mapping_with_no_taskflow_operators' retrieved from /home/airflow/.local/lib/python3.8/site-packages/airflow/example_dags/example_dynamic_task_mapping_with_no_taskflow_operators.py
[2025-10-14T12:18:23.919+0000] {logging_mixin.py:188} INFO - [2025-10-14T12:18:23.918+0000] {dag.py:3036} INFO - Sync 1 DAGs
[2025-10-14T12:18:23.976+0000] {logging_mixin.py:188} INFO - [2025-10-14T12:18:23.976+0000] {dag.py:3823} INFO - Setting next_dagrun for example_dynamic_task_mapping_with_no_taskflow_operators to 2025-10-13 00:00:00+00:00, run_after=2025-10-14 00:00:00+00:00
[2025-10-14T12:18:24.056+0000] {processor.py:183} INFO - Processing /home/airflow/.local/lib/python3.8/site-packages/airflow/example_dags/example_dynamic_task_mapping_with_no_taskflow_operators.py took 0.202 seconds
[2025-10-14T12:18:55.023+0000] {processor.py:161} INFO - Started process (PID=84798) to work on /home/airflow/.local/lib/python3.8/site-packages/airflow/example_dags/example_dynamic_task_mapping_with_no_taskflow_operators.py
[2025-10-14T12:18:55.025+0000] {processor.py:830} INFO - Processing file /home/airflow/.local/lib/python3.8/site-packages/airflow/example_dags/example_dynamic_task_mapping_with_no_taskflow_operators.py for tasks to queue
[2025-10-14T12:18:55.026+0000] {logging_mixin.py:188} INFO - [2025-10-14T12:18:55.026+0000] {dagbag.py:538} INFO - Filling up the DagBag from /home/airflow/.local/lib/python3.8/site-packages/airflow/example_dags/example_dynamic_task_mapping_with_no_taskflow_operators.py
[2025-10-14T12:18:55.037+0000] {processor.py:840} INFO - DAG(s) 'example_dynamic_task_mapping_with_no_taskflow_operators' retrieved from /home/airflow/.local/lib/python3.8/site-packages/airflow/example_dags/example_dynamic_task_mapping_with_no_taskflow_operators.py
[2025-10-14T12:18:55.076+0000] {logging_mixin.py:188} INFO - [2025-10-14T12:18:55.075+0000] {dag.py:3036} INFO - Sync 1 DAGs
[2025-10-14T12:18:55.116+0000] {logging_mixin.py:188} INFO - [2025-10-14T12:18:55.115+0000] {dag.py:3823} INFO - Setting next_dagrun for example_dynamic_task_mapping_with_no_taskflow_operators to 2025-10-13 00:00:00+00:00, run_after=2025-10-14 00:00:00+00:00
[2025-10-14T12:18:55.174+0000] {processor.py:183} INFO - Processing /home/airflow/.local/lib/python3.8/site-packages/airflow/example_dags/example_dynamic_task_mapping_with_no_taskflow_operators.py took 0.157 seconds
[2025-10-14T12:19:26.156+0000] {processor.py:161} INFO - Started process (PID=84874) to work on /home/airflow/.local/lib/python3.8/site-packages/airflow/example_dags/example_dynamic_task_mapping_with_no_taskflow_operators.py
[2025-10-14T12:19:26.159+0000] {processor.py:830} INFO - Processing file /home/airflow/.local/lib/python3.8/site-packages/airflow/example_dags/example_dynamic_task_mapping_with_no_taskflow_operators.py for tasks to queue
[2025-10-14T12:19:26.162+0000] {logging_mixin.py:188} INFO - [2025-10-14T12:19:26.161+0000] {dagbag.py:538} INFO - Filling up the DagBag from /home/airflow/.local/lib/python3.8/site-packages/airflow/example_dags/example_dynamic_task_mapping_with_no_taskflow_operators.py
[2025-10-14T12:19:26.180+0000] {processor.py:840} INFO - DAG(s) 'example_dynamic_task_mapping_with_no_taskflow_operators' retrieved from /home/airflow/.local/lib/python3.8/site-packages/airflow/example_dags/example_dynamic_task_mapping_with_no_taskflow_operators.py
[2025-10-14T12:19:26.222+0000] {logging_mixin.py:188} INFO - [2025-10-14T12:19:26.221+0000] {dag.py:3036} INFO - Sync 1 DAGs
[2025-10-14T12:19:26.256+0000] {logging_mixin.py:188} INFO - [2025-10-14T12:19:26.255+0000] {dag.py:3823} INFO - Setting next_dagrun for example_dynamic_task_mapping_with_no_taskflow_operators to 2025-10-13 00:00:00+00:00, run_after=2025-10-14 00:00:00+00:00
[2025-10-14T12:19:26.314+0000] {processor.py:183} INFO - Processing /home/airflow/.local/lib/python3.8/site-packages/airflow/example_dags/example_dynamic_task_mapping_with_no_taskflow_operators.py took 0.167 seconds
[2025-10-14T12:19:57.608+0000] {processor.py:161} INFO - Started process (PID=84944) to work on /home/airflow/.local/lib/python3.8/site-packages/airflow/example_dags/example_dynamic_task_mapping_with_no_taskflow_operators.py
[2025-10-14T12:19:57.610+0000] {processor.py:830} INFO - Processing file /home/airflow/.local/lib/python3.8/site-packages/airflow/example_dags/example_dynamic_task_mapping_with_no_taskflow_operators.py for tasks to queue
[2025-10-14T12:19:57.612+0000] {logging_mixin.py:188} INFO - [2025-10-14T12:19:57.612+0000] {dagbag.py:538} INFO - Filling up the DagBag from /home/airflow/.local/lib/python3.8/site-packages/airflow/example_dags/example_dynamic_task_mapping_with_no_taskflow_operators.py
[2025-10-14T12:19:57.624+0000] {processor.py:840} INFO - DAG(s) 'example_dynamic_task_mapping_with_no_taskflow_operators' retrieved from /home/airflow/.local/lib/python3.8/site-packages/airflow/example_dags/example_dynamic_task_mapping_with_no_taskflow_operators.py
[2025-10-14T12:19:57.674+0000] {logging_mixin.py:188} INFO - [2025-10-14T12:19:57.673+0000] {dag.py:3036} INFO - Sync 1 DAGs
[2025-10-14T12:19:57.707+0000] {logging_mixin.py:188} INFO - [2025-10-14T12:19:57.707+0000] {dag.py:3823} INFO - Setting next_dagrun for example_dynamic_task_mapping_with_no_taskflow_operators to 2025-10-13 00:00:00+00:00, run_after=2025-10-14 00:00:00+00:00
[2025-10-14T12:19:57.764+0000] {processor.py:183} INFO - Processing /home/airflow/.local/lib/python3.8/site-packages/airflow/example_dags/example_dynamic_task_mapping_with_no_taskflow_operators.py took 0.161 seconds
[2025-10-14T12:20:29.339+0000] {processor.py:161} INFO - Started process (PID=85015) to work on /home/airflow/.local/lib/python3.8/site-packages/airflow/example_dags/example_dynamic_task_mapping_with_no_taskflow_operators.py
[2025-10-14T12:20:29.342+0000] {processor.py:830} INFO - Processing file /home/airflow/.local/lib/python3.8/site-packages/airflow/example_dags/example_dynamic_task_mapping_with_no_taskflow_operators.py for tasks to queue
[2025-10-14T12:20:29.345+0000] {logging_mixin.py:188} INFO - [2025-10-14T12:20:29.344+0000] {dagbag.py:538} INFO - Filling up the DagBag from /home/airflow/.local/lib/python3.8/site-packages/airflow/example_dags/example_dynamic_task_mapping_with_no_taskflow_operators.py
[2025-10-14T12:20:29.359+0000] {processor.py:840} INFO - DAG(s) 'example_dynamic_task_mapping_with_no_taskflow_operators' retrieved from /home/airflow/.local/lib/python3.8/site-packages/airflow/example_dags/example_dynamic_task_mapping_with_no_taskflow_operators.py
[2025-10-14T12:20:29.394+0000] {logging_mixin.py:188} INFO - [2025-10-14T12:20:29.393+0000] {dag.py:3036} INFO - Sync 1 DAGs
[2025-10-14T12:20:29.428+0000] {logging_mixin.py:188} INFO - [2025-10-14T12:20:29.427+0000] {dag.py:3823} INFO - Setting next_dagrun for example_dynamic_task_mapping_with_no_taskflow_operators to 2025-10-13 00:00:00+00:00, run_after=2025-10-14 00:00:00+00:00
[2025-10-14T12:20:29.459+0000] {processor.py:183} INFO - Processing /home/airflow/.local/lib/python3.8/site-packages/airflow/example_dags/example_dynamic_task_mapping_with_no_taskflow_operators.py took 0.130 seconds
[2025-10-14T12:20:59.781+0000] {processor.py:161} INFO - Started process (PID=85086) to work on /home/airflow/.local/lib/python3.8/site-packages/airflow/example_dags/example_dynamic_task_mapping_with_no_taskflow_operators.py
[2025-10-14T12:20:59.783+0000] {processor.py:830} INFO - Processing file /home/airflow/.local/lib/python3.8/site-packages/airflow/example_dags/example_dynamic_task_mapping_with_no_taskflow_operators.py for tasks to queue
[2025-10-14T12:20:59.785+0000] {logging_mixin.py:188} INFO - [2025-10-14T12:20:59.784+0000] {dagbag.py:538} INFO - Filling up the DagBag from /home/airflow/.local/lib/python3.8/site-packages/airflow/example_dags/example_dynamic_task_mapping_with_no_taskflow_operators.py
[2025-10-14T12:20:59.799+0000] {processor.py:840} INFO - DAG(s) 'example_dynamic_task_mapping_with_no_taskflow_operators' retrieved from /home/airflow/.local/lib/python3.8/site-packages/airflow/example_dags/example_dynamic_task_mapping_with_no_taskflow_operators.py
[2025-10-14T12:20:59.845+0000] {logging_mixin.py:188} INFO - [2025-10-14T12:20:59.845+0000] {dag.py:3036} INFO - Sync 1 DAGs
[2025-10-14T12:20:59.893+0000] {logging_mixin.py:188} INFO - [2025-10-14T12:20:59.893+0000] {dag.py:3823} INFO - Setting next_dagrun for example_dynamic_task_mapping_with_no_taskflow_operators to 2025-10-13 00:00:00+00:00, run_after=2025-10-14 00:00:00+00:00
[2025-10-14T12:20:59.936+0000] {processor.py:183} INFO - Processing /home/airflow/.local/lib/python3.8/site-packages/airflow/example_dags/example_dynamic_task_mapping_with_no_taskflow_operators.py took 0.163 seconds
[2025-10-14T12:21:31.711+0000] {processor.py:161} INFO - Started process (PID=85156) to work on /home/airflow/.local/lib/python3.8/site-packages/airflow/example_dags/example_dynamic_task_mapping_with_no_taskflow_operators.py
[2025-10-14T12:21:31.713+0000] {processor.py:830} INFO - Processing file /home/airflow/.local/lib/python3.8/site-packages/airflow/example_dags/example_dynamic_task_mapping_with_no_taskflow_operators.py for tasks to queue
[2025-10-14T12:21:31.715+0000] {logging_mixin.py:188} INFO - [2025-10-14T12:21:31.714+0000] {dagbag.py:538} INFO - Filling up the DagBag from /home/airflow/.local/lib/python3.8/site-packages/airflow/example_dags/example_dynamic_task_mapping_with_no_taskflow_operators.py
[2025-10-14T12:21:31.726+0000] {processor.py:840} INFO - DAG(s) 'example_dynamic_task_mapping_with_no_taskflow_operators' retrieved from /home/airflow/.local/lib/python3.8/site-packages/airflow/example_dags/example_dynamic_task_mapping_with_no_taskflow_operators.py
[2025-10-14T12:21:31.761+0000] {logging_mixin.py:188} INFO - [2025-10-14T12:21:31.761+0000] {dag.py:3036} INFO - Sync 1 DAGs
[2025-10-14T12:21:31.795+0000] {logging_mixin.py:188} INFO - [2025-10-14T12:21:31.794+0000] {dag.py:3823} INFO - Setting next_dagrun for example_dynamic_task_mapping_with_no_taskflow_operators to 2025-10-13 00:00:00+00:00, run_after=2025-10-14 00:00:00+00:00
[2025-10-14T12:21:31.845+0000] {processor.py:183} INFO - Processing /home/airflow/.local/lib/python3.8/site-packages/airflow/example_dags/example_dynamic_task_mapping_with_no_taskflow_operators.py took 0.139 seconds
[2025-10-14T12:22:02.726+0000] {processor.py:161} INFO - Started process (PID=85226) to work on /home/airflow/.local/lib/python3.8/site-packages/airflow/example_dags/example_dynamic_task_mapping_with_no_taskflow_operators.py
[2025-10-14T12:22:02.727+0000] {processor.py:830} INFO - Processing file /home/airflow/.local/lib/python3.8/site-packages/airflow/example_dags/example_dynamic_task_mapping_with_no_taskflow_operators.py for tasks to queue
[2025-10-14T12:22:02.730+0000] {logging_mixin.py:188} INFO - [2025-10-14T12:22:02.729+0000] {dagbag.py:538} INFO - Filling up the DagBag from /home/airflow/.local/lib/python3.8/site-packages/airflow/example_dags/example_dynamic_task_mapping_with_no_taskflow_operators.py
[2025-10-14T12:22:02.745+0000] {processor.py:840} INFO - DAG(s) 'example_dynamic_task_mapping_with_no_taskflow_operators' retrieved from /home/airflow/.local/lib/python3.8/site-packages/airflow/example_dags/example_dynamic_task_mapping_with_no_taskflow_operators.py
[2025-10-14T12:22:02.789+0000] {logging_mixin.py:188} INFO - [2025-10-14T12:22:02.789+0000] {dag.py:3036} INFO - Sync 1 DAGs
[2025-10-14T12:22:02.834+0000] {logging_mixin.py:188} INFO - [2025-10-14T12:22:02.833+0000] {dag.py:3823} INFO - Setting next_dagrun for example_dynamic_task_mapping_with_no_taskflow_operators to 2025-10-13 00:00:00+00:00, run_after=2025-10-14 00:00:00+00:00
[2025-10-14T12:22:02.872+0000] {processor.py:183} INFO - Processing /home/airflow/.local/lib/python3.8/site-packages/airflow/example_dags/example_dynamic_task_mapping_with_no_taskflow_operators.py took 0.153 seconds
[2025-10-14T12:22:34.156+0000] {processor.py:161} INFO - Started process (PID=85296) to work on /home/airflow/.local/lib/python3.8/site-packages/airflow/example_dags/example_dynamic_task_mapping_with_no_taskflow_operators.py
[2025-10-14T12:22:34.158+0000] {processor.py:830} INFO - Processing file /home/airflow/.local/lib/python3.8/site-packages/airflow/example_dags/example_dynamic_task_mapping_with_no_taskflow_operators.py for tasks to queue
[2025-10-14T12:22:34.160+0000] {logging_mixin.py:188} INFO - [2025-10-14T12:22:34.160+0000] {dagbag.py:538} INFO - Filling up the DagBag from /home/airflow/.local/lib/python3.8/site-packages/airflow/example_dags/example_dynamic_task_mapping_with_no_taskflow_operators.py
[2025-10-14T12:22:34.176+0000] {processor.py:840} INFO - DAG(s) 'example_dynamic_task_mapping_with_no_taskflow_operators' retrieved from /home/airflow/.local/lib/python3.8/site-packages/airflow/example_dags/example_dynamic_task_mapping_with_no_taskflow_operators.py
[2025-10-14T12:22:34.216+0000] {logging_mixin.py:188} INFO - [2025-10-14T12:22:34.216+0000] {dag.py:3036} INFO - Sync 1 DAGs
[2025-10-14T12:22:34.249+0000] {logging_mixin.py:188} INFO - [2025-10-14T12:22:34.249+0000] {dag.py:3823} INFO - Setting next_dagrun for example_dynamic_task_mapping_with_no_taskflow_operators to 2025-10-13 00:00:00+00:00, run_after=2025-10-14 00:00:00+00:00
[2025-10-14T12:22:34.299+0000] {processor.py:183} INFO - Processing /home/airflow/.local/lib/python3.8/site-packages/airflow/example_dags/example_dynamic_task_mapping_with_no_taskflow_operators.py took 0.151 seconds
[2025-10-14T12:23:06.033+0000] {processor.py:161} INFO - Started process (PID=85366) to work on /home/airflow/.local/lib/python3.8/site-packages/airflow/example_dags/example_dynamic_task_mapping_with_no_taskflow_operators.py
[2025-10-14T12:23:06.034+0000] {processor.py:830} INFO - Processing file /home/airflow/.local/lib/python3.8/site-packages/airflow/example_dags/example_dynamic_task_mapping_with_no_taskflow_operators.py for tasks to queue
[2025-10-14T12:23:06.036+0000] {logging_mixin.py:188} INFO - [2025-10-14T12:23:06.036+0000] {dagbag.py:538} INFO - Filling up the DagBag from /home/airflow/.local/lib/python3.8/site-packages/airflow/example_dags/example_dynamic_task_mapping_with_no_taskflow_operators.py
[2025-10-14T12:23:06.050+0000] {processor.py:840} INFO - DAG(s) 'example_dynamic_task_mapping_with_no_taskflow_operators' retrieved from /home/airflow/.local/lib/python3.8/site-packages/airflow/example_dags/example_dynamic_task_mapping_with_no_taskflow_operators.py
[2025-10-14T12:23:06.090+0000] {logging_mixin.py:188} INFO - [2025-10-14T12:23:06.090+0000] {dag.py:3036} INFO - Sync 1 DAGs
[2025-10-14T12:23:06.129+0000] {logging_mixin.py:188} INFO - [2025-10-14T12:23:06.129+0000] {dag.py:3823} INFO - Setting next_dagrun for example_dynamic_task_mapping_with_no_taskflow_operators to 2025-10-13 00:00:00+00:00, run_after=2025-10-14 00:00:00+00:00
[2025-10-14T12:23:06.232+0000] {processor.py:183} INFO - Processing /home/airflow/.local/lib/python3.8/site-packages/airflow/example_dags/example_dynamic_task_mapping_with_no_taskflow_operators.py took 0.206 seconds
[2025-10-14T12:23:37.025+0000] {processor.py:161} INFO - Started process (PID=85436) to work on /home/airflow/.local/lib/python3.8/site-packages/airflow/example_dags/example_dynamic_task_mapping_with_no_taskflow_operators.py
[2025-10-14T12:23:37.027+0000] {processor.py:830} INFO - Processing file /home/airflow/.local/lib/python3.8/site-packages/airflow/example_dags/example_dynamic_task_mapping_with_no_taskflow_operators.py for tasks to queue
[2025-10-14T12:23:37.029+0000] {logging_mixin.py:188} INFO - [2025-10-14T12:23:37.028+0000] {dagbag.py:538} INFO - Filling up the DagBag from /home/airflow/.local/lib/python3.8/site-packages/airflow/example_dags/example_dynamic_task_mapping_with_no_taskflow_operators.py
[2025-10-14T12:23:37.039+0000] {processor.py:840} INFO - DAG(s) 'example_dynamic_task_mapping_with_no_taskflow_operators' retrieved from /home/airflow/.local/lib/python3.8/site-packages/airflow/example_dags/example_dynamic_task_mapping_with_no_taskflow_operators.py
[2025-10-14T12:23:37.071+0000] {logging_mixin.py:188} INFO - [2025-10-14T12:23:37.070+0000] {dag.py:3036} INFO - Sync 1 DAGs
[2025-10-14T12:23:37.101+0000] {logging_mixin.py:188} INFO - [2025-10-14T12:23:37.101+0000] {dag.py:3823} INFO - Setting next_dagrun for example_dynamic_task_mapping_with_no_taskflow_operators to 2025-10-13 00:00:00+00:00, run_after=2025-10-14 00:00:00+00:00
[2025-10-14T12:23:37.160+0000] {processor.py:183} INFO - Processing /home/airflow/.local/lib/python3.8/site-packages/airflow/example_dags/example_dynamic_task_mapping_with_no_taskflow_operators.py took 0.139 seconds
[2025-10-14T12:24:08.219+0000] {processor.py:161} INFO - Started process (PID=85506) to work on /home/airflow/.local/lib/python3.8/site-packages/airflow/example_dags/example_dynamic_task_mapping_with_no_taskflow_operators.py
[2025-10-14T12:24:08.224+0000] {processor.py:830} INFO - Processing file /home/airflow/.local/lib/python3.8/site-packages/airflow/example_dags/example_dynamic_task_mapping_with_no_taskflow_operators.py for tasks to queue
[2025-10-14T12:24:08.229+0000] {logging_mixin.py:188} INFO - [2025-10-14T12:24:08.227+0000] {dagbag.py:538} INFO - Filling up the DagBag from /home/airflow/.local/lib/python3.8/site-packages/airflow/example_dags/example_dynamic_task_mapping_with_no_taskflow_operators.py
[2025-10-14T12:24:08.241+0000] {processor.py:840} INFO - DAG(s) 'example_dynamic_task_mapping_with_no_taskflow_operators' retrieved from /home/airflow/.local/lib/python3.8/site-packages/airflow/example_dags/example_dynamic_task_mapping_with_no_taskflow_operators.py
[2025-10-14T12:24:08.273+0000] {logging_mixin.py:188} INFO - [2025-10-14T12:24:08.273+0000] {dag.py:3036} INFO - Sync 1 DAGs
[2025-10-14T12:24:08.304+0000] {logging_mixin.py:188} INFO - [2025-10-14T12:24:08.304+0000] {dag.py:3823} INFO - Setting next_dagrun for example_dynamic_task_mapping_with_no_taskflow_operators to 2025-10-13 00:00:00+00:00, run_after=2025-10-14 00:00:00+00:00
[2025-10-14T12:24:08.376+0000] {processor.py:183} INFO - Processing /home/airflow/.local/lib/python3.8/site-packages/airflow/example_dags/example_dynamic_task_mapping_with_no_taskflow_operators.py took 0.166 seconds
[2025-10-14T12:24:39.973+0000] {processor.py:161} INFO - Started process (PID=85575) to work on /home/airflow/.local/lib/python3.8/site-packages/airflow/example_dags/example_dynamic_task_mapping_with_no_taskflow_operators.py
[2025-10-14T12:24:39.974+0000] {processor.py:830} INFO - Processing file /home/airflow/.local/lib/python3.8/site-packages/airflow/example_dags/example_dynamic_task_mapping_with_no_taskflow_operators.py for tasks to queue
[2025-10-14T12:24:39.976+0000] {logging_mixin.py:188} INFO - [2025-10-14T12:24:39.976+0000] {dagbag.py:538} INFO - Filling up the DagBag from /home/airflow/.local/lib/python3.8/site-packages/airflow/example_dags/example_dynamic_task_mapping_with_no_taskflow_operators.py
[2025-10-14T12:24:39.986+0000] {processor.py:840} INFO - DAG(s) 'example_dynamic_task_mapping_with_no_taskflow_operators' retrieved from /home/airflow/.local/lib/python3.8/site-packages/airflow/example_dags/example_dynamic_task_mapping_with_no_taskflow_operators.py
[2025-10-14T12:24:40.020+0000] {logging_mixin.py:188} INFO - [2025-10-14T12:24:40.019+0000] {dag.py:3036} INFO - Sync 1 DAGs
[2025-10-14T12:24:40.053+0000] {logging_mixin.py:188} INFO - [2025-10-14T12:24:40.052+0000] {dag.py:3823} INFO - Setting next_dagrun for example_dynamic_task_mapping_with_no_taskflow_operators to 2025-10-13 00:00:00+00:00, run_after=2025-10-14 00:00:00+00:00
[2025-10-14T12:24:40.082+0000] {processor.py:183} INFO - Processing /home/airflow/.local/lib/python3.8/site-packages/airflow/example_dags/example_dynamic_task_mapping_with_no_taskflow_operators.py took 0.114 seconds
[2025-10-14T12:25:10.662+0000] {processor.py:161} INFO - Started process (PID=85645) to work on /home/airflow/.local/lib/python3.8/site-packages/airflow/example_dags/example_dynamic_task_mapping_with_no_taskflow_operators.py
[2025-10-14T12:25:10.664+0000] {processor.py:830} INFO - Processing file /home/airflow/.local/lib/python3.8/site-packages/airflow/example_dags/example_dynamic_task_mapping_with_no_taskflow_operators.py for tasks to queue
[2025-10-14T12:25:10.667+0000] {logging_mixin.py:188} INFO - [2025-10-14T12:25:10.666+0000] {dagbag.py:538} INFO - Filling up the DagBag from /home/airflow/.local/lib/python3.8/site-packages/airflow/example_dags/example_dynamic_task_mapping_with_no_taskflow_operators.py
[2025-10-14T12:25:10.679+0000] {processor.py:840} INFO - DAG(s) 'example_dynamic_task_mapping_with_no_taskflow_operators' retrieved from /home/airflow/.local/lib/python3.8/site-packages/airflow/example_dags/example_dynamic_task_mapping_with_no_taskflow_operators.py
[2025-10-14T12:25:10.723+0000] {logging_mixin.py:188} INFO - [2025-10-14T12:25:10.723+0000] {dag.py:3036} INFO - Sync 1 DAGs
[2025-10-14T12:25:10.777+0000] {logging_mixin.py:188} INFO - [2025-10-14T12:25:10.777+0000] {dag.py:3823} INFO - Setting next_dagrun for example_dynamic_task_mapping_with_no_taskflow_operators to 2025-10-13 00:00:00+00:00, run_after=2025-10-14 00:00:00+00:00
[2025-10-14T12:25:10.814+0000] {processor.py:183} INFO - Processing /home/airflow/.local/lib/python3.8/site-packages/airflow/example_dags/example_dynamic_task_mapping_with_no_taskflow_operators.py took 0.158 seconds
[2025-10-14T12:25:42.697+0000] {processor.py:161} INFO - Started process (PID=85715) to work on /home/airflow/.local/lib/python3.8/site-packages/airflow/example_dags/example_dynamic_task_mapping_with_no_taskflow_operators.py
[2025-10-14T12:25:42.698+0000] {processor.py:830} INFO - Processing file /home/airflow/.local/lib/python3.8/site-packages/airflow/example_dags/example_dynamic_task_mapping_with_no_taskflow_operators.py for tasks to queue
[2025-10-14T12:25:42.700+0000] {logging_mixin.py:188} INFO - [2025-10-14T12:25:42.699+0000] {dagbag.py:538} INFO - Filling up the DagBag from /home/airflow/.local/lib/python3.8/site-packages/airflow/example_dags/example_dynamic_task_mapping_with_no_taskflow_operators.py
[2025-10-14T12:25:42.710+0000] {processor.py:840} INFO - DAG(s) 'example_dynamic_task_mapping_with_no_taskflow_operators' retrieved from /home/airflow/.local/lib/python3.8/site-packages/airflow/example_dags/example_dynamic_task_mapping_with_no_taskflow_operators.py
[2025-10-14T12:25:42.743+0000] {logging_mixin.py:188} INFO - [2025-10-14T12:25:42.743+0000] {dag.py:3036} INFO - Sync 1 DAGs
[2025-10-14T12:25:42.780+0000] {logging_mixin.py:188} INFO - [2025-10-14T12:25:42.780+0000] {dag.py:3823} INFO - Setting next_dagrun for example_dynamic_task_mapping_with_no_taskflow_operators to 2025-10-13 00:00:00+00:00, run_after=2025-10-14 00:00:00+00:00
[2025-10-14T12:25:42.828+0000] {processor.py:183} INFO - Processing /home/airflow/.local/lib/python3.8/site-packages/airflow/example_dags/example_dynamic_task_mapping_with_no_taskflow_operators.py took 0.136 seconds
[2025-10-14T12:26:14.290+0000] {processor.py:161} INFO - Started process (PID=85785) to work on /home/airflow/.local/lib/python3.8/site-packages/airflow/example_dags/example_dynamic_task_mapping_with_no_taskflow_operators.py
[2025-10-14T12:26:14.291+0000] {processor.py:830} INFO - Processing file /home/airflow/.local/lib/python3.8/site-packages/airflow/example_dags/example_dynamic_task_mapping_with_no_taskflow_operators.py for tasks to queue
[2025-10-14T12:26:14.293+0000] {logging_mixin.py:188} INFO - [2025-10-14T12:26:14.293+0000] {dagbag.py:538} INFO - Filling up the DagBag from /home/airflow/.local/lib/python3.8/site-packages/airflow/example_dags/example_dynamic_task_mapping_with_no_taskflow_operators.py
[2025-10-14T12:26:14.307+0000] {processor.py:840} INFO - DAG(s) 'example_dynamic_task_mapping_with_no_taskflow_operators' retrieved from /home/airflow/.local/lib/python3.8/site-packages/airflow/example_dags/example_dynamic_task_mapping_with_no_taskflow_operators.py
[2025-10-14T12:26:14.346+0000] {logging_mixin.py:188} INFO - [2025-10-14T12:26:14.346+0000] {dag.py:3036} INFO - Sync 1 DAGs
[2025-10-14T12:26:14.385+0000] {logging_mixin.py:188} INFO - [2025-10-14T12:26:14.385+0000] {dag.py:3823} INFO - Setting next_dagrun for example_dynamic_task_mapping_with_no_taskflow_operators to 2025-10-13 00:00:00+00:00, run_after=2025-10-14 00:00:00+00:00
[2025-10-14T12:26:14.419+0000] {processor.py:183} INFO - Processing /home/airflow/.local/lib/python3.8/site-packages/airflow/example_dags/example_dynamic_task_mapping_with_no_taskflow_operators.py took 0.135 seconds
[2025-10-14T12:26:44.998+0000] {processor.py:161} INFO - Started process (PID=85855) to work on /home/airflow/.local/lib/python3.8/site-packages/airflow/example_dags/example_dynamic_task_mapping_with_no_taskflow_operators.py
[2025-10-14T12:26:44.999+0000] {processor.py:830} INFO - Processing file /home/airflow/.local/lib/python3.8/site-packages/airflow/example_dags/example_dynamic_task_mapping_with_no_taskflow_operators.py for tasks to queue
[2025-10-14T12:26:45.001+0000] {logging_mixin.py:188} INFO - [2025-10-14T12:26:45.001+0000] {dagbag.py:538} INFO - Filling up the DagBag from /home/airflow/.local/lib/python3.8/site-packages/airflow/example_dags/example_dynamic_task_mapping_with_no_taskflow_operators.py
[2025-10-14T12:26:45.013+0000] {processor.py:840} INFO - DAG(s) 'example_dynamic_task_mapping_with_no_taskflow_operators' retrieved from /home/airflow/.local/lib/python3.8/site-packages/airflow/example_dags/example_dynamic_task_mapping_with_no_taskflow_operators.py
[2025-10-14T12:26:45.051+0000] {logging_mixin.py:188} INFO - [2025-10-14T12:26:45.050+0000] {dag.py:3036} INFO - Sync 1 DAGs
[2025-10-14T12:26:45.087+0000] {logging_mixin.py:188} INFO - [2025-10-14T12:26:45.087+0000] {dag.py:3823} INFO - Setting next_dagrun for example_dynamic_task_mapping_with_no_taskflow_operators to 2025-10-13 00:00:00+00:00, run_after=2025-10-14 00:00:00+00:00
[2025-10-14T12:26:45.119+0000] {processor.py:183} INFO - Processing /home/airflow/.local/lib/python3.8/site-packages/airflow/example_dags/example_dynamic_task_mapping_with_no_taskflow_operators.py took 0.128 seconds
[2025-10-14T12:27:16.445+0000] {processor.py:161} INFO - Started process (PID=85925) to work on /home/airflow/.local/lib/python3.8/site-packages/airflow/example_dags/example_dynamic_task_mapping_with_no_taskflow_operators.py
[2025-10-14T12:27:16.446+0000] {processor.py:830} INFO - Processing file /home/airflow/.local/lib/python3.8/site-packages/airflow/example_dags/example_dynamic_task_mapping_with_no_taskflow_operators.py for tasks to queue
[2025-10-14T12:27:16.448+0000] {logging_mixin.py:188} INFO - [2025-10-14T12:27:16.447+0000] {dagbag.py:538} INFO - Filling up the DagBag from /home/airflow/.local/lib/python3.8/site-packages/airflow/example_dags/example_dynamic_task_mapping_with_no_taskflow_operators.py
[2025-10-14T12:27:16.458+0000] {processor.py:840} INFO - DAG(s) 'example_dynamic_task_mapping_with_no_taskflow_operators' retrieved from /home/airflow/.local/lib/python3.8/site-packages/airflow/example_dags/example_dynamic_task_mapping_with_no_taskflow_operators.py
[2025-10-14T12:27:16.495+0000] {logging_mixin.py:188} INFO - [2025-10-14T12:27:16.494+0000] {dag.py:3036} INFO - Sync 1 DAGs
[2025-10-14T12:27:16.530+0000] {logging_mixin.py:188} INFO - [2025-10-14T12:27:16.530+0000] {dag.py:3823} INFO - Setting next_dagrun for example_dynamic_task_mapping_with_no_taskflow_operators to 2025-10-13 00:00:00+00:00, run_after=2025-10-14 00:00:00+00:00
[2025-10-14T12:27:16.610+0000] {processor.py:183} INFO - Processing /home/airflow/.local/lib/python3.8/site-packages/airflow/example_dags/example_dynamic_task_mapping_with_no_taskflow_operators.py took 0.171 seconds
[2025-10-14T12:27:47.887+0000] {processor.py:161} INFO - Started process (PID=85995) to work on /home/airflow/.local/lib/python3.8/site-packages/airflow/example_dags/example_dynamic_task_mapping_with_no_taskflow_operators.py
[2025-10-14T12:27:47.890+0000] {processor.py:830} INFO - Processing file /home/airflow/.local/lib/python3.8/site-packages/airflow/example_dags/example_dynamic_task_mapping_with_no_taskflow_operators.py for tasks to queue
[2025-10-14T12:27:47.891+0000] {logging_mixin.py:188} INFO - [2025-10-14T12:27:47.891+0000] {dagbag.py:538} INFO - Filling up the DagBag from /home/airflow/.local/lib/python3.8/site-packages/airflow/example_dags/example_dynamic_task_mapping_with_no_taskflow_operators.py
[2025-10-14T12:27:47.902+0000] {processor.py:840} INFO - DAG(s) 'example_dynamic_task_mapping_with_no_taskflow_operators' retrieved from /home/airflow/.local/lib/python3.8/site-packages/airflow/example_dags/example_dynamic_task_mapping_with_no_taskflow_operators.py
[2025-10-14T12:27:47.941+0000] {logging_mixin.py:188} INFO - [2025-10-14T12:27:47.940+0000] {dag.py:3036} INFO - Sync 1 DAGs
[2025-10-14T12:27:47.980+0000] {logging_mixin.py:188} INFO - [2025-10-14T12:27:47.980+0000] {dag.py:3823} INFO - Setting next_dagrun for example_dynamic_task_mapping_with_no_taskflow_operators to 2025-10-13 00:00:00+00:00, run_after=2025-10-14 00:00:00+00:00
[2025-10-14T12:27:48.014+0000] {processor.py:183} INFO - Processing /home/airflow/.local/lib/python3.8/site-packages/airflow/example_dags/example_dynamic_task_mapping_with_no_taskflow_operators.py took 0.132 seconds
[2025-10-14T12:28:19.997+0000] {processor.py:161} INFO - Started process (PID=86065) to work on /home/airflow/.local/lib/python3.8/site-packages/airflow/example_dags/example_dynamic_task_mapping_with_no_taskflow_operators.py
[2025-10-14T12:28:19.999+0000] {processor.py:830} INFO - Processing file /home/airflow/.local/lib/python3.8/site-packages/airflow/example_dags/example_dynamic_task_mapping_with_no_taskflow_operators.py for tasks to queue
[2025-10-14T12:28:20.001+0000] {logging_mixin.py:188} INFO - [2025-10-14T12:28:20.001+0000] {dagbag.py:538} INFO - Filling up the DagBag from /home/airflow/.local/lib/python3.8/site-packages/airflow/example_dags/example_dynamic_task_mapping_with_no_taskflow_operators.py
[2025-10-14T12:28:20.020+0000] {processor.py:840} INFO - DAG(s) 'example_dynamic_task_mapping_with_no_taskflow_operators' retrieved from /home/airflow/.local/lib/python3.8/site-packages/airflow/example_dags/example_dynamic_task_mapping_with_no_taskflow_operators.py
[2025-10-14T12:28:20.082+0000] {logging_mixin.py:188} INFO - [2025-10-14T12:28:20.081+0000] {dag.py:3036} INFO - Sync 1 DAGs
[2025-10-14T12:28:20.155+0000] {logging_mixin.py:188} INFO - [2025-10-14T12:28:20.154+0000] {dag.py:3823} INFO - Setting next_dagrun for example_dynamic_task_mapping_with_no_taskflow_operators to 2025-10-13 00:00:00+00:00, run_after=2025-10-14 00:00:00+00:00
[2025-10-14T12:28:20.209+0000] {processor.py:183} INFO - Processing /home/airflow/.local/lib/python3.8/site-packages/airflow/example_dags/example_dynamic_task_mapping_with_no_taskflow_operators.py took 0.220 seconds
