[2025-10-08T13:55:18.452+0000] {processor.py:161} INFO - Started process (PID=89) to work on /home/airflow/.local/lib/python3.8/site-packages/airflow/example_dags/example_local_kubernetes_executor.py
[2025-10-08T13:55:18.455+0000] {processor.py:830} INFO - Processing file /home/airflow/.local/lib/python3.8/site-packages/airflow/example_dags/example_local_kubernetes_executor.py for tasks to queue
[2025-10-08T13:55:18.458+0000] {logging_mixin.py:188} INFO - [2025-10-08T13:55:18.457+0000] {dagbag.py:538} INFO - Filling up the DagBag from /home/airflow/.local/lib/python3.8/site-packages/airflow/example_dags/example_local_kubernetes_executor.py
[2025-10-08T13:55:18.511+0000] {processor.py:840} INFO - DAG(s) 'example_local_kubernetes_executor' retrieved from /home/airflow/.local/lib/python3.8/site-packages/airflow/example_dags/example_local_kubernetes_executor.py
[2025-10-08T13:55:18.783+0000] {logging_mixin.py:188} INFO - [2025-10-08T13:55:18.782+0000] {dag.py:3036} INFO - Sync 1 DAGs
[2025-10-08T13:55:19.061+0000] {logging_mixin.py:188} INFO - [2025-10-08T13:55:19.060+0000] {dag.py:3823} INFO - Setting next_dagrun for example_local_kubernetes_executor to None, run_after=None
[2025-10-08T13:55:19.101+0000] {processor.py:183} INFO - Processing /home/airflow/.local/lib/python3.8/site-packages/airflow/example_dags/example_local_kubernetes_executor.py took 0.656 seconds
[2025-10-08T13:55:49.488+0000] {processor.py:161} INFO - Started process (PID=147) to work on /home/airflow/.local/lib/python3.8/site-packages/airflow/example_dags/example_local_kubernetes_executor.py
[2025-10-08T13:55:49.490+0000] {processor.py:830} INFO - Processing file /home/airflow/.local/lib/python3.8/site-packages/airflow/example_dags/example_local_kubernetes_executor.py for tasks to queue
[2025-10-08T13:55:49.494+0000] {logging_mixin.py:188} INFO - [2025-10-08T13:55:49.493+0000] {dagbag.py:538} INFO - Filling up the DagBag from /home/airflow/.local/lib/python3.8/site-packages/airflow/example_dags/example_local_kubernetes_executor.py
[2025-10-08T13:55:49.505+0000] {processor.py:840} INFO - DAG(s) 'example_local_kubernetes_executor' retrieved from /home/airflow/.local/lib/python3.8/site-packages/airflow/example_dags/example_local_kubernetes_executor.py
[2025-10-08T13:55:49.564+0000] {logging_mixin.py:188} INFO - [2025-10-08T13:55:49.564+0000] {dag.py:3036} INFO - Sync 1 DAGs
[2025-10-08T13:55:49.584+0000] {logging_mixin.py:188} INFO - [2025-10-08T13:55:49.583+0000] {dag.py:3823} INFO - Setting next_dagrun for example_local_kubernetes_executor to None, run_after=None
[2025-10-08T13:55:49.620+0000] {processor.py:183} INFO - Processing /home/airflow/.local/lib/python3.8/site-packages/airflow/example_dags/example_local_kubernetes_executor.py took 0.137 seconds
[2025-10-08T13:56:20.411+0000] {processor.py:161} INFO - Started process (PID=205) to work on /home/airflow/.local/lib/python3.8/site-packages/airflow/example_dags/example_local_kubernetes_executor.py
[2025-10-08T13:56:20.413+0000] {processor.py:830} INFO - Processing file /home/airflow/.local/lib/python3.8/site-packages/airflow/example_dags/example_local_kubernetes_executor.py for tasks to queue
[2025-10-08T13:56:20.416+0000] {logging_mixin.py:188} INFO - [2025-10-08T13:56:20.416+0000] {dagbag.py:538} INFO - Filling up the DagBag from /home/airflow/.local/lib/python3.8/site-packages/airflow/example_dags/example_local_kubernetes_executor.py
[2025-10-08T13:56:20.428+0000] {processor.py:840} INFO - DAG(s) 'example_local_kubernetes_executor' retrieved from /home/airflow/.local/lib/python3.8/site-packages/airflow/example_dags/example_local_kubernetes_executor.py
[2025-10-08T13:56:20.454+0000] {logging_mixin.py:188} INFO - [2025-10-08T13:56:20.454+0000] {dag.py:3036} INFO - Sync 1 DAGs
[2025-10-08T13:56:20.479+0000] {logging_mixin.py:188} INFO - [2025-10-08T13:56:20.478+0000] {dag.py:3823} INFO - Setting next_dagrun for example_local_kubernetes_executor to None, run_after=None
[2025-10-08T13:56:20.519+0000] {processor.py:183} INFO - Processing /home/airflow/.local/lib/python3.8/site-packages/airflow/example_dags/example_local_kubernetes_executor.py took 0.113 seconds
[2025-10-08T13:56:51.896+0000] {processor.py:161} INFO - Started process (PID=263) to work on /home/airflow/.local/lib/python3.8/site-packages/airflow/example_dags/example_local_kubernetes_executor.py
[2025-10-08T13:56:51.898+0000] {processor.py:830} INFO - Processing file /home/airflow/.local/lib/python3.8/site-packages/airflow/example_dags/example_local_kubernetes_executor.py for tasks to queue
[2025-10-08T13:56:51.902+0000] {logging_mixin.py:188} INFO - [2025-10-08T13:56:51.901+0000] {dagbag.py:538} INFO - Filling up the DagBag from /home/airflow/.local/lib/python3.8/site-packages/airflow/example_dags/example_local_kubernetes_executor.py
[2025-10-08T13:56:51.916+0000] {processor.py:840} INFO - DAG(s) 'example_local_kubernetes_executor' retrieved from /home/airflow/.local/lib/python3.8/site-packages/airflow/example_dags/example_local_kubernetes_executor.py
[2025-10-08T13:56:52.150+0000] {logging_mixin.py:188} INFO - [2025-10-08T13:56:52.150+0000] {dag.py:3036} INFO - Sync 1 DAGs
[2025-10-08T13:56:52.167+0000] {logging_mixin.py:188} INFO - [2025-10-08T13:56:52.167+0000] {dag.py:3823} INFO - Setting next_dagrun for example_local_kubernetes_executor to None, run_after=None
[2025-10-08T13:56:52.208+0000] {processor.py:183} INFO - Processing /home/airflow/.local/lib/python3.8/site-packages/airflow/example_dags/example_local_kubernetes_executor.py took 0.319 seconds
[2025-10-08T13:57:22.654+0000] {processor.py:161} INFO - Started process (PID=320) to work on /home/airflow/.local/lib/python3.8/site-packages/airflow/example_dags/example_local_kubernetes_executor.py
[2025-10-08T13:57:22.655+0000] {processor.py:830} INFO - Processing file /home/airflow/.local/lib/python3.8/site-packages/airflow/example_dags/example_local_kubernetes_executor.py for tasks to queue
[2025-10-08T13:57:22.658+0000] {logging_mixin.py:188} INFO - [2025-10-08T13:57:22.657+0000] {dagbag.py:538} INFO - Filling up the DagBag from /home/airflow/.local/lib/python3.8/site-packages/airflow/example_dags/example_local_kubernetes_executor.py
[2025-10-08T13:57:22.668+0000] {processor.py:840} INFO - DAG(s) 'example_local_kubernetes_executor' retrieved from /home/airflow/.local/lib/python3.8/site-packages/airflow/example_dags/example_local_kubernetes_executor.py
[2025-10-08T13:57:22.712+0000] {logging_mixin.py:188} INFO - [2025-10-08T13:57:22.712+0000] {dag.py:3036} INFO - Sync 1 DAGs
[2025-10-08T13:57:22.727+0000] {logging_mixin.py:188} INFO - [2025-10-08T13:57:22.727+0000] {dag.py:3823} INFO - Setting next_dagrun for example_local_kubernetes_executor to None, run_after=None
[2025-10-08T13:57:22.750+0000] {processor.py:183} INFO - Processing /home/airflow/.local/lib/python3.8/site-packages/airflow/example_dags/example_local_kubernetes_executor.py took 0.100 seconds
[2025-10-08T13:57:53.570+0000] {processor.py:161} INFO - Started process (PID=378) to work on /home/airflow/.local/lib/python3.8/site-packages/airflow/example_dags/example_local_kubernetes_executor.py
[2025-10-08T13:57:53.572+0000] {processor.py:830} INFO - Processing file /home/airflow/.local/lib/python3.8/site-packages/airflow/example_dags/example_local_kubernetes_executor.py for tasks to queue
[2025-10-08T13:57:53.574+0000] {logging_mixin.py:188} INFO - [2025-10-08T13:57:53.573+0000] {dagbag.py:538} INFO - Filling up the DagBag from /home/airflow/.local/lib/python3.8/site-packages/airflow/example_dags/example_local_kubernetes_executor.py
[2025-10-08T13:57:53.582+0000] {processor.py:840} INFO - DAG(s) 'example_local_kubernetes_executor' retrieved from /home/airflow/.local/lib/python3.8/site-packages/airflow/example_dags/example_local_kubernetes_executor.py
[2025-10-08T13:57:53.629+0000] {logging_mixin.py:188} INFO - [2025-10-08T13:57:53.629+0000] {dag.py:3036} INFO - Sync 1 DAGs
[2025-10-08T13:57:53.647+0000] {logging_mixin.py:188} INFO - [2025-10-08T13:57:53.647+0000] {dag.py:3823} INFO - Setting next_dagrun for example_local_kubernetes_executor to None, run_after=None
[2025-10-08T13:57:53.673+0000] {processor.py:183} INFO - Processing /home/airflow/.local/lib/python3.8/site-packages/airflow/example_dags/example_local_kubernetes_executor.py took 0.106 seconds
[2025-10-08T13:58:24.196+0000] {processor.py:161} INFO - Started process (PID=436) to work on /home/airflow/.local/lib/python3.8/site-packages/airflow/example_dags/example_local_kubernetes_executor.py
[2025-10-08T13:58:24.198+0000] {processor.py:830} INFO - Processing file /home/airflow/.local/lib/python3.8/site-packages/airflow/example_dags/example_local_kubernetes_executor.py for tasks to queue
[2025-10-08T13:58:24.201+0000] {logging_mixin.py:188} INFO - [2025-10-08T13:58:24.201+0000] {dagbag.py:538} INFO - Filling up the DagBag from /home/airflow/.local/lib/python3.8/site-packages/airflow/example_dags/example_local_kubernetes_executor.py
[2025-10-08T13:58:24.212+0000] {processor.py:840} INFO - DAG(s) 'example_local_kubernetes_executor' retrieved from /home/airflow/.local/lib/python3.8/site-packages/airflow/example_dags/example_local_kubernetes_executor.py
[2025-10-08T13:58:24.305+0000] {logging_mixin.py:188} INFO - [2025-10-08T13:58:24.303+0000] {dag.py:3036} INFO - Sync 1 DAGs
[2025-10-08T13:58:24.337+0000] {logging_mixin.py:188} INFO - [2025-10-08T13:58:24.336+0000] {dag.py:3823} INFO - Setting next_dagrun for example_local_kubernetes_executor to None, run_after=None
[2025-10-08T13:58:24.398+0000] {processor.py:183} INFO - Processing /home/airflow/.local/lib/python3.8/site-packages/airflow/example_dags/example_local_kubernetes_executor.py took 0.207 seconds
[2025-10-08T13:58:55.095+0000] {processor.py:161} INFO - Started process (PID=494) to work on /home/airflow/.local/lib/python3.8/site-packages/airflow/example_dags/example_local_kubernetes_executor.py
[2025-10-08T13:58:55.096+0000] {processor.py:830} INFO - Processing file /home/airflow/.local/lib/python3.8/site-packages/airflow/example_dags/example_local_kubernetes_executor.py for tasks to queue
[2025-10-08T13:58:55.099+0000] {logging_mixin.py:188} INFO - [2025-10-08T13:58:55.098+0000] {dagbag.py:538} INFO - Filling up the DagBag from /home/airflow/.local/lib/python3.8/site-packages/airflow/example_dags/example_local_kubernetes_executor.py
[2025-10-08T13:58:55.107+0000] {processor.py:840} INFO - DAG(s) 'example_local_kubernetes_executor' retrieved from /home/airflow/.local/lib/python3.8/site-packages/airflow/example_dags/example_local_kubernetes_executor.py
[2025-10-08T13:58:55.152+0000] {logging_mixin.py:188} INFO - [2025-10-08T13:58:55.151+0000] {dag.py:3036} INFO - Sync 1 DAGs
[2025-10-08T13:58:55.167+0000] {logging_mixin.py:188} INFO - [2025-10-08T13:58:55.166+0000] {dag.py:3823} INFO - Setting next_dagrun for example_local_kubernetes_executor to None, run_after=None
[2025-10-08T13:58:55.189+0000] {processor.py:183} INFO - Processing /home/airflow/.local/lib/python3.8/site-packages/airflow/example_dags/example_local_kubernetes_executor.py took 0.098 seconds
[2025-10-08T13:59:25.587+0000] {processor.py:161} INFO - Started process (PID=551) to work on /home/airflow/.local/lib/python3.8/site-packages/airflow/example_dags/example_local_kubernetes_executor.py
[2025-10-08T13:59:25.589+0000] {processor.py:830} INFO - Processing file /home/airflow/.local/lib/python3.8/site-packages/airflow/example_dags/example_local_kubernetes_executor.py for tasks to queue
[2025-10-08T13:59:25.591+0000] {logging_mixin.py:188} INFO - [2025-10-08T13:59:25.591+0000] {dagbag.py:538} INFO - Filling up the DagBag from /home/airflow/.local/lib/python3.8/site-packages/airflow/example_dags/example_local_kubernetes_executor.py
[2025-10-08T13:59:25.599+0000] {processor.py:840} INFO - DAG(s) 'example_local_kubernetes_executor' retrieved from /home/airflow/.local/lib/python3.8/site-packages/airflow/example_dags/example_local_kubernetes_executor.py
[2025-10-08T13:59:25.642+0000] {logging_mixin.py:188} INFO - [2025-10-08T13:59:25.642+0000] {dag.py:3036} INFO - Sync 1 DAGs
[2025-10-08T13:59:25.657+0000] {logging_mixin.py:188} INFO - [2025-10-08T13:59:25.657+0000] {dag.py:3823} INFO - Setting next_dagrun for example_local_kubernetes_executor to None, run_after=None
[2025-10-08T13:59:25.679+0000] {processor.py:183} INFO - Processing /home/airflow/.local/lib/python3.8/site-packages/airflow/example_dags/example_local_kubernetes_executor.py took 0.095 seconds
[2025-10-08T13:59:55.881+0000] {processor.py:161} INFO - Started process (PID=609) to work on /home/airflow/.local/lib/python3.8/site-packages/airflow/example_dags/example_local_kubernetes_executor.py
[2025-10-08T13:59:55.882+0000] {processor.py:830} INFO - Processing file /home/airflow/.local/lib/python3.8/site-packages/airflow/example_dags/example_local_kubernetes_executor.py for tasks to queue
[2025-10-08T13:59:55.884+0000] {logging_mixin.py:188} INFO - [2025-10-08T13:59:55.884+0000] {dagbag.py:538} INFO - Filling up the DagBag from /home/airflow/.local/lib/python3.8/site-packages/airflow/example_dags/example_local_kubernetes_executor.py
[2025-10-08T13:59:55.893+0000] {processor.py:840} INFO - DAG(s) 'example_local_kubernetes_executor' retrieved from /home/airflow/.local/lib/python3.8/site-packages/airflow/example_dags/example_local_kubernetes_executor.py
[2025-10-08T13:59:55.943+0000] {logging_mixin.py:188} INFO - [2025-10-08T13:59:55.943+0000] {dag.py:3036} INFO - Sync 1 DAGs
[2025-10-08T13:59:55.958+0000] {logging_mixin.py:188} INFO - [2025-10-08T13:59:55.958+0000] {dag.py:3823} INFO - Setting next_dagrun for example_local_kubernetes_executor to None, run_after=None
[2025-10-08T13:59:55.980+0000] {processor.py:183} INFO - Processing /home/airflow/.local/lib/python3.8/site-packages/airflow/example_dags/example_local_kubernetes_executor.py took 0.102 seconds
[2025-10-08T14:00:26.396+0000] {processor.py:161} INFO - Started process (PID=667) to work on /home/airflow/.local/lib/python3.8/site-packages/airflow/example_dags/example_local_kubernetes_executor.py
[2025-10-08T14:00:26.398+0000] {processor.py:830} INFO - Processing file /home/airflow/.local/lib/python3.8/site-packages/airflow/example_dags/example_local_kubernetes_executor.py for tasks to queue
[2025-10-08T14:00:26.400+0000] {logging_mixin.py:188} INFO - [2025-10-08T14:00:26.400+0000] {dagbag.py:538} INFO - Filling up the DagBag from /home/airflow/.local/lib/python3.8/site-packages/airflow/example_dags/example_local_kubernetes_executor.py
[2025-10-08T14:00:26.408+0000] {processor.py:840} INFO - DAG(s) 'example_local_kubernetes_executor' retrieved from /home/airflow/.local/lib/python3.8/site-packages/airflow/example_dags/example_local_kubernetes_executor.py
[2025-10-08T14:00:26.452+0000] {logging_mixin.py:188} INFO - [2025-10-08T14:00:26.451+0000] {dag.py:3036} INFO - Sync 1 DAGs
[2025-10-08T14:00:26.468+0000] {logging_mixin.py:188} INFO - [2025-10-08T14:00:26.467+0000] {dag.py:3823} INFO - Setting next_dagrun for example_local_kubernetes_executor to None, run_after=None
[2025-10-08T14:00:26.490+0000] {processor.py:183} INFO - Processing /home/airflow/.local/lib/python3.8/site-packages/airflow/example_dags/example_local_kubernetes_executor.py took 0.097 seconds
[2025-10-08T14:00:57.000+0000] {processor.py:161} INFO - Started process (PID=725) to work on /home/airflow/.local/lib/python3.8/site-packages/airflow/example_dags/example_local_kubernetes_executor.py
[2025-10-08T14:00:57.002+0000] {processor.py:830} INFO - Processing file /home/airflow/.local/lib/python3.8/site-packages/airflow/example_dags/example_local_kubernetes_executor.py for tasks to queue
[2025-10-08T14:00:57.004+0000] {logging_mixin.py:188} INFO - [2025-10-08T14:00:57.003+0000] {dagbag.py:538} INFO - Filling up the DagBag from /home/airflow/.local/lib/python3.8/site-packages/airflow/example_dags/example_local_kubernetes_executor.py
[2025-10-08T14:00:57.012+0000] {processor.py:840} INFO - DAG(s) 'example_local_kubernetes_executor' retrieved from /home/airflow/.local/lib/python3.8/site-packages/airflow/example_dags/example_local_kubernetes_executor.py
[2025-10-08T14:00:57.054+0000] {logging_mixin.py:188} INFO - [2025-10-08T14:00:57.054+0000] {dag.py:3036} INFO - Sync 1 DAGs
[2025-10-08T14:00:57.068+0000] {logging_mixin.py:188} INFO - [2025-10-08T14:00:57.067+0000] {dag.py:3823} INFO - Setting next_dagrun for example_local_kubernetes_executor to None, run_after=None
[2025-10-08T14:00:57.091+0000] {processor.py:183} INFO - Processing /home/airflow/.local/lib/python3.8/site-packages/airflow/example_dags/example_local_kubernetes_executor.py took 0.094 seconds
[2025-10-08T14:01:27.261+0000] {processor.py:161} INFO - Started process (PID=783) to work on /home/airflow/.local/lib/python3.8/site-packages/airflow/example_dags/example_local_kubernetes_executor.py
[2025-10-08T14:01:27.263+0000] {processor.py:830} INFO - Processing file /home/airflow/.local/lib/python3.8/site-packages/airflow/example_dags/example_local_kubernetes_executor.py for tasks to queue
[2025-10-08T14:01:27.265+0000] {logging_mixin.py:188} INFO - [2025-10-08T14:01:27.265+0000] {dagbag.py:538} INFO - Filling up the DagBag from /home/airflow/.local/lib/python3.8/site-packages/airflow/example_dags/example_local_kubernetes_executor.py
[2025-10-08T14:01:27.275+0000] {processor.py:840} INFO - DAG(s) 'example_local_kubernetes_executor' retrieved from /home/airflow/.local/lib/python3.8/site-packages/airflow/example_dags/example_local_kubernetes_executor.py
[2025-10-08T14:01:27.322+0000] {logging_mixin.py:188} INFO - [2025-10-08T14:01:27.322+0000] {dag.py:3036} INFO - Sync 1 DAGs
[2025-10-08T14:01:27.336+0000] {logging_mixin.py:188} INFO - [2025-10-08T14:01:27.336+0000] {dag.py:3823} INFO - Setting next_dagrun for example_local_kubernetes_executor to None, run_after=None
[2025-10-08T14:01:27.362+0000] {processor.py:183} INFO - Processing /home/airflow/.local/lib/python3.8/site-packages/airflow/example_dags/example_local_kubernetes_executor.py took 0.105 seconds
[2025-10-08T14:01:57.526+0000] {processor.py:161} INFO - Started process (PID=840) to work on /home/airflow/.local/lib/python3.8/site-packages/airflow/example_dags/example_local_kubernetes_executor.py
[2025-10-08T14:01:57.527+0000] {processor.py:830} INFO - Processing file /home/airflow/.local/lib/python3.8/site-packages/airflow/example_dags/example_local_kubernetes_executor.py for tasks to queue
[2025-10-08T14:01:57.529+0000] {logging_mixin.py:188} INFO - [2025-10-08T14:01:57.529+0000] {dagbag.py:538} INFO - Filling up the DagBag from /home/airflow/.local/lib/python3.8/site-packages/airflow/example_dags/example_local_kubernetes_executor.py
[2025-10-08T14:01:57.537+0000] {processor.py:840} INFO - DAG(s) 'example_local_kubernetes_executor' retrieved from /home/airflow/.local/lib/python3.8/site-packages/airflow/example_dags/example_local_kubernetes_executor.py
[2025-10-08T14:01:57.582+0000] {logging_mixin.py:188} INFO - [2025-10-08T14:01:57.582+0000] {dag.py:3036} INFO - Sync 1 DAGs
[2025-10-08T14:01:57.595+0000] {logging_mixin.py:188} INFO - [2025-10-08T14:01:57.595+0000] {dag.py:3823} INFO - Setting next_dagrun for example_local_kubernetes_executor to None, run_after=None
[2025-10-08T14:01:57.617+0000] {processor.py:183} INFO - Processing /home/airflow/.local/lib/python3.8/site-packages/airflow/example_dags/example_local_kubernetes_executor.py took 0.095 seconds
[2025-10-08T14:02:28.044+0000] {processor.py:161} INFO - Started process (PID=899) to work on /home/airflow/.local/lib/python3.8/site-packages/airflow/example_dags/example_local_kubernetes_executor.py
[2025-10-08T14:02:28.045+0000] {processor.py:830} INFO - Processing file /home/airflow/.local/lib/python3.8/site-packages/airflow/example_dags/example_local_kubernetes_executor.py for tasks to queue
[2025-10-08T14:02:28.048+0000] {logging_mixin.py:188} INFO - [2025-10-08T14:02:28.047+0000] {dagbag.py:538} INFO - Filling up the DagBag from /home/airflow/.local/lib/python3.8/site-packages/airflow/example_dags/example_local_kubernetes_executor.py
[2025-10-08T14:02:28.056+0000] {processor.py:840} INFO - DAG(s) 'example_local_kubernetes_executor' retrieved from /home/airflow/.local/lib/python3.8/site-packages/airflow/example_dags/example_local_kubernetes_executor.py
[2025-10-08T14:02:28.107+0000] {logging_mixin.py:188} INFO - [2025-10-08T14:02:28.107+0000] {dag.py:3036} INFO - Sync 1 DAGs
[2025-10-08T14:02:28.121+0000] {logging_mixin.py:188} INFO - [2025-10-08T14:02:28.121+0000] {dag.py:3823} INFO - Setting next_dagrun for example_local_kubernetes_executor to None, run_after=None
[2025-10-08T14:02:28.145+0000] {processor.py:183} INFO - Processing /home/airflow/.local/lib/python3.8/site-packages/airflow/example_dags/example_local_kubernetes_executor.py took 0.105 seconds
[2025-10-08T14:02:58.763+0000] {processor.py:161} INFO - Started process (PID=957) to work on /home/airflow/.local/lib/python3.8/site-packages/airflow/example_dags/example_local_kubernetes_executor.py
[2025-10-08T14:02:58.764+0000] {processor.py:830} INFO - Processing file /home/airflow/.local/lib/python3.8/site-packages/airflow/example_dags/example_local_kubernetes_executor.py for tasks to queue
[2025-10-08T14:02:58.766+0000] {logging_mixin.py:188} INFO - [2025-10-08T14:02:58.766+0000] {dagbag.py:538} INFO - Filling up the DagBag from /home/airflow/.local/lib/python3.8/site-packages/airflow/example_dags/example_local_kubernetes_executor.py
[2025-10-08T14:02:58.775+0000] {processor.py:840} INFO - DAG(s) 'example_local_kubernetes_executor' retrieved from /home/airflow/.local/lib/python3.8/site-packages/airflow/example_dags/example_local_kubernetes_executor.py
[2025-10-08T14:02:58.820+0000] {logging_mixin.py:188} INFO - [2025-10-08T14:02:58.820+0000] {dag.py:3036} INFO - Sync 1 DAGs
[2025-10-08T14:02:58.836+0000] {logging_mixin.py:188} INFO - [2025-10-08T14:02:58.835+0000] {dag.py:3823} INFO - Setting next_dagrun for example_local_kubernetes_executor to None, run_after=None
[2025-10-08T14:02:58.861+0000] {processor.py:183} INFO - Processing /home/airflow/.local/lib/python3.8/site-packages/airflow/example_dags/example_local_kubernetes_executor.py took 0.102 seconds
[2025-10-08T14:03:29.404+0000] {processor.py:161} INFO - Started process (PID=1015) to work on /home/airflow/.local/lib/python3.8/site-packages/airflow/example_dags/example_local_kubernetes_executor.py
[2025-10-08T14:03:29.405+0000] {processor.py:830} INFO - Processing file /home/airflow/.local/lib/python3.8/site-packages/airflow/example_dags/example_local_kubernetes_executor.py for tasks to queue
[2025-10-08T14:03:29.407+0000] {logging_mixin.py:188} INFO - [2025-10-08T14:03:29.407+0000] {dagbag.py:538} INFO - Filling up the DagBag from /home/airflow/.local/lib/python3.8/site-packages/airflow/example_dags/example_local_kubernetes_executor.py
[2025-10-08T14:03:29.416+0000] {processor.py:840} INFO - DAG(s) 'example_local_kubernetes_executor' retrieved from /home/airflow/.local/lib/python3.8/site-packages/airflow/example_dags/example_local_kubernetes_executor.py
[2025-10-08T14:03:29.462+0000] {logging_mixin.py:188} INFO - [2025-10-08T14:03:29.462+0000] {dag.py:3036} INFO - Sync 1 DAGs
[2025-10-08T14:03:29.477+0000] {logging_mixin.py:188} INFO - [2025-10-08T14:03:29.476+0000] {dag.py:3823} INFO - Setting next_dagrun for example_local_kubernetes_executor to None, run_after=None
[2025-10-08T14:03:29.500+0000] {processor.py:183} INFO - Processing /home/airflow/.local/lib/python3.8/site-packages/airflow/example_dags/example_local_kubernetes_executor.py took 0.100 seconds
[2025-10-08T14:03:59.569+0000] {processor.py:161} INFO - Started process (PID=1071) to work on /home/airflow/.local/lib/python3.8/site-packages/airflow/example_dags/example_local_kubernetes_executor.py
[2025-10-08T14:03:59.570+0000] {processor.py:830} INFO - Processing file /home/airflow/.local/lib/python3.8/site-packages/airflow/example_dags/example_local_kubernetes_executor.py for tasks to queue
[2025-10-08T14:03:59.572+0000] {logging_mixin.py:188} INFO - [2025-10-08T14:03:59.572+0000] {dagbag.py:538} INFO - Filling up the DagBag from /home/airflow/.local/lib/python3.8/site-packages/airflow/example_dags/example_local_kubernetes_executor.py
[2025-10-08T14:03:59.580+0000] {processor.py:840} INFO - DAG(s) 'example_local_kubernetes_executor' retrieved from /home/airflow/.local/lib/python3.8/site-packages/airflow/example_dags/example_local_kubernetes_executor.py
[2025-10-08T14:03:59.623+0000] {logging_mixin.py:188} INFO - [2025-10-08T14:03:59.623+0000] {dag.py:3036} INFO - Sync 1 DAGs
[2025-10-08T14:03:59.638+0000] {logging_mixin.py:188} INFO - [2025-10-08T14:03:59.638+0000] {dag.py:3823} INFO - Setting next_dagrun for example_local_kubernetes_executor to None, run_after=None
[2025-10-08T14:03:59.659+0000] {processor.py:183} INFO - Processing /home/airflow/.local/lib/python3.8/site-packages/airflow/example_dags/example_local_kubernetes_executor.py took 0.094 seconds
[2025-10-08T14:04:29.805+0000] {processor.py:161} INFO - Started process (PID=1129) to work on /home/airflow/.local/lib/python3.8/site-packages/airflow/example_dags/example_local_kubernetes_executor.py
[2025-10-08T14:04:29.807+0000] {processor.py:830} INFO - Processing file /home/airflow/.local/lib/python3.8/site-packages/airflow/example_dags/example_local_kubernetes_executor.py for tasks to queue
[2025-10-08T14:04:29.809+0000] {logging_mixin.py:188} INFO - [2025-10-08T14:04:29.809+0000] {dagbag.py:538} INFO - Filling up the DagBag from /home/airflow/.local/lib/python3.8/site-packages/airflow/example_dags/example_local_kubernetes_executor.py
[2025-10-08T14:04:29.818+0000] {processor.py:840} INFO - DAG(s) 'example_local_kubernetes_executor' retrieved from /home/airflow/.local/lib/python3.8/site-packages/airflow/example_dags/example_local_kubernetes_executor.py
[2025-10-08T14:04:29.862+0000] {logging_mixin.py:188} INFO - [2025-10-08T14:04:29.862+0000] {dag.py:3036} INFO - Sync 1 DAGs
[2025-10-08T14:04:29.875+0000] {logging_mixin.py:188} INFO - [2025-10-08T14:04:29.875+0000] {dag.py:3823} INFO - Setting next_dagrun for example_local_kubernetes_executor to None, run_after=None
[2025-10-08T14:04:29.899+0000] {processor.py:183} INFO - Processing /home/airflow/.local/lib/python3.8/site-packages/airflow/example_dags/example_local_kubernetes_executor.py took 0.097 seconds
[2025-10-08T14:04:59.985+0000] {processor.py:161} INFO - Started process (PID=1188) to work on /home/airflow/.local/lib/python3.8/site-packages/airflow/example_dags/example_local_kubernetes_executor.py
[2025-10-08T14:04:59.986+0000] {processor.py:830} INFO - Processing file /home/airflow/.local/lib/python3.8/site-packages/airflow/example_dags/example_local_kubernetes_executor.py for tasks to queue
[2025-10-08T14:04:59.988+0000] {logging_mixin.py:188} INFO - [2025-10-08T14:04:59.988+0000] {dagbag.py:538} INFO - Filling up the DagBag from /home/airflow/.local/lib/python3.8/site-packages/airflow/example_dags/example_local_kubernetes_executor.py
[2025-10-08T14:04:59.996+0000] {processor.py:840} INFO - DAG(s) 'example_local_kubernetes_executor' retrieved from /home/airflow/.local/lib/python3.8/site-packages/airflow/example_dags/example_local_kubernetes_executor.py
[2025-10-08T14:05:00.042+0000] {logging_mixin.py:188} INFO - [2025-10-08T14:05:00.042+0000] {dag.py:3036} INFO - Sync 1 DAGs
[2025-10-08T14:05:00.055+0000] {logging_mixin.py:188} INFO - [2025-10-08T14:05:00.055+0000] {dag.py:3823} INFO - Setting next_dagrun for example_local_kubernetes_executor to None, run_after=None
[2025-10-08T14:05:00.078+0000] {processor.py:183} INFO - Processing /home/airflow/.local/lib/python3.8/site-packages/airflow/example_dags/example_local_kubernetes_executor.py took 0.097 seconds
[2025-10-08T14:05:30.798+0000] {processor.py:161} INFO - Started process (PID=1246) to work on /home/airflow/.local/lib/python3.8/site-packages/airflow/example_dags/example_local_kubernetes_executor.py
[2025-10-08T14:05:30.800+0000] {processor.py:830} INFO - Processing file /home/airflow/.local/lib/python3.8/site-packages/airflow/example_dags/example_local_kubernetes_executor.py for tasks to queue
[2025-10-08T14:05:30.802+0000] {logging_mixin.py:188} INFO - [2025-10-08T14:05:30.801+0000] {dagbag.py:538} INFO - Filling up the DagBag from /home/airflow/.local/lib/python3.8/site-packages/airflow/example_dags/example_local_kubernetes_executor.py
[2025-10-08T14:05:30.811+0000] {processor.py:840} INFO - DAG(s) 'example_local_kubernetes_executor' retrieved from /home/airflow/.local/lib/python3.8/site-packages/airflow/example_dags/example_local_kubernetes_executor.py
[2025-10-08T14:05:30.862+0000] {logging_mixin.py:188} INFO - [2025-10-08T14:05:30.862+0000] {dag.py:3036} INFO - Sync 1 DAGs
[2025-10-08T14:05:30.879+0000] {logging_mixin.py:188} INFO - [2025-10-08T14:05:30.879+0000] {dag.py:3823} INFO - Setting next_dagrun for example_local_kubernetes_executor to None, run_after=None
[2025-10-08T14:05:30.902+0000] {processor.py:183} INFO - Processing /home/airflow/.local/lib/python3.8/site-packages/airflow/example_dags/example_local_kubernetes_executor.py took 0.108 seconds
[2025-10-08T14:06:01.947+0000] {processor.py:161} INFO - Started process (PID=1304) to work on /home/airflow/.local/lib/python3.8/site-packages/airflow/example_dags/example_local_kubernetes_executor.py
[2025-10-08T14:06:01.948+0000] {processor.py:830} INFO - Processing file /home/airflow/.local/lib/python3.8/site-packages/airflow/example_dags/example_local_kubernetes_executor.py for tasks to queue
[2025-10-08T14:06:01.951+0000] {logging_mixin.py:188} INFO - [2025-10-08T14:06:01.950+0000] {dagbag.py:538} INFO - Filling up the DagBag from /home/airflow/.local/lib/python3.8/site-packages/airflow/example_dags/example_local_kubernetes_executor.py
[2025-10-08T14:06:01.960+0000] {processor.py:840} INFO - DAG(s) 'example_local_kubernetes_executor' retrieved from /home/airflow/.local/lib/python3.8/site-packages/airflow/example_dags/example_local_kubernetes_executor.py
[2025-10-08T14:06:02.007+0000] {logging_mixin.py:188} INFO - [2025-10-08T14:06:02.007+0000] {dag.py:3036} INFO - Sync 1 DAGs
[2025-10-08T14:06:02.026+0000] {logging_mixin.py:188} INFO - [2025-10-08T14:06:02.025+0000] {dag.py:3823} INFO - Setting next_dagrun for example_local_kubernetes_executor to None, run_after=None
[2025-10-08T14:06:02.051+0000] {processor.py:183} INFO - Processing /home/airflow/.local/lib/python3.8/site-packages/airflow/example_dags/example_local_kubernetes_executor.py took 0.109 seconds
[2025-10-08T14:06:32.471+0000] {processor.py:161} INFO - Started process (PID=1362) to work on /home/airflow/.local/lib/python3.8/site-packages/airflow/example_dags/example_local_kubernetes_executor.py
[2025-10-08T14:06:32.472+0000] {processor.py:830} INFO - Processing file /home/airflow/.local/lib/python3.8/site-packages/airflow/example_dags/example_local_kubernetes_executor.py for tasks to queue
[2025-10-08T14:06:32.474+0000] {logging_mixin.py:188} INFO - [2025-10-08T14:06:32.474+0000] {dagbag.py:538} INFO - Filling up the DagBag from /home/airflow/.local/lib/python3.8/site-packages/airflow/example_dags/example_local_kubernetes_executor.py
[2025-10-08T14:06:32.482+0000] {processor.py:840} INFO - DAG(s) 'example_local_kubernetes_executor' retrieved from /home/airflow/.local/lib/python3.8/site-packages/airflow/example_dags/example_local_kubernetes_executor.py
[2025-10-08T14:06:32.526+0000] {logging_mixin.py:188} INFO - [2025-10-08T14:06:32.525+0000] {dag.py:3036} INFO - Sync 1 DAGs
[2025-10-08T14:06:32.540+0000] {logging_mixin.py:188} INFO - [2025-10-08T14:06:32.540+0000] {dag.py:3823} INFO - Setting next_dagrun for example_local_kubernetes_executor to None, run_after=None
[2025-10-08T14:06:32.564+0000] {processor.py:183} INFO - Processing /home/airflow/.local/lib/python3.8/site-packages/airflow/example_dags/example_local_kubernetes_executor.py took 0.097 seconds
[2025-10-08T14:07:03.060+0000] {processor.py:161} INFO - Started process (PID=1420) to work on /home/airflow/.local/lib/python3.8/site-packages/airflow/example_dags/example_local_kubernetes_executor.py
[2025-10-08T14:07:03.061+0000] {processor.py:830} INFO - Processing file /home/airflow/.local/lib/python3.8/site-packages/airflow/example_dags/example_local_kubernetes_executor.py for tasks to queue
[2025-10-08T14:07:03.063+0000] {logging_mixin.py:188} INFO - [2025-10-08T14:07:03.063+0000] {dagbag.py:538} INFO - Filling up the DagBag from /home/airflow/.local/lib/python3.8/site-packages/airflow/example_dags/example_local_kubernetes_executor.py
[2025-10-08T14:07:03.071+0000] {processor.py:840} INFO - DAG(s) 'example_local_kubernetes_executor' retrieved from /home/airflow/.local/lib/python3.8/site-packages/airflow/example_dags/example_local_kubernetes_executor.py
[2025-10-08T14:07:03.118+0000] {logging_mixin.py:188} INFO - [2025-10-08T14:07:03.118+0000] {dag.py:3036} INFO - Sync 1 DAGs
[2025-10-08T14:07:03.133+0000] {logging_mixin.py:188} INFO - [2025-10-08T14:07:03.132+0000] {dag.py:3823} INFO - Setting next_dagrun for example_local_kubernetes_executor to None, run_after=None
[2025-10-08T14:07:03.156+0000] {processor.py:183} INFO - Processing /home/airflow/.local/lib/python3.8/site-packages/airflow/example_dags/example_local_kubernetes_executor.py took 0.099 seconds
[2025-10-08T14:07:33.861+0000] {processor.py:161} INFO - Started process (PID=1478) to work on /home/airflow/.local/lib/python3.8/site-packages/airflow/example_dags/example_local_kubernetes_executor.py
[2025-10-08T14:07:33.862+0000] {processor.py:830} INFO - Processing file /home/airflow/.local/lib/python3.8/site-packages/airflow/example_dags/example_local_kubernetes_executor.py for tasks to queue
[2025-10-08T14:07:33.864+0000] {logging_mixin.py:188} INFO - [2025-10-08T14:07:33.864+0000] {dagbag.py:538} INFO - Filling up the DagBag from /home/airflow/.local/lib/python3.8/site-packages/airflow/example_dags/example_local_kubernetes_executor.py
[2025-10-08T14:07:33.873+0000] {processor.py:840} INFO - DAG(s) 'example_local_kubernetes_executor' retrieved from /home/airflow/.local/lib/python3.8/site-packages/airflow/example_dags/example_local_kubernetes_executor.py
[2025-10-08T14:07:33.923+0000] {logging_mixin.py:188} INFO - [2025-10-08T14:07:33.923+0000] {dag.py:3036} INFO - Sync 1 DAGs
[2025-10-08T14:07:33.939+0000] {logging_mixin.py:188} INFO - [2025-10-08T14:07:33.939+0000] {dag.py:3823} INFO - Setting next_dagrun for example_local_kubernetes_executor to None, run_after=None
[2025-10-08T14:07:33.964+0000] {processor.py:183} INFO - Processing /home/airflow/.local/lib/python3.8/site-packages/airflow/example_dags/example_local_kubernetes_executor.py took 0.107 seconds
[2025-10-08T14:08:04.234+0000] {processor.py:161} INFO - Started process (PID=1535) to work on /home/airflow/.local/lib/python3.8/site-packages/airflow/example_dags/example_local_kubernetes_executor.py
[2025-10-08T14:08:04.236+0000] {processor.py:830} INFO - Processing file /home/airflow/.local/lib/python3.8/site-packages/airflow/example_dags/example_local_kubernetes_executor.py for tasks to queue
[2025-10-08T14:08:04.238+0000] {logging_mixin.py:188} INFO - [2025-10-08T14:08:04.237+0000] {dagbag.py:538} INFO - Filling up the DagBag from /home/airflow/.local/lib/python3.8/site-packages/airflow/example_dags/example_local_kubernetes_executor.py
[2025-10-08T14:08:04.246+0000] {processor.py:840} INFO - DAG(s) 'example_local_kubernetes_executor' retrieved from /home/airflow/.local/lib/python3.8/site-packages/airflow/example_dags/example_local_kubernetes_executor.py
[2025-10-08T14:08:04.291+0000] {logging_mixin.py:188} INFO - [2025-10-08T14:08:04.291+0000] {dag.py:3036} INFO - Sync 1 DAGs
[2025-10-08T14:08:04.305+0000] {logging_mixin.py:188} INFO - [2025-10-08T14:08:04.305+0000] {dag.py:3823} INFO - Setting next_dagrun for example_local_kubernetes_executor to None, run_after=None
[2025-10-08T14:08:04.328+0000] {processor.py:183} INFO - Processing /home/airflow/.local/lib/python3.8/site-packages/airflow/example_dags/example_local_kubernetes_executor.py took 0.097 seconds
[2025-10-08T14:08:34.598+0000] {processor.py:161} INFO - Started process (PID=1593) to work on /home/airflow/.local/lib/python3.8/site-packages/airflow/example_dags/example_local_kubernetes_executor.py
[2025-10-08T14:08:34.599+0000] {processor.py:830} INFO - Processing file /home/airflow/.local/lib/python3.8/site-packages/airflow/example_dags/example_local_kubernetes_executor.py for tasks to queue
[2025-10-08T14:08:34.602+0000] {logging_mixin.py:188} INFO - [2025-10-08T14:08:34.602+0000] {dagbag.py:538} INFO - Filling up the DagBag from /home/airflow/.local/lib/python3.8/site-packages/airflow/example_dags/example_local_kubernetes_executor.py
[2025-10-08T14:08:34.611+0000] {processor.py:840} INFO - DAG(s) 'example_local_kubernetes_executor' retrieved from /home/airflow/.local/lib/python3.8/site-packages/airflow/example_dags/example_local_kubernetes_executor.py
[2025-10-08T14:08:34.738+0000] {logging_mixin.py:188} INFO - [2025-10-08T14:08:34.729+0000] {dag.py:3036} INFO - Sync 1 DAGs
[2025-10-08T14:08:34.873+0000] {logging_mixin.py:188} INFO - [2025-10-08T14:08:34.872+0000] {dag.py:3823} INFO - Setting next_dagrun for example_local_kubernetes_executor to None, run_after=None
[2025-10-08T14:08:34.938+0000] {processor.py:183} INFO - Processing /home/airflow/.local/lib/python3.8/site-packages/airflow/example_dags/example_local_kubernetes_executor.py took 0.345 seconds
[2025-10-08T14:09:05.360+0000] {processor.py:161} INFO - Started process (PID=1651) to work on /home/airflow/.local/lib/python3.8/site-packages/airflow/example_dags/example_local_kubernetes_executor.py
[2025-10-08T14:09:05.361+0000] {processor.py:830} INFO - Processing file /home/airflow/.local/lib/python3.8/site-packages/airflow/example_dags/example_local_kubernetes_executor.py for tasks to queue
[2025-10-08T14:09:05.363+0000] {logging_mixin.py:188} INFO - [2025-10-08T14:09:05.363+0000] {dagbag.py:538} INFO - Filling up the DagBag from /home/airflow/.local/lib/python3.8/site-packages/airflow/example_dags/example_local_kubernetes_executor.py
[2025-10-08T14:09:05.373+0000] {processor.py:840} INFO - DAG(s) 'example_local_kubernetes_executor' retrieved from /home/airflow/.local/lib/python3.8/site-packages/airflow/example_dags/example_local_kubernetes_executor.py
[2025-10-08T14:09:05.421+0000] {logging_mixin.py:188} INFO - [2025-10-08T14:09:05.420+0000] {dag.py:3036} INFO - Sync 1 DAGs
[2025-10-08T14:09:05.435+0000] {logging_mixin.py:188} INFO - [2025-10-08T14:09:05.434+0000] {dag.py:3823} INFO - Setting next_dagrun for example_local_kubernetes_executor to None, run_after=None
[2025-10-08T14:09:05.504+0000] {processor.py:183} INFO - Processing /home/airflow/.local/lib/python3.8/site-packages/airflow/example_dags/example_local_kubernetes_executor.py took 0.147 seconds
[2025-10-08T14:09:35.812+0000] {processor.py:161} INFO - Started process (PID=1709) to work on /home/airflow/.local/lib/python3.8/site-packages/airflow/example_dags/example_local_kubernetes_executor.py
[2025-10-08T14:09:35.814+0000] {processor.py:830} INFO - Processing file /home/airflow/.local/lib/python3.8/site-packages/airflow/example_dags/example_local_kubernetes_executor.py for tasks to queue
[2025-10-08T14:09:35.816+0000] {logging_mixin.py:188} INFO - [2025-10-08T14:09:35.816+0000] {dagbag.py:538} INFO - Filling up the DagBag from /home/airflow/.local/lib/python3.8/site-packages/airflow/example_dags/example_local_kubernetes_executor.py
[2025-10-08T14:09:35.827+0000] {processor.py:840} INFO - DAG(s) 'example_local_kubernetes_executor' retrieved from /home/airflow/.local/lib/python3.8/site-packages/airflow/example_dags/example_local_kubernetes_executor.py
[2025-10-08T14:09:35.882+0000] {logging_mixin.py:188} INFO - [2025-10-08T14:09:35.882+0000] {dag.py:3036} INFO - Sync 1 DAGs
[2025-10-08T14:09:35.902+0000] {logging_mixin.py:188} INFO - [2025-10-08T14:09:35.902+0000] {dag.py:3823} INFO - Setting next_dagrun for example_local_kubernetes_executor to None, run_after=None
[2025-10-08T14:09:35.932+0000] {processor.py:183} INFO - Processing /home/airflow/.local/lib/python3.8/site-packages/airflow/example_dags/example_local_kubernetes_executor.py took 0.124 seconds
[2025-10-08T14:10:06.772+0000] {processor.py:161} INFO - Started process (PID=1767) to work on /home/airflow/.local/lib/python3.8/site-packages/airflow/example_dags/example_local_kubernetes_executor.py
[2025-10-08T14:10:06.773+0000] {processor.py:830} INFO - Processing file /home/airflow/.local/lib/python3.8/site-packages/airflow/example_dags/example_local_kubernetes_executor.py for tasks to queue
[2025-10-08T14:10:06.775+0000] {logging_mixin.py:188} INFO - [2025-10-08T14:10:06.774+0000] {dagbag.py:538} INFO - Filling up the DagBag from /home/airflow/.local/lib/python3.8/site-packages/airflow/example_dags/example_local_kubernetes_executor.py
[2025-10-08T14:10:06.783+0000] {processor.py:840} INFO - DAG(s) 'example_local_kubernetes_executor' retrieved from /home/airflow/.local/lib/python3.8/site-packages/airflow/example_dags/example_local_kubernetes_executor.py
[2025-10-08T14:10:06.833+0000] {logging_mixin.py:188} INFO - [2025-10-08T14:10:06.833+0000] {dag.py:3036} INFO - Sync 1 DAGs
[2025-10-08T14:10:06.849+0000] {logging_mixin.py:188} INFO - [2025-10-08T14:10:06.849+0000] {dag.py:3823} INFO - Setting next_dagrun for example_local_kubernetes_executor to None, run_after=None
[2025-10-08T14:10:06.874+0000] {processor.py:183} INFO - Processing /home/airflow/.local/lib/python3.8/site-packages/airflow/example_dags/example_local_kubernetes_executor.py took 0.105 seconds
[2025-10-08T14:10:37.365+0000] {processor.py:161} INFO - Started process (PID=1826) to work on /home/airflow/.local/lib/python3.8/site-packages/airflow/example_dags/example_local_kubernetes_executor.py
[2025-10-08T14:10:37.367+0000] {processor.py:830} INFO - Processing file /home/airflow/.local/lib/python3.8/site-packages/airflow/example_dags/example_local_kubernetes_executor.py for tasks to queue
[2025-10-08T14:10:37.370+0000] {logging_mixin.py:188} INFO - [2025-10-08T14:10:37.369+0000] {dagbag.py:538} INFO - Filling up the DagBag from /home/airflow/.local/lib/python3.8/site-packages/airflow/example_dags/example_local_kubernetes_executor.py
[2025-10-08T14:10:37.381+0000] {processor.py:840} INFO - DAG(s) 'example_local_kubernetes_executor' retrieved from /home/airflow/.local/lib/python3.8/site-packages/airflow/example_dags/example_local_kubernetes_executor.py
[2025-10-08T14:10:37.435+0000] {logging_mixin.py:188} INFO - [2025-10-08T14:10:37.435+0000] {dag.py:3036} INFO - Sync 1 DAGs
[2025-10-08T14:10:37.449+0000] {logging_mixin.py:188} INFO - [2025-10-08T14:10:37.449+0000] {dag.py:3823} INFO - Setting next_dagrun for example_local_kubernetes_executor to None, run_after=None
[2025-10-08T14:10:37.473+0000] {processor.py:183} INFO - Processing /home/airflow/.local/lib/python3.8/site-packages/airflow/example_dags/example_local_kubernetes_executor.py took 0.112 seconds
[2025-10-08T14:11:07.685+0000] {processor.py:161} INFO - Started process (PID=1885) to work on /home/airflow/.local/lib/python3.8/site-packages/airflow/example_dags/example_local_kubernetes_executor.py
[2025-10-08T14:11:07.686+0000] {processor.py:830} INFO - Processing file /home/airflow/.local/lib/python3.8/site-packages/airflow/example_dags/example_local_kubernetes_executor.py for tasks to queue
[2025-10-08T14:11:07.687+0000] {logging_mixin.py:188} INFO - [2025-10-08T14:11:07.687+0000] {dagbag.py:538} INFO - Filling up the DagBag from /home/airflow/.local/lib/python3.8/site-packages/airflow/example_dags/example_local_kubernetes_executor.py
[2025-10-08T14:11:07.696+0000] {processor.py:840} INFO - DAG(s) 'example_local_kubernetes_executor' retrieved from /home/airflow/.local/lib/python3.8/site-packages/airflow/example_dags/example_local_kubernetes_executor.py
[2025-10-08T14:11:07.749+0000] {logging_mixin.py:188} INFO - [2025-10-08T14:11:07.749+0000] {dag.py:3036} INFO - Sync 1 DAGs
[2025-10-08T14:11:07.765+0000] {logging_mixin.py:188} INFO - [2025-10-08T14:11:07.765+0000] {dag.py:3823} INFO - Setting next_dagrun for example_local_kubernetes_executor to None, run_after=None
[2025-10-08T14:11:07.788+0000] {processor.py:183} INFO - Processing /home/airflow/.local/lib/python3.8/site-packages/airflow/example_dags/example_local_kubernetes_executor.py took 0.107 seconds
[2025-10-08T14:11:38.456+0000] {processor.py:161} INFO - Started process (PID=1944) to work on /home/airflow/.local/lib/python3.8/site-packages/airflow/example_dags/example_local_kubernetes_executor.py
[2025-10-08T14:11:38.458+0000] {processor.py:830} INFO - Processing file /home/airflow/.local/lib/python3.8/site-packages/airflow/example_dags/example_local_kubernetes_executor.py for tasks to queue
[2025-10-08T14:11:38.460+0000] {logging_mixin.py:188} INFO - [2025-10-08T14:11:38.459+0000] {dagbag.py:538} INFO - Filling up the DagBag from /home/airflow/.local/lib/python3.8/site-packages/airflow/example_dags/example_local_kubernetes_executor.py
[2025-10-08T14:11:38.469+0000] {processor.py:840} INFO - DAG(s) 'example_local_kubernetes_executor' retrieved from /home/airflow/.local/lib/python3.8/site-packages/airflow/example_dags/example_local_kubernetes_executor.py
[2025-10-08T14:11:38.530+0000] {logging_mixin.py:188} INFO - [2025-10-08T14:11:38.530+0000] {dag.py:3036} INFO - Sync 1 DAGs
[2025-10-08T14:11:38.555+0000] {logging_mixin.py:188} INFO - [2025-10-08T14:11:38.554+0000] {dag.py:3823} INFO - Setting next_dagrun for example_local_kubernetes_executor to None, run_after=None
[2025-10-08T14:11:38.590+0000] {processor.py:183} INFO - Processing /home/airflow/.local/lib/python3.8/site-packages/airflow/example_dags/example_local_kubernetes_executor.py took 0.137 seconds
[2025-10-08T14:12:08.661+0000] {processor.py:161} INFO - Started process (PID=2003) to work on /home/airflow/.local/lib/python3.8/site-packages/airflow/example_dags/example_local_kubernetes_executor.py
[2025-10-08T14:12:08.663+0000] {processor.py:830} INFO - Processing file /home/airflow/.local/lib/python3.8/site-packages/airflow/example_dags/example_local_kubernetes_executor.py for tasks to queue
[2025-10-08T14:12:08.664+0000] {logging_mixin.py:188} INFO - [2025-10-08T14:12:08.663+0000] {dagbag.py:538} INFO - Filling up the DagBag from /home/airflow/.local/lib/python3.8/site-packages/airflow/example_dags/example_local_kubernetes_executor.py
[2025-10-08T14:12:08.672+0000] {processor.py:840} INFO - DAG(s) 'example_local_kubernetes_executor' retrieved from /home/airflow/.local/lib/python3.8/site-packages/airflow/example_dags/example_local_kubernetes_executor.py
[2025-10-08T14:12:08.723+0000] {logging_mixin.py:188} INFO - [2025-10-08T14:12:08.723+0000] {dag.py:3036} INFO - Sync 1 DAGs
[2025-10-08T14:12:08.742+0000] {logging_mixin.py:188} INFO - [2025-10-08T14:12:08.741+0000] {dag.py:3823} INFO - Setting next_dagrun for example_local_kubernetes_executor to None, run_after=None
[2025-10-08T14:12:08.765+0000] {processor.py:183} INFO - Processing /home/airflow/.local/lib/python3.8/site-packages/airflow/example_dags/example_local_kubernetes_executor.py took 0.108 seconds
[2025-10-08T14:12:38.820+0000] {processor.py:161} INFO - Started process (PID=2062) to work on /home/airflow/.local/lib/python3.8/site-packages/airflow/example_dags/example_local_kubernetes_executor.py
[2025-10-08T14:12:38.821+0000] {processor.py:830} INFO - Processing file /home/airflow/.local/lib/python3.8/site-packages/airflow/example_dags/example_local_kubernetes_executor.py for tasks to queue
[2025-10-08T14:12:38.823+0000] {logging_mixin.py:188} INFO - [2025-10-08T14:12:38.822+0000] {dagbag.py:538} INFO - Filling up the DagBag from /home/airflow/.local/lib/python3.8/site-packages/airflow/example_dags/example_local_kubernetes_executor.py
[2025-10-08T14:12:38.832+0000] {processor.py:840} INFO - DAG(s) 'example_local_kubernetes_executor' retrieved from /home/airflow/.local/lib/python3.8/site-packages/airflow/example_dags/example_local_kubernetes_executor.py
[2025-10-08T14:12:38.911+0000] {logging_mixin.py:188} INFO - [2025-10-08T14:12:38.910+0000] {dag.py:3036} INFO - Sync 1 DAGs
[2025-10-08T14:12:38.933+0000] {logging_mixin.py:188} INFO - [2025-10-08T14:12:38.932+0000] {dag.py:3823} INFO - Setting next_dagrun for example_local_kubernetes_executor to None, run_after=None
[2025-10-08T14:12:38.959+0000] {processor.py:183} INFO - Processing /home/airflow/.local/lib/python3.8/site-packages/airflow/example_dags/example_local_kubernetes_executor.py took 0.142 seconds
[2025-10-08T14:13:09.301+0000] {processor.py:161} INFO - Started process (PID=2121) to work on /home/airflow/.local/lib/python3.8/site-packages/airflow/example_dags/example_local_kubernetes_executor.py
[2025-10-08T14:13:09.302+0000] {processor.py:830} INFO - Processing file /home/airflow/.local/lib/python3.8/site-packages/airflow/example_dags/example_local_kubernetes_executor.py for tasks to queue
[2025-10-08T14:13:09.304+0000] {logging_mixin.py:188} INFO - [2025-10-08T14:13:09.304+0000] {dagbag.py:538} INFO - Filling up the DagBag from /home/airflow/.local/lib/python3.8/site-packages/airflow/example_dags/example_local_kubernetes_executor.py
[2025-10-08T14:13:09.314+0000] {processor.py:840} INFO - DAG(s) 'example_local_kubernetes_executor' retrieved from /home/airflow/.local/lib/python3.8/site-packages/airflow/example_dags/example_local_kubernetes_executor.py
[2025-10-08T14:13:09.365+0000] {logging_mixin.py:188} INFO - [2025-10-08T14:13:09.365+0000] {dag.py:3036} INFO - Sync 1 DAGs
[2025-10-08T14:13:09.382+0000] {logging_mixin.py:188} INFO - [2025-10-08T14:13:09.382+0000] {dag.py:3823} INFO - Setting next_dagrun for example_local_kubernetes_executor to None, run_after=None
[2025-10-08T14:13:09.412+0000] {processor.py:183} INFO - Processing /home/airflow/.local/lib/python3.8/site-packages/airflow/example_dags/example_local_kubernetes_executor.py took 0.115 seconds
[2025-10-08T14:13:39.832+0000] {processor.py:161} INFO - Started process (PID=2180) to work on /home/airflow/.local/lib/python3.8/site-packages/airflow/example_dags/example_local_kubernetes_executor.py
[2025-10-08T14:13:39.833+0000] {processor.py:830} INFO - Processing file /home/airflow/.local/lib/python3.8/site-packages/airflow/example_dags/example_local_kubernetes_executor.py for tasks to queue
[2025-10-08T14:13:39.835+0000] {logging_mixin.py:188} INFO - [2025-10-08T14:13:39.834+0000] {dagbag.py:538} INFO - Filling up the DagBag from /home/airflow/.local/lib/python3.8/site-packages/airflow/example_dags/example_local_kubernetes_executor.py
[2025-10-08T14:13:39.844+0000] {processor.py:840} INFO - DAG(s) 'example_local_kubernetes_executor' retrieved from /home/airflow/.local/lib/python3.8/site-packages/airflow/example_dags/example_local_kubernetes_executor.py
[2025-10-08T14:13:39.891+0000] {logging_mixin.py:188} INFO - [2025-10-08T14:13:39.891+0000] {dag.py:3036} INFO - Sync 1 DAGs
[2025-10-08T14:13:39.905+0000] {logging_mixin.py:188} INFO - [2025-10-08T14:13:39.904+0000] {dag.py:3823} INFO - Setting next_dagrun for example_local_kubernetes_executor to None, run_after=None
[2025-10-08T14:13:39.926+0000] {processor.py:183} INFO - Processing /home/airflow/.local/lib/python3.8/site-packages/airflow/example_dags/example_local_kubernetes_executor.py took 0.099 seconds
[2025-10-08T14:14:10.163+0000] {processor.py:161} INFO - Started process (PID=2240) to work on /home/airflow/.local/lib/python3.8/site-packages/airflow/example_dags/example_local_kubernetes_executor.py
[2025-10-08T14:14:10.164+0000] {processor.py:830} INFO - Processing file /home/airflow/.local/lib/python3.8/site-packages/airflow/example_dags/example_local_kubernetes_executor.py for tasks to queue
[2025-10-08T14:14:10.166+0000] {logging_mixin.py:188} INFO - [2025-10-08T14:14:10.166+0000] {dagbag.py:538} INFO - Filling up the DagBag from /home/airflow/.local/lib/python3.8/site-packages/airflow/example_dags/example_local_kubernetes_executor.py
[2025-10-08T14:14:10.175+0000] {processor.py:840} INFO - DAG(s) 'example_local_kubernetes_executor' retrieved from /home/airflow/.local/lib/python3.8/site-packages/airflow/example_dags/example_local_kubernetes_executor.py
[2025-10-08T14:14:10.229+0000] {logging_mixin.py:188} INFO - [2025-10-08T14:14:10.229+0000] {dag.py:3036} INFO - Sync 1 DAGs
[2025-10-08T14:14:10.243+0000] {logging_mixin.py:188} INFO - [2025-10-08T14:14:10.243+0000] {dag.py:3823} INFO - Setting next_dagrun for example_local_kubernetes_executor to None, run_after=None
[2025-10-08T14:14:10.268+0000] {processor.py:183} INFO - Processing /home/airflow/.local/lib/python3.8/site-packages/airflow/example_dags/example_local_kubernetes_executor.py took 0.110 seconds
[2025-10-08T14:14:40.423+0000] {processor.py:161} INFO - Started process (PID=2300) to work on /home/airflow/.local/lib/python3.8/site-packages/airflow/example_dags/example_local_kubernetes_executor.py
[2025-10-08T14:14:40.425+0000] {processor.py:830} INFO - Processing file /home/airflow/.local/lib/python3.8/site-packages/airflow/example_dags/example_local_kubernetes_executor.py for tasks to queue
[2025-10-08T14:14:40.426+0000] {logging_mixin.py:188} INFO - [2025-10-08T14:14:40.426+0000] {dagbag.py:538} INFO - Filling up the DagBag from /home/airflow/.local/lib/python3.8/site-packages/airflow/example_dags/example_local_kubernetes_executor.py
[2025-10-08T14:14:40.435+0000] {processor.py:840} INFO - DAG(s) 'example_local_kubernetes_executor' retrieved from /home/airflow/.local/lib/python3.8/site-packages/airflow/example_dags/example_local_kubernetes_executor.py
[2025-10-08T14:14:40.485+0000] {logging_mixin.py:188} INFO - [2025-10-08T14:14:40.484+0000] {dag.py:3036} INFO - Sync 1 DAGs
[2025-10-08T14:14:40.498+0000] {logging_mixin.py:188} INFO - [2025-10-08T14:14:40.498+0000] {dag.py:3823} INFO - Setting next_dagrun for example_local_kubernetes_executor to None, run_after=None
[2025-10-08T14:14:40.520+0000] {processor.py:183} INFO - Processing /home/airflow/.local/lib/python3.8/site-packages/airflow/example_dags/example_local_kubernetes_executor.py took 0.101 seconds
[2025-10-08T14:15:10.910+0000] {processor.py:161} INFO - Started process (PID=2359) to work on /home/airflow/.local/lib/python3.8/site-packages/airflow/example_dags/example_local_kubernetes_executor.py
[2025-10-08T14:15:10.911+0000] {processor.py:830} INFO - Processing file /home/airflow/.local/lib/python3.8/site-packages/airflow/example_dags/example_local_kubernetes_executor.py for tasks to queue
[2025-10-08T14:15:10.913+0000] {logging_mixin.py:188} INFO - [2025-10-08T14:15:10.912+0000] {dagbag.py:538} INFO - Filling up the DagBag from /home/airflow/.local/lib/python3.8/site-packages/airflow/example_dags/example_local_kubernetes_executor.py
[2025-10-08T14:15:10.920+0000] {processor.py:840} INFO - DAG(s) 'example_local_kubernetes_executor' retrieved from /home/airflow/.local/lib/python3.8/site-packages/airflow/example_dags/example_local_kubernetes_executor.py
[2025-10-08T14:15:10.967+0000] {logging_mixin.py:188} INFO - [2025-10-08T14:15:10.966+0000] {dag.py:3036} INFO - Sync 1 DAGs
[2025-10-08T14:15:10.982+0000] {logging_mixin.py:188} INFO - [2025-10-08T14:15:10.982+0000] {dag.py:3823} INFO - Setting next_dagrun for example_local_kubernetes_executor to None, run_after=None
[2025-10-08T14:15:11.004+0000] {processor.py:183} INFO - Processing /home/airflow/.local/lib/python3.8/site-packages/airflow/example_dags/example_local_kubernetes_executor.py took 0.097 seconds
[2025-10-08T14:15:41.411+0000] {processor.py:161} INFO - Started process (PID=2418) to work on /home/airflow/.local/lib/python3.8/site-packages/airflow/example_dags/example_local_kubernetes_executor.py
[2025-10-08T14:15:41.413+0000] {processor.py:830} INFO - Processing file /home/airflow/.local/lib/python3.8/site-packages/airflow/example_dags/example_local_kubernetes_executor.py for tasks to queue
[2025-10-08T14:15:41.414+0000] {logging_mixin.py:188} INFO - [2025-10-08T14:15:41.414+0000] {dagbag.py:538} INFO - Filling up the DagBag from /home/airflow/.local/lib/python3.8/site-packages/airflow/example_dags/example_local_kubernetes_executor.py
[2025-10-08T14:15:41.423+0000] {processor.py:840} INFO - DAG(s) 'example_local_kubernetes_executor' retrieved from /home/airflow/.local/lib/python3.8/site-packages/airflow/example_dags/example_local_kubernetes_executor.py
[2025-10-08T14:15:41.471+0000] {logging_mixin.py:188} INFO - [2025-10-08T14:15:41.470+0000] {dag.py:3036} INFO - Sync 1 DAGs
[2025-10-08T14:15:41.485+0000] {logging_mixin.py:188} INFO - [2025-10-08T14:15:41.485+0000] {dag.py:3823} INFO - Setting next_dagrun for example_local_kubernetes_executor to None, run_after=None
[2025-10-08T14:15:41.509+0000] {processor.py:183} INFO - Processing /home/airflow/.local/lib/python3.8/site-packages/airflow/example_dags/example_local_kubernetes_executor.py took 0.101 seconds
[2025-10-08T14:16:11.827+0000] {processor.py:161} INFO - Started process (PID=2478) to work on /home/airflow/.local/lib/python3.8/site-packages/airflow/example_dags/example_local_kubernetes_executor.py
[2025-10-08T14:16:11.828+0000] {processor.py:830} INFO - Processing file /home/airflow/.local/lib/python3.8/site-packages/airflow/example_dags/example_local_kubernetes_executor.py for tasks to queue
[2025-10-08T14:16:11.830+0000] {logging_mixin.py:188} INFO - [2025-10-08T14:16:11.830+0000] {dagbag.py:538} INFO - Filling up the DagBag from /home/airflow/.local/lib/python3.8/site-packages/airflow/example_dags/example_local_kubernetes_executor.py
[2025-10-08T14:16:11.838+0000] {processor.py:840} INFO - DAG(s) 'example_local_kubernetes_executor' retrieved from /home/airflow/.local/lib/python3.8/site-packages/airflow/example_dags/example_local_kubernetes_executor.py
[2025-10-08T14:16:11.885+0000] {logging_mixin.py:188} INFO - [2025-10-08T14:16:11.885+0000] {dag.py:3036} INFO - Sync 1 DAGs
[2025-10-08T14:16:11.899+0000] {logging_mixin.py:188} INFO - [2025-10-08T14:16:11.899+0000] {dag.py:3823} INFO - Setting next_dagrun for example_local_kubernetes_executor to None, run_after=None
[2025-10-08T14:16:11.925+0000] {processor.py:183} INFO - Processing /home/airflow/.local/lib/python3.8/site-packages/airflow/example_dags/example_local_kubernetes_executor.py took 0.102 seconds
[2025-10-08T14:16:42.087+0000] {processor.py:161} INFO - Started process (PID=2538) to work on /home/airflow/.local/lib/python3.8/site-packages/airflow/example_dags/example_local_kubernetes_executor.py
[2025-10-08T14:16:42.089+0000] {processor.py:830} INFO - Processing file /home/airflow/.local/lib/python3.8/site-packages/airflow/example_dags/example_local_kubernetes_executor.py for tasks to queue
[2025-10-08T14:16:42.092+0000] {logging_mixin.py:188} INFO - [2025-10-08T14:16:42.091+0000] {dagbag.py:538} INFO - Filling up the DagBag from /home/airflow/.local/lib/python3.8/site-packages/airflow/example_dags/example_local_kubernetes_executor.py
[2025-10-08T14:16:42.107+0000] {processor.py:840} INFO - DAG(s) 'example_local_kubernetes_executor' retrieved from /home/airflow/.local/lib/python3.8/site-packages/airflow/example_dags/example_local_kubernetes_executor.py
[2025-10-08T14:16:42.207+0000] {logging_mixin.py:188} INFO - [2025-10-08T14:16:42.206+0000] {dag.py:3036} INFO - Sync 1 DAGs
[2025-10-08T14:16:42.243+0000] {logging_mixin.py:188} INFO - [2025-10-08T14:16:42.243+0000] {dag.py:3823} INFO - Setting next_dagrun for example_local_kubernetes_executor to None, run_after=None
[2025-10-08T14:16:42.293+0000] {processor.py:183} INFO - Processing /home/airflow/.local/lib/python3.8/site-packages/airflow/example_dags/example_local_kubernetes_executor.py took 0.210 seconds
[2025-10-08T14:17:12.656+0000] {processor.py:161} INFO - Started process (PID=2598) to work on /home/airflow/.local/lib/python3.8/site-packages/airflow/example_dags/example_local_kubernetes_executor.py
[2025-10-08T14:17:12.657+0000] {processor.py:830} INFO - Processing file /home/airflow/.local/lib/python3.8/site-packages/airflow/example_dags/example_local_kubernetes_executor.py for tasks to queue
[2025-10-08T14:17:12.658+0000] {logging_mixin.py:188} INFO - [2025-10-08T14:17:12.658+0000] {dagbag.py:538} INFO - Filling up the DagBag from /home/airflow/.local/lib/python3.8/site-packages/airflow/example_dags/example_local_kubernetes_executor.py
[2025-10-08T14:17:12.668+0000] {processor.py:840} INFO - DAG(s) 'example_local_kubernetes_executor' retrieved from /home/airflow/.local/lib/python3.8/site-packages/airflow/example_dags/example_local_kubernetes_executor.py
[2025-10-08T14:17:12.733+0000] {logging_mixin.py:188} INFO - [2025-10-08T14:17:12.733+0000] {dag.py:3036} INFO - Sync 1 DAGs
[2025-10-08T14:17:12.751+0000] {logging_mixin.py:188} INFO - [2025-10-08T14:17:12.750+0000] {dag.py:3823} INFO - Setting next_dagrun for example_local_kubernetes_executor to None, run_after=None
[2025-10-08T14:17:12.772+0000] {processor.py:183} INFO - Processing /home/airflow/.local/lib/python3.8/site-packages/airflow/example_dags/example_local_kubernetes_executor.py took 0.119 seconds
[2025-10-08T14:17:43.280+0000] {processor.py:161} INFO - Started process (PID=2656) to work on /home/airflow/.local/lib/python3.8/site-packages/airflow/example_dags/example_local_kubernetes_executor.py
[2025-10-08T14:17:43.281+0000] {processor.py:830} INFO - Processing file /home/airflow/.local/lib/python3.8/site-packages/airflow/example_dags/example_local_kubernetes_executor.py for tasks to queue
[2025-10-08T14:17:43.283+0000] {logging_mixin.py:188} INFO - [2025-10-08T14:17:43.283+0000] {dagbag.py:538} INFO - Filling up the DagBag from /home/airflow/.local/lib/python3.8/site-packages/airflow/example_dags/example_local_kubernetes_executor.py
[2025-10-08T14:17:43.292+0000] {processor.py:840} INFO - DAG(s) 'example_local_kubernetes_executor' retrieved from /home/airflow/.local/lib/python3.8/site-packages/airflow/example_dags/example_local_kubernetes_executor.py
[2025-10-08T14:17:43.350+0000] {logging_mixin.py:188} INFO - [2025-10-08T14:17:43.350+0000] {dag.py:3036} INFO - Sync 1 DAGs
[2025-10-08T14:17:43.369+0000] {logging_mixin.py:188} INFO - [2025-10-08T14:17:43.369+0000] {dag.py:3823} INFO - Setting next_dagrun for example_local_kubernetes_executor to None, run_after=None
[2025-10-08T14:17:43.393+0000] {processor.py:183} INFO - Processing /home/airflow/.local/lib/python3.8/site-packages/airflow/example_dags/example_local_kubernetes_executor.py took 0.117 seconds
[2025-10-08T14:18:13.604+0000] {processor.py:161} INFO - Started process (PID=2717) to work on /home/airflow/.local/lib/python3.8/site-packages/airflow/example_dags/example_local_kubernetes_executor.py
[2025-10-08T14:18:13.606+0000] {processor.py:830} INFO - Processing file /home/airflow/.local/lib/python3.8/site-packages/airflow/example_dags/example_local_kubernetes_executor.py for tasks to queue
[2025-10-08T14:18:13.608+0000] {logging_mixin.py:188} INFO - [2025-10-08T14:18:13.607+0000] {dagbag.py:538} INFO - Filling up the DagBag from /home/airflow/.local/lib/python3.8/site-packages/airflow/example_dags/example_local_kubernetes_executor.py
[2025-10-08T14:18:13.617+0000] {processor.py:840} INFO - DAG(s) 'example_local_kubernetes_executor' retrieved from /home/airflow/.local/lib/python3.8/site-packages/airflow/example_dags/example_local_kubernetes_executor.py
[2025-10-08T14:18:13.684+0000] {logging_mixin.py:188} INFO - [2025-10-08T14:18:13.684+0000] {dag.py:3036} INFO - Sync 1 DAGs
[2025-10-08T14:18:13.701+0000] {logging_mixin.py:188} INFO - [2025-10-08T14:18:13.700+0000] {dag.py:3823} INFO - Setting next_dagrun for example_local_kubernetes_executor to None, run_after=None
[2025-10-08T14:18:13.734+0000] {processor.py:183} INFO - Processing /home/airflow/.local/lib/python3.8/site-packages/airflow/example_dags/example_local_kubernetes_executor.py took 0.134 seconds
[2025-10-08T14:18:43.799+0000] {processor.py:161} INFO - Started process (PID=2777) to work on /home/airflow/.local/lib/python3.8/site-packages/airflow/example_dags/example_local_kubernetes_executor.py
[2025-10-08T14:18:43.801+0000] {processor.py:830} INFO - Processing file /home/airflow/.local/lib/python3.8/site-packages/airflow/example_dags/example_local_kubernetes_executor.py for tasks to queue
[2025-10-08T14:18:43.802+0000] {logging_mixin.py:188} INFO - [2025-10-08T14:18:43.801+0000] {dagbag.py:538} INFO - Filling up the DagBag from /home/airflow/.local/lib/python3.8/site-packages/airflow/example_dags/example_local_kubernetes_executor.py
[2025-10-08T14:18:43.813+0000] {processor.py:840} INFO - DAG(s) 'example_local_kubernetes_executor' retrieved from /home/airflow/.local/lib/python3.8/site-packages/airflow/example_dags/example_local_kubernetes_executor.py
[2025-10-08T14:18:43.863+0000] {logging_mixin.py:188} INFO - [2025-10-08T14:18:43.863+0000] {dag.py:3036} INFO - Sync 1 DAGs
[2025-10-08T14:18:43.879+0000] {logging_mixin.py:188} INFO - [2025-10-08T14:18:43.878+0000] {dag.py:3823} INFO - Setting next_dagrun for example_local_kubernetes_executor to None, run_after=None
[2025-10-08T14:18:43.906+0000] {processor.py:183} INFO - Processing /home/airflow/.local/lib/python3.8/site-packages/airflow/example_dags/example_local_kubernetes_executor.py took 0.110 seconds
[2025-10-08T14:19:14.598+0000] {processor.py:161} INFO - Started process (PID=2837) to work on /home/airflow/.local/lib/python3.8/site-packages/airflow/example_dags/example_local_kubernetes_executor.py
[2025-10-08T14:19:14.600+0000] {processor.py:830} INFO - Processing file /home/airflow/.local/lib/python3.8/site-packages/airflow/example_dags/example_local_kubernetes_executor.py for tasks to queue
[2025-10-08T14:19:14.601+0000] {logging_mixin.py:188} INFO - [2025-10-08T14:19:14.600+0000] {dagbag.py:538} INFO - Filling up the DagBag from /home/airflow/.local/lib/python3.8/site-packages/airflow/example_dags/example_local_kubernetes_executor.py
[2025-10-08T14:19:14.609+0000] {processor.py:840} INFO - DAG(s) 'example_local_kubernetes_executor' retrieved from /home/airflow/.local/lib/python3.8/site-packages/airflow/example_dags/example_local_kubernetes_executor.py
[2025-10-08T14:19:14.653+0000] {logging_mixin.py:188} INFO - [2025-10-08T14:19:14.652+0000] {dag.py:3036} INFO - Sync 1 DAGs
[2025-10-08T14:19:14.667+0000] {logging_mixin.py:188} INFO - [2025-10-08T14:19:14.666+0000] {dag.py:3823} INFO - Setting next_dagrun for example_local_kubernetes_executor to None, run_after=None
[2025-10-08T14:19:14.688+0000] {processor.py:183} INFO - Processing /home/airflow/.local/lib/python3.8/site-packages/airflow/example_dags/example_local_kubernetes_executor.py took 0.093 seconds
[2025-10-08T14:19:45.694+0000] {processor.py:161} INFO - Started process (PID=2897) to work on /home/airflow/.local/lib/python3.8/site-packages/airflow/example_dags/example_local_kubernetes_executor.py
[2025-10-08T14:19:45.697+0000] {processor.py:830} INFO - Processing file /home/airflow/.local/lib/python3.8/site-packages/airflow/example_dags/example_local_kubernetes_executor.py for tasks to queue
[2025-10-08T14:19:45.698+0000] {logging_mixin.py:188} INFO - [2025-10-08T14:19:45.698+0000] {dagbag.py:538} INFO - Filling up the DagBag from /home/airflow/.local/lib/python3.8/site-packages/airflow/example_dags/example_local_kubernetes_executor.py
[2025-10-08T14:19:45.706+0000] {processor.py:840} INFO - DAG(s) 'example_local_kubernetes_executor' retrieved from /home/airflow/.local/lib/python3.8/site-packages/airflow/example_dags/example_local_kubernetes_executor.py
[2025-10-08T14:19:45.760+0000] {logging_mixin.py:188} INFO - [2025-10-08T14:19:45.759+0000] {dag.py:3036} INFO - Sync 1 DAGs
[2025-10-08T14:19:45.774+0000] {logging_mixin.py:188} INFO - [2025-10-08T14:19:45.774+0000] {dag.py:3823} INFO - Setting next_dagrun for example_local_kubernetes_executor to None, run_after=None
[2025-10-08T14:19:45.806+0000] {processor.py:183} INFO - Processing /home/airflow/.local/lib/python3.8/site-packages/airflow/example_dags/example_local_kubernetes_executor.py took 0.118 seconds
[2025-10-08T14:20:15.988+0000] {processor.py:161} INFO - Started process (PID=2955) to work on /home/airflow/.local/lib/python3.8/site-packages/airflow/example_dags/example_local_kubernetes_executor.py
[2025-10-08T14:20:15.996+0000] {processor.py:830} INFO - Processing file /home/airflow/.local/lib/python3.8/site-packages/airflow/example_dags/example_local_kubernetes_executor.py for tasks to queue
[2025-10-08T14:20:16.000+0000] {logging_mixin.py:188} INFO - [2025-10-08T14:20:15.999+0000] {dagbag.py:538} INFO - Filling up the DagBag from /home/airflow/.local/lib/python3.8/site-packages/airflow/example_dags/example_local_kubernetes_executor.py
[2025-10-08T14:20:16.014+0000] {processor.py:840} INFO - DAG(s) 'example_local_kubernetes_executor' retrieved from /home/airflow/.local/lib/python3.8/site-packages/airflow/example_dags/example_local_kubernetes_executor.py
[2025-10-08T14:20:16.062+0000] {logging_mixin.py:188} INFO - [2025-10-08T14:20:16.061+0000] {dag.py:3036} INFO - Sync 1 DAGs
[2025-10-08T14:20:16.076+0000] {logging_mixin.py:188} INFO - [2025-10-08T14:20:16.075+0000] {dag.py:3823} INFO - Setting next_dagrun for example_local_kubernetes_executor to None, run_after=None
[2025-10-08T14:20:16.107+0000] {processor.py:183} INFO - Processing /home/airflow/.local/lib/python3.8/site-packages/airflow/example_dags/example_local_kubernetes_executor.py took 0.123 seconds
[2025-10-08T14:20:46.430+0000] {processor.py:161} INFO - Started process (PID=3015) to work on /home/airflow/.local/lib/python3.8/site-packages/airflow/example_dags/example_local_kubernetes_executor.py
[2025-10-08T14:20:46.431+0000] {processor.py:830} INFO - Processing file /home/airflow/.local/lib/python3.8/site-packages/airflow/example_dags/example_local_kubernetes_executor.py for tasks to queue
[2025-10-08T14:20:46.432+0000] {logging_mixin.py:188} INFO - [2025-10-08T14:20:46.432+0000] {dagbag.py:538} INFO - Filling up the DagBag from /home/airflow/.local/lib/python3.8/site-packages/airflow/example_dags/example_local_kubernetes_executor.py
[2025-10-08T14:20:46.440+0000] {processor.py:840} INFO - DAG(s) 'example_local_kubernetes_executor' retrieved from /home/airflow/.local/lib/python3.8/site-packages/airflow/example_dags/example_local_kubernetes_executor.py
[2025-10-08T14:20:46.491+0000] {logging_mixin.py:188} INFO - [2025-10-08T14:20:46.490+0000] {dag.py:3036} INFO - Sync 1 DAGs
[2025-10-08T14:20:46.670+0000] {logging_mixin.py:188} INFO - [2025-10-08T14:20:46.669+0000] {dag.py:3823} INFO - Setting next_dagrun for example_local_kubernetes_executor to None, run_after=None
[2025-10-08T14:20:46.705+0000] {processor.py:183} INFO - Processing /home/airflow/.local/lib/python3.8/site-packages/airflow/example_dags/example_local_kubernetes_executor.py took 0.279 seconds
[2025-10-08T14:21:16.858+0000] {processor.py:161} INFO - Started process (PID=3074) to work on /home/airflow/.local/lib/python3.8/site-packages/airflow/example_dags/example_local_kubernetes_executor.py
[2025-10-08T14:21:16.860+0000] {processor.py:830} INFO - Processing file /home/airflow/.local/lib/python3.8/site-packages/airflow/example_dags/example_local_kubernetes_executor.py for tasks to queue
[2025-10-08T14:21:16.861+0000] {logging_mixin.py:188} INFO - [2025-10-08T14:21:16.861+0000] {dagbag.py:538} INFO - Filling up the DagBag from /home/airflow/.local/lib/python3.8/site-packages/airflow/example_dags/example_local_kubernetes_executor.py
[2025-10-08T14:21:16.869+0000] {processor.py:840} INFO - DAG(s) 'example_local_kubernetes_executor' retrieved from /home/airflow/.local/lib/python3.8/site-packages/airflow/example_dags/example_local_kubernetes_executor.py
[2025-10-08T14:21:16.916+0000] {logging_mixin.py:188} INFO - [2025-10-08T14:21:16.916+0000] {dag.py:3036} INFO - Sync 1 DAGs
[2025-10-08T14:21:16.929+0000] {logging_mixin.py:188} INFO - [2025-10-08T14:21:16.929+0000] {dag.py:3823} INFO - Setting next_dagrun for example_local_kubernetes_executor to None, run_after=None
[2025-10-08T14:21:17.077+0000] {processor.py:183} INFO - Processing /home/airflow/.local/lib/python3.8/site-packages/airflow/example_dags/example_local_kubernetes_executor.py took 0.223 seconds
[2025-10-08T14:21:47.536+0000] {processor.py:161} INFO - Started process (PID=3134) to work on /home/airflow/.local/lib/python3.8/site-packages/airflow/example_dags/example_local_kubernetes_executor.py
[2025-10-08T14:21:47.538+0000] {processor.py:830} INFO - Processing file /home/airflow/.local/lib/python3.8/site-packages/airflow/example_dags/example_local_kubernetes_executor.py for tasks to queue
[2025-10-08T14:21:47.541+0000] {logging_mixin.py:188} INFO - [2025-10-08T14:21:47.540+0000] {dagbag.py:538} INFO - Filling up the DagBag from /home/airflow/.local/lib/python3.8/site-packages/airflow/example_dags/example_local_kubernetes_executor.py
[2025-10-08T14:21:47.550+0000] {processor.py:840} INFO - DAG(s) 'example_local_kubernetes_executor' retrieved from /home/airflow/.local/lib/python3.8/site-packages/airflow/example_dags/example_local_kubernetes_executor.py
[2025-10-08T14:21:47.601+0000] {logging_mixin.py:188} INFO - [2025-10-08T14:21:47.601+0000] {dag.py:3036} INFO - Sync 1 DAGs
[2025-10-08T14:21:47.621+0000] {logging_mixin.py:188} INFO - [2025-10-08T14:21:47.621+0000] {dag.py:3823} INFO - Setting next_dagrun for example_local_kubernetes_executor to None, run_after=None
[2025-10-08T14:21:47.645+0000] {processor.py:183} INFO - Processing /home/airflow/.local/lib/python3.8/site-packages/airflow/example_dags/example_local_kubernetes_executor.py took 0.112 seconds
[2025-10-08T14:22:18.222+0000] {processor.py:161} INFO - Started process (PID=3195) to work on /home/airflow/.local/lib/python3.8/site-packages/airflow/example_dags/example_local_kubernetes_executor.py
[2025-10-08T14:22:18.223+0000] {processor.py:830} INFO - Processing file /home/airflow/.local/lib/python3.8/site-packages/airflow/example_dags/example_local_kubernetes_executor.py for tasks to queue
[2025-10-08T14:22:18.224+0000] {logging_mixin.py:188} INFO - [2025-10-08T14:22:18.224+0000] {dagbag.py:538} INFO - Filling up the DagBag from /home/airflow/.local/lib/python3.8/site-packages/airflow/example_dags/example_local_kubernetes_executor.py
[2025-10-08T14:22:18.234+0000] {processor.py:840} INFO - DAG(s) 'example_local_kubernetes_executor' retrieved from /home/airflow/.local/lib/python3.8/site-packages/airflow/example_dags/example_local_kubernetes_executor.py
[2025-10-08T14:22:18.279+0000] {logging_mixin.py:188} INFO - [2025-10-08T14:22:18.278+0000] {dag.py:3036} INFO - Sync 1 DAGs
[2025-10-08T14:22:18.293+0000] {logging_mixin.py:188} INFO - [2025-10-08T14:22:18.293+0000] {dag.py:3823} INFO - Setting next_dagrun for example_local_kubernetes_executor to None, run_after=None
[2025-10-08T14:22:18.316+0000] {processor.py:183} INFO - Processing /home/airflow/.local/lib/python3.8/site-packages/airflow/example_dags/example_local_kubernetes_executor.py took 0.097 seconds
[2025-10-08T14:22:48.552+0000] {processor.py:161} INFO - Started process (PID=3255) to work on /home/airflow/.local/lib/python3.8/site-packages/airflow/example_dags/example_local_kubernetes_executor.py
[2025-10-08T14:22:48.553+0000] {processor.py:830} INFO - Processing file /home/airflow/.local/lib/python3.8/site-packages/airflow/example_dags/example_local_kubernetes_executor.py for tasks to queue
[2025-10-08T14:22:48.554+0000] {logging_mixin.py:188} INFO - [2025-10-08T14:22:48.554+0000] {dagbag.py:538} INFO - Filling up the DagBag from /home/airflow/.local/lib/python3.8/site-packages/airflow/example_dags/example_local_kubernetes_executor.py
[2025-10-08T14:22:48.562+0000] {processor.py:840} INFO - DAG(s) 'example_local_kubernetes_executor' retrieved from /home/airflow/.local/lib/python3.8/site-packages/airflow/example_dags/example_local_kubernetes_executor.py
[2025-10-08T14:22:48.612+0000] {logging_mixin.py:188} INFO - [2025-10-08T14:22:48.611+0000] {dag.py:3036} INFO - Sync 1 DAGs
[2025-10-08T14:22:48.634+0000] {logging_mixin.py:188} INFO - [2025-10-08T14:22:48.634+0000] {dag.py:3823} INFO - Setting next_dagrun for example_local_kubernetes_executor to None, run_after=None
[2025-10-08T14:22:48.659+0000] {processor.py:183} INFO - Processing /home/airflow/.local/lib/python3.8/site-packages/airflow/example_dags/example_local_kubernetes_executor.py took 0.111 seconds
[2025-10-08T14:23:18.957+0000] {processor.py:161} INFO - Started process (PID=3315) to work on /home/airflow/.local/lib/python3.8/site-packages/airflow/example_dags/example_local_kubernetes_executor.py
[2025-10-08T14:23:18.959+0000] {processor.py:830} INFO - Processing file /home/airflow/.local/lib/python3.8/site-packages/airflow/example_dags/example_local_kubernetes_executor.py for tasks to queue
[2025-10-08T14:23:18.960+0000] {logging_mixin.py:188} INFO - [2025-10-08T14:23:18.960+0000] {dagbag.py:538} INFO - Filling up the DagBag from /home/airflow/.local/lib/python3.8/site-packages/airflow/example_dags/example_local_kubernetes_executor.py
[2025-10-08T14:23:18.972+0000] {processor.py:840} INFO - DAG(s) 'example_local_kubernetes_executor' retrieved from /home/airflow/.local/lib/python3.8/site-packages/airflow/example_dags/example_local_kubernetes_executor.py
[2025-10-08T14:23:19.035+0000] {logging_mixin.py:188} INFO - [2025-10-08T14:23:19.034+0000] {dag.py:3036} INFO - Sync 1 DAGs
[2025-10-08T14:23:19.051+0000] {logging_mixin.py:188} INFO - [2025-10-08T14:23:19.051+0000] {dag.py:3823} INFO - Setting next_dagrun for example_local_kubernetes_executor to None, run_after=None
[2025-10-08T14:23:19.072+0000] {processor.py:183} INFO - Processing /home/airflow/.local/lib/python3.8/site-packages/airflow/example_dags/example_local_kubernetes_executor.py took 0.120 seconds
[2025-10-08T14:23:49.529+0000] {processor.py:161} INFO - Started process (PID=3375) to work on /home/airflow/.local/lib/python3.8/site-packages/airflow/example_dags/example_local_kubernetes_executor.py
[2025-10-08T14:23:49.530+0000] {processor.py:830} INFO - Processing file /home/airflow/.local/lib/python3.8/site-packages/airflow/example_dags/example_local_kubernetes_executor.py for tasks to queue
[2025-10-08T14:23:49.531+0000] {logging_mixin.py:188} INFO - [2025-10-08T14:23:49.531+0000] {dagbag.py:538} INFO - Filling up the DagBag from /home/airflow/.local/lib/python3.8/site-packages/airflow/example_dags/example_local_kubernetes_executor.py
[2025-10-08T14:23:49.539+0000] {processor.py:840} INFO - DAG(s) 'example_local_kubernetes_executor' retrieved from /home/airflow/.local/lib/python3.8/site-packages/airflow/example_dags/example_local_kubernetes_executor.py
[2025-10-08T14:23:49.588+0000] {logging_mixin.py:188} INFO - [2025-10-08T14:23:49.587+0000] {dag.py:3036} INFO - Sync 1 DAGs
[2025-10-08T14:23:49.603+0000] {logging_mixin.py:188} INFO - [2025-10-08T14:23:49.603+0000] {dag.py:3823} INFO - Setting next_dagrun for example_local_kubernetes_executor to None, run_after=None
[2025-10-08T14:23:49.626+0000] {processor.py:183} INFO - Processing /home/airflow/.local/lib/python3.8/site-packages/airflow/example_dags/example_local_kubernetes_executor.py took 0.101 seconds
[2025-10-08T14:24:19.967+0000] {processor.py:161} INFO - Started process (PID=3434) to work on /home/airflow/.local/lib/python3.8/site-packages/airflow/example_dags/example_local_kubernetes_executor.py
[2025-10-08T14:24:19.969+0000] {processor.py:830} INFO - Processing file /home/airflow/.local/lib/python3.8/site-packages/airflow/example_dags/example_local_kubernetes_executor.py for tasks to queue
[2025-10-08T14:24:19.971+0000] {logging_mixin.py:188} INFO - [2025-10-08T14:24:19.970+0000] {dagbag.py:538} INFO - Filling up the DagBag from /home/airflow/.local/lib/python3.8/site-packages/airflow/example_dags/example_local_kubernetes_executor.py
[2025-10-08T14:24:19.980+0000] {processor.py:840} INFO - DAG(s) 'example_local_kubernetes_executor' retrieved from /home/airflow/.local/lib/python3.8/site-packages/airflow/example_dags/example_local_kubernetes_executor.py
[2025-10-08T14:24:20.029+0000] {logging_mixin.py:188} INFO - [2025-10-08T14:24:20.029+0000] {dag.py:3036} INFO - Sync 1 DAGs
[2025-10-08T14:24:20.043+0000] {logging_mixin.py:188} INFO - [2025-10-08T14:24:20.043+0000] {dag.py:3823} INFO - Setting next_dagrun for example_local_kubernetes_executor to None, run_after=None
[2025-10-08T14:24:20.068+0000] {processor.py:183} INFO - Processing /home/airflow/.local/lib/python3.8/site-packages/airflow/example_dags/example_local_kubernetes_executor.py took 0.105 seconds
[2025-10-08T14:24:50.495+0000] {processor.py:161} INFO - Started process (PID=3494) to work on /home/airflow/.local/lib/python3.8/site-packages/airflow/example_dags/example_local_kubernetes_executor.py
[2025-10-08T14:24:50.496+0000] {processor.py:830} INFO - Processing file /home/airflow/.local/lib/python3.8/site-packages/airflow/example_dags/example_local_kubernetes_executor.py for tasks to queue
[2025-10-08T14:24:50.498+0000] {logging_mixin.py:188} INFO - [2025-10-08T14:24:50.497+0000] {dagbag.py:538} INFO - Filling up the DagBag from /home/airflow/.local/lib/python3.8/site-packages/airflow/example_dags/example_local_kubernetes_executor.py
[2025-10-08T14:24:50.506+0000] {processor.py:840} INFO - DAG(s) 'example_local_kubernetes_executor' retrieved from /home/airflow/.local/lib/python3.8/site-packages/airflow/example_dags/example_local_kubernetes_executor.py
[2025-10-08T14:24:50.558+0000] {logging_mixin.py:188} INFO - [2025-10-08T14:24:50.557+0000] {dag.py:3036} INFO - Sync 1 DAGs
[2025-10-08T14:24:50.572+0000] {logging_mixin.py:188} INFO - [2025-10-08T14:24:50.572+0000] {dag.py:3823} INFO - Setting next_dagrun for example_local_kubernetes_executor to None, run_after=None
[2025-10-08T14:24:50.598+0000] {processor.py:183} INFO - Processing /home/airflow/.local/lib/python3.8/site-packages/airflow/example_dags/example_local_kubernetes_executor.py took 0.107 seconds
[2025-10-08T14:25:20.653+0000] {processor.py:161} INFO - Started process (PID=3553) to work on /home/airflow/.local/lib/python3.8/site-packages/airflow/example_dags/example_local_kubernetes_executor.py
[2025-10-08T14:25:20.654+0000] {processor.py:830} INFO - Processing file /home/airflow/.local/lib/python3.8/site-packages/airflow/example_dags/example_local_kubernetes_executor.py for tasks to queue
[2025-10-08T14:25:20.655+0000] {logging_mixin.py:188} INFO - [2025-10-08T14:25:20.655+0000] {dagbag.py:538} INFO - Filling up the DagBag from /home/airflow/.local/lib/python3.8/site-packages/airflow/example_dags/example_local_kubernetes_executor.py
[2025-10-08T14:25:20.662+0000] {processor.py:840} INFO - DAG(s) 'example_local_kubernetes_executor' retrieved from /home/airflow/.local/lib/python3.8/site-packages/airflow/example_dags/example_local_kubernetes_executor.py
[2025-10-08T14:25:20.709+0000] {logging_mixin.py:188} INFO - [2025-10-08T14:25:20.709+0000] {dag.py:3036} INFO - Sync 1 DAGs
[2025-10-08T14:25:20.749+0000] {logging_mixin.py:188} INFO - [2025-10-08T14:25:20.749+0000] {dag.py:3823} INFO - Setting next_dagrun for example_local_kubernetes_executor to None, run_after=None
[2025-10-08T14:25:20.782+0000] {processor.py:183} INFO - Processing /home/airflow/.local/lib/python3.8/site-packages/airflow/example_dags/example_local_kubernetes_executor.py took 0.133 seconds
[2025-10-08T14:25:50.928+0000] {processor.py:161} INFO - Started process (PID=3612) to work on /home/airflow/.local/lib/python3.8/site-packages/airflow/example_dags/example_local_kubernetes_executor.py
[2025-10-08T14:25:50.929+0000] {processor.py:830} INFO - Processing file /home/airflow/.local/lib/python3.8/site-packages/airflow/example_dags/example_local_kubernetes_executor.py for tasks to queue
[2025-10-08T14:25:50.931+0000] {logging_mixin.py:188} INFO - [2025-10-08T14:25:50.930+0000] {dagbag.py:538} INFO - Filling up the DagBag from /home/airflow/.local/lib/python3.8/site-packages/airflow/example_dags/example_local_kubernetes_executor.py
[2025-10-08T14:25:50.939+0000] {processor.py:840} INFO - DAG(s) 'example_local_kubernetes_executor' retrieved from /home/airflow/.local/lib/python3.8/site-packages/airflow/example_dags/example_local_kubernetes_executor.py
[2025-10-08T14:25:50.987+0000] {logging_mixin.py:188} INFO - [2025-10-08T14:25:50.987+0000] {dag.py:3036} INFO - Sync 1 DAGs
[2025-10-08T14:25:51.001+0000] {logging_mixin.py:188} INFO - [2025-10-08T14:25:51.001+0000] {dag.py:3823} INFO - Setting next_dagrun for example_local_kubernetes_executor to None, run_after=None
[2025-10-08T14:25:51.025+0000] {processor.py:183} INFO - Processing /home/airflow/.local/lib/python3.8/site-packages/airflow/example_dags/example_local_kubernetes_executor.py took 0.101 seconds
[2025-10-08T14:26:21.944+0000] {processor.py:161} INFO - Started process (PID=3671) to work on /home/airflow/.local/lib/python3.8/site-packages/airflow/example_dags/example_local_kubernetes_executor.py
[2025-10-08T14:26:21.946+0000] {processor.py:830} INFO - Processing file /home/airflow/.local/lib/python3.8/site-packages/airflow/example_dags/example_local_kubernetes_executor.py for tasks to queue
[2025-10-08T14:26:21.948+0000] {logging_mixin.py:188} INFO - [2025-10-08T14:26:21.947+0000] {dagbag.py:538} INFO - Filling up the DagBag from /home/airflow/.local/lib/python3.8/site-packages/airflow/example_dags/example_local_kubernetes_executor.py
[2025-10-08T14:26:21.958+0000] {processor.py:840} INFO - DAG(s) 'example_local_kubernetes_executor' retrieved from /home/airflow/.local/lib/python3.8/site-packages/airflow/example_dags/example_local_kubernetes_executor.py
[2025-10-08T14:26:22.019+0000] {logging_mixin.py:188} INFO - [2025-10-08T14:26:22.019+0000] {dag.py:3036} INFO - Sync 1 DAGs
[2025-10-08T14:26:22.042+0000] {logging_mixin.py:188} INFO - [2025-10-08T14:26:22.042+0000] {dag.py:3823} INFO - Setting next_dagrun for example_local_kubernetes_executor to None, run_after=None
[2025-10-08T14:26:22.074+0000] {processor.py:183} INFO - Processing /home/airflow/.local/lib/python3.8/site-packages/airflow/example_dags/example_local_kubernetes_executor.py took 0.135 seconds
[2025-10-08T14:26:52.564+0000] {processor.py:161} INFO - Started process (PID=3730) to work on /home/airflow/.local/lib/python3.8/site-packages/airflow/example_dags/example_local_kubernetes_executor.py
[2025-10-08T14:26:52.566+0000] {processor.py:830} INFO - Processing file /home/airflow/.local/lib/python3.8/site-packages/airflow/example_dags/example_local_kubernetes_executor.py for tasks to queue
[2025-10-08T14:26:52.567+0000] {logging_mixin.py:188} INFO - [2025-10-08T14:26:52.567+0000] {dagbag.py:538} INFO - Filling up the DagBag from /home/airflow/.local/lib/python3.8/site-packages/airflow/example_dags/example_local_kubernetes_executor.py
[2025-10-08T14:26:52.581+0000] {processor.py:840} INFO - DAG(s) 'example_local_kubernetes_executor' retrieved from /home/airflow/.local/lib/python3.8/site-packages/airflow/example_dags/example_local_kubernetes_executor.py
[2025-10-08T14:26:52.664+0000] {logging_mixin.py:188} INFO - [2025-10-08T14:26:52.663+0000] {dag.py:3036} INFO - Sync 1 DAGs
[2025-10-08T14:26:52.698+0000] {logging_mixin.py:188} INFO - [2025-10-08T14:26:52.698+0000] {dag.py:3823} INFO - Setting next_dagrun for example_local_kubernetes_executor to None, run_after=None
[2025-10-08T14:26:52.761+0000] {processor.py:183} INFO - Processing /home/airflow/.local/lib/python3.8/site-packages/airflow/example_dags/example_local_kubernetes_executor.py took 0.201 seconds
[2025-10-08T14:27:23.373+0000] {processor.py:161} INFO - Started process (PID=3789) to work on /home/airflow/.local/lib/python3.8/site-packages/airflow/example_dags/example_local_kubernetes_executor.py
[2025-10-08T14:27:23.374+0000] {processor.py:830} INFO - Processing file /home/airflow/.local/lib/python3.8/site-packages/airflow/example_dags/example_local_kubernetes_executor.py for tasks to queue
[2025-10-08T14:27:23.375+0000] {logging_mixin.py:188} INFO - [2025-10-08T14:27:23.375+0000] {dagbag.py:538} INFO - Filling up the DagBag from /home/airflow/.local/lib/python3.8/site-packages/airflow/example_dags/example_local_kubernetes_executor.py
[2025-10-08T14:27:23.385+0000] {processor.py:840} INFO - DAG(s) 'example_local_kubernetes_executor' retrieved from /home/airflow/.local/lib/python3.8/site-packages/airflow/example_dags/example_local_kubernetes_executor.py
[2025-10-08T14:27:23.444+0000] {logging_mixin.py:188} INFO - [2025-10-08T14:27:23.443+0000] {dag.py:3036} INFO - Sync 1 DAGs
[2025-10-08T14:27:23.463+0000] {logging_mixin.py:188} INFO - [2025-10-08T14:27:23.462+0000] {dag.py:3823} INFO - Setting next_dagrun for example_local_kubernetes_executor to None, run_after=None
[2025-10-08T14:27:23.513+0000] {processor.py:183} INFO - Processing /home/airflow/.local/lib/python3.8/site-packages/airflow/example_dags/example_local_kubernetes_executor.py took 0.144 seconds
[2025-10-08T16:23:47.839+0000] {processor.py:161} INFO - Started process (PID=3848) to work on /home/airflow/.local/lib/python3.8/site-packages/airflow/example_dags/example_local_kubernetes_executor.py
[2025-10-08T16:23:47.843+0000] {processor.py:830} INFO - Processing file /home/airflow/.local/lib/python3.8/site-packages/airflow/example_dags/example_local_kubernetes_executor.py for tasks to queue
[2025-10-08T16:23:47.847+0000] {logging_mixin.py:188} INFO - [2025-10-08T16:23:47.846+0000] {dagbag.py:538} INFO - Filling up the DagBag from /home/airflow/.local/lib/python3.8/site-packages/airflow/example_dags/example_local_kubernetes_executor.py
[2025-10-08T16:23:47.865+0000] {processor.py:840} INFO - DAG(s) 'example_local_kubernetes_executor' retrieved from /home/airflow/.local/lib/python3.8/site-packages/airflow/example_dags/example_local_kubernetes_executor.py
[2025-10-08T16:23:47.955+0000] {logging_mixin.py:188} INFO - [2025-10-08T16:23:47.954+0000] {dag.py:3036} INFO - Sync 1 DAGs
[2025-10-08T16:23:47.989+0000] {logging_mixin.py:188} INFO - [2025-10-08T16:23:47.988+0000] {dag.py:3823} INFO - Setting next_dagrun for example_local_kubernetes_executor to None, run_after=None
[2025-10-08T16:23:48.069+0000] {processor.py:183} INFO - Processing /home/airflow/.local/lib/python3.8/site-packages/airflow/example_dags/example_local_kubernetes_executor.py took 0.237 seconds
[2025-10-08T16:24:18.251+0000] {processor.py:161} INFO - Started process (PID=3908) to work on /home/airflow/.local/lib/python3.8/site-packages/airflow/example_dags/example_local_kubernetes_executor.py
[2025-10-08T16:24:18.253+0000] {processor.py:830} INFO - Processing file /home/airflow/.local/lib/python3.8/site-packages/airflow/example_dags/example_local_kubernetes_executor.py for tasks to queue
[2025-10-08T16:24:18.255+0000] {logging_mixin.py:188} INFO - [2025-10-08T16:24:18.254+0000] {dagbag.py:538} INFO - Filling up the DagBag from /home/airflow/.local/lib/python3.8/site-packages/airflow/example_dags/example_local_kubernetes_executor.py
[2025-10-08T16:24:18.268+0000] {processor.py:840} INFO - DAG(s) 'example_local_kubernetes_executor' retrieved from /home/airflow/.local/lib/python3.8/site-packages/airflow/example_dags/example_local_kubernetes_executor.py
[2025-10-08T16:24:18.334+0000] {logging_mixin.py:188} INFO - [2025-10-08T16:24:18.334+0000] {dag.py:3036} INFO - Sync 1 DAGs
[2025-10-08T16:24:18.356+0000] {logging_mixin.py:188} INFO - [2025-10-08T16:24:18.355+0000] {dag.py:3823} INFO - Setting next_dagrun for example_local_kubernetes_executor to None, run_after=None
[2025-10-08T16:24:18.391+0000] {processor.py:183} INFO - Processing /home/airflow/.local/lib/python3.8/site-packages/airflow/example_dags/example_local_kubernetes_executor.py took 0.145 seconds
[2025-10-08T16:24:49.417+0000] {processor.py:161} INFO - Started process (PID=3967) to work on /home/airflow/.local/lib/python3.8/site-packages/airflow/example_dags/example_local_kubernetes_executor.py
[2025-10-08T16:24:49.418+0000] {processor.py:830} INFO - Processing file /home/airflow/.local/lib/python3.8/site-packages/airflow/example_dags/example_local_kubernetes_executor.py for tasks to queue
[2025-10-08T16:24:49.419+0000] {logging_mixin.py:188} INFO - [2025-10-08T16:24:49.419+0000] {dagbag.py:538} INFO - Filling up the DagBag from /home/airflow/.local/lib/python3.8/site-packages/airflow/example_dags/example_local_kubernetes_executor.py
[2025-10-08T16:24:49.427+0000] {processor.py:840} INFO - DAG(s) 'example_local_kubernetes_executor' retrieved from /home/airflow/.local/lib/python3.8/site-packages/airflow/example_dags/example_local_kubernetes_executor.py
[2025-10-08T16:24:49.474+0000] {logging_mixin.py:188} INFO - [2025-10-08T16:24:49.474+0000] {dag.py:3036} INFO - Sync 1 DAGs
[2025-10-08T16:24:49.488+0000] {logging_mixin.py:188} INFO - [2025-10-08T16:24:49.487+0000] {dag.py:3823} INFO - Setting next_dagrun for example_local_kubernetes_executor to None, run_after=None
[2025-10-08T16:24:49.522+0000] {processor.py:183} INFO - Processing /home/airflow/.local/lib/python3.8/site-packages/airflow/example_dags/example_local_kubernetes_executor.py took 0.109 seconds
[2025-10-08T16:25:20.039+0000] {processor.py:161} INFO - Started process (PID=4026) to work on /home/airflow/.local/lib/python3.8/site-packages/airflow/example_dags/example_local_kubernetes_executor.py
[2025-10-08T16:25:20.040+0000] {processor.py:830} INFO - Processing file /home/airflow/.local/lib/python3.8/site-packages/airflow/example_dags/example_local_kubernetes_executor.py for tasks to queue
[2025-10-08T16:25:20.041+0000] {logging_mixin.py:188} INFO - [2025-10-08T16:25:20.041+0000] {dagbag.py:538} INFO - Filling up the DagBag from /home/airflow/.local/lib/python3.8/site-packages/airflow/example_dags/example_local_kubernetes_executor.py
[2025-10-08T16:25:20.052+0000] {processor.py:840} INFO - DAG(s) 'example_local_kubernetes_executor' retrieved from /home/airflow/.local/lib/python3.8/site-packages/airflow/example_dags/example_local_kubernetes_executor.py
[2025-10-08T16:25:20.109+0000] {logging_mixin.py:188} INFO - [2025-10-08T16:25:20.109+0000] {dag.py:3036} INFO - Sync 1 DAGs
[2025-10-08T16:25:20.129+0000] {logging_mixin.py:188} INFO - [2025-10-08T16:25:20.128+0000] {dag.py:3823} INFO - Setting next_dagrun for example_local_kubernetes_executor to None, run_after=None
[2025-10-08T16:25:20.157+0000] {processor.py:183} INFO - Processing /home/airflow/.local/lib/python3.8/site-packages/airflow/example_dags/example_local_kubernetes_executor.py took 0.123 seconds
[2025-10-08T16:25:50.449+0000] {processor.py:161} INFO - Started process (PID=4085) to work on /home/airflow/.local/lib/python3.8/site-packages/airflow/example_dags/example_local_kubernetes_executor.py
[2025-10-08T16:25:50.451+0000] {processor.py:830} INFO - Processing file /home/airflow/.local/lib/python3.8/site-packages/airflow/example_dags/example_local_kubernetes_executor.py for tasks to queue
[2025-10-08T16:25:50.452+0000] {logging_mixin.py:188} INFO - [2025-10-08T16:25:50.452+0000] {dagbag.py:538} INFO - Filling up the DagBag from /home/airflow/.local/lib/python3.8/site-packages/airflow/example_dags/example_local_kubernetes_executor.py
[2025-10-08T16:25:50.462+0000] {processor.py:840} INFO - DAG(s) 'example_local_kubernetes_executor' retrieved from /home/airflow/.local/lib/python3.8/site-packages/airflow/example_dags/example_local_kubernetes_executor.py
[2025-10-08T16:25:50.516+0000] {logging_mixin.py:188} INFO - [2025-10-08T16:25:50.515+0000] {dag.py:3036} INFO - Sync 1 DAGs
[2025-10-08T16:25:50.534+0000] {logging_mixin.py:188} INFO - [2025-10-08T16:25:50.533+0000] {dag.py:3823} INFO - Setting next_dagrun for example_local_kubernetes_executor to None, run_after=None
[2025-10-08T16:25:50.564+0000] {processor.py:183} INFO - Processing /home/airflow/.local/lib/python3.8/site-packages/airflow/example_dags/example_local_kubernetes_executor.py took 0.119 seconds
[2025-10-08T16:26:21.619+0000] {processor.py:161} INFO - Started process (PID=4149) to work on /home/airflow/.local/lib/python3.8/site-packages/airflow/example_dags/example_local_kubernetes_executor.py
[2025-10-08T16:26:21.621+0000] {processor.py:830} INFO - Processing file /home/airflow/.local/lib/python3.8/site-packages/airflow/example_dags/example_local_kubernetes_executor.py for tasks to queue
[2025-10-08T16:26:21.624+0000] {logging_mixin.py:188} INFO - [2025-10-08T16:26:21.623+0000] {dagbag.py:538} INFO - Filling up the DagBag from /home/airflow/.local/lib/python3.8/site-packages/airflow/example_dags/example_local_kubernetes_executor.py
[2025-10-08T16:26:21.639+0000] {processor.py:840} INFO - DAG(s) 'example_local_kubernetes_executor' retrieved from /home/airflow/.local/lib/python3.8/site-packages/airflow/example_dags/example_local_kubernetes_executor.py
[2025-10-08T16:26:21.698+0000] {logging_mixin.py:188} INFO - [2025-10-08T16:26:21.698+0000] {dag.py:3036} INFO - Sync 1 DAGs
[2025-10-08T16:26:21.715+0000] {logging_mixin.py:188} INFO - [2025-10-08T16:26:21.715+0000] {dag.py:3823} INFO - Setting next_dagrun for example_local_kubernetes_executor to None, run_after=None
[2025-10-08T16:26:21.743+0000] {processor.py:183} INFO - Processing /home/airflow/.local/lib/python3.8/site-packages/airflow/example_dags/example_local_kubernetes_executor.py took 0.131 seconds
[2025-10-08T16:26:52.037+0000] {processor.py:161} INFO - Started process (PID=4207) to work on /home/airflow/.local/lib/python3.8/site-packages/airflow/example_dags/example_local_kubernetes_executor.py
[2025-10-08T16:26:52.040+0000] {processor.py:830} INFO - Processing file /home/airflow/.local/lib/python3.8/site-packages/airflow/example_dags/example_local_kubernetes_executor.py for tasks to queue
[2025-10-08T16:26:52.043+0000] {logging_mixin.py:188} INFO - [2025-10-08T16:26:52.042+0000] {dagbag.py:538} INFO - Filling up the DagBag from /home/airflow/.local/lib/python3.8/site-packages/airflow/example_dags/example_local_kubernetes_executor.py
[2025-10-08T16:26:52.064+0000] {processor.py:840} INFO - DAG(s) 'example_local_kubernetes_executor' retrieved from /home/airflow/.local/lib/python3.8/site-packages/airflow/example_dags/example_local_kubernetes_executor.py
[2025-10-08T16:26:52.160+0000] {logging_mixin.py:188} INFO - [2025-10-08T16:26:52.160+0000] {dag.py:3036} INFO - Sync 1 DAGs
[2025-10-08T16:26:52.179+0000] {logging_mixin.py:188} INFO - [2025-10-08T16:26:52.178+0000] {dag.py:3823} INFO - Setting next_dagrun for example_local_kubernetes_executor to None, run_after=None
[2025-10-08T16:26:52.246+0000] {processor.py:183} INFO - Processing /home/airflow/.local/lib/python3.8/site-packages/airflow/example_dags/example_local_kubernetes_executor.py took 0.218 seconds
[2025-10-08T16:27:22.933+0000] {processor.py:161} INFO - Started process (PID=4266) to work on /home/airflow/.local/lib/python3.8/site-packages/airflow/example_dags/example_local_kubernetes_executor.py
[2025-10-08T16:27:22.936+0000] {processor.py:830} INFO - Processing file /home/airflow/.local/lib/python3.8/site-packages/airflow/example_dags/example_local_kubernetes_executor.py for tasks to queue
[2025-10-08T16:27:22.939+0000] {logging_mixin.py:188} INFO - [2025-10-08T16:27:22.938+0000] {dagbag.py:538} INFO - Filling up the DagBag from /home/airflow/.local/lib/python3.8/site-packages/airflow/example_dags/example_local_kubernetes_executor.py
[2025-10-08T16:27:22.951+0000] {processor.py:840} INFO - DAG(s) 'example_local_kubernetes_executor' retrieved from /home/airflow/.local/lib/python3.8/site-packages/airflow/example_dags/example_local_kubernetes_executor.py
[2025-10-08T16:27:23.025+0000] {logging_mixin.py:188} INFO - [2025-10-08T16:27:23.024+0000] {dag.py:3036} INFO - Sync 1 DAGs
[2025-10-08T16:27:23.044+0000] {logging_mixin.py:188} INFO - [2025-10-08T16:27:23.044+0000] {dag.py:3823} INFO - Setting next_dagrun for example_local_kubernetes_executor to None, run_after=None
[2025-10-08T16:27:23.078+0000] {processor.py:183} INFO - Processing /home/airflow/.local/lib/python3.8/site-packages/airflow/example_dags/example_local_kubernetes_executor.py took 0.153 seconds
[2025-10-08T16:27:53.195+0000] {processor.py:161} INFO - Started process (PID=4324) to work on /home/airflow/.local/lib/python3.8/site-packages/airflow/example_dags/example_local_kubernetes_executor.py
[2025-10-08T16:27:53.198+0000] {processor.py:830} INFO - Processing file /home/airflow/.local/lib/python3.8/site-packages/airflow/example_dags/example_local_kubernetes_executor.py for tasks to queue
[2025-10-08T16:27:53.200+0000] {logging_mixin.py:188} INFO - [2025-10-08T16:27:53.200+0000] {dagbag.py:538} INFO - Filling up the DagBag from /home/airflow/.local/lib/python3.8/site-packages/airflow/example_dags/example_local_kubernetes_executor.py
[2025-10-08T16:27:53.220+0000] {processor.py:840} INFO - DAG(s) 'example_local_kubernetes_executor' retrieved from /home/airflow/.local/lib/python3.8/site-packages/airflow/example_dags/example_local_kubernetes_executor.py
[2025-10-08T16:27:53.285+0000] {logging_mixin.py:188} INFO - [2025-10-08T16:27:53.285+0000] {dag.py:3036} INFO - Sync 1 DAGs
[2025-10-08T16:27:53.309+0000] {logging_mixin.py:188} INFO - [2025-10-08T16:27:53.309+0000] {dag.py:3823} INFO - Setting next_dagrun for example_local_kubernetes_executor to None, run_after=None
[2025-10-08T16:27:53.369+0000] {processor.py:183} INFO - Processing /home/airflow/.local/lib/python3.8/site-packages/airflow/example_dags/example_local_kubernetes_executor.py took 0.182 seconds
[2025-10-08T16:28:24.302+0000] {processor.py:161} INFO - Started process (PID=4383) to work on /home/airflow/.local/lib/python3.8/site-packages/airflow/example_dags/example_local_kubernetes_executor.py
[2025-10-08T16:28:24.305+0000] {processor.py:830} INFO - Processing file /home/airflow/.local/lib/python3.8/site-packages/airflow/example_dags/example_local_kubernetes_executor.py for tasks to queue
[2025-10-08T16:28:24.307+0000] {logging_mixin.py:188} INFO - [2025-10-08T16:28:24.306+0000] {dagbag.py:538} INFO - Filling up the DagBag from /home/airflow/.local/lib/python3.8/site-packages/airflow/example_dags/example_local_kubernetes_executor.py
[2025-10-08T16:28:24.325+0000] {processor.py:840} INFO - DAG(s) 'example_local_kubernetes_executor' retrieved from /home/airflow/.local/lib/python3.8/site-packages/airflow/example_dags/example_local_kubernetes_executor.py
[2025-10-08T16:28:24.410+0000] {logging_mixin.py:188} INFO - [2025-10-08T16:28:24.409+0000] {dag.py:3036} INFO - Sync 1 DAGs
[2025-10-08T16:28:24.434+0000] {logging_mixin.py:188} INFO - [2025-10-08T16:28:24.433+0000] {dag.py:3823} INFO - Setting next_dagrun for example_local_kubernetes_executor to None, run_after=None
[2025-10-08T16:28:24.476+0000] {processor.py:183} INFO - Processing /home/airflow/.local/lib/python3.8/site-packages/airflow/example_dags/example_local_kubernetes_executor.py took 0.182 seconds
[2025-10-08T16:28:54.771+0000] {processor.py:161} INFO - Started process (PID=4442) to work on /home/airflow/.local/lib/python3.8/site-packages/airflow/example_dags/example_local_kubernetes_executor.py
[2025-10-08T16:28:54.773+0000] {processor.py:830} INFO - Processing file /home/airflow/.local/lib/python3.8/site-packages/airflow/example_dags/example_local_kubernetes_executor.py for tasks to queue
[2025-10-08T16:28:54.774+0000] {logging_mixin.py:188} INFO - [2025-10-08T16:28:54.774+0000] {dagbag.py:538} INFO - Filling up the DagBag from /home/airflow/.local/lib/python3.8/site-packages/airflow/example_dags/example_local_kubernetes_executor.py
[2025-10-08T16:28:54.787+0000] {processor.py:840} INFO - DAG(s) 'example_local_kubernetes_executor' retrieved from /home/airflow/.local/lib/python3.8/site-packages/airflow/example_dags/example_local_kubernetes_executor.py
[2025-10-08T16:28:54.846+0000] {logging_mixin.py:188} INFO - [2025-10-08T16:28:54.846+0000] {dag.py:3036} INFO - Sync 1 DAGs
[2025-10-08T16:28:54.864+0000] {logging_mixin.py:188} INFO - [2025-10-08T16:28:54.864+0000] {dag.py:3823} INFO - Setting next_dagrun for example_local_kubernetes_executor to None, run_after=None
[2025-10-08T16:28:54.900+0000] {processor.py:183} INFO - Processing /home/airflow/.local/lib/python3.8/site-packages/airflow/example_dags/example_local_kubernetes_executor.py took 0.133 seconds
[2025-10-08T16:29:25.917+0000] {processor.py:161} INFO - Started process (PID=4500) to work on /home/airflow/.local/lib/python3.8/site-packages/airflow/example_dags/example_local_kubernetes_executor.py
[2025-10-08T16:29:25.919+0000] {processor.py:830} INFO - Processing file /home/airflow/.local/lib/python3.8/site-packages/airflow/example_dags/example_local_kubernetes_executor.py for tasks to queue
[2025-10-08T16:29:25.922+0000] {logging_mixin.py:188} INFO - [2025-10-08T16:29:25.921+0000] {dagbag.py:538} INFO - Filling up the DagBag from /home/airflow/.local/lib/python3.8/site-packages/airflow/example_dags/example_local_kubernetes_executor.py
[2025-10-08T16:29:25.941+0000] {processor.py:840} INFO - DAG(s) 'example_local_kubernetes_executor' retrieved from /home/airflow/.local/lib/python3.8/site-packages/airflow/example_dags/example_local_kubernetes_executor.py
[2025-10-08T16:29:26.031+0000] {logging_mixin.py:188} INFO - [2025-10-08T16:29:26.031+0000] {dag.py:3036} INFO - Sync 1 DAGs
[2025-10-08T16:29:26.055+0000] {logging_mixin.py:188} INFO - [2025-10-08T16:29:26.054+0000] {dag.py:3823} INFO - Setting next_dagrun for example_local_kubernetes_executor to None, run_after=None
[2025-10-08T16:29:26.092+0000] {processor.py:183} INFO - Processing /home/airflow/.local/lib/python3.8/site-packages/airflow/example_dags/example_local_kubernetes_executor.py took 0.181 seconds
[2025-10-08T16:29:56.905+0000] {processor.py:161} INFO - Started process (PID=4558) to work on /home/airflow/.local/lib/python3.8/site-packages/airflow/example_dags/example_local_kubernetes_executor.py
[2025-10-08T16:29:56.906+0000] {processor.py:830} INFO - Processing file /home/airflow/.local/lib/python3.8/site-packages/airflow/example_dags/example_local_kubernetes_executor.py for tasks to queue
[2025-10-08T16:29:56.908+0000] {logging_mixin.py:188} INFO - [2025-10-08T16:29:56.908+0000] {dagbag.py:538} INFO - Filling up the DagBag from /home/airflow/.local/lib/python3.8/site-packages/airflow/example_dags/example_local_kubernetes_executor.py
[2025-10-08T16:29:56.922+0000] {processor.py:840} INFO - DAG(s) 'example_local_kubernetes_executor' retrieved from /home/airflow/.local/lib/python3.8/site-packages/airflow/example_dags/example_local_kubernetes_executor.py
[2025-10-08T16:29:56.980+0000] {logging_mixin.py:188} INFO - [2025-10-08T16:29:56.980+0000] {dag.py:3036} INFO - Sync 1 DAGs
[2025-10-08T16:29:56.999+0000] {logging_mixin.py:188} INFO - [2025-10-08T16:29:56.998+0000] {dag.py:3823} INFO - Setting next_dagrun for example_local_kubernetes_executor to None, run_after=None
[2025-10-08T16:29:57.054+0000] {processor.py:183} INFO - Processing /home/airflow/.local/lib/python3.8/site-packages/airflow/example_dags/example_local_kubernetes_executor.py took 0.153 seconds
[2025-10-08T16:30:27.500+0000] {processor.py:161} INFO - Started process (PID=4615) to work on /home/airflow/.local/lib/python3.8/site-packages/airflow/example_dags/example_local_kubernetes_executor.py
[2025-10-08T16:30:27.503+0000] {processor.py:830} INFO - Processing file /home/airflow/.local/lib/python3.8/site-packages/airflow/example_dags/example_local_kubernetes_executor.py for tasks to queue
[2025-10-08T16:30:27.506+0000] {logging_mixin.py:188} INFO - [2025-10-08T16:30:27.505+0000] {dagbag.py:538} INFO - Filling up the DagBag from /home/airflow/.local/lib/python3.8/site-packages/airflow/example_dags/example_local_kubernetes_executor.py
[2025-10-08T16:30:27.522+0000] {processor.py:840} INFO - DAG(s) 'example_local_kubernetes_executor' retrieved from /home/airflow/.local/lib/python3.8/site-packages/airflow/example_dags/example_local_kubernetes_executor.py
[2025-10-08T16:30:27.604+0000] {logging_mixin.py:188} INFO - [2025-10-08T16:30:27.604+0000] {dag.py:3036} INFO - Sync 1 DAGs
[2025-10-08T16:30:27.630+0000] {logging_mixin.py:188} INFO - [2025-10-08T16:30:27.630+0000] {dag.py:3823} INFO - Setting next_dagrun for example_local_kubernetes_executor to None, run_after=None
[2025-10-08T16:30:27.732+0000] {processor.py:183} INFO - Processing /home/airflow/.local/lib/python3.8/site-packages/airflow/example_dags/example_local_kubernetes_executor.py took 0.236 seconds
[2025-10-08T16:30:58.412+0000] {processor.py:161} INFO - Started process (PID=4673) to work on /home/airflow/.local/lib/python3.8/site-packages/airflow/example_dags/example_local_kubernetes_executor.py
[2025-10-08T16:30:58.414+0000] {processor.py:830} INFO - Processing file /home/airflow/.local/lib/python3.8/site-packages/airflow/example_dags/example_local_kubernetes_executor.py for tasks to queue
[2025-10-08T16:30:58.415+0000] {logging_mixin.py:188} INFO - [2025-10-08T16:30:58.415+0000] {dagbag.py:538} INFO - Filling up the DagBag from /home/airflow/.local/lib/python3.8/site-packages/airflow/example_dags/example_local_kubernetes_executor.py
[2025-10-08T16:30:58.427+0000] {processor.py:840} INFO - DAG(s) 'example_local_kubernetes_executor' retrieved from /home/airflow/.local/lib/python3.8/site-packages/airflow/example_dags/example_local_kubernetes_executor.py
[2025-10-08T16:30:58.489+0000] {logging_mixin.py:188} INFO - [2025-10-08T16:30:58.489+0000] {dag.py:3036} INFO - Sync 1 DAGs
[2025-10-08T16:30:58.509+0000] {logging_mixin.py:188} INFO - [2025-10-08T16:30:58.509+0000] {dag.py:3823} INFO - Setting next_dagrun for example_local_kubernetes_executor to None, run_after=None
[2025-10-08T16:30:58.539+0000] {processor.py:183} INFO - Processing /home/airflow/.local/lib/python3.8/site-packages/airflow/example_dags/example_local_kubernetes_executor.py took 0.132 seconds
[2025-10-08T16:31:29.374+0000] {processor.py:161} INFO - Started process (PID=4733) to work on /home/airflow/.local/lib/python3.8/site-packages/airflow/example_dags/example_local_kubernetes_executor.py
[2025-10-08T16:31:29.375+0000] {processor.py:830} INFO - Processing file /home/airflow/.local/lib/python3.8/site-packages/airflow/example_dags/example_local_kubernetes_executor.py for tasks to queue
[2025-10-08T16:31:29.377+0000] {logging_mixin.py:188} INFO - [2025-10-08T16:31:29.377+0000] {dagbag.py:538} INFO - Filling up the DagBag from /home/airflow/.local/lib/python3.8/site-packages/airflow/example_dags/example_local_kubernetes_executor.py
[2025-10-08T16:31:29.388+0000] {processor.py:840} INFO - DAG(s) 'example_local_kubernetes_executor' retrieved from /home/airflow/.local/lib/python3.8/site-packages/airflow/example_dags/example_local_kubernetes_executor.py
[2025-10-08T16:31:29.447+0000] {logging_mixin.py:188} INFO - [2025-10-08T16:31:29.447+0000] {dag.py:3036} INFO - Sync 1 DAGs
[2025-10-08T16:31:29.466+0000] {logging_mixin.py:188} INFO - [2025-10-08T16:31:29.466+0000] {dag.py:3823} INFO - Setting next_dagrun for example_local_kubernetes_executor to None, run_after=None
[2025-10-08T16:31:29.527+0000] {processor.py:183} INFO - Processing /home/airflow/.local/lib/python3.8/site-packages/airflow/example_dags/example_local_kubernetes_executor.py took 0.158 seconds
[2025-10-08T16:32:00.175+0000] {processor.py:161} INFO - Started process (PID=4792) to work on /home/airflow/.local/lib/python3.8/site-packages/airflow/example_dags/example_local_kubernetes_executor.py
[2025-10-08T16:32:00.177+0000] {processor.py:830} INFO - Processing file /home/airflow/.local/lib/python3.8/site-packages/airflow/example_dags/example_local_kubernetes_executor.py for tasks to queue
[2025-10-08T16:32:00.180+0000] {logging_mixin.py:188} INFO - [2025-10-08T16:32:00.179+0000] {dagbag.py:538} INFO - Filling up the DagBag from /home/airflow/.local/lib/python3.8/site-packages/airflow/example_dags/example_local_kubernetes_executor.py
[2025-10-08T16:32:00.192+0000] {processor.py:840} INFO - DAG(s) 'example_local_kubernetes_executor' retrieved from /home/airflow/.local/lib/python3.8/site-packages/airflow/example_dags/example_local_kubernetes_executor.py
[2025-10-08T16:32:00.263+0000] {logging_mixin.py:188} INFO - [2025-10-08T16:32:00.262+0000] {dag.py:3036} INFO - Sync 1 DAGs
[2025-10-08T16:32:00.284+0000] {logging_mixin.py:188} INFO - [2025-10-08T16:32:00.284+0000] {dag.py:3823} INFO - Setting next_dagrun for example_local_kubernetes_executor to None, run_after=None
[2025-10-08T16:32:00.344+0000] {processor.py:183} INFO - Processing /home/airflow/.local/lib/python3.8/site-packages/airflow/example_dags/example_local_kubernetes_executor.py took 0.175 seconds
[2025-10-08T16:32:31.067+0000] {processor.py:161} INFO - Started process (PID=4853) to work on /home/airflow/.local/lib/python3.8/site-packages/airflow/example_dags/example_local_kubernetes_executor.py
[2025-10-08T16:32:31.069+0000] {processor.py:830} INFO - Processing file /home/airflow/.local/lib/python3.8/site-packages/airflow/example_dags/example_local_kubernetes_executor.py for tasks to queue
[2025-10-08T16:32:31.072+0000] {logging_mixin.py:188} INFO - [2025-10-08T16:32:31.071+0000] {dagbag.py:538} INFO - Filling up the DagBag from /home/airflow/.local/lib/python3.8/site-packages/airflow/example_dags/example_local_kubernetes_executor.py
[2025-10-08T16:32:31.082+0000] {processor.py:840} INFO - DAG(s) 'example_local_kubernetes_executor' retrieved from /home/airflow/.local/lib/python3.8/site-packages/airflow/example_dags/example_local_kubernetes_executor.py
[2025-10-08T16:32:31.143+0000] {logging_mixin.py:188} INFO - [2025-10-08T16:32:31.142+0000] {dag.py:3036} INFO - Sync 1 DAGs
[2025-10-08T16:32:31.159+0000] {logging_mixin.py:188} INFO - [2025-10-08T16:32:31.159+0000] {dag.py:3823} INFO - Setting next_dagrun for example_local_kubernetes_executor to None, run_after=None
[2025-10-08T16:32:31.205+0000] {processor.py:183} INFO - Processing /home/airflow/.local/lib/python3.8/site-packages/airflow/example_dags/example_local_kubernetes_executor.py took 0.146 seconds
[2025-10-08T16:33:01.692+0000] {processor.py:161} INFO - Started process (PID=4912) to work on /home/airflow/.local/lib/python3.8/site-packages/airflow/example_dags/example_local_kubernetes_executor.py
[2025-10-08T16:33:01.694+0000] {processor.py:830} INFO - Processing file /home/airflow/.local/lib/python3.8/site-packages/airflow/example_dags/example_local_kubernetes_executor.py for tasks to queue
[2025-10-08T16:33:01.697+0000] {logging_mixin.py:188} INFO - [2025-10-08T16:33:01.696+0000] {dagbag.py:538} INFO - Filling up the DagBag from /home/airflow/.local/lib/python3.8/site-packages/airflow/example_dags/example_local_kubernetes_executor.py
[2025-10-08T16:33:01.718+0000] {processor.py:840} INFO - DAG(s) 'example_local_kubernetes_executor' retrieved from /home/airflow/.local/lib/python3.8/site-packages/airflow/example_dags/example_local_kubernetes_executor.py
[2025-10-08T16:33:01.805+0000] {logging_mixin.py:188} INFO - [2025-10-08T16:33:01.804+0000] {dag.py:3036} INFO - Sync 1 DAGs
[2025-10-08T16:33:01.834+0000] {logging_mixin.py:188} INFO - [2025-10-08T16:33:01.834+0000] {dag.py:3823} INFO - Setting next_dagrun for example_local_kubernetes_executor to None, run_after=None
[2025-10-08T16:33:01.891+0000] {processor.py:183} INFO - Processing /home/airflow/.local/lib/python3.8/site-packages/airflow/example_dags/example_local_kubernetes_executor.py took 0.205 seconds
[2025-10-08T16:33:32.620+0000] {processor.py:161} INFO - Started process (PID=4972) to work on /home/airflow/.local/lib/python3.8/site-packages/airflow/example_dags/example_local_kubernetes_executor.py
[2025-10-08T16:33:32.622+0000] {processor.py:830} INFO - Processing file /home/airflow/.local/lib/python3.8/site-packages/airflow/example_dags/example_local_kubernetes_executor.py for tasks to queue
[2025-10-08T16:33:32.624+0000] {logging_mixin.py:188} INFO - [2025-10-08T16:33:32.623+0000] {dagbag.py:538} INFO - Filling up the DagBag from /home/airflow/.local/lib/python3.8/site-packages/airflow/example_dags/example_local_kubernetes_executor.py
[2025-10-08T16:33:32.635+0000] {processor.py:840} INFO - DAG(s) 'example_local_kubernetes_executor' retrieved from /home/airflow/.local/lib/python3.8/site-packages/airflow/example_dags/example_local_kubernetes_executor.py
[2025-10-08T16:33:32.699+0000] {logging_mixin.py:188} INFO - [2025-10-08T16:33:32.699+0000] {dag.py:3036} INFO - Sync 1 DAGs
[2025-10-08T16:33:32.720+0000] {logging_mixin.py:188} INFO - [2025-10-08T16:33:32.720+0000] {dag.py:3823} INFO - Setting next_dagrun for example_local_kubernetes_executor to None, run_after=None
[2025-10-08T16:33:32.753+0000] {processor.py:183} INFO - Processing /home/airflow/.local/lib/python3.8/site-packages/airflow/example_dags/example_local_kubernetes_executor.py took 0.138 seconds
[2025-10-08T16:34:03.422+0000] {processor.py:161} INFO - Started process (PID=5032) to work on /home/airflow/.local/lib/python3.8/site-packages/airflow/example_dags/example_local_kubernetes_executor.py
[2025-10-08T16:34:03.425+0000] {processor.py:830} INFO - Processing file /home/airflow/.local/lib/python3.8/site-packages/airflow/example_dags/example_local_kubernetes_executor.py for tasks to queue
[2025-10-08T16:34:03.429+0000] {logging_mixin.py:188} INFO - [2025-10-08T16:34:03.428+0000] {dagbag.py:538} INFO - Filling up the DagBag from /home/airflow/.local/lib/python3.8/site-packages/airflow/example_dags/example_local_kubernetes_executor.py
[2025-10-08T16:34:03.454+0000] {processor.py:840} INFO - DAG(s) 'example_local_kubernetes_executor' retrieved from /home/airflow/.local/lib/python3.8/site-packages/airflow/example_dags/example_local_kubernetes_executor.py
[2025-10-08T16:34:03.560+0000] {logging_mixin.py:188} INFO - [2025-10-08T16:34:03.559+0000] {dag.py:3036} INFO - Sync 1 DAGs
[2025-10-08T16:34:03.591+0000] {logging_mixin.py:188} INFO - [2025-10-08T16:34:03.591+0000] {dag.py:3823} INFO - Setting next_dagrun for example_local_kubernetes_executor to None, run_after=None
[2025-10-08T16:34:03.632+0000] {processor.py:183} INFO - Processing /home/airflow/.local/lib/python3.8/site-packages/airflow/example_dags/example_local_kubernetes_executor.py took 0.220 seconds
[2025-10-08T16:34:33.860+0000] {processor.py:161} INFO - Started process (PID=5092) to work on /home/airflow/.local/lib/python3.8/site-packages/airflow/example_dags/example_local_kubernetes_executor.py
[2025-10-08T16:34:33.862+0000] {processor.py:830} INFO - Processing file /home/airflow/.local/lib/python3.8/site-packages/airflow/example_dags/example_local_kubernetes_executor.py for tasks to queue
[2025-10-08T16:34:33.863+0000] {logging_mixin.py:188} INFO - [2025-10-08T16:34:33.863+0000] {dagbag.py:538} INFO - Filling up the DagBag from /home/airflow/.local/lib/python3.8/site-packages/airflow/example_dags/example_local_kubernetes_executor.py
[2025-10-08T16:34:33.874+0000] {processor.py:840} INFO - DAG(s) 'example_local_kubernetes_executor' retrieved from /home/airflow/.local/lib/python3.8/site-packages/airflow/example_dags/example_local_kubernetes_executor.py
[2025-10-08T16:34:33.929+0000] {logging_mixin.py:188} INFO - [2025-10-08T16:34:33.929+0000] {dag.py:3036} INFO - Sync 1 DAGs
[2025-10-08T16:34:33.945+0000] {logging_mixin.py:188} INFO - [2025-10-08T16:34:33.945+0000] {dag.py:3823} INFO - Setting next_dagrun for example_local_kubernetes_executor to None, run_after=None
[2025-10-08T16:34:33.976+0000] {processor.py:183} INFO - Processing /home/airflow/.local/lib/python3.8/site-packages/airflow/example_dags/example_local_kubernetes_executor.py took 0.121 seconds
[2025-10-08T16:35:04.564+0000] {processor.py:161} INFO - Started process (PID=5152) to work on /home/airflow/.local/lib/python3.8/site-packages/airflow/example_dags/example_local_kubernetes_executor.py
[2025-10-08T16:35:04.566+0000] {processor.py:830} INFO - Processing file /home/airflow/.local/lib/python3.8/site-packages/airflow/example_dags/example_local_kubernetes_executor.py for tasks to queue
[2025-10-08T16:35:04.568+0000] {logging_mixin.py:188} INFO - [2025-10-08T16:35:04.567+0000] {dagbag.py:538} INFO - Filling up the DagBag from /home/airflow/.local/lib/python3.8/site-packages/airflow/example_dags/example_local_kubernetes_executor.py
[2025-10-08T16:35:04.579+0000] {processor.py:840} INFO - DAG(s) 'example_local_kubernetes_executor' retrieved from /home/airflow/.local/lib/python3.8/site-packages/airflow/example_dags/example_local_kubernetes_executor.py
[2025-10-08T16:35:04.663+0000] {logging_mixin.py:188} INFO - [2025-10-08T16:35:04.663+0000] {dag.py:3036} INFO - Sync 1 DAGs
[2025-10-08T16:35:04.688+0000] {logging_mixin.py:188} INFO - [2025-10-08T16:35:04.687+0000] {dag.py:3823} INFO - Setting next_dagrun for example_local_kubernetes_executor to None, run_after=None
[2025-10-08T16:35:04.738+0000] {processor.py:183} INFO - Processing /home/airflow/.local/lib/python3.8/site-packages/airflow/example_dags/example_local_kubernetes_executor.py took 0.178 seconds
[2025-10-08T16:35:35.279+0000] {processor.py:161} INFO - Started process (PID=5212) to work on /home/airflow/.local/lib/python3.8/site-packages/airflow/example_dags/example_local_kubernetes_executor.py
[2025-10-08T16:35:35.281+0000] {processor.py:830} INFO - Processing file /home/airflow/.local/lib/python3.8/site-packages/airflow/example_dags/example_local_kubernetes_executor.py for tasks to queue
[2025-10-08T16:35:35.283+0000] {logging_mixin.py:188} INFO - [2025-10-08T16:35:35.283+0000] {dagbag.py:538} INFO - Filling up the DagBag from /home/airflow/.local/lib/python3.8/site-packages/airflow/example_dags/example_local_kubernetes_executor.py
[2025-10-08T16:35:35.294+0000] {processor.py:840} INFO - DAG(s) 'example_local_kubernetes_executor' retrieved from /home/airflow/.local/lib/python3.8/site-packages/airflow/example_dags/example_local_kubernetes_executor.py
[2025-10-08T16:35:35.351+0000] {logging_mixin.py:188} INFO - [2025-10-08T16:35:35.351+0000] {dag.py:3036} INFO - Sync 1 DAGs
[2025-10-08T16:35:35.369+0000] {logging_mixin.py:188} INFO - [2025-10-08T16:35:35.368+0000] {dag.py:3823} INFO - Setting next_dagrun for example_local_kubernetes_executor to None, run_after=None
[2025-10-08T16:35:35.397+0000] {processor.py:183} INFO - Processing /home/airflow/.local/lib/python3.8/site-packages/airflow/example_dags/example_local_kubernetes_executor.py took 0.122 seconds
[2025-10-08T16:36:05.761+0000] {processor.py:161} INFO - Started process (PID=5273) to work on /home/airflow/.local/lib/python3.8/site-packages/airflow/example_dags/example_local_kubernetes_executor.py
[2025-10-08T16:36:05.767+0000] {processor.py:830} INFO - Processing file /home/airflow/.local/lib/python3.8/site-packages/airflow/example_dags/example_local_kubernetes_executor.py for tasks to queue
[2025-10-08T16:36:05.773+0000] {logging_mixin.py:188} INFO - [2025-10-08T16:36:05.771+0000] {dagbag.py:538} INFO - Filling up the DagBag from /home/airflow/.local/lib/python3.8/site-packages/airflow/example_dags/example_local_kubernetes_executor.py
[2025-10-08T16:36:05.812+0000] {processor.py:840} INFO - DAG(s) 'example_local_kubernetes_executor' retrieved from /home/airflow/.local/lib/python3.8/site-packages/airflow/example_dags/example_local_kubernetes_executor.py
[2025-10-08T16:36:05.962+0000] {logging_mixin.py:188} INFO - [2025-10-08T16:36:05.961+0000] {dag.py:3036} INFO - Sync 1 DAGs
[2025-10-08T16:36:05.988+0000] {logging_mixin.py:188} INFO - [2025-10-08T16:36:05.987+0000] {dag.py:3823} INFO - Setting next_dagrun for example_local_kubernetes_executor to None, run_after=None
[2025-10-08T16:36:06.028+0000] {processor.py:183} INFO - Processing /home/airflow/.local/lib/python3.8/site-packages/airflow/example_dags/example_local_kubernetes_executor.py took 0.288 seconds
[2025-10-08T16:36:36.588+0000] {processor.py:161} INFO - Started process (PID=5333) to work on /home/airflow/.local/lib/python3.8/site-packages/airflow/example_dags/example_local_kubernetes_executor.py
[2025-10-08T16:36:36.591+0000] {processor.py:830} INFO - Processing file /home/airflow/.local/lib/python3.8/site-packages/airflow/example_dags/example_local_kubernetes_executor.py for tasks to queue
[2025-10-08T16:36:36.592+0000] {logging_mixin.py:188} INFO - [2025-10-08T16:36:36.592+0000] {dagbag.py:538} INFO - Filling up the DagBag from /home/airflow/.local/lib/python3.8/site-packages/airflow/example_dags/example_local_kubernetes_executor.py
[2025-10-08T16:36:36.605+0000] {processor.py:840} INFO - DAG(s) 'example_local_kubernetes_executor' retrieved from /home/airflow/.local/lib/python3.8/site-packages/airflow/example_dags/example_local_kubernetes_executor.py
[2025-10-08T16:36:36.675+0000] {logging_mixin.py:188} INFO - [2025-10-08T16:36:36.674+0000] {dag.py:3036} INFO - Sync 1 DAGs
[2025-10-08T16:36:36.700+0000] {logging_mixin.py:188} INFO - [2025-10-08T16:36:36.700+0000] {dag.py:3823} INFO - Setting next_dagrun for example_local_kubernetes_executor to None, run_after=None
[2025-10-08T16:36:36.743+0000] {processor.py:183} INFO - Processing /home/airflow/.local/lib/python3.8/site-packages/airflow/example_dags/example_local_kubernetes_executor.py took 0.159 seconds
[2025-10-08T16:37:07.078+0000] {processor.py:161} INFO - Started process (PID=5393) to work on /home/airflow/.local/lib/python3.8/site-packages/airflow/example_dags/example_local_kubernetes_executor.py
[2025-10-08T16:37:07.080+0000] {processor.py:830} INFO - Processing file /home/airflow/.local/lib/python3.8/site-packages/airflow/example_dags/example_local_kubernetes_executor.py for tasks to queue
[2025-10-08T16:37:07.083+0000] {logging_mixin.py:188} INFO - [2025-10-08T16:37:07.082+0000] {dagbag.py:538} INFO - Filling up the DagBag from /home/airflow/.local/lib/python3.8/site-packages/airflow/example_dags/example_local_kubernetes_executor.py
[2025-10-08T16:37:07.098+0000] {processor.py:840} INFO - DAG(s) 'example_local_kubernetes_executor' retrieved from /home/airflow/.local/lib/python3.8/site-packages/airflow/example_dags/example_local_kubernetes_executor.py
[2025-10-08T16:37:07.182+0000] {logging_mixin.py:188} INFO - [2025-10-08T16:37:07.181+0000] {dag.py:3036} INFO - Sync 1 DAGs
[2025-10-08T16:37:07.206+0000] {logging_mixin.py:188} INFO - [2025-10-08T16:37:07.206+0000] {dag.py:3823} INFO - Setting next_dagrun for example_local_kubernetes_executor to None, run_after=None
[2025-10-08T16:37:07.253+0000] {processor.py:183} INFO - Processing /home/airflow/.local/lib/python3.8/site-packages/airflow/example_dags/example_local_kubernetes_executor.py took 0.183 seconds
[2025-10-08T16:37:38.243+0000] {processor.py:161} INFO - Started process (PID=5453) to work on /home/airflow/.local/lib/python3.8/site-packages/airflow/example_dags/example_local_kubernetes_executor.py
[2025-10-08T16:37:38.244+0000] {processor.py:830} INFO - Processing file /home/airflow/.local/lib/python3.8/site-packages/airflow/example_dags/example_local_kubernetes_executor.py for tasks to queue
[2025-10-08T16:37:38.246+0000] {logging_mixin.py:188} INFO - [2025-10-08T16:37:38.246+0000] {dagbag.py:538} INFO - Filling up the DagBag from /home/airflow/.local/lib/python3.8/site-packages/airflow/example_dags/example_local_kubernetes_executor.py
[2025-10-08T16:37:38.256+0000] {processor.py:840} INFO - DAG(s) 'example_local_kubernetes_executor' retrieved from /home/airflow/.local/lib/python3.8/site-packages/airflow/example_dags/example_local_kubernetes_executor.py
[2025-10-08T16:37:38.322+0000] {logging_mixin.py:188} INFO - [2025-10-08T16:37:38.322+0000] {dag.py:3036} INFO - Sync 1 DAGs
[2025-10-08T16:37:38.339+0000] {logging_mixin.py:188} INFO - [2025-10-08T16:37:38.338+0000] {dag.py:3823} INFO - Setting next_dagrun for example_local_kubernetes_executor to None, run_after=None
[2025-10-08T16:37:38.367+0000] {processor.py:183} INFO - Processing /home/airflow/.local/lib/python3.8/site-packages/airflow/example_dags/example_local_kubernetes_executor.py took 0.129 seconds
[2025-10-08T16:38:09.094+0000] {processor.py:161} INFO - Started process (PID=5513) to work on /home/airflow/.local/lib/python3.8/site-packages/airflow/example_dags/example_local_kubernetes_executor.py
[2025-10-08T16:38:09.095+0000] {processor.py:830} INFO - Processing file /home/airflow/.local/lib/python3.8/site-packages/airflow/example_dags/example_local_kubernetes_executor.py for tasks to queue
[2025-10-08T16:38:09.097+0000] {logging_mixin.py:188} INFO - [2025-10-08T16:38:09.096+0000] {dagbag.py:538} INFO - Filling up the DagBag from /home/airflow/.local/lib/python3.8/site-packages/airflow/example_dags/example_local_kubernetes_executor.py
[2025-10-08T16:38:09.106+0000] {processor.py:840} INFO - DAG(s) 'example_local_kubernetes_executor' retrieved from /home/airflow/.local/lib/python3.8/site-packages/airflow/example_dags/example_local_kubernetes_executor.py
[2025-10-08T16:38:09.172+0000] {logging_mixin.py:188} INFO - [2025-10-08T16:38:09.171+0000] {dag.py:3036} INFO - Sync 1 DAGs
[2025-10-08T16:38:09.196+0000] {logging_mixin.py:188} INFO - [2025-10-08T16:38:09.195+0000] {dag.py:3823} INFO - Setting next_dagrun for example_local_kubernetes_executor to None, run_after=None
[2025-10-08T16:38:09.234+0000] {processor.py:183} INFO - Processing /home/airflow/.local/lib/python3.8/site-packages/airflow/example_dags/example_local_kubernetes_executor.py took 0.146 seconds
[2025-10-08T16:38:39.566+0000] {processor.py:161} INFO - Started process (PID=5573) to work on /home/airflow/.local/lib/python3.8/site-packages/airflow/example_dags/example_local_kubernetes_executor.py
[2025-10-08T16:38:39.568+0000] {processor.py:830} INFO - Processing file /home/airflow/.local/lib/python3.8/site-packages/airflow/example_dags/example_local_kubernetes_executor.py for tasks to queue
[2025-10-08T16:38:39.570+0000] {logging_mixin.py:188} INFO - [2025-10-08T16:38:39.570+0000] {dagbag.py:538} INFO - Filling up the DagBag from /home/airflow/.local/lib/python3.8/site-packages/airflow/example_dags/example_local_kubernetes_executor.py
[2025-10-08T16:38:39.580+0000] {processor.py:840} INFO - DAG(s) 'example_local_kubernetes_executor' retrieved from /home/airflow/.local/lib/python3.8/site-packages/airflow/example_dags/example_local_kubernetes_executor.py
[2025-10-08T16:38:39.636+0000] {logging_mixin.py:188} INFO - [2025-10-08T16:38:39.636+0000] {dag.py:3036} INFO - Sync 1 DAGs
[2025-10-08T16:38:39.656+0000] {logging_mixin.py:188} INFO - [2025-10-08T16:38:39.656+0000] {dag.py:3823} INFO - Setting next_dagrun for example_local_kubernetes_executor to None, run_after=None
[2025-10-08T16:38:39.703+0000] {processor.py:183} INFO - Processing /home/airflow/.local/lib/python3.8/site-packages/airflow/example_dags/example_local_kubernetes_executor.py took 0.141 seconds
[2025-10-08T16:39:10.390+0000] {processor.py:161} INFO - Started process (PID=5633) to work on /home/airflow/.local/lib/python3.8/site-packages/airflow/example_dags/example_local_kubernetes_executor.py
[2025-10-08T16:39:10.392+0000] {processor.py:830} INFO - Processing file /home/airflow/.local/lib/python3.8/site-packages/airflow/example_dags/example_local_kubernetes_executor.py for tasks to queue
[2025-10-08T16:39:10.394+0000] {logging_mixin.py:188} INFO - [2025-10-08T16:39:10.393+0000] {dagbag.py:538} INFO - Filling up the DagBag from /home/airflow/.local/lib/python3.8/site-packages/airflow/example_dags/example_local_kubernetes_executor.py
[2025-10-08T16:39:10.404+0000] {processor.py:840} INFO - DAG(s) 'example_local_kubernetes_executor' retrieved from /home/airflow/.local/lib/python3.8/site-packages/airflow/example_dags/example_local_kubernetes_executor.py
[2025-10-08T16:39:10.466+0000] {logging_mixin.py:188} INFO - [2025-10-08T16:39:10.466+0000] {dag.py:3036} INFO - Sync 1 DAGs
[2025-10-08T16:39:10.484+0000] {logging_mixin.py:188} INFO - [2025-10-08T16:39:10.483+0000] {dag.py:3823} INFO - Setting next_dagrun for example_local_kubernetes_executor to None, run_after=None
[2025-10-08T16:39:10.546+0000] {processor.py:183} INFO - Processing /home/airflow/.local/lib/python3.8/site-packages/airflow/example_dags/example_local_kubernetes_executor.py took 0.160 seconds
[2025-10-08T16:39:40.684+0000] {processor.py:161} INFO - Started process (PID=5693) to work on /home/airflow/.local/lib/python3.8/site-packages/airflow/example_dags/example_local_kubernetes_executor.py
[2025-10-08T16:39:40.691+0000] {processor.py:830} INFO - Processing file /home/airflow/.local/lib/python3.8/site-packages/airflow/example_dags/example_local_kubernetes_executor.py for tasks to queue
[2025-10-08T16:39:40.711+0000] {logging_mixin.py:188} INFO - [2025-10-08T16:39:40.710+0000] {dagbag.py:538} INFO - Filling up the DagBag from /home/airflow/.local/lib/python3.8/site-packages/airflow/example_dags/example_local_kubernetes_executor.py
[2025-10-08T16:39:40.757+0000] {processor.py:840} INFO - DAG(s) 'example_local_kubernetes_executor' retrieved from /home/airflow/.local/lib/python3.8/site-packages/airflow/example_dags/example_local_kubernetes_executor.py
[2025-10-08T16:39:40.879+0000] {logging_mixin.py:188} INFO - [2025-10-08T16:39:40.879+0000] {dag.py:3036} INFO - Sync 1 DAGs
[2025-10-08T16:39:40.900+0000] {logging_mixin.py:188} INFO - [2025-10-08T16:39:40.899+0000] {dag.py:3823} INFO - Setting next_dagrun for example_local_kubernetes_executor to None, run_after=None
[2025-10-08T16:39:40.951+0000] {processor.py:183} INFO - Processing /home/airflow/.local/lib/python3.8/site-packages/airflow/example_dags/example_local_kubernetes_executor.py took 0.282 seconds
[2025-10-08T16:40:11.799+0000] {processor.py:161} INFO - Started process (PID=5754) to work on /home/airflow/.local/lib/python3.8/site-packages/airflow/example_dags/example_local_kubernetes_executor.py
[2025-10-08T16:40:11.801+0000] {processor.py:830} INFO - Processing file /home/airflow/.local/lib/python3.8/site-packages/airflow/example_dags/example_local_kubernetes_executor.py for tasks to queue
[2025-10-08T16:40:11.803+0000] {logging_mixin.py:188} INFO - [2025-10-08T16:40:11.802+0000] {dagbag.py:538} INFO - Filling up the DagBag from /home/airflow/.local/lib/python3.8/site-packages/airflow/example_dags/example_local_kubernetes_executor.py
[2025-10-08T16:40:11.814+0000] {processor.py:840} INFO - DAG(s) 'example_local_kubernetes_executor' retrieved from /home/airflow/.local/lib/python3.8/site-packages/airflow/example_dags/example_local_kubernetes_executor.py
[2025-10-08T16:40:11.880+0000] {logging_mixin.py:188} INFO - [2025-10-08T16:40:11.879+0000] {dag.py:3036} INFO - Sync 1 DAGs
[2025-10-08T16:40:11.901+0000] {logging_mixin.py:188} INFO - [2025-10-08T16:40:11.900+0000] {dag.py:3823} INFO - Setting next_dagrun for example_local_kubernetes_executor to None, run_after=None
[2025-10-08T16:40:11.963+0000] {processor.py:183} INFO - Processing /home/airflow/.local/lib/python3.8/site-packages/airflow/example_dags/example_local_kubernetes_executor.py took 0.170 seconds
[2025-10-08T16:42:40.764+0000] {processor.py:161} INFO - Started process (PID=87) to work on /home/airflow/.local/lib/python3.8/site-packages/airflow/example_dags/example_local_kubernetes_executor.py
[2025-10-08T16:42:40.766+0000] {processor.py:830} INFO - Processing file /home/airflow/.local/lib/python3.8/site-packages/airflow/example_dags/example_local_kubernetes_executor.py for tasks to queue
[2025-10-08T16:42:40.770+0000] {logging_mixin.py:188} INFO - [2025-10-08T16:42:40.769+0000] {dagbag.py:538} INFO - Filling up the DagBag from /home/airflow/.local/lib/python3.8/site-packages/airflow/example_dags/example_local_kubernetes_executor.py
[2025-10-08T16:42:40.785+0000] {processor.py:840} INFO - DAG(s) 'example_local_kubernetes_executor' retrieved from /home/airflow/.local/lib/python3.8/site-packages/airflow/example_dags/example_local_kubernetes_executor.py
[2025-10-08T16:42:41.034+0000] {logging_mixin.py:188} INFO - [2025-10-08T16:42:41.034+0000] {dag.py:3036} INFO - Sync 1 DAGs
[2025-10-08T16:42:41.055+0000] {logging_mixin.py:188} INFO - [2025-10-08T16:42:41.054+0000] {dag.py:3823} INFO - Setting next_dagrun for example_local_kubernetes_executor to None, run_after=None
[2025-10-08T16:42:41.180+0000] {processor.py:183} INFO - Processing /home/airflow/.local/lib/python3.8/site-packages/airflow/example_dags/example_local_kubernetes_executor.py took 0.425 seconds
[2025-10-08T16:43:18.392+0000] {processor.py:161} INFO - Started process (PID=79) to work on /home/airflow/.local/lib/python3.8/site-packages/airflow/example_dags/example_local_kubernetes_executor.py
[2025-10-08T16:43:18.393+0000] {processor.py:830} INFO - Processing file /home/airflow/.local/lib/python3.8/site-packages/airflow/example_dags/example_local_kubernetes_executor.py for tasks to queue
[2025-10-08T16:43:18.396+0000] {logging_mixin.py:188} INFO - [2025-10-08T16:43:18.396+0000] {dagbag.py:538} INFO - Filling up the DagBag from /home/airflow/.local/lib/python3.8/site-packages/airflow/example_dags/example_local_kubernetes_executor.py
[2025-10-08T16:43:18.408+0000] {processor.py:840} INFO - DAG(s) 'example_local_kubernetes_executor' retrieved from /home/airflow/.local/lib/python3.8/site-packages/airflow/example_dags/example_local_kubernetes_executor.py
[2025-10-08T16:43:18.470+0000] {logging_mixin.py:188} INFO - [2025-10-08T16:43:18.470+0000] {dag.py:3036} INFO - Sync 1 DAGs
[2025-10-08T16:43:18.488+0000] {logging_mixin.py:188} INFO - [2025-10-08T16:43:18.487+0000] {dag.py:3823} INFO - Setting next_dagrun for example_local_kubernetes_executor to None, run_after=None
[2025-10-08T16:43:18.515+0000] {processor.py:183} INFO - Processing /home/airflow/.local/lib/python3.8/site-packages/airflow/example_dags/example_local_kubernetes_executor.py took 0.130 seconds
[2025-10-08T16:43:49.347+0000] {processor.py:161} INFO - Started process (PID=139) to work on /home/airflow/.local/lib/python3.8/site-packages/airflow/example_dags/example_local_kubernetes_executor.py
[2025-10-08T16:43:49.350+0000] {processor.py:830} INFO - Processing file /home/airflow/.local/lib/python3.8/site-packages/airflow/example_dags/example_local_kubernetes_executor.py for tasks to queue
[2025-10-08T16:43:49.356+0000] {logging_mixin.py:188} INFO - [2025-10-08T16:43:49.355+0000] {dagbag.py:538} INFO - Filling up the DagBag from /home/airflow/.local/lib/python3.8/site-packages/airflow/example_dags/example_local_kubernetes_executor.py
[2025-10-08T16:43:49.373+0000] {processor.py:840} INFO - DAG(s) 'example_local_kubernetes_executor' retrieved from /home/airflow/.local/lib/python3.8/site-packages/airflow/example_dags/example_local_kubernetes_executor.py
[2025-10-08T16:43:49.435+0000] {logging_mixin.py:188} INFO - [2025-10-08T16:43:49.435+0000] {dag.py:3036} INFO - Sync 1 DAGs
[2025-10-08T16:43:49.461+0000] {logging_mixin.py:188} INFO - [2025-10-08T16:43:49.461+0000] {dag.py:3823} INFO - Setting next_dagrun for example_local_kubernetes_executor to None, run_after=None
[2025-10-08T16:43:49.506+0000] {processor.py:183} INFO - Processing /home/airflow/.local/lib/python3.8/site-packages/airflow/example_dags/example_local_kubernetes_executor.py took 0.168 seconds
[2025-10-08T16:44:21.049+0000] {processor.py:161} INFO - Started process (PID=199) to work on /home/airflow/.local/lib/python3.8/site-packages/airflow/example_dags/example_local_kubernetes_executor.py
[2025-10-08T16:44:21.051+0000] {processor.py:830} INFO - Processing file /home/airflow/.local/lib/python3.8/site-packages/airflow/example_dags/example_local_kubernetes_executor.py for tasks to queue
[2025-10-08T16:44:21.055+0000] {logging_mixin.py:188} INFO - [2025-10-08T16:44:21.054+0000] {dagbag.py:538} INFO - Filling up the DagBag from /home/airflow/.local/lib/python3.8/site-packages/airflow/example_dags/example_local_kubernetes_executor.py
[2025-10-08T16:44:21.066+0000] {processor.py:840} INFO - DAG(s) 'example_local_kubernetes_executor' retrieved from /home/airflow/.local/lib/python3.8/site-packages/airflow/example_dags/example_local_kubernetes_executor.py
[2025-10-08T16:44:21.135+0000] {logging_mixin.py:188} INFO - [2025-10-08T16:44:21.135+0000] {dag.py:3036} INFO - Sync 1 DAGs
[2025-10-08T16:44:21.166+0000] {logging_mixin.py:188} INFO - [2025-10-08T16:44:21.165+0000] {dag.py:3823} INFO - Setting next_dagrun for example_local_kubernetes_executor to None, run_after=None
[2025-10-08T16:44:21.213+0000] {processor.py:183} INFO - Processing /home/airflow/.local/lib/python3.8/site-packages/airflow/example_dags/example_local_kubernetes_executor.py took 0.169 seconds
[2025-10-08T16:44:52.006+0000] {processor.py:161} INFO - Started process (PID=265) to work on /home/airflow/.local/lib/python3.8/site-packages/airflow/example_dags/example_local_kubernetes_executor.py
[2025-10-08T16:44:52.009+0000] {processor.py:830} INFO - Processing file /home/airflow/.local/lib/python3.8/site-packages/airflow/example_dags/example_local_kubernetes_executor.py for tasks to queue
[2025-10-08T16:44:52.013+0000] {logging_mixin.py:188} INFO - [2025-10-08T16:44:52.013+0000] {dagbag.py:538} INFO - Filling up the DagBag from /home/airflow/.local/lib/python3.8/site-packages/airflow/example_dags/example_local_kubernetes_executor.py
[2025-10-08T16:44:52.031+0000] {processor.py:840} INFO - DAG(s) 'example_local_kubernetes_executor' retrieved from /home/airflow/.local/lib/python3.8/site-packages/airflow/example_dags/example_local_kubernetes_executor.py
[2025-10-08T16:44:52.123+0000] {logging_mixin.py:188} INFO - [2025-10-08T16:44:52.123+0000] {dag.py:3036} INFO - Sync 1 DAGs
[2025-10-08T16:44:52.155+0000] {logging_mixin.py:188} INFO - [2025-10-08T16:44:52.155+0000] {dag.py:3823} INFO - Setting next_dagrun for example_local_kubernetes_executor to None, run_after=None
[2025-10-08T16:44:52.222+0000] {processor.py:183} INFO - Processing /home/airflow/.local/lib/python3.8/site-packages/airflow/example_dags/example_local_kubernetes_executor.py took 0.223 seconds
[2025-10-08T16:45:22.984+0000] {processor.py:161} INFO - Started process (PID=324) to work on /home/airflow/.local/lib/python3.8/site-packages/airflow/example_dags/example_local_kubernetes_executor.py
[2025-10-08T16:45:22.986+0000] {processor.py:830} INFO - Processing file /home/airflow/.local/lib/python3.8/site-packages/airflow/example_dags/example_local_kubernetes_executor.py for tasks to queue
[2025-10-08T16:45:22.990+0000] {logging_mixin.py:188} INFO - [2025-10-08T16:45:22.989+0000] {dagbag.py:538} INFO - Filling up the DagBag from /home/airflow/.local/lib/python3.8/site-packages/airflow/example_dags/example_local_kubernetes_executor.py
[2025-10-08T16:45:23.004+0000] {processor.py:840} INFO - DAG(s) 'example_local_kubernetes_executor' retrieved from /home/airflow/.local/lib/python3.8/site-packages/airflow/example_dags/example_local_kubernetes_executor.py
[2025-10-08T16:45:23.057+0000] {logging_mixin.py:188} INFO - [2025-10-08T16:45:23.057+0000] {dag.py:3036} INFO - Sync 1 DAGs
[2025-10-08T16:45:23.073+0000] {logging_mixin.py:188} INFO - [2025-10-08T16:45:23.073+0000] {dag.py:3823} INFO - Setting next_dagrun for example_local_kubernetes_executor to None, run_after=None
[2025-10-08T16:45:23.127+0000] {processor.py:183} INFO - Processing /home/airflow/.local/lib/python3.8/site-packages/airflow/example_dags/example_local_kubernetes_executor.py took 0.150 seconds
[2025-10-08T16:45:53.874+0000] {processor.py:161} INFO - Started process (PID=384) to work on /home/airflow/.local/lib/python3.8/site-packages/airflow/example_dags/example_local_kubernetes_executor.py
[2025-10-08T16:45:53.876+0000] {processor.py:830} INFO - Processing file /home/airflow/.local/lib/python3.8/site-packages/airflow/example_dags/example_local_kubernetes_executor.py for tasks to queue
[2025-10-08T16:45:53.879+0000] {logging_mixin.py:188} INFO - [2025-10-08T16:45:53.878+0000] {dagbag.py:538} INFO - Filling up the DagBag from /home/airflow/.local/lib/python3.8/site-packages/airflow/example_dags/example_local_kubernetes_executor.py
[2025-10-08T16:45:53.890+0000] {processor.py:840} INFO - DAG(s) 'example_local_kubernetes_executor' retrieved from /home/airflow/.local/lib/python3.8/site-packages/airflow/example_dags/example_local_kubernetes_executor.py
[2025-10-08T16:45:53.959+0000] {logging_mixin.py:188} INFO - [2025-10-08T16:45:53.959+0000] {dag.py:3036} INFO - Sync 1 DAGs
[2025-10-08T16:45:53.979+0000] {logging_mixin.py:188} INFO - [2025-10-08T16:45:53.979+0000] {dag.py:3823} INFO - Setting next_dagrun for example_local_kubernetes_executor to None, run_after=None
[2025-10-08T16:45:54.036+0000] {processor.py:183} INFO - Processing /home/airflow/.local/lib/python3.8/site-packages/airflow/example_dags/example_local_kubernetes_executor.py took 0.166 seconds
[2025-10-08T16:46:24.879+0000] {processor.py:161} INFO - Started process (PID=444) to work on /home/airflow/.local/lib/python3.8/site-packages/airflow/example_dags/example_local_kubernetes_executor.py
[2025-10-08T16:46:24.881+0000] {processor.py:830} INFO - Processing file /home/airflow/.local/lib/python3.8/site-packages/airflow/example_dags/example_local_kubernetes_executor.py for tasks to queue
[2025-10-08T16:46:24.886+0000] {logging_mixin.py:188} INFO - [2025-10-08T16:46:24.885+0000] {dagbag.py:538} INFO - Filling up the DagBag from /home/airflow/.local/lib/python3.8/site-packages/airflow/example_dags/example_local_kubernetes_executor.py
[2025-10-08T16:46:24.902+0000] {processor.py:840} INFO - DAG(s) 'example_local_kubernetes_executor' retrieved from /home/airflow/.local/lib/python3.8/site-packages/airflow/example_dags/example_local_kubernetes_executor.py
[2025-10-08T16:46:24.960+0000] {logging_mixin.py:188} INFO - [2025-10-08T16:46:24.959+0000] {dag.py:3036} INFO - Sync 1 DAGs
[2025-10-08T16:46:24.980+0000] {logging_mixin.py:188} INFO - [2025-10-08T16:46:24.980+0000] {dag.py:3823} INFO - Setting next_dagrun for example_local_kubernetes_executor to None, run_after=None
[2025-10-08T16:46:25.006+0000] {processor.py:183} INFO - Processing /home/airflow/.local/lib/python3.8/site-packages/airflow/example_dags/example_local_kubernetes_executor.py took 0.134 seconds
[2025-10-08T16:46:55.820+0000] {processor.py:161} INFO - Started process (PID=504) to work on /home/airflow/.local/lib/python3.8/site-packages/airflow/example_dags/example_local_kubernetes_executor.py
[2025-10-08T16:46:55.823+0000] {processor.py:830} INFO - Processing file /home/airflow/.local/lib/python3.8/site-packages/airflow/example_dags/example_local_kubernetes_executor.py for tasks to queue
[2025-10-08T16:46:55.825+0000] {logging_mixin.py:188} INFO - [2025-10-08T16:46:55.825+0000] {dagbag.py:538} INFO - Filling up the DagBag from /home/airflow/.local/lib/python3.8/site-packages/airflow/example_dags/example_local_kubernetes_executor.py
[2025-10-08T16:46:55.835+0000] {processor.py:840} INFO - DAG(s) 'example_local_kubernetes_executor' retrieved from /home/airflow/.local/lib/python3.8/site-packages/airflow/example_dags/example_local_kubernetes_executor.py
[2025-10-08T16:46:55.892+0000] {logging_mixin.py:188} INFO - [2025-10-08T16:46:55.892+0000] {dag.py:3036} INFO - Sync 1 DAGs
[2025-10-08T16:46:55.911+0000] {logging_mixin.py:188} INFO - [2025-10-08T16:46:55.910+0000] {dag.py:3823} INFO - Setting next_dagrun for example_local_kubernetes_executor to None, run_after=None
[2025-10-08T16:46:55.962+0000] {processor.py:183} INFO - Processing /home/airflow/.local/lib/python3.8/site-packages/airflow/example_dags/example_local_kubernetes_executor.py took 0.146 seconds
[2025-10-08T16:47:27.416+0000] {processor.py:161} INFO - Started process (PID=564) to work on /home/airflow/.local/lib/python3.8/site-packages/airflow/example_dags/example_local_kubernetes_executor.py
[2025-10-08T16:47:27.418+0000] {processor.py:830} INFO - Processing file /home/airflow/.local/lib/python3.8/site-packages/airflow/example_dags/example_local_kubernetes_executor.py for tasks to queue
[2025-10-08T16:47:27.421+0000] {logging_mixin.py:188} INFO - [2025-10-08T16:47:27.420+0000] {dagbag.py:538} INFO - Filling up the DagBag from /home/airflow/.local/lib/python3.8/site-packages/airflow/example_dags/example_local_kubernetes_executor.py
[2025-10-08T16:47:27.433+0000] {processor.py:840} INFO - DAG(s) 'example_local_kubernetes_executor' retrieved from /home/airflow/.local/lib/python3.8/site-packages/airflow/example_dags/example_local_kubernetes_executor.py
[2025-10-08T16:47:27.496+0000] {logging_mixin.py:188} INFO - [2025-10-08T16:47:27.495+0000] {dag.py:3036} INFO - Sync 1 DAGs
[2025-10-08T16:47:27.522+0000] {logging_mixin.py:188} INFO - [2025-10-08T16:47:27.521+0000] {dag.py:3823} INFO - Setting next_dagrun for example_local_kubernetes_executor to None, run_after=None
[2025-10-08T16:47:27.570+0000] {processor.py:183} INFO - Processing /home/airflow/.local/lib/python3.8/site-packages/airflow/example_dags/example_local_kubernetes_executor.py took 0.161 seconds
[2025-10-08T16:47:58.136+0000] {processor.py:161} INFO - Started process (PID=624) to work on /home/airflow/.local/lib/python3.8/site-packages/airflow/example_dags/example_local_kubernetes_executor.py
[2025-10-08T16:47:58.138+0000] {processor.py:830} INFO - Processing file /home/airflow/.local/lib/python3.8/site-packages/airflow/example_dags/example_local_kubernetes_executor.py for tasks to queue
[2025-10-08T16:47:58.141+0000] {logging_mixin.py:188} INFO - [2025-10-08T16:47:58.140+0000] {dagbag.py:538} INFO - Filling up the DagBag from /home/airflow/.local/lib/python3.8/site-packages/airflow/example_dags/example_local_kubernetes_executor.py
[2025-10-08T16:47:58.152+0000] {processor.py:840} INFO - DAG(s) 'example_local_kubernetes_executor' retrieved from /home/airflow/.local/lib/python3.8/site-packages/airflow/example_dags/example_local_kubernetes_executor.py
[2025-10-08T16:47:58.213+0000] {logging_mixin.py:188} INFO - [2025-10-08T16:47:58.213+0000] {dag.py:3036} INFO - Sync 1 DAGs
[2025-10-08T16:47:58.231+0000] {logging_mixin.py:188} INFO - [2025-10-08T16:47:58.230+0000] {dag.py:3823} INFO - Setting next_dagrun for example_local_kubernetes_executor to None, run_after=None
[2025-10-08T16:47:58.284+0000] {processor.py:183} INFO - Processing /home/airflow/.local/lib/python3.8/site-packages/airflow/example_dags/example_local_kubernetes_executor.py took 0.152 seconds
[2025-10-08T16:48:30.177+0000] {processor.py:161} INFO - Started process (PID=684) to work on /home/airflow/.local/lib/python3.8/site-packages/airflow/example_dags/example_local_kubernetes_executor.py
[2025-10-08T16:48:30.179+0000] {processor.py:830} INFO - Processing file /home/airflow/.local/lib/python3.8/site-packages/airflow/example_dags/example_local_kubernetes_executor.py for tasks to queue
[2025-10-08T16:48:30.182+0000] {logging_mixin.py:188} INFO - [2025-10-08T16:48:30.182+0000] {dagbag.py:538} INFO - Filling up the DagBag from /home/airflow/.local/lib/python3.8/site-packages/airflow/example_dags/example_local_kubernetes_executor.py
[2025-10-08T16:48:30.194+0000] {processor.py:840} INFO - DAG(s) 'example_local_kubernetes_executor' retrieved from /home/airflow/.local/lib/python3.8/site-packages/airflow/example_dags/example_local_kubernetes_executor.py
[2025-10-08T16:48:30.257+0000] {logging_mixin.py:188} INFO - [2025-10-08T16:48:30.257+0000] {dag.py:3036} INFO - Sync 1 DAGs
[2025-10-08T16:48:30.279+0000] {logging_mixin.py:188} INFO - [2025-10-08T16:48:30.278+0000] {dag.py:3823} INFO - Setting next_dagrun for example_local_kubernetes_executor to None, run_after=None
[2025-10-08T16:48:30.336+0000] {processor.py:183} INFO - Processing /home/airflow/.local/lib/python3.8/site-packages/airflow/example_dags/example_local_kubernetes_executor.py took 0.165 seconds
[2025-10-08T16:49:01.133+0000] {processor.py:161} INFO - Started process (PID=744) to work on /home/airflow/.local/lib/python3.8/site-packages/airflow/example_dags/example_local_kubernetes_executor.py
[2025-10-08T16:49:01.135+0000] {processor.py:830} INFO - Processing file /home/airflow/.local/lib/python3.8/site-packages/airflow/example_dags/example_local_kubernetes_executor.py for tasks to queue
[2025-10-08T16:49:01.137+0000] {logging_mixin.py:188} INFO - [2025-10-08T16:49:01.137+0000] {dagbag.py:538} INFO - Filling up the DagBag from /home/airflow/.local/lib/python3.8/site-packages/airflow/example_dags/example_local_kubernetes_executor.py
[2025-10-08T16:49:01.148+0000] {processor.py:840} INFO - DAG(s) 'example_local_kubernetes_executor' retrieved from /home/airflow/.local/lib/python3.8/site-packages/airflow/example_dags/example_local_kubernetes_executor.py
[2025-10-08T16:49:01.207+0000] {logging_mixin.py:188} INFO - [2025-10-08T16:49:01.207+0000] {dag.py:3036} INFO - Sync 1 DAGs
[2025-10-08T16:49:01.226+0000] {logging_mixin.py:188} INFO - [2025-10-08T16:49:01.226+0000] {dag.py:3823} INFO - Setting next_dagrun for example_local_kubernetes_executor to None, run_after=None
[2025-10-08T16:49:01.253+0000] {processor.py:183} INFO - Processing /home/airflow/.local/lib/python3.8/site-packages/airflow/example_dags/example_local_kubernetes_executor.py took 0.124 seconds
[2025-10-08T16:49:33.155+0000] {processor.py:161} INFO - Started process (PID=804) to work on /home/airflow/.local/lib/python3.8/site-packages/airflow/example_dags/example_local_kubernetes_executor.py
[2025-10-08T16:49:33.157+0000] {processor.py:830} INFO - Processing file /home/airflow/.local/lib/python3.8/site-packages/airflow/example_dags/example_local_kubernetes_executor.py for tasks to queue
[2025-10-08T16:49:33.161+0000] {logging_mixin.py:188} INFO - [2025-10-08T16:49:33.160+0000] {dagbag.py:538} INFO - Filling up the DagBag from /home/airflow/.local/lib/python3.8/site-packages/airflow/example_dags/example_local_kubernetes_executor.py
[2025-10-08T16:49:33.178+0000] {processor.py:840} INFO - DAG(s) 'example_local_kubernetes_executor' retrieved from /home/airflow/.local/lib/python3.8/site-packages/airflow/example_dags/example_local_kubernetes_executor.py
[2025-10-08T16:49:33.244+0000] {logging_mixin.py:188} INFO - [2025-10-08T16:49:33.244+0000] {dag.py:3036} INFO - Sync 1 DAGs
[2025-10-08T16:49:33.262+0000] {logging_mixin.py:188} INFO - [2025-10-08T16:49:33.262+0000] {dag.py:3823} INFO - Setting next_dagrun for example_local_kubernetes_executor to None, run_after=None
[2025-10-08T16:49:33.321+0000] {processor.py:183} INFO - Processing /home/airflow/.local/lib/python3.8/site-packages/airflow/example_dags/example_local_kubernetes_executor.py took 0.170 seconds
[2025-10-08T16:50:04.364+0000] {processor.py:161} INFO - Started process (PID=864) to work on /home/airflow/.local/lib/python3.8/site-packages/airflow/example_dags/example_local_kubernetes_executor.py
[2025-10-08T16:50:04.366+0000] {processor.py:830} INFO - Processing file /home/airflow/.local/lib/python3.8/site-packages/airflow/example_dags/example_local_kubernetes_executor.py for tasks to queue
[2025-10-08T16:50:04.371+0000] {logging_mixin.py:188} INFO - [2025-10-08T16:50:04.370+0000] {dagbag.py:538} INFO - Filling up the DagBag from /home/airflow/.local/lib/python3.8/site-packages/airflow/example_dags/example_local_kubernetes_executor.py
[2025-10-08T16:50:04.392+0000] {processor.py:840} INFO - DAG(s) 'example_local_kubernetes_executor' retrieved from /home/airflow/.local/lib/python3.8/site-packages/airflow/example_dags/example_local_kubernetes_executor.py
[2025-10-08T16:50:04.503+0000] {logging_mixin.py:188} INFO - [2025-10-08T16:50:04.502+0000] {dag.py:3036} INFO - Sync 1 DAGs
[2025-10-08T16:50:04.535+0000] {logging_mixin.py:188} INFO - [2025-10-08T16:50:04.534+0000] {dag.py:3823} INFO - Setting next_dagrun for example_local_kubernetes_executor to None, run_after=None
[2025-10-08T16:50:04.620+0000] {processor.py:183} INFO - Processing /home/airflow/.local/lib/python3.8/site-packages/airflow/example_dags/example_local_kubernetes_executor.py took 0.266 seconds
[2025-10-08T16:50:35.432+0000] {processor.py:161} INFO - Started process (PID=923) to work on /home/airflow/.local/lib/python3.8/site-packages/airflow/example_dags/example_local_kubernetes_executor.py
[2025-10-08T16:50:35.434+0000] {processor.py:830} INFO - Processing file /home/airflow/.local/lib/python3.8/site-packages/airflow/example_dags/example_local_kubernetes_executor.py for tasks to queue
[2025-10-08T16:50:35.437+0000] {logging_mixin.py:188} INFO - [2025-10-08T16:50:35.437+0000] {dagbag.py:538} INFO - Filling up the DagBag from /home/airflow/.local/lib/python3.8/site-packages/airflow/example_dags/example_local_kubernetes_executor.py
[2025-10-08T16:50:35.449+0000] {processor.py:840} INFO - DAG(s) 'example_local_kubernetes_executor' retrieved from /home/airflow/.local/lib/python3.8/site-packages/airflow/example_dags/example_local_kubernetes_executor.py
[2025-10-08T16:50:35.519+0000] {logging_mixin.py:188} INFO - [2025-10-08T16:50:35.519+0000] {dag.py:3036} INFO - Sync 1 DAGs
[2025-10-08T16:50:35.541+0000] {logging_mixin.py:188} INFO - [2025-10-08T16:50:35.541+0000] {dag.py:3823} INFO - Setting next_dagrun for example_local_kubernetes_executor to None, run_after=None
[2025-10-08T16:50:35.573+0000] {processor.py:183} INFO - Processing /home/airflow/.local/lib/python3.8/site-packages/airflow/example_dags/example_local_kubernetes_executor.py took 0.146 seconds
[2025-10-08T16:51:06.641+0000] {processor.py:161} INFO - Started process (PID=983) to work on /home/airflow/.local/lib/python3.8/site-packages/airflow/example_dags/example_local_kubernetes_executor.py
[2025-10-08T16:51:06.642+0000] {processor.py:830} INFO - Processing file /home/airflow/.local/lib/python3.8/site-packages/airflow/example_dags/example_local_kubernetes_executor.py for tasks to queue
[2025-10-08T16:51:06.645+0000] {logging_mixin.py:188} INFO - [2025-10-08T16:51:06.645+0000] {dagbag.py:538} INFO - Filling up the DagBag from /home/airflow/.local/lib/python3.8/site-packages/airflow/example_dags/example_local_kubernetes_executor.py
[2025-10-08T16:51:06.655+0000] {processor.py:840} INFO - DAG(s) 'example_local_kubernetes_executor' retrieved from /home/airflow/.local/lib/python3.8/site-packages/airflow/example_dags/example_local_kubernetes_executor.py
[2025-10-08T16:51:06.712+0000] {logging_mixin.py:188} INFO - [2025-10-08T16:51:06.711+0000] {dag.py:3036} INFO - Sync 1 DAGs
[2025-10-08T16:51:06.730+0000] {logging_mixin.py:188} INFO - [2025-10-08T16:51:06.730+0000] {dag.py:3823} INFO - Setting next_dagrun for example_local_kubernetes_executor to None, run_after=None
[2025-10-08T16:51:06.759+0000] {processor.py:183} INFO - Processing /home/airflow/.local/lib/python3.8/site-packages/airflow/example_dags/example_local_kubernetes_executor.py took 0.122 seconds
[2025-10-08T16:51:38.219+0000] {processor.py:161} INFO - Started process (PID=1043) to work on /home/airflow/.local/lib/python3.8/site-packages/airflow/example_dags/example_local_kubernetes_executor.py
[2025-10-08T16:51:38.221+0000] {processor.py:830} INFO - Processing file /home/airflow/.local/lib/python3.8/site-packages/airflow/example_dags/example_local_kubernetes_executor.py for tasks to queue
[2025-10-08T16:51:38.224+0000] {logging_mixin.py:188} INFO - [2025-10-08T16:51:38.223+0000] {dagbag.py:538} INFO - Filling up the DagBag from /home/airflow/.local/lib/python3.8/site-packages/airflow/example_dags/example_local_kubernetes_executor.py
[2025-10-08T16:51:38.241+0000] {processor.py:840} INFO - DAG(s) 'example_local_kubernetes_executor' retrieved from /home/airflow/.local/lib/python3.8/site-packages/airflow/example_dags/example_local_kubernetes_executor.py
[2025-10-08T16:51:38.302+0000] {logging_mixin.py:188} INFO - [2025-10-08T16:51:38.302+0000] {dag.py:3036} INFO - Sync 1 DAGs
[2025-10-08T16:51:38.325+0000] {logging_mixin.py:188} INFO - [2025-10-08T16:51:38.325+0000] {dag.py:3823} INFO - Setting next_dagrun for example_local_kubernetes_executor to None, run_after=None
[2025-10-08T16:51:38.356+0000] {processor.py:183} INFO - Processing /home/airflow/.local/lib/python3.8/site-packages/airflow/example_dags/example_local_kubernetes_executor.py took 0.144 seconds
[2025-10-08T16:52:10.056+0000] {processor.py:161} INFO - Started process (PID=1103) to work on /home/airflow/.local/lib/python3.8/site-packages/airflow/example_dags/example_local_kubernetes_executor.py
[2025-10-08T16:52:10.057+0000] {processor.py:830} INFO - Processing file /home/airflow/.local/lib/python3.8/site-packages/airflow/example_dags/example_local_kubernetes_executor.py for tasks to queue
[2025-10-08T16:52:10.060+0000] {logging_mixin.py:188} INFO - [2025-10-08T16:52:10.060+0000] {dagbag.py:538} INFO - Filling up the DagBag from /home/airflow/.local/lib/python3.8/site-packages/airflow/example_dags/example_local_kubernetes_executor.py
[2025-10-08T16:52:10.070+0000] {processor.py:840} INFO - DAG(s) 'example_local_kubernetes_executor' retrieved from /home/airflow/.local/lib/python3.8/site-packages/airflow/example_dags/example_local_kubernetes_executor.py
[2025-10-08T16:52:10.129+0000] {logging_mixin.py:188} INFO - [2025-10-08T16:52:10.129+0000] {dag.py:3036} INFO - Sync 1 DAGs
[2025-10-08T16:52:10.159+0000] {logging_mixin.py:188} INFO - [2025-10-08T16:52:10.159+0000] {dag.py:3823} INFO - Setting next_dagrun for example_local_kubernetes_executor to None, run_after=None
[2025-10-08T16:52:10.210+0000] {processor.py:183} INFO - Processing /home/airflow/.local/lib/python3.8/site-packages/airflow/example_dags/example_local_kubernetes_executor.py took 0.158 seconds
[2025-10-08T16:52:41.345+0000] {processor.py:161} INFO - Started process (PID=1163) to work on /home/airflow/.local/lib/python3.8/site-packages/airflow/example_dags/example_local_kubernetes_executor.py
[2025-10-08T16:52:41.347+0000] {processor.py:830} INFO - Processing file /home/airflow/.local/lib/python3.8/site-packages/airflow/example_dags/example_local_kubernetes_executor.py for tasks to queue
[2025-10-08T16:52:41.351+0000] {logging_mixin.py:188} INFO - [2025-10-08T16:52:41.350+0000] {dagbag.py:538} INFO - Filling up the DagBag from /home/airflow/.local/lib/python3.8/site-packages/airflow/example_dags/example_local_kubernetes_executor.py
[2025-10-08T16:52:41.366+0000] {processor.py:840} INFO - DAG(s) 'example_local_kubernetes_executor' retrieved from /home/airflow/.local/lib/python3.8/site-packages/airflow/example_dags/example_local_kubernetes_executor.py
[2025-10-08T16:52:41.429+0000] {logging_mixin.py:188} INFO - [2025-10-08T16:52:41.428+0000] {dag.py:3036} INFO - Sync 1 DAGs
[2025-10-08T16:52:41.446+0000] {logging_mixin.py:188} INFO - [2025-10-08T16:52:41.446+0000] {dag.py:3823} INFO - Setting next_dagrun for example_local_kubernetes_executor to None, run_after=None
[2025-10-08T16:52:41.475+0000] {processor.py:183} INFO - Processing /home/airflow/.local/lib/python3.8/site-packages/airflow/example_dags/example_local_kubernetes_executor.py took 0.137 seconds
[2025-10-08T16:53:12.967+0000] {processor.py:161} INFO - Started process (PID=1223) to work on /home/airflow/.local/lib/python3.8/site-packages/airflow/example_dags/example_local_kubernetes_executor.py
[2025-10-08T16:53:12.969+0000] {processor.py:830} INFO - Processing file /home/airflow/.local/lib/python3.8/site-packages/airflow/example_dags/example_local_kubernetes_executor.py for tasks to queue
[2025-10-08T16:53:12.971+0000] {logging_mixin.py:188} INFO - [2025-10-08T16:53:12.971+0000] {dagbag.py:538} INFO - Filling up the DagBag from /home/airflow/.local/lib/python3.8/site-packages/airflow/example_dags/example_local_kubernetes_executor.py
[2025-10-08T16:53:12.981+0000] {processor.py:840} INFO - DAG(s) 'example_local_kubernetes_executor' retrieved from /home/airflow/.local/lib/python3.8/site-packages/airflow/example_dags/example_local_kubernetes_executor.py
[2025-10-08T16:53:13.040+0000] {logging_mixin.py:188} INFO - [2025-10-08T16:53:13.040+0000] {dag.py:3036} INFO - Sync 1 DAGs
[2025-10-08T16:53:13.066+0000] {logging_mixin.py:188} INFO - [2025-10-08T16:53:13.066+0000] {dag.py:3823} INFO - Setting next_dagrun for example_local_kubernetes_executor to None, run_after=None
[2025-10-08T16:53:13.111+0000] {processor.py:183} INFO - Processing /home/airflow/.local/lib/python3.8/site-packages/airflow/example_dags/example_local_kubernetes_executor.py took 0.149 seconds
[2025-10-08T16:56:05.634+0000] {processor.py:161} INFO - Started process (PID=86) to work on /home/airflow/.local/lib/python3.8/site-packages/airflow/example_dags/example_local_kubernetes_executor.py
[2025-10-08T16:56:05.636+0000] {processor.py:830} INFO - Processing file /home/airflow/.local/lib/python3.8/site-packages/airflow/example_dags/example_local_kubernetes_executor.py for tasks to queue
[2025-10-08T16:56:05.640+0000] {logging_mixin.py:188} INFO - [2025-10-08T16:56:05.639+0000] {dagbag.py:538} INFO - Filling up the DagBag from /home/airflow/.local/lib/python3.8/site-packages/airflow/example_dags/example_local_kubernetes_executor.py
[2025-10-08T16:56:05.653+0000] {processor.py:840} INFO - DAG(s) 'example_local_kubernetes_executor' retrieved from /home/airflow/.local/lib/python3.8/site-packages/airflow/example_dags/example_local_kubernetes_executor.py
[2025-10-08T16:56:05.876+0000] {logging_mixin.py:188} INFO - [2025-10-08T16:56:05.876+0000] {dag.py:3036} INFO - Sync 1 DAGs
[2025-10-08T16:56:05.902+0000] {logging_mixin.py:188} INFO - [2025-10-08T16:56:05.901+0000] {dag.py:3823} INFO - Setting next_dagrun for example_local_kubernetes_executor to None, run_after=None
[2025-10-08T16:56:05.962+0000] {processor.py:183} INFO - Processing /home/airflow/.local/lib/python3.8/site-packages/airflow/example_dags/example_local_kubernetes_executor.py took 0.333 seconds
[2025-10-08T16:56:36.504+0000] {processor.py:161} INFO - Started process (PID=147) to work on /home/airflow/.local/lib/python3.8/site-packages/airflow/example_dags/example_local_kubernetes_executor.py
[2025-10-08T16:56:36.506+0000] {processor.py:830} INFO - Processing file /home/airflow/.local/lib/python3.8/site-packages/airflow/example_dags/example_local_kubernetes_executor.py for tasks to queue
[2025-10-08T16:56:36.509+0000] {logging_mixin.py:188} INFO - [2025-10-08T16:56:36.509+0000] {dagbag.py:538} INFO - Filling up the DagBag from /home/airflow/.local/lib/python3.8/site-packages/airflow/example_dags/example_local_kubernetes_executor.py
[2025-10-08T16:56:36.523+0000] {processor.py:840} INFO - DAG(s) 'example_local_kubernetes_executor' retrieved from /home/airflow/.local/lib/python3.8/site-packages/airflow/example_dags/example_local_kubernetes_executor.py
[2025-10-08T16:56:36.586+0000] {logging_mixin.py:188} INFO - [2025-10-08T16:56:36.586+0000] {dag.py:3036} INFO - Sync 1 DAGs
[2025-10-08T16:56:36.605+0000] {logging_mixin.py:188} INFO - [2025-10-08T16:56:36.605+0000] {dag.py:3823} INFO - Setting next_dagrun for example_local_kubernetes_executor to None, run_after=None
[2025-10-08T16:56:36.638+0000] {processor.py:183} INFO - Processing /home/airflow/.local/lib/python3.8/site-packages/airflow/example_dags/example_local_kubernetes_executor.py took 0.139 seconds
[2025-10-08T16:57:07.365+0000] {processor.py:161} INFO - Started process (PID=208) to work on /home/airflow/.local/lib/python3.8/site-packages/airflow/example_dags/example_local_kubernetes_executor.py
[2025-10-08T16:57:07.369+0000] {processor.py:830} INFO - Processing file /home/airflow/.local/lib/python3.8/site-packages/airflow/example_dags/example_local_kubernetes_executor.py for tasks to queue
[2025-10-08T16:57:07.373+0000] {logging_mixin.py:188} INFO - [2025-10-08T16:57:07.372+0000] {dagbag.py:538} INFO - Filling up the DagBag from /home/airflow/.local/lib/python3.8/site-packages/airflow/example_dags/example_local_kubernetes_executor.py
[2025-10-08T16:57:07.391+0000] {processor.py:840} INFO - DAG(s) 'example_local_kubernetes_executor' retrieved from /home/airflow/.local/lib/python3.8/site-packages/airflow/example_dags/example_local_kubernetes_executor.py
[2025-10-08T16:57:07.494+0000] {logging_mixin.py:188} INFO - [2025-10-08T16:57:07.493+0000] {dag.py:3036} INFO - Sync 1 DAGs
[2025-10-08T16:57:07.522+0000] {logging_mixin.py:188} INFO - [2025-10-08T16:57:07.522+0000] {dag.py:3823} INFO - Setting next_dagrun for example_local_kubernetes_executor to None, run_after=None
[2025-10-08T16:57:07.580+0000] {processor.py:183} INFO - Processing /home/airflow/.local/lib/python3.8/site-packages/airflow/example_dags/example_local_kubernetes_executor.py took 0.223 seconds
[2025-10-08T16:57:38.943+0000] {processor.py:161} INFO - Started process (PID=267) to work on /home/airflow/.local/lib/python3.8/site-packages/airflow/example_dags/example_local_kubernetes_executor.py
[2025-10-08T16:57:38.945+0000] {processor.py:830} INFO - Processing file /home/airflow/.local/lib/python3.8/site-packages/airflow/example_dags/example_local_kubernetes_executor.py for tasks to queue
[2025-10-08T16:57:38.948+0000] {logging_mixin.py:188} INFO - [2025-10-08T16:57:38.948+0000] {dagbag.py:538} INFO - Filling up the DagBag from /home/airflow/.local/lib/python3.8/site-packages/airflow/example_dags/example_local_kubernetes_executor.py
[2025-10-08T16:57:38.959+0000] {processor.py:840} INFO - DAG(s) 'example_local_kubernetes_executor' retrieved from /home/airflow/.local/lib/python3.8/site-packages/airflow/example_dags/example_local_kubernetes_executor.py
[2025-10-08T16:57:39.015+0000] {logging_mixin.py:188} INFO - [2025-10-08T16:57:39.015+0000] {dag.py:3036} INFO - Sync 1 DAGs
[2025-10-08T16:57:39.036+0000] {logging_mixin.py:188} INFO - [2025-10-08T16:57:39.036+0000] {dag.py:3823} INFO - Setting next_dagrun for example_local_kubernetes_executor to None, run_after=None
[2025-10-08T16:57:39.090+0000] {processor.py:183} INFO - Processing /home/airflow/.local/lib/python3.8/site-packages/airflow/example_dags/example_local_kubernetes_executor.py took 0.151 seconds
[2025-10-08T16:58:10.007+0000] {processor.py:161} INFO - Started process (PID=327) to work on /home/airflow/.local/lib/python3.8/site-packages/airflow/example_dags/example_local_kubernetes_executor.py
[2025-10-08T16:58:10.009+0000] {processor.py:830} INFO - Processing file /home/airflow/.local/lib/python3.8/site-packages/airflow/example_dags/example_local_kubernetes_executor.py for tasks to queue
[2025-10-08T16:58:10.012+0000] {logging_mixin.py:188} INFO - [2025-10-08T16:58:10.011+0000] {dagbag.py:538} INFO - Filling up the DagBag from /home/airflow/.local/lib/python3.8/site-packages/airflow/example_dags/example_local_kubernetes_executor.py
[2025-10-08T16:58:10.024+0000] {processor.py:840} INFO - DAG(s) 'example_local_kubernetes_executor' retrieved from /home/airflow/.local/lib/python3.8/site-packages/airflow/example_dags/example_local_kubernetes_executor.py
[2025-10-08T16:58:10.091+0000] {logging_mixin.py:188} INFO - [2025-10-08T16:58:10.091+0000] {dag.py:3036} INFO - Sync 1 DAGs
[2025-10-08T16:58:10.110+0000] {logging_mixin.py:188} INFO - [2025-10-08T16:58:10.110+0000] {dag.py:3823} INFO - Setting next_dagrun for example_local_kubernetes_executor to None, run_after=None
[2025-10-08T16:58:10.139+0000] {processor.py:183} INFO - Processing /home/airflow/.local/lib/python3.8/site-packages/airflow/example_dags/example_local_kubernetes_executor.py took 0.137 seconds
[2025-10-08T16:58:40.841+0000] {processor.py:161} INFO - Started process (PID=387) to work on /home/airflow/.local/lib/python3.8/site-packages/airflow/example_dags/example_local_kubernetes_executor.py
[2025-10-08T16:58:40.842+0000] {processor.py:830} INFO - Processing file /home/airflow/.local/lib/python3.8/site-packages/airflow/example_dags/example_local_kubernetes_executor.py for tasks to queue
[2025-10-08T16:58:40.845+0000] {logging_mixin.py:188} INFO - [2025-10-08T16:58:40.844+0000] {dagbag.py:538} INFO - Filling up the DagBag from /home/airflow/.local/lib/python3.8/site-packages/airflow/example_dags/example_local_kubernetes_executor.py
[2025-10-08T16:58:40.854+0000] {processor.py:840} INFO - DAG(s) 'example_local_kubernetes_executor' retrieved from /home/airflow/.local/lib/python3.8/site-packages/airflow/example_dags/example_local_kubernetes_executor.py
[2025-10-08T16:58:40.925+0000] {logging_mixin.py:188} INFO - [2025-10-08T16:58:40.925+0000] {dag.py:3036} INFO - Sync 1 DAGs
[2025-10-08T16:58:40.943+0000] {logging_mixin.py:188} INFO - [2025-10-08T16:58:40.942+0000] {dag.py:3823} INFO - Setting next_dagrun for example_local_kubernetes_executor to None, run_after=None
[2025-10-08T16:58:40.987+0000] {processor.py:183} INFO - Processing /home/airflow/.local/lib/python3.8/site-packages/airflow/example_dags/example_local_kubernetes_executor.py took 0.151 seconds
[2025-10-08T16:59:12.571+0000] {processor.py:161} INFO - Started process (PID=447) to work on /home/airflow/.local/lib/python3.8/site-packages/airflow/example_dags/example_local_kubernetes_executor.py
[2025-10-08T16:59:12.572+0000] {processor.py:830} INFO - Processing file /home/airflow/.local/lib/python3.8/site-packages/airflow/example_dags/example_local_kubernetes_executor.py for tasks to queue
[2025-10-08T16:59:12.575+0000] {logging_mixin.py:188} INFO - [2025-10-08T16:59:12.575+0000] {dagbag.py:538} INFO - Filling up the DagBag from /home/airflow/.local/lib/python3.8/site-packages/airflow/example_dags/example_local_kubernetes_executor.py
[2025-10-08T16:59:12.585+0000] {processor.py:840} INFO - DAG(s) 'example_local_kubernetes_executor' retrieved from /home/airflow/.local/lib/python3.8/site-packages/airflow/example_dags/example_local_kubernetes_executor.py
[2025-10-08T16:59:12.637+0000] {logging_mixin.py:188} INFO - [2025-10-08T16:59:12.636+0000] {dag.py:3036} INFO - Sync 1 DAGs
[2025-10-08T16:59:12.653+0000] {logging_mixin.py:188} INFO - [2025-10-08T16:59:12.653+0000] {dag.py:3823} INFO - Setting next_dagrun for example_local_kubernetes_executor to None, run_after=None
[2025-10-08T16:59:12.680+0000] {processor.py:183} INFO - Processing /home/airflow/.local/lib/python3.8/site-packages/airflow/example_dags/example_local_kubernetes_executor.py took 0.113 seconds
[2025-10-08T16:59:44.247+0000] {processor.py:161} INFO - Started process (PID=506) to work on /home/airflow/.local/lib/python3.8/site-packages/airflow/example_dags/example_local_kubernetes_executor.py
[2025-10-08T16:59:44.249+0000] {processor.py:830} INFO - Processing file /home/airflow/.local/lib/python3.8/site-packages/airflow/example_dags/example_local_kubernetes_executor.py for tasks to queue
[2025-10-08T16:59:44.254+0000] {logging_mixin.py:188} INFO - [2025-10-08T16:59:44.254+0000] {dagbag.py:538} INFO - Filling up the DagBag from /home/airflow/.local/lib/python3.8/site-packages/airflow/example_dags/example_local_kubernetes_executor.py
[2025-10-08T16:59:44.272+0000] {processor.py:840} INFO - DAG(s) 'example_local_kubernetes_executor' retrieved from /home/airflow/.local/lib/python3.8/site-packages/airflow/example_dags/example_local_kubernetes_executor.py
[2025-10-08T16:59:44.351+0000] {logging_mixin.py:188} INFO - [2025-10-08T16:59:44.351+0000] {dag.py:3036} INFO - Sync 1 DAGs
[2025-10-08T16:59:44.369+0000] {logging_mixin.py:188} INFO - [2025-10-08T16:59:44.369+0000] {dag.py:3823} INFO - Setting next_dagrun for example_local_kubernetes_executor to None, run_after=None
[2025-10-08T16:59:44.401+0000] {processor.py:183} INFO - Processing /home/airflow/.local/lib/python3.8/site-packages/airflow/example_dags/example_local_kubernetes_executor.py took 0.162 seconds
[2025-10-08T17:00:14.578+0000] {processor.py:161} INFO - Started process (PID=566) to work on /home/airflow/.local/lib/python3.8/site-packages/airflow/example_dags/example_local_kubernetes_executor.py
[2025-10-08T17:00:14.580+0000] {processor.py:830} INFO - Processing file /home/airflow/.local/lib/python3.8/site-packages/airflow/example_dags/example_local_kubernetes_executor.py for tasks to queue
[2025-10-08T17:00:14.583+0000] {logging_mixin.py:188} INFO - [2025-10-08T17:00:14.582+0000] {dagbag.py:538} INFO - Filling up the DagBag from /home/airflow/.local/lib/python3.8/site-packages/airflow/example_dags/example_local_kubernetes_executor.py
[2025-10-08T17:00:14.596+0000] {processor.py:840} INFO - DAG(s) 'example_local_kubernetes_executor' retrieved from /home/airflow/.local/lib/python3.8/site-packages/airflow/example_dags/example_local_kubernetes_executor.py
[2025-10-08T17:00:14.666+0000] {logging_mixin.py:188} INFO - [2025-10-08T17:00:14.665+0000] {dag.py:3036} INFO - Sync 1 DAGs
[2025-10-08T17:00:14.684+0000] {logging_mixin.py:188} INFO - [2025-10-08T17:00:14.684+0000] {dag.py:3823} INFO - Setting next_dagrun for example_local_kubernetes_executor to None, run_after=None
[2025-10-08T17:00:14.753+0000] {processor.py:183} INFO - Processing /home/airflow/.local/lib/python3.8/site-packages/airflow/example_dags/example_local_kubernetes_executor.py took 0.180 seconds
[2025-10-08T17:00:46.417+0000] {processor.py:161} INFO - Started process (PID=632) to work on /home/airflow/.local/lib/python3.8/site-packages/airflow/example_dags/example_local_kubernetes_executor.py
[2025-10-08T17:00:46.419+0000] {processor.py:830} INFO - Processing file /home/airflow/.local/lib/python3.8/site-packages/airflow/example_dags/example_local_kubernetes_executor.py for tasks to queue
[2025-10-08T17:00:46.423+0000] {logging_mixin.py:188} INFO - [2025-10-08T17:00:46.422+0000] {dagbag.py:538} INFO - Filling up the DagBag from /home/airflow/.local/lib/python3.8/site-packages/airflow/example_dags/example_local_kubernetes_executor.py
[2025-10-08T17:00:46.435+0000] {processor.py:840} INFO - DAG(s) 'example_local_kubernetes_executor' retrieved from /home/airflow/.local/lib/python3.8/site-packages/airflow/example_dags/example_local_kubernetes_executor.py
[2025-10-08T17:00:46.488+0000] {logging_mixin.py:188} INFO - [2025-10-08T17:00:46.487+0000] {dag.py:3036} INFO - Sync 1 DAGs
[2025-10-08T17:00:46.504+0000] {logging_mixin.py:188} INFO - [2025-10-08T17:00:46.504+0000] {dag.py:3823} INFO - Setting next_dagrun for example_local_kubernetes_executor to None, run_after=None
[2025-10-08T17:00:46.568+0000] {processor.py:183} INFO - Processing /home/airflow/.local/lib/python3.8/site-packages/airflow/example_dags/example_local_kubernetes_executor.py took 0.157 seconds
[2025-10-08T17:01:18.081+0000] {processor.py:161} INFO - Started process (PID=692) to work on /home/airflow/.local/lib/python3.8/site-packages/airflow/example_dags/example_local_kubernetes_executor.py
[2025-10-08T17:01:18.082+0000] {processor.py:830} INFO - Processing file /home/airflow/.local/lib/python3.8/site-packages/airflow/example_dags/example_local_kubernetes_executor.py for tasks to queue
[2025-10-08T17:01:18.085+0000] {logging_mixin.py:188} INFO - [2025-10-08T17:01:18.084+0000] {dagbag.py:538} INFO - Filling up the DagBag from /home/airflow/.local/lib/python3.8/site-packages/airflow/example_dags/example_local_kubernetes_executor.py
[2025-10-08T17:01:18.095+0000] {processor.py:840} INFO - DAG(s) 'example_local_kubernetes_executor' retrieved from /home/airflow/.local/lib/python3.8/site-packages/airflow/example_dags/example_local_kubernetes_executor.py
[2025-10-08T17:01:18.152+0000] {logging_mixin.py:188} INFO - [2025-10-08T17:01:18.152+0000] {dag.py:3036} INFO - Sync 1 DAGs
[2025-10-08T17:01:18.171+0000] {logging_mixin.py:188} INFO - [2025-10-08T17:01:18.171+0000] {dag.py:3823} INFO - Setting next_dagrun for example_local_kubernetes_executor to None, run_after=None
[2025-10-08T17:01:18.259+0000] {processor.py:183} INFO - Processing /home/airflow/.local/lib/python3.8/site-packages/airflow/example_dags/example_local_kubernetes_executor.py took 0.183 seconds
[2025-10-08T17:01:50.278+0000] {processor.py:161} INFO - Started process (PID=752) to work on /home/airflow/.local/lib/python3.8/site-packages/airflow/example_dags/example_local_kubernetes_executor.py
[2025-10-08T17:01:50.280+0000] {processor.py:830} INFO - Processing file /home/airflow/.local/lib/python3.8/site-packages/airflow/example_dags/example_local_kubernetes_executor.py for tasks to queue
[2025-10-08T17:01:50.283+0000] {logging_mixin.py:188} INFO - [2025-10-08T17:01:50.282+0000] {dagbag.py:538} INFO - Filling up the DagBag from /home/airflow/.local/lib/python3.8/site-packages/airflow/example_dags/example_local_kubernetes_executor.py
[2025-10-08T17:01:50.296+0000] {processor.py:840} INFO - DAG(s) 'example_local_kubernetes_executor' retrieved from /home/airflow/.local/lib/python3.8/site-packages/airflow/example_dags/example_local_kubernetes_executor.py
[2025-10-08T17:01:50.357+0000] {logging_mixin.py:188} INFO - [2025-10-08T17:01:50.356+0000] {dag.py:3036} INFO - Sync 1 DAGs
[2025-10-08T17:01:50.374+0000] {logging_mixin.py:188} INFO - [2025-10-08T17:01:50.374+0000] {dag.py:3823} INFO - Setting next_dagrun for example_local_kubernetes_executor to None, run_after=None
[2025-10-08T17:01:50.403+0000] {processor.py:183} INFO - Processing /home/airflow/.local/lib/python3.8/site-packages/airflow/example_dags/example_local_kubernetes_executor.py took 0.131 seconds
[2025-10-08T17:02:20.956+0000] {processor.py:161} INFO - Started process (PID=812) to work on /home/airflow/.local/lib/python3.8/site-packages/airflow/example_dags/example_local_kubernetes_executor.py
[2025-10-08T17:02:20.958+0000] {processor.py:830} INFO - Processing file /home/airflow/.local/lib/python3.8/site-packages/airflow/example_dags/example_local_kubernetes_executor.py for tasks to queue
[2025-10-08T17:02:20.961+0000] {logging_mixin.py:188} INFO - [2025-10-08T17:02:20.960+0000] {dagbag.py:538} INFO - Filling up the DagBag from /home/airflow/.local/lib/python3.8/site-packages/airflow/example_dags/example_local_kubernetes_executor.py
[2025-10-08T17:02:20.975+0000] {processor.py:840} INFO - DAG(s) 'example_local_kubernetes_executor' retrieved from /home/airflow/.local/lib/python3.8/site-packages/airflow/example_dags/example_local_kubernetes_executor.py
[2025-10-08T17:02:21.033+0000] {logging_mixin.py:188} INFO - [2025-10-08T17:02:21.033+0000] {dag.py:3036} INFO - Sync 1 DAGs
[2025-10-08T17:02:21.051+0000] {logging_mixin.py:188} INFO - [2025-10-08T17:02:21.051+0000] {dag.py:3823} INFO - Setting next_dagrun for example_local_kubernetes_executor to None, run_after=None
[2025-10-08T17:02:21.098+0000] {processor.py:183} INFO - Processing /home/airflow/.local/lib/python3.8/site-packages/airflow/example_dags/example_local_kubernetes_executor.py took 0.147 seconds
[2025-10-08T17:02:51.797+0000] {processor.py:161} INFO - Started process (PID=872) to work on /home/airflow/.local/lib/python3.8/site-packages/airflow/example_dags/example_local_kubernetes_executor.py
[2025-10-08T17:02:51.799+0000] {processor.py:830} INFO - Processing file /home/airflow/.local/lib/python3.8/site-packages/airflow/example_dags/example_local_kubernetes_executor.py for tasks to queue
[2025-10-08T17:02:51.802+0000] {logging_mixin.py:188} INFO - [2025-10-08T17:02:51.802+0000] {dagbag.py:538} INFO - Filling up the DagBag from /home/airflow/.local/lib/python3.8/site-packages/airflow/example_dags/example_local_kubernetes_executor.py
[2025-10-08T17:02:51.813+0000] {processor.py:840} INFO - DAG(s) 'example_local_kubernetes_executor' retrieved from /home/airflow/.local/lib/python3.8/site-packages/airflow/example_dags/example_local_kubernetes_executor.py
[2025-10-08T17:02:51.877+0000] {logging_mixin.py:188} INFO - [2025-10-08T17:02:51.876+0000] {dag.py:3036} INFO - Sync 1 DAGs
[2025-10-08T17:02:51.896+0000] {logging_mixin.py:188} INFO - [2025-10-08T17:02:51.896+0000] {dag.py:3823} INFO - Setting next_dagrun for example_local_kubernetes_executor to None, run_after=None
[2025-10-08T17:02:51.927+0000] {processor.py:183} INFO - Processing /home/airflow/.local/lib/python3.8/site-packages/airflow/example_dags/example_local_kubernetes_executor.py took 0.135 seconds
[2025-10-08T17:03:22.367+0000] {processor.py:161} INFO - Started process (PID=932) to work on /home/airflow/.local/lib/python3.8/site-packages/airflow/example_dags/example_local_kubernetes_executor.py
[2025-10-08T17:03:22.368+0000] {processor.py:830} INFO - Processing file /home/airflow/.local/lib/python3.8/site-packages/airflow/example_dags/example_local_kubernetes_executor.py for tasks to queue
[2025-10-08T17:03:22.371+0000] {logging_mixin.py:188} INFO - [2025-10-08T17:03:22.371+0000] {dagbag.py:538} INFO - Filling up the DagBag from /home/airflow/.local/lib/python3.8/site-packages/airflow/example_dags/example_local_kubernetes_executor.py
[2025-10-08T17:03:22.390+0000] {processor.py:840} INFO - DAG(s) 'example_local_kubernetes_executor' retrieved from /home/airflow/.local/lib/python3.8/site-packages/airflow/example_dags/example_local_kubernetes_executor.py
[2025-10-08T17:03:22.458+0000] {logging_mixin.py:188} INFO - [2025-10-08T17:03:22.458+0000] {dag.py:3036} INFO - Sync 1 DAGs
[2025-10-08T17:03:22.476+0000] {logging_mixin.py:188} INFO - [2025-10-08T17:03:22.476+0000] {dag.py:3823} INFO - Setting next_dagrun for example_local_kubernetes_executor to None, run_after=None
[2025-10-08T17:03:22.548+0000] {processor.py:183} INFO - Processing /home/airflow/.local/lib/python3.8/site-packages/airflow/example_dags/example_local_kubernetes_executor.py took 0.187 seconds
[2025-10-08T17:03:54.340+0000] {processor.py:161} INFO - Started process (PID=992) to work on /home/airflow/.local/lib/python3.8/site-packages/airflow/example_dags/example_local_kubernetes_executor.py
[2025-10-08T17:03:54.342+0000] {processor.py:830} INFO - Processing file /home/airflow/.local/lib/python3.8/site-packages/airflow/example_dags/example_local_kubernetes_executor.py for tasks to queue
[2025-10-08T17:03:54.347+0000] {logging_mixin.py:188} INFO - [2025-10-08T17:03:54.347+0000] {dagbag.py:538} INFO - Filling up the DagBag from /home/airflow/.local/lib/python3.8/site-packages/airflow/example_dags/example_local_kubernetes_executor.py
[2025-10-08T17:03:54.364+0000] {processor.py:840} INFO - DAG(s) 'example_local_kubernetes_executor' retrieved from /home/airflow/.local/lib/python3.8/site-packages/airflow/example_dags/example_local_kubernetes_executor.py
[2025-10-08T17:03:54.441+0000] {logging_mixin.py:188} INFO - [2025-10-08T17:03:54.440+0000] {dag.py:3036} INFO - Sync 1 DAGs
[2025-10-08T17:03:54.461+0000] {logging_mixin.py:188} INFO - [2025-10-08T17:03:54.461+0000] {dag.py:3823} INFO - Setting next_dagrun for example_local_kubernetes_executor to None, run_after=None
[2025-10-08T17:03:54.498+0000] {processor.py:183} INFO - Processing /home/airflow/.local/lib/python3.8/site-packages/airflow/example_dags/example_local_kubernetes_executor.py took 0.172 seconds
[2025-10-08T17:04:25.972+0000] {processor.py:161} INFO - Started process (PID=1052) to work on /home/airflow/.local/lib/python3.8/site-packages/airflow/example_dags/example_local_kubernetes_executor.py
[2025-10-08T17:04:25.974+0000] {processor.py:830} INFO - Processing file /home/airflow/.local/lib/python3.8/site-packages/airflow/example_dags/example_local_kubernetes_executor.py for tasks to queue
[2025-10-08T17:04:25.977+0000] {logging_mixin.py:188} INFO - [2025-10-08T17:04:25.976+0000] {dagbag.py:538} INFO - Filling up the DagBag from /home/airflow/.local/lib/python3.8/site-packages/airflow/example_dags/example_local_kubernetes_executor.py
[2025-10-08T17:04:25.987+0000] {processor.py:840} INFO - DAG(s) 'example_local_kubernetes_executor' retrieved from /home/airflow/.local/lib/python3.8/site-packages/airflow/example_dags/example_local_kubernetes_executor.py
[2025-10-08T17:04:26.010+0000] {logging_mixin.py:188} INFO - [2025-10-08T17:04:26.010+0000] {dag.py:3036} INFO - Sync 1 DAGs
[2025-10-08T17:04:26.030+0000] {logging_mixin.py:188} INFO - [2025-10-08T17:04:26.030+0000] {dag.py:3823} INFO - Setting next_dagrun for example_local_kubernetes_executor to None, run_after=None
[2025-10-08T17:04:26.076+0000] {processor.py:183} INFO - Processing /home/airflow/.local/lib/python3.8/site-packages/airflow/example_dags/example_local_kubernetes_executor.py took 0.109 seconds
[2025-10-08T17:04:57.742+0000] {processor.py:161} INFO - Started process (PID=1112) to work on /home/airflow/.local/lib/python3.8/site-packages/airflow/example_dags/example_local_kubernetes_executor.py
[2025-10-08T17:04:57.744+0000] {processor.py:830} INFO - Processing file /home/airflow/.local/lib/python3.8/site-packages/airflow/example_dags/example_local_kubernetes_executor.py for tasks to queue
[2025-10-08T17:04:57.747+0000] {logging_mixin.py:188} INFO - [2025-10-08T17:04:57.746+0000] {dagbag.py:538} INFO - Filling up the DagBag from /home/airflow/.local/lib/python3.8/site-packages/airflow/example_dags/example_local_kubernetes_executor.py
[2025-10-08T17:04:57.757+0000] {processor.py:840} INFO - DAG(s) 'example_local_kubernetes_executor' retrieved from /home/airflow/.local/lib/python3.8/site-packages/airflow/example_dags/example_local_kubernetes_executor.py
[2025-10-08T17:04:57.950+0000] {logging_mixin.py:188} INFO - [2025-10-08T17:04:57.950+0000] {dag.py:3036} INFO - Sync 1 DAGs
[2025-10-08T17:04:57.964+0000] {logging_mixin.py:188} INFO - [2025-10-08T17:04:57.964+0000] {dag.py:3823} INFO - Setting next_dagrun for example_local_kubernetes_executor to None, run_after=None
[2025-10-08T17:04:58.015+0000] {processor.py:183} INFO - Processing /home/airflow/.local/lib/python3.8/site-packages/airflow/example_dags/example_local_kubernetes_executor.py took 0.277 seconds
[2025-10-08T17:05:28.151+0000] {processor.py:161} INFO - Started process (PID=1172) to work on /home/airflow/.local/lib/python3.8/site-packages/airflow/example_dags/example_local_kubernetes_executor.py
[2025-10-08T17:05:28.153+0000] {processor.py:830} INFO - Processing file /home/airflow/.local/lib/python3.8/site-packages/airflow/example_dags/example_local_kubernetes_executor.py for tasks to queue
[2025-10-08T17:05:28.157+0000] {logging_mixin.py:188} INFO - [2025-10-08T17:05:28.156+0000] {dagbag.py:538} INFO - Filling up the DagBag from /home/airflow/.local/lib/python3.8/site-packages/airflow/example_dags/example_local_kubernetes_executor.py
[2025-10-08T17:05:28.168+0000] {processor.py:840} INFO - DAG(s) 'example_local_kubernetes_executor' retrieved from /home/airflow/.local/lib/python3.8/site-packages/airflow/example_dags/example_local_kubernetes_executor.py
[2025-10-08T17:05:28.194+0000] {logging_mixin.py:188} INFO - [2025-10-08T17:05:28.193+0000] {dag.py:3036} INFO - Sync 1 DAGs
[2025-10-08T17:05:28.219+0000] {logging_mixin.py:188} INFO - [2025-10-08T17:05:28.219+0000] {dag.py:3823} INFO - Setting next_dagrun for example_local_kubernetes_executor to None, run_after=None
[2025-10-08T17:05:28.274+0000] {processor.py:183} INFO - Processing /home/airflow/.local/lib/python3.8/site-packages/airflow/example_dags/example_local_kubernetes_executor.py took 0.128 seconds
[2025-10-08T17:06:00.961+0000] {processor.py:161} INFO - Started process (PID=1232) to work on /home/airflow/.local/lib/python3.8/site-packages/airflow/example_dags/example_local_kubernetes_executor.py
[2025-10-08T17:06:00.964+0000] {processor.py:830} INFO - Processing file /home/airflow/.local/lib/python3.8/site-packages/airflow/example_dags/example_local_kubernetes_executor.py for tasks to queue
[2025-10-08T17:06:00.967+0000] {logging_mixin.py:188} INFO - [2025-10-08T17:06:00.967+0000] {dagbag.py:538} INFO - Filling up the DagBag from /home/airflow/.local/lib/python3.8/site-packages/airflow/example_dags/example_local_kubernetes_executor.py
[2025-10-08T17:06:00.987+0000] {processor.py:840} INFO - DAG(s) 'example_local_kubernetes_executor' retrieved from /home/airflow/.local/lib/python3.8/site-packages/airflow/example_dags/example_local_kubernetes_executor.py
[2025-10-08T17:06:01.280+0000] {logging_mixin.py:188} INFO - [2025-10-08T17:06:01.280+0000] {dag.py:3036} INFO - Sync 1 DAGs
[2025-10-08T17:06:01.296+0000] {logging_mixin.py:188} INFO - [2025-10-08T17:06:01.296+0000] {dag.py:3823} INFO - Setting next_dagrun for example_local_kubernetes_executor to None, run_after=None
[2025-10-08T17:06:01.355+0000] {processor.py:183} INFO - Processing /home/airflow/.local/lib/python3.8/site-packages/airflow/example_dags/example_local_kubernetes_executor.py took 0.401 seconds
[2025-10-08T17:06:31.826+0000] {processor.py:161} INFO - Started process (PID=1292) to work on /home/airflow/.local/lib/python3.8/site-packages/airflow/example_dags/example_local_kubernetes_executor.py
[2025-10-08T17:06:31.828+0000] {processor.py:830} INFO - Processing file /home/airflow/.local/lib/python3.8/site-packages/airflow/example_dags/example_local_kubernetes_executor.py for tasks to queue
[2025-10-08T17:06:31.833+0000] {logging_mixin.py:188} INFO - [2025-10-08T17:06:31.832+0000] {dagbag.py:538} INFO - Filling up the DagBag from /home/airflow/.local/lib/python3.8/site-packages/airflow/example_dags/example_local_kubernetes_executor.py
[2025-10-08T17:06:31.853+0000] {processor.py:840} INFO - DAG(s) 'example_local_kubernetes_executor' retrieved from /home/airflow/.local/lib/python3.8/site-packages/airflow/example_dags/example_local_kubernetes_executor.py
[2025-10-08T17:06:31.918+0000] {logging_mixin.py:188} INFO - [2025-10-08T17:06:31.918+0000] {dag.py:3036} INFO - Sync 1 DAGs
[2025-10-08T17:06:31.939+0000] {logging_mixin.py:188} INFO - [2025-10-08T17:06:31.938+0000] {dag.py:3823} INFO - Setting next_dagrun for example_local_kubernetes_executor to None, run_after=None
[2025-10-08T17:06:32.017+0000] {processor.py:183} INFO - Processing /home/airflow/.local/lib/python3.8/site-packages/airflow/example_dags/example_local_kubernetes_executor.py took 0.199 seconds
[2025-10-08T17:07:02.883+0000] {processor.py:161} INFO - Started process (PID=1352) to work on /home/airflow/.local/lib/python3.8/site-packages/airflow/example_dags/example_local_kubernetes_executor.py
[2025-10-08T17:07:02.885+0000] {processor.py:830} INFO - Processing file /home/airflow/.local/lib/python3.8/site-packages/airflow/example_dags/example_local_kubernetes_executor.py for tasks to queue
[2025-10-08T17:07:02.894+0000] {logging_mixin.py:188} INFO - [2025-10-08T17:07:02.893+0000] {dagbag.py:538} INFO - Filling up the DagBag from /home/airflow/.local/lib/python3.8/site-packages/airflow/example_dags/example_local_kubernetes_executor.py
[2025-10-08T17:07:02.915+0000] {processor.py:840} INFO - DAG(s) 'example_local_kubernetes_executor' retrieved from /home/airflow/.local/lib/python3.8/site-packages/airflow/example_dags/example_local_kubernetes_executor.py
[2025-10-08T17:07:02.995+0000] {logging_mixin.py:188} INFO - [2025-10-08T17:07:02.995+0000] {dag.py:3036} INFO - Sync 1 DAGs
[2025-10-08T17:07:03.018+0000] {logging_mixin.py:188} INFO - [2025-10-08T17:07:03.018+0000] {dag.py:3823} INFO - Setting next_dagrun for example_local_kubernetes_executor to None, run_after=None
[2025-10-08T17:07:03.056+0000] {processor.py:183} INFO - Processing /home/airflow/.local/lib/python3.8/site-packages/airflow/example_dags/example_local_kubernetes_executor.py took 0.181 seconds
[2025-10-08T17:07:33.234+0000] {processor.py:161} INFO - Started process (PID=1412) to work on /home/airflow/.local/lib/python3.8/site-packages/airflow/example_dags/example_local_kubernetes_executor.py
[2025-10-08T17:07:33.236+0000] {processor.py:830} INFO - Processing file /home/airflow/.local/lib/python3.8/site-packages/airflow/example_dags/example_local_kubernetes_executor.py for tasks to queue
[2025-10-08T17:07:33.239+0000] {logging_mixin.py:188} INFO - [2025-10-08T17:07:33.239+0000] {dagbag.py:538} INFO - Filling up the DagBag from /home/airflow/.local/lib/python3.8/site-packages/airflow/example_dags/example_local_kubernetes_executor.py
[2025-10-08T17:07:33.252+0000] {processor.py:840} INFO - DAG(s) 'example_local_kubernetes_executor' retrieved from /home/airflow/.local/lib/python3.8/site-packages/airflow/example_dags/example_local_kubernetes_executor.py
[2025-10-08T17:07:33.277+0000] {logging_mixin.py:188} INFO - [2025-10-08T17:07:33.277+0000] {dag.py:3036} INFO - Sync 1 DAGs
[2025-10-08T17:07:33.298+0000] {logging_mixin.py:188} INFO - [2025-10-08T17:07:33.298+0000] {dag.py:3823} INFO - Setting next_dagrun for example_local_kubernetes_executor to None, run_after=None
[2025-10-08T17:07:33.331+0000] {processor.py:183} INFO - Processing /home/airflow/.local/lib/python3.8/site-packages/airflow/example_dags/example_local_kubernetes_executor.py took 0.102 seconds
[2025-10-08T17:10:09.037+0000] {processor.py:161} INFO - Started process (PID=86) to work on /home/airflow/.local/lib/python3.8/site-packages/airflow/example_dags/example_local_kubernetes_executor.py
[2025-10-08T17:10:09.039+0000] {processor.py:830} INFO - Processing file /home/airflow/.local/lib/python3.8/site-packages/airflow/example_dags/example_local_kubernetes_executor.py for tasks to queue
[2025-10-08T17:10:09.044+0000] {logging_mixin.py:188} INFO - [2025-10-08T17:10:09.043+0000] {dagbag.py:538} INFO - Filling up the DagBag from /home/airflow/.local/lib/python3.8/site-packages/airflow/example_dags/example_local_kubernetes_executor.py
[2025-10-08T17:10:09.057+0000] {processor.py:840} INFO - DAG(s) 'example_local_kubernetes_executor' retrieved from /home/airflow/.local/lib/python3.8/site-packages/airflow/example_dags/example_local_kubernetes_executor.py
[2025-10-08T17:10:09.275+0000] {logging_mixin.py:188} INFO - [2025-10-08T17:10:09.275+0000] {dag.py:3036} INFO - Sync 1 DAGs
[2025-10-08T17:10:09.293+0000] {logging_mixin.py:188} INFO - [2025-10-08T17:10:09.292+0000] {dag.py:3823} INFO - Setting next_dagrun for example_local_kubernetes_executor to None, run_after=None
[2025-10-08T17:10:09.390+0000] {processor.py:183} INFO - Processing /home/airflow/.local/lib/python3.8/site-packages/airflow/example_dags/example_local_kubernetes_executor.py took 0.359 seconds
[2025-10-08T17:10:40.321+0000] {processor.py:161} INFO - Started process (PID=145) to work on /home/airflow/.local/lib/python3.8/site-packages/airflow/example_dags/example_local_kubernetes_executor.py
[2025-10-08T17:10:40.323+0000] {processor.py:830} INFO - Processing file /home/airflow/.local/lib/python3.8/site-packages/airflow/example_dags/example_local_kubernetes_executor.py for tasks to queue
[2025-10-08T17:10:40.326+0000] {logging_mixin.py:188} INFO - [2025-10-08T17:10:40.326+0000] {dagbag.py:538} INFO - Filling up the DagBag from /home/airflow/.local/lib/python3.8/site-packages/airflow/example_dags/example_local_kubernetes_executor.py
[2025-10-08T17:10:40.337+0000] {processor.py:840} INFO - DAG(s) 'example_local_kubernetes_executor' retrieved from /home/airflow/.local/lib/python3.8/site-packages/airflow/example_dags/example_local_kubernetes_executor.py
[2025-10-08T17:10:40.394+0000] {logging_mixin.py:188} INFO - [2025-10-08T17:10:40.394+0000] {dag.py:3036} INFO - Sync 1 DAGs
[2025-10-08T17:10:40.412+0000] {logging_mixin.py:188} INFO - [2025-10-08T17:10:40.411+0000] {dag.py:3823} INFO - Setting next_dagrun for example_local_kubernetes_executor to None, run_after=None
[2025-10-08T17:10:40.439+0000] {processor.py:183} INFO - Processing /home/airflow/.local/lib/python3.8/site-packages/airflow/example_dags/example_local_kubernetes_executor.py took 0.122 seconds
[2025-10-08T17:11:11.053+0000] {processor.py:161} INFO - Started process (PID=205) to work on /home/airflow/.local/lib/python3.8/site-packages/airflow/example_dags/example_local_kubernetes_executor.py
[2025-10-08T17:11:11.057+0000] {processor.py:830} INFO - Processing file /home/airflow/.local/lib/python3.8/site-packages/airflow/example_dags/example_local_kubernetes_executor.py for tasks to queue
[2025-10-08T17:11:11.061+0000] {logging_mixin.py:188} INFO - [2025-10-08T17:11:11.061+0000] {dagbag.py:538} INFO - Filling up the DagBag from /home/airflow/.local/lib/python3.8/site-packages/airflow/example_dags/example_local_kubernetes_executor.py
[2025-10-08T17:11:11.079+0000] {processor.py:840} INFO - DAG(s) 'example_local_kubernetes_executor' retrieved from /home/airflow/.local/lib/python3.8/site-packages/airflow/example_dags/example_local_kubernetes_executor.py
[2025-10-08T17:11:11.171+0000] {logging_mixin.py:188} INFO - [2025-10-08T17:11:11.171+0000] {dag.py:3036} INFO - Sync 1 DAGs
[2025-10-08T17:11:11.197+0000] {logging_mixin.py:188} INFO - [2025-10-08T17:11:11.196+0000] {dag.py:3823} INFO - Setting next_dagrun for example_local_kubernetes_executor to None, run_after=None
[2025-10-08T17:11:11.234+0000] {processor.py:183} INFO - Processing /home/airflow/.local/lib/python3.8/site-packages/airflow/example_dags/example_local_kubernetes_executor.py took 0.191 seconds
[2025-10-08T17:11:41.729+0000] {processor.py:161} INFO - Started process (PID=265) to work on /home/airflow/.local/lib/python3.8/site-packages/airflow/example_dags/example_local_kubernetes_executor.py
[2025-10-08T17:11:41.731+0000] {processor.py:830} INFO - Processing file /home/airflow/.local/lib/python3.8/site-packages/airflow/example_dags/example_local_kubernetes_executor.py for tasks to queue
[2025-10-08T17:11:41.734+0000] {logging_mixin.py:188} INFO - [2025-10-08T17:11:41.734+0000] {dagbag.py:538} INFO - Filling up the DagBag from /home/airflow/.local/lib/python3.8/site-packages/airflow/example_dags/example_local_kubernetes_executor.py
[2025-10-08T17:11:41.745+0000] {processor.py:840} INFO - DAG(s) 'example_local_kubernetes_executor' retrieved from /home/airflow/.local/lib/python3.8/site-packages/airflow/example_dags/example_local_kubernetes_executor.py
[2025-10-08T17:11:41.804+0000] {logging_mixin.py:188} INFO - [2025-10-08T17:11:41.803+0000] {dag.py:3036} INFO - Sync 1 DAGs
[2025-10-08T17:11:41.821+0000] {logging_mixin.py:188} INFO - [2025-10-08T17:11:41.821+0000] {dag.py:3823} INFO - Setting next_dagrun for example_local_kubernetes_executor to None, run_after=None
[2025-10-08T17:11:41.850+0000] {processor.py:183} INFO - Processing /home/airflow/.local/lib/python3.8/site-packages/airflow/example_dags/example_local_kubernetes_executor.py took 0.126 seconds
[2025-10-08T17:12:12.317+0000] {processor.py:161} INFO - Started process (PID=325) to work on /home/airflow/.local/lib/python3.8/site-packages/airflow/example_dags/example_local_kubernetes_executor.py
[2025-10-08T17:12:12.319+0000] {processor.py:830} INFO - Processing file /home/airflow/.local/lib/python3.8/site-packages/airflow/example_dags/example_local_kubernetes_executor.py for tasks to queue
[2025-10-08T17:12:12.321+0000] {logging_mixin.py:188} INFO - [2025-10-08T17:12:12.321+0000] {dagbag.py:538} INFO - Filling up the DagBag from /home/airflow/.local/lib/python3.8/site-packages/airflow/example_dags/example_local_kubernetes_executor.py
[2025-10-08T17:12:12.330+0000] {processor.py:840} INFO - DAG(s) 'example_local_kubernetes_executor' retrieved from /home/airflow/.local/lib/python3.8/site-packages/airflow/example_dags/example_local_kubernetes_executor.py
[2025-10-08T17:12:12.382+0000] {logging_mixin.py:188} INFO - [2025-10-08T17:12:12.382+0000] {dag.py:3036} INFO - Sync 1 DAGs
[2025-10-08T17:12:12.398+0000] {logging_mixin.py:188} INFO - [2025-10-08T17:12:12.398+0000] {dag.py:3823} INFO - Setting next_dagrun for example_local_kubernetes_executor to None, run_after=None
[2025-10-08T17:12:12.448+0000] {processor.py:183} INFO - Processing /home/airflow/.local/lib/python3.8/site-packages/airflow/example_dags/example_local_kubernetes_executor.py took 0.137 seconds
[2025-10-08T17:12:44.010+0000] {processor.py:161} INFO - Started process (PID=385) to work on /home/airflow/.local/lib/python3.8/site-packages/airflow/example_dags/example_local_kubernetes_executor.py
[2025-10-08T17:12:44.012+0000] {processor.py:830} INFO - Processing file /home/airflow/.local/lib/python3.8/site-packages/airflow/example_dags/example_local_kubernetes_executor.py for tasks to queue
[2025-10-08T17:12:44.017+0000] {logging_mixin.py:188} INFO - [2025-10-08T17:12:44.016+0000] {dagbag.py:538} INFO - Filling up the DagBag from /home/airflow/.local/lib/python3.8/site-packages/airflow/example_dags/example_local_kubernetes_executor.py
[2025-10-08T17:12:44.041+0000] {processor.py:840} INFO - DAG(s) 'example_local_kubernetes_executor' retrieved from /home/airflow/.local/lib/python3.8/site-packages/airflow/example_dags/example_local_kubernetes_executor.py
[2025-10-08T17:12:44.136+0000] {logging_mixin.py:188} INFO - [2025-10-08T17:12:44.136+0000] {dag.py:3036} INFO - Sync 1 DAGs
[2025-10-08T17:12:44.162+0000] {logging_mixin.py:188} INFO - [2025-10-08T17:12:44.161+0000] {dag.py:3823} INFO - Setting next_dagrun for example_local_kubernetes_executor to None, run_after=None
[2025-10-08T17:12:44.230+0000] {processor.py:183} INFO - Processing /home/airflow/.local/lib/python3.8/site-packages/airflow/example_dags/example_local_kubernetes_executor.py took 0.226 seconds
[2025-10-08T17:13:14.575+0000] {processor.py:161} INFO - Started process (PID=445) to work on /home/airflow/.local/lib/python3.8/site-packages/airflow/example_dags/example_local_kubernetes_executor.py
[2025-10-08T17:13:14.578+0000] {processor.py:830} INFO - Processing file /home/airflow/.local/lib/python3.8/site-packages/airflow/example_dags/example_local_kubernetes_executor.py for tasks to queue
[2025-10-08T17:13:14.581+0000] {logging_mixin.py:188} INFO - [2025-10-08T17:13:14.581+0000] {dagbag.py:538} INFO - Filling up the DagBag from /home/airflow/.local/lib/python3.8/site-packages/airflow/example_dags/example_local_kubernetes_executor.py
[2025-10-08T17:13:14.595+0000] {processor.py:840} INFO - DAG(s) 'example_local_kubernetes_executor' retrieved from /home/airflow/.local/lib/python3.8/site-packages/airflow/example_dags/example_local_kubernetes_executor.py
[2025-10-08T17:13:14.624+0000] {logging_mixin.py:188} INFO - [2025-10-08T17:13:14.623+0000] {dag.py:3036} INFO - Sync 1 DAGs
[2025-10-08T17:13:14.651+0000] {logging_mixin.py:188} INFO - [2025-10-08T17:13:14.651+0000] {dag.py:3823} INFO - Setting next_dagrun for example_local_kubernetes_executor to None, run_after=None
[2025-10-08T17:13:14.703+0000] {processor.py:183} INFO - Processing /home/airflow/.local/lib/python3.8/site-packages/airflow/example_dags/example_local_kubernetes_executor.py took 0.135 seconds
[2025-10-08T17:13:46.506+0000] {processor.py:161} INFO - Started process (PID=505) to work on /home/airflow/.local/lib/python3.8/site-packages/airflow/example_dags/example_local_kubernetes_executor.py
[2025-10-08T17:13:46.508+0000] {processor.py:830} INFO - Processing file /home/airflow/.local/lib/python3.8/site-packages/airflow/example_dags/example_local_kubernetes_executor.py for tasks to queue
[2025-10-08T17:13:46.510+0000] {logging_mixin.py:188} INFO - [2025-10-08T17:13:46.510+0000] {dagbag.py:538} INFO - Filling up the DagBag from /home/airflow/.local/lib/python3.8/site-packages/airflow/example_dags/example_local_kubernetes_executor.py
[2025-10-08T17:13:46.519+0000] {processor.py:840} INFO - DAG(s) 'example_local_kubernetes_executor' retrieved from /home/airflow/.local/lib/python3.8/site-packages/airflow/example_dags/example_local_kubernetes_executor.py
[2025-10-08T17:13:46.676+0000] {logging_mixin.py:188} INFO - [2025-10-08T17:13:46.675+0000] {dag.py:3036} INFO - Sync 1 DAGs
[2025-10-08T17:13:46.690+0000] {logging_mixin.py:188} INFO - [2025-10-08T17:13:46.690+0000] {dag.py:3823} INFO - Setting next_dagrun for example_local_kubernetes_executor to None, run_after=None
[2025-10-08T17:13:46.747+0000] {processor.py:183} INFO - Processing /home/airflow/.local/lib/python3.8/site-packages/airflow/example_dags/example_local_kubernetes_executor.py took 0.245 seconds
[2025-10-08T17:14:17.810+0000] {processor.py:161} INFO - Started process (PID=565) to work on /home/airflow/.local/lib/python3.8/site-packages/airflow/example_dags/example_local_kubernetes_executor.py
[2025-10-08T17:14:17.812+0000] {processor.py:830} INFO - Processing file /home/airflow/.local/lib/python3.8/site-packages/airflow/example_dags/example_local_kubernetes_executor.py for tasks to queue
[2025-10-08T17:14:17.818+0000] {logging_mixin.py:188} INFO - [2025-10-08T17:14:17.817+0000] {dagbag.py:538} INFO - Filling up the DagBag from /home/airflow/.local/lib/python3.8/site-packages/airflow/example_dags/example_local_kubernetes_executor.py
[2025-10-08T17:14:17.835+0000] {processor.py:840} INFO - DAG(s) 'example_local_kubernetes_executor' retrieved from /home/airflow/.local/lib/python3.8/site-packages/airflow/example_dags/example_local_kubernetes_executor.py
[2025-10-08T17:14:17.897+0000] {logging_mixin.py:188} INFO - [2025-10-08T17:14:17.897+0000] {dag.py:3036} INFO - Sync 1 DAGs
[2025-10-08T17:14:17.914+0000] {logging_mixin.py:188} INFO - [2025-10-08T17:14:17.914+0000] {dag.py:3823} INFO - Setting next_dagrun for example_local_kubernetes_executor to None, run_after=None
[2025-10-08T17:14:17.982+0000] {processor.py:183} INFO - Processing /home/airflow/.local/lib/python3.8/site-packages/airflow/example_dags/example_local_kubernetes_executor.py took 0.180 seconds
[2025-10-08T17:14:48.426+0000] {processor.py:161} INFO - Started process (PID=624) to work on /home/airflow/.local/lib/python3.8/site-packages/airflow/example_dags/example_local_kubernetes_executor.py
[2025-10-08T17:14:48.428+0000] {processor.py:830} INFO - Processing file /home/airflow/.local/lib/python3.8/site-packages/airflow/example_dags/example_local_kubernetes_executor.py for tasks to queue
[2025-10-08T17:14:48.430+0000] {logging_mixin.py:188} INFO - [2025-10-08T17:14:48.430+0000] {dagbag.py:538} INFO - Filling up the DagBag from /home/airflow/.local/lib/python3.8/site-packages/airflow/example_dags/example_local_kubernetes_executor.py
[2025-10-08T17:14:48.439+0000] {processor.py:840} INFO - DAG(s) 'example_local_kubernetes_executor' retrieved from /home/airflow/.local/lib/python3.8/site-packages/airflow/example_dags/example_local_kubernetes_executor.py
[2025-10-08T17:14:48.495+0000] {logging_mixin.py:188} INFO - [2025-10-08T17:14:48.495+0000] {dag.py:3036} INFO - Sync 1 DAGs
[2025-10-08T17:14:48.511+0000] {logging_mixin.py:188} INFO - [2025-10-08T17:14:48.510+0000] {dag.py:3823} INFO - Setting next_dagrun for example_local_kubernetes_executor to None, run_after=None
[2025-10-08T17:14:48.590+0000] {processor.py:183} INFO - Processing /home/airflow/.local/lib/python3.8/site-packages/airflow/example_dags/example_local_kubernetes_executor.py took 0.168 seconds
[2025-10-08T17:15:19.637+0000] {processor.py:161} INFO - Started process (PID=683) to work on /home/airflow/.local/lib/python3.8/site-packages/airflow/example_dags/example_local_kubernetes_executor.py
[2025-10-08T17:15:19.640+0000] {processor.py:830} INFO - Processing file /home/airflow/.local/lib/python3.8/site-packages/airflow/example_dags/example_local_kubernetes_executor.py for tasks to queue
[2025-10-08T17:15:19.644+0000] {logging_mixin.py:188} INFO - [2025-10-08T17:15:19.643+0000] {dagbag.py:538} INFO - Filling up the DagBag from /home/airflow/.local/lib/python3.8/site-packages/airflow/example_dags/example_local_kubernetes_executor.py
[2025-10-08T17:15:19.653+0000] {processor.py:840} INFO - DAG(s) 'example_local_kubernetes_executor' retrieved from /home/airflow/.local/lib/python3.8/site-packages/airflow/example_dags/example_local_kubernetes_executor.py
[2025-10-08T17:15:19.711+0000] {logging_mixin.py:188} INFO - [2025-10-08T17:15:19.710+0000] {dag.py:3036} INFO - Sync 1 DAGs
[2025-10-08T17:15:19.731+0000] {logging_mixin.py:188} INFO - [2025-10-08T17:15:19.731+0000] {dag.py:3823} INFO - Setting next_dagrun for example_local_kubernetes_executor to None, run_after=None
[2025-10-08T17:15:19.761+0000] {processor.py:183} INFO - Processing /home/airflow/.local/lib/python3.8/site-packages/airflow/example_dags/example_local_kubernetes_executor.py took 0.131 seconds
[2025-10-08T17:15:50.951+0000] {processor.py:161} INFO - Started process (PID=743) to work on /home/airflow/.local/lib/python3.8/site-packages/airflow/example_dags/example_local_kubernetes_executor.py
[2025-10-08T17:15:50.954+0000] {processor.py:830} INFO - Processing file /home/airflow/.local/lib/python3.8/site-packages/airflow/example_dags/example_local_kubernetes_executor.py for tasks to queue
[2025-10-08T17:15:50.958+0000] {logging_mixin.py:188} INFO - [2025-10-08T17:15:50.957+0000] {dagbag.py:538} INFO - Filling up the DagBag from /home/airflow/.local/lib/python3.8/site-packages/airflow/example_dags/example_local_kubernetes_executor.py
[2025-10-08T17:15:50.970+0000] {processor.py:840} INFO - DAG(s) 'example_local_kubernetes_executor' retrieved from /home/airflow/.local/lib/python3.8/site-packages/airflow/example_dags/example_local_kubernetes_executor.py
[2025-10-08T17:15:51.040+0000] {logging_mixin.py:188} INFO - [2025-10-08T17:15:51.039+0000] {dag.py:3036} INFO - Sync 1 DAGs
[2025-10-08T17:15:51.060+0000] {logging_mixin.py:188} INFO - [2025-10-08T17:15:51.060+0000] {dag.py:3823} INFO - Setting next_dagrun for example_local_kubernetes_executor to None, run_after=None
[2025-10-08T17:15:51.096+0000] {processor.py:183} INFO - Processing /home/airflow/.local/lib/python3.8/site-packages/airflow/example_dags/example_local_kubernetes_executor.py took 0.151 seconds
[2025-10-08T17:16:22.100+0000] {processor.py:161} INFO - Started process (PID=809) to work on /home/airflow/.local/lib/python3.8/site-packages/airflow/example_dags/example_local_kubernetes_executor.py
[2025-10-08T17:16:22.102+0000] {processor.py:830} INFO - Processing file /home/airflow/.local/lib/python3.8/site-packages/airflow/example_dags/example_local_kubernetes_executor.py for tasks to queue
[2025-10-08T17:16:22.105+0000] {logging_mixin.py:188} INFO - [2025-10-08T17:16:22.105+0000] {dagbag.py:538} INFO - Filling up the DagBag from /home/airflow/.local/lib/python3.8/site-packages/airflow/example_dags/example_local_kubernetes_executor.py
[2025-10-08T17:16:22.116+0000] {processor.py:840} INFO - DAG(s) 'example_local_kubernetes_executor' retrieved from /home/airflow/.local/lib/python3.8/site-packages/airflow/example_dags/example_local_kubernetes_executor.py
[2025-10-08T17:16:22.195+0000] {logging_mixin.py:188} INFO - [2025-10-08T17:16:22.194+0000] {dag.py:3036} INFO - Sync 1 DAGs
[2025-10-08T17:16:22.225+0000] {logging_mixin.py:188} INFO - [2025-10-08T17:16:22.225+0000] {dag.py:3823} INFO - Setting next_dagrun for example_local_kubernetes_executor to None, run_after=None
[2025-10-08T17:16:22.289+0000] {processor.py:183} INFO - Processing /home/airflow/.local/lib/python3.8/site-packages/airflow/example_dags/example_local_kubernetes_executor.py took 0.194 seconds
[2025-10-08T17:16:53.258+0000] {processor.py:161} INFO - Started process (PID=870) to work on /home/airflow/.local/lib/python3.8/site-packages/airflow/example_dags/example_local_kubernetes_executor.py
[2025-10-08T17:16:53.260+0000] {processor.py:830} INFO - Processing file /home/airflow/.local/lib/python3.8/site-packages/airflow/example_dags/example_local_kubernetes_executor.py for tasks to queue
[2025-10-08T17:16:53.265+0000] {logging_mixin.py:188} INFO - [2025-10-08T17:16:53.265+0000] {dagbag.py:538} INFO - Filling up the DagBag from /home/airflow/.local/lib/python3.8/site-packages/airflow/example_dags/example_local_kubernetes_executor.py
[2025-10-08T17:16:53.284+0000] {processor.py:840} INFO - DAG(s) 'example_local_kubernetes_executor' retrieved from /home/airflow/.local/lib/python3.8/site-packages/airflow/example_dags/example_local_kubernetes_executor.py
[2025-10-08T17:16:53.360+0000] {logging_mixin.py:188} INFO - [2025-10-08T17:16:53.359+0000] {dag.py:3036} INFO - Sync 1 DAGs
[2025-10-08T17:16:53.382+0000] {logging_mixin.py:188} INFO - [2025-10-08T17:16:53.381+0000] {dag.py:3823} INFO - Setting next_dagrun for example_local_kubernetes_executor to None, run_after=None
[2025-10-08T17:16:53.445+0000] {processor.py:183} INFO - Processing /home/airflow/.local/lib/python3.8/site-packages/airflow/example_dags/example_local_kubernetes_executor.py took 0.196 seconds
[2025-10-08T17:17:25.223+0000] {processor.py:161} INFO - Started process (PID=931) to work on /home/airflow/.local/lib/python3.8/site-packages/airflow/example_dags/example_local_kubernetes_executor.py
[2025-10-08T17:17:25.225+0000] {processor.py:830} INFO - Processing file /home/airflow/.local/lib/python3.8/site-packages/airflow/example_dags/example_local_kubernetes_executor.py for tasks to queue
[2025-10-08T17:17:25.227+0000] {logging_mixin.py:188} INFO - [2025-10-08T17:17:25.227+0000] {dagbag.py:538} INFO - Filling up the DagBag from /home/airflow/.local/lib/python3.8/site-packages/airflow/example_dags/example_local_kubernetes_executor.py
[2025-10-08T17:17:25.237+0000] {processor.py:840} INFO - DAG(s) 'example_local_kubernetes_executor' retrieved from /home/airflow/.local/lib/python3.8/site-packages/airflow/example_dags/example_local_kubernetes_executor.py
[2025-10-08T17:17:25.295+0000] {logging_mixin.py:188} INFO - [2025-10-08T17:17:25.295+0000] {dag.py:3036} INFO - Sync 1 DAGs
[2025-10-08T17:17:25.313+0000] {logging_mixin.py:188} INFO - [2025-10-08T17:17:25.313+0000] {dag.py:3823} INFO - Setting next_dagrun for example_local_kubernetes_executor to None, run_after=None
[2025-10-08T17:17:25.340+0000] {processor.py:183} INFO - Processing /home/airflow/.local/lib/python3.8/site-packages/airflow/example_dags/example_local_kubernetes_executor.py took 0.122 seconds
[2025-10-08T18:19:39.219+0000] {processor.py:161} INFO - Started process (PID=67) to work on /home/airflow/.local/lib/python3.8/site-packages/airflow/example_dags/example_local_kubernetes_executor.py
[2025-10-08T18:19:39.221+0000] {processor.py:830} INFO - Processing file /home/airflow/.local/lib/python3.8/site-packages/airflow/example_dags/example_local_kubernetes_executor.py for tasks to queue
[2025-10-08T18:19:39.225+0000] {logging_mixin.py:188} INFO - [2025-10-08T18:19:39.224+0000] {dagbag.py:538} INFO - Filling up the DagBag from /home/airflow/.local/lib/python3.8/site-packages/airflow/example_dags/example_local_kubernetes_executor.py
[2025-10-08T18:19:39.239+0000] {processor.py:840} INFO - DAG(s) 'example_local_kubernetes_executor' retrieved from /home/airflow/.local/lib/python3.8/site-packages/airflow/example_dags/example_local_kubernetes_executor.py
[2025-10-08T18:19:39.458+0000] {logging_mixin.py:188} INFO - [2025-10-08T18:19:39.457+0000] {override.py:1769} INFO - Created Permission View: can edit on DAG:example_local_kubernetes_executor
[2025-10-08T18:19:39.477+0000] {logging_mixin.py:188} INFO - [2025-10-08T18:19:39.477+0000] {override.py:1769} INFO - Created Permission View: can delete on DAG:example_local_kubernetes_executor
[2025-10-08T18:19:39.491+0000] {logging_mixin.py:188} INFO - [2025-10-08T18:19:39.490+0000] {override.py:1769} INFO - Created Permission View: can read on DAG:example_local_kubernetes_executor
[2025-10-08T18:19:39.492+0000] {logging_mixin.py:188} INFO - [2025-10-08T18:19:39.491+0000] {dag.py:3036} INFO - Sync 1 DAGs
[2025-10-08T18:19:39.510+0000] {logging_mixin.py:188} INFO - [2025-10-08T18:19:39.510+0000] {dag.py:3058} INFO - Creating ORM DAG for example_local_kubernetes_executor
[2025-10-08T18:19:39.511+0000] {logging_mixin.py:188} INFO - [2025-10-08T18:19:39.511+0000] {dag.py:3823} INFO - Setting next_dagrun for example_local_kubernetes_executor to None, run_after=None
[2025-10-08T18:19:39.544+0000] {processor.py:183} INFO - Processing /home/airflow/.local/lib/python3.8/site-packages/airflow/example_dags/example_local_kubernetes_executor.py took 0.330 seconds
[2025-10-08T18:20:10.433+0000] {processor.py:161} INFO - Started process (PID=128) to work on /home/airflow/.local/lib/python3.8/site-packages/airflow/example_dags/example_local_kubernetes_executor.py
[2025-10-08T18:20:10.435+0000] {processor.py:830} INFO - Processing file /home/airflow/.local/lib/python3.8/site-packages/airflow/example_dags/example_local_kubernetes_executor.py for tasks to queue
[2025-10-08T18:20:10.438+0000] {logging_mixin.py:188} INFO - [2025-10-08T18:20:10.438+0000] {dagbag.py:538} INFO - Filling up the DagBag from /home/airflow/.local/lib/python3.8/site-packages/airflow/example_dags/example_local_kubernetes_executor.py
[2025-10-08T18:20:10.449+0000] {processor.py:840} INFO - DAG(s) 'example_local_kubernetes_executor' retrieved from /home/airflow/.local/lib/python3.8/site-packages/airflow/example_dags/example_local_kubernetes_executor.py
[2025-10-08T18:20:10.519+0000] {logging_mixin.py:188} INFO - [2025-10-08T18:20:10.519+0000] {dag.py:3036} INFO - Sync 1 DAGs
[2025-10-08T18:20:10.543+0000] {logging_mixin.py:188} INFO - [2025-10-08T18:20:10.542+0000] {dag.py:3823} INFO - Setting next_dagrun for example_local_kubernetes_executor to None, run_after=None
[2025-10-08T18:20:10.577+0000] {processor.py:183} INFO - Processing /home/airflow/.local/lib/python3.8/site-packages/airflow/example_dags/example_local_kubernetes_executor.py took 0.150 seconds
[2025-10-08T18:20:40.930+0000] {processor.py:161} INFO - Started process (PID=188) to work on /home/airflow/.local/lib/python3.8/site-packages/airflow/example_dags/example_local_kubernetes_executor.py
[2025-10-08T18:20:40.931+0000] {processor.py:830} INFO - Processing file /home/airflow/.local/lib/python3.8/site-packages/airflow/example_dags/example_local_kubernetes_executor.py for tasks to queue
[2025-10-08T18:20:40.934+0000] {logging_mixin.py:188} INFO - [2025-10-08T18:20:40.934+0000] {dagbag.py:538} INFO - Filling up the DagBag from /home/airflow/.local/lib/python3.8/site-packages/airflow/example_dags/example_local_kubernetes_executor.py
[2025-10-08T18:20:40.943+0000] {processor.py:840} INFO - DAG(s) 'example_local_kubernetes_executor' retrieved from /home/airflow/.local/lib/python3.8/site-packages/airflow/example_dags/example_local_kubernetes_executor.py
[2025-10-08T18:20:40.999+0000] {logging_mixin.py:188} INFO - [2025-10-08T18:20:40.999+0000] {dag.py:3036} INFO - Sync 1 DAGs
[2025-10-08T18:20:41.015+0000] {logging_mixin.py:188} INFO - [2025-10-08T18:20:41.015+0000] {dag.py:3823} INFO - Setting next_dagrun for example_local_kubernetes_executor to None, run_after=None
[2025-10-08T18:20:41.067+0000] {processor.py:183} INFO - Processing /home/airflow/.local/lib/python3.8/site-packages/airflow/example_dags/example_local_kubernetes_executor.py took 0.141 seconds
[2025-10-08T18:21:11.573+0000] {processor.py:161} INFO - Started process (PID=248) to work on /home/airflow/.local/lib/python3.8/site-packages/airflow/example_dags/example_local_kubernetes_executor.py
[2025-10-08T18:21:11.575+0000] {processor.py:830} INFO - Processing file /home/airflow/.local/lib/python3.8/site-packages/airflow/example_dags/example_local_kubernetes_executor.py for tasks to queue
[2025-10-08T18:21:11.578+0000] {logging_mixin.py:188} INFO - [2025-10-08T18:21:11.578+0000] {dagbag.py:538} INFO - Filling up the DagBag from /home/airflow/.local/lib/python3.8/site-packages/airflow/example_dags/example_local_kubernetes_executor.py
[2025-10-08T18:21:11.594+0000] {processor.py:840} INFO - DAG(s) 'example_local_kubernetes_executor' retrieved from /home/airflow/.local/lib/python3.8/site-packages/airflow/example_dags/example_local_kubernetes_executor.py
[2025-10-08T18:21:11.772+0000] {logging_mixin.py:188} INFO - [2025-10-08T18:21:11.771+0000] {dag.py:3036} INFO - Sync 1 DAGs
[2025-10-08T18:21:11.843+0000] {logging_mixin.py:188} INFO - [2025-10-08T18:21:11.843+0000] {dag.py:3823} INFO - Setting next_dagrun for example_local_kubernetes_executor to None, run_after=None
[2025-10-08T18:21:11.924+0000] {processor.py:183} INFO - Processing /home/airflow/.local/lib/python3.8/site-packages/airflow/example_dags/example_local_kubernetes_executor.py took 0.355 seconds
[2025-10-08T18:21:42.734+0000] {processor.py:161} INFO - Started process (PID=308) to work on /home/airflow/.local/lib/python3.8/site-packages/airflow/example_dags/example_local_kubernetes_executor.py
[2025-10-08T18:21:42.737+0000] {processor.py:830} INFO - Processing file /home/airflow/.local/lib/python3.8/site-packages/airflow/example_dags/example_local_kubernetes_executor.py for tasks to queue
[2025-10-08T18:21:42.742+0000] {logging_mixin.py:188} INFO - [2025-10-08T18:21:42.741+0000] {dagbag.py:538} INFO - Filling up the DagBag from /home/airflow/.local/lib/python3.8/site-packages/airflow/example_dags/example_local_kubernetes_executor.py
[2025-10-08T18:21:42.758+0000] {processor.py:840} INFO - DAG(s) 'example_local_kubernetes_executor' retrieved from /home/airflow/.local/lib/python3.8/site-packages/airflow/example_dags/example_local_kubernetes_executor.py
[2025-10-08T18:21:42.812+0000] {logging_mixin.py:188} INFO - [2025-10-08T18:21:42.811+0000] {dag.py:3036} INFO - Sync 1 DAGs
[2025-10-08T18:21:42.828+0000] {logging_mixin.py:188} INFO - [2025-10-08T18:21:42.828+0000] {dag.py:3823} INFO - Setting next_dagrun for example_local_kubernetes_executor to None, run_after=None
[2025-10-08T18:21:42.884+0000] {processor.py:183} INFO - Processing /home/airflow/.local/lib/python3.8/site-packages/airflow/example_dags/example_local_kubernetes_executor.py took 0.158 seconds
[2025-10-08T18:22:13.213+0000] {processor.py:161} INFO - Started process (PID=368) to work on /home/airflow/.local/lib/python3.8/site-packages/airflow/example_dags/example_local_kubernetes_executor.py
[2025-10-08T18:22:13.215+0000] {processor.py:830} INFO - Processing file /home/airflow/.local/lib/python3.8/site-packages/airflow/example_dags/example_local_kubernetes_executor.py for tasks to queue
[2025-10-08T18:22:13.218+0000] {logging_mixin.py:188} INFO - [2025-10-08T18:22:13.217+0000] {dagbag.py:538} INFO - Filling up the DagBag from /home/airflow/.local/lib/python3.8/site-packages/airflow/example_dags/example_local_kubernetes_executor.py
[2025-10-08T18:22:13.229+0000] {processor.py:840} INFO - DAG(s) 'example_local_kubernetes_executor' retrieved from /home/airflow/.local/lib/python3.8/site-packages/airflow/example_dags/example_local_kubernetes_executor.py
[2025-10-08T18:22:13.289+0000] {logging_mixin.py:188} INFO - [2025-10-08T18:22:13.288+0000] {dag.py:3036} INFO - Sync 1 DAGs
[2025-10-08T18:22:13.306+0000] {logging_mixin.py:188} INFO - [2025-10-08T18:22:13.306+0000] {dag.py:3823} INFO - Setting next_dagrun for example_local_kubernetes_executor to None, run_after=None
[2025-10-08T18:22:13.337+0000] {processor.py:183} INFO - Processing /home/airflow/.local/lib/python3.8/site-packages/airflow/example_dags/example_local_kubernetes_executor.py took 0.129 seconds
[2025-10-08T18:22:43.448+0000] {processor.py:161} INFO - Started process (PID=428) to work on /home/airflow/.local/lib/python3.8/site-packages/airflow/example_dags/example_local_kubernetes_executor.py
[2025-10-08T18:22:43.450+0000] {processor.py:830} INFO - Processing file /home/airflow/.local/lib/python3.8/site-packages/airflow/example_dags/example_local_kubernetes_executor.py for tasks to queue
[2025-10-08T18:22:43.453+0000] {logging_mixin.py:188} INFO - [2025-10-08T18:22:43.453+0000] {dagbag.py:538} INFO - Filling up the DagBag from /home/airflow/.local/lib/python3.8/site-packages/airflow/example_dags/example_local_kubernetes_executor.py
[2025-10-08T18:22:43.466+0000] {processor.py:840} INFO - DAG(s) 'example_local_kubernetes_executor' retrieved from /home/airflow/.local/lib/python3.8/site-packages/airflow/example_dags/example_local_kubernetes_executor.py
[2025-10-08T18:22:43.520+0000] {logging_mixin.py:188} INFO - [2025-10-08T18:22:43.519+0000] {dag.py:3036} INFO - Sync 1 DAGs
[2025-10-08T18:22:43.537+0000] {logging_mixin.py:188} INFO - [2025-10-08T18:22:43.536+0000] {dag.py:3823} INFO - Setting next_dagrun for example_local_kubernetes_executor to None, run_after=None
[2025-10-08T18:22:43.563+0000] {processor.py:183} INFO - Processing /home/airflow/.local/lib/python3.8/site-packages/airflow/example_dags/example_local_kubernetes_executor.py took 0.120 seconds
[2025-10-08T18:23:13.938+0000] {processor.py:161} INFO - Started process (PID=488) to work on /home/airflow/.local/lib/python3.8/site-packages/airflow/example_dags/example_local_kubernetes_executor.py
[2025-10-08T18:23:13.941+0000] {processor.py:830} INFO - Processing file /home/airflow/.local/lib/python3.8/site-packages/airflow/example_dags/example_local_kubernetes_executor.py for tasks to queue
[2025-10-08T18:23:13.944+0000] {logging_mixin.py:188} INFO - [2025-10-08T18:23:13.944+0000] {dagbag.py:538} INFO - Filling up the DagBag from /home/airflow/.local/lib/python3.8/site-packages/airflow/example_dags/example_local_kubernetes_executor.py
[2025-10-08T18:23:13.957+0000] {processor.py:840} INFO - DAG(s) 'example_local_kubernetes_executor' retrieved from /home/airflow/.local/lib/python3.8/site-packages/airflow/example_dags/example_local_kubernetes_executor.py
[2025-10-08T18:23:14.036+0000] {logging_mixin.py:188} INFO - [2025-10-08T18:23:14.035+0000] {dag.py:3036} INFO - Sync 1 DAGs
[2025-10-08T18:23:14.059+0000] {logging_mixin.py:188} INFO - [2025-10-08T18:23:14.058+0000] {dag.py:3823} INFO - Setting next_dagrun for example_local_kubernetes_executor to None, run_after=None
[2025-10-08T18:23:14.088+0000] {processor.py:183} INFO - Processing /home/airflow/.local/lib/python3.8/site-packages/airflow/example_dags/example_local_kubernetes_executor.py took 0.155 seconds
[2025-10-08T18:23:44.906+0000] {processor.py:161} INFO - Started process (PID=548) to work on /home/airflow/.local/lib/python3.8/site-packages/airflow/example_dags/example_local_kubernetes_executor.py
[2025-10-08T18:23:44.908+0000] {processor.py:830} INFO - Processing file /home/airflow/.local/lib/python3.8/site-packages/airflow/example_dags/example_local_kubernetes_executor.py for tasks to queue
[2025-10-08T18:23:44.910+0000] {logging_mixin.py:188} INFO - [2025-10-08T18:23:44.910+0000] {dagbag.py:538} INFO - Filling up the DagBag from /home/airflow/.local/lib/python3.8/site-packages/airflow/example_dags/example_local_kubernetes_executor.py
[2025-10-08T18:23:44.920+0000] {processor.py:840} INFO - DAG(s) 'example_local_kubernetes_executor' retrieved from /home/airflow/.local/lib/python3.8/site-packages/airflow/example_dags/example_local_kubernetes_executor.py
[2025-10-08T18:23:44.975+0000] {logging_mixin.py:188} INFO - [2025-10-08T18:23:44.975+0000] {dag.py:3036} INFO - Sync 1 DAGs
[2025-10-08T18:23:44.993+0000] {logging_mixin.py:188} INFO - [2025-10-08T18:23:44.993+0000] {dag.py:3823} INFO - Setting next_dagrun for example_local_kubernetes_executor to None, run_after=None
[2025-10-08T18:23:45.029+0000] {processor.py:183} INFO - Processing /home/airflow/.local/lib/python3.8/site-packages/airflow/example_dags/example_local_kubernetes_executor.py took 0.127 seconds
[2025-10-08T18:24:17.313+0000] {processor.py:161} INFO - Started process (PID=609) to work on /home/airflow/.local/lib/python3.8/site-packages/airflow/example_dags/example_local_kubernetes_executor.py
[2025-10-08T18:24:17.314+0000] {processor.py:830} INFO - Processing file /home/airflow/.local/lib/python3.8/site-packages/airflow/example_dags/example_local_kubernetes_executor.py for tasks to queue
[2025-10-08T18:24:17.317+0000] {logging_mixin.py:188} INFO - [2025-10-08T18:24:17.317+0000] {dagbag.py:538} INFO - Filling up the DagBag from /home/airflow/.local/lib/python3.8/site-packages/airflow/example_dags/example_local_kubernetes_executor.py
[2025-10-08T18:24:17.329+0000] {processor.py:840} INFO - DAG(s) 'example_local_kubernetes_executor' retrieved from /home/airflow/.local/lib/python3.8/site-packages/airflow/example_dags/example_local_kubernetes_executor.py
[2025-10-08T18:24:17.388+0000] {logging_mixin.py:188} INFO - [2025-10-08T18:24:17.388+0000] {dag.py:3036} INFO - Sync 1 DAGs
[2025-10-08T18:24:17.406+0000] {logging_mixin.py:188} INFO - [2025-10-08T18:24:17.406+0000] {dag.py:3823} INFO - Setting next_dagrun for example_local_kubernetes_executor to None, run_after=None
[2025-10-08T18:24:17.527+0000] {processor.py:183} INFO - Processing /home/airflow/.local/lib/python3.8/site-packages/airflow/example_dags/example_local_kubernetes_executor.py took 0.219 seconds
[2025-10-08T18:24:48.051+0000] {processor.py:161} INFO - Started process (PID=669) to work on /home/airflow/.local/lib/python3.8/site-packages/airflow/example_dags/example_local_kubernetes_executor.py
[2025-10-08T18:24:48.053+0000] {processor.py:830} INFO - Processing file /home/airflow/.local/lib/python3.8/site-packages/airflow/example_dags/example_local_kubernetes_executor.py for tasks to queue
[2025-10-08T18:24:48.058+0000] {logging_mixin.py:188} INFO - [2025-10-08T18:24:48.057+0000] {dagbag.py:538} INFO - Filling up the DagBag from /home/airflow/.local/lib/python3.8/site-packages/airflow/example_dags/example_local_kubernetes_executor.py
[2025-10-08T18:24:48.073+0000] {processor.py:840} INFO - DAG(s) 'example_local_kubernetes_executor' retrieved from /home/airflow/.local/lib/python3.8/site-packages/airflow/example_dags/example_local_kubernetes_executor.py
[2025-10-08T18:24:48.170+0000] {logging_mixin.py:188} INFO - [2025-10-08T18:24:48.169+0000] {dag.py:3036} INFO - Sync 1 DAGs
[2025-10-08T18:24:48.200+0000] {logging_mixin.py:188} INFO - [2025-10-08T18:24:48.199+0000] {dag.py:3823} INFO - Setting next_dagrun for example_local_kubernetes_executor to None, run_after=None
[2025-10-08T18:24:48.242+0000] {processor.py:183} INFO - Processing /home/airflow/.local/lib/python3.8/site-packages/airflow/example_dags/example_local_kubernetes_executor.py took 0.196 seconds
[2025-10-08T18:25:19.403+0000] {processor.py:161} INFO - Started process (PID=729) to work on /home/airflow/.local/lib/python3.8/site-packages/airflow/example_dags/example_local_kubernetes_executor.py
[2025-10-08T18:25:19.405+0000] {processor.py:830} INFO - Processing file /home/airflow/.local/lib/python3.8/site-packages/airflow/example_dags/example_local_kubernetes_executor.py for tasks to queue
[2025-10-08T18:25:19.408+0000] {logging_mixin.py:188} INFO - [2025-10-08T18:25:19.407+0000] {dagbag.py:538} INFO - Filling up the DagBag from /home/airflow/.local/lib/python3.8/site-packages/airflow/example_dags/example_local_kubernetes_executor.py
[2025-10-08T18:25:19.421+0000] {processor.py:840} INFO - DAG(s) 'example_local_kubernetes_executor' retrieved from /home/airflow/.local/lib/python3.8/site-packages/airflow/example_dags/example_local_kubernetes_executor.py
[2025-10-08T18:25:19.500+0000] {logging_mixin.py:188} INFO - [2025-10-08T18:25:19.499+0000] {dag.py:3036} INFO - Sync 1 DAGs
[2025-10-08T18:25:19.530+0000] {logging_mixin.py:188} INFO - [2025-10-08T18:25:19.529+0000] {dag.py:3823} INFO - Setting next_dagrun for example_local_kubernetes_executor to None, run_after=None
[2025-10-08T18:25:19.566+0000] {processor.py:183} INFO - Processing /home/airflow/.local/lib/python3.8/site-packages/airflow/example_dags/example_local_kubernetes_executor.py took 0.168 seconds
[2025-10-08T18:25:51.521+0000] {processor.py:161} INFO - Started process (PID=789) to work on /home/airflow/.local/lib/python3.8/site-packages/airflow/example_dags/example_local_kubernetes_executor.py
[2025-10-08T18:25:51.523+0000] {processor.py:830} INFO - Processing file /home/airflow/.local/lib/python3.8/site-packages/airflow/example_dags/example_local_kubernetes_executor.py for tasks to queue
[2025-10-08T18:25:51.526+0000] {logging_mixin.py:188} INFO - [2025-10-08T18:25:51.526+0000] {dagbag.py:538} INFO - Filling up the DagBag from /home/airflow/.local/lib/python3.8/site-packages/airflow/example_dags/example_local_kubernetes_executor.py
[2025-10-08T18:25:51.540+0000] {processor.py:840} INFO - DAG(s) 'example_local_kubernetes_executor' retrieved from /home/airflow/.local/lib/python3.8/site-packages/airflow/example_dags/example_local_kubernetes_executor.py
[2025-10-08T18:25:51.629+0000] {logging_mixin.py:188} INFO - [2025-10-08T18:25:51.628+0000] {dag.py:3036} INFO - Sync 1 DAGs
[2025-10-08T18:25:51.651+0000] {logging_mixin.py:188} INFO - [2025-10-08T18:25:51.650+0000] {dag.py:3823} INFO - Setting next_dagrun for example_local_kubernetes_executor to None, run_after=None
[2025-10-08T18:25:51.685+0000] {processor.py:183} INFO - Processing /home/airflow/.local/lib/python3.8/site-packages/airflow/example_dags/example_local_kubernetes_executor.py took 0.169 seconds
[2025-10-08T18:26:21.909+0000] {processor.py:161} INFO - Started process (PID=849) to work on /home/airflow/.local/lib/python3.8/site-packages/airflow/example_dags/example_local_kubernetes_executor.py
[2025-10-08T18:26:21.912+0000] {processor.py:830} INFO - Processing file /home/airflow/.local/lib/python3.8/site-packages/airflow/example_dags/example_local_kubernetes_executor.py for tasks to queue
[2025-10-08T18:26:21.915+0000] {logging_mixin.py:188} INFO - [2025-10-08T18:26:21.915+0000] {dagbag.py:538} INFO - Filling up the DagBag from /home/airflow/.local/lib/python3.8/site-packages/airflow/example_dags/example_local_kubernetes_executor.py
[2025-10-08T18:26:21.927+0000] {processor.py:840} INFO - DAG(s) 'example_local_kubernetes_executor' retrieved from /home/airflow/.local/lib/python3.8/site-packages/airflow/example_dags/example_local_kubernetes_executor.py
[2025-10-08T18:26:21.959+0000] {logging_mixin.py:188} INFO - [2025-10-08T18:26:21.958+0000] {dag.py:3036} INFO - Sync 1 DAGs
[2025-10-08T18:26:21.986+0000] {logging_mixin.py:188} INFO - [2025-10-08T18:26:21.986+0000] {dag.py:3823} INFO - Setting next_dagrun for example_local_kubernetes_executor to None, run_after=None
[2025-10-08T18:26:22.048+0000] {processor.py:183} INFO - Processing /home/airflow/.local/lib/python3.8/site-packages/airflow/example_dags/example_local_kubernetes_executor.py took 0.144 seconds
[2025-10-08T18:26:54.398+0000] {processor.py:161} INFO - Started process (PID=908) to work on /home/airflow/.local/lib/python3.8/site-packages/airflow/example_dags/example_local_kubernetes_executor.py
[2025-10-08T18:26:54.399+0000] {processor.py:830} INFO - Processing file /home/airflow/.local/lib/python3.8/site-packages/airflow/example_dags/example_local_kubernetes_executor.py for tasks to queue
[2025-10-08T18:26:54.402+0000] {logging_mixin.py:188} INFO - [2025-10-08T18:26:54.402+0000] {dagbag.py:538} INFO - Filling up the DagBag from /home/airflow/.local/lib/python3.8/site-packages/airflow/example_dags/example_local_kubernetes_executor.py
[2025-10-08T18:26:54.413+0000] {processor.py:840} INFO - DAG(s) 'example_local_kubernetes_executor' retrieved from /home/airflow/.local/lib/python3.8/site-packages/airflow/example_dags/example_local_kubernetes_executor.py
[2025-10-08T18:26:54.575+0000] {logging_mixin.py:188} INFO - [2025-10-08T18:26:54.575+0000] {dag.py:3036} INFO - Sync 1 DAGs
[2025-10-08T18:26:54.590+0000] {logging_mixin.py:188} INFO - [2025-10-08T18:26:54.589+0000] {dag.py:3823} INFO - Setting next_dagrun for example_local_kubernetes_executor to None, run_after=None
[2025-10-08T18:26:54.615+0000] {processor.py:183} INFO - Processing /home/airflow/.local/lib/python3.8/site-packages/airflow/example_dags/example_local_kubernetes_executor.py took 0.222 seconds
[2025-10-08T18:27:25.000+0000] {processor.py:161} INFO - Started process (PID=968) to work on /home/airflow/.local/lib/python3.8/site-packages/airflow/example_dags/example_local_kubernetes_executor.py
[2025-10-08T18:27:25.002+0000] {processor.py:830} INFO - Processing file /home/airflow/.local/lib/python3.8/site-packages/airflow/example_dags/example_local_kubernetes_executor.py for tasks to queue
[2025-10-08T18:27:25.004+0000] {logging_mixin.py:188} INFO - [2025-10-08T18:27:25.004+0000] {dagbag.py:538} INFO - Filling up the DagBag from /home/airflow/.local/lib/python3.8/site-packages/airflow/example_dags/example_local_kubernetes_executor.py
[2025-10-08T18:27:25.014+0000] {processor.py:840} INFO - DAG(s) 'example_local_kubernetes_executor' retrieved from /home/airflow/.local/lib/python3.8/site-packages/airflow/example_dags/example_local_kubernetes_executor.py
[2025-10-08T18:27:25.072+0000] {logging_mixin.py:188} INFO - [2025-10-08T18:27:25.072+0000] {dag.py:3036} INFO - Sync 1 DAGs
[2025-10-08T18:27:25.089+0000] {logging_mixin.py:188} INFO - [2025-10-08T18:27:25.089+0000] {dag.py:3823} INFO - Setting next_dagrun for example_local_kubernetes_executor to None, run_after=None
[2025-10-08T18:27:25.138+0000] {processor.py:183} INFO - Processing /home/airflow/.local/lib/python3.8/site-packages/airflow/example_dags/example_local_kubernetes_executor.py took 0.142 seconds
[2025-10-08T18:27:57.342+0000] {processor.py:161} INFO - Started process (PID=1029) to work on /home/airflow/.local/lib/python3.8/site-packages/airflow/example_dags/example_local_kubernetes_executor.py
[2025-10-08T18:27:57.345+0000] {processor.py:830} INFO - Processing file /home/airflow/.local/lib/python3.8/site-packages/airflow/example_dags/example_local_kubernetes_executor.py for tasks to queue
[2025-10-08T18:27:57.350+0000] {logging_mixin.py:188} INFO - [2025-10-08T18:27:57.349+0000] {dagbag.py:538} INFO - Filling up the DagBag from /home/airflow/.local/lib/python3.8/site-packages/airflow/example_dags/example_local_kubernetes_executor.py
[2025-10-08T18:27:57.367+0000] {processor.py:840} INFO - DAG(s) 'example_local_kubernetes_executor' retrieved from /home/airflow/.local/lib/python3.8/site-packages/airflow/example_dags/example_local_kubernetes_executor.py
[2025-10-08T18:27:57.464+0000] {logging_mixin.py:188} INFO - [2025-10-08T18:27:57.463+0000] {dag.py:3036} INFO - Sync 1 DAGs
[2025-10-08T18:27:57.487+0000] {logging_mixin.py:188} INFO - [2025-10-08T18:27:57.486+0000] {dag.py:3823} INFO - Setting next_dagrun for example_local_kubernetes_executor to None, run_after=None
[2025-10-08T18:27:57.557+0000] {processor.py:183} INFO - Processing /home/airflow/.local/lib/python3.8/site-packages/airflow/example_dags/example_local_kubernetes_executor.py took 0.223 seconds
[2025-10-08T18:28:28.204+0000] {processor.py:161} INFO - Started process (PID=1089) to work on /home/airflow/.local/lib/python3.8/site-packages/airflow/example_dags/example_local_kubernetes_executor.py
[2025-10-08T18:28:28.205+0000] {processor.py:830} INFO - Processing file /home/airflow/.local/lib/python3.8/site-packages/airflow/example_dags/example_local_kubernetes_executor.py for tasks to queue
[2025-10-08T18:28:28.208+0000] {logging_mixin.py:188} INFO - [2025-10-08T18:28:28.208+0000] {dagbag.py:538} INFO - Filling up the DagBag from /home/airflow/.local/lib/python3.8/site-packages/airflow/example_dags/example_local_kubernetes_executor.py
[2025-10-08T18:28:28.220+0000] {processor.py:840} INFO - DAG(s) 'example_local_kubernetes_executor' retrieved from /home/airflow/.local/lib/python3.8/site-packages/airflow/example_dags/example_local_kubernetes_executor.py
[2025-10-08T18:28:28.284+0000] {logging_mixin.py:188} INFO - [2025-10-08T18:28:28.283+0000] {dag.py:3036} INFO - Sync 1 DAGs
[2025-10-08T18:28:28.303+0000] {logging_mixin.py:188} INFO - [2025-10-08T18:28:28.302+0000] {dag.py:3823} INFO - Setting next_dagrun for example_local_kubernetes_executor to None, run_after=None
[2025-10-08T18:28:28.343+0000] {processor.py:183} INFO - Processing /home/airflow/.local/lib/python3.8/site-packages/airflow/example_dags/example_local_kubernetes_executor.py took 0.144 seconds
[2025-10-08T18:29:00.038+0000] {processor.py:161} INFO - Started process (PID=1149) to work on /home/airflow/.local/lib/python3.8/site-packages/airflow/example_dags/example_local_kubernetes_executor.py
[2025-10-08T18:29:00.052+0000] {processor.py:830} INFO - Processing file /home/airflow/.local/lib/python3.8/site-packages/airflow/example_dags/example_local_kubernetes_executor.py for tasks to queue
[2025-10-08T18:29:00.062+0000] {logging_mixin.py:188} INFO - [2025-10-08T18:29:00.060+0000] {dagbag.py:538} INFO - Filling up the DagBag from /home/airflow/.local/lib/python3.8/site-packages/airflow/example_dags/example_local_kubernetes_executor.py
[2025-10-08T18:29:00.097+0000] {processor.py:840} INFO - DAG(s) 'example_local_kubernetes_executor' retrieved from /home/airflow/.local/lib/python3.8/site-packages/airflow/example_dags/example_local_kubernetes_executor.py
[2025-10-08T18:29:00.171+0000] {logging_mixin.py:188} INFO - [2025-10-08T18:29:00.171+0000] {dag.py:3036} INFO - Sync 1 DAGs
[2025-10-08T18:29:00.190+0000] {logging_mixin.py:188} INFO - [2025-10-08T18:29:00.189+0000] {dag.py:3823} INFO - Setting next_dagrun for example_local_kubernetes_executor to None, run_after=None
[2025-10-08T18:29:00.245+0000] {processor.py:183} INFO - Processing /home/airflow/.local/lib/python3.8/site-packages/airflow/example_dags/example_local_kubernetes_executor.py took 0.222 seconds
[2025-10-08T18:29:31.139+0000] {processor.py:161} INFO - Started process (PID=1210) to work on /home/airflow/.local/lib/python3.8/site-packages/airflow/example_dags/example_local_kubernetes_executor.py
[2025-10-08T18:29:31.140+0000] {processor.py:830} INFO - Processing file /home/airflow/.local/lib/python3.8/site-packages/airflow/example_dags/example_local_kubernetes_executor.py for tasks to queue
[2025-10-08T18:29:31.143+0000] {logging_mixin.py:188} INFO - [2025-10-08T18:29:31.143+0000] {dagbag.py:538} INFO - Filling up the DagBag from /home/airflow/.local/lib/python3.8/site-packages/airflow/example_dags/example_local_kubernetes_executor.py
[2025-10-08T18:29:31.153+0000] {processor.py:840} INFO - DAG(s) 'example_local_kubernetes_executor' retrieved from /home/airflow/.local/lib/python3.8/site-packages/airflow/example_dags/example_local_kubernetes_executor.py
[2025-10-08T18:29:31.204+0000] {logging_mixin.py:188} INFO - [2025-10-08T18:29:31.203+0000] {dag.py:3036} INFO - Sync 1 DAGs
[2025-10-08T18:29:31.219+0000] {logging_mixin.py:188} INFO - [2025-10-08T18:29:31.219+0000] {dag.py:3823} INFO - Setting next_dagrun for example_local_kubernetes_executor to None, run_after=None
[2025-10-08T18:29:31.274+0000] {processor.py:183} INFO - Processing /home/airflow/.local/lib/python3.8/site-packages/airflow/example_dags/example_local_kubernetes_executor.py took 0.140 seconds
[2025-10-08T18:30:01.742+0000] {processor.py:161} INFO - Started process (PID=1271) to work on /home/airflow/.local/lib/python3.8/site-packages/airflow/example_dags/example_local_kubernetes_executor.py
[2025-10-08T18:30:01.744+0000] {processor.py:830} INFO - Processing file /home/airflow/.local/lib/python3.8/site-packages/airflow/example_dags/example_local_kubernetes_executor.py for tasks to queue
[2025-10-08T18:30:01.746+0000] {logging_mixin.py:188} INFO - [2025-10-08T18:30:01.746+0000] {dagbag.py:538} INFO - Filling up the DagBag from /home/airflow/.local/lib/python3.8/site-packages/airflow/example_dags/example_local_kubernetes_executor.py
[2025-10-08T18:30:01.758+0000] {processor.py:840} INFO - DAG(s) 'example_local_kubernetes_executor' retrieved from /home/airflow/.local/lib/python3.8/site-packages/airflow/example_dags/example_local_kubernetes_executor.py
[2025-10-08T18:30:01.819+0000] {logging_mixin.py:188} INFO - [2025-10-08T18:30:01.819+0000] {dag.py:3036} INFO - Sync 1 DAGs
[2025-10-08T18:30:01.838+0000] {logging_mixin.py:188} INFO - [2025-10-08T18:30:01.838+0000] {dag.py:3823} INFO - Setting next_dagrun for example_local_kubernetes_executor to None, run_after=None
[2025-10-08T18:30:01.894+0000] {processor.py:183} INFO - Processing /home/airflow/.local/lib/python3.8/site-packages/airflow/example_dags/example_local_kubernetes_executor.py took 0.156 seconds
[2025-10-08T18:30:33.161+0000] {processor.py:161} INFO - Started process (PID=1337) to work on /home/airflow/.local/lib/python3.8/site-packages/airflow/example_dags/example_local_kubernetes_executor.py
[2025-10-08T18:30:33.163+0000] {processor.py:830} INFO - Processing file /home/airflow/.local/lib/python3.8/site-packages/airflow/example_dags/example_local_kubernetes_executor.py for tasks to queue
[2025-10-08T18:30:33.166+0000] {logging_mixin.py:188} INFO - [2025-10-08T18:30:33.165+0000] {dagbag.py:538} INFO - Filling up the DagBag from /home/airflow/.local/lib/python3.8/site-packages/airflow/example_dags/example_local_kubernetes_executor.py
[2025-10-08T18:30:33.187+0000] {processor.py:840} INFO - DAG(s) 'example_local_kubernetes_executor' retrieved from /home/airflow/.local/lib/python3.8/site-packages/airflow/example_dags/example_local_kubernetes_executor.py
[2025-10-08T18:30:33.286+0000] {logging_mixin.py:188} INFO - [2025-10-08T18:30:33.285+0000] {dag.py:3036} INFO - Sync 1 DAGs
[2025-10-08T18:30:33.302+0000] {logging_mixin.py:188} INFO - [2025-10-08T18:30:33.302+0000] {dag.py:3823} INFO - Setting next_dagrun for example_local_kubernetes_executor to None, run_after=None
[2025-10-08T18:30:33.367+0000] {processor.py:183} INFO - Processing /home/airflow/.local/lib/python3.8/site-packages/airflow/example_dags/example_local_kubernetes_executor.py took 0.211 seconds
[2025-10-08T18:31:04.535+0000] {processor.py:161} INFO - Started process (PID=1398) to work on /home/airflow/.local/lib/python3.8/site-packages/airflow/example_dags/example_local_kubernetes_executor.py
[2025-10-08T18:31:04.537+0000] {processor.py:830} INFO - Processing file /home/airflow/.local/lib/python3.8/site-packages/airflow/example_dags/example_local_kubernetes_executor.py for tasks to queue
[2025-10-08T18:31:04.540+0000] {logging_mixin.py:188} INFO - [2025-10-08T18:31:04.539+0000] {dagbag.py:538} INFO - Filling up the DagBag from /home/airflow/.local/lib/python3.8/site-packages/airflow/example_dags/example_local_kubernetes_executor.py
[2025-10-08T18:31:04.551+0000] {processor.py:840} INFO - DAG(s) 'example_local_kubernetes_executor' retrieved from /home/airflow/.local/lib/python3.8/site-packages/airflow/example_dags/example_local_kubernetes_executor.py
[2025-10-08T18:31:04.607+0000] {logging_mixin.py:188} INFO - [2025-10-08T18:31:04.606+0000] {dag.py:3036} INFO - Sync 1 DAGs
[2025-10-08T18:31:04.623+0000] {logging_mixin.py:188} INFO - [2025-10-08T18:31:04.623+0000] {dag.py:3823} INFO - Setting next_dagrun for example_local_kubernetes_executor to None, run_after=None
[2025-10-08T18:31:04.677+0000] {processor.py:183} INFO - Processing /home/airflow/.local/lib/python3.8/site-packages/airflow/example_dags/example_local_kubernetes_executor.py took 0.146 seconds
[2025-10-08T18:31:36.255+0000] {processor.py:161} INFO - Started process (PID=1458) to work on /home/airflow/.local/lib/python3.8/site-packages/airflow/example_dags/example_local_kubernetes_executor.py
[2025-10-08T18:31:36.257+0000] {processor.py:830} INFO - Processing file /home/airflow/.local/lib/python3.8/site-packages/airflow/example_dags/example_local_kubernetes_executor.py for tasks to queue
[2025-10-08T18:31:36.260+0000] {logging_mixin.py:188} INFO - [2025-10-08T18:31:36.260+0000] {dagbag.py:538} INFO - Filling up the DagBag from /home/airflow/.local/lib/python3.8/site-packages/airflow/example_dags/example_local_kubernetes_executor.py
[2025-10-08T18:31:36.272+0000] {processor.py:840} INFO - DAG(s) 'example_local_kubernetes_executor' retrieved from /home/airflow/.local/lib/python3.8/site-packages/airflow/example_dags/example_local_kubernetes_executor.py
[2025-10-08T18:31:36.357+0000] {logging_mixin.py:188} INFO - [2025-10-08T18:31:36.357+0000] {dag.py:3036} INFO - Sync 1 DAGs
[2025-10-08T18:31:36.389+0000] {logging_mixin.py:188} INFO - [2025-10-08T18:31:36.388+0000] {dag.py:3823} INFO - Setting next_dagrun for example_local_kubernetes_executor to None, run_after=None
[2025-10-08T18:31:36.468+0000] {processor.py:183} INFO - Processing /home/airflow/.local/lib/python3.8/site-packages/airflow/example_dags/example_local_kubernetes_executor.py took 0.221 seconds
[2025-10-08T18:32:06.652+0000] {processor.py:161} INFO - Started process (PID=1518) to work on /home/airflow/.local/lib/python3.8/site-packages/airflow/example_dags/example_local_kubernetes_executor.py
[2025-10-08T18:32:06.654+0000] {processor.py:830} INFO - Processing file /home/airflow/.local/lib/python3.8/site-packages/airflow/example_dags/example_local_kubernetes_executor.py for tasks to queue
[2025-10-08T18:32:06.659+0000] {logging_mixin.py:188} INFO - [2025-10-08T18:32:06.658+0000] {dagbag.py:538} INFO - Filling up the DagBag from /home/airflow/.local/lib/python3.8/site-packages/airflow/example_dags/example_local_kubernetes_executor.py
[2025-10-08T18:32:06.676+0000] {processor.py:840} INFO - DAG(s) 'example_local_kubernetes_executor' retrieved from /home/airflow/.local/lib/python3.8/site-packages/airflow/example_dags/example_local_kubernetes_executor.py
[2025-10-08T18:32:06.782+0000] {logging_mixin.py:188} INFO - [2025-10-08T18:32:06.775+0000] {dag.py:3036} INFO - Sync 1 DAGs
[2025-10-08T18:32:06.827+0000] {logging_mixin.py:188} INFO - [2025-10-08T18:32:06.827+0000] {dag.py:3823} INFO - Setting next_dagrun for example_local_kubernetes_executor to None, run_after=None
[2025-10-08T18:32:06.871+0000] {processor.py:183} INFO - Processing /home/airflow/.local/lib/python3.8/site-packages/airflow/example_dags/example_local_kubernetes_executor.py took 0.225 seconds
[2025-10-08T18:32:39.100+0000] {processor.py:161} INFO - Started process (PID=1578) to work on /home/airflow/.local/lib/python3.8/site-packages/airflow/example_dags/example_local_kubernetes_executor.py
[2025-10-08T18:32:39.102+0000] {processor.py:830} INFO - Processing file /home/airflow/.local/lib/python3.8/site-packages/airflow/example_dags/example_local_kubernetes_executor.py for tasks to queue
[2025-10-08T18:32:39.106+0000] {logging_mixin.py:188} INFO - [2025-10-08T18:32:39.105+0000] {dagbag.py:538} INFO - Filling up the DagBag from /home/airflow/.local/lib/python3.8/site-packages/airflow/example_dags/example_local_kubernetes_executor.py
[2025-10-08T18:32:39.116+0000] {processor.py:840} INFO - DAG(s) 'example_local_kubernetes_executor' retrieved from /home/airflow/.local/lib/python3.8/site-packages/airflow/example_dags/example_local_kubernetes_executor.py
[2025-10-08T18:32:39.179+0000] {logging_mixin.py:188} INFO - [2025-10-08T18:32:39.179+0000] {dag.py:3036} INFO - Sync 1 DAGs
[2025-10-08T18:32:39.196+0000] {logging_mixin.py:188} INFO - [2025-10-08T18:32:39.196+0000] {dag.py:3823} INFO - Setting next_dagrun for example_local_kubernetes_executor to None, run_after=None
[2025-10-08T18:32:39.257+0000] {processor.py:183} INFO - Processing /home/airflow/.local/lib/python3.8/site-packages/airflow/example_dags/example_local_kubernetes_executor.py took 0.162 seconds
[2025-10-08T18:33:10.316+0000] {processor.py:161} INFO - Started process (PID=1638) to work on /home/airflow/.local/lib/python3.8/site-packages/airflow/example_dags/example_local_kubernetes_executor.py
[2025-10-08T18:33:10.319+0000] {processor.py:830} INFO - Processing file /home/airflow/.local/lib/python3.8/site-packages/airflow/example_dags/example_local_kubernetes_executor.py for tasks to queue
[2025-10-08T18:33:10.325+0000] {logging_mixin.py:188} INFO - [2025-10-08T18:33:10.324+0000] {dagbag.py:538} INFO - Filling up the DagBag from /home/airflow/.local/lib/python3.8/site-packages/airflow/example_dags/example_local_kubernetes_executor.py
[2025-10-08T18:33:10.346+0000] {processor.py:840} INFO - DAG(s) 'example_local_kubernetes_executor' retrieved from /home/airflow/.local/lib/python3.8/site-packages/airflow/example_dags/example_local_kubernetes_executor.py
[2025-10-08T18:33:10.413+0000] {logging_mixin.py:188} INFO - [2025-10-08T18:33:10.413+0000] {dag.py:3036} INFO - Sync 1 DAGs
[2025-10-08T18:33:10.430+0000] {logging_mixin.py:188} INFO - [2025-10-08T18:33:10.430+0000] {dag.py:3823} INFO - Setting next_dagrun for example_local_kubernetes_executor to None, run_after=None
[2025-10-08T18:33:10.513+0000] {processor.py:183} INFO - Processing /home/airflow/.local/lib/python3.8/site-packages/airflow/example_dags/example_local_kubernetes_executor.py took 0.206 seconds
[2025-10-08T18:33:40.667+0000] {processor.py:161} INFO - Started process (PID=1698) to work on /home/airflow/.local/lib/python3.8/site-packages/airflow/example_dags/example_local_kubernetes_executor.py
[2025-10-08T18:33:40.669+0000] {processor.py:830} INFO - Processing file /home/airflow/.local/lib/python3.8/site-packages/airflow/example_dags/example_local_kubernetes_executor.py for tasks to queue
[2025-10-08T18:33:40.673+0000] {logging_mixin.py:188} INFO - [2025-10-08T18:33:40.672+0000] {dagbag.py:538} INFO - Filling up the DagBag from /home/airflow/.local/lib/python3.8/site-packages/airflow/example_dags/example_local_kubernetes_executor.py
[2025-10-08T18:33:40.686+0000] {processor.py:840} INFO - DAG(s) 'example_local_kubernetes_executor' retrieved from /home/airflow/.local/lib/python3.8/site-packages/airflow/example_dags/example_local_kubernetes_executor.py
[2025-10-08T18:33:40.765+0000] {logging_mixin.py:188} INFO - [2025-10-08T18:33:40.765+0000] {dag.py:3036} INFO - Sync 1 DAGs
[2025-10-08T18:33:40.783+0000] {logging_mixin.py:188} INFO - [2025-10-08T18:33:40.782+0000] {dag.py:3823} INFO - Setting next_dagrun for example_local_kubernetes_executor to None, run_after=None
[2025-10-08T18:33:40.814+0000] {processor.py:183} INFO - Processing /home/airflow/.local/lib/python3.8/site-packages/airflow/example_dags/example_local_kubernetes_executor.py took 0.153 seconds
[2025-10-08T18:34:12.536+0000] {processor.py:161} INFO - Started process (PID=1758) to work on /home/airflow/.local/lib/python3.8/site-packages/airflow/example_dags/example_local_kubernetes_executor.py
[2025-10-08T18:34:12.538+0000] {processor.py:830} INFO - Processing file /home/airflow/.local/lib/python3.8/site-packages/airflow/example_dags/example_local_kubernetes_executor.py for tasks to queue
[2025-10-08T18:34:12.541+0000] {logging_mixin.py:188} INFO - [2025-10-08T18:34:12.540+0000] {dagbag.py:538} INFO - Filling up the DagBag from /home/airflow/.local/lib/python3.8/site-packages/airflow/example_dags/example_local_kubernetes_executor.py
[2025-10-08T18:34:12.552+0000] {processor.py:840} INFO - DAG(s) 'example_local_kubernetes_executor' retrieved from /home/airflow/.local/lib/python3.8/site-packages/airflow/example_dags/example_local_kubernetes_executor.py
[2025-10-08T18:34:12.606+0000] {logging_mixin.py:188} INFO - [2025-10-08T18:34:12.606+0000] {dag.py:3036} INFO - Sync 1 DAGs
[2025-10-08T18:34:12.629+0000] {logging_mixin.py:188} INFO - [2025-10-08T18:34:12.628+0000] {dag.py:3823} INFO - Setting next_dagrun for example_local_kubernetes_executor to None, run_after=None
[2025-10-08T18:34:12.682+0000] {processor.py:183} INFO - Processing /home/airflow/.local/lib/python3.8/site-packages/airflow/example_dags/example_local_kubernetes_executor.py took 0.151 seconds
[2025-10-08T18:34:43.844+0000] {processor.py:161} INFO - Started process (PID=1818) to work on /home/airflow/.local/lib/python3.8/site-packages/airflow/example_dags/example_local_kubernetes_executor.py
[2025-10-08T18:34:43.846+0000] {processor.py:830} INFO - Processing file /home/airflow/.local/lib/python3.8/site-packages/airflow/example_dags/example_local_kubernetes_executor.py for tasks to queue
[2025-10-08T18:34:43.850+0000] {logging_mixin.py:188} INFO - [2025-10-08T18:34:43.849+0000] {dagbag.py:538} INFO - Filling up the DagBag from /home/airflow/.local/lib/python3.8/site-packages/airflow/example_dags/example_local_kubernetes_executor.py
[2025-10-08T18:34:43.869+0000] {processor.py:840} INFO - DAG(s) 'example_local_kubernetes_executor' retrieved from /home/airflow/.local/lib/python3.8/site-packages/airflow/example_dags/example_local_kubernetes_executor.py
[2025-10-08T18:34:43.951+0000] {logging_mixin.py:188} INFO - [2025-10-08T18:34:43.950+0000] {dag.py:3036} INFO - Sync 1 DAGs
[2025-10-08T18:34:43.973+0000] {logging_mixin.py:188} INFO - [2025-10-08T18:34:43.973+0000] {dag.py:3823} INFO - Setting next_dagrun for example_local_kubernetes_executor to None, run_after=None
[2025-10-08T18:34:44.034+0000] {processor.py:183} INFO - Processing /home/airflow/.local/lib/python3.8/site-packages/airflow/example_dags/example_local_kubernetes_executor.py took 0.195 seconds
[2025-10-08T18:35:14.218+0000] {processor.py:161} INFO - Started process (PID=1878) to work on /home/airflow/.local/lib/python3.8/site-packages/airflow/example_dags/example_local_kubernetes_executor.py
[2025-10-08T18:35:14.220+0000] {processor.py:830} INFO - Processing file /home/airflow/.local/lib/python3.8/site-packages/airflow/example_dags/example_local_kubernetes_executor.py for tasks to queue
[2025-10-08T18:35:14.223+0000] {logging_mixin.py:188} INFO - [2025-10-08T18:35:14.223+0000] {dagbag.py:538} INFO - Filling up the DagBag from /home/airflow/.local/lib/python3.8/site-packages/airflow/example_dags/example_local_kubernetes_executor.py
[2025-10-08T18:35:14.237+0000] {processor.py:840} INFO - DAG(s) 'example_local_kubernetes_executor' retrieved from /home/airflow/.local/lib/python3.8/site-packages/airflow/example_dags/example_local_kubernetes_executor.py
[2025-10-08T18:35:14.351+0000] {logging_mixin.py:188} INFO - [2025-10-08T18:35:14.350+0000] {dag.py:3036} INFO - Sync 1 DAGs
[2025-10-08T18:35:14.372+0000] {logging_mixin.py:188} INFO - [2025-10-08T18:35:14.372+0000] {dag.py:3823} INFO - Setting next_dagrun for example_local_kubernetes_executor to None, run_after=None
[2025-10-08T18:35:14.423+0000] {processor.py:183} INFO - Processing /home/airflow/.local/lib/python3.8/site-packages/airflow/example_dags/example_local_kubernetes_executor.py took 0.211 seconds
[2025-10-08T18:35:45.652+0000] {processor.py:161} INFO - Started process (PID=1940) to work on /home/airflow/.local/lib/python3.8/site-packages/airflow/example_dags/example_local_kubernetes_executor.py
[2025-10-08T18:35:45.654+0000] {processor.py:830} INFO - Processing file /home/airflow/.local/lib/python3.8/site-packages/airflow/example_dags/example_local_kubernetes_executor.py for tasks to queue
[2025-10-08T18:35:45.656+0000] {logging_mixin.py:188} INFO - [2025-10-08T18:35:45.656+0000] {dagbag.py:538} INFO - Filling up the DagBag from /home/airflow/.local/lib/python3.8/site-packages/airflow/example_dags/example_local_kubernetes_executor.py
[2025-10-08T18:35:45.667+0000] {processor.py:840} INFO - DAG(s) 'example_local_kubernetes_executor' retrieved from /home/airflow/.local/lib/python3.8/site-packages/airflow/example_dags/example_local_kubernetes_executor.py
[2025-10-08T18:35:45.720+0000] {logging_mixin.py:188} INFO - [2025-10-08T18:35:45.720+0000] {dag.py:3036} INFO - Sync 1 DAGs
[2025-10-08T18:35:45.736+0000] {logging_mixin.py:188} INFO - [2025-10-08T18:35:45.736+0000] {dag.py:3823} INFO - Setting next_dagrun for example_local_kubernetes_executor to None, run_after=None
[2025-10-08T18:35:45.785+0000] {processor.py:183} INFO - Processing /home/airflow/.local/lib/python3.8/site-packages/airflow/example_dags/example_local_kubernetes_executor.py took 0.137 seconds
[2025-10-08T18:36:17.642+0000] {processor.py:161} INFO - Started process (PID=2000) to work on /home/airflow/.local/lib/python3.8/site-packages/airflow/example_dags/example_local_kubernetes_executor.py
[2025-10-08T18:36:17.643+0000] {processor.py:830} INFO - Processing file /home/airflow/.local/lib/python3.8/site-packages/airflow/example_dags/example_local_kubernetes_executor.py for tasks to queue
[2025-10-08T18:36:17.646+0000] {logging_mixin.py:188} INFO - [2025-10-08T18:36:17.646+0000] {dagbag.py:538} INFO - Filling up the DagBag from /home/airflow/.local/lib/python3.8/site-packages/airflow/example_dags/example_local_kubernetes_executor.py
[2025-10-08T18:36:17.656+0000] {processor.py:840} INFO - DAG(s) 'example_local_kubernetes_executor' retrieved from /home/airflow/.local/lib/python3.8/site-packages/airflow/example_dags/example_local_kubernetes_executor.py
[2025-10-08T18:36:17.717+0000] {logging_mixin.py:188} INFO - [2025-10-08T18:36:17.717+0000] {dag.py:3036} INFO - Sync 1 DAGs
[2025-10-08T18:36:17.747+0000] {logging_mixin.py:188} INFO - [2025-10-08T18:36:17.746+0000] {dag.py:3823} INFO - Setting next_dagrun for example_local_kubernetes_executor to None, run_after=None
[2025-10-08T18:36:17.810+0000] {processor.py:183} INFO - Processing /home/airflow/.local/lib/python3.8/site-packages/airflow/example_dags/example_local_kubernetes_executor.py took 0.172 seconds
[2025-10-08T18:38:56.825+0000] {processor.py:161} INFO - Started process (PID=67) to work on /home/airflow/.local/lib/python3.8/site-packages/airflow/example_dags/example_local_kubernetes_executor.py
[2025-10-08T18:38:56.829+0000] {processor.py:830} INFO - Processing file /home/airflow/.local/lib/python3.8/site-packages/airflow/example_dags/example_local_kubernetes_executor.py for tasks to queue
[2025-10-08T18:38:56.834+0000] {logging_mixin.py:188} INFO - [2025-10-08T18:38:56.833+0000] {dagbag.py:538} INFO - Filling up the DagBag from /home/airflow/.local/lib/python3.8/site-packages/airflow/example_dags/example_local_kubernetes_executor.py
[2025-10-08T18:38:56.852+0000] {processor.py:840} INFO - DAG(s) 'example_local_kubernetes_executor' retrieved from /home/airflow/.local/lib/python3.8/site-packages/airflow/example_dags/example_local_kubernetes_executor.py
[2025-10-08T18:38:57.201+0000] {logging_mixin.py:188} INFO - [2025-10-08T18:38:57.201+0000] {dag.py:3036} INFO - Sync 1 DAGs
[2025-10-08T18:38:57.221+0000] {logging_mixin.py:188} INFO - [2025-10-08T18:38:57.221+0000] {dag.py:3823} INFO - Setting next_dagrun for example_local_kubernetes_executor to None, run_after=None
[2025-10-08T18:38:57.258+0000] {processor.py:183} INFO - Processing /home/airflow/.local/lib/python3.8/site-packages/airflow/example_dags/example_local_kubernetes_executor.py took 0.442 seconds
[2025-10-08T18:39:28.269+0000] {processor.py:161} INFO - Started process (PID=127) to work on /home/airflow/.local/lib/python3.8/site-packages/airflow/example_dags/example_local_kubernetes_executor.py
[2025-10-08T18:39:28.273+0000] {processor.py:830} INFO - Processing file /home/airflow/.local/lib/python3.8/site-packages/airflow/example_dags/example_local_kubernetes_executor.py for tasks to queue
[2025-10-08T18:39:28.281+0000] {logging_mixin.py:188} INFO - [2025-10-08T18:39:28.280+0000] {dagbag.py:538} INFO - Filling up the DagBag from /home/airflow/.local/lib/python3.8/site-packages/airflow/example_dags/example_local_kubernetes_executor.py
[2025-10-08T18:39:28.314+0000] {processor.py:840} INFO - DAG(s) 'example_local_kubernetes_executor' retrieved from /home/airflow/.local/lib/python3.8/site-packages/airflow/example_dags/example_local_kubernetes_executor.py
[2025-10-08T18:39:28.487+0000] {logging_mixin.py:188} INFO - [2025-10-08T18:39:28.486+0000] {dag.py:3036} INFO - Sync 1 DAGs
[2025-10-08T18:39:28.542+0000] {logging_mixin.py:188} INFO - [2025-10-08T18:39:28.541+0000] {dag.py:3823} INFO - Setting next_dagrun for example_local_kubernetes_executor to None, run_after=None
[2025-10-08T18:39:28.676+0000] {processor.py:183} INFO - Processing /home/airflow/.local/lib/python3.8/site-packages/airflow/example_dags/example_local_kubernetes_executor.py took 0.423 seconds
[2025-10-08T18:39:59.072+0000] {processor.py:161} INFO - Started process (PID=187) to work on /home/airflow/.local/lib/python3.8/site-packages/airflow/example_dags/example_local_kubernetes_executor.py
[2025-10-08T18:39:59.073+0000] {processor.py:830} INFO - Processing file /home/airflow/.local/lib/python3.8/site-packages/airflow/example_dags/example_local_kubernetes_executor.py for tasks to queue
[2025-10-08T18:39:59.076+0000] {logging_mixin.py:188} INFO - [2025-10-08T18:39:59.076+0000] {dagbag.py:538} INFO - Filling up the DagBag from /home/airflow/.local/lib/python3.8/site-packages/airflow/example_dags/example_local_kubernetes_executor.py
[2025-10-08T18:39:59.091+0000] {processor.py:840} INFO - DAG(s) 'example_local_kubernetes_executor' retrieved from /home/airflow/.local/lib/python3.8/site-packages/airflow/example_dags/example_local_kubernetes_executor.py
[2025-10-08T18:39:59.216+0000] {logging_mixin.py:188} INFO - [2025-10-08T18:39:59.215+0000] {dag.py:3036} INFO - Sync 1 DAGs
[2025-10-08T18:39:59.268+0000] {logging_mixin.py:188} INFO - [2025-10-08T18:39:59.267+0000] {dag.py:3823} INFO - Setting next_dagrun for example_local_kubernetes_executor to None, run_after=None
[2025-10-08T18:39:59.360+0000] {processor.py:183} INFO - Processing /home/airflow/.local/lib/python3.8/site-packages/airflow/example_dags/example_local_kubernetes_executor.py took 0.294 seconds
[2025-10-08T18:40:30.549+0000] {processor.py:161} INFO - Started process (PID=247) to work on /home/airflow/.local/lib/python3.8/site-packages/airflow/example_dags/example_local_kubernetes_executor.py
[2025-10-08T18:40:30.551+0000] {processor.py:830} INFO - Processing file /home/airflow/.local/lib/python3.8/site-packages/airflow/example_dags/example_local_kubernetes_executor.py for tasks to queue
[2025-10-08T18:40:30.554+0000] {logging_mixin.py:188} INFO - [2025-10-08T18:40:30.554+0000] {dagbag.py:538} INFO - Filling up the DagBag from /home/airflow/.local/lib/python3.8/site-packages/airflow/example_dags/example_local_kubernetes_executor.py
[2025-10-08T18:40:30.567+0000] {processor.py:840} INFO - DAG(s) 'example_local_kubernetes_executor' retrieved from /home/airflow/.local/lib/python3.8/site-packages/airflow/example_dags/example_local_kubernetes_executor.py
[2025-10-08T18:40:30.705+0000] {logging_mixin.py:188} INFO - [2025-10-08T18:40:30.704+0000] {dag.py:3036} INFO - Sync 1 DAGs
[2025-10-08T18:40:30.778+0000] {logging_mixin.py:188} INFO - [2025-10-08T18:40:30.777+0000] {dag.py:3823} INFO - Setting next_dagrun for example_local_kubernetes_executor to None, run_after=None
[2025-10-08T18:40:30.889+0000] {processor.py:183} INFO - Processing /home/airflow/.local/lib/python3.8/site-packages/airflow/example_dags/example_local_kubernetes_executor.py took 0.346 seconds
[2025-10-08T18:41:01.627+0000] {processor.py:161} INFO - Started process (PID=307) to work on /home/airflow/.local/lib/python3.8/site-packages/airflow/example_dags/example_local_kubernetes_executor.py
[2025-10-08T18:41:01.629+0000] {processor.py:830} INFO - Processing file /home/airflow/.local/lib/python3.8/site-packages/airflow/example_dags/example_local_kubernetes_executor.py for tasks to queue
[2025-10-08T18:41:01.644+0000] {logging_mixin.py:188} INFO - [2025-10-08T18:41:01.643+0000] {dagbag.py:538} INFO - Filling up the DagBag from /home/airflow/.local/lib/python3.8/site-packages/airflow/example_dags/example_local_kubernetes_executor.py
[2025-10-08T18:41:01.686+0000] {processor.py:840} INFO - DAG(s) 'example_local_kubernetes_executor' retrieved from /home/airflow/.local/lib/python3.8/site-packages/airflow/example_dags/example_local_kubernetes_executor.py
[2025-10-08T18:41:01.789+0000] {logging_mixin.py:188} INFO - [2025-10-08T18:41:01.788+0000] {dag.py:3036} INFO - Sync 1 DAGs
[2025-10-08T18:41:01.814+0000] {logging_mixin.py:188} INFO - [2025-10-08T18:41:01.814+0000] {dag.py:3823} INFO - Setting next_dagrun for example_local_kubernetes_executor to None, run_after=None
[2025-10-08T18:41:01.873+0000] {processor.py:183} INFO - Processing /home/airflow/.local/lib/python3.8/site-packages/airflow/example_dags/example_local_kubernetes_executor.py took 0.252 seconds
[2025-10-08T18:41:32.540+0000] {processor.py:161} INFO - Started process (PID=373) to work on /home/airflow/.local/lib/python3.8/site-packages/airflow/example_dags/example_local_kubernetes_executor.py
[2025-10-08T18:41:32.542+0000] {processor.py:830} INFO - Processing file /home/airflow/.local/lib/python3.8/site-packages/airflow/example_dags/example_local_kubernetes_executor.py for tasks to queue
[2025-10-08T18:41:32.547+0000] {logging_mixin.py:188} INFO - [2025-10-08T18:41:32.546+0000] {dagbag.py:538} INFO - Filling up the DagBag from /home/airflow/.local/lib/python3.8/site-packages/airflow/example_dags/example_local_kubernetes_executor.py
[2025-10-08T18:41:32.561+0000] {processor.py:840} INFO - DAG(s) 'example_local_kubernetes_executor' retrieved from /home/airflow/.local/lib/python3.8/site-packages/airflow/example_dags/example_local_kubernetes_executor.py
[2025-10-08T18:41:32.647+0000] {logging_mixin.py:188} INFO - [2025-10-08T18:41:32.647+0000] {dag.py:3036} INFO - Sync 1 DAGs
[2025-10-08T18:41:32.702+0000] {logging_mixin.py:188} INFO - [2025-10-08T18:41:32.701+0000] {dag.py:3823} INFO - Setting next_dagrun for example_local_kubernetes_executor to None, run_after=None
[2025-10-08T18:41:32.766+0000] {processor.py:183} INFO - Processing /home/airflow/.local/lib/python3.8/site-packages/airflow/example_dags/example_local_kubernetes_executor.py took 0.232 seconds
[2025-10-08T18:42:03.655+0000] {processor.py:161} INFO - Started process (PID=433) to work on /home/airflow/.local/lib/python3.8/site-packages/airflow/example_dags/example_local_kubernetes_executor.py
[2025-10-08T18:42:03.658+0000] {processor.py:830} INFO - Processing file /home/airflow/.local/lib/python3.8/site-packages/airflow/example_dags/example_local_kubernetes_executor.py for tasks to queue
[2025-10-08T18:42:03.663+0000] {logging_mixin.py:188} INFO - [2025-10-08T18:42:03.662+0000] {dagbag.py:538} INFO - Filling up the DagBag from /home/airflow/.local/lib/python3.8/site-packages/airflow/example_dags/example_local_kubernetes_executor.py
[2025-10-08T18:42:03.679+0000] {processor.py:840} INFO - DAG(s) 'example_local_kubernetes_executor' retrieved from /home/airflow/.local/lib/python3.8/site-packages/airflow/example_dags/example_local_kubernetes_executor.py
[2025-10-08T18:42:03.772+0000] {logging_mixin.py:188} INFO - [2025-10-08T18:42:03.772+0000] {dag.py:3036} INFO - Sync 1 DAGs
[2025-10-08T18:42:03.813+0000] {logging_mixin.py:188} INFO - [2025-10-08T18:42:03.812+0000] {dag.py:3823} INFO - Setting next_dagrun for example_local_kubernetes_executor to None, run_after=None
[2025-10-08T18:42:03.917+0000] {processor.py:183} INFO - Processing /home/airflow/.local/lib/python3.8/site-packages/airflow/example_dags/example_local_kubernetes_executor.py took 0.271 seconds
[2025-10-08T18:42:37.058+0000] {processor.py:161} INFO - Started process (PID=493) to work on /home/airflow/.local/lib/python3.8/site-packages/airflow/example_dags/example_local_kubernetes_executor.py
[2025-10-08T18:42:37.061+0000] {processor.py:830} INFO - Processing file /home/airflow/.local/lib/python3.8/site-packages/airflow/example_dags/example_local_kubernetes_executor.py for tasks to queue
[2025-10-08T18:42:37.067+0000] {logging_mixin.py:188} INFO - [2025-10-08T18:42:37.066+0000] {dagbag.py:538} INFO - Filling up the DagBag from /home/airflow/.local/lib/python3.8/site-packages/airflow/example_dags/example_local_kubernetes_executor.py
[2025-10-08T18:42:37.087+0000] {processor.py:840} INFO - DAG(s) 'example_local_kubernetes_executor' retrieved from /home/airflow/.local/lib/python3.8/site-packages/airflow/example_dags/example_local_kubernetes_executor.py
[2025-10-08T18:42:37.195+0000] {logging_mixin.py:188} INFO - [2025-10-08T18:42:37.194+0000] {dag.py:3036} INFO - Sync 1 DAGs
[2025-10-08T18:42:37.232+0000] {logging_mixin.py:188} INFO - [2025-10-08T18:42:37.231+0000] {dag.py:3823} INFO - Setting next_dagrun for example_local_kubernetes_executor to None, run_after=None
[2025-10-08T18:42:37.285+0000] {processor.py:183} INFO - Processing /home/airflow/.local/lib/python3.8/site-packages/airflow/example_dags/example_local_kubernetes_executor.py took 0.239 seconds
[2025-10-08T18:43:10.299+0000] {processor.py:161} INFO - Started process (PID=553) to work on /home/airflow/.local/lib/python3.8/site-packages/airflow/example_dags/example_local_kubernetes_executor.py
[2025-10-08T18:43:10.301+0000] {processor.py:830} INFO - Processing file /home/airflow/.local/lib/python3.8/site-packages/airflow/example_dags/example_local_kubernetes_executor.py for tasks to queue
[2025-10-08T18:43:10.305+0000] {logging_mixin.py:188} INFO - [2025-10-08T18:43:10.304+0000] {dagbag.py:538} INFO - Filling up the DagBag from /home/airflow/.local/lib/python3.8/site-packages/airflow/example_dags/example_local_kubernetes_executor.py
[2025-10-08T18:43:10.317+0000] {processor.py:840} INFO - DAG(s) 'example_local_kubernetes_executor' retrieved from /home/airflow/.local/lib/python3.8/site-packages/airflow/example_dags/example_local_kubernetes_executor.py
[2025-10-08T18:43:10.392+0000] {logging_mixin.py:188} INFO - [2025-10-08T18:43:10.392+0000] {dag.py:3036} INFO - Sync 1 DAGs
[2025-10-08T18:43:10.421+0000] {logging_mixin.py:188} INFO - [2025-10-08T18:43:10.420+0000] {dag.py:3823} INFO - Setting next_dagrun for example_local_kubernetes_executor to None, run_after=None
[2025-10-08T18:43:10.507+0000] {processor.py:183} INFO - Processing /home/airflow/.local/lib/python3.8/site-packages/airflow/example_dags/example_local_kubernetes_executor.py took 0.215 seconds
[2025-10-08T18:43:43.300+0000] {processor.py:161} INFO - Started process (PID=614) to work on /home/airflow/.local/lib/python3.8/site-packages/airflow/example_dags/example_local_kubernetes_executor.py
[2025-10-08T18:43:43.312+0000] {processor.py:830} INFO - Processing file /home/airflow/.local/lib/python3.8/site-packages/airflow/example_dags/example_local_kubernetes_executor.py for tasks to queue
[2025-10-08T18:43:43.332+0000] {logging_mixin.py:188} INFO - [2025-10-08T18:43:43.331+0000] {dagbag.py:538} INFO - Filling up the DagBag from /home/airflow/.local/lib/python3.8/site-packages/airflow/example_dags/example_local_kubernetes_executor.py
[2025-10-08T18:43:43.387+0000] {processor.py:840} INFO - DAG(s) 'example_local_kubernetes_executor' retrieved from /home/airflow/.local/lib/python3.8/site-packages/airflow/example_dags/example_local_kubernetes_executor.py
[2025-10-08T18:43:43.488+0000] {logging_mixin.py:188} INFO - [2025-10-08T18:43:43.488+0000] {dag.py:3036} INFO - Sync 1 DAGs
[2025-10-08T18:43:43.513+0000] {logging_mixin.py:188} INFO - [2025-10-08T18:43:43.513+0000] {dag.py:3823} INFO - Setting next_dagrun for example_local_kubernetes_executor to None, run_after=None
[2025-10-08T18:43:43.583+0000] {processor.py:183} INFO - Processing /home/airflow/.local/lib/python3.8/site-packages/airflow/example_dags/example_local_kubernetes_executor.py took 0.310 seconds
[2025-10-08T18:44:14.409+0000] {processor.py:161} INFO - Started process (PID=674) to work on /home/airflow/.local/lib/python3.8/site-packages/airflow/example_dags/example_local_kubernetes_executor.py
[2025-10-08T18:44:14.415+0000] {processor.py:830} INFO - Processing file /home/airflow/.local/lib/python3.8/site-packages/airflow/example_dags/example_local_kubernetes_executor.py for tasks to queue
[2025-10-08T18:44:14.424+0000] {logging_mixin.py:188} INFO - [2025-10-08T18:44:14.423+0000] {dagbag.py:538} INFO - Filling up the DagBag from /home/airflow/.local/lib/python3.8/site-packages/airflow/example_dags/example_local_kubernetes_executor.py
[2025-10-08T18:44:14.459+0000] {processor.py:840} INFO - DAG(s) 'example_local_kubernetes_executor' retrieved from /home/airflow/.local/lib/python3.8/site-packages/airflow/example_dags/example_local_kubernetes_executor.py
[2025-10-08T18:44:14.698+0000] {logging_mixin.py:188} INFO - [2025-10-08T18:44:14.698+0000] {dag.py:3036} INFO - Sync 1 DAGs
[2025-10-08T18:44:14.730+0000] {logging_mixin.py:188} INFO - [2025-10-08T18:44:14.730+0000] {dag.py:3823} INFO - Setting next_dagrun for example_local_kubernetes_executor to None, run_after=None
[2025-10-08T18:44:14.777+0000] {processor.py:183} INFO - Processing /home/airflow/.local/lib/python3.8/site-packages/airflow/example_dags/example_local_kubernetes_executor.py took 0.389 seconds
[2025-10-08T18:44:45.180+0000] {processor.py:161} INFO - Started process (PID=734) to work on /home/airflow/.local/lib/python3.8/site-packages/airflow/example_dags/example_local_kubernetes_executor.py
[2025-10-08T18:44:45.182+0000] {processor.py:830} INFO - Processing file /home/airflow/.local/lib/python3.8/site-packages/airflow/example_dags/example_local_kubernetes_executor.py for tasks to queue
[2025-10-08T18:44:45.185+0000] {logging_mixin.py:188} INFO - [2025-10-08T18:44:45.185+0000] {dagbag.py:538} INFO - Filling up the DagBag from /home/airflow/.local/lib/python3.8/site-packages/airflow/example_dags/example_local_kubernetes_executor.py
[2025-10-08T18:44:45.199+0000] {processor.py:840} INFO - DAG(s) 'example_local_kubernetes_executor' retrieved from /home/airflow/.local/lib/python3.8/site-packages/airflow/example_dags/example_local_kubernetes_executor.py
[2025-10-08T18:44:45.279+0000] {logging_mixin.py:188} INFO - [2025-10-08T18:44:45.278+0000] {dag.py:3036} INFO - Sync 1 DAGs
[2025-10-08T18:44:45.347+0000] {logging_mixin.py:188} INFO - [2025-10-08T18:44:45.347+0000] {dag.py:3823} INFO - Setting next_dagrun for example_local_kubernetes_executor to None, run_after=None
[2025-10-08T18:44:45.417+0000] {processor.py:183} INFO - Processing /home/airflow/.local/lib/python3.8/site-packages/airflow/example_dags/example_local_kubernetes_executor.py took 0.242 seconds
[2025-10-08T18:45:15.769+0000] {processor.py:161} INFO - Started process (PID=794) to work on /home/airflow/.local/lib/python3.8/site-packages/airflow/example_dags/example_local_kubernetes_executor.py
[2025-10-08T18:45:15.773+0000] {processor.py:830} INFO - Processing file /home/airflow/.local/lib/python3.8/site-packages/airflow/example_dags/example_local_kubernetes_executor.py for tasks to queue
[2025-10-08T18:45:15.778+0000] {logging_mixin.py:188} INFO - [2025-10-08T18:45:15.777+0000] {dagbag.py:538} INFO - Filling up the DagBag from /home/airflow/.local/lib/python3.8/site-packages/airflow/example_dags/example_local_kubernetes_executor.py
[2025-10-08T18:45:15.797+0000] {processor.py:840} INFO - DAG(s) 'example_local_kubernetes_executor' retrieved from /home/airflow/.local/lib/python3.8/site-packages/airflow/example_dags/example_local_kubernetes_executor.py
[2025-10-08T18:45:15.968+0000] {logging_mixin.py:188} INFO - [2025-10-08T18:45:15.968+0000] {dag.py:3036} INFO - Sync 1 DAGs
[2025-10-08T18:45:15.998+0000] {logging_mixin.py:188} INFO - [2025-10-08T18:45:15.997+0000] {dag.py:3823} INFO - Setting next_dagrun for example_local_kubernetes_executor to None, run_after=None
[2025-10-08T18:45:16.062+0000] {processor.py:183} INFO - Processing /home/airflow/.local/lib/python3.8/site-packages/airflow/example_dags/example_local_kubernetes_executor.py took 0.300 seconds
[2025-10-08T18:45:48.499+0000] {processor.py:161} INFO - Started process (PID=854) to work on /home/airflow/.local/lib/python3.8/site-packages/airflow/example_dags/example_local_kubernetes_executor.py
[2025-10-08T18:45:48.501+0000] {processor.py:830} INFO - Processing file /home/airflow/.local/lib/python3.8/site-packages/airflow/example_dags/example_local_kubernetes_executor.py for tasks to queue
[2025-10-08T18:45:48.505+0000] {logging_mixin.py:188} INFO - [2025-10-08T18:45:48.505+0000] {dagbag.py:538} INFO - Filling up the DagBag from /home/airflow/.local/lib/python3.8/site-packages/airflow/example_dags/example_local_kubernetes_executor.py
[2025-10-08T18:45:48.519+0000] {processor.py:840} INFO - DAG(s) 'example_local_kubernetes_executor' retrieved from /home/airflow/.local/lib/python3.8/site-packages/airflow/example_dags/example_local_kubernetes_executor.py
[2025-10-08T18:45:48.615+0000] {logging_mixin.py:188} INFO - [2025-10-08T18:45:48.614+0000] {dag.py:3036} INFO - Sync 1 DAGs
[2025-10-08T18:45:48.647+0000] {logging_mixin.py:188} INFO - [2025-10-08T18:45:48.647+0000] {dag.py:3823} INFO - Setting next_dagrun for example_local_kubernetes_executor to None, run_after=None
[2025-10-08T18:45:48.709+0000] {processor.py:183} INFO - Processing /home/airflow/.local/lib/python3.8/site-packages/airflow/example_dags/example_local_kubernetes_executor.py took 0.216 seconds
[2025-10-08T18:46:19.332+0000] {processor.py:161} INFO - Started process (PID=914) to work on /home/airflow/.local/lib/python3.8/site-packages/airflow/example_dags/example_local_kubernetes_executor.py
[2025-10-08T18:46:19.335+0000] {processor.py:830} INFO - Processing file /home/airflow/.local/lib/python3.8/site-packages/airflow/example_dags/example_local_kubernetes_executor.py for tasks to queue
[2025-10-08T18:46:19.343+0000] {logging_mixin.py:188} INFO - [2025-10-08T18:46:19.342+0000] {dagbag.py:538} INFO - Filling up the DagBag from /home/airflow/.local/lib/python3.8/site-packages/airflow/example_dags/example_local_kubernetes_executor.py
[2025-10-08T18:46:19.367+0000] {processor.py:840} INFO - DAG(s) 'example_local_kubernetes_executor' retrieved from /home/airflow/.local/lib/python3.8/site-packages/airflow/example_dags/example_local_kubernetes_executor.py
[2025-10-08T18:46:19.473+0000] {logging_mixin.py:188} INFO - [2025-10-08T18:46:19.473+0000] {dag.py:3036} INFO - Sync 1 DAGs
[2025-10-08T18:46:19.499+0000] {logging_mixin.py:188} INFO - [2025-10-08T18:46:19.499+0000] {dag.py:3823} INFO - Setting next_dagrun for example_local_kubernetes_executor to None, run_after=None
[2025-10-08T18:46:19.541+0000] {processor.py:183} INFO - Processing /home/airflow/.local/lib/python3.8/site-packages/airflow/example_dags/example_local_kubernetes_executor.py took 0.218 seconds
[2025-10-08T18:46:52.434+0000] {processor.py:161} INFO - Started process (PID=974) to work on /home/airflow/.local/lib/python3.8/site-packages/airflow/example_dags/example_local_kubernetes_executor.py
[2025-10-08T18:46:52.436+0000] {processor.py:830} INFO - Processing file /home/airflow/.local/lib/python3.8/site-packages/airflow/example_dags/example_local_kubernetes_executor.py for tasks to queue
[2025-10-08T18:46:52.441+0000] {logging_mixin.py:188} INFO - [2025-10-08T18:46:52.440+0000] {dagbag.py:538} INFO - Filling up the DagBag from /home/airflow/.local/lib/python3.8/site-packages/airflow/example_dags/example_local_kubernetes_executor.py
[2025-10-08T18:46:52.466+0000] {processor.py:840} INFO - DAG(s) 'example_local_kubernetes_executor' retrieved from /home/airflow/.local/lib/python3.8/site-packages/airflow/example_dags/example_local_kubernetes_executor.py
[2025-10-08T18:46:52.636+0000] {logging_mixin.py:188} INFO - [2025-10-08T18:46:52.635+0000] {dag.py:3036} INFO - Sync 1 DAGs
[2025-10-08T18:46:53.775+0000] {logging_mixin.py:188} INFO - [2025-10-08T18:46:53.775+0000] {process_utils.py:262} INFO - Waiting up to 5 seconds for processes to exit...
[2025-10-08T18:49:43.961+0000] {processor.py:161} INFO - Started process (PID=66) to work on /home/airflow/.local/lib/python3.8/site-packages/airflow/example_dags/example_local_kubernetes_executor.py
[2025-10-08T18:49:43.963+0000] {processor.py:830} INFO - Processing file /home/airflow/.local/lib/python3.8/site-packages/airflow/example_dags/example_local_kubernetes_executor.py for tasks to queue
[2025-10-08T18:49:43.967+0000] {logging_mixin.py:188} INFO - [2025-10-08T18:49:43.967+0000] {dagbag.py:538} INFO - Filling up the DagBag from /home/airflow/.local/lib/python3.8/site-packages/airflow/example_dags/example_local_kubernetes_executor.py
[2025-10-08T18:49:43.983+0000] {processor.py:840} INFO - DAG(s) 'example_local_kubernetes_executor' retrieved from /home/airflow/.local/lib/python3.8/site-packages/airflow/example_dags/example_local_kubernetes_executor.py
[2025-10-08T18:49:44.277+0000] {logging_mixin.py:188} INFO - [2025-10-08T18:49:44.276+0000] {dag.py:3036} INFO - Sync 1 DAGs
[2025-10-08T18:49:44.309+0000] {logging_mixin.py:188} INFO - [2025-10-08T18:49:44.308+0000] {dag.py:3823} INFO - Setting next_dagrun for example_local_kubernetes_executor to None, run_after=None
[2025-10-08T18:49:44.372+0000] {processor.py:183} INFO - Processing /home/airflow/.local/lib/python3.8/site-packages/airflow/example_dags/example_local_kubernetes_executor.py took 0.418 seconds
[2025-10-08T18:50:14.912+0000] {processor.py:161} INFO - Started process (PID=126) to work on /home/airflow/.local/lib/python3.8/site-packages/airflow/example_dags/example_local_kubernetes_executor.py
[2025-10-08T18:50:14.914+0000] {processor.py:830} INFO - Processing file /home/airflow/.local/lib/python3.8/site-packages/airflow/example_dags/example_local_kubernetes_executor.py for tasks to queue
[2025-10-08T18:50:14.918+0000] {logging_mixin.py:188} INFO - [2025-10-08T18:50:14.917+0000] {dagbag.py:538} INFO - Filling up the DagBag from /home/airflow/.local/lib/python3.8/site-packages/airflow/example_dags/example_local_kubernetes_executor.py
[2025-10-08T18:50:14.934+0000] {processor.py:840} INFO - DAG(s) 'example_local_kubernetes_executor' retrieved from /home/airflow/.local/lib/python3.8/site-packages/airflow/example_dags/example_local_kubernetes_executor.py
[2025-10-08T18:50:15.036+0000] {logging_mixin.py:188} INFO - [2025-10-08T18:50:15.035+0000] {dag.py:3036} INFO - Sync 1 DAGs
[2025-10-08T18:50:15.072+0000] {logging_mixin.py:188} INFO - [2025-10-08T18:50:15.071+0000] {dag.py:3823} INFO - Setting next_dagrun for example_local_kubernetes_executor to None, run_after=None
[2025-10-08T18:50:15.121+0000] {processor.py:183} INFO - Processing /home/airflow/.local/lib/python3.8/site-packages/airflow/example_dags/example_local_kubernetes_executor.py took 0.216 seconds
[2025-10-08T18:50:46.212+0000] {processor.py:161} INFO - Started process (PID=186) to work on /home/airflow/.local/lib/python3.8/site-packages/airflow/example_dags/example_local_kubernetes_executor.py
[2025-10-08T18:50:46.214+0000] {processor.py:830} INFO - Processing file /home/airflow/.local/lib/python3.8/site-packages/airflow/example_dags/example_local_kubernetes_executor.py for tasks to queue
[2025-10-08T18:50:46.217+0000] {logging_mixin.py:188} INFO - [2025-10-08T18:50:46.216+0000] {dagbag.py:538} INFO - Filling up the DagBag from /home/airflow/.local/lib/python3.8/site-packages/airflow/example_dags/example_local_kubernetes_executor.py
[2025-10-08T18:50:46.230+0000] {processor.py:840} INFO - DAG(s) 'example_local_kubernetes_executor' retrieved from /home/airflow/.local/lib/python3.8/site-packages/airflow/example_dags/example_local_kubernetes_executor.py
[2025-10-08T18:50:46.341+0000] {logging_mixin.py:188} INFO - [2025-10-08T18:50:46.340+0000] {dag.py:3036} INFO - Sync 1 DAGs
[2025-10-08T18:50:46.399+0000] {logging_mixin.py:188} INFO - [2025-10-08T18:50:46.398+0000] {dag.py:3823} INFO - Setting next_dagrun for example_local_kubernetes_executor to None, run_after=None
[2025-10-08T18:50:46.503+0000] {processor.py:183} INFO - Processing /home/airflow/.local/lib/python3.8/site-packages/airflow/example_dags/example_local_kubernetes_executor.py took 0.296 seconds
[2025-10-08T18:51:17.249+0000] {processor.py:161} INFO - Started process (PID=246) to work on /home/airflow/.local/lib/python3.8/site-packages/airflow/example_dags/example_local_kubernetes_executor.py
[2025-10-08T18:51:17.256+0000] {processor.py:830} INFO - Processing file /home/airflow/.local/lib/python3.8/site-packages/airflow/example_dags/example_local_kubernetes_executor.py for tasks to queue
[2025-10-08T18:51:17.263+0000] {logging_mixin.py:188} INFO - [2025-10-08T18:51:17.262+0000] {dagbag.py:538} INFO - Filling up the DagBag from /home/airflow/.local/lib/python3.8/site-packages/airflow/example_dags/example_local_kubernetes_executor.py
[2025-10-08T18:51:17.286+0000] {processor.py:840} INFO - DAG(s) 'example_local_kubernetes_executor' retrieved from /home/airflow/.local/lib/python3.8/site-packages/airflow/example_dags/example_local_kubernetes_executor.py
[2025-10-08T18:51:17.362+0000] {logging_mixin.py:188} INFO - [2025-10-08T18:51:17.362+0000] {dag.py:3036} INFO - Sync 1 DAGs
[2025-10-08T18:51:17.418+0000] {logging_mixin.py:188} INFO - [2025-10-08T18:51:17.417+0000] {dag.py:3823} INFO - Setting next_dagrun for example_local_kubernetes_executor to None, run_after=None
[2025-10-08T18:51:17.487+0000] {processor.py:183} INFO - Processing /home/airflow/.local/lib/python3.8/site-packages/airflow/example_dags/example_local_kubernetes_executor.py took 0.274 seconds
[2025-10-08T18:51:47.814+0000] {processor.py:161} INFO - Started process (PID=306) to work on /home/airflow/.local/lib/python3.8/site-packages/airflow/example_dags/example_local_kubernetes_executor.py
[2025-10-08T18:51:47.816+0000] {processor.py:830} INFO - Processing file /home/airflow/.local/lib/python3.8/site-packages/airflow/example_dags/example_local_kubernetes_executor.py for tasks to queue
[2025-10-08T18:51:47.819+0000] {logging_mixin.py:188} INFO - [2025-10-08T18:51:47.818+0000] {dagbag.py:538} INFO - Filling up the DagBag from /home/airflow/.local/lib/python3.8/site-packages/airflow/example_dags/example_local_kubernetes_executor.py
[2025-10-08T18:51:47.831+0000] {processor.py:840} INFO - DAG(s) 'example_local_kubernetes_executor' retrieved from /home/airflow/.local/lib/python3.8/site-packages/airflow/example_dags/example_local_kubernetes_executor.py
[2025-10-08T18:51:47.902+0000] {logging_mixin.py:188} INFO - [2025-10-08T18:51:47.901+0000] {dag.py:3036} INFO - Sync 1 DAGs
[2025-10-08T18:51:47.927+0000] {logging_mixin.py:188} INFO - [2025-10-08T18:51:47.926+0000] {dag.py:3823} INFO - Setting next_dagrun for example_local_kubernetes_executor to None, run_after=None
[2025-10-08T18:51:47.982+0000] {processor.py:183} INFO - Processing /home/airflow/.local/lib/python3.8/site-packages/airflow/example_dags/example_local_kubernetes_executor.py took 0.174 seconds
[2025-10-08T18:52:20.075+0000] {processor.py:161} INFO - Started process (PID=373) to work on /home/airflow/.local/lib/python3.8/site-packages/airflow/example_dags/example_local_kubernetes_executor.py
[2025-10-08T18:52:20.079+0000] {processor.py:830} INFO - Processing file /home/airflow/.local/lib/python3.8/site-packages/airflow/example_dags/example_local_kubernetes_executor.py for tasks to queue
[2025-10-08T18:52:20.086+0000] {logging_mixin.py:188} INFO - [2025-10-08T18:52:20.085+0000] {dagbag.py:538} INFO - Filling up the DagBag from /home/airflow/.local/lib/python3.8/site-packages/airflow/example_dags/example_local_kubernetes_executor.py
[2025-10-08T18:52:20.114+0000] {processor.py:840} INFO - DAG(s) 'example_local_kubernetes_executor' retrieved from /home/airflow/.local/lib/python3.8/site-packages/airflow/example_dags/example_local_kubernetes_executor.py
[2025-10-08T18:52:20.253+0000] {logging_mixin.py:188} INFO - [2025-10-08T18:52:20.253+0000] {dag.py:3036} INFO - Sync 1 DAGs
[2025-10-08T18:52:20.285+0000] {logging_mixin.py:188} INFO - [2025-10-08T18:52:20.284+0000] {dag.py:3823} INFO - Setting next_dagrun for example_local_kubernetes_executor to None, run_after=None
[2025-10-08T18:52:20.381+0000] {processor.py:183} INFO - Processing /home/airflow/.local/lib/python3.8/site-packages/airflow/example_dags/example_local_kubernetes_executor.py took 0.319 seconds
[2025-10-08T18:52:51.204+0000] {processor.py:161} INFO - Started process (PID=433) to work on /home/airflow/.local/lib/python3.8/site-packages/airflow/example_dags/example_local_kubernetes_executor.py
[2025-10-08T18:52:51.206+0000] {processor.py:830} INFO - Processing file /home/airflow/.local/lib/python3.8/site-packages/airflow/example_dags/example_local_kubernetes_executor.py for tasks to queue
[2025-10-08T18:52:51.210+0000] {logging_mixin.py:188} INFO - [2025-10-08T18:52:51.209+0000] {dagbag.py:538} INFO - Filling up the DagBag from /home/airflow/.local/lib/python3.8/site-packages/airflow/example_dags/example_local_kubernetes_executor.py
[2025-10-08T18:52:51.226+0000] {processor.py:840} INFO - DAG(s) 'example_local_kubernetes_executor' retrieved from /home/airflow/.local/lib/python3.8/site-packages/airflow/example_dags/example_local_kubernetes_executor.py
[2025-10-08T18:52:51.339+0000] {logging_mixin.py:188} INFO - [2025-10-08T18:52:51.338+0000] {dag.py:3036} INFO - Sync 1 DAGs
[2025-10-08T18:52:51.402+0000] {logging_mixin.py:188} INFO - [2025-10-08T18:52:51.400+0000] {dag.py:3823} INFO - Setting next_dagrun for example_local_kubernetes_executor to None, run_after=None
[2025-10-08T18:52:51.525+0000] {processor.py:183} INFO - Processing /home/airflow/.local/lib/python3.8/site-packages/airflow/example_dags/example_local_kubernetes_executor.py took 0.328 seconds
[2025-10-08T18:53:22.944+0000] {processor.py:161} INFO - Started process (PID=494) to work on /home/airflow/.local/lib/python3.8/site-packages/airflow/example_dags/example_local_kubernetes_executor.py
[2025-10-08T18:53:22.950+0000] {processor.py:830} INFO - Processing file /home/airflow/.local/lib/python3.8/site-packages/airflow/example_dags/example_local_kubernetes_executor.py for tasks to queue
[2025-10-08T18:53:22.958+0000] {logging_mixin.py:188} INFO - [2025-10-08T18:53:22.957+0000] {dagbag.py:538} INFO - Filling up the DagBag from /home/airflow/.local/lib/python3.8/site-packages/airflow/example_dags/example_local_kubernetes_executor.py
[2025-10-08T18:53:22.989+0000] {processor.py:840} INFO - DAG(s) 'example_local_kubernetes_executor' retrieved from /home/airflow/.local/lib/python3.8/site-packages/airflow/example_dags/example_local_kubernetes_executor.py
[2025-10-08T18:53:23.125+0000] {logging_mixin.py:188} INFO - [2025-10-08T18:53:23.124+0000] {dag.py:3036} INFO - Sync 1 DAGs
[2025-10-08T18:53:23.174+0000] {logging_mixin.py:188} INFO - [2025-10-08T18:53:23.173+0000] {dag.py:3823} INFO - Setting next_dagrun for example_local_kubernetes_executor to None, run_after=None
[2025-10-08T18:53:23.262+0000] {processor.py:183} INFO - Processing /home/airflow/.local/lib/python3.8/site-packages/airflow/example_dags/example_local_kubernetes_executor.py took 0.333 seconds
[2025-10-08T18:53:53.591+0000] {processor.py:161} INFO - Started process (PID=554) to work on /home/airflow/.local/lib/python3.8/site-packages/airflow/example_dags/example_local_kubernetes_executor.py
[2025-10-08T18:53:53.594+0000] {processor.py:830} INFO - Processing file /home/airflow/.local/lib/python3.8/site-packages/airflow/example_dags/example_local_kubernetes_executor.py for tasks to queue
[2025-10-08T18:53:53.600+0000] {logging_mixin.py:188} INFO - [2025-10-08T18:53:53.599+0000] {dagbag.py:538} INFO - Filling up the DagBag from /home/airflow/.local/lib/python3.8/site-packages/airflow/example_dags/example_local_kubernetes_executor.py
[2025-10-08T18:53:53.623+0000] {processor.py:840} INFO - DAG(s) 'example_local_kubernetes_executor' retrieved from /home/airflow/.local/lib/python3.8/site-packages/airflow/example_dags/example_local_kubernetes_executor.py
[2025-10-08T18:53:53.727+0000] {logging_mixin.py:188} INFO - [2025-10-08T18:53:53.727+0000] {dag.py:3036} INFO - Sync 1 DAGs
[2025-10-08T18:53:53.765+0000] {logging_mixin.py:188} INFO - [2025-10-08T18:53:53.764+0000] {dag.py:3823} INFO - Setting next_dagrun for example_local_kubernetes_executor to None, run_after=None
[2025-10-08T18:53:53.842+0000] {processor.py:183} INFO - Processing /home/airflow/.local/lib/python3.8/site-packages/airflow/example_dags/example_local_kubernetes_executor.py took 0.261 seconds
[2025-10-08T18:58:02.040+0000] {processor.py:161} INFO - Started process (PID=68) to work on /home/airflow/.local/lib/python3.8/site-packages/airflow/example_dags/example_local_kubernetes_executor.py
[2025-10-08T18:58:02.042+0000] {processor.py:830} INFO - Processing file /home/airflow/.local/lib/python3.8/site-packages/airflow/example_dags/example_local_kubernetes_executor.py for tasks to queue
[2025-10-08T18:58:02.046+0000] {logging_mixin.py:188} INFO - [2025-10-08T18:58:02.045+0000] {dagbag.py:538} INFO - Filling up the DagBag from /home/airflow/.local/lib/python3.8/site-packages/airflow/example_dags/example_local_kubernetes_executor.py
[2025-10-08T18:58:02.062+0000] {processor.py:840} INFO - DAG(s) 'example_local_kubernetes_executor' retrieved from /home/airflow/.local/lib/python3.8/site-packages/airflow/example_dags/example_local_kubernetes_executor.py
[2025-10-08T18:58:02.422+0000] {logging_mixin.py:188} INFO - [2025-10-08T18:58:02.422+0000] {dag.py:3036} INFO - Sync 1 DAGs
[2025-10-08T18:58:02.449+0000] {logging_mixin.py:188} INFO - [2025-10-08T18:58:02.449+0000] {dag.py:3823} INFO - Setting next_dagrun for example_local_kubernetes_executor to None, run_after=None
[2025-10-08T18:58:02.521+0000] {processor.py:183} INFO - Processing /home/airflow/.local/lib/python3.8/site-packages/airflow/example_dags/example_local_kubernetes_executor.py took 0.487 seconds
[2025-10-08T18:58:33.423+0000] {processor.py:161} INFO - Started process (PID=128) to work on /home/airflow/.local/lib/python3.8/site-packages/airflow/example_dags/example_local_kubernetes_executor.py
[2025-10-08T18:58:33.425+0000] {processor.py:830} INFO - Processing file /home/airflow/.local/lib/python3.8/site-packages/airflow/example_dags/example_local_kubernetes_executor.py for tasks to queue
[2025-10-08T18:58:33.429+0000] {logging_mixin.py:188} INFO - [2025-10-08T18:58:33.428+0000] {dagbag.py:538} INFO - Filling up the DagBag from /home/airflow/.local/lib/python3.8/site-packages/airflow/example_dags/example_local_kubernetes_executor.py
[2025-10-08T18:58:33.442+0000] {processor.py:840} INFO - DAG(s) 'example_local_kubernetes_executor' retrieved from /home/airflow/.local/lib/python3.8/site-packages/airflow/example_dags/example_local_kubernetes_executor.py
[2025-10-08T18:58:33.522+0000] {logging_mixin.py:188} INFO - [2025-10-08T18:58:33.522+0000] {dag.py:3036} INFO - Sync 1 DAGs
[2025-10-08T18:58:33.551+0000] {logging_mixin.py:188} INFO - [2025-10-08T18:58:33.551+0000] {dag.py:3823} INFO - Setting next_dagrun for example_local_kubernetes_executor to None, run_after=None
[2025-10-08T18:58:33.638+0000] {processor.py:183} INFO - Processing /home/airflow/.local/lib/python3.8/site-packages/airflow/example_dags/example_local_kubernetes_executor.py took 0.221 seconds
[2025-10-08T18:59:06.124+0000] {processor.py:161} INFO - Started process (PID=188) to work on /home/airflow/.local/lib/python3.8/site-packages/airflow/example_dags/example_local_kubernetes_executor.py
[2025-10-08T18:59:06.129+0000] {processor.py:830} INFO - Processing file /home/airflow/.local/lib/python3.8/site-packages/airflow/example_dags/example_local_kubernetes_executor.py for tasks to queue
[2025-10-08T18:59:06.140+0000] {logging_mixin.py:188} INFO - [2025-10-08T18:59:06.137+0000] {dagbag.py:538} INFO - Filling up the DagBag from /home/airflow/.local/lib/python3.8/site-packages/airflow/example_dags/example_local_kubernetes_executor.py
[2025-10-08T18:59:06.179+0000] {processor.py:840} INFO - DAG(s) 'example_local_kubernetes_executor' retrieved from /home/airflow/.local/lib/python3.8/site-packages/airflow/example_dags/example_local_kubernetes_executor.py
[2025-10-08T18:59:06.330+0000] {logging_mixin.py:188} INFO - [2025-10-08T18:59:06.330+0000] {dag.py:3036} INFO - Sync 1 DAGs
[2025-10-08T18:59:06.378+0000] {logging_mixin.py:188} INFO - [2025-10-08T18:59:06.377+0000] {dag.py:3823} INFO - Setting next_dagrun for example_local_kubernetes_executor to None, run_after=None
[2025-10-08T18:59:06.467+0000] {processor.py:183} INFO - Processing /home/airflow/.local/lib/python3.8/site-packages/airflow/example_dags/example_local_kubernetes_executor.py took 0.357 seconds
[2025-10-08T18:59:36.959+0000] {processor.py:161} INFO - Started process (PID=248) to work on /home/airflow/.local/lib/python3.8/site-packages/airflow/example_dags/example_local_kubernetes_executor.py
[2025-10-08T18:59:36.961+0000] {processor.py:830} INFO - Processing file /home/airflow/.local/lib/python3.8/site-packages/airflow/example_dags/example_local_kubernetes_executor.py for tasks to queue
[2025-10-08T18:59:36.966+0000] {logging_mixin.py:188} INFO - [2025-10-08T18:59:36.965+0000] {dagbag.py:538} INFO - Filling up the DagBag from /home/airflow/.local/lib/python3.8/site-packages/airflow/example_dags/example_local_kubernetes_executor.py
[2025-10-08T18:59:36.984+0000] {processor.py:840} INFO - DAG(s) 'example_local_kubernetes_executor' retrieved from /home/airflow/.local/lib/python3.8/site-packages/airflow/example_dags/example_local_kubernetes_executor.py
[2025-10-08T18:59:37.085+0000] {logging_mixin.py:188} INFO - [2025-10-08T18:59:37.085+0000] {dag.py:3036} INFO - Sync 1 DAGs
[2025-10-08T18:59:37.118+0000] {logging_mixin.py:188} INFO - [2025-10-08T18:59:37.118+0000] {dag.py:3823} INFO - Setting next_dagrun for example_local_kubernetes_executor to None, run_after=None
[2025-10-08T18:59:37.177+0000] {processor.py:183} INFO - Processing /home/airflow/.local/lib/python3.8/site-packages/airflow/example_dags/example_local_kubernetes_executor.py took 0.226 seconds
[2025-10-08T19:00:07.750+0000] {processor.py:161} INFO - Started process (PID=314) to work on /home/airflow/.local/lib/python3.8/site-packages/airflow/example_dags/example_local_kubernetes_executor.py
[2025-10-08T19:00:07.753+0000] {processor.py:830} INFO - Processing file /home/airflow/.local/lib/python3.8/site-packages/airflow/example_dags/example_local_kubernetes_executor.py for tasks to queue
[2025-10-08T19:00:07.758+0000] {logging_mixin.py:188} INFO - [2025-10-08T19:00:07.757+0000] {dagbag.py:538} INFO - Filling up the DagBag from /home/airflow/.local/lib/python3.8/site-packages/airflow/example_dags/example_local_kubernetes_executor.py
[2025-10-08T19:00:07.778+0000] {processor.py:840} INFO - DAG(s) 'example_local_kubernetes_executor' retrieved from /home/airflow/.local/lib/python3.8/site-packages/airflow/example_dags/example_local_kubernetes_executor.py
[2025-10-08T19:00:07.869+0000] {logging_mixin.py:188} INFO - [2025-10-08T19:00:07.869+0000] {dag.py:3036} INFO - Sync 1 DAGs
[2025-10-08T19:00:07.894+0000] {logging_mixin.py:188} INFO - [2025-10-08T19:00:07.893+0000] {dag.py:3823} INFO - Setting next_dagrun for example_local_kubernetes_executor to None, run_after=None
[2025-10-08T19:00:07.978+0000] {processor.py:183} INFO - Processing /home/airflow/.local/lib/python3.8/site-packages/airflow/example_dags/example_local_kubernetes_executor.py took 0.238 seconds
[2025-10-08T19:00:39.455+0000] {processor.py:161} INFO - Started process (PID=375) to work on /home/airflow/.local/lib/python3.8/site-packages/airflow/example_dags/example_local_kubernetes_executor.py
[2025-10-08T19:00:39.456+0000] {processor.py:830} INFO - Processing file /home/airflow/.local/lib/python3.8/site-packages/airflow/example_dags/example_local_kubernetes_executor.py for tasks to queue
[2025-10-08T19:00:39.459+0000] {logging_mixin.py:188} INFO - [2025-10-08T19:00:39.459+0000] {dagbag.py:538} INFO - Filling up the DagBag from /home/airflow/.local/lib/python3.8/site-packages/airflow/example_dags/example_local_kubernetes_executor.py
[2025-10-08T19:00:39.476+0000] {processor.py:840} INFO - DAG(s) 'example_local_kubernetes_executor' retrieved from /home/airflow/.local/lib/python3.8/site-packages/airflow/example_dags/example_local_kubernetes_executor.py
[2025-10-08T19:00:39.547+0000] {logging_mixin.py:188} INFO - [2025-10-08T19:00:39.547+0000] {dag.py:3036} INFO - Sync 1 DAGs
[2025-10-08T19:00:39.568+0000] {logging_mixin.py:188} INFO - [2025-10-08T19:00:39.568+0000] {dag.py:3823} INFO - Setting next_dagrun for example_local_kubernetes_executor to None, run_after=None
[2025-10-08T19:00:39.621+0000] {processor.py:183} INFO - Processing /home/airflow/.local/lib/python3.8/site-packages/airflow/example_dags/example_local_kubernetes_executor.py took 0.172 seconds
[2025-10-08T19:01:11.513+0000] {processor.py:161} INFO - Started process (PID=435) to work on /home/airflow/.local/lib/python3.8/site-packages/airflow/example_dags/example_local_kubernetes_executor.py
[2025-10-08T19:01:11.515+0000] {processor.py:830} INFO - Processing file /home/airflow/.local/lib/python3.8/site-packages/airflow/example_dags/example_local_kubernetes_executor.py for tasks to queue
[2025-10-08T19:01:11.519+0000] {logging_mixin.py:188} INFO - [2025-10-08T19:01:11.519+0000] {dagbag.py:538} INFO - Filling up the DagBag from /home/airflow/.local/lib/python3.8/site-packages/airflow/example_dags/example_local_kubernetes_executor.py
[2025-10-08T19:01:11.538+0000] {processor.py:840} INFO - DAG(s) 'example_local_kubernetes_executor' retrieved from /home/airflow/.local/lib/python3.8/site-packages/airflow/example_dags/example_local_kubernetes_executor.py
[2025-10-08T19:01:11.641+0000] {logging_mixin.py:188} INFO - [2025-10-08T19:01:11.640+0000] {dag.py:3036} INFO - Sync 1 DAGs
[2025-10-08T19:01:11.682+0000] {logging_mixin.py:188} INFO - [2025-10-08T19:01:11.681+0000] {dag.py:3823} INFO - Setting next_dagrun for example_local_kubernetes_executor to None, run_after=None
[2025-10-08T19:01:11.727+0000] {processor.py:183} INFO - Processing /home/airflow/.local/lib/python3.8/site-packages/airflow/example_dags/example_local_kubernetes_executor.py took 0.222 seconds
[2025-10-08T19:01:43.480+0000] {processor.py:161} INFO - Started process (PID=495) to work on /home/airflow/.local/lib/python3.8/site-packages/airflow/example_dags/example_local_kubernetes_executor.py
[2025-10-08T19:01:43.486+0000] {processor.py:830} INFO - Processing file /home/airflow/.local/lib/python3.8/site-packages/airflow/example_dags/example_local_kubernetes_executor.py for tasks to queue
[2025-10-08T19:01:43.494+0000] {logging_mixin.py:188} INFO - [2025-10-08T19:01:43.492+0000] {dagbag.py:538} INFO - Filling up the DagBag from /home/airflow/.local/lib/python3.8/site-packages/airflow/example_dags/example_local_kubernetes_executor.py
[2025-10-08T19:01:43.525+0000] {processor.py:840} INFO - DAG(s) 'example_local_kubernetes_executor' retrieved from /home/airflow/.local/lib/python3.8/site-packages/airflow/example_dags/example_local_kubernetes_executor.py
[2025-10-08T19:01:43.668+0000] {logging_mixin.py:188} INFO - [2025-10-08T19:01:43.668+0000] {dag.py:3036} INFO - Sync 1 DAGs
[2025-10-08T19:01:43.690+0000] {logging_mixin.py:188} INFO - [2025-10-08T19:01:43.690+0000] {dag.py:3823} INFO - Setting next_dagrun for example_local_kubernetes_executor to None, run_after=None
[2025-10-08T19:01:43.721+0000] {processor.py:183} INFO - Processing /home/airflow/.local/lib/python3.8/site-packages/airflow/example_dags/example_local_kubernetes_executor.py took 0.256 seconds
[2025-10-08T19:02:14.881+0000] {processor.py:161} INFO - Started process (PID=555) to work on /home/airflow/.local/lib/python3.8/site-packages/airflow/example_dags/example_local_kubernetes_executor.py
[2025-10-08T19:02:14.884+0000] {processor.py:830} INFO - Processing file /home/airflow/.local/lib/python3.8/site-packages/airflow/example_dags/example_local_kubernetes_executor.py for tasks to queue
[2025-10-08T19:02:14.889+0000] {logging_mixin.py:188} INFO - [2025-10-08T19:02:14.888+0000] {dagbag.py:538} INFO - Filling up the DagBag from /home/airflow/.local/lib/python3.8/site-packages/airflow/example_dags/example_local_kubernetes_executor.py
[2025-10-08T19:02:14.907+0000] {processor.py:840} INFO - DAG(s) 'example_local_kubernetes_executor' retrieved from /home/airflow/.local/lib/python3.8/site-packages/airflow/example_dags/example_local_kubernetes_executor.py
[2025-10-08T19:02:15.005+0000] {logging_mixin.py:188} INFO - [2025-10-08T19:02:15.005+0000] {dag.py:3036} INFO - Sync 1 DAGs
[2025-10-08T19:02:15.037+0000] {logging_mixin.py:188} INFO - [2025-10-08T19:02:15.036+0000] {dag.py:3823} INFO - Setting next_dagrun for example_local_kubernetes_executor to None, run_after=None
[2025-10-08T19:02:15.080+0000] {processor.py:183} INFO - Processing /home/airflow/.local/lib/python3.8/site-packages/airflow/example_dags/example_local_kubernetes_executor.py took 0.210 seconds
[2025-10-08T19:02:45.876+0000] {processor.py:161} INFO - Started process (PID=615) to work on /home/airflow/.local/lib/python3.8/site-packages/airflow/example_dags/example_local_kubernetes_executor.py
[2025-10-08T19:02:45.879+0000] {processor.py:830} INFO - Processing file /home/airflow/.local/lib/python3.8/site-packages/airflow/example_dags/example_local_kubernetes_executor.py for tasks to queue
[2025-10-08T19:02:45.883+0000] {logging_mixin.py:188} INFO - [2025-10-08T19:02:45.883+0000] {dagbag.py:538} INFO - Filling up the DagBag from /home/airflow/.local/lib/python3.8/site-packages/airflow/example_dags/example_local_kubernetes_executor.py
[2025-10-08T19:02:45.901+0000] {processor.py:840} INFO - DAG(s) 'example_local_kubernetes_executor' retrieved from /home/airflow/.local/lib/python3.8/site-packages/airflow/example_dags/example_local_kubernetes_executor.py
[2025-10-08T19:02:46.004+0000] {logging_mixin.py:188} INFO - [2025-10-08T19:02:46.004+0000] {dag.py:3036} INFO - Sync 1 DAGs
[2025-10-08T19:02:46.036+0000] {logging_mixin.py:188} INFO - [2025-10-08T19:02:46.035+0000] {dag.py:3823} INFO - Setting next_dagrun for example_local_kubernetes_executor to None, run_after=None
[2025-10-08T19:02:46.135+0000] {processor.py:183} INFO - Processing /home/airflow/.local/lib/python3.8/site-packages/airflow/example_dags/example_local_kubernetes_executor.py took 0.267 seconds
[2025-10-08T19:03:17.089+0000] {processor.py:161} INFO - Started process (PID=675) to work on /home/airflow/.local/lib/python3.8/site-packages/airflow/example_dags/example_local_kubernetes_executor.py
[2025-10-08T19:03:17.091+0000] {processor.py:830} INFO - Processing file /home/airflow/.local/lib/python3.8/site-packages/airflow/example_dags/example_local_kubernetes_executor.py for tasks to queue
[2025-10-08T19:03:17.096+0000] {logging_mixin.py:188} INFO - [2025-10-08T19:03:17.095+0000] {dagbag.py:538} INFO - Filling up the DagBag from /home/airflow/.local/lib/python3.8/site-packages/airflow/example_dags/example_local_kubernetes_executor.py
[2025-10-08T19:03:17.114+0000] {processor.py:840} INFO - DAG(s) 'example_local_kubernetes_executor' retrieved from /home/airflow/.local/lib/python3.8/site-packages/airflow/example_dags/example_local_kubernetes_executor.py
[2025-10-08T19:03:17.206+0000] {logging_mixin.py:188} INFO - [2025-10-08T19:03:17.206+0000] {dag.py:3036} INFO - Sync 1 DAGs
[2025-10-08T19:03:17.227+0000] {logging_mixin.py:188} INFO - [2025-10-08T19:03:17.226+0000] {dag.py:3823} INFO - Setting next_dagrun for example_local_kubernetes_executor to None, run_after=None
[2025-10-08T19:03:17.289+0000] {processor.py:183} INFO - Processing /home/airflow/.local/lib/python3.8/site-packages/airflow/example_dags/example_local_kubernetes_executor.py took 0.208 seconds
[2025-10-08T19:03:47.986+0000] {processor.py:161} INFO - Started process (PID=735) to work on /home/airflow/.local/lib/python3.8/site-packages/airflow/example_dags/example_local_kubernetes_executor.py
[2025-10-08T19:03:47.988+0000] {processor.py:830} INFO - Processing file /home/airflow/.local/lib/python3.8/site-packages/airflow/example_dags/example_local_kubernetes_executor.py for tasks to queue
[2025-10-08T19:03:47.991+0000] {logging_mixin.py:188} INFO - [2025-10-08T19:03:47.990+0000] {dagbag.py:538} INFO - Filling up the DagBag from /home/airflow/.local/lib/python3.8/site-packages/airflow/example_dags/example_local_kubernetes_executor.py
[2025-10-08T19:03:48.009+0000] {processor.py:840} INFO - DAG(s) 'example_local_kubernetes_executor' retrieved from /home/airflow/.local/lib/python3.8/site-packages/airflow/example_dags/example_local_kubernetes_executor.py
[2025-10-08T19:03:48.093+0000] {logging_mixin.py:188} INFO - [2025-10-08T19:03:48.092+0000] {dag.py:3036} INFO - Sync 1 DAGs
[2025-10-08T19:03:48.122+0000] {logging_mixin.py:188} INFO - [2025-10-08T19:03:48.122+0000] {dag.py:3823} INFO - Setting next_dagrun for example_local_kubernetes_executor to None, run_after=None
[2025-10-08T19:03:48.195+0000] {processor.py:183} INFO - Processing /home/airflow/.local/lib/python3.8/site-packages/airflow/example_dags/example_local_kubernetes_executor.py took 0.215 seconds
[2025-10-08T19:04:19.171+0000] {processor.py:161} INFO - Started process (PID=795) to work on /home/airflow/.local/lib/python3.8/site-packages/airflow/example_dags/example_local_kubernetes_executor.py
[2025-10-08T19:04:19.174+0000] {processor.py:830} INFO - Processing file /home/airflow/.local/lib/python3.8/site-packages/airflow/example_dags/example_local_kubernetes_executor.py for tasks to queue
[2025-10-08T19:04:19.179+0000] {logging_mixin.py:188} INFO - [2025-10-08T19:04:19.179+0000] {dagbag.py:538} INFO - Filling up the DagBag from /home/airflow/.local/lib/python3.8/site-packages/airflow/example_dags/example_local_kubernetes_executor.py
[2025-10-08T19:04:19.200+0000] {processor.py:840} INFO - DAG(s) 'example_local_kubernetes_executor' retrieved from /home/airflow/.local/lib/python3.8/site-packages/airflow/example_dags/example_local_kubernetes_executor.py
[2025-10-08T19:04:19.302+0000] {logging_mixin.py:188} INFO - [2025-10-08T19:04:19.302+0000] {dag.py:3036} INFO - Sync 1 DAGs
[2025-10-08T19:04:19.339+0000] {logging_mixin.py:188} INFO - [2025-10-08T19:04:19.338+0000] {dag.py:3823} INFO - Setting next_dagrun for example_local_kubernetes_executor to None, run_after=None
[2025-10-08T19:04:19.410+0000] {processor.py:183} INFO - Processing /home/airflow/.local/lib/python3.8/site-packages/airflow/example_dags/example_local_kubernetes_executor.py took 0.247 seconds
[2025-10-08T19:04:49.867+0000] {processor.py:161} INFO - Started process (PID=854) to work on /home/airflow/.local/lib/python3.8/site-packages/airflow/example_dags/example_local_kubernetes_executor.py
[2025-10-08T19:04:49.869+0000] {processor.py:830} INFO - Processing file /home/airflow/.local/lib/python3.8/site-packages/airflow/example_dags/example_local_kubernetes_executor.py for tasks to queue
[2025-10-08T19:04:49.871+0000] {logging_mixin.py:188} INFO - [2025-10-08T19:04:49.871+0000] {dagbag.py:538} INFO - Filling up the DagBag from /home/airflow/.local/lib/python3.8/site-packages/airflow/example_dags/example_local_kubernetes_executor.py
[2025-10-08T19:04:49.881+0000] {processor.py:840} INFO - DAG(s) 'example_local_kubernetes_executor' retrieved from /home/airflow/.local/lib/python3.8/site-packages/airflow/example_dags/example_local_kubernetes_executor.py
[2025-10-08T19:04:49.935+0000] {logging_mixin.py:188} INFO - [2025-10-08T19:04:49.934+0000] {dag.py:3036} INFO - Sync 1 DAGs
[2025-10-08T19:04:49.950+0000] {logging_mixin.py:188} INFO - [2025-10-08T19:04:49.950+0000] {dag.py:3823} INFO - Setting next_dagrun for example_local_kubernetes_executor to None, run_after=None
[2025-10-08T19:04:49.979+0000] {processor.py:183} INFO - Processing /home/airflow/.local/lib/python3.8/site-packages/airflow/example_dags/example_local_kubernetes_executor.py took 0.115 seconds
