[2025-10-08T13:55:17.889+0000] {processor.py:161} INFO - Started process (PID=82) to work on /home/airflow/.local/lib/python3.8/site-packages/airflow/example_dags/example_complex.py
[2025-10-08T13:55:17.895+0000] {processor.py:830} INFO - Processing file /home/airflow/.local/lib/python3.8/site-packages/airflow/example_dags/example_complex.py for tasks to queue
[2025-10-08T13:55:17.916+0000] {logging_mixin.py:188} INFO - [2025-10-08T13:55:17.914+0000] {dagbag.py:538} INFO - Filling up the DagBag from /home/airflow/.local/lib/python3.8/site-packages/airflow/example_dags/example_complex.py
[2025-10-08T13:55:18.007+0000] {processor.py:840} INFO - DAG(s) 'example_complex' retrieved from /home/airflow/.local/lib/python3.8/site-packages/airflow/example_dags/example_complex.py
[2025-10-08T13:55:18.293+0000] {logging_mixin.py:188} INFO - [2025-10-08T13:55:18.293+0000] {dag.py:3036} INFO - Sync 1 DAGs
[2025-10-08T13:55:18.311+0000] {logging_mixin.py:188} INFO - [2025-10-08T13:55:18.310+0000] {dag.py:3823} INFO - Setting next_dagrun for example_complex to None, run_after=None
[2025-10-08T13:55:18.361+0000] {processor.py:183} INFO - Processing /home/airflow/.local/lib/python3.8/site-packages/airflow/example_dags/example_complex.py took 0.489 seconds
[2025-10-08T13:55:49.299+0000] {processor.py:161} INFO - Started process (PID=145) to work on /home/airflow/.local/lib/python3.8/site-packages/airflow/example_dags/example_complex.py
[2025-10-08T13:55:49.300+0000] {processor.py:830} INFO - Processing file /home/airflow/.local/lib/python3.8/site-packages/airflow/example_dags/example_complex.py for tasks to queue
[2025-10-08T13:55:49.303+0000] {logging_mixin.py:188} INFO - [2025-10-08T13:55:49.302+0000] {dagbag.py:538} INFO - Filling up the DagBag from /home/airflow/.local/lib/python3.8/site-packages/airflow/example_dags/example_complex.py
[2025-10-08T13:55:49.323+0000] {processor.py:840} INFO - DAG(s) 'example_complex' retrieved from /home/airflow/.local/lib/python3.8/site-packages/airflow/example_dags/example_complex.py
[2025-10-08T13:55:49.373+0000] {logging_mixin.py:188} INFO - [2025-10-08T13:55:49.373+0000] {dag.py:3036} INFO - Sync 1 DAGs
[2025-10-08T13:55:49.390+0000] {logging_mixin.py:188} INFO - [2025-10-08T13:55:49.390+0000] {dag.py:3823} INFO - Setting next_dagrun for example_complex to None, run_after=None
[2025-10-08T13:55:49.440+0000] {processor.py:183} INFO - Processing /home/airflow/.local/lib/python3.8/site-packages/airflow/example_dags/example_complex.py took 0.145 seconds
[2025-10-08T13:56:20.255+0000] {processor.py:161} INFO - Started process (PID=203) to work on /home/airflow/.local/lib/python3.8/site-packages/airflow/example_dags/example_complex.py
[2025-10-08T13:56:20.257+0000] {processor.py:830} INFO - Processing file /home/airflow/.local/lib/python3.8/site-packages/airflow/example_dags/example_complex.py for tasks to queue
[2025-10-08T13:56:20.262+0000] {logging_mixin.py:188} INFO - [2025-10-08T13:56:20.261+0000] {dagbag.py:538} INFO - Filling up the DagBag from /home/airflow/.local/lib/python3.8/site-packages/airflow/example_dags/example_complex.py
[2025-10-08T13:56:20.295+0000] {processor.py:840} INFO - DAG(s) 'example_complex' retrieved from /home/airflow/.local/lib/python3.8/site-packages/airflow/example_dags/example_complex.py
[2025-10-08T13:56:20.320+0000] {logging_mixin.py:188} INFO - [2025-10-08T13:56:20.319+0000] {dag.py:3036} INFO - Sync 1 DAGs
[2025-10-08T13:56:20.341+0000] {logging_mixin.py:188} INFO - [2025-10-08T13:56:20.340+0000] {dag.py:3823} INFO - Setting next_dagrun for example_complex to None, run_after=None
[2025-10-08T13:56:20.372+0000] {processor.py:183} INFO - Processing /home/airflow/.local/lib/python3.8/site-packages/airflow/example_dags/example_complex.py took 0.126 seconds
[2025-10-08T13:56:51.390+0000] {processor.py:161} INFO - Started process (PID=261) to work on /home/airflow/.local/lib/python3.8/site-packages/airflow/example_dags/example_complex.py
[2025-10-08T13:56:51.393+0000] {processor.py:830} INFO - Processing file /home/airflow/.local/lib/python3.8/site-packages/airflow/example_dags/example_complex.py for tasks to queue
[2025-10-08T13:56:51.401+0000] {logging_mixin.py:188} INFO - [2025-10-08T13:56:51.400+0000] {dagbag.py:538} INFO - Filling up the DagBag from /home/airflow/.local/lib/python3.8/site-packages/airflow/example_dags/example_complex.py
[2025-10-08T13:56:51.438+0000] {processor.py:840} INFO - DAG(s) 'example_complex' retrieved from /home/airflow/.local/lib/python3.8/site-packages/airflow/example_dags/example_complex.py
[2025-10-08T13:56:51.759+0000] {logging_mixin.py:188} INFO - [2025-10-08T13:56:51.759+0000] {dag.py:3036} INFO - Sync 1 DAGs
[2025-10-08T13:56:51.785+0000] {logging_mixin.py:188} INFO - [2025-10-08T13:56:51.785+0000] {dag.py:3823} INFO - Setting next_dagrun for example_complex to None, run_after=None
[2025-10-08T13:56:51.843+0000] {processor.py:183} INFO - Processing /home/airflow/.local/lib/python3.8/site-packages/airflow/example_dags/example_complex.py took 0.465 seconds
[2025-10-08T13:57:22.525+0000] {processor.py:161} INFO - Started process (PID=318) to work on /home/airflow/.local/lib/python3.8/site-packages/airflow/example_dags/example_complex.py
[2025-10-08T13:57:22.526+0000] {processor.py:830} INFO - Processing file /home/airflow/.local/lib/python3.8/site-packages/airflow/example_dags/example_complex.py for tasks to queue
[2025-10-08T13:57:22.529+0000] {logging_mixin.py:188} INFO - [2025-10-08T13:57:22.528+0000] {dagbag.py:538} INFO - Filling up the DagBag from /home/airflow/.local/lib/python3.8/site-packages/airflow/example_dags/example_complex.py
[2025-10-08T13:57:22.546+0000] {processor.py:840} INFO - DAG(s) 'example_complex' retrieved from /home/airflow/.local/lib/python3.8/site-packages/airflow/example_dags/example_complex.py
[2025-10-08T13:57:22.588+0000] {logging_mixin.py:188} INFO - [2025-10-08T13:57:22.587+0000] {dag.py:3036} INFO - Sync 1 DAGs
[2025-10-08T13:57:22.603+0000] {logging_mixin.py:188} INFO - [2025-10-08T13:57:22.602+0000] {dag.py:3823} INFO - Setting next_dagrun for example_complex to None, run_after=None
[2025-10-08T13:57:22.625+0000] {processor.py:183} INFO - Processing /home/airflow/.local/lib/python3.8/site-packages/airflow/example_dags/example_complex.py took 0.104 seconds
[2025-10-08T13:57:53.434+0000] {processor.py:161} INFO - Started process (PID=376) to work on /home/airflow/.local/lib/python3.8/site-packages/airflow/example_dags/example_complex.py
[2025-10-08T13:57:53.436+0000] {processor.py:830} INFO - Processing file /home/airflow/.local/lib/python3.8/site-packages/airflow/example_dags/example_complex.py for tasks to queue
[2025-10-08T13:57:53.438+0000] {logging_mixin.py:188} INFO - [2025-10-08T13:57:53.438+0000] {dagbag.py:538} INFO - Filling up the DagBag from /home/airflow/.local/lib/python3.8/site-packages/airflow/example_dags/example_complex.py
[2025-10-08T13:57:53.457+0000] {processor.py:840} INFO - DAG(s) 'example_complex' retrieved from /home/airflow/.local/lib/python3.8/site-packages/airflow/example_dags/example_complex.py
[2025-10-08T13:57:53.500+0000] {logging_mixin.py:188} INFO - [2025-10-08T13:57:53.500+0000] {dag.py:3036} INFO - Sync 1 DAGs
[2025-10-08T13:57:53.514+0000] {logging_mixin.py:188} INFO - [2025-10-08T13:57:53.514+0000] {dag.py:3823} INFO - Setting next_dagrun for example_complex to None, run_after=None
[2025-10-08T13:57:53.537+0000] {processor.py:183} INFO - Processing /home/airflow/.local/lib/python3.8/site-packages/airflow/example_dags/example_complex.py took 0.108 seconds
[2025-10-08T13:58:23.930+0000] {processor.py:161} INFO - Started process (PID=434) to work on /home/airflow/.local/lib/python3.8/site-packages/airflow/example_dags/example_complex.py
[2025-10-08T13:58:23.931+0000] {processor.py:830} INFO - Processing file /home/airflow/.local/lib/python3.8/site-packages/airflow/example_dags/example_complex.py for tasks to queue
[2025-10-08T13:58:23.934+0000] {logging_mixin.py:188} INFO - [2025-10-08T13:58:23.934+0000] {dagbag.py:538} INFO - Filling up the DagBag from /home/airflow/.local/lib/python3.8/site-packages/airflow/example_dags/example_complex.py
[2025-10-08T13:58:23.956+0000] {processor.py:840} INFO - DAG(s) 'example_complex' retrieved from /home/airflow/.local/lib/python3.8/site-packages/airflow/example_dags/example_complex.py
[2025-10-08T13:58:24.039+0000] {logging_mixin.py:188} INFO - [2025-10-08T13:58:24.038+0000] {dag.py:3036} INFO - Sync 1 DAGs
[2025-10-08T13:58:24.062+0000] {logging_mixin.py:188} INFO - [2025-10-08T13:58:24.062+0000] {dag.py:3823} INFO - Setting next_dagrun for example_complex to None, run_after=None
[2025-10-08T13:58:24.150+0000] {processor.py:183} INFO - Processing /home/airflow/.local/lib/python3.8/site-packages/airflow/example_dags/example_complex.py took 0.232 seconds
[2025-10-08T13:58:54.938+0000] {processor.py:161} INFO - Started process (PID=492) to work on /home/airflow/.local/lib/python3.8/site-packages/airflow/example_dags/example_complex.py
[2025-10-08T13:58:54.940+0000] {processor.py:830} INFO - Processing file /home/airflow/.local/lib/python3.8/site-packages/airflow/example_dags/example_complex.py for tasks to queue
[2025-10-08T13:58:54.942+0000] {logging_mixin.py:188} INFO - [2025-10-08T13:58:54.942+0000] {dagbag.py:538} INFO - Filling up the DagBag from /home/airflow/.local/lib/python3.8/site-packages/airflow/example_dags/example_complex.py
[2025-10-08T13:58:54.957+0000] {processor.py:840} INFO - DAG(s) 'example_complex' retrieved from /home/airflow/.local/lib/python3.8/site-packages/airflow/example_dags/example_complex.py
[2025-10-08T13:58:55.014+0000] {logging_mixin.py:188} INFO - [2025-10-08T13:58:55.013+0000] {dag.py:3036} INFO - Sync 1 DAGs
[2025-10-08T13:58:55.031+0000] {logging_mixin.py:188} INFO - [2025-10-08T13:58:55.031+0000] {dag.py:3823} INFO - Setting next_dagrun for example_complex to None, run_after=None
[2025-10-08T13:58:55.060+0000] {processor.py:183} INFO - Processing /home/airflow/.local/lib/python3.8/site-packages/airflow/example_dags/example_complex.py took 0.126 seconds
[2025-10-08T13:59:25.454+0000] {processor.py:161} INFO - Started process (PID=549) to work on /home/airflow/.local/lib/python3.8/site-packages/airflow/example_dags/example_complex.py
[2025-10-08T13:59:25.455+0000] {processor.py:830} INFO - Processing file /home/airflow/.local/lib/python3.8/site-packages/airflow/example_dags/example_complex.py for tasks to queue
[2025-10-08T13:59:25.457+0000] {logging_mixin.py:188} INFO - [2025-10-08T13:59:25.457+0000] {dagbag.py:538} INFO - Filling up the DagBag from /home/airflow/.local/lib/python3.8/site-packages/airflow/example_dags/example_complex.py
[2025-10-08T13:59:25.475+0000] {processor.py:840} INFO - DAG(s) 'example_complex' retrieved from /home/airflow/.local/lib/python3.8/site-packages/airflow/example_dags/example_complex.py
[2025-10-08T13:59:25.518+0000] {logging_mixin.py:188} INFO - [2025-10-08T13:59:25.517+0000] {dag.py:3036} INFO - Sync 1 DAGs
[2025-10-08T13:59:25.532+0000] {logging_mixin.py:188} INFO - [2025-10-08T13:59:25.532+0000] {dag.py:3823} INFO - Setting next_dagrun for example_complex to None, run_after=None
[2025-10-08T13:59:25.555+0000] {processor.py:183} INFO - Processing /home/airflow/.local/lib/python3.8/site-packages/airflow/example_dags/example_complex.py took 0.105 seconds
[2025-10-08T13:59:55.751+0000] {processor.py:161} INFO - Started process (PID=607) to work on /home/airflow/.local/lib/python3.8/site-packages/airflow/example_dags/example_complex.py
[2025-10-08T13:59:55.752+0000] {processor.py:830} INFO - Processing file /home/airflow/.local/lib/python3.8/site-packages/airflow/example_dags/example_complex.py for tasks to queue
[2025-10-08T13:59:55.755+0000] {logging_mixin.py:188} INFO - [2025-10-08T13:59:55.755+0000] {dagbag.py:538} INFO - Filling up the DagBag from /home/airflow/.local/lib/python3.8/site-packages/airflow/example_dags/example_complex.py
[2025-10-08T13:59:55.768+0000] {processor.py:840} INFO - DAG(s) 'example_complex' retrieved from /home/airflow/.local/lib/python3.8/site-packages/airflow/example_dags/example_complex.py
[2025-10-08T13:59:55.811+0000] {logging_mixin.py:188} INFO - [2025-10-08T13:59:55.811+0000] {dag.py:3036} INFO - Sync 1 DAGs
[2025-10-08T13:59:55.825+0000] {logging_mixin.py:188} INFO - [2025-10-08T13:59:55.825+0000] {dag.py:3823} INFO - Setting next_dagrun for example_complex to None, run_after=None
[2025-10-08T13:59:55.848+0000] {processor.py:183} INFO - Processing /home/airflow/.local/lib/python3.8/site-packages/airflow/example_dags/example_complex.py took 0.101 seconds
[2025-10-08T14:00:26.278+0000] {processor.py:161} INFO - Started process (PID=665) to work on /home/airflow/.local/lib/python3.8/site-packages/airflow/example_dags/example_complex.py
[2025-10-08T14:00:26.279+0000] {processor.py:830} INFO - Processing file /home/airflow/.local/lib/python3.8/site-packages/airflow/example_dags/example_complex.py for tasks to queue
[2025-10-08T14:00:26.281+0000] {logging_mixin.py:188} INFO - [2025-10-08T14:00:26.281+0000] {dagbag.py:538} INFO - Filling up the DagBag from /home/airflow/.local/lib/python3.8/site-packages/airflow/example_dags/example_complex.py
[2025-10-08T14:00:26.294+0000] {processor.py:840} INFO - DAG(s) 'example_complex' retrieved from /home/airflow/.local/lib/python3.8/site-packages/airflow/example_dags/example_complex.py
[2025-10-08T14:00:26.337+0000] {logging_mixin.py:188} INFO - [2025-10-08T14:00:26.336+0000] {dag.py:3036} INFO - Sync 1 DAGs
[2025-10-08T14:00:26.350+0000] {logging_mixin.py:188} INFO - [2025-10-08T14:00:26.350+0000] {dag.py:3823} INFO - Setting next_dagrun for example_complex to None, run_after=None
[2025-10-08T14:00:26.393+0000] {processor.py:183} INFO - Processing /home/airflow/.local/lib/python3.8/site-packages/airflow/example_dags/example_complex.py took 0.118 seconds
[2025-10-08T14:00:56.882+0000] {processor.py:161} INFO - Started process (PID=723) to work on /home/airflow/.local/lib/python3.8/site-packages/airflow/example_dags/example_complex.py
[2025-10-08T14:00:56.884+0000] {processor.py:830} INFO - Processing file /home/airflow/.local/lib/python3.8/site-packages/airflow/example_dags/example_complex.py for tasks to queue
[2025-10-08T14:00:56.886+0000] {logging_mixin.py:188} INFO - [2025-10-08T14:00:56.886+0000] {dagbag.py:538} INFO - Filling up the DagBag from /home/airflow/.local/lib/python3.8/site-packages/airflow/example_dags/example_complex.py
[2025-10-08T14:00:56.899+0000] {processor.py:840} INFO - DAG(s) 'example_complex' retrieved from /home/airflow/.local/lib/python3.8/site-packages/airflow/example_dags/example_complex.py
[2025-10-08T14:00:56.942+0000] {logging_mixin.py:188} INFO - [2025-10-08T14:00:56.942+0000] {dag.py:3036} INFO - Sync 1 DAGs
[2025-10-08T14:00:56.956+0000] {logging_mixin.py:188} INFO - [2025-10-08T14:00:56.956+0000] {dag.py:3823} INFO - Setting next_dagrun for example_complex to None, run_after=None
[2025-10-08T14:00:57.003+0000] {processor.py:183} INFO - Processing /home/airflow/.local/lib/python3.8/site-packages/airflow/example_dags/example_complex.py took 0.125 seconds
[2025-10-08T14:01:27.094+0000] {processor.py:161} INFO - Started process (PID=781) to work on /home/airflow/.local/lib/python3.8/site-packages/airflow/example_dags/example_complex.py
[2025-10-08T14:01:27.095+0000] {processor.py:830} INFO - Processing file /home/airflow/.local/lib/python3.8/site-packages/airflow/example_dags/example_complex.py for tasks to queue
[2025-10-08T14:01:27.098+0000] {logging_mixin.py:188} INFO - [2025-10-08T14:01:27.097+0000] {dagbag.py:538} INFO - Filling up the DagBag from /home/airflow/.local/lib/python3.8/site-packages/airflow/example_dags/example_complex.py
[2025-10-08T14:01:27.111+0000] {processor.py:840} INFO - DAG(s) 'example_complex' retrieved from /home/airflow/.local/lib/python3.8/site-packages/airflow/example_dags/example_complex.py
[2025-10-08T14:01:27.157+0000] {logging_mixin.py:188} INFO - [2025-10-08T14:01:27.156+0000] {dag.py:3036} INFO - Sync 1 DAGs
[2025-10-08T14:01:27.171+0000] {logging_mixin.py:188} INFO - [2025-10-08T14:01:27.171+0000] {dag.py:3823} INFO - Setting next_dagrun for example_complex to None, run_after=None
[2025-10-08T14:01:27.216+0000] {processor.py:183} INFO - Processing /home/airflow/.local/lib/python3.8/site-packages/airflow/example_dags/example_complex.py took 0.126 seconds
[2025-10-08T14:01:57.382+0000] {processor.py:161} INFO - Started process (PID=838) to work on /home/airflow/.local/lib/python3.8/site-packages/airflow/example_dags/example_complex.py
[2025-10-08T14:01:57.383+0000] {processor.py:830} INFO - Processing file /home/airflow/.local/lib/python3.8/site-packages/airflow/example_dags/example_complex.py for tasks to queue
[2025-10-08T14:01:57.386+0000] {logging_mixin.py:188} INFO - [2025-10-08T14:01:57.386+0000] {dagbag.py:538} INFO - Filling up the DagBag from /home/airflow/.local/lib/python3.8/site-packages/airflow/example_dags/example_complex.py
[2025-10-08T14:01:57.399+0000] {processor.py:840} INFO - DAG(s) 'example_complex' retrieved from /home/airflow/.local/lib/python3.8/site-packages/airflow/example_dags/example_complex.py
[2025-10-08T14:01:57.447+0000] {logging_mixin.py:188} INFO - [2025-10-08T14:01:57.446+0000] {dag.py:3036} INFO - Sync 1 DAGs
[2025-10-08T14:01:57.460+0000] {logging_mixin.py:188} INFO - [2025-10-08T14:01:57.460+0000] {dag.py:3823} INFO - Setting next_dagrun for example_complex to None, run_after=None
[2025-10-08T14:01:57.488+0000] {processor.py:183} INFO - Processing /home/airflow/.local/lib/python3.8/site-packages/airflow/example_dags/example_complex.py took 0.109 seconds
[2025-10-08T14:02:27.786+0000] {processor.py:161} INFO - Started process (PID=896) to work on /home/airflow/.local/lib/python3.8/site-packages/airflow/example_dags/example_complex.py
[2025-10-08T14:02:27.787+0000] {processor.py:830} INFO - Processing file /home/airflow/.local/lib/python3.8/site-packages/airflow/example_dags/example_complex.py for tasks to queue
[2025-10-08T14:02:27.790+0000] {logging_mixin.py:188} INFO - [2025-10-08T14:02:27.789+0000] {dagbag.py:538} INFO - Filling up the DagBag from /home/airflow/.local/lib/python3.8/site-packages/airflow/example_dags/example_complex.py
[2025-10-08T14:02:27.806+0000] {processor.py:840} INFO - DAG(s) 'example_complex' retrieved from /home/airflow/.local/lib/python3.8/site-packages/airflow/example_dags/example_complex.py
[2025-10-08T14:02:27.851+0000] {logging_mixin.py:188} INFO - [2025-10-08T14:02:27.851+0000] {dag.py:3036} INFO - Sync 1 DAGs
[2025-10-08T14:02:27.865+0000] {logging_mixin.py:188} INFO - [2025-10-08T14:02:27.865+0000] {dag.py:3823} INFO - Setting next_dagrun for example_complex to None, run_after=None
[2025-10-08T14:02:27.888+0000] {processor.py:183} INFO - Processing /home/airflow/.local/lib/python3.8/site-packages/airflow/example_dags/example_complex.py took 0.106 seconds
[2025-10-08T14:02:58.481+0000] {processor.py:161} INFO - Started process (PID=954) to work on /home/airflow/.local/lib/python3.8/site-packages/airflow/example_dags/example_complex.py
[2025-10-08T14:02:58.483+0000] {processor.py:830} INFO - Processing file /home/airflow/.local/lib/python3.8/site-packages/airflow/example_dags/example_complex.py for tasks to queue
[2025-10-08T14:02:58.485+0000] {logging_mixin.py:188} INFO - [2025-10-08T14:02:58.485+0000] {dagbag.py:538} INFO - Filling up the DagBag from /home/airflow/.local/lib/python3.8/site-packages/airflow/example_dags/example_complex.py
[2025-10-08T14:02:58.499+0000] {processor.py:840} INFO - DAG(s) 'example_complex' retrieved from /home/airflow/.local/lib/python3.8/site-packages/airflow/example_dags/example_complex.py
[2025-10-08T14:02:58.561+0000] {logging_mixin.py:188} INFO - [2025-10-08T14:02:58.561+0000] {dag.py:3036} INFO - Sync 1 DAGs
[2025-10-08T14:02:58.577+0000] {logging_mixin.py:188} INFO - [2025-10-08T14:02:58.577+0000] {dag.py:3823} INFO - Setting next_dagrun for example_complex to None, run_after=None
[2025-10-08T14:02:58.601+0000] {processor.py:183} INFO - Processing /home/airflow/.local/lib/python3.8/site-packages/airflow/example_dags/example_complex.py took 0.122 seconds
[2025-10-08T14:03:29.141+0000] {processor.py:161} INFO - Started process (PID=1012) to work on /home/airflow/.local/lib/python3.8/site-packages/airflow/example_dags/example_complex.py
[2025-10-08T14:03:29.142+0000] {processor.py:830} INFO - Processing file /home/airflow/.local/lib/python3.8/site-packages/airflow/example_dags/example_complex.py for tasks to queue
[2025-10-08T14:03:29.144+0000] {logging_mixin.py:188} INFO - [2025-10-08T14:03:29.144+0000] {dagbag.py:538} INFO - Filling up the DagBag from /home/airflow/.local/lib/python3.8/site-packages/airflow/example_dags/example_complex.py
[2025-10-08T14:03:29.159+0000] {processor.py:840} INFO - DAG(s) 'example_complex' retrieved from /home/airflow/.local/lib/python3.8/site-packages/airflow/example_dags/example_complex.py
[2025-10-08T14:03:29.206+0000] {logging_mixin.py:188} INFO - [2025-10-08T14:03:29.205+0000] {dag.py:3036} INFO - Sync 1 DAGs
[2025-10-08T14:03:29.219+0000] {logging_mixin.py:188} INFO - [2025-10-08T14:03:29.219+0000] {dag.py:3823} INFO - Setting next_dagrun for example_complex to None, run_after=None
[2025-10-08T14:03:29.246+0000] {processor.py:183} INFO - Processing /home/airflow/.local/lib/python3.8/site-packages/airflow/example_dags/example_complex.py took 0.108 seconds
[2025-10-08T14:03:59.293+0000] {processor.py:161} INFO - Started process (PID=1069) to work on /home/airflow/.local/lib/python3.8/site-packages/airflow/example_dags/example_complex.py
[2025-10-08T14:03:59.294+0000] {processor.py:830} INFO - Processing file /home/airflow/.local/lib/python3.8/site-packages/airflow/example_dags/example_complex.py for tasks to queue
[2025-10-08T14:03:59.296+0000] {logging_mixin.py:188} INFO - [2025-10-08T14:03:59.296+0000] {dagbag.py:538} INFO - Filling up the DagBag from /home/airflow/.local/lib/python3.8/site-packages/airflow/example_dags/example_complex.py
[2025-10-08T14:03:59.310+0000] {processor.py:840} INFO - DAG(s) 'example_complex' retrieved from /home/airflow/.local/lib/python3.8/site-packages/airflow/example_dags/example_complex.py
[2025-10-08T14:03:59.353+0000] {logging_mixin.py:188} INFO - [2025-10-08T14:03:59.352+0000] {dag.py:3036} INFO - Sync 1 DAGs
[2025-10-08T14:03:59.367+0000] {logging_mixin.py:188} INFO - [2025-10-08T14:03:59.367+0000] {dag.py:3823} INFO - Setting next_dagrun for example_complex to None, run_after=None
[2025-10-08T14:03:59.394+0000] {processor.py:183} INFO - Processing /home/airflow/.local/lib/python3.8/site-packages/airflow/example_dags/example_complex.py took 0.105 seconds
[2025-10-08T14:04:29.527+0000] {processor.py:161} INFO - Started process (PID=1127) to work on /home/airflow/.local/lib/python3.8/site-packages/airflow/example_dags/example_complex.py
[2025-10-08T14:04:29.528+0000] {processor.py:830} INFO - Processing file /home/airflow/.local/lib/python3.8/site-packages/airflow/example_dags/example_complex.py for tasks to queue
[2025-10-08T14:04:29.531+0000] {logging_mixin.py:188} INFO - [2025-10-08T14:04:29.530+0000] {dagbag.py:538} INFO - Filling up the DagBag from /home/airflow/.local/lib/python3.8/site-packages/airflow/example_dags/example_complex.py
[2025-10-08T14:04:29.544+0000] {processor.py:840} INFO - DAG(s) 'example_complex' retrieved from /home/airflow/.local/lib/python3.8/site-packages/airflow/example_dags/example_complex.py
[2025-10-08T14:04:29.587+0000] {logging_mixin.py:188} INFO - [2025-10-08T14:04:29.587+0000] {dag.py:3036} INFO - Sync 1 DAGs
[2025-10-08T14:04:29.601+0000] {logging_mixin.py:188} INFO - [2025-10-08T14:04:29.601+0000] {dag.py:3823} INFO - Setting next_dagrun for example_complex to None, run_after=None
[2025-10-08T14:04:29.628+0000] {processor.py:183} INFO - Processing /home/airflow/.local/lib/python3.8/site-packages/airflow/example_dags/example_complex.py took 0.104 seconds
[2025-10-08T14:04:59.827+0000] {processor.py:161} INFO - Started process (PID=1186) to work on /home/airflow/.local/lib/python3.8/site-packages/airflow/example_dags/example_complex.py
[2025-10-08T14:04:59.829+0000] {processor.py:830} INFO - Processing file /home/airflow/.local/lib/python3.8/site-packages/airflow/example_dags/example_complex.py for tasks to queue
[2025-10-08T14:04:59.832+0000] {logging_mixin.py:188} INFO - [2025-10-08T14:04:59.832+0000] {dagbag.py:538} INFO - Filling up the DagBag from /home/airflow/.local/lib/python3.8/site-packages/airflow/example_dags/example_complex.py
[2025-10-08T14:04:59.851+0000] {processor.py:840} INFO - DAG(s) 'example_complex' retrieved from /home/airflow/.local/lib/python3.8/site-packages/airflow/example_dags/example_complex.py
[2025-10-08T14:04:59.910+0000] {logging_mixin.py:188} INFO - [2025-10-08T14:04:59.910+0000] {dag.py:3036} INFO - Sync 1 DAGs
[2025-10-08T14:04:59.924+0000] {logging_mixin.py:188} INFO - [2025-10-08T14:04:59.924+0000] {dag.py:3823} INFO - Setting next_dagrun for example_complex to None, run_after=None
[2025-10-08T14:04:59.951+0000] {processor.py:183} INFO - Processing /home/airflow/.local/lib/python3.8/site-packages/airflow/example_dags/example_complex.py took 0.128 seconds
[2025-10-08T14:05:30.610+0000] {processor.py:161} INFO - Started process (PID=1244) to work on /home/airflow/.local/lib/python3.8/site-packages/airflow/example_dags/example_complex.py
[2025-10-08T14:05:30.612+0000] {processor.py:830} INFO - Processing file /home/airflow/.local/lib/python3.8/site-packages/airflow/example_dags/example_complex.py for tasks to queue
[2025-10-08T14:05:30.615+0000] {logging_mixin.py:188} INFO - [2025-10-08T14:05:30.614+0000] {dagbag.py:538} INFO - Filling up the DagBag from /home/airflow/.local/lib/python3.8/site-packages/airflow/example_dags/example_complex.py
[2025-10-08T14:05:30.635+0000] {processor.py:840} INFO - DAG(s) 'example_complex' retrieved from /home/airflow/.local/lib/python3.8/site-packages/airflow/example_dags/example_complex.py
[2025-10-08T14:05:30.693+0000] {logging_mixin.py:188} INFO - [2025-10-08T14:05:30.692+0000] {dag.py:3036} INFO - Sync 1 DAGs
[2025-10-08T14:05:30.714+0000] {logging_mixin.py:188} INFO - [2025-10-08T14:05:30.713+0000] {dag.py:3823} INFO - Setting next_dagrun for example_complex to None, run_after=None
[2025-10-08T14:05:30.764+0000] {processor.py:183} INFO - Processing /home/airflow/.local/lib/python3.8/site-packages/airflow/example_dags/example_complex.py took 0.159 seconds
[2025-10-08T14:06:01.773+0000] {processor.py:161} INFO - Started process (PID=1302) to work on /home/airflow/.local/lib/python3.8/site-packages/airflow/example_dags/example_complex.py
[2025-10-08T14:06:01.776+0000] {processor.py:830} INFO - Processing file /home/airflow/.local/lib/python3.8/site-packages/airflow/example_dags/example_complex.py for tasks to queue
[2025-10-08T14:06:01.783+0000] {logging_mixin.py:188} INFO - [2025-10-08T14:06:01.782+0000] {dagbag.py:538} INFO - Filling up the DagBag from /home/airflow/.local/lib/python3.8/site-packages/airflow/example_dags/example_complex.py
[2025-10-08T14:06:01.825+0000] {processor.py:840} INFO - DAG(s) 'example_complex' retrieved from /home/airflow/.local/lib/python3.8/site-packages/airflow/example_dags/example_complex.py
[2025-10-08T14:06:01.896+0000] {logging_mixin.py:188} INFO - [2025-10-08T14:06:01.896+0000] {dag.py:3036} INFO - Sync 1 DAGs
[2025-10-08T14:06:01.918+0000] {logging_mixin.py:188} INFO - [2025-10-08T14:06:01.918+0000] {dag.py:3823} INFO - Setting next_dagrun for example_complex to None, run_after=None
[2025-10-08T14:06:01.947+0000] {processor.py:183} INFO - Processing /home/airflow/.local/lib/python3.8/site-packages/airflow/example_dags/example_complex.py took 0.180 seconds
[2025-10-08T14:06:32.343+0000] {processor.py:161} INFO - Started process (PID=1360) to work on /home/airflow/.local/lib/python3.8/site-packages/airflow/example_dags/example_complex.py
[2025-10-08T14:06:32.344+0000] {processor.py:830} INFO - Processing file /home/airflow/.local/lib/python3.8/site-packages/airflow/example_dags/example_complex.py for tasks to queue
[2025-10-08T14:06:32.346+0000] {logging_mixin.py:188} INFO - [2025-10-08T14:06:32.346+0000] {dagbag.py:538} INFO - Filling up the DagBag from /home/airflow/.local/lib/python3.8/site-packages/airflow/example_dags/example_complex.py
[2025-10-08T14:06:32.359+0000] {processor.py:840} INFO - DAG(s) 'example_complex' retrieved from /home/airflow/.local/lib/python3.8/site-packages/airflow/example_dags/example_complex.py
[2025-10-08T14:06:32.402+0000] {logging_mixin.py:188} INFO - [2025-10-08T14:06:32.402+0000] {dag.py:3036} INFO - Sync 1 DAGs
[2025-10-08T14:06:32.417+0000] {logging_mixin.py:188} INFO - [2025-10-08T14:06:32.417+0000] {dag.py:3823} INFO - Setting next_dagrun for example_complex to None, run_after=None
[2025-10-08T14:06:32.443+0000] {processor.py:183} INFO - Processing /home/airflow/.local/lib/python3.8/site-packages/airflow/example_dags/example_complex.py took 0.104 seconds
[2025-10-08T14:07:02.936+0000] {processor.py:161} INFO - Started process (PID=1418) to work on /home/airflow/.local/lib/python3.8/site-packages/airflow/example_dags/example_complex.py
[2025-10-08T14:07:02.937+0000] {processor.py:830} INFO - Processing file /home/airflow/.local/lib/python3.8/site-packages/airflow/example_dags/example_complex.py for tasks to queue
[2025-10-08T14:07:02.939+0000] {logging_mixin.py:188} INFO - [2025-10-08T14:07:02.939+0000] {dagbag.py:538} INFO - Filling up the DagBag from /home/airflow/.local/lib/python3.8/site-packages/airflow/example_dags/example_complex.py
[2025-10-08T14:07:02.952+0000] {processor.py:840} INFO - DAG(s) 'example_complex' retrieved from /home/airflow/.local/lib/python3.8/site-packages/airflow/example_dags/example_complex.py
[2025-10-08T14:07:02.994+0000] {logging_mixin.py:188} INFO - [2025-10-08T14:07:02.994+0000] {dag.py:3036} INFO - Sync 1 DAGs
[2025-10-08T14:07:03.008+0000] {logging_mixin.py:188} INFO - [2025-10-08T14:07:03.008+0000] {dag.py:3823} INFO - Setting next_dagrun for example_complex to None, run_after=None
[2025-10-08T14:07:03.030+0000] {processor.py:183} INFO - Processing /home/airflow/.local/lib/python3.8/site-packages/airflow/example_dags/example_complex.py took 0.097 seconds
[2025-10-08T14:07:33.729+0000] {processor.py:161} INFO - Started process (PID=1476) to work on /home/airflow/.local/lib/python3.8/site-packages/airflow/example_dags/example_complex.py
[2025-10-08T14:07:33.731+0000] {processor.py:830} INFO - Processing file /home/airflow/.local/lib/python3.8/site-packages/airflow/example_dags/example_complex.py for tasks to queue
[2025-10-08T14:07:33.733+0000] {logging_mixin.py:188} INFO - [2025-10-08T14:07:33.733+0000] {dagbag.py:538} INFO - Filling up the DagBag from /home/airflow/.local/lib/python3.8/site-packages/airflow/example_dags/example_complex.py
[2025-10-08T14:07:33.747+0000] {processor.py:840} INFO - DAG(s) 'example_complex' retrieved from /home/airflow/.local/lib/python3.8/site-packages/airflow/example_dags/example_complex.py
[2025-10-08T14:07:33.791+0000] {logging_mixin.py:188} INFO - [2025-10-08T14:07:33.791+0000] {dag.py:3036} INFO - Sync 1 DAGs
[2025-10-08T14:07:33.805+0000] {logging_mixin.py:188} INFO - [2025-10-08T14:07:33.805+0000] {dag.py:3823} INFO - Setting next_dagrun for example_complex to None, run_after=None
[2025-10-08T14:07:33.827+0000] {processor.py:183} INFO - Processing /home/airflow/.local/lib/python3.8/site-packages/airflow/example_dags/example_complex.py took 0.101 seconds
[2025-10-08T14:08:04.078+0000] {processor.py:161} INFO - Started process (PID=1533) to work on /home/airflow/.local/lib/python3.8/site-packages/airflow/example_dags/example_complex.py
[2025-10-08T14:08:04.080+0000] {processor.py:830} INFO - Processing file /home/airflow/.local/lib/python3.8/site-packages/airflow/example_dags/example_complex.py for tasks to queue
[2025-10-08T14:08:04.082+0000] {logging_mixin.py:188} INFO - [2025-10-08T14:08:04.082+0000] {dagbag.py:538} INFO - Filling up the DagBag from /home/airflow/.local/lib/python3.8/site-packages/airflow/example_dags/example_complex.py
[2025-10-08T14:08:04.097+0000] {processor.py:840} INFO - DAG(s) 'example_complex' retrieved from /home/airflow/.local/lib/python3.8/site-packages/airflow/example_dags/example_complex.py
[2025-10-08T14:08:04.147+0000] {logging_mixin.py:188} INFO - [2025-10-08T14:08:04.147+0000] {dag.py:3036} INFO - Sync 1 DAGs
[2025-10-08T14:08:04.163+0000] {logging_mixin.py:188} INFO - [2025-10-08T14:08:04.163+0000] {dag.py:3823} INFO - Setting next_dagrun for example_complex to None, run_after=None
[2025-10-08T14:08:04.191+0000] {processor.py:183} INFO - Processing /home/airflow/.local/lib/python3.8/site-packages/airflow/example_dags/example_complex.py took 0.116 seconds
[2025-10-08T14:08:34.386+0000] {processor.py:161} INFO - Started process (PID=1591) to work on /home/airflow/.local/lib/python3.8/site-packages/airflow/example_dags/example_complex.py
[2025-10-08T14:08:34.387+0000] {processor.py:830} INFO - Processing file /home/airflow/.local/lib/python3.8/site-packages/airflow/example_dags/example_complex.py for tasks to queue
[2025-10-08T14:08:34.390+0000] {logging_mixin.py:188} INFO - [2025-10-08T14:08:34.389+0000] {dagbag.py:538} INFO - Filling up the DagBag from /home/airflow/.local/lib/python3.8/site-packages/airflow/example_dags/example_complex.py
[2025-10-08T14:08:34.418+0000] {processor.py:840} INFO - DAG(s) 'example_complex' retrieved from /home/airflow/.local/lib/python3.8/site-packages/airflow/example_dags/example_complex.py
[2025-10-08T14:08:34.508+0000] {logging_mixin.py:188} INFO - [2025-10-08T14:08:34.508+0000] {dag.py:3036} INFO - Sync 1 DAGs
[2025-10-08T14:08:34.533+0000] {logging_mixin.py:188} INFO - [2025-10-08T14:08:34.533+0000] {dag.py:3823} INFO - Setting next_dagrun for example_complex to None, run_after=None
[2025-10-08T14:08:34.569+0000] {processor.py:183} INFO - Processing /home/airflow/.local/lib/python3.8/site-packages/airflow/example_dags/example_complex.py took 0.193 seconds
[2025-10-08T14:09:05.222+0000] {processor.py:161} INFO - Started process (PID=1649) to work on /home/airflow/.local/lib/python3.8/site-packages/airflow/example_dags/example_complex.py
[2025-10-08T14:09:05.224+0000] {processor.py:830} INFO - Processing file /home/airflow/.local/lib/python3.8/site-packages/airflow/example_dags/example_complex.py for tasks to queue
[2025-10-08T14:09:05.227+0000] {logging_mixin.py:188} INFO - [2025-10-08T14:09:05.226+0000] {dagbag.py:538} INFO - Filling up the DagBag from /home/airflow/.local/lib/python3.8/site-packages/airflow/example_dags/example_complex.py
[2025-10-08T14:09:05.243+0000] {processor.py:840} INFO - DAG(s) 'example_complex' retrieved from /home/airflow/.local/lib/python3.8/site-packages/airflow/example_dags/example_complex.py
[2025-10-08T14:09:05.293+0000] {logging_mixin.py:188} INFO - [2025-10-08T14:09:05.292+0000] {dag.py:3036} INFO - Sync 1 DAGs
[2025-10-08T14:09:05.306+0000] {logging_mixin.py:188} INFO - [2025-10-08T14:09:05.306+0000] {dag.py:3823} INFO - Setting next_dagrun for example_complex to None, run_after=None
[2025-10-08T14:09:05.331+0000] {processor.py:183} INFO - Processing /home/airflow/.local/lib/python3.8/site-packages/airflow/example_dags/example_complex.py took 0.113 seconds
[2025-10-08T14:09:35.647+0000] {processor.py:161} INFO - Started process (PID=1707) to work on /home/airflow/.local/lib/python3.8/site-packages/airflow/example_dags/example_complex.py
[2025-10-08T14:09:35.648+0000] {processor.py:830} INFO - Processing file /home/airflow/.local/lib/python3.8/site-packages/airflow/example_dags/example_complex.py for tasks to queue
[2025-10-08T14:09:35.650+0000] {logging_mixin.py:188} INFO - [2025-10-08T14:09:35.650+0000] {dagbag.py:538} INFO - Filling up the DagBag from /home/airflow/.local/lib/python3.8/site-packages/airflow/example_dags/example_complex.py
[2025-10-08T14:09:35.666+0000] {processor.py:840} INFO - DAG(s) 'example_complex' retrieved from /home/airflow/.local/lib/python3.8/site-packages/airflow/example_dags/example_complex.py
[2025-10-08T14:09:35.715+0000] {logging_mixin.py:188} INFO - [2025-10-08T14:09:35.715+0000] {dag.py:3036} INFO - Sync 1 DAGs
[2025-10-08T14:09:35.730+0000] {logging_mixin.py:188} INFO - [2025-10-08T14:09:35.730+0000] {dag.py:3823} INFO - Setting next_dagrun for example_complex to None, run_after=None
[2025-10-08T14:09:35.759+0000] {processor.py:183} INFO - Processing /home/airflow/.local/lib/python3.8/site-packages/airflow/example_dags/example_complex.py took 0.116 seconds
[2025-10-08T14:10:06.438+0000] {processor.py:161} INFO - Started process (PID=1764) to work on /home/airflow/.local/lib/python3.8/site-packages/airflow/example_dags/example_complex.py
[2025-10-08T14:10:06.439+0000] {processor.py:830} INFO - Processing file /home/airflow/.local/lib/python3.8/site-packages/airflow/example_dags/example_complex.py for tasks to queue
[2025-10-08T14:10:06.442+0000] {logging_mixin.py:188} INFO - [2025-10-08T14:10:06.442+0000] {dagbag.py:538} INFO - Filling up the DagBag from /home/airflow/.local/lib/python3.8/site-packages/airflow/example_dags/example_complex.py
[2025-10-08T14:10:06.456+0000] {processor.py:840} INFO - DAG(s) 'example_complex' retrieved from /home/airflow/.local/lib/python3.8/site-packages/airflow/example_dags/example_complex.py
[2025-10-08T14:10:06.502+0000] {logging_mixin.py:188} INFO - [2025-10-08T14:10:06.502+0000] {dag.py:3036} INFO - Sync 1 DAGs
[2025-10-08T14:10:06.517+0000] {logging_mixin.py:188} INFO - [2025-10-08T14:10:06.516+0000] {dag.py:3823} INFO - Setting next_dagrun for example_complex to None, run_after=None
[2025-10-08T14:10:06.544+0000] {processor.py:183} INFO - Processing /home/airflow/.local/lib/python3.8/site-packages/airflow/example_dags/example_complex.py took 0.109 seconds
[2025-10-08T14:10:37.240+0000] {processor.py:161} INFO - Started process (PID=1824) to work on /home/airflow/.local/lib/python3.8/site-packages/airflow/example_dags/example_complex.py
[2025-10-08T14:10:37.241+0000] {processor.py:830} INFO - Processing file /home/airflow/.local/lib/python3.8/site-packages/airflow/example_dags/example_complex.py for tasks to queue
[2025-10-08T14:10:37.242+0000] {logging_mixin.py:188} INFO - [2025-10-08T14:10:37.242+0000] {dagbag.py:538} INFO - Filling up the DagBag from /home/airflow/.local/lib/python3.8/site-packages/airflow/example_dags/example_complex.py
[2025-10-08T14:10:37.256+0000] {processor.py:840} INFO - DAG(s) 'example_complex' retrieved from /home/airflow/.local/lib/python3.8/site-packages/airflow/example_dags/example_complex.py
[2025-10-08T14:10:37.299+0000] {logging_mixin.py:188} INFO - [2025-10-08T14:10:37.298+0000] {dag.py:3036} INFO - Sync 1 DAGs
[2025-10-08T14:10:37.312+0000] {logging_mixin.py:188} INFO - [2025-10-08T14:10:37.312+0000] {dag.py:3823} INFO - Setting next_dagrun for example_complex to None, run_after=None
[2025-10-08T14:10:37.335+0000] {processor.py:183} INFO - Processing /home/airflow/.local/lib/python3.8/site-packages/airflow/example_dags/example_complex.py took 0.099 seconds
[2025-10-08T14:11:07.549+0000] {processor.py:161} INFO - Started process (PID=1883) to work on /home/airflow/.local/lib/python3.8/site-packages/airflow/example_dags/example_complex.py
[2025-10-08T14:11:07.550+0000] {processor.py:830} INFO - Processing file /home/airflow/.local/lib/python3.8/site-packages/airflow/example_dags/example_complex.py for tasks to queue
[2025-10-08T14:11:07.551+0000] {logging_mixin.py:188} INFO - [2025-10-08T14:11:07.551+0000] {dagbag.py:538} INFO - Filling up the DagBag from /home/airflow/.local/lib/python3.8/site-packages/airflow/example_dags/example_complex.py
[2025-10-08T14:11:07.566+0000] {processor.py:840} INFO - DAG(s) 'example_complex' retrieved from /home/airflow/.local/lib/python3.8/site-packages/airflow/example_dags/example_complex.py
[2025-10-08T14:11:07.614+0000] {logging_mixin.py:188} INFO - [2025-10-08T14:11:07.613+0000] {dag.py:3036} INFO - Sync 1 DAGs
[2025-10-08T14:11:07.629+0000] {logging_mixin.py:188} INFO - [2025-10-08T14:11:07.629+0000] {dag.py:3823} INFO - Setting next_dagrun for example_complex to None, run_after=None
[2025-10-08T14:11:07.654+0000] {processor.py:183} INFO - Processing /home/airflow/.local/lib/python3.8/site-packages/airflow/example_dags/example_complex.py took 0.109 seconds
[2025-10-08T14:11:38.317+0000] {processor.py:161} INFO - Started process (PID=1942) to work on /home/airflow/.local/lib/python3.8/site-packages/airflow/example_dags/example_complex.py
[2025-10-08T14:11:38.318+0000] {processor.py:830} INFO - Processing file /home/airflow/.local/lib/python3.8/site-packages/airflow/example_dags/example_complex.py for tasks to queue
[2025-10-08T14:11:38.319+0000] {logging_mixin.py:188} INFO - [2025-10-08T14:11:38.319+0000] {dagbag.py:538} INFO - Filling up the DagBag from /home/airflow/.local/lib/python3.8/site-packages/airflow/example_dags/example_complex.py
[2025-10-08T14:11:38.336+0000] {processor.py:840} INFO - DAG(s) 'example_complex' retrieved from /home/airflow/.local/lib/python3.8/site-packages/airflow/example_dags/example_complex.py
[2025-10-08T14:11:38.385+0000] {logging_mixin.py:188} INFO - [2025-10-08T14:11:38.385+0000] {dag.py:3036} INFO - Sync 1 DAGs
[2025-10-08T14:11:38.403+0000] {logging_mixin.py:188} INFO - [2025-10-08T14:11:38.403+0000] {dag.py:3823} INFO - Setting next_dagrun for example_complex to None, run_after=None
[2025-10-08T14:11:38.428+0000] {processor.py:183} INFO - Processing /home/airflow/.local/lib/python3.8/site-packages/airflow/example_dags/example_complex.py took 0.115 seconds
[2025-10-08T14:12:08.481+0000] {processor.py:161} INFO - Started process (PID=2001) to work on /home/airflow/.local/lib/python3.8/site-packages/airflow/example_dags/example_complex.py
[2025-10-08T14:12:08.482+0000] {processor.py:830} INFO - Processing file /home/airflow/.local/lib/python3.8/site-packages/airflow/example_dags/example_complex.py for tasks to queue
[2025-10-08T14:12:08.484+0000] {logging_mixin.py:188} INFO - [2025-10-08T14:12:08.483+0000] {dagbag.py:538} INFO - Filling up the DagBag from /home/airflow/.local/lib/python3.8/site-packages/airflow/example_dags/example_complex.py
[2025-10-08T14:12:08.503+0000] {processor.py:840} INFO - DAG(s) 'example_complex' retrieved from /home/airflow/.local/lib/python3.8/site-packages/airflow/example_dags/example_complex.py
[2025-10-08T14:12:08.560+0000] {logging_mixin.py:188} INFO - [2025-10-08T14:12:08.560+0000] {dag.py:3036} INFO - Sync 1 DAGs
[2025-10-08T14:12:08.580+0000] {logging_mixin.py:188} INFO - [2025-10-08T14:12:08.580+0000] {dag.py:3823} INFO - Setting next_dagrun for example_complex to None, run_after=None
[2025-10-08T14:12:08.622+0000] {processor.py:183} INFO - Processing /home/airflow/.local/lib/python3.8/site-packages/airflow/example_dags/example_complex.py took 0.146 seconds
[2025-10-08T14:12:38.687+0000] {processor.py:161} INFO - Started process (PID=2060) to work on /home/airflow/.local/lib/python3.8/site-packages/airflow/example_dags/example_complex.py
[2025-10-08T14:12:38.688+0000] {processor.py:830} INFO - Processing file /home/airflow/.local/lib/python3.8/site-packages/airflow/example_dags/example_complex.py for tasks to queue
[2025-10-08T14:12:38.689+0000] {logging_mixin.py:188} INFO - [2025-10-08T14:12:38.689+0000] {dagbag.py:538} INFO - Filling up the DagBag from /home/airflow/.local/lib/python3.8/site-packages/airflow/example_dags/example_complex.py
[2025-10-08T14:12:38.706+0000] {processor.py:840} INFO - DAG(s) 'example_complex' retrieved from /home/airflow/.local/lib/python3.8/site-packages/airflow/example_dags/example_complex.py
[2025-10-08T14:12:38.749+0000] {logging_mixin.py:188} INFO - [2025-10-08T14:12:38.749+0000] {dag.py:3036} INFO - Sync 1 DAGs
[2025-10-08T14:12:38.765+0000] {logging_mixin.py:188} INFO - [2025-10-08T14:12:38.764+0000] {dag.py:3823} INFO - Setting next_dagrun for example_complex to None, run_after=None
[2025-10-08T14:12:38.788+0000] {processor.py:183} INFO - Processing /home/airflow/.local/lib/python3.8/site-packages/airflow/example_dags/example_complex.py took 0.104 seconds
[2025-10-08T14:13:09.140+0000] {processor.py:161} INFO - Started process (PID=2119) to work on /home/airflow/.local/lib/python3.8/site-packages/airflow/example_dags/example_complex.py
[2025-10-08T14:13:09.142+0000] {processor.py:830} INFO - Processing file /home/airflow/.local/lib/python3.8/site-packages/airflow/example_dags/example_complex.py for tasks to queue
[2025-10-08T14:13:09.143+0000] {logging_mixin.py:188} INFO - [2025-10-08T14:13:09.143+0000] {dagbag.py:538} INFO - Filling up the DagBag from /home/airflow/.local/lib/python3.8/site-packages/airflow/example_dags/example_complex.py
[2025-10-08T14:13:09.163+0000] {processor.py:840} INFO - DAG(s) 'example_complex' retrieved from /home/airflow/.local/lib/python3.8/site-packages/airflow/example_dags/example_complex.py
[2025-10-08T14:13:09.219+0000] {logging_mixin.py:188} INFO - [2025-10-08T14:13:09.219+0000] {dag.py:3036} INFO - Sync 1 DAGs
[2025-10-08T14:13:09.238+0000] {logging_mixin.py:188} INFO - [2025-10-08T14:13:09.237+0000] {dag.py:3823} INFO - Setting next_dagrun for example_complex to None, run_after=None
[2025-10-08T14:13:09.267+0000] {processor.py:183} INFO - Processing /home/airflow/.local/lib/python3.8/site-packages/airflow/example_dags/example_complex.py took 0.130 seconds
[2025-10-08T14:13:39.686+0000] {processor.py:161} INFO - Started process (PID=2178) to work on /home/airflow/.local/lib/python3.8/site-packages/airflow/example_dags/example_complex.py
[2025-10-08T14:13:39.687+0000] {processor.py:830} INFO - Processing file /home/airflow/.local/lib/python3.8/site-packages/airflow/example_dags/example_complex.py for tasks to queue
[2025-10-08T14:13:39.688+0000] {logging_mixin.py:188} INFO - [2025-10-08T14:13:39.688+0000] {dagbag.py:538} INFO - Filling up the DagBag from /home/airflow/.local/lib/python3.8/site-packages/airflow/example_dags/example_complex.py
[2025-10-08T14:13:39.703+0000] {processor.py:840} INFO - DAG(s) 'example_complex' retrieved from /home/airflow/.local/lib/python3.8/site-packages/airflow/example_dags/example_complex.py
[2025-10-08T14:13:39.762+0000] {logging_mixin.py:188} INFO - [2025-10-08T14:13:39.762+0000] {dag.py:3036} INFO - Sync 1 DAGs
[2025-10-08T14:13:39.780+0000] {logging_mixin.py:188} INFO - [2025-10-08T14:13:39.779+0000] {dag.py:3823} INFO - Setting next_dagrun for example_complex to None, run_after=None
[2025-10-08T14:13:39.804+0000] {processor.py:183} INFO - Processing /home/airflow/.local/lib/python3.8/site-packages/airflow/example_dags/example_complex.py took 0.121 seconds
[2025-10-08T14:14:09.983+0000] {processor.py:161} INFO - Started process (PID=2238) to work on /home/airflow/.local/lib/python3.8/site-packages/airflow/example_dags/example_complex.py
[2025-10-08T14:14:09.985+0000] {processor.py:830} INFO - Processing file /home/airflow/.local/lib/python3.8/site-packages/airflow/example_dags/example_complex.py for tasks to queue
[2025-10-08T14:14:09.987+0000] {logging_mixin.py:188} INFO - [2025-10-08T14:14:09.986+0000] {dagbag.py:538} INFO - Filling up the DagBag from /home/airflow/.local/lib/python3.8/site-packages/airflow/example_dags/example_complex.py
[2025-10-08T14:14:10.007+0000] {processor.py:840} INFO - DAG(s) 'example_complex' retrieved from /home/airflow/.local/lib/python3.8/site-packages/airflow/example_dags/example_complex.py
[2025-10-08T14:14:10.065+0000] {logging_mixin.py:188} INFO - [2025-10-08T14:14:10.064+0000] {dag.py:3036} INFO - Sync 1 DAGs
[2025-10-08T14:14:10.084+0000] {logging_mixin.py:188} INFO - [2025-10-08T14:14:10.084+0000] {dag.py:3823} INFO - Setting next_dagrun for example_complex to None, run_after=None
[2025-10-08T14:14:10.119+0000] {processor.py:183} INFO - Processing /home/airflow/.local/lib/python3.8/site-packages/airflow/example_dags/example_complex.py took 0.141 seconds
[2025-10-08T14:14:40.284+0000] {processor.py:161} INFO - Started process (PID=2298) to work on /home/airflow/.local/lib/python3.8/site-packages/airflow/example_dags/example_complex.py
[2025-10-08T14:14:40.286+0000] {processor.py:830} INFO - Processing file /home/airflow/.local/lib/python3.8/site-packages/airflow/example_dags/example_complex.py for tasks to queue
[2025-10-08T14:14:40.287+0000] {logging_mixin.py:188} INFO - [2025-10-08T14:14:40.287+0000] {dagbag.py:538} INFO - Filling up the DagBag from /home/airflow/.local/lib/python3.8/site-packages/airflow/example_dags/example_complex.py
[2025-10-08T14:14:40.304+0000] {processor.py:840} INFO - DAG(s) 'example_complex' retrieved from /home/airflow/.local/lib/python3.8/site-packages/airflow/example_dags/example_complex.py
[2025-10-08T14:14:40.348+0000] {logging_mixin.py:188} INFO - [2025-10-08T14:14:40.347+0000] {dag.py:3036} INFO - Sync 1 DAGs
[2025-10-08T14:14:40.365+0000] {logging_mixin.py:188} INFO - [2025-10-08T14:14:40.365+0000] {dag.py:3823} INFO - Setting next_dagrun for example_complex to None, run_after=None
[2025-10-08T14:14:40.389+0000] {processor.py:183} INFO - Processing /home/airflow/.local/lib/python3.8/site-packages/airflow/example_dags/example_complex.py took 0.109 seconds
[2025-10-08T14:15:10.784+0000] {processor.py:161} INFO - Started process (PID=2357) to work on /home/airflow/.local/lib/python3.8/site-packages/airflow/example_dags/example_complex.py
[2025-10-08T14:15:10.786+0000] {processor.py:830} INFO - Processing file /home/airflow/.local/lib/python3.8/site-packages/airflow/example_dags/example_complex.py for tasks to queue
[2025-10-08T14:15:10.787+0000] {logging_mixin.py:188} INFO - [2025-10-08T14:15:10.786+0000] {dagbag.py:538} INFO - Filling up the DagBag from /home/airflow/.local/lib/python3.8/site-packages/airflow/example_dags/example_complex.py
[2025-10-08T14:15:10.800+0000] {processor.py:840} INFO - DAG(s) 'example_complex' retrieved from /home/airflow/.local/lib/python3.8/site-packages/airflow/example_dags/example_complex.py
[2025-10-08T14:15:10.843+0000] {logging_mixin.py:188} INFO - [2025-10-08T14:15:10.843+0000] {dag.py:3036} INFO - Sync 1 DAGs
[2025-10-08T14:15:10.858+0000] {logging_mixin.py:188} INFO - [2025-10-08T14:15:10.858+0000] {dag.py:3823} INFO - Setting next_dagrun for example_complex to None, run_after=None
[2025-10-08T14:15:10.880+0000] {processor.py:183} INFO - Processing /home/airflow/.local/lib/python3.8/site-packages/airflow/example_dags/example_complex.py took 0.100 seconds
[2025-10-08T14:15:41.279+0000] {processor.py:161} INFO - Started process (PID=2416) to work on /home/airflow/.local/lib/python3.8/site-packages/airflow/example_dags/example_complex.py
[2025-10-08T14:15:41.280+0000] {processor.py:830} INFO - Processing file /home/airflow/.local/lib/python3.8/site-packages/airflow/example_dags/example_complex.py for tasks to queue
[2025-10-08T14:15:41.282+0000] {logging_mixin.py:188} INFO - [2025-10-08T14:15:41.281+0000] {dagbag.py:538} INFO - Filling up the DagBag from /home/airflow/.local/lib/python3.8/site-packages/airflow/example_dags/example_complex.py
[2025-10-08T14:15:41.296+0000] {processor.py:840} INFO - DAG(s) 'example_complex' retrieved from /home/airflow/.local/lib/python3.8/site-packages/airflow/example_dags/example_complex.py
[2025-10-08T14:15:41.340+0000] {logging_mixin.py:188} INFO - [2025-10-08T14:15:41.340+0000] {dag.py:3036} INFO - Sync 1 DAGs
[2025-10-08T14:15:41.354+0000] {logging_mixin.py:188} INFO - [2025-10-08T14:15:41.354+0000] {dag.py:3823} INFO - Setting next_dagrun for example_complex to None, run_after=None
[2025-10-08T14:15:41.382+0000] {processor.py:183} INFO - Processing /home/airflow/.local/lib/python3.8/site-packages/airflow/example_dags/example_complex.py took 0.107 seconds
[2025-10-08T14:16:11.673+0000] {processor.py:161} INFO - Started process (PID=2476) to work on /home/airflow/.local/lib/python3.8/site-packages/airflow/example_dags/example_complex.py
[2025-10-08T14:16:11.674+0000] {processor.py:830} INFO - Processing file /home/airflow/.local/lib/python3.8/site-packages/airflow/example_dags/example_complex.py for tasks to queue
[2025-10-08T14:16:11.675+0000] {logging_mixin.py:188} INFO - [2025-10-08T14:16:11.675+0000] {dagbag.py:538} INFO - Filling up the DagBag from /home/airflow/.local/lib/python3.8/site-packages/airflow/example_dags/example_complex.py
[2025-10-08T14:16:11.694+0000] {processor.py:840} INFO - DAG(s) 'example_complex' retrieved from /home/airflow/.local/lib/python3.8/site-packages/airflow/example_dags/example_complex.py
[2025-10-08T14:16:11.752+0000] {logging_mixin.py:188} INFO - [2025-10-08T14:16:11.752+0000] {dag.py:3036} INFO - Sync 1 DAGs
[2025-10-08T14:16:11.766+0000] {logging_mixin.py:188} INFO - [2025-10-08T14:16:11.766+0000] {dag.py:3823} INFO - Setting next_dagrun for example_complex to None, run_after=None
[2025-10-08T14:16:11.791+0000] {processor.py:183} INFO - Processing /home/airflow/.local/lib/python3.8/site-packages/airflow/example_dags/example_complex.py took 0.123 seconds
[2025-10-08T14:16:41.900+0000] {processor.py:161} INFO - Started process (PID=2536) to work on /home/airflow/.local/lib/python3.8/site-packages/airflow/example_dags/example_complex.py
[2025-10-08T14:16:41.902+0000] {processor.py:830} INFO - Processing file /home/airflow/.local/lib/python3.8/site-packages/airflow/example_dags/example_complex.py for tasks to queue
[2025-10-08T14:16:41.903+0000] {logging_mixin.py:188} INFO - [2025-10-08T14:16:41.903+0000] {dagbag.py:538} INFO - Filling up the DagBag from /home/airflow/.local/lib/python3.8/site-packages/airflow/example_dags/example_complex.py
[2025-10-08T14:16:41.920+0000] {processor.py:840} INFO - DAG(s) 'example_complex' retrieved from /home/airflow/.local/lib/python3.8/site-packages/airflow/example_dags/example_complex.py
[2025-10-08T14:16:41.975+0000] {logging_mixin.py:188} INFO - [2025-10-08T14:16:41.975+0000] {dag.py:3036} INFO - Sync 1 DAGs
[2025-10-08T14:16:41.994+0000] {logging_mixin.py:188} INFO - [2025-10-08T14:16:41.994+0000] {dag.py:3823} INFO - Setting next_dagrun for example_complex to None, run_after=None
[2025-10-08T14:16:42.024+0000] {processor.py:183} INFO - Processing /home/airflow/.local/lib/python3.8/site-packages/airflow/example_dags/example_complex.py took 0.128 seconds
[2025-10-08T14:17:12.501+0000] {processor.py:161} INFO - Started process (PID=2596) to work on /home/airflow/.local/lib/python3.8/site-packages/airflow/example_dags/example_complex.py
[2025-10-08T14:17:12.502+0000] {processor.py:830} INFO - Processing file /home/airflow/.local/lib/python3.8/site-packages/airflow/example_dags/example_complex.py for tasks to queue
[2025-10-08T14:17:12.503+0000] {logging_mixin.py:188} INFO - [2025-10-08T14:17:12.503+0000] {dagbag.py:538} INFO - Filling up the DagBag from /home/airflow/.local/lib/python3.8/site-packages/airflow/example_dags/example_complex.py
[2025-10-08T14:17:12.517+0000] {processor.py:840} INFO - DAG(s) 'example_complex' retrieved from /home/airflow/.local/lib/python3.8/site-packages/airflow/example_dags/example_complex.py
[2025-10-08T14:17:12.565+0000] {logging_mixin.py:188} INFO - [2025-10-08T14:17:12.564+0000] {dag.py:3036} INFO - Sync 1 DAGs
[2025-10-08T14:17:12.582+0000] {logging_mixin.py:188} INFO - [2025-10-08T14:17:12.581+0000] {dag.py:3823} INFO - Setting next_dagrun for example_complex to None, run_after=None
[2025-10-08T14:17:12.609+0000] {processor.py:183} INFO - Processing /home/airflow/.local/lib/python3.8/site-packages/airflow/example_dags/example_complex.py took 0.112 seconds
[2025-10-08T14:17:43.089+0000] {processor.py:161} INFO - Started process (PID=2654) to work on /home/airflow/.local/lib/python3.8/site-packages/airflow/example_dags/example_complex.py
[2025-10-08T14:17:43.091+0000] {processor.py:830} INFO - Processing file /home/airflow/.local/lib/python3.8/site-packages/airflow/example_dags/example_complex.py for tasks to queue
[2025-10-08T14:17:43.094+0000] {logging_mixin.py:188} INFO - [2025-10-08T14:17:43.093+0000] {dagbag.py:538} INFO - Filling up the DagBag from /home/airflow/.local/lib/python3.8/site-packages/airflow/example_dags/example_complex.py
[2025-10-08T14:17:43.129+0000] {processor.py:840} INFO - DAG(s) 'example_complex' retrieved from /home/airflow/.local/lib/python3.8/site-packages/airflow/example_dags/example_complex.py
[2025-10-08T14:17:43.198+0000] {logging_mixin.py:188} INFO - [2025-10-08T14:17:43.198+0000] {dag.py:3036} INFO - Sync 1 DAGs
[2025-10-08T14:17:43.221+0000] {logging_mixin.py:188} INFO - [2025-10-08T14:17:43.221+0000] {dag.py:3823} INFO - Setting next_dagrun for example_complex to None, run_after=None
[2025-10-08T14:17:43.250+0000] {processor.py:183} INFO - Processing /home/airflow/.local/lib/python3.8/site-packages/airflow/example_dags/example_complex.py took 0.168 seconds
[2025-10-08T14:18:13.434+0000] {processor.py:161} INFO - Started process (PID=2715) to work on /home/airflow/.local/lib/python3.8/site-packages/airflow/example_dags/example_complex.py
[2025-10-08T14:18:13.436+0000] {processor.py:830} INFO - Processing file /home/airflow/.local/lib/python3.8/site-packages/airflow/example_dags/example_complex.py for tasks to queue
[2025-10-08T14:18:13.439+0000] {logging_mixin.py:188} INFO - [2025-10-08T14:18:13.439+0000] {dagbag.py:538} INFO - Filling up the DagBag from /home/airflow/.local/lib/python3.8/site-packages/airflow/example_dags/example_complex.py
[2025-10-08T14:18:13.455+0000] {processor.py:840} INFO - DAG(s) 'example_complex' retrieved from /home/airflow/.local/lib/python3.8/site-packages/airflow/example_dags/example_complex.py
[2025-10-08T14:18:13.511+0000] {logging_mixin.py:188} INFO - [2025-10-08T14:18:13.510+0000] {dag.py:3036} INFO - Sync 1 DAGs
[2025-10-08T14:18:13.528+0000] {logging_mixin.py:188} INFO - [2025-10-08T14:18:13.527+0000] {dag.py:3823} INFO - Setting next_dagrun for example_complex to None, run_after=None
[2025-10-08T14:18:13.561+0000] {processor.py:183} INFO - Processing /home/airflow/.local/lib/python3.8/site-packages/airflow/example_dags/example_complex.py took 0.132 seconds
[2025-10-08T14:18:43.637+0000] {processor.py:161} INFO - Started process (PID=2775) to work on /home/airflow/.local/lib/python3.8/site-packages/airflow/example_dags/example_complex.py
[2025-10-08T14:18:43.639+0000] {processor.py:830} INFO - Processing file /home/airflow/.local/lib/python3.8/site-packages/airflow/example_dags/example_complex.py for tasks to queue
[2025-10-08T14:18:43.641+0000] {logging_mixin.py:188} INFO - [2025-10-08T14:18:43.641+0000] {dagbag.py:538} INFO - Filling up the DagBag from /home/airflow/.local/lib/python3.8/site-packages/airflow/example_dags/example_complex.py
[2025-10-08T14:18:43.660+0000] {processor.py:840} INFO - DAG(s) 'example_complex' retrieved from /home/airflow/.local/lib/python3.8/site-packages/airflow/example_dags/example_complex.py
[2025-10-08T14:18:43.715+0000] {logging_mixin.py:188} INFO - [2025-10-08T14:18:43.715+0000] {dag.py:3036} INFO - Sync 1 DAGs
[2025-10-08T14:18:43.732+0000] {logging_mixin.py:188} INFO - [2025-10-08T14:18:43.732+0000] {dag.py:3823} INFO - Setting next_dagrun for example_complex to None, run_after=None
[2025-10-08T14:18:43.759+0000] {processor.py:183} INFO - Processing /home/airflow/.local/lib/python3.8/site-packages/airflow/example_dags/example_complex.py took 0.126 seconds
[2025-10-08T14:19:14.321+0000] {processor.py:161} INFO - Started process (PID=2834) to work on /home/airflow/.local/lib/python3.8/site-packages/airflow/example_dags/example_complex.py
[2025-10-08T14:19:14.323+0000] {processor.py:830} INFO - Processing file /home/airflow/.local/lib/python3.8/site-packages/airflow/example_dags/example_complex.py for tasks to queue
[2025-10-08T14:19:14.324+0000] {logging_mixin.py:188} INFO - [2025-10-08T14:19:14.324+0000] {dagbag.py:538} INFO - Filling up the DagBag from /home/airflow/.local/lib/python3.8/site-packages/airflow/example_dags/example_complex.py
[2025-10-08T14:19:14.337+0000] {processor.py:840} INFO - DAG(s) 'example_complex' retrieved from /home/airflow/.local/lib/python3.8/site-packages/airflow/example_dags/example_complex.py
[2025-10-08T14:19:14.381+0000] {logging_mixin.py:188} INFO - [2025-10-08T14:19:14.380+0000] {dag.py:3036} INFO - Sync 1 DAGs
[2025-10-08T14:19:14.394+0000] {logging_mixin.py:188} INFO - [2025-10-08T14:19:14.394+0000] {dag.py:3823} INFO - Setting next_dagrun for example_complex to None, run_after=None
[2025-10-08T14:19:14.423+0000] {processor.py:183} INFO - Processing /home/airflow/.local/lib/python3.8/site-packages/airflow/example_dags/example_complex.py took 0.105 seconds
[2025-10-08T14:19:45.291+0000] {processor.py:161} INFO - Started process (PID=2894) to work on /home/airflow/.local/lib/python3.8/site-packages/airflow/example_dags/example_complex.py
[2025-10-08T14:19:45.297+0000] {processor.py:830} INFO - Processing file /home/airflow/.local/lib/python3.8/site-packages/airflow/example_dags/example_complex.py for tasks to queue
[2025-10-08T14:19:45.298+0000] {logging_mixin.py:188} INFO - [2025-10-08T14:19:45.298+0000] {dagbag.py:538} INFO - Filling up the DagBag from /home/airflow/.local/lib/python3.8/site-packages/airflow/example_dags/example_complex.py
[2025-10-08T14:19:45.322+0000] {processor.py:840} INFO - DAG(s) 'example_complex' retrieved from /home/airflow/.local/lib/python3.8/site-packages/airflow/example_dags/example_complex.py
[2025-10-08T14:19:45.437+0000] {logging_mixin.py:188} INFO - [2025-10-08T14:19:45.437+0000] {dag.py:3036} INFO - Sync 1 DAGs
[2025-10-08T14:19:45.464+0000] {logging_mixin.py:188} INFO - [2025-10-08T14:19:45.463+0000] {dag.py:3823} INFO - Setting next_dagrun for example_complex to None, run_after=None
[2025-10-08T14:19:45.510+0000] {processor.py:183} INFO - Processing /home/airflow/.local/lib/python3.8/site-packages/airflow/example_dags/example_complex.py took 0.225 seconds
[2025-10-08T14:20:15.781+0000] {processor.py:161} INFO - Started process (PID=2953) to work on /home/airflow/.local/lib/python3.8/site-packages/airflow/example_dags/example_complex.py
[2025-10-08T14:20:15.782+0000] {processor.py:830} INFO - Processing file /home/airflow/.local/lib/python3.8/site-packages/airflow/example_dags/example_complex.py for tasks to queue
[2025-10-08T14:20:15.783+0000] {logging_mixin.py:188} INFO - [2025-10-08T14:20:15.783+0000] {dagbag.py:538} INFO - Filling up the DagBag from /home/airflow/.local/lib/python3.8/site-packages/airflow/example_dags/example_complex.py
[2025-10-08T14:20:15.798+0000] {processor.py:840} INFO - DAG(s) 'example_complex' retrieved from /home/airflow/.local/lib/python3.8/site-packages/airflow/example_dags/example_complex.py
[2025-10-08T14:20:15.842+0000] {logging_mixin.py:188} INFO - [2025-10-08T14:20:15.842+0000] {dag.py:3036} INFO - Sync 1 DAGs
[2025-10-08T14:20:15.857+0000] {logging_mixin.py:188} INFO - [2025-10-08T14:20:15.856+0000] {dag.py:3823} INFO - Setting next_dagrun for example_complex to None, run_after=None
[2025-10-08T14:20:15.934+0000] {processor.py:183} INFO - Processing /home/airflow/.local/lib/python3.8/site-packages/airflow/example_dags/example_complex.py took 0.157 seconds
[2025-10-08T14:20:46.081+0000] {processor.py:161} INFO - Started process (PID=3013) to work on /home/airflow/.local/lib/python3.8/site-packages/airflow/example_dags/example_complex.py
[2025-10-08T14:20:46.082+0000] {processor.py:830} INFO - Processing file /home/airflow/.local/lib/python3.8/site-packages/airflow/example_dags/example_complex.py for tasks to queue
[2025-10-08T14:20:46.084+0000] {logging_mixin.py:188} INFO - [2025-10-08T14:20:46.083+0000] {dagbag.py:538} INFO - Filling up the DagBag from /home/airflow/.local/lib/python3.8/site-packages/airflow/example_dags/example_complex.py
[2025-10-08T14:20:46.099+0000] {processor.py:840} INFO - DAG(s) 'example_complex' retrieved from /home/airflow/.local/lib/python3.8/site-packages/airflow/example_dags/example_complex.py
[2025-10-08T14:20:46.146+0000] {logging_mixin.py:188} INFO - [2025-10-08T14:20:46.145+0000] {dag.py:3036} INFO - Sync 1 DAGs
[2025-10-08T14:20:46.357+0000] {logging_mixin.py:188} INFO - [2025-10-08T14:20:46.357+0000] {dag.py:3823} INFO - Setting next_dagrun for example_complex to None, run_after=None
[2025-10-08T14:20:46.383+0000] {processor.py:183} INFO - Processing /home/airflow/.local/lib/python3.8/site-packages/airflow/example_dags/example_complex.py took 0.307 seconds
[2025-10-08T14:21:16.551+0000] {processor.py:161} INFO - Started process (PID=3072) to work on /home/airflow/.local/lib/python3.8/site-packages/airflow/example_dags/example_complex.py
[2025-10-08T14:21:16.553+0000] {processor.py:830} INFO - Processing file /home/airflow/.local/lib/python3.8/site-packages/airflow/example_dags/example_complex.py for tasks to queue
[2025-10-08T14:21:16.554+0000] {logging_mixin.py:188} INFO - [2025-10-08T14:21:16.554+0000] {dagbag.py:538} INFO - Filling up the DagBag from /home/airflow/.local/lib/python3.8/site-packages/airflow/example_dags/example_complex.py
[2025-10-08T14:21:16.569+0000] {processor.py:840} INFO - DAG(s) 'example_complex' retrieved from /home/airflow/.local/lib/python3.8/site-packages/airflow/example_dags/example_complex.py
[2025-10-08T14:21:16.632+0000] {logging_mixin.py:188} INFO - [2025-10-08T14:21:16.631+0000] {dag.py:3036} INFO - Sync 1 DAGs
[2025-10-08T14:21:16.646+0000] {logging_mixin.py:188} INFO - [2025-10-08T14:21:16.645+0000] {dag.py:3823} INFO - Setting next_dagrun for example_complex to None, run_after=None
[2025-10-08T14:21:16.808+0000] {processor.py:183} INFO - Processing /home/airflow/.local/lib/python3.8/site-packages/airflow/example_dags/example_complex.py took 0.261 seconds
[2025-10-08T14:21:47.316+0000] {processor.py:161} INFO - Started process (PID=3132) to work on /home/airflow/.local/lib/python3.8/site-packages/airflow/example_dags/example_complex.py
[2025-10-08T14:21:47.318+0000] {processor.py:830} INFO - Processing file /home/airflow/.local/lib/python3.8/site-packages/airflow/example_dags/example_complex.py for tasks to queue
[2025-10-08T14:21:47.320+0000] {logging_mixin.py:188} INFO - [2025-10-08T14:21:47.319+0000] {dagbag.py:538} INFO - Filling up the DagBag from /home/airflow/.local/lib/python3.8/site-packages/airflow/example_dags/example_complex.py
[2025-10-08T14:21:47.339+0000] {processor.py:840} INFO - DAG(s) 'example_complex' retrieved from /home/airflow/.local/lib/python3.8/site-packages/airflow/example_dags/example_complex.py
[2025-10-08T14:21:47.443+0000] {logging_mixin.py:188} INFO - [2025-10-08T14:21:47.442+0000] {dag.py:3036} INFO - Sync 1 DAGs
[2025-10-08T14:21:47.481+0000] {logging_mixin.py:188} INFO - [2025-10-08T14:21:47.481+0000] {dag.py:3823} INFO - Setting next_dagrun for example_complex to None, run_after=None
[2025-10-08T14:21:47.509+0000] {processor.py:183} INFO - Processing /home/airflow/.local/lib/python3.8/site-packages/airflow/example_dags/example_complex.py took 0.200 seconds
[2025-10-08T14:22:18.016+0000] {processor.py:161} INFO - Started process (PID=3193) to work on /home/airflow/.local/lib/python3.8/site-packages/airflow/example_dags/example_complex.py
[2025-10-08T14:22:18.017+0000] {processor.py:830} INFO - Processing file /home/airflow/.local/lib/python3.8/site-packages/airflow/example_dags/example_complex.py for tasks to queue
[2025-10-08T14:22:18.019+0000] {logging_mixin.py:188} INFO - [2025-10-08T14:22:18.018+0000] {dagbag.py:538} INFO - Filling up the DagBag from /home/airflow/.local/lib/python3.8/site-packages/airflow/example_dags/example_complex.py
[2025-10-08T14:22:18.033+0000] {processor.py:840} INFO - DAG(s) 'example_complex' retrieved from /home/airflow/.local/lib/python3.8/site-packages/airflow/example_dags/example_complex.py
[2025-10-08T14:22:18.080+0000] {logging_mixin.py:188} INFO - [2025-10-08T14:22:18.080+0000] {dag.py:3036} INFO - Sync 1 DAGs
[2025-10-08T14:22:18.095+0000] {logging_mixin.py:188} INFO - [2025-10-08T14:22:18.095+0000] {dag.py:3823} INFO - Setting next_dagrun for example_complex to None, run_after=None
[2025-10-08T14:22:18.137+0000] {processor.py:183} INFO - Processing /home/airflow/.local/lib/python3.8/site-packages/airflow/example_dags/example_complex.py took 0.126 seconds
[2025-10-08T14:22:48.327+0000] {processor.py:161} INFO - Started process (PID=3253) to work on /home/airflow/.local/lib/python3.8/site-packages/airflow/example_dags/example_complex.py
[2025-10-08T14:22:48.329+0000] {processor.py:830} INFO - Processing file /home/airflow/.local/lib/python3.8/site-packages/airflow/example_dags/example_complex.py for tasks to queue
[2025-10-08T14:22:48.331+0000] {logging_mixin.py:188} INFO - [2025-10-08T14:22:48.331+0000] {dagbag.py:538} INFO - Filling up the DagBag from /home/airflow/.local/lib/python3.8/site-packages/airflow/example_dags/example_complex.py
[2025-10-08T14:22:48.348+0000] {processor.py:840} INFO - DAG(s) 'example_complex' retrieved from /home/airflow/.local/lib/python3.8/site-packages/airflow/example_dags/example_complex.py
[2025-10-08T14:22:48.457+0000] {logging_mixin.py:188} INFO - [2025-10-08T14:22:48.457+0000] {dag.py:3036} INFO - Sync 1 DAGs
[2025-10-08T14:22:48.476+0000] {logging_mixin.py:188} INFO - [2025-10-08T14:22:48.476+0000] {dag.py:3823} INFO - Setting next_dagrun for example_complex to None, run_after=None
[2025-10-08T14:22:48.521+0000] {processor.py:183} INFO - Processing /home/airflow/.local/lib/python3.8/site-packages/airflow/example_dags/example_complex.py took 0.198 seconds
[2025-10-08T14:23:18.821+0000] {processor.py:161} INFO - Started process (PID=3313) to work on /home/airflow/.local/lib/python3.8/site-packages/airflow/example_dags/example_complex.py
[2025-10-08T14:23:18.822+0000] {processor.py:830} INFO - Processing file /home/airflow/.local/lib/python3.8/site-packages/airflow/example_dags/example_complex.py for tasks to queue
[2025-10-08T14:23:18.823+0000] {logging_mixin.py:188} INFO - [2025-10-08T14:23:18.823+0000] {dagbag.py:538} INFO - Filling up the DagBag from /home/airflow/.local/lib/python3.8/site-packages/airflow/example_dags/example_complex.py
[2025-10-08T14:23:18.838+0000] {processor.py:840} INFO - DAG(s) 'example_complex' retrieved from /home/airflow/.local/lib/python3.8/site-packages/airflow/example_dags/example_complex.py
[2025-10-08T14:23:18.889+0000] {logging_mixin.py:188} INFO - [2025-10-08T14:23:18.888+0000] {dag.py:3036} INFO - Sync 1 DAGs
[2025-10-08T14:23:18.903+0000] {logging_mixin.py:188} INFO - [2025-10-08T14:23:18.903+0000] {dag.py:3823} INFO - Setting next_dagrun for example_complex to None, run_after=None
[2025-10-08T14:23:18.927+0000] {processor.py:183} INFO - Processing /home/airflow/.local/lib/python3.8/site-packages/airflow/example_dags/example_complex.py took 0.110 seconds
[2025-10-08T14:23:49.382+0000] {processor.py:161} INFO - Started process (PID=3373) to work on /home/airflow/.local/lib/python3.8/site-packages/airflow/example_dags/example_complex.py
[2025-10-08T14:23:49.384+0000] {processor.py:830} INFO - Processing file /home/airflow/.local/lib/python3.8/site-packages/airflow/example_dags/example_complex.py for tasks to queue
[2025-10-08T14:23:49.386+0000] {logging_mixin.py:188} INFO - [2025-10-08T14:23:49.385+0000] {dagbag.py:538} INFO - Filling up the DagBag from /home/airflow/.local/lib/python3.8/site-packages/airflow/example_dags/example_complex.py
[2025-10-08T14:23:49.408+0000] {processor.py:840} INFO - DAG(s) 'example_complex' retrieved from /home/airflow/.local/lib/python3.8/site-packages/airflow/example_dags/example_complex.py
[2025-10-08T14:23:49.459+0000] {logging_mixin.py:188} INFO - [2025-10-08T14:23:49.458+0000] {dag.py:3036} INFO - Sync 1 DAGs
[2025-10-08T14:23:49.474+0000] {logging_mixin.py:188} INFO - [2025-10-08T14:23:49.474+0000] {dag.py:3823} INFO - Setting next_dagrun for example_complex to None, run_after=None
[2025-10-08T14:23:49.498+0000] {processor.py:183} INFO - Processing /home/airflow/.local/lib/python3.8/site-packages/airflow/example_dags/example_complex.py took 0.122 seconds
[2025-10-08T14:24:19.810+0000] {processor.py:161} INFO - Started process (PID=3432) to work on /home/airflow/.local/lib/python3.8/site-packages/airflow/example_dags/example_complex.py
[2025-10-08T14:24:19.811+0000] {processor.py:830} INFO - Processing file /home/airflow/.local/lib/python3.8/site-packages/airflow/example_dags/example_complex.py for tasks to queue
[2025-10-08T14:24:19.813+0000] {logging_mixin.py:188} INFO - [2025-10-08T14:24:19.812+0000] {dagbag.py:538} INFO - Filling up the DagBag from /home/airflow/.local/lib/python3.8/site-packages/airflow/example_dags/example_complex.py
[2025-10-08T14:24:19.826+0000] {processor.py:840} INFO - DAG(s) 'example_complex' retrieved from /home/airflow/.local/lib/python3.8/site-packages/airflow/example_dags/example_complex.py
[2025-10-08T14:24:19.877+0000] {logging_mixin.py:188} INFO - [2025-10-08T14:24:19.877+0000] {dag.py:3036} INFO - Sync 1 DAGs
[2025-10-08T14:24:19.891+0000] {logging_mixin.py:188} INFO - [2025-10-08T14:24:19.890+0000] {dag.py:3823} INFO - Setting next_dagrun for example_complex to None, run_after=None
[2025-10-08T14:24:19.929+0000] {processor.py:183} INFO - Processing /home/airflow/.local/lib/python3.8/site-packages/airflow/example_dags/example_complex.py took 0.122 seconds
[2025-10-08T14:24:50.322+0000] {processor.py:161} INFO - Started process (PID=3492) to work on /home/airflow/.local/lib/python3.8/site-packages/airflow/example_dags/example_complex.py
[2025-10-08T14:24:50.323+0000] {processor.py:830} INFO - Processing file /home/airflow/.local/lib/python3.8/site-packages/airflow/example_dags/example_complex.py for tasks to queue
[2025-10-08T14:24:50.325+0000] {logging_mixin.py:188} INFO - [2025-10-08T14:24:50.324+0000] {dagbag.py:538} INFO - Filling up the DagBag from /home/airflow/.local/lib/python3.8/site-packages/airflow/example_dags/example_complex.py
[2025-10-08T14:24:50.339+0000] {processor.py:840} INFO - DAG(s) 'example_complex' retrieved from /home/airflow/.local/lib/python3.8/site-packages/airflow/example_dags/example_complex.py
[2025-10-08T14:24:50.397+0000] {logging_mixin.py:188} INFO - [2025-10-08T14:24:50.397+0000] {dag.py:3036} INFO - Sync 1 DAGs
[2025-10-08T14:24:50.419+0000] {logging_mixin.py:188} INFO - [2025-10-08T14:24:50.418+0000] {dag.py:3823} INFO - Setting next_dagrun for example_complex to None, run_after=None
[2025-10-08T14:24:50.455+0000] {processor.py:183} INFO - Processing /home/airflow/.local/lib/python3.8/site-packages/airflow/example_dags/example_complex.py took 0.136 seconds
[2025-10-08T14:25:20.533+0000] {processor.py:161} INFO - Started process (PID=3551) to work on /home/airflow/.local/lib/python3.8/site-packages/airflow/example_dags/example_complex.py
[2025-10-08T14:25:20.534+0000] {processor.py:830} INFO - Processing file /home/airflow/.local/lib/python3.8/site-packages/airflow/example_dags/example_complex.py for tasks to queue
[2025-10-08T14:25:20.536+0000] {logging_mixin.py:188} INFO - [2025-10-08T14:25:20.535+0000] {dagbag.py:538} INFO - Filling up the DagBag from /home/airflow/.local/lib/python3.8/site-packages/airflow/example_dags/example_complex.py
[2025-10-08T14:25:20.551+0000] {processor.py:840} INFO - DAG(s) 'example_complex' retrieved from /home/airflow/.local/lib/python3.8/site-packages/airflow/example_dags/example_complex.py
[2025-10-08T14:25:20.598+0000] {logging_mixin.py:188} INFO - [2025-10-08T14:25:20.597+0000] {dag.py:3036} INFO - Sync 1 DAGs
[2025-10-08T14:25:20.612+0000] {logging_mixin.py:188} INFO - [2025-10-08T14:25:20.612+0000] {dag.py:3823} INFO - Setting next_dagrun for example_complex to None, run_after=None
[2025-10-08T14:25:20.636+0000] {processor.py:183} INFO - Processing /home/airflow/.local/lib/python3.8/site-packages/airflow/example_dags/example_complex.py took 0.108 seconds
[2025-10-08T14:25:50.792+0000] {processor.py:161} INFO - Started process (PID=3610) to work on /home/airflow/.local/lib/python3.8/site-packages/airflow/example_dags/example_complex.py
[2025-10-08T14:25:50.794+0000] {processor.py:830} INFO - Processing file /home/airflow/.local/lib/python3.8/site-packages/airflow/example_dags/example_complex.py for tasks to queue
[2025-10-08T14:25:50.795+0000] {logging_mixin.py:188} INFO - [2025-10-08T14:25:50.795+0000] {dagbag.py:538} INFO - Filling up the DagBag from /home/airflow/.local/lib/python3.8/site-packages/airflow/example_dags/example_complex.py
[2025-10-08T14:25:50.810+0000] {processor.py:840} INFO - DAG(s) 'example_complex' retrieved from /home/airflow/.local/lib/python3.8/site-packages/airflow/example_dags/example_complex.py
[2025-10-08T14:25:50.854+0000] {logging_mixin.py:188} INFO - [2025-10-08T14:25:50.854+0000] {dag.py:3036} INFO - Sync 1 DAGs
[2025-10-08T14:25:50.868+0000] {logging_mixin.py:188} INFO - [2025-10-08T14:25:50.868+0000] {dag.py:3823} INFO - Setting next_dagrun for example_complex to None, run_after=None
[2025-10-08T14:25:50.892+0000] {processor.py:183} INFO - Processing /home/airflow/.local/lib/python3.8/site-packages/airflow/example_dags/example_complex.py took 0.103 seconds
[2025-10-08T14:26:21.743+0000] {processor.py:161} INFO - Started process (PID=3669) to work on /home/airflow/.local/lib/python3.8/site-packages/airflow/example_dags/example_complex.py
[2025-10-08T14:26:21.745+0000] {processor.py:830} INFO - Processing file /home/airflow/.local/lib/python3.8/site-packages/airflow/example_dags/example_complex.py for tasks to queue
[2025-10-08T14:26:21.747+0000] {logging_mixin.py:188} INFO - [2025-10-08T14:26:21.747+0000] {dagbag.py:538} INFO - Filling up the DagBag from /home/airflow/.local/lib/python3.8/site-packages/airflow/example_dags/example_complex.py
[2025-10-08T14:26:21.768+0000] {processor.py:840} INFO - DAG(s) 'example_complex' retrieved from /home/airflow/.local/lib/python3.8/site-packages/airflow/example_dags/example_complex.py
[2025-10-08T14:26:21.830+0000] {logging_mixin.py:188} INFO - [2025-10-08T14:26:21.830+0000] {dag.py:3036} INFO - Sync 1 DAGs
[2025-10-08T14:26:21.856+0000] {logging_mixin.py:188} INFO - [2025-10-08T14:26:21.856+0000] {dag.py:3823} INFO - Setting next_dagrun for example_complex to None, run_after=None
[2025-10-08T14:26:21.903+0000] {processor.py:183} INFO - Processing /home/airflow/.local/lib/python3.8/site-packages/airflow/example_dags/example_complex.py took 0.167 seconds
[2025-10-08T14:26:52.323+0000] {processor.py:161} INFO - Started process (PID=3728) to work on /home/airflow/.local/lib/python3.8/site-packages/airflow/example_dags/example_complex.py
[2025-10-08T14:26:52.325+0000] {processor.py:830} INFO - Processing file /home/airflow/.local/lib/python3.8/site-packages/airflow/example_dags/example_complex.py for tasks to queue
[2025-10-08T14:26:52.327+0000] {logging_mixin.py:188} INFO - [2025-10-08T14:26:52.327+0000] {dagbag.py:538} INFO - Filling up the DagBag from /home/airflow/.local/lib/python3.8/site-packages/airflow/example_dags/example_complex.py
[2025-10-08T14:26:52.347+0000] {processor.py:840} INFO - DAG(s) 'example_complex' retrieved from /home/airflow/.local/lib/python3.8/site-packages/airflow/example_dags/example_complex.py
[2025-10-08T14:26:52.432+0000] {logging_mixin.py:188} INFO - [2025-10-08T14:26:52.431+0000] {dag.py:3036} INFO - Sync 1 DAGs
[2025-10-08T14:26:52.478+0000] {logging_mixin.py:188} INFO - [2025-10-08T14:26:52.477+0000] {dag.py:3823} INFO - Setting next_dagrun for example_complex to None, run_after=None
[2025-10-08T14:26:52.521+0000] {processor.py:183} INFO - Processing /home/airflow/.local/lib/python3.8/site-packages/airflow/example_dags/example_complex.py took 0.203 seconds
[2025-10-08T14:27:23.172+0000] {processor.py:161} INFO - Started process (PID=3787) to work on /home/airflow/.local/lib/python3.8/site-packages/airflow/example_dags/example_complex.py
[2025-10-08T14:27:23.174+0000] {processor.py:830} INFO - Processing file /home/airflow/.local/lib/python3.8/site-packages/airflow/example_dags/example_complex.py for tasks to queue
[2025-10-08T14:27:23.176+0000] {logging_mixin.py:188} INFO - [2025-10-08T14:27:23.175+0000] {dagbag.py:538} INFO - Filling up the DagBag from /home/airflow/.local/lib/python3.8/site-packages/airflow/example_dags/example_complex.py
[2025-10-08T14:27:23.205+0000] {processor.py:840} INFO - DAG(s) 'example_complex' retrieved from /home/airflow/.local/lib/python3.8/site-packages/airflow/example_dags/example_complex.py
[2025-10-08T14:27:23.285+0000] {logging_mixin.py:188} INFO - [2025-10-08T14:27:23.284+0000] {dag.py:3036} INFO - Sync 1 DAGs
[2025-10-08T14:27:23.310+0000] {logging_mixin.py:188} INFO - [2025-10-08T14:27:23.310+0000] {dag.py:3823} INFO - Setting next_dagrun for example_complex to None, run_after=None
[2025-10-08T14:27:23.339+0000] {processor.py:183} INFO - Processing /home/airflow/.local/lib/python3.8/site-packages/airflow/example_dags/example_complex.py took 0.174 seconds
[2025-10-08T16:23:47.591+0000] {processor.py:161} INFO - Started process (PID=3846) to work on /home/airflow/.local/lib/python3.8/site-packages/airflow/example_dags/example_complex.py
[2025-10-08T16:23:47.594+0000] {processor.py:830} INFO - Processing file /home/airflow/.local/lib/python3.8/site-packages/airflow/example_dags/example_complex.py for tasks to queue
[2025-10-08T16:23:47.596+0000] {logging_mixin.py:188} INFO - [2025-10-08T16:23:47.595+0000] {dagbag.py:538} INFO - Filling up the DagBag from /home/airflow/.local/lib/python3.8/site-packages/airflow/example_dags/example_complex.py
[2025-10-08T16:23:47.628+0000] {processor.py:840} INFO - DAG(s) 'example_complex' retrieved from /home/airflow/.local/lib/python3.8/site-packages/airflow/example_dags/example_complex.py
[2025-10-08T16:23:47.711+0000] {logging_mixin.py:188} INFO - [2025-10-08T16:23:47.710+0000] {dag.py:3036} INFO - Sync 1 DAGs
[2025-10-08T16:23:47.739+0000] {logging_mixin.py:188} INFO - [2025-10-08T16:23:47.739+0000] {dag.py:3823} INFO - Setting next_dagrun for example_complex to None, run_after=None
[2025-10-08T16:23:47.783+0000] {processor.py:183} INFO - Processing /home/airflow/.local/lib/python3.8/site-packages/airflow/example_dags/example_complex.py took 0.201 seconds
[2025-10-08T16:24:17.994+0000] {processor.py:161} INFO - Started process (PID=3906) to work on /home/airflow/.local/lib/python3.8/site-packages/airflow/example_dags/example_complex.py
[2025-10-08T16:24:17.997+0000] {processor.py:830} INFO - Processing file /home/airflow/.local/lib/python3.8/site-packages/airflow/example_dags/example_complex.py for tasks to queue
[2025-10-08T16:24:18.002+0000] {logging_mixin.py:188} INFO - [2025-10-08T16:24:18.000+0000] {dagbag.py:538} INFO - Filling up the DagBag from /home/airflow/.local/lib/python3.8/site-packages/airflow/example_dags/example_complex.py
[2025-10-08T16:24:18.055+0000] {processor.py:840} INFO - DAG(s) 'example_complex' retrieved from /home/airflow/.local/lib/python3.8/site-packages/airflow/example_dags/example_complex.py
[2025-10-08T16:24:18.151+0000] {logging_mixin.py:188} INFO - [2025-10-08T16:24:18.151+0000] {dag.py:3036} INFO - Sync 1 DAGs
[2025-10-08T16:24:18.176+0000] {logging_mixin.py:188} INFO - [2025-10-08T16:24:18.175+0000] {dag.py:3823} INFO - Setting next_dagrun for example_complex to None, run_after=None
[2025-10-08T16:24:18.212+0000] {processor.py:183} INFO - Processing /home/airflow/.local/lib/python3.8/site-packages/airflow/example_dags/example_complex.py took 0.226 seconds
[2025-10-08T16:24:49.095+0000] {processor.py:161} INFO - Started process (PID=3965) to work on /home/airflow/.local/lib/python3.8/site-packages/airflow/example_dags/example_complex.py
[2025-10-08T16:24:49.096+0000] {processor.py:830} INFO - Processing file /home/airflow/.local/lib/python3.8/site-packages/airflow/example_dags/example_complex.py for tasks to queue
[2025-10-08T16:24:49.097+0000] {logging_mixin.py:188} INFO - [2025-10-08T16:24:49.097+0000] {dagbag.py:538} INFO - Filling up the DagBag from /home/airflow/.local/lib/python3.8/site-packages/airflow/example_dags/example_complex.py
[2025-10-08T16:24:49.111+0000] {processor.py:840} INFO - DAG(s) 'example_complex' retrieved from /home/airflow/.local/lib/python3.8/site-packages/airflow/example_dags/example_complex.py
[2025-10-08T16:24:49.220+0000] {logging_mixin.py:188} INFO - [2025-10-08T16:24:49.220+0000] {dag.py:3036} INFO - Sync 1 DAGs
[2025-10-08T16:24:49.236+0000] {logging_mixin.py:188} INFO - [2025-10-08T16:24:49.235+0000] {dag.py:3823} INFO - Setting next_dagrun for example_complex to None, run_after=None
[2025-10-08T16:24:49.259+0000] {processor.py:183} INFO - Processing /home/airflow/.local/lib/python3.8/site-packages/airflow/example_dags/example_complex.py took 0.167 seconds
[2025-10-08T16:25:19.772+0000] {processor.py:161} INFO - Started process (PID=4024) to work on /home/airflow/.local/lib/python3.8/site-packages/airflow/example_dags/example_complex.py
[2025-10-08T16:25:19.774+0000] {processor.py:830} INFO - Processing file /home/airflow/.local/lib/python3.8/site-packages/airflow/example_dags/example_complex.py for tasks to queue
[2025-10-08T16:25:19.775+0000] {logging_mixin.py:188} INFO - [2025-10-08T16:25:19.775+0000] {dagbag.py:538} INFO - Filling up the DagBag from /home/airflow/.local/lib/python3.8/site-packages/airflow/example_dags/example_complex.py
[2025-10-08T16:25:19.793+0000] {processor.py:840} INFO - DAG(s) 'example_complex' retrieved from /home/airflow/.local/lib/python3.8/site-packages/airflow/example_dags/example_complex.py
[2025-10-08T16:25:19.866+0000] {logging_mixin.py:188} INFO - [2025-10-08T16:25:19.866+0000] {dag.py:3036} INFO - Sync 1 DAGs
[2025-10-08T16:25:19.915+0000] {logging_mixin.py:188} INFO - [2025-10-08T16:25:19.915+0000] {dag.py:3823} INFO - Setting next_dagrun for example_complex to None, run_after=None
[2025-10-08T16:25:19.988+0000] {processor.py:183} INFO - Processing /home/airflow/.local/lib/python3.8/site-packages/airflow/example_dags/example_complex.py took 0.220 seconds
[2025-10-08T16:25:50.281+0000] {processor.py:161} INFO - Started process (PID=4083) to work on /home/airflow/.local/lib/python3.8/site-packages/airflow/example_dags/example_complex.py
[2025-10-08T16:25:50.282+0000] {processor.py:830} INFO - Processing file /home/airflow/.local/lib/python3.8/site-packages/airflow/example_dags/example_complex.py for tasks to queue
[2025-10-08T16:25:50.284+0000] {logging_mixin.py:188} INFO - [2025-10-08T16:25:50.283+0000] {dagbag.py:538} INFO - Filling up the DagBag from /home/airflow/.local/lib/python3.8/site-packages/airflow/example_dags/example_complex.py
[2025-10-08T16:25:50.305+0000] {processor.py:840} INFO - DAG(s) 'example_complex' retrieved from /home/airflow/.local/lib/python3.8/site-packages/airflow/example_dags/example_complex.py
[2025-10-08T16:25:50.369+0000] {logging_mixin.py:188} INFO - [2025-10-08T16:25:50.369+0000] {dag.py:3036} INFO - Sync 1 DAGs
[2025-10-08T16:25:50.386+0000] {logging_mixin.py:188} INFO - [2025-10-08T16:25:50.386+0000] {dag.py:3823} INFO - Setting next_dagrun for example_complex to None, run_after=None
[2025-10-08T16:25:50.414+0000] {processor.py:183} INFO - Processing /home/airflow/.local/lib/python3.8/site-packages/airflow/example_dags/example_complex.py took 0.137 seconds
[2025-10-08T16:26:21.396+0000] {processor.py:161} INFO - Started process (PID=4147) to work on /home/airflow/.local/lib/python3.8/site-packages/airflow/example_dags/example_complex.py
[2025-10-08T16:26:21.401+0000] {processor.py:830} INFO - Processing file /home/airflow/.local/lib/python3.8/site-packages/airflow/example_dags/example_complex.py for tasks to queue
[2025-10-08T16:26:21.408+0000] {logging_mixin.py:188} INFO - [2025-10-08T16:26:21.406+0000] {dagbag.py:538} INFO - Filling up the DagBag from /home/airflow/.local/lib/python3.8/site-packages/airflow/example_dags/example_complex.py
[2025-10-08T16:26:21.436+0000] {processor.py:840} INFO - DAG(s) 'example_complex' retrieved from /home/airflow/.local/lib/python3.8/site-packages/airflow/example_dags/example_complex.py
[2025-10-08T16:26:21.490+0000] {logging_mixin.py:188} INFO - [2025-10-08T16:26:21.489+0000] {dag.py:3036} INFO - Sync 1 DAGs
[2025-10-08T16:26:21.506+0000] {logging_mixin.py:188} INFO - [2025-10-08T16:26:21.506+0000] {dag.py:3823} INFO - Setting next_dagrun for example_complex to None, run_after=None
[2025-10-08T16:26:21.563+0000] {processor.py:183} INFO - Processing /home/airflow/.local/lib/python3.8/site-packages/airflow/example_dags/example_complex.py took 0.184 seconds
[2025-10-08T16:26:51.820+0000] {processor.py:161} INFO - Started process (PID=4205) to work on /home/airflow/.local/lib/python3.8/site-packages/airflow/example_dags/example_complex.py
[2025-10-08T16:26:51.822+0000] {processor.py:830} INFO - Processing file /home/airflow/.local/lib/python3.8/site-packages/airflow/example_dags/example_complex.py for tasks to queue
[2025-10-08T16:26:51.823+0000] {logging_mixin.py:188} INFO - [2025-10-08T16:26:51.823+0000] {dagbag.py:538} INFO - Filling up the DagBag from /home/airflow/.local/lib/python3.8/site-packages/airflow/example_dags/example_complex.py
[2025-10-08T16:26:51.839+0000] {processor.py:840} INFO - DAG(s) 'example_complex' retrieved from /home/airflow/.local/lib/python3.8/site-packages/airflow/example_dags/example_complex.py
[2025-10-08T16:26:51.890+0000] {logging_mixin.py:188} INFO - [2025-10-08T16:26:51.890+0000] {dag.py:3036} INFO - Sync 1 DAGs
[2025-10-08T16:26:51.906+0000] {logging_mixin.py:188} INFO - [2025-10-08T16:26:51.906+0000] {dag.py:3823} INFO - Setting next_dagrun for example_complex to None, run_after=None
[2025-10-08T16:26:51.962+0000] {processor.py:183} INFO - Processing /home/airflow/.local/lib/python3.8/site-packages/airflow/example_dags/example_complex.py took 0.146 seconds
[2025-10-08T16:27:22.400+0000] {processor.py:161} INFO - Started process (PID=4264) to work on /home/airflow/.local/lib/python3.8/site-packages/airflow/example_dags/example_complex.py
[2025-10-08T16:27:22.403+0000] {processor.py:830} INFO - Processing file /home/airflow/.local/lib/python3.8/site-packages/airflow/example_dags/example_complex.py for tasks to queue
[2025-10-08T16:27:22.406+0000] {logging_mixin.py:188} INFO - [2025-10-08T16:27:22.405+0000] {dagbag.py:538} INFO - Filling up the DagBag from /home/airflow/.local/lib/python3.8/site-packages/airflow/example_dags/example_complex.py
[2025-10-08T16:27:22.431+0000] {processor.py:840} INFO - DAG(s) 'example_complex' retrieved from /home/airflow/.local/lib/python3.8/site-packages/airflow/example_dags/example_complex.py
[2025-10-08T16:27:22.490+0000] {logging_mixin.py:188} INFO - [2025-10-08T16:27:22.489+0000] {dag.py:3036} INFO - Sync 1 DAGs
[2025-10-08T16:27:22.510+0000] {logging_mixin.py:188} INFO - [2025-10-08T16:27:22.509+0000] {dag.py:3823} INFO - Setting next_dagrun for example_complex to None, run_after=None
[2025-10-08T16:27:22.592+0000] {processor.py:183} INFO - Processing /home/airflow/.local/lib/python3.8/site-packages/airflow/example_dags/example_complex.py took 0.200 seconds
[2025-10-08T16:27:52.911+0000] {processor.py:161} INFO - Started process (PID=4322) to work on /home/airflow/.local/lib/python3.8/site-packages/airflow/example_dags/example_complex.py
[2025-10-08T16:27:52.912+0000] {processor.py:830} INFO - Processing file /home/airflow/.local/lib/python3.8/site-packages/airflow/example_dags/example_complex.py for tasks to queue
[2025-10-08T16:27:52.914+0000] {logging_mixin.py:188} INFO - [2025-10-08T16:27:52.913+0000] {dagbag.py:538} INFO - Filling up the DagBag from /home/airflow/.local/lib/python3.8/site-packages/airflow/example_dags/example_complex.py
[2025-10-08T16:27:52.930+0000] {processor.py:840} INFO - DAG(s) 'example_complex' retrieved from /home/airflow/.local/lib/python3.8/site-packages/airflow/example_dags/example_complex.py
[2025-10-08T16:27:52.985+0000] {logging_mixin.py:188} INFO - [2025-10-08T16:27:52.985+0000] {dag.py:3036} INFO - Sync 1 DAGs
[2025-10-08T16:27:53.003+0000] {logging_mixin.py:188} INFO - [2025-10-08T16:27:53.002+0000] {dag.py:3823} INFO - Setting next_dagrun for example_complex to None, run_after=None
[2025-10-08T16:27:53.029+0000] {processor.py:183} INFO - Processing /home/airflow/.local/lib/python3.8/site-packages/airflow/example_dags/example_complex.py took 0.122 seconds
[2025-10-08T16:28:23.949+0000] {processor.py:161} INFO - Started process (PID=4381) to work on /home/airflow/.local/lib/python3.8/site-packages/airflow/example_dags/example_complex.py
[2025-10-08T16:28:23.952+0000] {processor.py:830} INFO - Processing file /home/airflow/.local/lib/python3.8/site-packages/airflow/example_dags/example_complex.py for tasks to queue
[2025-10-08T16:28:23.954+0000] {logging_mixin.py:188} INFO - [2025-10-08T16:28:23.954+0000] {dagbag.py:538} INFO - Filling up the DagBag from /home/airflow/.local/lib/python3.8/site-packages/airflow/example_dags/example_complex.py
[2025-10-08T16:28:23.989+0000] {processor.py:840} INFO - DAG(s) 'example_complex' retrieved from /home/airflow/.local/lib/python3.8/site-packages/airflow/example_dags/example_complex.py
[2025-10-08T16:28:24.062+0000] {logging_mixin.py:188} INFO - [2025-10-08T16:28:24.062+0000] {dag.py:3036} INFO - Sync 1 DAGs
[2025-10-08T16:28:24.087+0000] {logging_mixin.py:188} INFO - [2025-10-08T16:28:24.086+0000] {dag.py:3823} INFO - Setting next_dagrun for example_complex to None, run_after=None
[2025-10-08T16:28:24.123+0000] {processor.py:183} INFO - Processing /home/airflow/.local/lib/python3.8/site-packages/airflow/example_dags/example_complex.py took 0.182 seconds
[2025-10-08T16:28:54.361+0000] {processor.py:161} INFO - Started process (PID=4439) to work on /home/airflow/.local/lib/python3.8/site-packages/airflow/example_dags/example_complex.py
[2025-10-08T16:28:54.364+0000] {processor.py:830} INFO - Processing file /home/airflow/.local/lib/python3.8/site-packages/airflow/example_dags/example_complex.py for tasks to queue
[2025-10-08T16:28:54.365+0000] {logging_mixin.py:188} INFO - [2025-10-08T16:28:54.365+0000] {dagbag.py:538} INFO - Filling up the DagBag from /home/airflow/.local/lib/python3.8/site-packages/airflow/example_dags/example_complex.py
[2025-10-08T16:28:54.384+0000] {processor.py:840} INFO - DAG(s) 'example_complex' retrieved from /home/airflow/.local/lib/python3.8/site-packages/airflow/example_dags/example_complex.py
[2025-10-08T16:28:54.444+0000] {logging_mixin.py:188} INFO - [2025-10-08T16:28:54.444+0000] {dag.py:3036} INFO - Sync 1 DAGs
[2025-10-08T16:28:54.463+0000] {logging_mixin.py:188} INFO - [2025-10-08T16:28:54.463+0000] {dag.py:3823} INFO - Setting next_dagrun for example_complex to None, run_after=None
[2025-10-08T16:28:54.491+0000] {processor.py:183} INFO - Processing /home/airflow/.local/lib/python3.8/site-packages/airflow/example_dags/example_complex.py took 0.137 seconds
[2025-10-08T16:29:24.887+0000] {processor.py:161} INFO - Started process (PID=4496) to work on /home/airflow/.local/lib/python3.8/site-packages/airflow/example_dags/example_complex.py
[2025-10-08T16:29:24.889+0000] {processor.py:830} INFO - Processing file /home/airflow/.local/lib/python3.8/site-packages/airflow/example_dags/example_complex.py for tasks to queue
[2025-10-08T16:29:24.891+0000] {logging_mixin.py:188} INFO - [2025-10-08T16:29:24.891+0000] {dagbag.py:538} INFO - Filling up the DagBag from /home/airflow/.local/lib/python3.8/site-packages/airflow/example_dags/example_complex.py
[2025-10-08T16:29:24.910+0000] {processor.py:840} INFO - DAG(s) 'example_complex' retrieved from /home/airflow/.local/lib/python3.8/site-packages/airflow/example_dags/example_complex.py
[2025-10-08T16:29:24.984+0000] {logging_mixin.py:188} INFO - [2025-10-08T16:29:24.984+0000] {dag.py:3036} INFO - Sync 1 DAGs
[2025-10-08T16:29:25.004+0000] {logging_mixin.py:188} INFO - [2025-10-08T16:29:25.004+0000] {dag.py:3823} INFO - Setting next_dagrun for example_complex to None, run_after=None
[2025-10-08T16:29:25.045+0000] {processor.py:183} INFO - Processing /home/airflow/.local/lib/python3.8/site-packages/airflow/example_dags/example_complex.py took 0.164 seconds
[2025-10-08T16:29:55.636+0000] {processor.py:161} INFO - Started process (PID=4555) to work on /home/airflow/.local/lib/python3.8/site-packages/airflow/example_dags/example_complex.py
[2025-10-08T16:29:55.638+0000] {processor.py:830} INFO - Processing file /home/airflow/.local/lib/python3.8/site-packages/airflow/example_dags/example_complex.py for tasks to queue
[2025-10-08T16:29:55.640+0000] {logging_mixin.py:188} INFO - [2025-10-08T16:29:55.640+0000] {dagbag.py:538} INFO - Filling up the DagBag from /home/airflow/.local/lib/python3.8/site-packages/airflow/example_dags/example_complex.py
[2025-10-08T16:29:55.660+0000] {processor.py:840} INFO - DAG(s) 'example_complex' retrieved from /home/airflow/.local/lib/python3.8/site-packages/airflow/example_dags/example_complex.py
[2025-10-08T16:29:55.726+0000] {logging_mixin.py:188} INFO - [2025-10-08T16:29:55.726+0000] {dag.py:3036} INFO - Sync 1 DAGs
[2025-10-08T16:29:55.745+0000] {logging_mixin.py:188} INFO - [2025-10-08T16:29:55.744+0000] {dag.py:3823} INFO - Setting next_dagrun for example_complex to None, run_after=None
[2025-10-08T16:29:55.773+0000] {processor.py:183} INFO - Processing /home/airflow/.local/lib/python3.8/site-packages/airflow/example_dags/example_complex.py took 0.142 seconds
[2025-10-08T16:30:26.219+0000] {processor.py:161} INFO - Started process (PID=4613) to work on /home/airflow/.local/lib/python3.8/site-packages/airflow/example_dags/example_complex.py
[2025-10-08T16:30:26.222+0000] {processor.py:830} INFO - Processing file /home/airflow/.local/lib/python3.8/site-packages/airflow/example_dags/example_complex.py for tasks to queue
[2025-10-08T16:30:26.223+0000] {logging_mixin.py:188} INFO - [2025-10-08T16:30:26.223+0000] {dagbag.py:538} INFO - Filling up the DagBag from /home/airflow/.local/lib/python3.8/site-packages/airflow/example_dags/example_complex.py
[2025-10-08T16:30:26.246+0000] {processor.py:840} INFO - DAG(s) 'example_complex' retrieved from /home/airflow/.local/lib/python3.8/site-packages/airflow/example_dags/example_complex.py
[2025-10-08T16:30:26.325+0000] {logging_mixin.py:188} INFO - [2025-10-08T16:30:26.324+0000] {dag.py:3036} INFO - Sync 1 DAGs
[2025-10-08T16:30:26.347+0000] {logging_mixin.py:188} INFO - [2025-10-08T16:30:26.347+0000] {dag.py:3823} INFO - Setting next_dagrun for example_complex to None, run_after=None
[2025-10-08T16:30:26.390+0000] {processor.py:183} INFO - Processing /home/airflow/.local/lib/python3.8/site-packages/airflow/example_dags/example_complex.py took 0.177 seconds
[2025-10-08T16:30:57.161+0000] {processor.py:161} INFO - Started process (PID=4671) to work on /home/airflow/.local/lib/python3.8/site-packages/airflow/example_dags/example_complex.py
[2025-10-08T16:30:57.163+0000] {processor.py:830} INFO - Processing file /home/airflow/.local/lib/python3.8/site-packages/airflow/example_dags/example_complex.py for tasks to queue
[2025-10-08T16:30:57.165+0000] {logging_mixin.py:188} INFO - [2025-10-08T16:30:57.164+0000] {dagbag.py:538} INFO - Filling up the DagBag from /home/airflow/.local/lib/python3.8/site-packages/airflow/example_dags/example_complex.py
[2025-10-08T16:30:57.191+0000] {processor.py:840} INFO - DAG(s) 'example_complex' retrieved from /home/airflow/.local/lib/python3.8/site-packages/airflow/example_dags/example_complex.py
[2025-10-08T16:30:57.263+0000] {logging_mixin.py:188} INFO - [2025-10-08T16:30:57.262+0000] {dag.py:3036} INFO - Sync 1 DAGs
[2025-10-08T16:30:57.285+0000] {logging_mixin.py:188} INFO - [2025-10-08T16:30:57.285+0000] {dag.py:3823} INFO - Setting next_dagrun for example_complex to None, run_after=None
[2025-10-08T16:30:57.319+0000] {processor.py:183} INFO - Processing /home/airflow/.local/lib/python3.8/site-packages/airflow/example_dags/example_complex.py took 0.162 seconds
[2025-10-08T16:31:28.157+0000] {processor.py:161} INFO - Started process (PID=4731) to work on /home/airflow/.local/lib/python3.8/site-packages/airflow/example_dags/example_complex.py
[2025-10-08T16:31:28.159+0000] {processor.py:830} INFO - Processing file /home/airflow/.local/lib/python3.8/site-packages/airflow/example_dags/example_complex.py for tasks to queue
[2025-10-08T16:31:28.161+0000] {logging_mixin.py:188} INFO - [2025-10-08T16:31:28.161+0000] {dagbag.py:538} INFO - Filling up the DagBag from /home/airflow/.local/lib/python3.8/site-packages/airflow/example_dags/example_complex.py
[2025-10-08T16:31:28.178+0000] {processor.py:840} INFO - DAG(s) 'example_complex' retrieved from /home/airflow/.local/lib/python3.8/site-packages/airflow/example_dags/example_complex.py
[2025-10-08T16:31:28.229+0000] {logging_mixin.py:188} INFO - [2025-10-08T16:31:28.229+0000] {dag.py:3036} INFO - Sync 1 DAGs
[2025-10-08T16:31:28.247+0000] {logging_mixin.py:188} INFO - [2025-10-08T16:31:28.247+0000] {dag.py:3823} INFO - Setting next_dagrun for example_complex to None, run_after=None
[2025-10-08T16:31:28.277+0000] {processor.py:183} INFO - Processing /home/airflow/.local/lib/python3.8/site-packages/airflow/example_dags/example_complex.py took 0.125 seconds
[2025-10-08T16:31:59.123+0000] {processor.py:161} INFO - Started process (PID=4790) to work on /home/airflow/.local/lib/python3.8/site-packages/airflow/example_dags/example_complex.py
[2025-10-08T16:31:59.125+0000] {processor.py:830} INFO - Processing file /home/airflow/.local/lib/python3.8/site-packages/airflow/example_dags/example_complex.py for tasks to queue
[2025-10-08T16:31:59.127+0000] {logging_mixin.py:188} INFO - [2025-10-08T16:31:59.126+0000] {dagbag.py:538} INFO - Filling up the DagBag from /home/airflow/.local/lib/python3.8/site-packages/airflow/example_dags/example_complex.py
[2025-10-08T16:31:59.144+0000] {processor.py:840} INFO - DAG(s) 'example_complex' retrieved from /home/airflow/.local/lib/python3.8/site-packages/airflow/example_dags/example_complex.py
[2025-10-08T16:31:59.199+0000] {logging_mixin.py:188} INFO - [2025-10-08T16:31:59.199+0000] {dag.py:3036} INFO - Sync 1 DAGs
[2025-10-08T16:31:59.217+0000] {logging_mixin.py:188} INFO - [2025-10-08T16:31:59.217+0000] {dag.py:3823} INFO - Setting next_dagrun for example_complex to None, run_after=None
[2025-10-08T16:31:59.246+0000] {processor.py:183} INFO - Processing /home/airflow/.local/lib/python3.8/site-packages/airflow/example_dags/example_complex.py took 0.127 seconds
[2025-10-08T16:32:29.991+0000] {processor.py:161} INFO - Started process (PID=4851) to work on /home/airflow/.local/lib/python3.8/site-packages/airflow/example_dags/example_complex.py
[2025-10-08T16:32:29.993+0000] {processor.py:830} INFO - Processing file /home/airflow/.local/lib/python3.8/site-packages/airflow/example_dags/example_complex.py for tasks to queue
[2025-10-08T16:32:29.994+0000] {logging_mixin.py:188} INFO - [2025-10-08T16:32:29.994+0000] {dagbag.py:538} INFO - Filling up the DagBag from /home/airflow/.local/lib/python3.8/site-packages/airflow/example_dags/example_complex.py
[2025-10-08T16:32:30.016+0000] {processor.py:840} INFO - DAG(s) 'example_complex' retrieved from /home/airflow/.local/lib/python3.8/site-packages/airflow/example_dags/example_complex.py
[2025-10-08T16:32:30.087+0000] {logging_mixin.py:188} INFO - [2025-10-08T16:32:30.088+0000] {dag.py:3036} INFO - Sync 1 DAGs
[2025-10-08T16:32:30.107+0000] {logging_mixin.py:188} INFO - [2025-10-08T16:32:30.107+0000] {dag.py:3823} INFO - Setting next_dagrun for example_complex to None, run_after=None
[2025-10-08T16:32:30.177+0000] {processor.py:183} INFO - Processing /home/airflow/.local/lib/python3.8/site-packages/airflow/example_dags/example_complex.py took 0.193 seconds
[2025-10-08T16:33:00.691+0000] {processor.py:161} INFO - Started process (PID=4910) to work on /home/airflow/.local/lib/python3.8/site-packages/airflow/example_dags/example_complex.py
[2025-10-08T16:33:00.694+0000] {processor.py:830} INFO - Processing file /home/airflow/.local/lib/python3.8/site-packages/airflow/example_dags/example_complex.py for tasks to queue
[2025-10-08T16:33:00.697+0000] {logging_mixin.py:188} INFO - [2025-10-08T16:33:00.697+0000] {dagbag.py:538} INFO - Filling up the DagBag from /home/airflow/.local/lib/python3.8/site-packages/airflow/example_dags/example_complex.py
[2025-10-08T16:33:00.731+0000] {processor.py:840} INFO - DAG(s) 'example_complex' retrieved from /home/airflow/.local/lib/python3.8/site-packages/airflow/example_dags/example_complex.py
[2025-10-08T16:33:00.803+0000] {logging_mixin.py:188} INFO - [2025-10-08T16:33:00.803+0000] {dag.py:3036} INFO - Sync 1 DAGs
[2025-10-08T16:33:00.826+0000] {logging_mixin.py:188} INFO - [2025-10-08T16:33:00.825+0000] {dag.py:3823} INFO - Setting next_dagrun for example_complex to None, run_after=None
[2025-10-08T16:33:00.906+0000] {processor.py:183} INFO - Processing /home/airflow/.local/lib/python3.8/site-packages/airflow/example_dags/example_complex.py took 0.226 seconds
[2025-10-08T16:33:31.290+0000] {processor.py:161} INFO - Started process (PID=4970) to work on /home/airflow/.local/lib/python3.8/site-packages/airflow/example_dags/example_complex.py
[2025-10-08T16:33:31.292+0000] {processor.py:830} INFO - Processing file /home/airflow/.local/lib/python3.8/site-packages/airflow/example_dags/example_complex.py for tasks to queue
[2025-10-08T16:33:31.294+0000] {logging_mixin.py:188} INFO - [2025-10-08T16:33:31.293+0000] {dagbag.py:538} INFO - Filling up the DagBag from /home/airflow/.local/lib/python3.8/site-packages/airflow/example_dags/example_complex.py
[2025-10-08T16:33:31.324+0000] {processor.py:840} INFO - DAG(s) 'example_complex' retrieved from /home/airflow/.local/lib/python3.8/site-packages/airflow/example_dags/example_complex.py
[2025-10-08T16:33:31.418+0000] {logging_mixin.py:188} INFO - [2025-10-08T16:33:31.417+0000] {dag.py:3036} INFO - Sync 1 DAGs
[2025-10-08T16:33:31.472+0000] {logging_mixin.py:188} INFO - [2025-10-08T16:33:31.471+0000] {dag.py:3823} INFO - Setting next_dagrun for example_complex to None, run_after=None
[2025-10-08T16:33:31.503+0000] {processor.py:183} INFO - Processing /home/airflow/.local/lib/python3.8/site-packages/airflow/example_dags/example_complex.py took 0.219 seconds
[2025-10-08T16:34:02.316+0000] {processor.py:161} INFO - Started process (PID=5030) to work on /home/airflow/.local/lib/python3.8/site-packages/airflow/example_dags/example_complex.py
[2025-10-08T16:34:02.317+0000] {processor.py:830} INFO - Processing file /home/airflow/.local/lib/python3.8/site-packages/airflow/example_dags/example_complex.py for tasks to queue
[2025-10-08T16:34:02.319+0000] {logging_mixin.py:188} INFO - [2025-10-08T16:34:02.319+0000] {dagbag.py:538} INFO - Filling up the DagBag from /home/airflow/.local/lib/python3.8/site-packages/airflow/example_dags/example_complex.py
[2025-10-08T16:34:02.339+0000] {processor.py:840} INFO - DAG(s) 'example_complex' retrieved from /home/airflow/.local/lib/python3.8/site-packages/airflow/example_dags/example_complex.py
[2025-10-08T16:34:02.401+0000] {logging_mixin.py:188} INFO - [2025-10-08T16:34:02.400+0000] {dag.py:3036} INFO - Sync 1 DAGs
[2025-10-08T16:34:02.424+0000] {logging_mixin.py:188} INFO - [2025-10-08T16:34:02.424+0000] {dag.py:3823} INFO - Setting next_dagrun for example_complex to None, run_after=None
[2025-10-08T16:34:02.470+0000] {processor.py:183} INFO - Processing /home/airflow/.local/lib/python3.8/site-packages/airflow/example_dags/example_complex.py took 0.160 seconds
[2025-10-08T16:34:32.654+0000] {processor.py:161} INFO - Started process (PID=5090) to work on /home/airflow/.local/lib/python3.8/site-packages/airflow/example_dags/example_complex.py
[2025-10-08T16:34:32.656+0000] {processor.py:830} INFO - Processing file /home/airflow/.local/lib/python3.8/site-packages/airflow/example_dags/example_complex.py for tasks to queue
[2025-10-08T16:34:32.658+0000] {logging_mixin.py:188} INFO - [2025-10-08T16:34:32.657+0000] {dagbag.py:538} INFO - Filling up the DagBag from /home/airflow/.local/lib/python3.8/site-packages/airflow/example_dags/example_complex.py
[2025-10-08T16:34:32.676+0000] {processor.py:840} INFO - DAG(s) 'example_complex' retrieved from /home/airflow/.local/lib/python3.8/site-packages/airflow/example_dags/example_complex.py
[2025-10-08T16:34:32.727+0000] {logging_mixin.py:188} INFO - [2025-10-08T16:34:32.727+0000] {dag.py:3036} INFO - Sync 1 DAGs
[2025-10-08T16:34:32.748+0000] {logging_mixin.py:188} INFO - [2025-10-08T16:34:32.747+0000] {dag.py:3823} INFO - Setting next_dagrun for example_complex to None, run_after=None
[2025-10-08T16:34:32.786+0000] {processor.py:183} INFO - Processing /home/airflow/.local/lib/python3.8/site-packages/airflow/example_dags/example_complex.py took 0.136 seconds
[2025-10-08T16:35:03.309+0000] {processor.py:161} INFO - Started process (PID=5150) to work on /home/airflow/.local/lib/python3.8/site-packages/airflow/example_dags/example_complex.py
[2025-10-08T16:35:03.311+0000] {processor.py:830} INFO - Processing file /home/airflow/.local/lib/python3.8/site-packages/airflow/example_dags/example_complex.py for tasks to queue
[2025-10-08T16:35:03.313+0000] {logging_mixin.py:188} INFO - [2025-10-08T16:35:03.313+0000] {dagbag.py:538} INFO - Filling up the DagBag from /home/airflow/.local/lib/python3.8/site-packages/airflow/example_dags/example_complex.py
[2025-10-08T16:35:03.339+0000] {processor.py:840} INFO - DAG(s) 'example_complex' retrieved from /home/airflow/.local/lib/python3.8/site-packages/airflow/example_dags/example_complex.py
[2025-10-08T16:35:03.426+0000] {logging_mixin.py:188} INFO - [2025-10-08T16:35:03.425+0000] {dag.py:3036} INFO - Sync 1 DAGs
[2025-10-08T16:35:03.450+0000] {logging_mixin.py:188} INFO - [2025-10-08T16:35:03.450+0000] {dag.py:3823} INFO - Setting next_dagrun for example_complex to None, run_after=None
[2025-10-08T16:35:03.502+0000] {processor.py:183} INFO - Processing /home/airflow/.local/lib/python3.8/site-packages/airflow/example_dags/example_complex.py took 0.202 seconds
[2025-10-08T16:35:34.066+0000] {processor.py:161} INFO - Started process (PID=5210) to work on /home/airflow/.local/lib/python3.8/site-packages/airflow/example_dags/example_complex.py
[2025-10-08T16:35:34.068+0000] {processor.py:830} INFO - Processing file /home/airflow/.local/lib/python3.8/site-packages/airflow/example_dags/example_complex.py for tasks to queue
[2025-10-08T16:35:34.069+0000] {logging_mixin.py:188} INFO - [2025-10-08T16:35:34.069+0000] {dagbag.py:538} INFO - Filling up the DagBag from /home/airflow/.local/lib/python3.8/site-packages/airflow/example_dags/example_complex.py
[2025-10-08T16:35:34.086+0000] {processor.py:840} INFO - DAG(s) 'example_complex' retrieved from /home/airflow/.local/lib/python3.8/site-packages/airflow/example_dags/example_complex.py
[2025-10-08T16:35:34.137+0000] {logging_mixin.py:188} INFO - [2025-10-08T16:35:34.136+0000] {dag.py:3036} INFO - Sync 1 DAGs
[2025-10-08T16:35:34.154+0000] {logging_mixin.py:188} INFO - [2025-10-08T16:35:34.153+0000] {dag.py:3823} INFO - Setting next_dagrun for example_complex to None, run_after=None
[2025-10-08T16:35:34.183+0000] {processor.py:183} INFO - Processing /home/airflow/.local/lib/python3.8/site-packages/airflow/example_dags/example_complex.py took 0.122 seconds
[2025-10-08T16:36:04.439+0000] {processor.py:161} INFO - Started process (PID=5271) to work on /home/airflow/.local/lib/python3.8/site-packages/airflow/example_dags/example_complex.py
[2025-10-08T16:36:04.442+0000] {processor.py:830} INFO - Processing file /home/airflow/.local/lib/python3.8/site-packages/airflow/example_dags/example_complex.py for tasks to queue
[2025-10-08T16:36:04.444+0000] {logging_mixin.py:188} INFO - [2025-10-08T16:36:04.444+0000] {dagbag.py:538} INFO - Filling up the DagBag from /home/airflow/.local/lib/python3.8/site-packages/airflow/example_dags/example_complex.py
[2025-10-08T16:36:04.466+0000] {processor.py:840} INFO - DAG(s) 'example_complex' retrieved from /home/airflow/.local/lib/python3.8/site-packages/airflow/example_dags/example_complex.py
[2025-10-08T16:36:04.524+0000] {logging_mixin.py:188} INFO - [2025-10-08T16:36:04.524+0000] {dag.py:3036} INFO - Sync 1 DAGs
[2025-10-08T16:36:04.543+0000] {logging_mixin.py:188} INFO - [2025-10-08T16:36:04.543+0000] {dag.py:3823} INFO - Setting next_dagrun for example_complex to None, run_after=None
[2025-10-08T16:36:04.590+0000] {processor.py:183} INFO - Processing /home/airflow/.local/lib/python3.8/site-packages/airflow/example_dags/example_complex.py took 0.157 seconds
[2025-10-08T16:36:35.302+0000] {processor.py:161} INFO - Started process (PID=5331) to work on /home/airflow/.local/lib/python3.8/site-packages/airflow/example_dags/example_complex.py
[2025-10-08T16:36:35.304+0000] {processor.py:830} INFO - Processing file /home/airflow/.local/lib/python3.8/site-packages/airflow/example_dags/example_complex.py for tasks to queue
[2025-10-08T16:36:35.306+0000] {logging_mixin.py:188} INFO - [2025-10-08T16:36:35.306+0000] {dagbag.py:538} INFO - Filling up the DagBag from /home/airflow/.local/lib/python3.8/site-packages/airflow/example_dags/example_complex.py
[2025-10-08T16:36:35.341+0000] {processor.py:840} INFO - DAG(s) 'example_complex' retrieved from /home/airflow/.local/lib/python3.8/site-packages/airflow/example_dags/example_complex.py
[2025-10-08T16:36:35.412+0000] {logging_mixin.py:188} INFO - [2025-10-08T16:36:35.412+0000] {dag.py:3036} INFO - Sync 1 DAGs
[2025-10-08T16:36:35.440+0000] {logging_mixin.py:188} INFO - [2025-10-08T16:36:35.439+0000] {dag.py:3823} INFO - Setting next_dagrun for example_complex to None, run_after=None
[2025-10-08T16:36:35.478+0000] {processor.py:183} INFO - Processing /home/airflow/.local/lib/python3.8/site-packages/airflow/example_dags/example_complex.py took 0.185 seconds
[2025-10-08T16:37:06.280+0000] {processor.py:161} INFO - Started process (PID=5391) to work on /home/airflow/.local/lib/python3.8/site-packages/airflow/example_dags/example_complex.py
[2025-10-08T16:37:06.282+0000] {processor.py:830} INFO - Processing file /home/airflow/.local/lib/python3.8/site-packages/airflow/example_dags/example_complex.py for tasks to queue
[2025-10-08T16:37:06.284+0000] {logging_mixin.py:188} INFO - [2025-10-08T16:37:06.283+0000] {dagbag.py:538} INFO - Filling up the DagBag from /home/airflow/.local/lib/python3.8/site-packages/airflow/example_dags/example_complex.py
[2025-10-08T16:37:06.308+0000] {processor.py:840} INFO - DAG(s) 'example_complex' retrieved from /home/airflow/.local/lib/python3.8/site-packages/airflow/example_dags/example_complex.py
[2025-10-08T16:37:06.641+0000] {logging_mixin.py:188} INFO - [2025-10-08T16:37:06.640+0000] {dag.py:3036} INFO - Sync 1 DAGs
[2025-10-08T16:37:06.739+0000] {logging_mixin.py:188} INFO - [2025-10-08T16:37:06.738+0000] {dag.py:3823} INFO - Setting next_dagrun for example_complex to None, run_after=None
[2025-10-08T16:37:06.806+0000] {processor.py:183} INFO - Processing /home/airflow/.local/lib/python3.8/site-packages/airflow/example_dags/example_complex.py took 0.532 seconds
[2025-10-08T16:37:37.804+0000] {processor.py:161} INFO - Started process (PID=5451) to work on /home/airflow/.local/lib/python3.8/site-packages/airflow/example_dags/example_complex.py
[2025-10-08T16:37:37.806+0000] {processor.py:830} INFO - Processing file /home/airflow/.local/lib/python3.8/site-packages/airflow/example_dags/example_complex.py for tasks to queue
[2025-10-08T16:37:37.808+0000] {logging_mixin.py:188} INFO - [2025-10-08T16:37:37.807+0000] {dagbag.py:538} INFO - Filling up the DagBag from /home/airflow/.local/lib/python3.8/site-packages/airflow/example_dags/example_complex.py
[2025-10-08T16:37:37.825+0000] {processor.py:840} INFO - DAG(s) 'example_complex' retrieved from /home/airflow/.local/lib/python3.8/site-packages/airflow/example_dags/example_complex.py
[2025-10-08T16:37:37.876+0000] {logging_mixin.py:188} INFO - [2025-10-08T16:37:37.875+0000] {dag.py:3036} INFO - Sync 1 DAGs
[2025-10-08T16:37:37.893+0000] {logging_mixin.py:188} INFO - [2025-10-08T16:37:37.893+0000] {dag.py:3823} INFO - Setting next_dagrun for example_complex to None, run_after=None
[2025-10-08T16:37:37.956+0000] {processor.py:183} INFO - Processing /home/airflow/.local/lib/python3.8/site-packages/airflow/example_dags/example_complex.py took 0.156 seconds
[2025-10-08T16:38:08.666+0000] {processor.py:161} INFO - Started process (PID=5511) to work on /home/airflow/.local/lib/python3.8/site-packages/airflow/example_dags/example_complex.py
[2025-10-08T16:38:08.667+0000] {processor.py:830} INFO - Processing file /home/airflow/.local/lib/python3.8/site-packages/airflow/example_dags/example_complex.py for tasks to queue
[2025-10-08T16:38:08.669+0000] {logging_mixin.py:188} INFO - [2025-10-08T16:38:08.668+0000] {dagbag.py:538} INFO - Filling up the DagBag from /home/airflow/.local/lib/python3.8/site-packages/airflow/example_dags/example_complex.py
[2025-10-08T16:38:08.685+0000] {processor.py:840} INFO - DAG(s) 'example_complex' retrieved from /home/airflow/.local/lib/python3.8/site-packages/airflow/example_dags/example_complex.py
[2025-10-08T16:38:08.738+0000] {logging_mixin.py:188} INFO - [2025-10-08T16:38:08.737+0000] {dag.py:3036} INFO - Sync 1 DAGs
[2025-10-08T16:38:08.756+0000] {logging_mixin.py:188} INFO - [2025-10-08T16:38:08.755+0000] {dag.py:3823} INFO - Setting next_dagrun for example_complex to None, run_after=None
[2025-10-08T16:38:08.816+0000] {processor.py:183} INFO - Processing /home/airflow/.local/lib/python3.8/site-packages/airflow/example_dags/example_complex.py took 0.155 seconds
[2025-10-08T16:38:39.350+0000] {processor.py:161} INFO - Started process (PID=5571) to work on /home/airflow/.local/lib/python3.8/site-packages/airflow/example_dags/example_complex.py
[2025-10-08T16:38:39.353+0000] {processor.py:830} INFO - Processing file /home/airflow/.local/lib/python3.8/site-packages/airflow/example_dags/example_complex.py for tasks to queue
[2025-10-08T16:38:39.355+0000] {logging_mixin.py:188} INFO - [2025-10-08T16:38:39.354+0000] {dagbag.py:538} INFO - Filling up the DagBag from /home/airflow/.local/lib/python3.8/site-packages/airflow/example_dags/example_complex.py
[2025-10-08T16:38:39.381+0000] {processor.py:840} INFO - DAG(s) 'example_complex' retrieved from /home/airflow/.local/lib/python3.8/site-packages/airflow/example_dags/example_complex.py
[2025-10-08T16:38:39.455+0000] {logging_mixin.py:188} INFO - [2025-10-08T16:38:39.454+0000] {dag.py:3036} INFO - Sync 1 DAGs
[2025-10-08T16:38:39.475+0000] {logging_mixin.py:188} INFO - [2025-10-08T16:38:39.475+0000] {dag.py:3823} INFO - Setting next_dagrun for example_complex to None, run_after=None
[2025-10-08T16:38:39.525+0000] {processor.py:183} INFO - Processing /home/airflow/.local/lib/python3.8/site-packages/airflow/example_dags/example_complex.py took 0.183 seconds
[2025-10-08T16:39:09.996+0000] {processor.py:161} INFO - Started process (PID=5631) to work on /home/airflow/.local/lib/python3.8/site-packages/airflow/example_dags/example_complex.py
[2025-10-08T16:39:09.998+0000] {processor.py:830} INFO - Processing file /home/airflow/.local/lib/python3.8/site-packages/airflow/example_dags/example_complex.py for tasks to queue
[2025-10-08T16:39:10.000+0000] {logging_mixin.py:188} INFO - [2025-10-08T16:39:09.999+0000] {dagbag.py:538} INFO - Filling up the DagBag from /home/airflow/.local/lib/python3.8/site-packages/airflow/example_dags/example_complex.py
[2025-10-08T16:39:10.019+0000] {processor.py:840} INFO - DAG(s) 'example_complex' retrieved from /home/airflow/.local/lib/python3.8/site-packages/airflow/example_dags/example_complex.py
[2025-10-08T16:39:10.071+0000] {logging_mixin.py:188} INFO - [2025-10-08T16:39:10.071+0000] {dag.py:3036} INFO - Sync 1 DAGs
[2025-10-08T16:39:10.088+0000] {logging_mixin.py:188} INFO - [2025-10-08T16:39:10.088+0000] {dag.py:3823} INFO - Setting next_dagrun for example_complex to None, run_after=None
[2025-10-08T16:39:10.116+0000] {processor.py:183} INFO - Processing /home/airflow/.local/lib/python3.8/site-packages/airflow/example_dags/example_complex.py took 0.126 seconds
[2025-10-08T16:39:40.452+0000] {processor.py:161} INFO - Started process (PID=5691) to work on /home/airflow/.local/lib/python3.8/site-packages/airflow/example_dags/example_complex.py
[2025-10-08T16:39:40.454+0000] {processor.py:830} INFO - Processing file /home/airflow/.local/lib/python3.8/site-packages/airflow/example_dags/example_complex.py for tasks to queue
[2025-10-08T16:39:40.455+0000] {logging_mixin.py:188} INFO - [2025-10-08T16:39:40.455+0000] {dagbag.py:538} INFO - Filling up the DagBag from /home/airflow/.local/lib/python3.8/site-packages/airflow/example_dags/example_complex.py
[2025-10-08T16:39:40.472+0000] {processor.py:840} INFO - DAG(s) 'example_complex' retrieved from /home/airflow/.local/lib/python3.8/site-packages/airflow/example_dags/example_complex.py
[2025-10-08T16:39:40.527+0000] {logging_mixin.py:188} INFO - [2025-10-08T16:39:40.527+0000] {dag.py:3036} INFO - Sync 1 DAGs
[2025-10-08T16:39:40.544+0000] {logging_mixin.py:188} INFO - [2025-10-08T16:39:40.544+0000] {dag.py:3823} INFO - Setting next_dagrun for example_complex to None, run_after=None
[2025-10-08T16:39:40.597+0000] {processor.py:183} INFO - Processing /home/airflow/.local/lib/python3.8/site-packages/airflow/example_dags/example_complex.py took 0.149 seconds
[2025-10-08T16:40:10.726+0000] {processor.py:161} INFO - Started process (PID=5752) to work on /home/airflow/.local/lib/python3.8/site-packages/airflow/example_dags/example_complex.py
[2025-10-08T16:40:10.728+0000] {processor.py:830} INFO - Processing file /home/airflow/.local/lib/python3.8/site-packages/airflow/example_dags/example_complex.py for tasks to queue
[2025-10-08T16:40:10.730+0000] {logging_mixin.py:188} INFO - [2025-10-08T16:40:10.729+0000] {dagbag.py:538} INFO - Filling up the DagBag from /home/airflow/.local/lib/python3.8/site-packages/airflow/example_dags/example_complex.py
[2025-10-08T16:40:10.754+0000] {processor.py:840} INFO - DAG(s) 'example_complex' retrieved from /home/airflow/.local/lib/python3.8/site-packages/airflow/example_dags/example_complex.py
[2025-10-08T16:40:10.842+0000] {logging_mixin.py:188} INFO - [2025-10-08T16:40:10.841+0000] {dag.py:3036} INFO - Sync 1 DAGs
[2025-10-08T16:40:10.861+0000] {logging_mixin.py:188} INFO - [2025-10-08T16:40:10.860+0000] {dag.py:3823} INFO - Setting next_dagrun for example_complex to None, run_after=None
[2025-10-08T16:40:10.910+0000] {processor.py:183} INFO - Processing /home/airflow/.local/lib/python3.8/site-packages/airflow/example_dags/example_complex.py took 0.189 seconds
[2025-10-08T16:42:39.963+0000] {processor.py:161} INFO - Started process (PID=85) to work on /home/airflow/.local/lib/python3.8/site-packages/airflow/example_dags/example_complex.py
[2025-10-08T16:42:39.965+0000] {processor.py:830} INFO - Processing file /home/airflow/.local/lib/python3.8/site-packages/airflow/example_dags/example_complex.py for tasks to queue
[2025-10-08T16:42:39.969+0000] {logging_mixin.py:188} INFO - [2025-10-08T16:42:39.968+0000] {dagbag.py:538} INFO - Filling up the DagBag from /home/airflow/.local/lib/python3.8/site-packages/airflow/example_dags/example_complex.py
[2025-10-08T16:42:39.999+0000] {processor.py:840} INFO - DAG(s) 'example_complex' retrieved from /home/airflow/.local/lib/python3.8/site-packages/airflow/example_dags/example_complex.py
[2025-10-08T16:42:40.225+0000] {logging_mixin.py:188} INFO - [2025-10-08T16:42:40.224+0000] {dag.py:3036} INFO - Sync 1 DAGs
[2025-10-08T16:42:40.242+0000] {logging_mixin.py:188} INFO - [2025-10-08T16:42:40.242+0000] {dag.py:3823} INFO - Setting next_dagrun for example_complex to None, run_after=None
[2025-10-08T16:42:40.295+0000] {processor.py:183} INFO - Processing /home/airflow/.local/lib/python3.8/site-packages/airflow/example_dags/example_complex.py took 0.338 seconds
[2025-10-08T16:43:18.140+0000] {processor.py:161} INFO - Started process (PID=77) to work on /home/airflow/.local/lib/python3.8/site-packages/airflow/example_dags/example_complex.py
[2025-10-08T16:43:18.142+0000] {processor.py:830} INFO - Processing file /home/airflow/.local/lib/python3.8/site-packages/airflow/example_dags/example_complex.py for tasks to queue
[2025-10-08T16:43:18.145+0000] {logging_mixin.py:188} INFO - [2025-10-08T16:43:18.145+0000] {dagbag.py:538} INFO - Filling up the DagBag from /home/airflow/.local/lib/python3.8/site-packages/airflow/example_dags/example_complex.py
[2025-10-08T16:43:18.171+0000] {processor.py:840} INFO - DAG(s) 'example_complex' retrieved from /home/airflow/.local/lib/python3.8/site-packages/airflow/example_dags/example_complex.py
[2025-10-08T16:43:18.295+0000] {logging_mixin.py:188} INFO - [2025-10-08T16:43:18.295+0000] {dag.py:3036} INFO - Sync 1 DAGs
[2025-10-08T16:43:18.312+0000] {logging_mixin.py:188} INFO - [2025-10-08T16:43:18.312+0000] {dag.py:3823} INFO - Setting next_dagrun for example_complex to None, run_after=None
[2025-10-08T16:43:18.340+0000] {processor.py:183} INFO - Processing /home/airflow/.local/lib/python3.8/site-packages/airflow/example_dags/example_complex.py took 0.207 seconds
[2025-10-08T16:43:49.074+0000] {processor.py:161} INFO - Started process (PID=137) to work on /home/airflow/.local/lib/python3.8/site-packages/airflow/example_dags/example_complex.py
[2025-10-08T16:43:49.076+0000] {processor.py:830} INFO - Processing file /home/airflow/.local/lib/python3.8/site-packages/airflow/example_dags/example_complex.py for tasks to queue
[2025-10-08T16:43:49.079+0000] {logging_mixin.py:188} INFO - [2025-10-08T16:43:49.079+0000] {dagbag.py:538} INFO - Filling up the DagBag from /home/airflow/.local/lib/python3.8/site-packages/airflow/example_dags/example_complex.py
[2025-10-08T16:43:49.099+0000] {processor.py:840} INFO - DAG(s) 'example_complex' retrieved from /home/airflow/.local/lib/python3.8/site-packages/airflow/example_dags/example_complex.py
[2025-10-08T16:43:49.163+0000] {logging_mixin.py:188} INFO - [2025-10-08T16:43:49.163+0000] {dag.py:3036} INFO - Sync 1 DAGs
[2025-10-08T16:43:49.186+0000] {logging_mixin.py:188} INFO - [2025-10-08T16:43:49.185+0000] {dag.py:3823} INFO - Setting next_dagrun for example_complex to None, run_after=None
[2025-10-08T16:43:49.265+0000] {processor.py:183} INFO - Processing /home/airflow/.local/lib/python3.8/site-packages/airflow/example_dags/example_complex.py took 0.194 seconds
[2025-10-08T16:44:20.624+0000] {processor.py:161} INFO - Started process (PID=197) to work on /home/airflow/.local/lib/python3.8/site-packages/airflow/example_dags/example_complex.py
[2025-10-08T16:44:20.626+0000] {processor.py:830} INFO - Processing file /home/airflow/.local/lib/python3.8/site-packages/airflow/example_dags/example_complex.py for tasks to queue
[2025-10-08T16:44:20.629+0000] {logging_mixin.py:188} INFO - [2025-10-08T16:44:20.628+0000] {dagbag.py:538} INFO - Filling up the DagBag from /home/airflow/.local/lib/python3.8/site-packages/airflow/example_dags/example_complex.py
[2025-10-08T16:44:20.649+0000] {processor.py:840} INFO - DAG(s) 'example_complex' retrieved from /home/airflow/.local/lib/python3.8/site-packages/airflow/example_dags/example_complex.py
[2025-10-08T16:44:20.711+0000] {logging_mixin.py:188} INFO - [2025-10-08T16:44:20.710+0000] {dag.py:3036} INFO - Sync 1 DAGs
[2025-10-08T16:44:20.737+0000] {logging_mixin.py:188} INFO - [2025-10-08T16:44:20.737+0000] {dag.py:3823} INFO - Setting next_dagrun for example_complex to None, run_after=None
[2025-10-08T16:44:20.771+0000] {processor.py:183} INFO - Processing /home/airflow/.local/lib/python3.8/site-packages/airflow/example_dags/example_complex.py took 0.154 seconds
[2025-10-08T16:44:51.786+0000] {processor.py:161} INFO - Started process (PID=263) to work on /home/airflow/.local/lib/python3.8/site-packages/airflow/example_dags/example_complex.py
[2025-10-08T16:44:51.788+0000] {processor.py:830} INFO - Processing file /home/airflow/.local/lib/python3.8/site-packages/airflow/example_dags/example_complex.py for tasks to queue
[2025-10-08T16:44:51.790+0000] {logging_mixin.py:188} INFO - [2025-10-08T16:44:51.790+0000] {dagbag.py:538} INFO - Filling up the DagBag from /home/airflow/.local/lib/python3.8/site-packages/airflow/example_dags/example_complex.py
[2025-10-08T16:44:51.808+0000] {processor.py:840} INFO - DAG(s) 'example_complex' retrieved from /home/airflow/.local/lib/python3.8/site-packages/airflow/example_dags/example_complex.py
[2025-10-08T16:44:51.861+0000] {logging_mixin.py:188} INFO - [2025-10-08T16:44:51.860+0000] {dag.py:3036} INFO - Sync 1 DAGs
[2025-10-08T16:44:51.883+0000] {logging_mixin.py:188} INFO - [2025-10-08T16:44:51.883+0000] {dag.py:3823} INFO - Setting next_dagrun for example_complex to None, run_after=None
[2025-10-08T16:44:51.934+0000] {processor.py:183} INFO - Processing /home/airflow/.local/lib/python3.8/site-packages/airflow/example_dags/example_complex.py took 0.152 seconds
[2025-10-08T16:45:22.531+0000] {processor.py:161} INFO - Started process (PID=322) to work on /home/airflow/.local/lib/python3.8/site-packages/airflow/example_dags/example_complex.py
[2025-10-08T16:45:22.533+0000] {processor.py:830} INFO - Processing file /home/airflow/.local/lib/python3.8/site-packages/airflow/example_dags/example_complex.py for tasks to queue
[2025-10-08T16:45:22.536+0000] {logging_mixin.py:188} INFO - [2025-10-08T16:45:22.535+0000] {dagbag.py:538} INFO - Filling up the DagBag from /home/airflow/.local/lib/python3.8/site-packages/airflow/example_dags/example_complex.py
[2025-10-08T16:45:22.554+0000] {processor.py:840} INFO - DAG(s) 'example_complex' retrieved from /home/airflow/.local/lib/python3.8/site-packages/airflow/example_dags/example_complex.py
[2025-10-08T16:45:22.611+0000] {logging_mixin.py:188} INFO - [2025-10-08T16:45:22.610+0000] {dag.py:3036} INFO - Sync 1 DAGs
[2025-10-08T16:45:22.629+0000] {logging_mixin.py:188} INFO - [2025-10-08T16:45:22.629+0000] {dag.py:3823} INFO - Setting next_dagrun for example_complex to None, run_after=None
[2025-10-08T16:45:22.673+0000] {processor.py:183} INFO - Processing /home/airflow/.local/lib/python3.8/site-packages/airflow/example_dags/example_complex.py took 0.147 seconds
[2025-10-08T16:45:53.683+0000] {processor.py:161} INFO - Started process (PID=382) to work on /home/airflow/.local/lib/python3.8/site-packages/airflow/example_dags/example_complex.py
[2025-10-08T16:45:53.685+0000] {processor.py:830} INFO - Processing file /home/airflow/.local/lib/python3.8/site-packages/airflow/example_dags/example_complex.py for tasks to queue
[2025-10-08T16:45:53.688+0000] {logging_mixin.py:188} INFO - [2025-10-08T16:45:53.687+0000] {dagbag.py:538} INFO - Filling up the DagBag from /home/airflow/.local/lib/python3.8/site-packages/airflow/example_dags/example_complex.py
[2025-10-08T16:45:53.713+0000] {processor.py:840} INFO - DAG(s) 'example_complex' retrieved from /home/airflow/.local/lib/python3.8/site-packages/airflow/example_dags/example_complex.py
[2025-10-08T16:45:53.778+0000] {logging_mixin.py:188} INFO - [2025-10-08T16:45:53.778+0000] {dag.py:3036} INFO - Sync 1 DAGs
[2025-10-08T16:45:53.800+0000] {logging_mixin.py:188} INFO - [2025-10-08T16:45:53.800+0000] {dag.py:3823} INFO - Setting next_dagrun for example_complex to None, run_after=None
[2025-10-08T16:45:53.834+0000] {processor.py:183} INFO - Processing /home/airflow/.local/lib/python3.8/site-packages/airflow/example_dags/example_complex.py took 0.159 seconds
[2025-10-08T16:46:24.404+0000] {processor.py:161} INFO - Started process (PID=442) to work on /home/airflow/.local/lib/python3.8/site-packages/airflow/example_dags/example_complex.py
[2025-10-08T16:46:24.408+0000] {processor.py:830} INFO - Processing file /home/airflow/.local/lib/python3.8/site-packages/airflow/example_dags/example_complex.py for tasks to queue
[2025-10-08T16:46:24.416+0000] {logging_mixin.py:188} INFO - [2025-10-08T16:46:24.415+0000] {dagbag.py:538} INFO - Filling up the DagBag from /home/airflow/.local/lib/python3.8/site-packages/airflow/example_dags/example_complex.py
[2025-10-08T16:46:24.485+0000] {processor.py:840} INFO - DAG(s) 'example_complex' retrieved from /home/airflow/.local/lib/python3.8/site-packages/airflow/example_dags/example_complex.py
[2025-10-08T16:46:24.664+0000] {logging_mixin.py:188} INFO - [2025-10-08T16:46:24.663+0000] {dag.py:3036} INFO - Sync 1 DAGs
[2025-10-08T16:46:24.704+0000] {logging_mixin.py:188} INFO - [2025-10-08T16:46:24.703+0000] {dag.py:3823} INFO - Setting next_dagrun for example_complex to None, run_after=None
[2025-10-08T16:46:24.777+0000] {processor.py:183} INFO - Processing /home/airflow/.local/lib/python3.8/site-packages/airflow/example_dags/example_complex.py took 0.386 seconds
[2025-10-08T16:46:55.642+0000] {processor.py:161} INFO - Started process (PID=502) to work on /home/airflow/.local/lib/python3.8/site-packages/airflow/example_dags/example_complex.py
[2025-10-08T16:46:55.644+0000] {processor.py:830} INFO - Processing file /home/airflow/.local/lib/python3.8/site-packages/airflow/example_dags/example_complex.py for tasks to queue
[2025-10-08T16:46:55.647+0000] {logging_mixin.py:188} INFO - [2025-10-08T16:46:55.647+0000] {dagbag.py:538} INFO - Filling up the DagBag from /home/airflow/.local/lib/python3.8/site-packages/airflow/example_dags/example_complex.py
[2025-10-08T16:46:55.670+0000] {processor.py:840} INFO - DAG(s) 'example_complex' retrieved from /home/airflow/.local/lib/python3.8/site-packages/airflow/example_dags/example_complex.py
[2025-10-08T16:46:55.735+0000] {logging_mixin.py:188} INFO - [2025-10-08T16:46:55.735+0000] {dag.py:3036} INFO - Sync 1 DAGs
[2025-10-08T16:46:55.754+0000] {logging_mixin.py:188} INFO - [2025-10-08T16:46:55.754+0000] {dag.py:3823} INFO - Setting next_dagrun for example_complex to None, run_after=None
[2025-10-08T16:46:55.789+0000] {processor.py:183} INFO - Processing /home/airflow/.local/lib/python3.8/site-packages/airflow/example_dags/example_complex.py took 0.152 seconds
[2025-10-08T16:47:27.168+0000] {processor.py:161} INFO - Started process (PID=563) to work on /home/airflow/.local/lib/python3.8/site-packages/airflow/example_dags/example_complex.py
[2025-10-08T16:47:27.170+0000] {processor.py:830} INFO - Processing file /home/airflow/.local/lib/python3.8/site-packages/airflow/example_dags/example_complex.py for tasks to queue
[2025-10-08T16:47:27.173+0000] {logging_mixin.py:188} INFO - [2025-10-08T16:47:27.173+0000] {dagbag.py:538} INFO - Filling up the DagBag from /home/airflow/.local/lib/python3.8/site-packages/airflow/example_dags/example_complex.py
[2025-10-08T16:47:27.201+0000] {processor.py:840} INFO - DAG(s) 'example_complex' retrieved from /home/airflow/.local/lib/python3.8/site-packages/airflow/example_dags/example_complex.py
[2025-10-08T16:47:27.292+0000] {logging_mixin.py:188} INFO - [2025-10-08T16:47:27.292+0000] {dag.py:3036} INFO - Sync 1 DAGs
[2025-10-08T16:47:27.323+0000] {logging_mixin.py:188} INFO - [2025-10-08T16:47:27.323+0000] {dag.py:3823} INFO - Setting next_dagrun for example_complex to None, run_after=None
[2025-10-08T16:47:27.361+0000] {processor.py:183} INFO - Processing /home/airflow/.local/lib/python3.8/site-packages/airflow/example_dags/example_complex.py took 0.200 seconds
[2025-10-08T16:47:57.941+0000] {processor.py:161} INFO - Started process (PID=622) to work on /home/airflow/.local/lib/python3.8/site-packages/airflow/example_dags/example_complex.py
[2025-10-08T16:47:57.943+0000] {processor.py:830} INFO - Processing file /home/airflow/.local/lib/python3.8/site-packages/airflow/example_dags/example_complex.py for tasks to queue
[2025-10-08T16:47:57.946+0000] {logging_mixin.py:188} INFO - [2025-10-08T16:47:57.945+0000] {dagbag.py:538} INFO - Filling up the DagBag from /home/airflow/.local/lib/python3.8/site-packages/airflow/example_dags/example_complex.py
[2025-10-08T16:47:57.967+0000] {processor.py:840} INFO - DAG(s) 'example_complex' retrieved from /home/airflow/.local/lib/python3.8/site-packages/airflow/example_dags/example_complex.py
[2025-10-08T16:47:58.029+0000] {logging_mixin.py:188} INFO - [2025-10-08T16:47:58.028+0000] {dag.py:3036} INFO - Sync 1 DAGs
[2025-10-08T16:47:58.046+0000] {logging_mixin.py:188} INFO - [2025-10-08T16:47:58.046+0000] {dag.py:3823} INFO - Setting next_dagrun for example_complex to None, run_after=None
[2025-10-08T16:47:58.094+0000] {processor.py:183} INFO - Processing /home/airflow/.local/lib/python3.8/site-packages/airflow/example_dags/example_complex.py took 0.159 seconds
[2025-10-08T16:48:29.720+0000] {processor.py:161} INFO - Started process (PID=682) to work on /home/airflow/.local/lib/python3.8/site-packages/airflow/example_dags/example_complex.py
[2025-10-08T16:48:29.722+0000] {processor.py:830} INFO - Processing file /home/airflow/.local/lib/python3.8/site-packages/airflow/example_dags/example_complex.py for tasks to queue
[2025-10-08T16:48:29.725+0000] {logging_mixin.py:188} INFO - [2025-10-08T16:48:29.725+0000] {dagbag.py:538} INFO - Filling up the DagBag from /home/airflow/.local/lib/python3.8/site-packages/airflow/example_dags/example_complex.py
[2025-10-08T16:48:29.747+0000] {processor.py:840} INFO - DAG(s) 'example_complex' retrieved from /home/airflow/.local/lib/python3.8/site-packages/airflow/example_dags/example_complex.py
[2025-10-08T16:48:29.813+0000] {logging_mixin.py:188} INFO - [2025-10-08T16:48:29.812+0000] {dag.py:3036} INFO - Sync 1 DAGs
[2025-10-08T16:48:29.835+0000] {logging_mixin.py:188} INFO - [2025-10-08T16:48:29.834+0000] {dag.py:3823} INFO - Setting next_dagrun for example_complex to None, run_after=None
[2025-10-08T16:48:29.873+0000] {processor.py:183} INFO - Processing /home/airflow/.local/lib/python3.8/site-packages/airflow/example_dags/example_complex.py took 0.159 seconds
[2025-10-08T16:49:00.973+0000] {processor.py:161} INFO - Started process (PID=742) to work on /home/airflow/.local/lib/python3.8/site-packages/airflow/example_dags/example_complex.py
[2025-10-08T16:49:00.974+0000] {processor.py:830} INFO - Processing file /home/airflow/.local/lib/python3.8/site-packages/airflow/example_dags/example_complex.py for tasks to queue
[2025-10-08T16:49:00.977+0000] {logging_mixin.py:188} INFO - [2025-10-08T16:49:00.976+0000] {dagbag.py:538} INFO - Filling up the DagBag from /home/airflow/.local/lib/python3.8/site-packages/airflow/example_dags/example_complex.py
[2025-10-08T16:49:00.997+0000] {processor.py:840} INFO - DAG(s) 'example_complex' retrieved from /home/airflow/.local/lib/python3.8/site-packages/airflow/example_dags/example_complex.py
[2025-10-08T16:49:01.057+0000] {logging_mixin.py:188} INFO - [2025-10-08T16:49:01.056+0000] {dag.py:3036} INFO - Sync 1 DAGs
[2025-10-08T16:49:01.074+0000] {logging_mixin.py:188} INFO - [2025-10-08T16:49:01.074+0000] {dag.py:3823} INFO - Setting next_dagrun for example_complex to None, run_after=None
[2025-10-08T16:49:01.100+0000] {processor.py:183} INFO - Processing /home/airflow/.local/lib/python3.8/site-packages/airflow/example_dags/example_complex.py took 0.133 seconds
[2025-10-08T16:49:32.912+0000] {processor.py:161} INFO - Started process (PID=802) to work on /home/airflow/.local/lib/python3.8/site-packages/airflow/example_dags/example_complex.py
[2025-10-08T16:49:32.915+0000] {processor.py:830} INFO - Processing file /home/airflow/.local/lib/python3.8/site-packages/airflow/example_dags/example_complex.py for tasks to queue
[2025-10-08T16:49:32.919+0000] {logging_mixin.py:188} INFO - [2025-10-08T16:49:32.919+0000] {dagbag.py:538} INFO - Filling up the DagBag from /home/airflow/.local/lib/python3.8/site-packages/airflow/example_dags/example_complex.py
[2025-10-08T16:49:32.952+0000] {processor.py:840} INFO - DAG(s) 'example_complex' retrieved from /home/airflow/.local/lib/python3.8/site-packages/airflow/example_dags/example_complex.py
[2025-10-08T16:49:33.029+0000] {logging_mixin.py:188} INFO - [2025-10-08T16:49:33.028+0000] {dag.py:3036} INFO - Sync 1 DAGs
[2025-10-08T16:49:33.045+0000] {logging_mixin.py:188} INFO - [2025-10-08T16:49:33.045+0000] {dag.py:3823} INFO - Setting next_dagrun for example_complex to None, run_after=None
[2025-10-08T16:49:33.104+0000] {processor.py:183} INFO - Processing /home/airflow/.local/lib/python3.8/site-packages/airflow/example_dags/example_complex.py took 0.199 seconds
[2025-10-08T16:50:04.153+0000] {processor.py:161} INFO - Started process (PID=862) to work on /home/airflow/.local/lib/python3.8/site-packages/airflow/example_dags/example_complex.py
[2025-10-08T16:50:04.155+0000] {processor.py:830} INFO - Processing file /home/airflow/.local/lib/python3.8/site-packages/airflow/example_dags/example_complex.py for tasks to queue
[2025-10-08T16:50:04.159+0000] {logging_mixin.py:188} INFO - [2025-10-08T16:50:04.158+0000] {dagbag.py:538} INFO - Filling up the DagBag from /home/airflow/.local/lib/python3.8/site-packages/airflow/example_dags/example_complex.py
[2025-10-08T16:50:04.207+0000] {processor.py:840} INFO - DAG(s) 'example_complex' retrieved from /home/airflow/.local/lib/python3.8/site-packages/airflow/example_dags/example_complex.py
[2025-10-08T16:50:04.262+0000] {logging_mixin.py:188} INFO - [2025-10-08T16:50:04.262+0000] {dag.py:3036} INFO - Sync 1 DAGs
[2025-10-08T16:50:04.280+0000] {logging_mixin.py:188} INFO - [2025-10-08T16:50:04.279+0000] {dag.py:3823} INFO - Setting next_dagrun for example_complex to None, run_after=None
[2025-10-08T16:50:04.305+0000] {processor.py:183} INFO - Processing /home/airflow/.local/lib/python3.8/site-packages/airflow/example_dags/example_complex.py took 0.159 seconds
[2025-10-08T16:50:35.238+0000] {processor.py:161} INFO - Started process (PID=921) to work on /home/airflow/.local/lib/python3.8/site-packages/airflow/example_dags/example_complex.py
[2025-10-08T16:50:35.240+0000] {processor.py:830} INFO - Processing file /home/airflow/.local/lib/python3.8/site-packages/airflow/example_dags/example_complex.py for tasks to queue
[2025-10-08T16:50:35.243+0000] {logging_mixin.py:188} INFO - [2025-10-08T16:50:35.243+0000] {dagbag.py:538} INFO - Filling up the DagBag from /home/airflow/.local/lib/python3.8/site-packages/airflow/example_dags/example_complex.py
[2025-10-08T16:50:35.265+0000] {processor.py:840} INFO - DAG(s) 'example_complex' retrieved from /home/airflow/.local/lib/python3.8/site-packages/airflow/example_dags/example_complex.py
[2025-10-08T16:50:35.334+0000] {logging_mixin.py:188} INFO - [2025-10-08T16:50:35.334+0000] {dag.py:3036} INFO - Sync 1 DAGs
[2025-10-08T16:50:35.356+0000] {logging_mixin.py:188} INFO - [2025-10-08T16:50:35.356+0000] {dag.py:3823} INFO - Setting next_dagrun for example_complex to None, run_after=None
[2025-10-08T16:50:35.392+0000] {processor.py:183} INFO - Processing /home/airflow/.local/lib/python3.8/site-packages/airflow/example_dags/example_complex.py took 0.161 seconds
[2025-10-08T16:51:06.489+0000] {processor.py:161} INFO - Started process (PID=981) to work on /home/airflow/.local/lib/python3.8/site-packages/airflow/example_dags/example_complex.py
[2025-10-08T16:51:06.490+0000] {processor.py:830} INFO - Processing file /home/airflow/.local/lib/python3.8/site-packages/airflow/example_dags/example_complex.py for tasks to queue
[2025-10-08T16:51:06.493+0000] {logging_mixin.py:188} INFO - [2025-10-08T16:51:06.493+0000] {dagbag.py:538} INFO - Filling up the DagBag from /home/airflow/.local/lib/python3.8/site-packages/airflow/example_dags/example_complex.py
[2025-10-08T16:51:06.510+0000] {processor.py:840} INFO - DAG(s) 'example_complex' retrieved from /home/airflow/.local/lib/python3.8/site-packages/airflow/example_dags/example_complex.py
[2025-10-08T16:51:06.562+0000] {logging_mixin.py:188} INFO - [2025-10-08T16:51:06.562+0000] {dag.py:3036} INFO - Sync 1 DAGs
[2025-10-08T16:51:06.580+0000] {logging_mixin.py:188} INFO - [2025-10-08T16:51:06.580+0000] {dag.py:3823} INFO - Setting next_dagrun for example_complex to None, run_after=None
[2025-10-08T16:51:06.607+0000] {processor.py:183} INFO - Processing /home/airflow/.local/lib/python3.8/site-packages/airflow/example_dags/example_complex.py took 0.123 seconds
[2025-10-08T16:51:37.982+0000] {processor.py:161} INFO - Started process (PID=1041) to work on /home/airflow/.local/lib/python3.8/site-packages/airflow/example_dags/example_complex.py
[2025-10-08T16:51:37.984+0000] {processor.py:830} INFO - Processing file /home/airflow/.local/lib/python3.8/site-packages/airflow/example_dags/example_complex.py for tasks to queue
[2025-10-08T16:51:37.988+0000] {logging_mixin.py:188} INFO - [2025-10-08T16:51:37.987+0000] {dagbag.py:538} INFO - Filling up the DagBag from /home/airflow/.local/lib/python3.8/site-packages/airflow/example_dags/example_complex.py
[2025-10-08T16:51:38.014+0000] {processor.py:840} INFO - DAG(s) 'example_complex' retrieved from /home/airflow/.local/lib/python3.8/site-packages/airflow/example_dags/example_complex.py
[2025-10-08T16:51:38.086+0000] {logging_mixin.py:188} INFO - [2025-10-08T16:51:38.085+0000] {dag.py:3036} INFO - Sync 1 DAGs
[2025-10-08T16:51:38.113+0000] {logging_mixin.py:188} INFO - [2025-10-08T16:51:38.112+0000] {dag.py:3823} INFO - Setting next_dagrun for example_complex to None, run_after=None
[2025-10-08T16:51:38.170+0000] {processor.py:183} INFO - Processing /home/airflow/.local/lib/python3.8/site-packages/airflow/example_dags/example_complex.py took 0.194 seconds
[2025-10-08T16:52:09.866+0000] {processor.py:161} INFO - Started process (PID=1101) to work on /home/airflow/.local/lib/python3.8/site-packages/airflow/example_dags/example_complex.py
[2025-10-08T16:52:09.867+0000] {processor.py:830} INFO - Processing file /home/airflow/.local/lib/python3.8/site-packages/airflow/example_dags/example_complex.py for tasks to queue
[2025-10-08T16:52:09.870+0000] {logging_mixin.py:188} INFO - [2025-10-08T16:52:09.870+0000] {dagbag.py:538} INFO - Filling up the DagBag from /home/airflow/.local/lib/python3.8/site-packages/airflow/example_dags/example_complex.py
[2025-10-08T16:52:09.890+0000] {processor.py:840} INFO - DAG(s) 'example_complex' retrieved from /home/airflow/.local/lib/python3.8/site-packages/airflow/example_dags/example_complex.py
[2025-10-08T16:52:09.946+0000] {logging_mixin.py:188} INFO - [2025-10-08T16:52:09.946+0000] {dag.py:3036} INFO - Sync 1 DAGs
[2025-10-08T16:52:09.962+0000] {logging_mixin.py:188} INFO - [2025-10-08T16:52:09.962+0000] {dag.py:3823} INFO - Setting next_dagrun for example_complex to None, run_after=None
[2025-10-08T16:52:10.009+0000] {processor.py:183} INFO - Processing /home/airflow/.local/lib/python3.8/site-packages/airflow/example_dags/example_complex.py took 0.148 seconds
[2025-10-08T16:52:41.091+0000] {processor.py:161} INFO - Started process (PID=1161) to work on /home/airflow/.local/lib/python3.8/site-packages/airflow/example_dags/example_complex.py
[2025-10-08T16:52:41.092+0000] {processor.py:830} INFO - Processing file /home/airflow/.local/lib/python3.8/site-packages/airflow/example_dags/example_complex.py for tasks to queue
[2025-10-08T16:52:41.095+0000] {logging_mixin.py:188} INFO - [2025-10-08T16:52:41.094+0000] {dagbag.py:538} INFO - Filling up the DagBag from /home/airflow/.local/lib/python3.8/site-packages/airflow/example_dags/example_complex.py
[2025-10-08T16:52:41.111+0000] {processor.py:840} INFO - DAG(s) 'example_complex' retrieved from /home/airflow/.local/lib/python3.8/site-packages/airflow/example_dags/example_complex.py
[2025-10-08T16:52:41.162+0000] {logging_mixin.py:188} INFO - [2025-10-08T16:52:41.162+0000] {dag.py:3036} INFO - Sync 1 DAGs
[2025-10-08T16:52:41.178+0000] {logging_mixin.py:188} INFO - [2025-10-08T16:52:41.178+0000] {dag.py:3823} INFO - Setting next_dagrun for example_complex to None, run_after=None
[2025-10-08T16:52:41.250+0000] {processor.py:183} INFO - Processing /home/airflow/.local/lib/python3.8/site-packages/airflow/example_dags/example_complex.py took 0.164 seconds
[2025-10-08T16:53:12.717+0000] {processor.py:161} INFO - Started process (PID=1221) to work on /home/airflow/.local/lib/python3.8/site-packages/airflow/example_dags/example_complex.py
[2025-10-08T16:53:12.720+0000] {processor.py:830} INFO - Processing file /home/airflow/.local/lib/python3.8/site-packages/airflow/example_dags/example_complex.py for tasks to queue
[2025-10-08T16:53:12.723+0000] {logging_mixin.py:188} INFO - [2025-10-08T16:53:12.723+0000] {dagbag.py:538} INFO - Filling up the DagBag from /home/airflow/.local/lib/python3.8/site-packages/airflow/example_dags/example_complex.py
[2025-10-08T16:53:12.748+0000] {processor.py:840} INFO - DAG(s) 'example_complex' retrieved from /home/airflow/.local/lib/python3.8/site-packages/airflow/example_dags/example_complex.py
[2025-10-08T16:53:12.844+0000] {logging_mixin.py:188} INFO - [2025-10-08T16:53:12.843+0000] {dag.py:3036} INFO - Sync 1 DAGs
[2025-10-08T16:53:12.886+0000] {logging_mixin.py:188} INFO - [2025-10-08T16:53:12.886+0000] {dag.py:3823} INFO - Setting next_dagrun for example_complex to None, run_after=None
[2025-10-08T16:53:12.927+0000] {processor.py:183} INFO - Processing /home/airflow/.local/lib/python3.8/site-packages/airflow/example_dags/example_complex.py took 0.216 seconds
[2025-10-08T16:56:05.247+0000] {processor.py:161} INFO - Started process (PID=84) to work on /home/airflow/.local/lib/python3.8/site-packages/airflow/example_dags/example_complex.py
[2025-10-08T16:56:05.249+0000] {processor.py:830} INFO - Processing file /home/airflow/.local/lib/python3.8/site-packages/airflow/example_dags/example_complex.py for tasks to queue
[2025-10-08T16:56:05.252+0000] {logging_mixin.py:188} INFO - [2025-10-08T16:56:05.251+0000] {dagbag.py:538} INFO - Filling up the DagBag from /home/airflow/.local/lib/python3.8/site-packages/airflow/example_dags/example_complex.py
[2025-10-08T16:56:05.276+0000] {processor.py:840} INFO - DAG(s) 'example_complex' retrieved from /home/airflow/.local/lib/python3.8/site-packages/airflow/example_dags/example_complex.py
[2025-10-08T16:56:05.520+0000] {logging_mixin.py:188} INFO - [2025-10-08T16:56:05.519+0000] {dag.py:3036} INFO - Sync 1 DAGs
[2025-10-08T16:56:05.538+0000] {logging_mixin.py:188} INFO - [2025-10-08T16:56:05.537+0000] {dag.py:3823} INFO - Setting next_dagrun for example_complex to None, run_after=None
[2025-10-08T16:56:05.592+0000] {processor.py:183} INFO - Processing /home/airflow/.local/lib/python3.8/site-packages/airflow/example_dags/example_complex.py took 0.350 seconds
[2025-10-08T16:56:36.053+0000] {processor.py:161} INFO - Started process (PID=145) to work on /home/airflow/.local/lib/python3.8/site-packages/airflow/example_dags/example_complex.py
[2025-10-08T16:56:36.055+0000] {processor.py:830} INFO - Processing file /home/airflow/.local/lib/python3.8/site-packages/airflow/example_dags/example_complex.py for tasks to queue
[2025-10-08T16:56:36.058+0000] {logging_mixin.py:188} INFO - [2025-10-08T16:56:36.058+0000] {dagbag.py:538} INFO - Filling up the DagBag from /home/airflow/.local/lib/python3.8/site-packages/airflow/example_dags/example_complex.py
[2025-10-08T16:56:36.080+0000] {processor.py:840} INFO - DAG(s) 'example_complex' retrieved from /home/airflow/.local/lib/python3.8/site-packages/airflow/example_dags/example_complex.py
[2025-10-08T16:56:36.134+0000] {logging_mixin.py:188} INFO - [2025-10-08T16:56:36.133+0000] {dag.py:3036} INFO - Sync 1 DAGs
[2025-10-08T16:56:36.151+0000] {logging_mixin.py:188} INFO - [2025-10-08T16:56:36.151+0000] {dag.py:3823} INFO - Setting next_dagrun for example_complex to None, run_after=None
[2025-10-08T16:56:36.212+0000] {processor.py:183} INFO - Processing /home/airflow/.local/lib/python3.8/site-packages/airflow/example_dags/example_complex.py took 0.164 seconds
[2025-10-08T16:57:06.960+0000] {processor.py:161} INFO - Started process (PID=206) to work on /home/airflow/.local/lib/python3.8/site-packages/airflow/example_dags/example_complex.py
[2025-10-08T16:57:06.962+0000] {processor.py:830} INFO - Processing file /home/airflow/.local/lib/python3.8/site-packages/airflow/example_dags/example_complex.py for tasks to queue
[2025-10-08T16:57:06.966+0000] {logging_mixin.py:188} INFO - [2025-10-08T16:57:06.965+0000] {dagbag.py:538} INFO - Filling up the DagBag from /home/airflow/.local/lib/python3.8/site-packages/airflow/example_dags/example_complex.py
[2025-10-08T16:57:06.994+0000] {processor.py:840} INFO - DAG(s) 'example_complex' retrieved from /home/airflow/.local/lib/python3.8/site-packages/airflow/example_dags/example_complex.py
[2025-10-08T16:57:07.115+0000] {logging_mixin.py:188} INFO - [2025-10-08T16:57:07.114+0000] {dag.py:3036} INFO - Sync 1 DAGs
[2025-10-08T16:57:07.150+0000] {logging_mixin.py:188} INFO - [2025-10-08T16:57:07.149+0000] {dag.py:3823} INFO - Setting next_dagrun for example_complex to None, run_after=None
[2025-10-08T16:57:07.258+0000] {processor.py:183} INFO - Processing /home/airflow/.local/lib/python3.8/site-packages/airflow/example_dags/example_complex.py took 0.305 seconds
[2025-10-08T16:57:38.380+0000] {processor.py:161} INFO - Started process (PID=265) to work on /home/airflow/.local/lib/python3.8/site-packages/airflow/example_dags/example_complex.py
[2025-10-08T16:57:38.382+0000] {processor.py:830} INFO - Processing file /home/airflow/.local/lib/python3.8/site-packages/airflow/example_dags/example_complex.py for tasks to queue
[2025-10-08T16:57:38.385+0000] {logging_mixin.py:188} INFO - [2025-10-08T16:57:38.384+0000] {dagbag.py:538} INFO - Filling up the DagBag from /home/airflow/.local/lib/python3.8/site-packages/airflow/example_dags/example_complex.py
[2025-10-08T16:57:38.412+0000] {processor.py:840} INFO - DAG(s) 'example_complex' retrieved from /home/airflow/.local/lib/python3.8/site-packages/airflow/example_dags/example_complex.py
[2025-10-08T16:57:38.461+0000] {logging_mixin.py:188} INFO - [2025-10-08T16:57:38.461+0000] {dag.py:3036} INFO - Sync 1 DAGs
[2025-10-08T16:57:38.479+0000] {logging_mixin.py:188} INFO - [2025-10-08T16:57:38.479+0000] {dag.py:3823} INFO - Setting next_dagrun for example_complex to None, run_after=None
[2025-10-08T16:57:38.561+0000] {processor.py:183} INFO - Processing /home/airflow/.local/lib/python3.8/site-packages/airflow/example_dags/example_complex.py took 0.187 seconds
[2025-10-08T16:58:09.774+0000] {processor.py:161} INFO - Started process (PID=325) to work on /home/airflow/.local/lib/python3.8/site-packages/airflow/example_dags/example_complex.py
[2025-10-08T16:58:09.776+0000] {processor.py:830} INFO - Processing file /home/airflow/.local/lib/python3.8/site-packages/airflow/example_dags/example_complex.py for tasks to queue
[2025-10-08T16:58:09.779+0000] {logging_mixin.py:188} INFO - [2025-10-08T16:58:09.778+0000] {dagbag.py:538} INFO - Filling up the DagBag from /home/airflow/.local/lib/python3.8/site-packages/airflow/example_dags/example_complex.py
[2025-10-08T16:58:09.801+0000] {processor.py:840} INFO - DAG(s) 'example_complex' retrieved from /home/airflow/.local/lib/python3.8/site-packages/airflow/example_dags/example_complex.py
[2025-10-08T16:58:09.880+0000] {logging_mixin.py:188} INFO - [2025-10-08T16:58:09.879+0000] {dag.py:3036} INFO - Sync 1 DAGs
[2025-10-08T16:58:09.906+0000] {logging_mixin.py:188} INFO - [2025-10-08T16:58:09.905+0000] {dag.py:3823} INFO - Setting next_dagrun for example_complex to None, run_after=None
[2025-10-08T16:58:09.964+0000] {processor.py:183} INFO - Processing /home/airflow/.local/lib/python3.8/site-packages/airflow/example_dags/example_complex.py took 0.195 seconds
[2025-10-08T16:58:40.479+0000] {processor.py:161} INFO - Started process (PID=385) to work on /home/airflow/.local/lib/python3.8/site-packages/airflow/example_dags/example_complex.py
[2025-10-08T16:58:40.482+0000] {processor.py:830} INFO - Processing file /home/airflow/.local/lib/python3.8/site-packages/airflow/example_dags/example_complex.py for tasks to queue
[2025-10-08T16:58:40.485+0000] {logging_mixin.py:188} INFO - [2025-10-08T16:58:40.485+0000] {dagbag.py:538} INFO - Filling up the DagBag from /home/airflow/.local/lib/python3.8/site-packages/airflow/example_dags/example_complex.py
[2025-10-08T16:58:40.504+0000] {processor.py:840} INFO - DAG(s) 'example_complex' retrieved from /home/airflow/.local/lib/python3.8/site-packages/airflow/example_dags/example_complex.py
[2025-10-08T16:58:40.566+0000] {logging_mixin.py:188} INFO - [2025-10-08T16:58:40.566+0000] {dag.py:3036} INFO - Sync 1 DAGs
[2025-10-08T16:58:40.587+0000] {logging_mixin.py:188} INFO - [2025-10-08T16:58:40.586+0000] {dag.py:3823} INFO - Setting next_dagrun for example_complex to None, run_after=None
[2025-10-08T16:58:40.641+0000] {processor.py:183} INFO - Processing /home/airflow/.local/lib/python3.8/site-packages/airflow/example_dags/example_complex.py took 0.168 seconds
[2025-10-08T16:59:12.357+0000] {processor.py:161} INFO - Started process (PID=445) to work on /home/airflow/.local/lib/python3.8/site-packages/airflow/example_dags/example_complex.py
[2025-10-08T16:59:12.358+0000] {processor.py:830} INFO - Processing file /home/airflow/.local/lib/python3.8/site-packages/airflow/example_dags/example_complex.py for tasks to queue
[2025-10-08T16:59:12.361+0000] {logging_mixin.py:188} INFO - [2025-10-08T16:59:12.361+0000] {dagbag.py:538} INFO - Filling up the DagBag from /home/airflow/.local/lib/python3.8/site-packages/airflow/example_dags/example_complex.py
[2025-10-08T16:59:12.381+0000] {processor.py:840} INFO - DAG(s) 'example_complex' retrieved from /home/airflow/.local/lib/python3.8/site-packages/airflow/example_dags/example_complex.py
[2025-10-08T16:59:12.453+0000] {logging_mixin.py:188} INFO - [2025-10-08T16:59:12.453+0000] {dag.py:3036} INFO - Sync 1 DAGs
[2025-10-08T16:59:12.470+0000] {logging_mixin.py:188} INFO - [2025-10-08T16:59:12.470+0000] {dag.py:3823} INFO - Setting next_dagrun for example_complex to None, run_after=None
[2025-10-08T16:59:12.521+0000] {processor.py:183} INFO - Processing /home/airflow/.local/lib/python3.8/site-packages/airflow/example_dags/example_complex.py took 0.169 seconds
[2025-10-08T16:59:43.789+0000] {processor.py:161} INFO - Started process (PID=504) to work on /home/airflow/.local/lib/python3.8/site-packages/airflow/example_dags/example_complex.py
[2025-10-08T16:59:43.791+0000] {processor.py:830} INFO - Processing file /home/airflow/.local/lib/python3.8/site-packages/airflow/example_dags/example_complex.py for tasks to queue
[2025-10-08T16:59:43.793+0000] {logging_mixin.py:188} INFO - [2025-10-08T16:59:43.793+0000] {dagbag.py:538} INFO - Filling up the DagBag from /home/airflow/.local/lib/python3.8/site-packages/airflow/example_dags/example_complex.py
[2025-10-08T16:59:43.814+0000] {processor.py:840} INFO - DAG(s) 'example_complex' retrieved from /home/airflow/.local/lib/python3.8/site-packages/airflow/example_dags/example_complex.py
[2025-10-08T16:59:43.874+0000] {logging_mixin.py:188} INFO - [2025-10-08T16:59:43.874+0000] {dag.py:3036} INFO - Sync 1 DAGs
[2025-10-08T16:59:43.892+0000] {logging_mixin.py:188} INFO - [2025-10-08T16:59:43.892+0000] {dag.py:3823} INFO - Setting next_dagrun for example_complex to None, run_after=None
[2025-10-08T16:59:43.946+0000] {processor.py:183} INFO - Processing /home/airflow/.local/lib/python3.8/site-packages/airflow/example_dags/example_complex.py took 0.161 seconds
[2025-10-08T17:00:14.399+0000] {processor.py:161} INFO - Started process (PID=564) to work on /home/airflow/.local/lib/python3.8/site-packages/airflow/example_dags/example_complex.py
[2025-10-08T17:00:14.401+0000] {processor.py:830} INFO - Processing file /home/airflow/.local/lib/python3.8/site-packages/airflow/example_dags/example_complex.py for tasks to queue
[2025-10-08T17:00:14.404+0000] {logging_mixin.py:188} INFO - [2025-10-08T17:00:14.403+0000] {dagbag.py:538} INFO - Filling up the DagBag from /home/airflow/.local/lib/python3.8/site-packages/airflow/example_dags/example_complex.py
[2025-10-08T17:00:14.439+0000] {processor.py:840} INFO - DAG(s) 'example_complex' retrieved from /home/airflow/.local/lib/python3.8/site-packages/airflow/example_dags/example_complex.py
[2025-10-08T17:00:14.496+0000] {logging_mixin.py:188} INFO - [2025-10-08T17:00:14.496+0000] {dag.py:3036} INFO - Sync 1 DAGs
[2025-10-08T17:00:14.514+0000] {logging_mixin.py:188} INFO - [2025-10-08T17:00:14.514+0000] {dag.py:3823} INFO - Setting next_dagrun for example_complex to None, run_after=None
[2025-10-08T17:00:14.540+0000] {processor.py:183} INFO - Processing /home/airflow/.local/lib/python3.8/site-packages/airflow/example_dags/example_complex.py took 0.149 seconds
[2025-10-08T17:00:45.948+0000] {processor.py:161} INFO - Started process (PID=630) to work on /home/airflow/.local/lib/python3.8/site-packages/airflow/example_dags/example_complex.py
[2025-10-08T17:00:45.950+0000] {processor.py:830} INFO - Processing file /home/airflow/.local/lib/python3.8/site-packages/airflow/example_dags/example_complex.py for tasks to queue
[2025-10-08T17:00:45.952+0000] {logging_mixin.py:188} INFO - [2025-10-08T17:00:45.952+0000] {dagbag.py:538} INFO - Filling up the DagBag from /home/airflow/.local/lib/python3.8/site-packages/airflow/example_dags/example_complex.py
[2025-10-08T17:00:45.969+0000] {processor.py:840} INFO - DAG(s) 'example_complex' retrieved from /home/airflow/.local/lib/python3.8/site-packages/airflow/example_dags/example_complex.py
[2025-10-08T17:00:46.020+0000] {logging_mixin.py:188} INFO - [2025-10-08T17:00:46.020+0000] {dag.py:3036} INFO - Sync 1 DAGs
[2025-10-08T17:00:46.036+0000] {logging_mixin.py:188} INFO - [2025-10-08T17:00:46.036+0000] {dag.py:3823} INFO - Setting next_dagrun for example_complex to None, run_after=None
[2025-10-08T17:00:46.100+0000] {processor.py:183} INFO - Processing /home/airflow/.local/lib/python3.8/site-packages/airflow/example_dags/example_complex.py took 0.156 seconds
[2025-10-08T17:01:17.897+0000] {processor.py:161} INFO - Started process (PID=690) to work on /home/airflow/.local/lib/python3.8/site-packages/airflow/example_dags/example_complex.py
[2025-10-08T17:01:17.899+0000] {processor.py:830} INFO - Processing file /home/airflow/.local/lib/python3.8/site-packages/airflow/example_dags/example_complex.py for tasks to queue
[2025-10-08T17:01:17.902+0000] {logging_mixin.py:188} INFO - [2025-10-08T17:01:17.902+0000] {dagbag.py:538} INFO - Filling up the DagBag from /home/airflow/.local/lib/python3.8/site-packages/airflow/example_dags/example_complex.py
[2025-10-08T17:01:17.920+0000] {processor.py:840} INFO - DAG(s) 'example_complex' retrieved from /home/airflow/.local/lib/python3.8/site-packages/airflow/example_dags/example_complex.py
[2025-10-08T17:01:17.972+0000] {logging_mixin.py:188} INFO - [2025-10-08T17:01:17.972+0000] {dag.py:3036} INFO - Sync 1 DAGs
[2025-10-08T17:01:17.988+0000] {logging_mixin.py:188} INFO - [2025-10-08T17:01:17.988+0000] {dag.py:3823} INFO - Setting next_dagrun for example_complex to None, run_after=None
[2025-10-08T17:01:18.041+0000] {processor.py:183} INFO - Processing /home/airflow/.local/lib/python3.8/site-packages/airflow/example_dags/example_complex.py took 0.148 seconds
[2025-10-08T17:01:50.088+0000] {processor.py:161} INFO - Started process (PID=750) to work on /home/airflow/.local/lib/python3.8/site-packages/airflow/example_dags/example_complex.py
[2025-10-08T17:01:50.090+0000] {processor.py:830} INFO - Processing file /home/airflow/.local/lib/python3.8/site-packages/airflow/example_dags/example_complex.py for tasks to queue
[2025-10-08T17:01:50.093+0000] {logging_mixin.py:188} INFO - [2025-10-08T17:01:50.093+0000] {dagbag.py:538} INFO - Filling up the DagBag from /home/airflow/.local/lib/python3.8/site-packages/airflow/example_dags/example_complex.py
[2025-10-08T17:01:50.113+0000] {processor.py:840} INFO - DAG(s) 'example_complex' retrieved from /home/airflow/.local/lib/python3.8/site-packages/airflow/example_dags/example_complex.py
[2025-10-08T17:01:50.179+0000] {logging_mixin.py:188} INFO - [2025-10-08T17:01:50.178+0000] {dag.py:3036} INFO - Sync 1 DAGs
[2025-10-08T17:01:50.200+0000] {logging_mixin.py:188} INFO - [2025-10-08T17:01:50.199+0000] {dag.py:3823} INFO - Setting next_dagrun for example_complex to None, run_after=None
[2025-10-08T17:01:50.234+0000] {processor.py:183} INFO - Processing /home/airflow/.local/lib/python3.8/site-packages/airflow/example_dags/example_complex.py took 0.152 seconds
[2025-10-08T17:02:20.735+0000] {processor.py:161} INFO - Started process (PID=810) to work on /home/airflow/.local/lib/python3.8/site-packages/airflow/example_dags/example_complex.py
[2025-10-08T17:02:20.738+0000] {processor.py:830} INFO - Processing file /home/airflow/.local/lib/python3.8/site-packages/airflow/example_dags/example_complex.py for tasks to queue
[2025-10-08T17:02:20.743+0000] {logging_mixin.py:188} INFO - [2025-10-08T17:02:20.742+0000] {dagbag.py:538} INFO - Filling up the DagBag from /home/airflow/.local/lib/python3.8/site-packages/airflow/example_dags/example_complex.py
[2025-10-08T17:02:20.769+0000] {processor.py:840} INFO - DAG(s) 'example_complex' retrieved from /home/airflow/.local/lib/python3.8/site-packages/airflow/example_dags/example_complex.py
[2025-10-08T17:02:20.817+0000] {logging_mixin.py:188} INFO - [2025-10-08T17:02:20.817+0000] {dag.py:3036} INFO - Sync 1 DAGs
[2025-10-08T17:02:20.833+0000] {logging_mixin.py:188} INFO - [2025-10-08T17:02:20.833+0000] {dag.py:3823} INFO - Setting next_dagrun for example_complex to None, run_after=None
[2025-10-08T17:02:20.898+0000] {processor.py:183} INFO - Processing /home/airflow/.local/lib/python3.8/site-packages/airflow/example_dags/example_complex.py took 0.167 seconds
[2025-10-08T17:02:51.632+0000] {processor.py:161} INFO - Started process (PID=870) to work on /home/airflow/.local/lib/python3.8/site-packages/airflow/example_dags/example_complex.py
[2025-10-08T17:02:51.633+0000] {processor.py:830} INFO - Processing file /home/airflow/.local/lib/python3.8/site-packages/airflow/example_dags/example_complex.py for tasks to queue
[2025-10-08T17:02:51.636+0000] {logging_mixin.py:188} INFO - [2025-10-08T17:02:51.635+0000] {dagbag.py:538} INFO - Filling up the DagBag from /home/airflow/.local/lib/python3.8/site-packages/airflow/example_dags/example_complex.py
[2025-10-08T17:02:51.656+0000] {processor.py:840} INFO - DAG(s) 'example_complex' retrieved from /home/airflow/.local/lib/python3.8/site-packages/airflow/example_dags/example_complex.py
[2025-10-08T17:02:51.713+0000] {logging_mixin.py:188} INFO - [2025-10-08T17:02:51.712+0000] {dag.py:3036} INFO - Sync 1 DAGs
[2025-10-08T17:02:51.732+0000] {logging_mixin.py:188} INFO - [2025-10-08T17:02:51.732+0000] {dag.py:3823} INFO - Setting next_dagrun for example_complex to None, run_after=None
[2025-10-08T17:02:51.761+0000] {processor.py:183} INFO - Processing /home/airflow/.local/lib/python3.8/site-packages/airflow/example_dags/example_complex.py took 0.133 seconds
[2025-10-08T17:03:22.204+0000] {processor.py:161} INFO - Started process (PID=930) to work on /home/airflow/.local/lib/python3.8/site-packages/airflow/example_dags/example_complex.py
[2025-10-08T17:03:22.206+0000] {processor.py:830} INFO - Processing file /home/airflow/.local/lib/python3.8/site-packages/airflow/example_dags/example_complex.py for tasks to queue
[2025-10-08T17:03:22.209+0000] {logging_mixin.py:188} INFO - [2025-10-08T17:03:22.208+0000] {dagbag.py:538} INFO - Filling up the DagBag from /home/airflow/.local/lib/python3.8/site-packages/airflow/example_dags/example_complex.py
[2025-10-08T17:03:22.224+0000] {processor.py:840} INFO - DAG(s) 'example_complex' retrieved from /home/airflow/.local/lib/python3.8/site-packages/airflow/example_dags/example_complex.py
[2025-10-08T17:03:22.276+0000] {logging_mixin.py:188} INFO - [2025-10-08T17:03:22.276+0000] {dag.py:3036} INFO - Sync 1 DAGs
[2025-10-08T17:03:22.293+0000] {logging_mixin.py:188} INFO - [2025-10-08T17:03:22.293+0000] {dag.py:3823} INFO - Setting next_dagrun for example_complex to None, run_after=None
[2025-10-08T17:03:22.321+0000] {processor.py:183} INFO - Processing /home/airflow/.local/lib/python3.8/site-packages/airflow/example_dags/example_complex.py took 0.121 seconds
[2025-10-08T17:03:54.005+0000] {processor.py:161} INFO - Started process (PID=990) to work on /home/airflow/.local/lib/python3.8/site-packages/airflow/example_dags/example_complex.py
[2025-10-08T17:03:54.006+0000] {processor.py:830} INFO - Processing file /home/airflow/.local/lib/python3.8/site-packages/airflow/example_dags/example_complex.py for tasks to queue
[2025-10-08T17:03:54.010+0000] {logging_mixin.py:188} INFO - [2025-10-08T17:03:54.009+0000] {dagbag.py:538} INFO - Filling up the DagBag from /home/airflow/.local/lib/python3.8/site-packages/airflow/example_dags/example_complex.py
[2025-10-08T17:03:54.029+0000] {processor.py:840} INFO - DAG(s) 'example_complex' retrieved from /home/airflow/.local/lib/python3.8/site-packages/airflow/example_dags/example_complex.py
[2025-10-08T17:03:54.099+0000] {logging_mixin.py:188} INFO - [2025-10-08T17:03:54.099+0000] {dag.py:3036} INFO - Sync 1 DAGs
[2025-10-08T17:03:54.116+0000] {logging_mixin.py:188} INFO - [2025-10-08T17:03:54.115+0000] {dag.py:3823} INFO - Setting next_dagrun for example_complex to None, run_after=None
[2025-10-08T17:03:54.193+0000] {processor.py:183} INFO - Processing /home/airflow/.local/lib/python3.8/site-packages/airflow/example_dags/example_complex.py took 0.193 seconds
[2025-10-08T17:04:25.798+0000] {processor.py:161} INFO - Started process (PID=1050) to work on /home/airflow/.local/lib/python3.8/site-packages/airflow/example_dags/example_complex.py
[2025-10-08T17:04:25.800+0000] {processor.py:830} INFO - Processing file /home/airflow/.local/lib/python3.8/site-packages/airflow/example_dags/example_complex.py for tasks to queue
[2025-10-08T17:04:25.804+0000] {logging_mixin.py:188} INFO - [2025-10-08T17:04:25.803+0000] {dagbag.py:538} INFO - Filling up the DagBag from /home/airflow/.local/lib/python3.8/site-packages/airflow/example_dags/example_complex.py
[2025-10-08T17:04:25.838+0000] {processor.py:840} INFO - DAG(s) 'example_complex' retrieved from /home/airflow/.local/lib/python3.8/site-packages/airflow/example_dags/example_complex.py
[2025-10-08T17:04:25.863+0000] {logging_mixin.py:188} INFO - [2025-10-08T17:04:25.863+0000] {dag.py:3036} INFO - Sync 1 DAGs
[2025-10-08T17:04:25.887+0000] {logging_mixin.py:188} INFO - [2025-10-08T17:04:25.887+0000] {dag.py:3823} INFO - Setting next_dagrun for example_complex to None, run_after=None
[2025-10-08T17:04:25.924+0000] {processor.py:183} INFO - Processing /home/airflow/.local/lib/python3.8/site-packages/airflow/example_dags/example_complex.py took 0.134 seconds
[2025-10-08T17:04:57.374+0000] {processor.py:161} INFO - Started process (PID=1110) to work on /home/airflow/.local/lib/python3.8/site-packages/airflow/example_dags/example_complex.py
[2025-10-08T17:04:57.376+0000] {processor.py:830} INFO - Processing file /home/airflow/.local/lib/python3.8/site-packages/airflow/example_dags/example_complex.py for tasks to queue
[2025-10-08T17:04:57.380+0000] {logging_mixin.py:188} INFO - [2025-10-08T17:04:57.379+0000] {dagbag.py:538} INFO - Filling up the DagBag from /home/airflow/.local/lib/python3.8/site-packages/airflow/example_dags/example_complex.py
[2025-10-08T17:04:57.398+0000] {processor.py:840} INFO - DAG(s) 'example_complex' retrieved from /home/airflow/.local/lib/python3.8/site-packages/airflow/example_dags/example_complex.py
[2025-10-08T17:04:57.634+0000] {logging_mixin.py:188} INFO - [2025-10-08T17:04:57.633+0000] {dag.py:3036} INFO - Sync 1 DAGs
[2025-10-08T17:04:57.660+0000] {logging_mixin.py:188} INFO - [2025-10-08T17:04:57.660+0000] {dag.py:3823} INFO - Setting next_dagrun for example_complex to None, run_after=None
[2025-10-08T17:04:57.702+0000] {processor.py:183} INFO - Processing /home/airflow/.local/lib/python3.8/site-packages/airflow/example_dags/example_complex.py took 0.333 seconds
[2025-10-08T17:05:27.782+0000] {processor.py:161} INFO - Started process (PID=1170) to work on /home/airflow/.local/lib/python3.8/site-packages/airflow/example_dags/example_complex.py
[2025-10-08T17:05:27.783+0000] {processor.py:830} INFO - Processing file /home/airflow/.local/lib/python3.8/site-packages/airflow/example_dags/example_complex.py for tasks to queue
[2025-10-08T17:05:27.786+0000] {logging_mixin.py:188} INFO - [2025-10-08T17:05:27.785+0000] {dagbag.py:538} INFO - Filling up the DagBag from /home/airflow/.local/lib/python3.8/site-packages/airflow/example_dags/example_complex.py
[2025-10-08T17:05:27.810+0000] {processor.py:840} INFO - DAG(s) 'example_complex' retrieved from /home/airflow/.local/lib/python3.8/site-packages/airflow/example_dags/example_complex.py
[2025-10-08T17:05:27.832+0000] {logging_mixin.py:188} INFO - [2025-10-08T17:05:27.832+0000] {dag.py:3036} INFO - Sync 1 DAGs
[2025-10-08T17:05:27.850+0000] {logging_mixin.py:188} INFO - [2025-10-08T17:05:27.850+0000] {dag.py:3823} INFO - Setting next_dagrun for example_complex to None, run_after=None
[2025-10-08T17:05:27.902+0000] {processor.py:183} INFO - Processing /home/airflow/.local/lib/python3.8/site-packages/airflow/example_dags/example_complex.py took 0.124 seconds
[2025-10-08T17:06:00.548+0000] {processor.py:161} INFO - Started process (PID=1230) to work on /home/airflow/.local/lib/python3.8/site-packages/airflow/example_dags/example_complex.py
[2025-10-08T17:06:00.549+0000] {processor.py:830} INFO - Processing file /home/airflow/.local/lib/python3.8/site-packages/airflow/example_dags/example_complex.py for tasks to queue
[2025-10-08T17:06:00.552+0000] {logging_mixin.py:188} INFO - [2025-10-08T17:06:00.552+0000] {dagbag.py:538} INFO - Filling up the DagBag from /home/airflow/.local/lib/python3.8/site-packages/airflow/example_dags/example_complex.py
[2025-10-08T17:06:00.570+0000] {processor.py:840} INFO - DAG(s) 'example_complex' retrieved from /home/airflow/.local/lib/python3.8/site-packages/airflow/example_dags/example_complex.py
[2025-10-08T17:06:00.792+0000] {logging_mixin.py:188} INFO - [2025-10-08T17:06:00.792+0000] {dag.py:3036} INFO - Sync 1 DAGs
[2025-10-08T17:06:00.822+0000] {logging_mixin.py:188} INFO - [2025-10-08T17:06:00.822+0000] {dag.py:3823} INFO - Setting next_dagrun for example_complex to None, run_after=None
[2025-10-08T17:06:00.893+0000] {processor.py:183} INFO - Processing /home/airflow/.local/lib/python3.8/site-packages/airflow/example_dags/example_complex.py took 0.352 seconds
[2025-10-08T17:06:31.425+0000] {processor.py:161} INFO - Started process (PID=1290) to work on /home/airflow/.local/lib/python3.8/site-packages/airflow/example_dags/example_complex.py
[2025-10-08T17:06:31.426+0000] {processor.py:830} INFO - Processing file /home/airflow/.local/lib/python3.8/site-packages/airflow/example_dags/example_complex.py for tasks to queue
[2025-10-08T17:06:31.429+0000] {logging_mixin.py:188} INFO - [2025-10-08T17:06:31.428+0000] {dagbag.py:538} INFO - Filling up the DagBag from /home/airflow/.local/lib/python3.8/site-packages/airflow/example_dags/example_complex.py
[2025-10-08T17:06:31.445+0000] {processor.py:840} INFO - DAG(s) 'example_complex' retrieved from /home/airflow/.local/lib/python3.8/site-packages/airflow/example_dags/example_complex.py
[2025-10-08T17:06:31.524+0000] {logging_mixin.py:188} INFO - [2025-10-08T17:06:31.524+0000] {dag.py:3036} INFO - Sync 1 DAGs
[2025-10-08T17:06:31.545+0000] {logging_mixin.py:188} INFO - [2025-10-08T17:06:31.545+0000] {dag.py:3823} INFO - Setting next_dagrun for example_complex to None, run_after=None
[2025-10-08T17:06:31.583+0000] {processor.py:183} INFO - Processing /home/airflow/.local/lib/python3.8/site-packages/airflow/example_dags/example_complex.py took 0.163 seconds
[2025-10-08T17:07:01.782+0000] {processor.py:161} INFO - Started process (PID=1350) to work on /home/airflow/.local/lib/python3.8/site-packages/airflow/example_dags/example_complex.py
[2025-10-08T17:07:01.784+0000] {processor.py:830} INFO - Processing file /home/airflow/.local/lib/python3.8/site-packages/airflow/example_dags/example_complex.py for tasks to queue
[2025-10-08T17:07:01.787+0000] {logging_mixin.py:188} INFO - [2025-10-08T17:07:01.787+0000] {dagbag.py:538} INFO - Filling up the DagBag from /home/airflow/.local/lib/python3.8/site-packages/airflow/example_dags/example_complex.py
[2025-10-08T17:07:01.830+0000] {processor.py:840} INFO - DAG(s) 'example_complex' retrieved from /home/airflow/.local/lib/python3.8/site-packages/airflow/example_dags/example_complex.py
[2025-10-08T17:07:01.890+0000] {logging_mixin.py:188} INFO - [2025-10-08T17:07:01.890+0000] {dag.py:3036} INFO - Sync 1 DAGs
[2025-10-08T17:07:01.916+0000] {logging_mixin.py:188} INFO - [2025-10-08T17:07:01.915+0000] {dag.py:3823} INFO - Setting next_dagrun for example_complex to None, run_after=None
[2025-10-08T17:07:01.969+0000] {processor.py:183} INFO - Processing /home/airflow/.local/lib/python3.8/site-packages/airflow/example_dags/example_complex.py took 0.194 seconds
[2025-10-08T17:07:33.040+0000] {processor.py:161} INFO - Started process (PID=1410) to work on /home/airflow/.local/lib/python3.8/site-packages/airflow/example_dags/example_complex.py
[2025-10-08T17:07:33.043+0000] {processor.py:830} INFO - Processing file /home/airflow/.local/lib/python3.8/site-packages/airflow/example_dags/example_complex.py for tasks to queue
[2025-10-08T17:07:33.047+0000] {logging_mixin.py:188} INFO - [2025-10-08T17:07:33.047+0000] {dagbag.py:538} INFO - Filling up the DagBag from /home/airflow/.local/lib/python3.8/site-packages/airflow/example_dags/example_complex.py
[2025-10-08T17:07:33.077+0000] {processor.py:840} INFO - DAG(s) 'example_complex' retrieved from /home/airflow/.local/lib/python3.8/site-packages/airflow/example_dags/example_complex.py
[2025-10-08T17:07:33.104+0000] {logging_mixin.py:188} INFO - [2025-10-08T17:07:33.104+0000] {dag.py:3036} INFO - Sync 1 DAGs
[2025-10-08T17:07:33.131+0000] {logging_mixin.py:188} INFO - [2025-10-08T17:07:33.131+0000] {dag.py:3823} INFO - Setting next_dagrun for example_complex to None, run_after=None
[2025-10-08T17:07:33.186+0000] {processor.py:183} INFO - Processing /home/airflow/.local/lib/python3.8/site-packages/airflow/example_dags/example_complex.py took 0.154 seconds
[2025-10-08T17:10:08.669+0000] {processor.py:161} INFO - Started process (PID=84) to work on /home/airflow/.local/lib/python3.8/site-packages/airflow/example_dags/example_complex.py
[2025-10-08T17:10:08.670+0000] {processor.py:830} INFO - Processing file /home/airflow/.local/lib/python3.8/site-packages/airflow/example_dags/example_complex.py for tasks to queue
[2025-10-08T17:10:08.674+0000] {logging_mixin.py:188} INFO - [2025-10-08T17:10:08.673+0000] {dagbag.py:538} INFO - Filling up the DagBag from /home/airflow/.local/lib/python3.8/site-packages/airflow/example_dags/example_complex.py
[2025-10-08T17:10:08.694+0000] {processor.py:840} INFO - DAG(s) 'example_complex' retrieved from /home/airflow/.local/lib/python3.8/site-packages/airflow/example_dags/example_complex.py
[2025-10-08T17:10:08.927+0000] {logging_mixin.py:188} INFO - [2025-10-08T17:10:08.927+0000] {dag.py:3036} INFO - Sync 1 DAGs
[2025-10-08T17:10:08.942+0000] {logging_mixin.py:188} INFO - [2025-10-08T17:10:08.942+0000] {dag.py:3823} INFO - Setting next_dagrun for example_complex to None, run_after=None
[2025-10-08T17:10:08.995+0000] {processor.py:183} INFO - Processing /home/airflow/.local/lib/python3.8/site-packages/airflow/example_dags/example_complex.py took 0.332 seconds
[2025-10-08T17:10:39.089+0000] {processor.py:161} INFO - Started process (PID=143) to work on /home/airflow/.local/lib/python3.8/site-packages/airflow/example_dags/example_complex.py
[2025-10-08T17:10:39.090+0000] {processor.py:830} INFO - Processing file /home/airflow/.local/lib/python3.8/site-packages/airflow/example_dags/example_complex.py for tasks to queue
[2025-10-08T17:10:39.094+0000] {logging_mixin.py:188} INFO - [2025-10-08T17:10:39.093+0000] {dagbag.py:538} INFO - Filling up the DagBag from /home/airflow/.local/lib/python3.8/site-packages/airflow/example_dags/example_complex.py
[2025-10-08T17:10:39.114+0000] {processor.py:840} INFO - DAG(s) 'example_complex' retrieved from /home/airflow/.local/lib/python3.8/site-packages/airflow/example_dags/example_complex.py
[2025-10-08T17:10:39.186+0000] {logging_mixin.py:188} INFO - [2025-10-08T17:10:39.185+0000] {dag.py:3036} INFO - Sync 1 DAGs
[2025-10-08T17:10:39.205+0000] {logging_mixin.py:188} INFO - [2025-10-08T17:10:39.205+0000] {dag.py:3823} INFO - Setting next_dagrun for example_complex to None, run_after=None
[2025-10-08T17:10:39.237+0000] {processor.py:183} INFO - Processing /home/airflow/.local/lib/python3.8/site-packages/airflow/example_dags/example_complex.py took 0.153 seconds
[2025-10-08T17:11:09.953+0000] {processor.py:161} INFO - Started process (PID=203) to work on /home/airflow/.local/lib/python3.8/site-packages/airflow/example_dags/example_complex.py
[2025-10-08T17:11:09.955+0000] {processor.py:830} INFO - Processing file /home/airflow/.local/lib/python3.8/site-packages/airflow/example_dags/example_complex.py for tasks to queue
[2025-10-08T17:11:09.958+0000] {logging_mixin.py:188} INFO - [2025-10-08T17:11:09.958+0000] {dagbag.py:538} INFO - Filling up the DagBag from /home/airflow/.local/lib/python3.8/site-packages/airflow/example_dags/example_complex.py
[2025-10-08T17:11:09.983+0000] {processor.py:840} INFO - DAG(s) 'example_complex' retrieved from /home/airflow/.local/lib/python3.8/site-packages/airflow/example_dags/example_complex.py
[2025-10-08T17:11:10.057+0000] {logging_mixin.py:188} INFO - [2025-10-08T17:11:10.057+0000] {dag.py:3036} INFO - Sync 1 DAGs
[2025-10-08T17:11:10.083+0000] {logging_mixin.py:188} INFO - [2025-10-08T17:11:10.082+0000] {dag.py:3823} INFO - Setting next_dagrun for example_complex to None, run_after=None
[2025-10-08T17:11:10.122+0000] {processor.py:183} INFO - Processing /home/airflow/.local/lib/python3.8/site-packages/airflow/example_dags/example_complex.py took 0.176 seconds
[2025-10-08T17:11:40.668+0000] {processor.py:161} INFO - Started process (PID=263) to work on /home/airflow/.local/lib/python3.8/site-packages/airflow/example_dags/example_complex.py
[2025-10-08T17:11:40.671+0000] {processor.py:830} INFO - Processing file /home/airflow/.local/lib/python3.8/site-packages/airflow/example_dags/example_complex.py for tasks to queue
[2025-10-08T17:11:40.674+0000] {logging_mixin.py:188} INFO - [2025-10-08T17:11:40.674+0000] {dagbag.py:538} INFO - Filling up the DagBag from /home/airflow/.local/lib/python3.8/site-packages/airflow/example_dags/example_complex.py
[2025-10-08T17:11:40.694+0000] {processor.py:840} INFO - DAG(s) 'example_complex' retrieved from /home/airflow/.local/lib/python3.8/site-packages/airflow/example_dags/example_complex.py
[2025-10-08T17:11:40.758+0000] {logging_mixin.py:188} INFO - [2025-10-08T17:11:40.758+0000] {dag.py:3036} INFO - Sync 1 DAGs
[2025-10-08T17:11:40.777+0000] {logging_mixin.py:188} INFO - [2025-10-08T17:11:40.777+0000] {dag.py:3823} INFO - Setting next_dagrun for example_complex to None, run_after=None
[2025-10-08T17:11:40.825+0000] {processor.py:183} INFO - Processing /home/airflow/.local/lib/python3.8/site-packages/airflow/example_dags/example_complex.py took 0.165 seconds
[2025-10-08T17:12:11.283+0000] {processor.py:161} INFO - Started process (PID=323) to work on /home/airflow/.local/lib/python3.8/site-packages/airflow/example_dags/example_complex.py
[2025-10-08T17:12:11.284+0000] {processor.py:830} INFO - Processing file /home/airflow/.local/lib/python3.8/site-packages/airflow/example_dags/example_complex.py for tasks to queue
[2025-10-08T17:12:11.288+0000] {logging_mixin.py:188} INFO - [2025-10-08T17:12:11.287+0000] {dagbag.py:538} INFO - Filling up the DagBag from /home/airflow/.local/lib/python3.8/site-packages/airflow/example_dags/example_complex.py
[2025-10-08T17:12:11.313+0000] {processor.py:840} INFO - DAG(s) 'example_complex' retrieved from /home/airflow/.local/lib/python3.8/site-packages/airflow/example_dags/example_complex.py
[2025-10-08T17:12:11.405+0000] {logging_mixin.py:188} INFO - [2025-10-08T17:12:11.405+0000] {dag.py:3036} INFO - Sync 1 DAGs
[2025-10-08T17:12:11.422+0000] {logging_mixin.py:188} INFO - [2025-10-08T17:12:11.422+0000] {dag.py:3823} INFO - Setting next_dagrun for example_complex to None, run_after=None
[2025-10-08T17:12:11.468+0000] {processor.py:183} INFO - Processing /home/airflow/.local/lib/python3.8/site-packages/airflow/example_dags/example_complex.py took 0.190 seconds
[2025-10-08T17:12:43.772+0000] {processor.py:161} INFO - Started process (PID=383) to work on /home/airflow/.local/lib/python3.8/site-packages/airflow/example_dags/example_complex.py
[2025-10-08T17:12:43.775+0000] {processor.py:830} INFO - Processing file /home/airflow/.local/lib/python3.8/site-packages/airflow/example_dags/example_complex.py for tasks to queue
[2025-10-08T17:12:43.779+0000] {logging_mixin.py:188} INFO - [2025-10-08T17:12:43.778+0000] {dagbag.py:538} INFO - Filling up the DagBag from /home/airflow/.local/lib/python3.8/site-packages/airflow/example_dags/example_complex.py
[2025-10-08T17:12:43.801+0000] {processor.py:840} INFO - DAG(s) 'example_complex' retrieved from /home/airflow/.local/lib/python3.8/site-packages/airflow/example_dags/example_complex.py
[2025-10-08T17:12:43.873+0000] {logging_mixin.py:188} INFO - [2025-10-08T17:12:43.872+0000] {dag.py:3036} INFO - Sync 1 DAGs
[2025-10-08T17:12:43.906+0000] {logging_mixin.py:188} INFO - [2025-10-08T17:12:43.906+0000] {dag.py:3823} INFO - Setting next_dagrun for example_complex to None, run_after=None
[2025-10-08T17:12:43.964+0000] {processor.py:183} INFO - Processing /home/airflow/.local/lib/python3.8/site-packages/airflow/example_dags/example_complex.py took 0.199 seconds
[2025-10-08T17:13:14.067+0000] {processor.py:161} INFO - Started process (PID=443) to work on /home/airflow/.local/lib/python3.8/site-packages/airflow/example_dags/example_complex.py
[2025-10-08T17:13:14.069+0000] {processor.py:830} INFO - Processing file /home/airflow/.local/lib/python3.8/site-packages/airflow/example_dags/example_complex.py for tasks to queue
[2025-10-08T17:13:14.071+0000] {logging_mixin.py:188} INFO - [2025-10-08T17:13:14.071+0000] {dagbag.py:538} INFO - Filling up the DagBag from /home/airflow/.local/lib/python3.8/site-packages/airflow/example_dags/example_complex.py
[2025-10-08T17:13:14.105+0000] {processor.py:840} INFO - DAG(s) 'example_complex' retrieved from /home/airflow/.local/lib/python3.8/site-packages/airflow/example_dags/example_complex.py
[2025-10-08T17:13:14.133+0000] {logging_mixin.py:188} INFO - [2025-10-08T17:13:14.133+0000] {dag.py:3036} INFO - Sync 1 DAGs
[2025-10-08T17:13:14.163+0000] {logging_mixin.py:188} INFO - [2025-10-08T17:13:14.163+0000] {dag.py:3823} INFO - Setting next_dagrun for example_complex to None, run_after=None
[2025-10-08T17:13:14.220+0000] {processor.py:183} INFO - Processing /home/airflow/.local/lib/python3.8/site-packages/airflow/example_dags/example_complex.py took 0.158 seconds
[2025-10-08T17:13:45.888+0000] {processor.py:161} INFO - Started process (PID=503) to work on /home/airflow/.local/lib/python3.8/site-packages/airflow/example_dags/example_complex.py
[2025-10-08T17:13:45.890+0000] {processor.py:830} INFO - Processing file /home/airflow/.local/lib/python3.8/site-packages/airflow/example_dags/example_complex.py for tasks to queue
[2025-10-08T17:13:45.893+0000] {logging_mixin.py:188} INFO - [2025-10-08T17:13:45.893+0000] {dagbag.py:538} INFO - Filling up the DagBag from /home/airflow/.local/lib/python3.8/site-packages/airflow/example_dags/example_complex.py
[2025-10-08T17:13:45.910+0000] {processor.py:840} INFO - DAG(s) 'example_complex' retrieved from /home/airflow/.local/lib/python3.8/site-packages/airflow/example_dags/example_complex.py
[2025-10-08T17:13:46.068+0000] {logging_mixin.py:188} INFO - [2025-10-08T17:13:46.068+0000] {dag.py:3036} INFO - Sync 1 DAGs
[2025-10-08T17:13:46.083+0000] {logging_mixin.py:188} INFO - [2025-10-08T17:13:46.082+0000] {dag.py:3823} INFO - Setting next_dagrun for example_complex to None, run_after=None
[2025-10-08T17:13:46.154+0000] {processor.py:183} INFO - Processing /home/airflow/.local/lib/python3.8/site-packages/airflow/example_dags/example_complex.py took 0.271 seconds
[2025-10-08T17:14:17.615+0000] {processor.py:161} INFO - Started process (PID=563) to work on /home/airflow/.local/lib/python3.8/site-packages/airflow/example_dags/example_complex.py
[2025-10-08T17:14:17.617+0000] {processor.py:830} INFO - Processing file /home/airflow/.local/lib/python3.8/site-packages/airflow/example_dags/example_complex.py for tasks to queue
[2025-10-08T17:14:17.620+0000] {logging_mixin.py:188} INFO - [2025-10-08T17:14:17.619+0000] {dagbag.py:538} INFO - Filling up the DagBag from /home/airflow/.local/lib/python3.8/site-packages/airflow/example_dags/example_complex.py
[2025-10-08T17:14:17.638+0000] {processor.py:840} INFO - DAG(s) 'example_complex' retrieved from /home/airflow/.local/lib/python3.8/site-packages/airflow/example_dags/example_complex.py
[2025-10-08T17:14:17.700+0000] {logging_mixin.py:188} INFO - [2025-10-08T17:14:17.699+0000] {dag.py:3036} INFO - Sync 1 DAGs
[2025-10-08T17:14:17.719+0000] {logging_mixin.py:188} INFO - [2025-10-08T17:14:17.719+0000] {dag.py:3823} INFO - Setting next_dagrun for example_complex to None, run_after=None
[2025-10-08T17:14:17.750+0000] {processor.py:183} INFO - Processing /home/airflow/.local/lib/python3.8/site-packages/airflow/example_dags/example_complex.py took 0.140 seconds
[2025-10-08T17:14:48.260+0000] {processor.py:161} INFO - Started process (PID=622) to work on /home/airflow/.local/lib/python3.8/site-packages/airflow/example_dags/example_complex.py
[2025-10-08T17:14:48.263+0000] {processor.py:830} INFO - Processing file /home/airflow/.local/lib/python3.8/site-packages/airflow/example_dags/example_complex.py for tasks to queue
[2025-10-08T17:14:48.269+0000] {logging_mixin.py:188} INFO - [2025-10-08T17:14:48.268+0000] {dagbag.py:538} INFO - Filling up the DagBag from /home/airflow/.local/lib/python3.8/site-packages/airflow/example_dags/example_complex.py
[2025-10-08T17:14:48.293+0000] {processor.py:840} INFO - DAG(s) 'example_complex' retrieved from /home/airflow/.local/lib/python3.8/site-packages/airflow/example_dags/example_complex.py
[2025-10-08T17:14:48.344+0000] {logging_mixin.py:188} INFO - [2025-10-08T17:14:48.343+0000] {dag.py:3036} INFO - Sync 1 DAGs
[2025-10-08T17:14:48.360+0000] {logging_mixin.py:188} INFO - [2025-10-08T17:14:48.360+0000] {dag.py:3823} INFO - Setting next_dagrun for example_complex to None, run_after=None
[2025-10-08T17:14:48.387+0000] {processor.py:183} INFO - Processing /home/airflow/.local/lib/python3.8/site-packages/airflow/example_dags/example_complex.py took 0.135 seconds
[2025-10-08T17:15:19.385+0000] {processor.py:161} INFO - Started process (PID=681) to work on /home/airflow/.local/lib/python3.8/site-packages/airflow/example_dags/example_complex.py
[2025-10-08T17:15:19.387+0000] {processor.py:830} INFO - Processing file /home/airflow/.local/lib/python3.8/site-packages/airflow/example_dags/example_complex.py for tasks to queue
[2025-10-08T17:15:19.390+0000] {logging_mixin.py:188} INFO - [2025-10-08T17:15:19.389+0000] {dagbag.py:538} INFO - Filling up the DagBag from /home/airflow/.local/lib/python3.8/site-packages/airflow/example_dags/example_complex.py
[2025-10-08T17:15:19.407+0000] {processor.py:840} INFO - DAG(s) 'example_complex' retrieved from /home/airflow/.local/lib/python3.8/site-packages/airflow/example_dags/example_complex.py
[2025-10-08T17:15:19.487+0000] {logging_mixin.py:188} INFO - [2025-10-08T17:15:19.487+0000] {dag.py:3036} INFO - Sync 1 DAGs
[2025-10-08T17:15:19.505+0000] {logging_mixin.py:188} INFO - [2025-10-08T17:15:19.505+0000] {dag.py:3823} INFO - Setting next_dagrun for example_complex to None, run_after=None
[2025-10-08T17:15:19.563+0000] {processor.py:183} INFO - Processing /home/airflow/.local/lib/python3.8/site-packages/airflow/example_dags/example_complex.py took 0.182 seconds
[2025-10-08T17:15:50.484+0000] {processor.py:161} INFO - Started process (PID=741) to work on /home/airflow/.local/lib/python3.8/site-packages/airflow/example_dags/example_complex.py
[2025-10-08T17:15:50.486+0000] {processor.py:830} INFO - Processing file /home/airflow/.local/lib/python3.8/site-packages/airflow/example_dags/example_complex.py for tasks to queue
[2025-10-08T17:15:50.490+0000] {logging_mixin.py:188} INFO - [2025-10-08T17:15:50.490+0000] {dagbag.py:538} INFO - Filling up the DagBag from /home/airflow/.local/lib/python3.8/site-packages/airflow/example_dags/example_complex.py
[2025-10-08T17:15:50.516+0000] {processor.py:840} INFO - DAG(s) 'example_complex' retrieved from /home/airflow/.local/lib/python3.8/site-packages/airflow/example_dags/example_complex.py
[2025-10-08T17:15:50.585+0000] {logging_mixin.py:188} INFO - [2025-10-08T17:15:50.584+0000] {dag.py:3036} INFO - Sync 1 DAGs
[2025-10-08T17:15:50.608+0000] {logging_mixin.py:188} INFO - [2025-10-08T17:15:50.608+0000] {dag.py:3823} INFO - Setting next_dagrun for example_complex to None, run_after=None
[2025-10-08T17:15:50.647+0000] {processor.py:183} INFO - Processing /home/airflow/.local/lib/python3.8/site-packages/airflow/example_dags/example_complex.py took 0.171 seconds
[2025-10-08T17:16:21.925+0000] {processor.py:161} INFO - Started process (PID=807) to work on /home/airflow/.local/lib/python3.8/site-packages/airflow/example_dags/example_complex.py
[2025-10-08T17:16:21.927+0000] {processor.py:830} INFO - Processing file /home/airflow/.local/lib/python3.8/site-packages/airflow/example_dags/example_complex.py for tasks to queue
[2025-10-08T17:16:21.930+0000] {logging_mixin.py:188} INFO - [2025-10-08T17:16:21.929+0000] {dagbag.py:538} INFO - Filling up the DagBag from /home/airflow/.local/lib/python3.8/site-packages/airflow/example_dags/example_complex.py
[2025-10-08T17:16:21.953+0000] {processor.py:840} INFO - DAG(s) 'example_complex' retrieved from /home/airflow/.local/lib/python3.8/site-packages/airflow/example_dags/example_complex.py
[2025-10-08T17:16:22.003+0000] {logging_mixin.py:188} INFO - [2025-10-08T17:16:22.003+0000] {dag.py:3036} INFO - Sync 1 DAGs
[2025-10-08T17:16:22.021+0000] {logging_mixin.py:188} INFO - [2025-10-08T17:16:22.020+0000] {dag.py:3823} INFO - Setting next_dagrun for example_complex to None, run_after=None
[2025-10-08T17:16:22.050+0000] {processor.py:183} INFO - Processing /home/airflow/.local/lib/python3.8/site-packages/airflow/example_dags/example_complex.py took 0.129 seconds
[2025-10-08T17:16:53.044+0000] {processor.py:161} INFO - Started process (PID=868) to work on /home/airflow/.local/lib/python3.8/site-packages/airflow/example_dags/example_complex.py
[2025-10-08T17:16:53.046+0000] {processor.py:830} INFO - Processing file /home/airflow/.local/lib/python3.8/site-packages/airflow/example_dags/example_complex.py for tasks to queue
[2025-10-08T17:16:53.049+0000] {logging_mixin.py:188} INFO - [2025-10-08T17:16:53.048+0000] {dagbag.py:538} INFO - Filling up the DagBag from /home/airflow/.local/lib/python3.8/site-packages/airflow/example_dags/example_complex.py
[2025-10-08T17:16:53.066+0000] {processor.py:840} INFO - DAG(s) 'example_complex' retrieved from /home/airflow/.local/lib/python3.8/site-packages/airflow/example_dags/example_complex.py
[2025-10-08T17:16:53.120+0000] {logging_mixin.py:188} INFO - [2025-10-08T17:16:53.119+0000] {dag.py:3036} INFO - Sync 1 DAGs
[2025-10-08T17:16:53.138+0000] {logging_mixin.py:188} INFO - [2025-10-08T17:16:53.137+0000] {dag.py:3823} INFO - Setting next_dagrun for example_complex to None, run_after=None
[2025-10-08T17:16:53.192+0000] {processor.py:183} INFO - Processing /home/airflow/.local/lib/python3.8/site-packages/airflow/example_dags/example_complex.py took 0.154 seconds
[2025-10-08T17:17:25.047+0000] {processor.py:161} INFO - Started process (PID=929) to work on /home/airflow/.local/lib/python3.8/site-packages/airflow/example_dags/example_complex.py
[2025-10-08T17:17:25.049+0000] {processor.py:830} INFO - Processing file /home/airflow/.local/lib/python3.8/site-packages/airflow/example_dags/example_complex.py for tasks to queue
[2025-10-08T17:17:25.052+0000] {logging_mixin.py:188} INFO - [2025-10-08T17:17:25.051+0000] {dagbag.py:538} INFO - Filling up the DagBag from /home/airflow/.local/lib/python3.8/site-packages/airflow/example_dags/example_complex.py
[2025-10-08T17:17:25.069+0000] {processor.py:840} INFO - DAG(s) 'example_complex' retrieved from /home/airflow/.local/lib/python3.8/site-packages/airflow/example_dags/example_complex.py
[2025-10-08T17:17:25.132+0000] {logging_mixin.py:188} INFO - [2025-10-08T17:17:25.132+0000] {dag.py:3036} INFO - Sync 1 DAGs
[2025-10-08T17:17:25.151+0000] {logging_mixin.py:188} INFO - [2025-10-08T17:17:25.151+0000] {dag.py:3823} INFO - Setting next_dagrun for example_complex to None, run_after=None
[2025-10-08T17:17:25.181+0000] {processor.py:183} INFO - Processing /home/airflow/.local/lib/python3.8/site-packages/airflow/example_dags/example_complex.py took 0.139 seconds
[2025-10-08T18:19:38.799+0000] {processor.py:161} INFO - Started process (PID=65) to work on /home/airflow/.local/lib/python3.8/site-packages/airflow/example_dags/example_complex.py
[2025-10-08T18:19:38.800+0000] {processor.py:830} INFO - Processing file /home/airflow/.local/lib/python3.8/site-packages/airflow/example_dags/example_complex.py for tasks to queue
[2025-10-08T18:19:38.803+0000] {logging_mixin.py:188} INFO - [2025-10-08T18:19:38.802+0000] {dagbag.py:538} INFO - Filling up the DagBag from /home/airflow/.local/lib/python3.8/site-packages/airflow/example_dags/example_complex.py
[2025-10-08T18:19:38.824+0000] {processor.py:840} INFO - DAG(s) 'example_complex' retrieved from /home/airflow/.local/lib/python3.8/site-packages/airflow/example_dags/example_complex.py
[2025-10-08T18:19:39.037+0000] {logging_mixin.py:188} INFO - [2025-10-08T18:19:39.035+0000] {override.py:1769} INFO - Created Permission View: can edit on DAG:example_complex
[2025-10-08T18:19:39.072+0000] {logging_mixin.py:188} INFO - [2025-10-08T18:19:39.072+0000] {override.py:1769} INFO - Created Permission View: can delete on DAG:example_complex
[2025-10-08T18:19:39.087+0000] {logging_mixin.py:188} INFO - [2025-10-08T18:19:39.087+0000] {override.py:1769} INFO - Created Permission View: can read on DAG:example_complex
[2025-10-08T18:19:39.089+0000] {logging_mixin.py:188} INFO - [2025-10-08T18:19:39.088+0000] {dag.py:3036} INFO - Sync 1 DAGs
[2025-10-08T18:19:39.112+0000] {logging_mixin.py:188} INFO - [2025-10-08T18:19:39.111+0000] {dag.py:3058} INFO - Creating ORM DAG for example_complex
[2025-10-08T18:19:39.113+0000] {logging_mixin.py:188} INFO - [2025-10-08T18:19:39.113+0000] {dag.py:3823} INFO - Setting next_dagrun for example_complex to None, run_after=None
[2025-10-08T18:19:39.167+0000] {processor.py:183} INFO - Processing /home/airflow/.local/lib/python3.8/site-packages/airflow/example_dags/example_complex.py took 0.374 seconds
[2025-10-08T18:20:10.031+0000] {processor.py:161} INFO - Started process (PID=126) to work on /home/airflow/.local/lib/python3.8/site-packages/airflow/example_dags/example_complex.py
[2025-10-08T18:20:10.033+0000] {processor.py:830} INFO - Processing file /home/airflow/.local/lib/python3.8/site-packages/airflow/example_dags/example_complex.py for tasks to queue
[2025-10-08T18:20:10.036+0000] {logging_mixin.py:188} INFO - [2025-10-08T18:20:10.036+0000] {dagbag.py:538} INFO - Filling up the DagBag from /home/airflow/.local/lib/python3.8/site-packages/airflow/example_dags/example_complex.py
[2025-10-08T18:20:10.055+0000] {processor.py:840} INFO - DAG(s) 'example_complex' retrieved from /home/airflow/.local/lib/python3.8/site-packages/airflow/example_dags/example_complex.py
[2025-10-08T18:20:10.134+0000] {logging_mixin.py:188} INFO - [2025-10-08T18:20:10.133+0000] {dag.py:3036} INFO - Sync 1 DAGs
[2025-10-08T18:20:10.156+0000] {logging_mixin.py:188} INFO - [2025-10-08T18:20:10.156+0000] {dag.py:3823} INFO - Setting next_dagrun for example_complex to None, run_after=None
[2025-10-08T18:20:10.190+0000] {processor.py:183} INFO - Processing /home/airflow/.local/lib/python3.8/site-packages/airflow/example_dags/example_complex.py took 0.164 seconds
[2025-10-08T18:20:40.528+0000] {processor.py:161} INFO - Started process (PID=186) to work on /home/airflow/.local/lib/python3.8/site-packages/airflow/example_dags/example_complex.py
[2025-10-08T18:20:40.530+0000] {processor.py:830} INFO - Processing file /home/airflow/.local/lib/python3.8/site-packages/airflow/example_dags/example_complex.py for tasks to queue
[2025-10-08T18:20:40.533+0000] {logging_mixin.py:188} INFO - [2025-10-08T18:20:40.533+0000] {dagbag.py:538} INFO - Filling up the DagBag from /home/airflow/.local/lib/python3.8/site-packages/airflow/example_dags/example_complex.py
[2025-10-08T18:20:40.552+0000] {processor.py:840} INFO - DAG(s) 'example_complex' retrieved from /home/airflow/.local/lib/python3.8/site-packages/airflow/example_dags/example_complex.py
[2025-10-08T18:20:40.610+0000] {logging_mixin.py:188} INFO - [2025-10-08T18:20:40.610+0000] {dag.py:3036} INFO - Sync 1 DAGs
[2025-10-08T18:20:40.633+0000] {logging_mixin.py:188} INFO - [2025-10-08T18:20:40.632+0000] {dag.py:3823} INFO - Setting next_dagrun for example_complex to None, run_after=None
[2025-10-08T18:20:40.674+0000] {processor.py:183} INFO - Processing /home/airflow/.local/lib/python3.8/site-packages/airflow/example_dags/example_complex.py took 0.152 seconds
[2025-10-08T18:21:10.974+0000] {processor.py:161} INFO - Started process (PID=246) to work on /home/airflow/.local/lib/python3.8/site-packages/airflow/example_dags/example_complex.py
[2025-10-08T18:21:10.976+0000] {processor.py:830} INFO - Processing file /home/airflow/.local/lib/python3.8/site-packages/airflow/example_dags/example_complex.py for tasks to queue
[2025-10-08T18:21:10.980+0000] {logging_mixin.py:188} INFO - [2025-10-08T18:21:10.979+0000] {dagbag.py:538} INFO - Filling up the DagBag from /home/airflow/.local/lib/python3.8/site-packages/airflow/example_dags/example_complex.py
[2025-10-08T18:21:11.000+0000] {processor.py:840} INFO - DAG(s) 'example_complex' retrieved from /home/airflow/.local/lib/python3.8/site-packages/airflow/example_dags/example_complex.py
[2025-10-08T18:21:11.071+0000] {logging_mixin.py:188} INFO - [2025-10-08T18:21:11.071+0000] {dag.py:3036} INFO - Sync 1 DAGs
[2025-10-08T18:21:11.093+0000] {logging_mixin.py:188} INFO - [2025-10-08T18:21:11.092+0000] {dag.py:3823} INFO - Setting next_dagrun for example_complex to None, run_after=None
[2025-10-08T18:21:11.178+0000] {processor.py:183} INFO - Processing /home/airflow/.local/lib/python3.8/site-packages/airflow/example_dags/example_complex.py took 0.208 seconds
[2025-10-08T18:21:41.496+0000] {processor.py:161} INFO - Started process (PID=306) to work on /home/airflow/.local/lib/python3.8/site-packages/airflow/example_dags/example_complex.py
[2025-10-08T18:21:41.498+0000] {processor.py:830} INFO - Processing file /home/airflow/.local/lib/python3.8/site-packages/airflow/example_dags/example_complex.py for tasks to queue
[2025-10-08T18:21:41.501+0000] {logging_mixin.py:188} INFO - [2025-10-08T18:21:41.501+0000] {dagbag.py:538} INFO - Filling up the DagBag from /home/airflow/.local/lib/python3.8/site-packages/airflow/example_dags/example_complex.py
[2025-10-08T18:21:41.519+0000] {processor.py:840} INFO - DAG(s) 'example_complex' retrieved from /home/airflow/.local/lib/python3.8/site-packages/airflow/example_dags/example_complex.py
[2025-10-08T18:21:41.572+0000] {logging_mixin.py:188} INFO - [2025-10-08T18:21:41.571+0000] {dag.py:3036} INFO - Sync 1 DAGs
[2025-10-08T18:21:41.588+0000] {logging_mixin.py:188} INFO - [2025-10-08T18:21:41.588+0000] {dag.py:3823} INFO - Setting next_dagrun for example_complex to None, run_after=None
[2025-10-08T18:21:41.614+0000] {processor.py:183} INFO - Processing /home/airflow/.local/lib/python3.8/site-packages/airflow/example_dags/example_complex.py took 0.122 seconds
[2025-10-08T18:22:11.944+0000] {processor.py:161} INFO - Started process (PID=366) to work on /home/airflow/.local/lib/python3.8/site-packages/airflow/example_dags/example_complex.py
[2025-10-08T18:22:11.946+0000] {processor.py:830} INFO - Processing file /home/airflow/.local/lib/python3.8/site-packages/airflow/example_dags/example_complex.py for tasks to queue
[2025-10-08T18:22:11.949+0000] {logging_mixin.py:188} INFO - [2025-10-08T18:22:11.948+0000] {dagbag.py:538} INFO - Filling up the DagBag from /home/airflow/.local/lib/python3.8/site-packages/airflow/example_dags/example_complex.py
[2025-10-08T18:22:11.968+0000] {processor.py:840} INFO - DAG(s) 'example_complex' retrieved from /home/airflow/.local/lib/python3.8/site-packages/airflow/example_dags/example_complex.py
[2025-10-08T18:22:12.029+0000] {logging_mixin.py:188} INFO - [2025-10-08T18:22:12.028+0000] {dag.py:3036} INFO - Sync 1 DAGs
[2025-10-08T18:22:12.052+0000] {logging_mixin.py:188} INFO - [2025-10-08T18:22:12.051+0000] {dag.py:3823} INFO - Setting next_dagrun for example_complex to None, run_after=None
[2025-10-08T18:22:12.107+0000] {processor.py:183} INFO - Processing /home/airflow/.local/lib/python3.8/site-packages/airflow/example_dags/example_complex.py took 0.167 seconds
[2025-10-08T18:22:43.103+0000] {processor.py:161} INFO - Started process (PID=426) to work on /home/airflow/.local/lib/python3.8/site-packages/airflow/example_dags/example_complex.py
[2025-10-08T18:22:43.104+0000] {processor.py:830} INFO - Processing file /home/airflow/.local/lib/python3.8/site-packages/airflow/example_dags/example_complex.py for tasks to queue
[2025-10-08T18:22:43.108+0000] {logging_mixin.py:188} INFO - [2025-10-08T18:22:43.107+0000] {dagbag.py:538} INFO - Filling up the DagBag from /home/airflow/.local/lib/python3.8/site-packages/airflow/example_dags/example_complex.py
[2025-10-08T18:22:43.130+0000] {processor.py:840} INFO - DAG(s) 'example_complex' retrieved from /home/airflow/.local/lib/python3.8/site-packages/airflow/example_dags/example_complex.py
[2025-10-08T18:22:43.184+0000] {logging_mixin.py:188} INFO - [2025-10-08T18:22:43.184+0000] {dag.py:3036} INFO - Sync 1 DAGs
[2025-10-08T18:22:43.204+0000] {logging_mixin.py:188} INFO - [2025-10-08T18:22:43.203+0000] {dag.py:3823} INFO - Setting next_dagrun for example_complex to None, run_after=None
[2025-10-08T18:22:43.233+0000] {processor.py:183} INFO - Processing /home/airflow/.local/lib/python3.8/site-packages/airflow/example_dags/example_complex.py took 0.135 seconds
[2025-10-08T18:23:13.717+0000] {processor.py:161} INFO - Started process (PID=486) to work on /home/airflow/.local/lib/python3.8/site-packages/airflow/example_dags/example_complex.py
[2025-10-08T18:23:13.718+0000] {processor.py:830} INFO - Processing file /home/airflow/.local/lib/python3.8/site-packages/airflow/example_dags/example_complex.py for tasks to queue
[2025-10-08T18:23:13.722+0000] {logging_mixin.py:188} INFO - [2025-10-08T18:23:13.722+0000] {dagbag.py:538} INFO - Filling up the DagBag from /home/airflow/.local/lib/python3.8/site-packages/airflow/example_dags/example_complex.py
[2025-10-08T18:23:13.744+0000] {processor.py:840} INFO - DAG(s) 'example_complex' retrieved from /home/airflow/.local/lib/python3.8/site-packages/airflow/example_dags/example_complex.py
[2025-10-08T18:23:13.822+0000] {logging_mixin.py:188} INFO - [2025-10-08T18:23:13.822+0000] {dag.py:3036} INFO - Sync 1 DAGs
[2025-10-08T18:23:13.843+0000] {logging_mixin.py:188} INFO - [2025-10-08T18:23:13.843+0000] {dag.py:3823} INFO - Setting next_dagrun for example_complex to None, run_after=None
[2025-10-08T18:23:13.891+0000] {processor.py:183} INFO - Processing /home/airflow/.local/lib/python3.8/site-packages/airflow/example_dags/example_complex.py took 0.180 seconds
[2025-10-08T18:23:44.746+0000] {processor.py:161} INFO - Started process (PID=546) to work on /home/airflow/.local/lib/python3.8/site-packages/airflow/example_dags/example_complex.py
[2025-10-08T18:23:44.748+0000] {processor.py:830} INFO - Processing file /home/airflow/.local/lib/python3.8/site-packages/airflow/example_dags/example_complex.py for tasks to queue
[2025-10-08T18:23:44.751+0000] {logging_mixin.py:188} INFO - [2025-10-08T18:23:44.750+0000] {dagbag.py:538} INFO - Filling up the DagBag from /home/airflow/.local/lib/python3.8/site-packages/airflow/example_dags/example_complex.py
[2025-10-08T18:23:44.773+0000] {processor.py:840} INFO - DAG(s) 'example_complex' retrieved from /home/airflow/.local/lib/python3.8/site-packages/airflow/example_dags/example_complex.py
[2025-10-08T18:23:44.829+0000] {logging_mixin.py:188} INFO - [2025-10-08T18:23:44.829+0000] {dag.py:3036} INFO - Sync 1 DAGs
[2025-10-08T18:23:44.849+0000] {logging_mixin.py:188} INFO - [2025-10-08T18:23:44.848+0000] {dag.py:3823} INFO - Setting next_dagrun for example_complex to None, run_after=None
[2025-10-08T18:23:44.874+0000] {processor.py:183} INFO - Processing /home/airflow/.local/lib/python3.8/site-packages/airflow/example_dags/example_complex.py took 0.132 seconds
[2025-10-08T18:24:17.150+0000] {processor.py:161} INFO - Started process (PID=607) to work on /home/airflow/.local/lib/python3.8/site-packages/airflow/example_dags/example_complex.py
[2025-10-08T18:24:17.151+0000] {processor.py:830} INFO - Processing file /home/airflow/.local/lib/python3.8/site-packages/airflow/example_dags/example_complex.py for tasks to queue
[2025-10-08T18:24:17.155+0000] {logging_mixin.py:188} INFO - [2025-10-08T18:24:17.154+0000] {dagbag.py:538} INFO - Filling up the DagBag from /home/airflow/.local/lib/python3.8/site-packages/airflow/example_dags/example_complex.py
[2025-10-08T18:24:17.177+0000] {processor.py:840} INFO - DAG(s) 'example_complex' retrieved from /home/airflow/.local/lib/python3.8/site-packages/airflow/example_dags/example_complex.py
[2025-10-08T18:24:17.231+0000] {logging_mixin.py:188} INFO - [2025-10-08T18:24:17.230+0000] {dag.py:3036} INFO - Sync 1 DAGs
[2025-10-08T18:24:17.247+0000] {logging_mixin.py:188} INFO - [2025-10-08T18:24:17.247+0000] {dag.py:3823} INFO - Setting next_dagrun for example_complex to None, run_after=None
[2025-10-08T18:24:17.280+0000] {processor.py:183} INFO - Processing /home/airflow/.local/lib/python3.8/site-packages/airflow/example_dags/example_complex.py took 0.137 seconds
[2025-10-08T18:24:47.849+0000] {processor.py:161} INFO - Started process (PID=667) to work on /home/airflow/.local/lib/python3.8/site-packages/airflow/example_dags/example_complex.py
[2025-10-08T18:24:47.850+0000] {processor.py:830} INFO - Processing file /home/airflow/.local/lib/python3.8/site-packages/airflow/example_dags/example_complex.py for tasks to queue
[2025-10-08T18:24:47.854+0000] {logging_mixin.py:188} INFO - [2025-10-08T18:24:47.853+0000] {dagbag.py:538} INFO - Filling up the DagBag from /home/airflow/.local/lib/python3.8/site-packages/airflow/example_dags/example_complex.py
[2025-10-08T18:24:47.872+0000] {processor.py:840} INFO - DAG(s) 'example_complex' retrieved from /home/airflow/.local/lib/python3.8/site-packages/airflow/example_dags/example_complex.py
[2025-10-08T18:24:47.944+0000] {logging_mixin.py:188} INFO - [2025-10-08T18:24:47.943+0000] {dag.py:3036} INFO - Sync 1 DAGs
[2025-10-08T18:24:47.971+0000] {logging_mixin.py:188} INFO - [2025-10-08T18:24:47.970+0000] {dag.py:3823} INFO - Setting next_dagrun for example_complex to None, run_after=None
[2025-10-08T18:24:48.010+0000] {processor.py:183} INFO - Processing /home/airflow/.local/lib/python3.8/site-packages/airflow/example_dags/example_complex.py took 0.165 seconds
[2025-10-08T18:25:19.219+0000] {processor.py:161} INFO - Started process (PID=727) to work on /home/airflow/.local/lib/python3.8/site-packages/airflow/example_dags/example_complex.py
[2025-10-08T18:25:19.221+0000] {processor.py:830} INFO - Processing file /home/airflow/.local/lib/python3.8/site-packages/airflow/example_dags/example_complex.py for tasks to queue
[2025-10-08T18:25:19.224+0000] {logging_mixin.py:188} INFO - [2025-10-08T18:25:19.224+0000] {dagbag.py:538} INFO - Filling up the DagBag from /home/airflow/.local/lib/python3.8/site-packages/airflow/example_dags/example_complex.py
[2025-10-08T18:25:19.247+0000] {processor.py:840} INFO - DAG(s) 'example_complex' retrieved from /home/airflow/.local/lib/python3.8/site-packages/airflow/example_dags/example_complex.py
[2025-10-08T18:25:19.323+0000] {logging_mixin.py:188} INFO - [2025-10-08T18:25:19.323+0000] {dag.py:3036} INFO - Sync 1 DAGs
[2025-10-08T18:25:19.344+0000] {logging_mixin.py:188} INFO - [2025-10-08T18:25:19.343+0000] {dag.py:3823} INFO - Setting next_dagrun for example_complex to None, run_after=None
[2025-10-08T18:25:19.369+0000] {processor.py:183} INFO - Processing /home/airflow/.local/lib/python3.8/site-packages/airflow/example_dags/example_complex.py took 0.155 seconds
[2025-10-08T18:25:50.941+0000] {processor.py:161} INFO - Started process (PID=787) to work on /home/airflow/.local/lib/python3.8/site-packages/airflow/example_dags/example_complex.py
[2025-10-08T18:25:50.943+0000] {processor.py:830} INFO - Processing file /home/airflow/.local/lib/python3.8/site-packages/airflow/example_dags/example_complex.py for tasks to queue
[2025-10-08T18:25:50.946+0000] {logging_mixin.py:188} INFO - [2025-10-08T18:25:50.945+0000] {dagbag.py:538} INFO - Filling up the DagBag from /home/airflow/.local/lib/python3.8/site-packages/airflow/example_dags/example_complex.py
[2025-10-08T18:25:50.964+0000] {processor.py:840} INFO - DAG(s) 'example_complex' retrieved from /home/airflow/.local/lib/python3.8/site-packages/airflow/example_dags/example_complex.py
[2025-10-08T18:25:51.072+0000] {logging_mixin.py:188} INFO - [2025-10-08T18:25:51.071+0000] {dag.py:3036} INFO - Sync 1 DAGs
[2025-10-08T18:25:51.106+0000] {logging_mixin.py:188} INFO - [2025-10-08T18:25:51.105+0000] {dag.py:3823} INFO - Setting next_dagrun for example_complex to None, run_after=None
[2025-10-08T18:25:51.178+0000] {processor.py:183} INFO - Processing /home/airflow/.local/lib/python3.8/site-packages/airflow/example_dags/example_complex.py took 0.242 seconds
[2025-10-08T18:26:21.702+0000] {processor.py:161} INFO - Started process (PID=847) to work on /home/airflow/.local/lib/python3.8/site-packages/airflow/example_dags/example_complex.py
[2025-10-08T18:26:21.703+0000] {processor.py:830} INFO - Processing file /home/airflow/.local/lib/python3.8/site-packages/airflow/example_dags/example_complex.py for tasks to queue
[2025-10-08T18:26:21.706+0000] {logging_mixin.py:188} INFO - [2025-10-08T18:26:21.706+0000] {dagbag.py:538} INFO - Filling up the DagBag from /home/airflow/.local/lib/python3.8/site-packages/airflow/example_dags/example_complex.py
[2025-10-08T18:26:21.724+0000] {processor.py:840} INFO - DAG(s) 'example_complex' retrieved from /home/airflow/.local/lib/python3.8/site-packages/airflow/example_dags/example_complex.py
[2025-10-08T18:26:21.748+0000] {logging_mixin.py:188} INFO - [2025-10-08T18:26:21.747+0000] {dag.py:3036} INFO - Sync 1 DAGs
[2025-10-08T18:26:21.768+0000] {logging_mixin.py:188} INFO - [2025-10-08T18:26:21.768+0000] {dag.py:3823} INFO - Setting next_dagrun for example_complex to None, run_after=None
[2025-10-08T18:26:21.830+0000] {processor.py:183} INFO - Processing /home/airflow/.local/lib/python3.8/site-packages/airflow/example_dags/example_complex.py took 0.132 seconds
[2025-10-08T18:26:54.093+0000] {processor.py:161} INFO - Started process (PID=906) to work on /home/airflow/.local/lib/python3.8/site-packages/airflow/example_dags/example_complex.py
[2025-10-08T18:26:54.094+0000] {processor.py:830} INFO - Processing file /home/airflow/.local/lib/python3.8/site-packages/airflow/example_dags/example_complex.py for tasks to queue
[2025-10-08T18:26:54.097+0000] {logging_mixin.py:188} INFO - [2025-10-08T18:26:54.096+0000] {dagbag.py:538} INFO - Filling up the DagBag from /home/airflow/.local/lib/python3.8/site-packages/airflow/example_dags/example_complex.py
[2025-10-08T18:26:54.117+0000] {processor.py:840} INFO - DAG(s) 'example_complex' retrieved from /home/airflow/.local/lib/python3.8/site-packages/airflow/example_dags/example_complex.py
[2025-10-08T18:26:54.296+0000] {logging_mixin.py:188} INFO - [2025-10-08T18:26:54.296+0000] {dag.py:3036} INFO - Sync 1 DAGs
[2025-10-08T18:26:54.311+0000] {logging_mixin.py:188} INFO - [2025-10-08T18:26:54.311+0000] {dag.py:3823} INFO - Setting next_dagrun for example_complex to None, run_after=None
[2025-10-08T18:26:54.361+0000] {processor.py:183} INFO - Processing /home/airflow/.local/lib/python3.8/site-packages/airflow/example_dags/example_complex.py took 0.273 seconds
[2025-10-08T18:27:24.805+0000] {processor.py:161} INFO - Started process (PID=966) to work on /home/airflow/.local/lib/python3.8/site-packages/airflow/example_dags/example_complex.py
[2025-10-08T18:27:24.807+0000] {processor.py:830} INFO - Processing file /home/airflow/.local/lib/python3.8/site-packages/airflow/example_dags/example_complex.py for tasks to queue
[2025-10-08T18:27:24.810+0000] {logging_mixin.py:188} INFO - [2025-10-08T18:27:24.809+0000] {dagbag.py:538} INFO - Filling up the DagBag from /home/airflow/.local/lib/python3.8/site-packages/airflow/example_dags/example_complex.py
[2025-10-08T18:27:24.826+0000] {processor.py:840} INFO - DAG(s) 'example_complex' retrieved from /home/airflow/.local/lib/python3.8/site-packages/airflow/example_dags/example_complex.py
[2025-10-08T18:27:24.887+0000] {logging_mixin.py:188} INFO - [2025-10-08T18:27:24.886+0000] {dag.py:3036} INFO - Sync 1 DAGs
[2025-10-08T18:27:24.906+0000] {logging_mixin.py:188} INFO - [2025-10-08T18:27:24.905+0000] {dag.py:3823} INFO - Setting next_dagrun for example_complex to None, run_after=None
[2025-10-08T18:27:24.953+0000] {processor.py:183} INFO - Processing /home/airflow/.local/lib/python3.8/site-packages/airflow/example_dags/example_complex.py took 0.153 seconds
[2025-10-08T18:27:57.139+0000] {processor.py:161} INFO - Started process (PID=1027) to work on /home/airflow/.local/lib/python3.8/site-packages/airflow/example_dags/example_complex.py
[2025-10-08T18:27:57.141+0000] {processor.py:830} INFO - Processing file /home/airflow/.local/lib/python3.8/site-packages/airflow/example_dags/example_complex.py for tasks to queue
[2025-10-08T18:27:57.145+0000] {logging_mixin.py:188} INFO - [2025-10-08T18:27:57.144+0000] {dagbag.py:538} INFO - Filling up the DagBag from /home/airflow/.local/lib/python3.8/site-packages/airflow/example_dags/example_complex.py
[2025-10-08T18:27:57.163+0000] {processor.py:840} INFO - DAG(s) 'example_complex' retrieved from /home/airflow/.local/lib/python3.8/site-packages/airflow/example_dags/example_complex.py
[2025-10-08T18:27:57.216+0000] {logging_mixin.py:188} INFO - [2025-10-08T18:27:57.216+0000] {dag.py:3036} INFO - Sync 1 DAGs
[2025-10-08T18:27:57.233+0000] {logging_mixin.py:188} INFO - [2025-10-08T18:27:57.233+0000] {dag.py:3823} INFO - Setting next_dagrun for example_complex to None, run_after=None
[2025-10-08T18:27:57.278+0000] {processor.py:183} INFO - Processing /home/airflow/.local/lib/python3.8/site-packages/airflow/example_dags/example_complex.py took 0.145 seconds
[2025-10-08T18:28:28.025+0000] {processor.py:161} INFO - Started process (PID=1087) to work on /home/airflow/.local/lib/python3.8/site-packages/airflow/example_dags/example_complex.py
[2025-10-08T18:28:28.027+0000] {processor.py:830} INFO - Processing file /home/airflow/.local/lib/python3.8/site-packages/airflow/example_dags/example_complex.py for tasks to queue
[2025-10-08T18:28:28.030+0000] {logging_mixin.py:188} INFO - [2025-10-08T18:28:28.029+0000] {dagbag.py:538} INFO - Filling up the DagBag from /home/airflow/.local/lib/python3.8/site-packages/airflow/example_dags/example_complex.py
[2025-10-08T18:28:28.049+0000] {processor.py:840} INFO - DAG(s) 'example_complex' retrieved from /home/airflow/.local/lib/python3.8/site-packages/airflow/example_dags/example_complex.py
[2025-10-08T18:28:28.118+0000] {logging_mixin.py:188} INFO - [2025-10-08T18:28:28.118+0000] {dag.py:3036} INFO - Sync 1 DAGs
[2025-10-08T18:28:28.138+0000] {logging_mixin.py:188} INFO - [2025-10-08T18:28:28.138+0000] {dag.py:3823} INFO - Setting next_dagrun for example_complex to None, run_after=None
[2025-10-08T18:28:28.167+0000] {processor.py:183} INFO - Processing /home/airflow/.local/lib/python3.8/site-packages/airflow/example_dags/example_complex.py took 0.148 seconds
[2025-10-08T18:28:59.783+0000] {processor.py:161} INFO - Started process (PID=1147) to work on /home/airflow/.local/lib/python3.8/site-packages/airflow/example_dags/example_complex.py
[2025-10-08T18:28:59.785+0000] {processor.py:830} INFO - Processing file /home/airflow/.local/lib/python3.8/site-packages/airflow/example_dags/example_complex.py for tasks to queue
[2025-10-08T18:28:59.788+0000] {logging_mixin.py:188} INFO - [2025-10-08T18:28:59.788+0000] {dagbag.py:538} INFO - Filling up the DagBag from /home/airflow/.local/lib/python3.8/site-packages/airflow/example_dags/example_complex.py
[2025-10-08T18:28:59.817+0000] {processor.py:840} INFO - DAG(s) 'example_complex' retrieved from /home/airflow/.local/lib/python3.8/site-packages/airflow/example_dags/example_complex.py
[2025-10-08T18:28:59.889+0000] {logging_mixin.py:188} INFO - [2025-10-08T18:28:59.889+0000] {dag.py:3036} INFO - Sync 1 DAGs
[2025-10-08T18:28:59.907+0000] {logging_mixin.py:188} INFO - [2025-10-08T18:28:59.907+0000] {dag.py:3823} INFO - Setting next_dagrun for example_complex to None, run_after=None
[2025-10-08T18:28:59.952+0000] {processor.py:183} INFO - Processing /home/airflow/.local/lib/python3.8/site-packages/airflow/example_dags/example_complex.py took 0.180 seconds
[2025-10-08T18:29:30.888+0000] {processor.py:161} INFO - Started process (PID=1208) to work on /home/airflow/.local/lib/python3.8/site-packages/airflow/example_dags/example_complex.py
[2025-10-08T18:29:30.891+0000] {processor.py:830} INFO - Processing file /home/airflow/.local/lib/python3.8/site-packages/airflow/example_dags/example_complex.py for tasks to queue
[2025-10-08T18:29:30.896+0000] {logging_mixin.py:188} INFO - [2025-10-08T18:29:30.895+0000] {dagbag.py:538} INFO - Filling up the DagBag from /home/airflow/.local/lib/python3.8/site-packages/airflow/example_dags/example_complex.py
[2025-10-08T18:29:30.928+0000] {processor.py:840} INFO - DAG(s) 'example_complex' retrieved from /home/airflow/.local/lib/python3.8/site-packages/airflow/example_dags/example_complex.py
[2025-10-08T18:29:31.009+0000] {logging_mixin.py:188} INFO - [2025-10-08T18:29:31.008+0000] {dag.py:3036} INFO - Sync 1 DAGs
[2025-10-08T18:29:31.038+0000] {logging_mixin.py:188} INFO - [2025-10-08T18:29:31.038+0000] {dag.py:3823} INFO - Setting next_dagrun for example_complex to None, run_after=None
[2025-10-08T18:29:31.097+0000] {processor.py:183} INFO - Processing /home/airflow/.local/lib/python3.8/site-packages/airflow/example_dags/example_complex.py took 0.217 seconds
[2025-10-08T18:30:01.517+0000] {processor.py:161} INFO - Started process (PID=1269) to work on /home/airflow/.local/lib/python3.8/site-packages/airflow/example_dags/example_complex.py
[2025-10-08T18:30:01.519+0000] {processor.py:830} INFO - Processing file /home/airflow/.local/lib/python3.8/site-packages/airflow/example_dags/example_complex.py for tasks to queue
[2025-10-08T18:30:01.524+0000] {logging_mixin.py:188} INFO - [2025-10-08T18:30:01.523+0000] {dagbag.py:538} INFO - Filling up the DagBag from /home/airflow/.local/lib/python3.8/site-packages/airflow/example_dags/example_complex.py
[2025-10-08T18:30:01.552+0000] {processor.py:840} INFO - DAG(s) 'example_complex' retrieved from /home/airflow/.local/lib/python3.8/site-packages/airflow/example_dags/example_complex.py
[2025-10-08T18:30:01.627+0000] {logging_mixin.py:188} INFO - [2025-10-08T18:30:01.627+0000] {dag.py:3036} INFO - Sync 1 DAGs
[2025-10-08T18:30:01.653+0000] {logging_mixin.py:188} INFO - [2025-10-08T18:30:01.652+0000] {dag.py:3823} INFO - Setting next_dagrun for example_complex to None, run_after=None
[2025-10-08T18:30:01.686+0000] {processor.py:183} INFO - Processing /home/airflow/.local/lib/python3.8/site-packages/airflow/example_dags/example_complex.py took 0.177 seconds
[2025-10-08T18:30:32.981+0000] {processor.py:161} INFO - Started process (PID=1335) to work on /home/airflow/.local/lib/python3.8/site-packages/airflow/example_dags/example_complex.py
[2025-10-08T18:30:32.983+0000] {processor.py:830} INFO - Processing file /home/airflow/.local/lib/python3.8/site-packages/airflow/example_dags/example_complex.py for tasks to queue
[2025-10-08T18:30:32.985+0000] {logging_mixin.py:188} INFO - [2025-10-08T18:30:32.985+0000] {dagbag.py:538} INFO - Filling up the DagBag from /home/airflow/.local/lib/python3.8/site-packages/airflow/example_dags/example_complex.py
[2025-10-08T18:30:33.004+0000] {processor.py:840} INFO - DAG(s) 'example_complex' retrieved from /home/airflow/.local/lib/python3.8/site-packages/airflow/example_dags/example_complex.py
[2025-10-08T18:30:33.068+0000] {logging_mixin.py:188} INFO - [2025-10-08T18:30:33.067+0000] {dag.py:3036} INFO - Sync 1 DAGs
[2025-10-08T18:30:33.087+0000] {logging_mixin.py:188} INFO - [2025-10-08T18:30:33.087+0000] {dag.py:3823} INFO - Setting next_dagrun for example_complex to None, run_after=None
[2025-10-08T18:30:33.121+0000] {processor.py:183} INFO - Processing /home/airflow/.local/lib/python3.8/site-packages/airflow/example_dags/example_complex.py took 0.145 seconds
[2025-10-08T18:31:04.373+0000] {processor.py:161} INFO - Started process (PID=1396) to work on /home/airflow/.local/lib/python3.8/site-packages/airflow/example_dags/example_complex.py
[2025-10-08T18:31:04.375+0000] {processor.py:830} INFO - Processing file /home/airflow/.local/lib/python3.8/site-packages/airflow/example_dags/example_complex.py for tasks to queue
[2025-10-08T18:31:04.378+0000] {logging_mixin.py:188} INFO - [2025-10-08T18:31:04.378+0000] {dagbag.py:538} INFO - Filling up the DagBag from /home/airflow/.local/lib/python3.8/site-packages/airflow/example_dags/example_complex.py
[2025-10-08T18:31:04.397+0000] {processor.py:840} INFO - DAG(s) 'example_complex' retrieved from /home/airflow/.local/lib/python3.8/site-packages/airflow/example_dags/example_complex.py
[2025-10-08T18:31:04.449+0000] {logging_mixin.py:188} INFO - [2025-10-08T18:31:04.449+0000] {dag.py:3036} INFO - Sync 1 DAGs
[2025-10-08T18:31:04.467+0000] {logging_mixin.py:188} INFO - [2025-10-08T18:31:04.466+0000] {dag.py:3823} INFO - Setting next_dagrun for example_complex to None, run_after=None
[2025-10-08T18:31:04.497+0000] {processor.py:183} INFO - Processing /home/airflow/.local/lib/python3.8/site-packages/airflow/example_dags/example_complex.py took 0.128 seconds
[2025-10-08T18:31:35.975+0000] {processor.py:161} INFO - Started process (PID=1456) to work on /home/airflow/.local/lib/python3.8/site-packages/airflow/example_dags/example_complex.py
[2025-10-08T18:31:35.980+0000] {processor.py:830} INFO - Processing file /home/airflow/.local/lib/python3.8/site-packages/airflow/example_dags/example_complex.py for tasks to queue
[2025-10-08T18:31:35.990+0000] {logging_mixin.py:188} INFO - [2025-10-08T18:31:35.988+0000] {dagbag.py:538} INFO - Filling up the DagBag from /home/airflow/.local/lib/python3.8/site-packages/airflow/example_dags/example_complex.py
[2025-10-08T18:31:36.051+0000] {processor.py:840} INFO - DAG(s) 'example_complex' retrieved from /home/airflow/.local/lib/python3.8/site-packages/airflow/example_dags/example_complex.py
[2025-10-08T18:31:36.133+0000] {logging_mixin.py:188} INFO - [2025-10-08T18:31:36.132+0000] {dag.py:3036} INFO - Sync 1 DAGs
[2025-10-08T18:31:36.160+0000] {logging_mixin.py:188} INFO - [2025-10-08T18:31:36.159+0000] {dag.py:3823} INFO - Setting next_dagrun for example_complex to None, run_after=None
[2025-10-08T18:31:36.201+0000] {processor.py:183} INFO - Processing /home/airflow/.local/lib/python3.8/site-packages/airflow/example_dags/example_complex.py took 0.246 seconds
[2025-10-08T18:32:06.441+0000] {processor.py:161} INFO - Started process (PID=1516) to work on /home/airflow/.local/lib/python3.8/site-packages/airflow/example_dags/example_complex.py
[2025-10-08T18:32:06.444+0000] {processor.py:830} INFO - Processing file /home/airflow/.local/lib/python3.8/site-packages/airflow/example_dags/example_complex.py for tasks to queue
[2025-10-08T18:32:06.447+0000] {logging_mixin.py:188} INFO - [2025-10-08T18:32:06.447+0000] {dagbag.py:538} INFO - Filling up the DagBag from /home/airflow/.local/lib/python3.8/site-packages/airflow/example_dags/example_complex.py
[2025-10-08T18:32:06.476+0000] {processor.py:840} INFO - DAG(s) 'example_complex' retrieved from /home/airflow/.local/lib/python3.8/site-packages/airflow/example_dags/example_complex.py
[2025-10-08T18:32:06.540+0000] {logging_mixin.py:188} INFO - [2025-10-08T18:32:06.540+0000] {dag.py:3036} INFO - Sync 1 DAGs
[2025-10-08T18:32:06.562+0000] {logging_mixin.py:188} INFO - [2025-10-08T18:32:06.561+0000] {dag.py:3823} INFO - Setting next_dagrun for example_complex to None, run_after=None
[2025-10-08T18:32:06.596+0000] {processor.py:183} INFO - Processing /home/airflow/.local/lib/python3.8/site-packages/airflow/example_dags/example_complex.py took 0.163 seconds
[2025-10-08T18:32:38.916+0000] {processor.py:161} INFO - Started process (PID=1576) to work on /home/airflow/.local/lib/python3.8/site-packages/airflow/example_dags/example_complex.py
[2025-10-08T18:32:38.918+0000] {processor.py:830} INFO - Processing file /home/airflow/.local/lib/python3.8/site-packages/airflow/example_dags/example_complex.py for tasks to queue
[2025-10-08T18:32:38.922+0000] {logging_mixin.py:188} INFO - [2025-10-08T18:32:38.921+0000] {dagbag.py:538} INFO - Filling up the DagBag from /home/airflow/.local/lib/python3.8/site-packages/airflow/example_dags/example_complex.py
[2025-10-08T18:32:38.945+0000] {processor.py:840} INFO - DAG(s) 'example_complex' retrieved from /home/airflow/.local/lib/python3.8/site-packages/airflow/example_dags/example_complex.py
[2025-10-08T18:32:38.999+0000] {logging_mixin.py:188} INFO - [2025-10-08T18:32:38.999+0000] {dag.py:3036} INFO - Sync 1 DAGs
[2025-10-08T18:32:39.018+0000] {logging_mixin.py:188} INFO - [2025-10-08T18:32:39.018+0000] {dag.py:3823} INFO - Setting next_dagrun for example_complex to None, run_after=None
[2025-10-08T18:32:39.049+0000] {processor.py:183} INFO - Processing /home/airflow/.local/lib/python3.8/site-packages/airflow/example_dags/example_complex.py took 0.138 seconds
[2025-10-08T18:33:10.060+0000] {processor.py:161} INFO - Started process (PID=1636) to work on /home/airflow/.local/lib/python3.8/site-packages/airflow/example_dags/example_complex.py
[2025-10-08T18:33:10.062+0000] {processor.py:830} INFO - Processing file /home/airflow/.local/lib/python3.8/site-packages/airflow/example_dags/example_complex.py for tasks to queue
[2025-10-08T18:33:10.065+0000] {logging_mixin.py:188} INFO - [2025-10-08T18:33:10.064+0000] {dagbag.py:538} INFO - Filling up the DagBag from /home/airflow/.local/lib/python3.8/site-packages/airflow/example_dags/example_complex.py
[2025-10-08T18:33:10.082+0000] {processor.py:840} INFO - DAG(s) 'example_complex' retrieved from /home/airflow/.local/lib/python3.8/site-packages/airflow/example_dags/example_complex.py
[2025-10-08T18:33:10.139+0000] {logging_mixin.py:188} INFO - [2025-10-08T18:33:10.138+0000] {dag.py:3036} INFO - Sync 1 DAGs
[2025-10-08T18:33:10.160+0000] {logging_mixin.py:188} INFO - [2025-10-08T18:33:10.159+0000] {dag.py:3823} INFO - Setting next_dagrun for example_complex to None, run_after=None
[2025-10-08T18:33:10.222+0000] {processor.py:183} INFO - Processing /home/airflow/.local/lib/python3.8/site-packages/airflow/example_dags/example_complex.py took 0.167 seconds
[2025-10-08T18:33:40.493+0000] {processor.py:161} INFO - Started process (PID=1696) to work on /home/airflow/.local/lib/python3.8/site-packages/airflow/example_dags/example_complex.py
[2025-10-08T18:33:40.494+0000] {processor.py:830} INFO - Processing file /home/airflow/.local/lib/python3.8/site-packages/airflow/example_dags/example_complex.py for tasks to queue
[2025-10-08T18:33:40.497+0000] {logging_mixin.py:188} INFO - [2025-10-08T18:33:40.496+0000] {dagbag.py:538} INFO - Filling up the DagBag from /home/airflow/.local/lib/python3.8/site-packages/airflow/example_dags/example_complex.py
[2025-10-08T18:33:40.513+0000] {processor.py:840} INFO - DAG(s) 'example_complex' retrieved from /home/airflow/.local/lib/python3.8/site-packages/airflow/example_dags/example_complex.py
[2025-10-08T18:33:40.570+0000] {logging_mixin.py:188} INFO - [2025-10-08T18:33:40.569+0000] {dag.py:3036} INFO - Sync 1 DAGs
[2025-10-08T18:33:40.591+0000] {logging_mixin.py:188} INFO - [2025-10-08T18:33:40.590+0000] {dag.py:3823} INFO - Setting next_dagrun for example_complex to None, run_after=None
[2025-10-08T18:33:40.621+0000] {processor.py:183} INFO - Processing /home/airflow/.local/lib/python3.8/site-packages/airflow/example_dags/example_complex.py took 0.132 seconds
[2025-10-08T18:34:12.262+0000] {processor.py:161} INFO - Started process (PID=1756) to work on /home/airflow/.local/lib/python3.8/site-packages/airflow/example_dags/example_complex.py
[2025-10-08T18:34:12.264+0000] {processor.py:830} INFO - Processing file /home/airflow/.local/lib/python3.8/site-packages/airflow/example_dags/example_complex.py for tasks to queue
[2025-10-08T18:34:12.267+0000] {logging_mixin.py:188} INFO - [2025-10-08T18:34:12.266+0000] {dagbag.py:538} INFO - Filling up the DagBag from /home/airflow/.local/lib/python3.8/site-packages/airflow/example_dags/example_complex.py
[2025-10-08T18:34:12.288+0000] {processor.py:840} INFO - DAG(s) 'example_complex' retrieved from /home/airflow/.local/lib/python3.8/site-packages/airflow/example_dags/example_complex.py
[2025-10-08T18:34:12.398+0000] {logging_mixin.py:188} INFO - [2025-10-08T18:34:12.397+0000] {dag.py:3036} INFO - Sync 1 DAGs
[2025-10-08T18:34:12.433+0000] {logging_mixin.py:188} INFO - [2025-10-08T18:34:12.432+0000] {dag.py:3823} INFO - Setting next_dagrun for example_complex to None, run_after=None
[2025-10-08T18:34:12.490+0000] {processor.py:183} INFO - Processing /home/airflow/.local/lib/python3.8/site-packages/airflow/example_dags/example_complex.py took 0.233 seconds
[2025-10-08T18:34:43.645+0000] {processor.py:161} INFO - Started process (PID=1816) to work on /home/airflow/.local/lib/python3.8/site-packages/airflow/example_dags/example_complex.py
[2025-10-08T18:34:43.648+0000] {processor.py:830} INFO - Processing file /home/airflow/.local/lib/python3.8/site-packages/airflow/example_dags/example_complex.py for tasks to queue
[2025-10-08T18:34:43.656+0000] {logging_mixin.py:188} INFO - [2025-10-08T18:34:43.654+0000] {dagbag.py:538} INFO - Filling up the DagBag from /home/airflow/.local/lib/python3.8/site-packages/airflow/example_dags/example_complex.py
[2025-10-08T18:34:43.677+0000] {processor.py:840} INFO - DAG(s) 'example_complex' retrieved from /home/airflow/.local/lib/python3.8/site-packages/airflow/example_dags/example_complex.py
[2025-10-08T18:34:43.729+0000] {logging_mixin.py:188} INFO - [2025-10-08T18:34:43.729+0000] {dag.py:3036} INFO - Sync 1 DAGs
[2025-10-08T18:34:43.749+0000] {logging_mixin.py:188} INFO - [2025-10-08T18:34:43.748+0000] {dag.py:3823} INFO - Setting next_dagrun for example_complex to None, run_after=None
[2025-10-08T18:34:43.789+0000] {processor.py:183} INFO - Processing /home/airflow/.local/lib/python3.8/site-packages/airflow/example_dags/example_complex.py took 0.151 seconds
[2025-10-08T18:35:14.019+0000] {processor.py:161} INFO - Started process (PID=1877) to work on /home/airflow/.local/lib/python3.8/site-packages/airflow/example_dags/example_complex.py
[2025-10-08T18:35:14.020+0000] {processor.py:830} INFO - Processing file /home/airflow/.local/lib/python3.8/site-packages/airflow/example_dags/example_complex.py for tasks to queue
[2025-10-08T18:35:14.023+0000] {logging_mixin.py:188} INFO - [2025-10-08T18:35:14.023+0000] {dagbag.py:538} INFO - Filling up the DagBag from /home/airflow/.local/lib/python3.8/site-packages/airflow/example_dags/example_complex.py
[2025-10-08T18:35:14.040+0000] {processor.py:840} INFO - DAG(s) 'example_complex' retrieved from /home/airflow/.local/lib/python3.8/site-packages/airflow/example_dags/example_complex.py
[2025-10-08T18:35:14.093+0000] {logging_mixin.py:188} INFO - [2025-10-08T18:35:14.092+0000] {dag.py:3036} INFO - Sync 1 DAGs
[2025-10-08T18:35:14.111+0000] {logging_mixin.py:188} INFO - [2025-10-08T18:35:14.110+0000] {dag.py:3823} INFO - Setting next_dagrun for example_complex to None, run_after=None
[2025-10-08T18:35:14.150+0000] {processor.py:183} INFO - Processing /home/airflow/.local/lib/python3.8/site-packages/airflow/example_dags/example_complex.py took 0.136 seconds
[2025-10-08T18:35:45.427+0000] {processor.py:161} INFO - Started process (PID=1938) to work on /home/airflow/.local/lib/python3.8/site-packages/airflow/example_dags/example_complex.py
[2025-10-08T18:35:45.429+0000] {processor.py:830} INFO - Processing file /home/airflow/.local/lib/python3.8/site-packages/airflow/example_dags/example_complex.py for tasks to queue
[2025-10-08T18:35:45.434+0000] {logging_mixin.py:188} INFO - [2025-10-08T18:35:45.433+0000] {dagbag.py:538} INFO - Filling up the DagBag from /home/airflow/.local/lib/python3.8/site-packages/airflow/example_dags/example_complex.py
[2025-10-08T18:35:45.463+0000] {processor.py:840} INFO - DAG(s) 'example_complex' retrieved from /home/airflow/.local/lib/python3.8/site-packages/airflow/example_dags/example_complex.py
[2025-10-08T18:35:45.513+0000] {logging_mixin.py:188} INFO - [2025-10-08T18:35:45.513+0000] {dag.py:3036} INFO - Sync 1 DAGs
[2025-10-08T18:35:45.532+0000] {logging_mixin.py:188} INFO - [2025-10-08T18:35:45.531+0000] {dag.py:3823} INFO - Setting next_dagrun for example_complex to None, run_after=None
[2025-10-08T18:35:45.598+0000] {processor.py:183} INFO - Processing /home/airflow/.local/lib/python3.8/site-packages/airflow/example_dags/example_complex.py took 0.179 seconds
[2025-10-08T18:36:17.443+0000] {processor.py:161} INFO - Started process (PID=1998) to work on /home/airflow/.local/lib/python3.8/site-packages/airflow/example_dags/example_complex.py
[2025-10-08T18:36:17.445+0000] {processor.py:830} INFO - Processing file /home/airflow/.local/lib/python3.8/site-packages/airflow/example_dags/example_complex.py for tasks to queue
[2025-10-08T18:36:17.448+0000] {logging_mixin.py:188} INFO - [2025-10-08T18:36:17.447+0000] {dagbag.py:538} INFO - Filling up the DagBag from /home/airflow/.local/lib/python3.8/site-packages/airflow/example_dags/example_complex.py
[2025-10-08T18:36:17.468+0000] {processor.py:840} INFO - DAG(s) 'example_complex' retrieved from /home/airflow/.local/lib/python3.8/site-packages/airflow/example_dags/example_complex.py
[2025-10-08T18:36:17.525+0000] {logging_mixin.py:188} INFO - [2025-10-08T18:36:17.525+0000] {dag.py:3036} INFO - Sync 1 DAGs
[2025-10-08T18:36:17.546+0000] {logging_mixin.py:188} INFO - [2025-10-08T18:36:17.545+0000] {dag.py:3823} INFO - Setting next_dagrun for example_complex to None, run_after=None
[2025-10-08T18:36:17.592+0000] {processor.py:183} INFO - Processing /home/airflow/.local/lib/python3.8/site-packages/airflow/example_dags/example_complex.py took 0.155 seconds
[2025-10-08T18:38:56.342+0000] {processor.py:161} INFO - Started process (PID=65) to work on /home/airflow/.local/lib/python3.8/site-packages/airflow/example_dags/example_complex.py
[2025-10-08T18:38:56.344+0000] {processor.py:830} INFO - Processing file /home/airflow/.local/lib/python3.8/site-packages/airflow/example_dags/example_complex.py for tasks to queue
[2025-10-08T18:38:56.347+0000] {logging_mixin.py:188} INFO - [2025-10-08T18:38:56.347+0000] {dagbag.py:538} INFO - Filling up the DagBag from /home/airflow/.local/lib/python3.8/site-packages/airflow/example_dags/example_complex.py
[2025-10-08T18:38:56.376+0000] {processor.py:840} INFO - DAG(s) 'example_complex' retrieved from /home/airflow/.local/lib/python3.8/site-packages/airflow/example_dags/example_complex.py
[2025-10-08T18:38:56.655+0000] {logging_mixin.py:188} INFO - [2025-10-08T18:38:56.655+0000] {dag.py:3036} INFO - Sync 1 DAGs
[2025-10-08T18:38:56.680+0000] {logging_mixin.py:188} INFO - [2025-10-08T18:38:56.680+0000] {dag.py:3823} INFO - Setting next_dagrun for example_complex to None, run_after=None
[2025-10-08T18:38:56.746+0000] {processor.py:183} INFO - Processing /home/airflow/.local/lib/python3.8/site-packages/airflow/example_dags/example_complex.py took 0.410 seconds
[2025-10-08T18:39:27.718+0000] {processor.py:161} INFO - Started process (PID=125) to work on /home/airflow/.local/lib/python3.8/site-packages/airflow/example_dags/example_complex.py
[2025-10-08T18:39:27.724+0000] {processor.py:830} INFO - Processing file /home/airflow/.local/lib/python3.8/site-packages/airflow/example_dags/example_complex.py for tasks to queue
[2025-10-08T18:39:27.733+0000] {logging_mixin.py:188} INFO - [2025-10-08T18:39:27.732+0000] {dagbag.py:538} INFO - Filling up the DagBag from /home/airflow/.local/lib/python3.8/site-packages/airflow/example_dags/example_complex.py
[2025-10-08T18:39:27.801+0000] {processor.py:840} INFO - DAG(s) 'example_complex' retrieved from /home/airflow/.local/lib/python3.8/site-packages/airflow/example_dags/example_complex.py
[2025-10-08T18:39:28.004+0000] {logging_mixin.py:188} INFO - [2025-10-08T18:39:28.003+0000] {dag.py:3036} INFO - Sync 1 DAGs
[2025-10-08T18:39:28.064+0000] {logging_mixin.py:188} INFO - [2025-10-08T18:39:28.063+0000] {dag.py:3823} INFO - Setting next_dagrun for example_complex to None, run_after=None
[2025-10-08T18:39:28.172+0000] {processor.py:183} INFO - Processing /home/airflow/.local/lib/python3.8/site-packages/airflow/example_dags/example_complex.py took 0.468 seconds
[2025-10-08T18:39:58.833+0000] {processor.py:161} INFO - Started process (PID=185) to work on /home/airflow/.local/lib/python3.8/site-packages/airflow/example_dags/example_complex.py
[2025-10-08T18:39:58.835+0000] {processor.py:830} INFO - Processing file /home/airflow/.local/lib/python3.8/site-packages/airflow/example_dags/example_complex.py for tasks to queue
[2025-10-08T18:39:58.839+0000] {logging_mixin.py:188} INFO - [2025-10-08T18:39:58.838+0000] {dagbag.py:538} INFO - Filling up the DagBag from /home/airflow/.local/lib/python3.8/site-packages/airflow/example_dags/example_complex.py
[2025-10-08T18:39:58.867+0000] {processor.py:840} INFO - DAG(s) 'example_complex' retrieved from /home/airflow/.local/lib/python3.8/site-packages/airflow/example_dags/example_complex.py
[2025-10-08T18:39:58.950+0000] {logging_mixin.py:188} INFO - [2025-10-08T18:39:58.949+0000] {dag.py:3036} INFO - Sync 1 DAGs
[2025-10-08T18:39:58.978+0000] {logging_mixin.py:188} INFO - [2025-10-08T18:39:58.977+0000] {dag.py:3823} INFO - Setting next_dagrun for example_complex to None, run_after=None
[2025-10-08T18:39:59.022+0000] {processor.py:183} INFO - Processing /home/airflow/.local/lib/python3.8/site-packages/airflow/example_dags/example_complex.py took 0.195 seconds
[2025-10-08T18:40:30.255+0000] {processor.py:161} INFO - Started process (PID=245) to work on /home/airflow/.local/lib/python3.8/site-packages/airflow/example_dags/example_complex.py
[2025-10-08T18:40:30.269+0000] {processor.py:830} INFO - Processing file /home/airflow/.local/lib/python3.8/site-packages/airflow/example_dags/example_complex.py for tasks to queue
[2025-10-08T18:40:30.275+0000] {logging_mixin.py:188} INFO - [2025-10-08T18:40:30.274+0000] {dagbag.py:538} INFO - Filling up the DagBag from /home/airflow/.local/lib/python3.8/site-packages/airflow/example_dags/example_complex.py
[2025-10-08T18:40:30.305+0000] {processor.py:840} INFO - DAG(s) 'example_complex' retrieved from /home/airflow/.local/lib/python3.8/site-packages/airflow/example_dags/example_complex.py
[2025-10-08T18:40:30.409+0000] {logging_mixin.py:188} INFO - [2025-10-08T18:40:30.409+0000] {dag.py:3036} INFO - Sync 1 DAGs
[2025-10-08T18:40:30.434+0000] {logging_mixin.py:188} INFO - [2025-10-08T18:40:30.434+0000] {dag.py:3823} INFO - Setting next_dagrun for example_complex to None, run_after=None
[2025-10-08T18:40:30.491+0000] {processor.py:183} INFO - Processing /home/airflow/.local/lib/python3.8/site-packages/airflow/example_dags/example_complex.py took 0.291 seconds
[2025-10-08T18:41:01.392+0000] {processor.py:161} INFO - Started process (PID=305) to work on /home/airflow/.local/lib/python3.8/site-packages/airflow/example_dags/example_complex.py
[2025-10-08T18:41:01.394+0000] {processor.py:830} INFO - Processing file /home/airflow/.local/lib/python3.8/site-packages/airflow/example_dags/example_complex.py for tasks to queue
[2025-10-08T18:41:01.398+0000] {logging_mixin.py:188} INFO - [2025-10-08T18:41:01.397+0000] {dagbag.py:538} INFO - Filling up the DagBag from /home/airflow/.local/lib/python3.8/site-packages/airflow/example_dags/example_complex.py
[2025-10-08T18:41:01.424+0000] {processor.py:840} INFO - DAG(s) 'example_complex' retrieved from /home/airflow/.local/lib/python3.8/site-packages/airflow/example_dags/example_complex.py
[2025-10-08T18:41:01.487+0000] {logging_mixin.py:188} INFO - [2025-10-08T18:41:01.487+0000] {dag.py:3036} INFO - Sync 1 DAGs
[2025-10-08T18:41:01.510+0000] {logging_mixin.py:188} INFO - [2025-10-08T18:41:01.510+0000] {dag.py:3823} INFO - Setting next_dagrun for example_complex to None, run_after=None
[2025-10-08T18:41:01.565+0000] {processor.py:183} INFO - Processing /home/airflow/.local/lib/python3.8/site-packages/airflow/example_dags/example_complex.py took 0.178 seconds
[2025-10-08T18:41:32.201+0000] {processor.py:161} INFO - Started process (PID=371) to work on /home/airflow/.local/lib/python3.8/site-packages/airflow/example_dags/example_complex.py
[2025-10-08T18:41:32.203+0000] {processor.py:830} INFO - Processing file /home/airflow/.local/lib/python3.8/site-packages/airflow/example_dags/example_complex.py for tasks to queue
[2025-10-08T18:41:32.207+0000] {logging_mixin.py:188} INFO - [2025-10-08T18:41:32.206+0000] {dagbag.py:538} INFO - Filling up the DagBag from /home/airflow/.local/lib/python3.8/site-packages/airflow/example_dags/example_complex.py
[2025-10-08T18:41:32.229+0000] {processor.py:840} INFO - DAG(s) 'example_complex' retrieved from /home/airflow/.local/lib/python3.8/site-packages/airflow/example_dags/example_complex.py
[2025-10-08T18:41:32.304+0000] {logging_mixin.py:188} INFO - [2025-10-08T18:41:32.303+0000] {dag.py:3036} INFO - Sync 1 DAGs
[2025-10-08T18:41:32.325+0000] {logging_mixin.py:188} INFO - [2025-10-08T18:41:32.325+0000] {dag.py:3823} INFO - Setting next_dagrun for example_complex to None, run_after=None
[2025-10-08T18:41:32.393+0000] {processor.py:183} INFO - Processing /home/airflow/.local/lib/python3.8/site-packages/airflow/example_dags/example_complex.py took 0.197 seconds
[2025-10-08T18:42:03.359+0000] {processor.py:161} INFO - Started process (PID=431) to work on /home/airflow/.local/lib/python3.8/site-packages/airflow/example_dags/example_complex.py
[2025-10-08T18:42:03.361+0000] {processor.py:830} INFO - Processing file /home/airflow/.local/lib/python3.8/site-packages/airflow/example_dags/example_complex.py for tasks to queue
[2025-10-08T18:42:03.365+0000] {logging_mixin.py:188} INFO - [2025-10-08T18:42:03.364+0000] {dagbag.py:538} INFO - Filling up the DagBag from /home/airflow/.local/lib/python3.8/site-packages/airflow/example_dags/example_complex.py
[2025-10-08T18:42:03.395+0000] {processor.py:840} INFO - DAG(s) 'example_complex' retrieved from /home/airflow/.local/lib/python3.8/site-packages/airflow/example_dags/example_complex.py
[2025-10-08T18:42:03.480+0000] {logging_mixin.py:188} INFO - [2025-10-08T18:42:03.479+0000] {dag.py:3036} INFO - Sync 1 DAGs
[2025-10-08T18:42:03.521+0000] {logging_mixin.py:188} INFO - [2025-10-08T18:42:03.521+0000] {dag.py:3823} INFO - Setting next_dagrun for example_complex to None, run_after=None
[2025-10-08T18:42:03.589+0000] {processor.py:183} INFO - Processing /home/airflow/.local/lib/python3.8/site-packages/airflow/example_dags/example_complex.py took 0.238 seconds
[2025-10-08T18:42:36.701+0000] {processor.py:161} INFO - Started process (PID=491) to work on /home/airflow/.local/lib/python3.8/site-packages/airflow/example_dags/example_complex.py
[2025-10-08T18:42:36.703+0000] {processor.py:830} INFO - Processing file /home/airflow/.local/lib/python3.8/site-packages/airflow/example_dags/example_complex.py for tasks to queue
[2025-10-08T18:42:36.709+0000] {logging_mixin.py:188} INFO - [2025-10-08T18:42:36.708+0000] {dagbag.py:538} INFO - Filling up the DagBag from /home/airflow/.local/lib/python3.8/site-packages/airflow/example_dags/example_complex.py
[2025-10-08T18:42:36.752+0000] {processor.py:840} INFO - DAG(s) 'example_complex' retrieved from /home/airflow/.local/lib/python3.8/site-packages/airflow/example_dags/example_complex.py
[2025-10-08T18:42:36.895+0000] {logging_mixin.py:188} INFO - [2025-10-08T18:42:36.895+0000] {dag.py:3036} INFO - Sync 1 DAGs
[2025-10-08T18:42:36.932+0000] {logging_mixin.py:188} INFO - [2025-10-08T18:42:36.932+0000] {dag.py:3823} INFO - Setting next_dagrun for example_complex to None, run_after=None
[2025-10-08T18:42:36.987+0000] {processor.py:183} INFO - Processing /home/airflow/.local/lib/python3.8/site-packages/airflow/example_dags/example_complex.py took 0.296 seconds
[2025-10-08T18:43:09.331+0000] {processor.py:161} INFO - Started process (PID=551) to work on /home/airflow/.local/lib/python3.8/site-packages/airflow/example_dags/example_complex.py
[2025-10-08T18:43:09.335+0000] {processor.py:830} INFO - Processing file /home/airflow/.local/lib/python3.8/site-packages/airflow/example_dags/example_complex.py for tasks to queue
[2025-10-08T18:43:09.344+0000] {logging_mixin.py:188} INFO - [2025-10-08T18:43:09.343+0000] {dagbag.py:538} INFO - Filling up the DagBag from /home/airflow/.local/lib/python3.8/site-packages/airflow/example_dags/example_complex.py
[2025-10-08T18:43:09.392+0000] {processor.py:840} INFO - DAG(s) 'example_complex' retrieved from /home/airflow/.local/lib/python3.8/site-packages/airflow/example_dags/example_complex.py
[2025-10-08T18:43:09.501+0000] {logging_mixin.py:188} INFO - [2025-10-08T18:43:09.501+0000] {dag.py:3036} INFO - Sync 1 DAGs
[2025-10-08T18:43:09.534+0000] {logging_mixin.py:188} INFO - [2025-10-08T18:43:09.534+0000] {dag.py:3823} INFO - Setting next_dagrun for example_complex to None, run_after=None
[2025-10-08T18:43:09.601+0000] {processor.py:183} INFO - Processing /home/airflow/.local/lib/python3.8/site-packages/airflow/example_dags/example_complex.py took 0.286 seconds
[2025-10-08T18:43:42.918+0000] {processor.py:161} INFO - Started process (PID=612) to work on /home/airflow/.local/lib/python3.8/site-packages/airflow/example_dags/example_complex.py
[2025-10-08T18:43:42.920+0000] {processor.py:830} INFO - Processing file /home/airflow/.local/lib/python3.8/site-packages/airflow/example_dags/example_complex.py for tasks to queue
[2025-10-08T18:43:42.923+0000] {logging_mixin.py:188} INFO - [2025-10-08T18:43:42.923+0000] {dagbag.py:538} INFO - Filling up the DagBag from /home/airflow/.local/lib/python3.8/site-packages/airflow/example_dags/example_complex.py
[2025-10-08T18:43:42.944+0000] {processor.py:840} INFO - DAG(s) 'example_complex' retrieved from /home/airflow/.local/lib/python3.8/site-packages/airflow/example_dags/example_complex.py
[2025-10-08T18:43:43.012+0000] {logging_mixin.py:188} INFO - [2025-10-08T18:43:43.011+0000] {dag.py:3036} INFO - Sync 1 DAGs
[2025-10-08T18:43:43.040+0000] {logging_mixin.py:188} INFO - [2025-10-08T18:43:43.039+0000] {dag.py:3823} INFO - Setting next_dagrun for example_complex to None, run_after=None
[2025-10-08T18:43:43.121+0000] {processor.py:183} INFO - Processing /home/airflow/.local/lib/python3.8/site-packages/airflow/example_dags/example_complex.py took 0.208 seconds
[2025-10-08T18:44:13.862+0000] {processor.py:161} INFO - Started process (PID=672) to work on /home/airflow/.local/lib/python3.8/site-packages/airflow/example_dags/example_complex.py
[2025-10-08T18:44:13.867+0000] {processor.py:830} INFO - Processing file /home/airflow/.local/lib/python3.8/site-packages/airflow/example_dags/example_complex.py for tasks to queue
[2025-10-08T18:44:13.877+0000] {logging_mixin.py:188} INFO - [2025-10-08T18:44:13.876+0000] {dagbag.py:538} INFO - Filling up the DagBag from /home/airflow/.local/lib/python3.8/site-packages/airflow/example_dags/example_complex.py
[2025-10-08T18:44:13.948+0000] {processor.py:840} INFO - DAG(s) 'example_complex' retrieved from /home/airflow/.local/lib/python3.8/site-packages/airflow/example_dags/example_complex.py
[2025-10-08T18:44:14.154+0000] {logging_mixin.py:188} INFO - [2025-10-08T18:44:14.152+0000] {dag.py:3036} INFO - Sync 1 DAGs
[2025-10-08T18:44:14.208+0000] {logging_mixin.py:188} INFO - [2025-10-08T18:44:14.207+0000] {dag.py:3823} INFO - Setting next_dagrun for example_complex to None, run_after=None
[2025-10-08T18:44:14.293+0000] {processor.py:183} INFO - Processing /home/airflow/.local/lib/python3.8/site-packages/airflow/example_dags/example_complex.py took 0.445 seconds
[2025-10-08T18:44:44.757+0000] {processor.py:161} INFO - Started process (PID=732) to work on /home/airflow/.local/lib/python3.8/site-packages/airflow/example_dags/example_complex.py
[2025-10-08T18:44:44.762+0000] {processor.py:830} INFO - Processing file /home/airflow/.local/lib/python3.8/site-packages/airflow/example_dags/example_complex.py for tasks to queue
[2025-10-08T18:44:44.770+0000] {logging_mixin.py:188} INFO - [2025-10-08T18:44:44.769+0000] {dagbag.py:538} INFO - Filling up the DagBag from /home/airflow/.local/lib/python3.8/site-packages/airflow/example_dags/example_complex.py
[2025-10-08T18:44:44.831+0000] {processor.py:840} INFO - DAG(s) 'example_complex' retrieved from /home/airflow/.local/lib/python3.8/site-packages/airflow/example_dags/example_complex.py
[2025-10-08T18:44:45.032+0000] {logging_mixin.py:188} INFO - [2025-10-08T18:44:45.030+0000] {dag.py:3036} INFO - Sync 1 DAGs
[2025-10-08T18:44:45.091+0000] {logging_mixin.py:188} INFO - [2025-10-08T18:44:45.091+0000] {dag.py:3823} INFO - Setting next_dagrun for example_complex to None, run_after=None
[2025-10-08T18:44:45.135+0000] {processor.py:183} INFO - Processing /home/airflow/.local/lib/python3.8/site-packages/airflow/example_dags/example_complex.py took 0.397 seconds
[2025-10-08T18:45:15.535+0000] {processor.py:161} INFO - Started process (PID=792) to work on /home/airflow/.local/lib/python3.8/site-packages/airflow/example_dags/example_complex.py
[2025-10-08T18:45:15.538+0000] {processor.py:830} INFO - Processing file /home/airflow/.local/lib/python3.8/site-packages/airflow/example_dags/example_complex.py for tasks to queue
[2025-10-08T18:45:15.541+0000] {logging_mixin.py:188} INFO - [2025-10-08T18:45:15.541+0000] {dagbag.py:538} INFO - Filling up the DagBag from /home/airflow/.local/lib/python3.8/site-packages/airflow/example_dags/example_complex.py
[2025-10-08T18:45:15.562+0000] {processor.py:840} INFO - DAG(s) 'example_complex' retrieved from /home/airflow/.local/lib/python3.8/site-packages/airflow/example_dags/example_complex.py
[2025-10-08T18:45:15.630+0000] {logging_mixin.py:188} INFO - [2025-10-08T18:45:15.629+0000] {dag.py:3036} INFO - Sync 1 DAGs
[2025-10-08T18:45:15.651+0000] {logging_mixin.py:188} INFO - [2025-10-08T18:45:15.650+0000] {dag.py:3823} INFO - Setting next_dagrun for example_complex to None, run_after=None
[2025-10-08T18:45:15.700+0000] {processor.py:183} INFO - Processing /home/airflow/.local/lib/python3.8/site-packages/airflow/example_dags/example_complex.py took 0.169 seconds
[2025-10-08T18:45:47.938+0000] {processor.py:161} INFO - Started process (PID=852) to work on /home/airflow/.local/lib/python3.8/site-packages/airflow/example_dags/example_complex.py
[2025-10-08T18:45:47.941+0000] {processor.py:830} INFO - Processing file /home/airflow/.local/lib/python3.8/site-packages/airflow/example_dags/example_complex.py for tasks to queue
[2025-10-08T18:45:47.946+0000] {logging_mixin.py:188} INFO - [2025-10-08T18:45:47.945+0000] {dagbag.py:538} INFO - Filling up the DagBag from /home/airflow/.local/lib/python3.8/site-packages/airflow/example_dags/example_complex.py
[2025-10-08T18:45:47.996+0000] {processor.py:840} INFO - DAG(s) 'example_complex' retrieved from /home/airflow/.local/lib/python3.8/site-packages/airflow/example_dags/example_complex.py
[2025-10-08T18:45:48.129+0000] {logging_mixin.py:188} INFO - [2025-10-08T18:45:48.129+0000] {dag.py:3036} INFO - Sync 1 DAGs
[2025-10-08T18:45:48.155+0000] {logging_mixin.py:188} INFO - [2025-10-08T18:45:48.154+0000] {dag.py:3823} INFO - Setting next_dagrun for example_complex to None, run_after=None
[2025-10-08T18:45:48.199+0000] {processor.py:183} INFO - Processing /home/airflow/.local/lib/python3.8/site-packages/airflow/example_dags/example_complex.py took 0.271 seconds
[2025-10-08T18:46:18.999+0000] {processor.py:161} INFO - Started process (PID=912) to work on /home/airflow/.local/lib/python3.8/site-packages/airflow/example_dags/example_complex.py
[2025-10-08T18:46:19.003+0000] {processor.py:830} INFO - Processing file /home/airflow/.local/lib/python3.8/site-packages/airflow/example_dags/example_complex.py for tasks to queue
[2025-10-08T18:46:19.010+0000] {logging_mixin.py:188} INFO - [2025-10-08T18:46:19.009+0000] {dagbag.py:538} INFO - Filling up the DagBag from /home/airflow/.local/lib/python3.8/site-packages/airflow/example_dags/example_complex.py
[2025-10-08T18:46:19.059+0000] {processor.py:840} INFO - DAG(s) 'example_complex' retrieved from /home/airflow/.local/lib/python3.8/site-packages/airflow/example_dags/example_complex.py
[2025-10-08T18:46:19.144+0000] {logging_mixin.py:188} INFO - [2025-10-08T18:46:19.144+0000] {dag.py:3036} INFO - Sync 1 DAGs
[2025-10-08T18:46:19.170+0000] {logging_mixin.py:188} INFO - [2025-10-08T18:46:19.170+0000] {dag.py:3823} INFO - Setting next_dagrun for example_complex to None, run_after=None
[2025-10-08T18:46:19.224+0000] {processor.py:183} INFO - Processing /home/airflow/.local/lib/python3.8/site-packages/airflow/example_dags/example_complex.py took 0.233 seconds
[2025-10-08T18:46:51.948+0000] {processor.py:161} INFO - Started process (PID=972) to work on /home/airflow/.local/lib/python3.8/site-packages/airflow/example_dags/example_complex.py
[2025-10-08T18:46:51.951+0000] {processor.py:830} INFO - Processing file /home/airflow/.local/lib/python3.8/site-packages/airflow/example_dags/example_complex.py for tasks to queue
[2025-10-08T18:46:51.955+0000] {logging_mixin.py:188} INFO - [2025-10-08T18:46:51.955+0000] {dagbag.py:538} INFO - Filling up the DagBag from /home/airflow/.local/lib/python3.8/site-packages/airflow/example_dags/example_complex.py
[2025-10-08T18:46:52.006+0000] {processor.py:840} INFO - DAG(s) 'example_complex' retrieved from /home/airflow/.local/lib/python3.8/site-packages/airflow/example_dags/example_complex.py
[2025-10-08T18:46:52.175+0000] {logging_mixin.py:188} INFO - [2025-10-08T18:46:52.174+0000] {dag.py:3036} INFO - Sync 1 DAGs
[2025-10-08T18:46:52.223+0000] {logging_mixin.py:188} INFO - [2025-10-08T18:46:52.222+0000] {dag.py:3823} INFO - Setting next_dagrun for example_complex to None, run_after=None
[2025-10-08T18:46:52.322+0000] {processor.py:183} INFO - Processing /home/airflow/.local/lib/python3.8/site-packages/airflow/example_dags/example_complex.py took 0.388 seconds
[2025-10-08T18:49:43.445+0000] {processor.py:161} INFO - Started process (PID=64) to work on /home/airflow/.local/lib/python3.8/site-packages/airflow/example_dags/example_complex.py
[2025-10-08T18:49:43.447+0000] {processor.py:830} INFO - Processing file /home/airflow/.local/lib/python3.8/site-packages/airflow/example_dags/example_complex.py for tasks to queue
[2025-10-08T18:49:43.451+0000] {logging_mixin.py:188} INFO - [2025-10-08T18:49:43.451+0000] {dagbag.py:538} INFO - Filling up the DagBag from /home/airflow/.local/lib/python3.8/site-packages/airflow/example_dags/example_complex.py
[2025-10-08T18:49:43.485+0000] {processor.py:840} INFO - DAG(s) 'example_complex' retrieved from /home/airflow/.local/lib/python3.8/site-packages/airflow/example_dags/example_complex.py
[2025-10-08T18:49:43.788+0000] {logging_mixin.py:188} INFO - [2025-10-08T18:49:43.788+0000] {dag.py:3036} INFO - Sync 1 DAGs
[2025-10-08T18:49:43.811+0000] {logging_mixin.py:188} INFO - [2025-10-08T18:49:43.811+0000] {dag.py:3823} INFO - Setting next_dagrun for example_complex to None, run_after=None
[2025-10-08T18:49:43.879+0000] {processor.py:183} INFO - Processing /home/airflow/.local/lib/python3.8/site-packages/airflow/example_dags/example_complex.py took 0.441 seconds
[2025-10-08T18:50:14.527+0000] {processor.py:161} INFO - Started process (PID=124) to work on /home/airflow/.local/lib/python3.8/site-packages/airflow/example_dags/example_complex.py
[2025-10-08T18:50:14.532+0000] {processor.py:830} INFO - Processing file /home/airflow/.local/lib/python3.8/site-packages/airflow/example_dags/example_complex.py for tasks to queue
[2025-10-08T18:50:14.543+0000] {logging_mixin.py:188} INFO - [2025-10-08T18:50:14.542+0000] {dagbag.py:538} INFO - Filling up the DagBag from /home/airflow/.local/lib/python3.8/site-packages/airflow/example_dags/example_complex.py
[2025-10-08T18:50:14.617+0000] {processor.py:840} INFO - DAG(s) 'example_complex' retrieved from /home/airflow/.local/lib/python3.8/site-packages/airflow/example_dags/example_complex.py
[2025-10-08T18:50:14.807+0000] {logging_mixin.py:188} INFO - [2025-10-08T18:50:14.807+0000] {dag.py:3036} INFO - Sync 1 DAGs
[2025-10-08T18:50:14.831+0000] {logging_mixin.py:188} INFO - [2025-10-08T18:50:14.831+0000] {dag.py:3823} INFO - Setting next_dagrun for example_complex to None, run_after=None
[2025-10-08T18:50:14.864+0000] {processor.py:183} INFO - Processing /home/airflow/.local/lib/python3.8/site-packages/airflow/example_dags/example_complex.py took 0.353 seconds
[2025-10-08T18:50:46.016+0000] {processor.py:161} INFO - Started process (PID=184) to work on /home/airflow/.local/lib/python3.8/site-packages/airflow/example_dags/example_complex.py
[2025-10-08T18:50:46.019+0000] {processor.py:830} INFO - Processing file /home/airflow/.local/lib/python3.8/site-packages/airflow/example_dags/example_complex.py for tasks to queue
[2025-10-08T18:50:46.022+0000] {logging_mixin.py:188} INFO - [2025-10-08T18:50:46.022+0000] {dagbag.py:538} INFO - Filling up the DagBag from /home/airflow/.local/lib/python3.8/site-packages/airflow/example_dags/example_complex.py
[2025-10-08T18:50:46.047+0000] {processor.py:840} INFO - DAG(s) 'example_complex' retrieved from /home/airflow/.local/lib/python3.8/site-packages/airflow/example_dags/example_complex.py
[2025-10-08T18:50:46.114+0000] {logging_mixin.py:188} INFO - [2025-10-08T18:50:46.114+0000] {dag.py:3036} INFO - Sync 1 DAGs
[2025-10-08T18:50:46.140+0000] {logging_mixin.py:188} INFO - [2025-10-08T18:50:46.139+0000] {dag.py:3823} INFO - Setting next_dagrun for example_complex to None, run_after=None
[2025-10-08T18:50:46.175+0000] {processor.py:183} INFO - Processing /home/airflow/.local/lib/python3.8/site-packages/airflow/example_dags/example_complex.py took 0.169 seconds
[2025-10-08T18:51:16.472+0000] {processor.py:161} INFO - Started process (PID=244) to work on /home/airflow/.local/lib/python3.8/site-packages/airflow/example_dags/example_complex.py
[2025-10-08T18:51:16.474+0000] {processor.py:830} INFO - Processing file /home/airflow/.local/lib/python3.8/site-packages/airflow/example_dags/example_complex.py for tasks to queue
[2025-10-08T18:51:16.479+0000] {logging_mixin.py:188} INFO - [2025-10-08T18:51:16.478+0000] {dagbag.py:538} INFO - Filling up the DagBag from /home/airflow/.local/lib/python3.8/site-packages/airflow/example_dags/example_complex.py
[2025-10-08T18:51:16.507+0000] {processor.py:840} INFO - DAG(s) 'example_complex' retrieved from /home/airflow/.local/lib/python3.8/site-packages/airflow/example_dags/example_complex.py
[2025-10-08T18:51:16.608+0000] {logging_mixin.py:188} INFO - [2025-10-08T18:51:16.607+0000] {dag.py:3036} INFO - Sync 1 DAGs
[2025-10-08T18:51:16.651+0000] {logging_mixin.py:188} INFO - [2025-10-08T18:51:16.650+0000] {dag.py:3823} INFO - Setting next_dagrun for example_complex to None, run_after=None
[2025-10-08T18:51:16.720+0000] {processor.py:183} INFO - Processing /home/airflow/.local/lib/python3.8/site-packages/airflow/example_dags/example_complex.py took 0.256 seconds
[2025-10-08T18:51:47.247+0000] {processor.py:161} INFO - Started process (PID=304) to work on /home/airflow/.local/lib/python3.8/site-packages/airflow/example_dags/example_complex.py
[2025-10-08T18:51:47.250+0000] {processor.py:830} INFO - Processing file /home/airflow/.local/lib/python3.8/site-packages/airflow/example_dags/example_complex.py for tasks to queue
[2025-10-08T18:51:47.255+0000] {logging_mixin.py:188} INFO - [2025-10-08T18:51:47.254+0000] {dagbag.py:538} INFO - Filling up the DagBag from /home/airflow/.local/lib/python3.8/site-packages/airflow/example_dags/example_complex.py
[2025-10-08T18:51:47.287+0000] {processor.py:840} INFO - DAG(s) 'example_complex' retrieved from /home/airflow/.local/lib/python3.8/site-packages/airflow/example_dags/example_complex.py
[2025-10-08T18:51:47.370+0000] {logging_mixin.py:188} INFO - [2025-10-08T18:51:47.369+0000] {dag.py:3036} INFO - Sync 1 DAGs
[2025-10-08T18:51:47.405+0000] {logging_mixin.py:188} INFO - [2025-10-08T18:51:47.404+0000] {dag.py:3823} INFO - Setting next_dagrun for example_complex to None, run_after=None
[2025-10-08T18:51:47.453+0000] {processor.py:183} INFO - Processing /home/airflow/.local/lib/python3.8/site-packages/airflow/example_dags/example_complex.py took 0.213 seconds
[2025-10-08T18:52:19.817+0000] {processor.py:161} INFO - Started process (PID=371) to work on /home/airflow/.local/lib/python3.8/site-packages/airflow/example_dags/example_complex.py
[2025-10-08T18:52:19.819+0000] {processor.py:830} INFO - Processing file /home/airflow/.local/lib/python3.8/site-packages/airflow/example_dags/example_complex.py for tasks to queue
[2025-10-08T18:52:19.823+0000] {logging_mixin.py:188} INFO - [2025-10-08T18:52:19.822+0000] {dagbag.py:538} INFO - Filling up the DagBag from /home/airflow/.local/lib/python3.8/site-packages/airflow/example_dags/example_complex.py
[2025-10-08T18:52:19.845+0000] {processor.py:840} INFO - DAG(s) 'example_complex' retrieved from /home/airflow/.local/lib/python3.8/site-packages/airflow/example_dags/example_complex.py
[2025-10-08T18:52:19.917+0000] {logging_mixin.py:188} INFO - [2025-10-08T18:52:19.917+0000] {dag.py:3036} INFO - Sync 1 DAGs
[2025-10-08T18:52:19.942+0000] {logging_mixin.py:188} INFO - [2025-10-08T18:52:19.942+0000] {dag.py:3823} INFO - Setting next_dagrun for example_complex to None, run_after=None
[2025-10-08T18:52:19.980+0000] {processor.py:183} INFO - Processing /home/airflow/.local/lib/python3.8/site-packages/airflow/example_dags/example_complex.py took 0.169 seconds
[2025-10-08T18:52:50.937+0000] {processor.py:161} INFO - Started process (PID=431) to work on /home/airflow/.local/lib/python3.8/site-packages/airflow/example_dags/example_complex.py
[2025-10-08T18:52:50.939+0000] {processor.py:830} INFO - Processing file /home/airflow/.local/lib/python3.8/site-packages/airflow/example_dags/example_complex.py for tasks to queue
[2025-10-08T18:52:50.945+0000] {logging_mixin.py:188} INFO - [2025-10-08T18:52:50.944+0000] {dagbag.py:538} INFO - Filling up the DagBag from /home/airflow/.local/lib/python3.8/site-packages/airflow/example_dags/example_complex.py
[2025-10-08T18:52:50.975+0000] {processor.py:840} INFO - DAG(s) 'example_complex' retrieved from /home/airflow/.local/lib/python3.8/site-packages/airflow/example_dags/example_complex.py
[2025-10-08T18:52:51.090+0000] {logging_mixin.py:188} INFO - [2025-10-08T18:52:51.090+0000] {dag.py:3036} INFO - Sync 1 DAGs
[2025-10-08T18:52:51.120+0000] {logging_mixin.py:188} INFO - [2025-10-08T18:52:51.120+0000] {dag.py:3823} INFO - Setting next_dagrun for example_complex to None, run_after=None
[2025-10-08T18:52:51.159+0000] {processor.py:183} INFO - Processing /home/airflow/.local/lib/python3.8/site-packages/airflow/example_dags/example_complex.py took 0.231 seconds
[2025-10-08T18:53:22.452+0000] {processor.py:161} INFO - Started process (PID=492) to work on /home/airflow/.local/lib/python3.8/site-packages/airflow/example_dags/example_complex.py
[2025-10-08T18:53:22.454+0000] {processor.py:830} INFO - Processing file /home/airflow/.local/lib/python3.8/site-packages/airflow/example_dags/example_complex.py for tasks to queue
[2025-10-08T18:53:22.458+0000] {logging_mixin.py:188} INFO - [2025-10-08T18:53:22.457+0000] {dagbag.py:538} INFO - Filling up the DagBag from /home/airflow/.local/lib/python3.8/site-packages/airflow/example_dags/example_complex.py
[2025-10-08T18:53:22.482+0000] {processor.py:840} INFO - DAG(s) 'example_complex' retrieved from /home/airflow/.local/lib/python3.8/site-packages/airflow/example_dags/example_complex.py
[2025-10-08T18:53:22.563+0000] {logging_mixin.py:188} INFO - [2025-10-08T18:53:22.562+0000] {dag.py:3036} INFO - Sync 1 DAGs
[2025-10-08T18:53:22.589+0000] {logging_mixin.py:188} INFO - [2025-10-08T18:53:22.589+0000] {dag.py:3823} INFO - Setting next_dagrun for example_complex to None, run_after=None
[2025-10-08T18:53:22.628+0000] {processor.py:183} INFO - Processing /home/airflow/.local/lib/python3.8/site-packages/airflow/example_dags/example_complex.py took 0.181 seconds
[2025-10-08T18:53:52.813+0000] {processor.py:161} INFO - Started process (PID=550) to work on /home/airflow/.local/lib/python3.8/site-packages/airflow/example_dags/example_complex.py
[2025-10-08T18:53:52.818+0000] {processor.py:830} INFO - Processing file /home/airflow/.local/lib/python3.8/site-packages/airflow/example_dags/example_complex.py for tasks to queue
[2025-10-08T18:53:52.826+0000] {logging_mixin.py:188} INFO - [2025-10-08T18:53:52.825+0000] {dagbag.py:538} INFO - Filling up the DagBag from /home/airflow/.local/lib/python3.8/site-packages/airflow/example_dags/example_complex.py
[2025-10-08T18:53:52.885+0000] {processor.py:840} INFO - DAG(s) 'example_complex' retrieved from /home/airflow/.local/lib/python3.8/site-packages/airflow/example_dags/example_complex.py
[2025-10-08T18:53:53.068+0000] {logging_mixin.py:188} INFO - [2025-10-08T18:53:53.067+0000] {dag.py:3036} INFO - Sync 1 DAGs
[2025-10-08T18:53:53.134+0000] {logging_mixin.py:188} INFO - [2025-10-08T18:53:53.133+0000] {dag.py:3823} INFO - Setting next_dagrun for example_complex to None, run_after=None
[2025-10-08T18:53:53.202+0000] {processor.py:183} INFO - Processing /home/airflow/.local/lib/python3.8/site-packages/airflow/example_dags/example_complex.py took 0.403 seconds
[2025-10-08T18:58:01.606+0000] {processor.py:161} INFO - Started process (PID=66) to work on /home/airflow/.local/lib/python3.8/site-packages/airflow/example_dags/example_complex.py
[2025-10-08T18:58:01.608+0000] {processor.py:830} INFO - Processing file /home/airflow/.local/lib/python3.8/site-packages/airflow/example_dags/example_complex.py for tasks to queue
[2025-10-08T18:58:01.612+0000] {logging_mixin.py:188} INFO - [2025-10-08T18:58:01.612+0000] {dagbag.py:538} INFO - Filling up the DagBag from /home/airflow/.local/lib/python3.8/site-packages/airflow/example_dags/example_complex.py
[2025-10-08T18:58:01.640+0000] {processor.py:840} INFO - DAG(s) 'example_complex' retrieved from /home/airflow/.local/lib/python3.8/site-packages/airflow/example_dags/example_complex.py
[2025-10-08T18:58:01.901+0000] {logging_mixin.py:188} INFO - [2025-10-08T18:58:01.901+0000] {dag.py:3036} INFO - Sync 1 DAGs
[2025-10-08T18:58:01.924+0000] {logging_mixin.py:188} INFO - [2025-10-08T18:58:01.923+0000] {dag.py:3823} INFO - Setting next_dagrun for example_complex to None, run_after=None
[2025-10-08T18:58:01.990+0000] {processor.py:183} INFO - Processing /home/airflow/.local/lib/python3.8/site-packages/airflow/example_dags/example_complex.py took 0.392 seconds
[2025-10-08T18:58:32.921+0000] {processor.py:161} INFO - Started process (PID=126) to work on /home/airflow/.local/lib/python3.8/site-packages/airflow/example_dags/example_complex.py
[2025-10-08T18:58:32.927+0000] {processor.py:830} INFO - Processing file /home/airflow/.local/lib/python3.8/site-packages/airflow/example_dags/example_complex.py for tasks to queue
[2025-10-08T18:58:32.937+0000] {logging_mixin.py:188} INFO - [2025-10-08T18:58:32.935+0000] {dagbag.py:538} INFO - Filling up the DagBag from /home/airflow/.local/lib/python3.8/site-packages/airflow/example_dags/example_complex.py
[2025-10-08T18:58:33.002+0000] {processor.py:840} INFO - DAG(s) 'example_complex' retrieved from /home/airflow/.local/lib/python3.8/site-packages/airflow/example_dags/example_complex.py
[2025-10-08T18:58:33.251+0000] {logging_mixin.py:188} INFO - [2025-10-08T18:58:33.249+0000] {dag.py:3036} INFO - Sync 1 DAGs
[2025-10-08T18:58:33.334+0000] {logging_mixin.py:188} INFO - [2025-10-08T18:58:33.334+0000] {dag.py:3823} INFO - Setting next_dagrun for example_complex to None, run_after=None
[2025-10-08T18:58:33.369+0000] {processor.py:183} INFO - Processing /home/airflow/.local/lib/python3.8/site-packages/airflow/example_dags/example_complex.py took 0.464 seconds
[2025-10-08T18:59:05.514+0000] {processor.py:161} INFO - Started process (PID=186) to work on /home/airflow/.local/lib/python3.8/site-packages/airflow/example_dags/example_complex.py
[2025-10-08T18:59:05.541+0000] {processor.py:830} INFO - Processing file /home/airflow/.local/lib/python3.8/site-packages/airflow/example_dags/example_complex.py for tasks to queue
[2025-10-08T18:59:05.551+0000] {logging_mixin.py:188} INFO - [2025-10-08T18:59:05.550+0000] {dagbag.py:538} INFO - Filling up the DagBag from /home/airflow/.local/lib/python3.8/site-packages/airflow/example_dags/example_complex.py
[2025-10-08T18:59:05.646+0000] {processor.py:840} INFO - DAG(s) 'example_complex' retrieved from /home/airflow/.local/lib/python3.8/site-packages/airflow/example_dags/example_complex.py
[2025-10-08T18:59:05.854+0000] {logging_mixin.py:188} INFO - [2025-10-08T18:59:05.853+0000] {dag.py:3036} INFO - Sync 1 DAGs
[2025-10-08T18:59:05.909+0000] {logging_mixin.py:188} INFO - [2025-10-08T18:59:05.908+0000] {dag.py:3823} INFO - Setting next_dagrun for example_complex to None, run_after=None
[2025-10-08T18:59:05.993+0000] {processor.py:183} INFO - Processing /home/airflow/.local/lib/python3.8/site-packages/airflow/example_dags/example_complex.py took 0.500 seconds
[2025-10-08T18:59:36.244+0000] {processor.py:161} INFO - Started process (PID=246) to work on /home/airflow/.local/lib/python3.8/site-packages/airflow/example_dags/example_complex.py
[2025-10-08T18:59:36.249+0000] {processor.py:830} INFO - Processing file /home/airflow/.local/lib/python3.8/site-packages/airflow/example_dags/example_complex.py for tasks to queue
[2025-10-08T18:59:36.258+0000] {logging_mixin.py:188} INFO - [2025-10-08T18:59:36.256+0000] {dagbag.py:538} INFO - Filling up the DagBag from /home/airflow/.local/lib/python3.8/site-packages/airflow/example_dags/example_complex.py
[2025-10-08T18:59:36.319+0000] {processor.py:840} INFO - DAG(s) 'example_complex' retrieved from /home/airflow/.local/lib/python3.8/site-packages/airflow/example_dags/example_complex.py
[2025-10-08T18:59:36.533+0000] {logging_mixin.py:188} INFO - [2025-10-08T18:59:36.532+0000] {dag.py:3036} INFO - Sync 1 DAGs
[2025-10-08T18:59:36.568+0000] {logging_mixin.py:188} INFO - [2025-10-08T18:59:36.568+0000] {dag.py:3823} INFO - Setting next_dagrun for example_complex to None, run_after=None
[2025-10-08T18:59:36.605+0000] {processor.py:183} INFO - Processing /home/airflow/.local/lib/python3.8/site-packages/airflow/example_dags/example_complex.py took 0.374 seconds
[2025-10-08T19:00:07.227+0000] {processor.py:161} INFO - Started process (PID=306) to work on /home/airflow/.local/lib/python3.8/site-packages/airflow/example_dags/example_complex.py
[2025-10-08T19:00:07.229+0000] {processor.py:830} INFO - Processing file /home/airflow/.local/lib/python3.8/site-packages/airflow/example_dags/example_complex.py for tasks to queue
[2025-10-08T19:00:07.232+0000] {logging_mixin.py:188} INFO - [2025-10-08T19:00:07.232+0000] {dagbag.py:538} INFO - Filling up the DagBag from /home/airflow/.local/lib/python3.8/site-packages/airflow/example_dags/example_complex.py
[2025-10-08T19:00:07.279+0000] {processor.py:840} INFO - DAG(s) 'example_complex' retrieved from /home/airflow/.local/lib/python3.8/site-packages/airflow/example_dags/example_complex.py
[2025-10-08T19:00:07.343+0000] {logging_mixin.py:188} INFO - [2025-10-08T19:00:07.343+0000] {dag.py:3036} INFO - Sync 1 DAGs
[2025-10-08T19:00:07.364+0000] {logging_mixin.py:188} INFO - [2025-10-08T19:00:07.364+0000] {dag.py:3823} INFO - Setting next_dagrun for example_complex to None, run_after=None
[2025-10-08T19:00:07.423+0000] {processor.py:183} INFO - Processing /home/airflow/.local/lib/python3.8/site-packages/airflow/example_dags/example_complex.py took 0.202 seconds
[2025-10-08T19:00:39.156+0000] {processor.py:161} INFO - Started process (PID=373) to work on /home/airflow/.local/lib/python3.8/site-packages/airflow/example_dags/example_complex.py
[2025-10-08T19:00:39.158+0000] {processor.py:830} INFO - Processing file /home/airflow/.local/lib/python3.8/site-packages/airflow/example_dags/example_complex.py for tasks to queue
[2025-10-08T19:00:39.161+0000] {logging_mixin.py:188} INFO - [2025-10-08T19:00:39.160+0000] {dagbag.py:538} INFO - Filling up the DagBag from /home/airflow/.local/lib/python3.8/site-packages/airflow/example_dags/example_complex.py
[2025-10-08T19:00:39.181+0000] {processor.py:840} INFO - DAG(s) 'example_complex' retrieved from /home/airflow/.local/lib/python3.8/site-packages/airflow/example_dags/example_complex.py
[2025-10-08T19:00:39.289+0000] {logging_mixin.py:188} INFO - [2025-10-08T19:00:39.288+0000] {dag.py:3036} INFO - Sync 1 DAGs
[2025-10-08T19:00:39.350+0000] {logging_mixin.py:188} INFO - [2025-10-08T19:00:39.350+0000] {dag.py:3823} INFO - Setting next_dagrun for example_complex to None, run_after=None
[2025-10-08T19:00:39.411+0000] {processor.py:183} INFO - Processing /home/airflow/.local/lib/python3.8/site-packages/airflow/example_dags/example_complex.py took 0.263 seconds
[2025-10-08T19:01:11.182+0000] {processor.py:161} INFO - Started process (PID=433) to work on /home/airflow/.local/lib/python3.8/site-packages/airflow/example_dags/example_complex.py
[2025-10-08T19:01:11.184+0000] {processor.py:830} INFO - Processing file /home/airflow/.local/lib/python3.8/site-packages/airflow/example_dags/example_complex.py for tasks to queue
[2025-10-08T19:01:11.188+0000] {logging_mixin.py:188} INFO - [2025-10-08T19:01:11.188+0000] {dagbag.py:538} INFO - Filling up the DagBag from /home/airflow/.local/lib/python3.8/site-packages/airflow/example_dags/example_complex.py
[2025-10-08T19:01:11.220+0000] {processor.py:840} INFO - DAG(s) 'example_complex' retrieved from /home/airflow/.local/lib/python3.8/site-packages/airflow/example_dags/example_complex.py
[2025-10-08T19:01:11.320+0000] {logging_mixin.py:188} INFO - [2025-10-08T19:01:11.319+0000] {dag.py:3036} INFO - Sync 1 DAGs
[2025-10-08T19:01:11.356+0000] {logging_mixin.py:188} INFO - [2025-10-08T19:01:11.355+0000] {dag.py:3823} INFO - Setting next_dagrun for example_complex to None, run_after=None
[2025-10-08T19:01:11.440+0000] {processor.py:183} INFO - Processing /home/airflow/.local/lib/python3.8/site-packages/airflow/example_dags/example_complex.py took 0.265 seconds
[2025-10-08T19:01:43.091+0000] {processor.py:161} INFO - Started process (PID=493) to work on /home/airflow/.local/lib/python3.8/site-packages/airflow/example_dags/example_complex.py
[2025-10-08T19:01:43.096+0000] {processor.py:830} INFO - Processing file /home/airflow/.local/lib/python3.8/site-packages/airflow/example_dags/example_complex.py for tasks to queue
[2025-10-08T19:01:43.104+0000] {logging_mixin.py:188} INFO - [2025-10-08T19:01:43.103+0000] {dagbag.py:538} INFO - Filling up the DagBag from /home/airflow/.local/lib/python3.8/site-packages/airflow/example_dags/example_complex.py
[2025-10-08T19:01:43.152+0000] {processor.py:840} INFO - DAG(s) 'example_complex' retrieved from /home/airflow/.local/lib/python3.8/site-packages/airflow/example_dags/example_complex.py
[2025-10-08T19:01:43.223+0000] {logging_mixin.py:188} INFO - [2025-10-08T19:01:43.223+0000] {dag.py:3036} INFO - Sync 1 DAGs
[2025-10-08T19:01:43.244+0000] {logging_mixin.py:188} INFO - [2025-10-08T19:01:43.244+0000] {dag.py:3823} INFO - Setting next_dagrun for example_complex to None, run_after=None
[2025-10-08T19:01:43.311+0000] {processor.py:183} INFO - Processing /home/airflow/.local/lib/python3.8/site-packages/airflow/example_dags/example_complex.py took 0.235 seconds
[2025-10-08T19:02:14.523+0000] {processor.py:161} INFO - Started process (PID=553) to work on /home/airflow/.local/lib/python3.8/site-packages/airflow/example_dags/example_complex.py
[2025-10-08T19:02:14.526+0000] {processor.py:830} INFO - Processing file /home/airflow/.local/lib/python3.8/site-packages/airflow/example_dags/example_complex.py for tasks to queue
[2025-10-08T19:02:14.532+0000] {logging_mixin.py:188} INFO - [2025-10-08T19:02:14.531+0000] {dagbag.py:538} INFO - Filling up the DagBag from /home/airflow/.local/lib/python3.8/site-packages/airflow/example_dags/example_complex.py
[2025-10-08T19:02:14.572+0000] {processor.py:840} INFO - DAG(s) 'example_complex' retrieved from /home/airflow/.local/lib/python3.8/site-packages/airflow/example_dags/example_complex.py
[2025-10-08T19:02:14.691+0000] {logging_mixin.py:188} INFO - [2025-10-08T19:02:14.691+0000] {dag.py:3036} INFO - Sync 1 DAGs
[2025-10-08T19:02:14.723+0000] {logging_mixin.py:188} INFO - [2025-10-08T19:02:14.723+0000] {dag.py:3823} INFO - Setting next_dagrun for example_complex to None, run_after=None
[2025-10-08T19:02:14.800+0000] {processor.py:183} INFO - Processing /home/airflow/.local/lib/python3.8/site-packages/airflow/example_dags/example_complex.py took 0.289 seconds
[2025-10-08T19:02:45.543+0000] {processor.py:161} INFO - Started process (PID=613) to work on /home/airflow/.local/lib/python3.8/site-packages/airflow/example_dags/example_complex.py
[2025-10-08T19:02:45.560+0000] {processor.py:830} INFO - Processing file /home/airflow/.local/lib/python3.8/site-packages/airflow/example_dags/example_complex.py for tasks to queue
[2025-10-08T19:02:45.585+0000] {logging_mixin.py:188} INFO - [2025-10-08T19:02:45.582+0000] {dagbag.py:538} INFO - Filling up the DagBag from /home/airflow/.local/lib/python3.8/site-packages/airflow/example_dags/example_complex.py
[2025-10-08T19:02:45.687+0000] {processor.py:840} INFO - DAG(s) 'example_complex' retrieved from /home/airflow/.local/lib/python3.8/site-packages/airflow/example_dags/example_complex.py
[2025-10-08T19:02:45.749+0000] {logging_mixin.py:188} INFO - [2025-10-08T19:02:45.749+0000] {dag.py:3036} INFO - Sync 1 DAGs
[2025-10-08T19:02:45.769+0000] {logging_mixin.py:188} INFO - [2025-10-08T19:02:45.769+0000] {dag.py:3823} INFO - Setting next_dagrun for example_complex to None, run_after=None
[2025-10-08T19:02:45.805+0000] {processor.py:183} INFO - Processing /home/airflow/.local/lib/python3.8/site-packages/airflow/example_dags/example_complex.py took 0.299 seconds
[2025-10-08T19:03:16.796+0000] {processor.py:161} INFO - Started process (PID=673) to work on /home/airflow/.local/lib/python3.8/site-packages/airflow/example_dags/example_complex.py
[2025-10-08T19:03:16.799+0000] {processor.py:830} INFO - Processing file /home/airflow/.local/lib/python3.8/site-packages/airflow/example_dags/example_complex.py for tasks to queue
[2025-10-08T19:03:16.804+0000] {logging_mixin.py:188} INFO - [2025-10-08T19:03:16.803+0000] {dagbag.py:538} INFO - Filling up the DagBag from /home/airflow/.local/lib/python3.8/site-packages/airflow/example_dags/example_complex.py
[2025-10-08T19:03:16.836+0000] {processor.py:840} INFO - DAG(s) 'example_complex' retrieved from /home/airflow/.local/lib/python3.8/site-packages/airflow/example_dags/example_complex.py
[2025-10-08T19:03:16.938+0000] {logging_mixin.py:188} INFO - [2025-10-08T19:03:16.937+0000] {dag.py:3036} INFO - Sync 1 DAGs
[2025-10-08T19:03:16.968+0000] {logging_mixin.py:188} INFO - [2025-10-08T19:03:16.967+0000] {dag.py:3823} INFO - Setting next_dagrun for example_complex to None, run_after=None
[2025-10-08T19:03:17.014+0000] {processor.py:183} INFO - Processing /home/airflow/.local/lib/python3.8/site-packages/airflow/example_dags/example_complex.py took 0.226 seconds
[2025-10-08T19:03:47.503+0000] {processor.py:161} INFO - Started process (PID=733) to work on /home/airflow/.local/lib/python3.8/site-packages/airflow/example_dags/example_complex.py
[2025-10-08T19:03:47.505+0000] {processor.py:830} INFO - Processing file /home/airflow/.local/lib/python3.8/site-packages/airflow/example_dags/example_complex.py for tasks to queue
[2025-10-08T19:03:47.509+0000] {logging_mixin.py:188} INFO - [2025-10-08T19:03:47.508+0000] {dagbag.py:538} INFO - Filling up the DagBag from /home/airflow/.local/lib/python3.8/site-packages/airflow/example_dags/example_complex.py
[2025-10-08T19:03:47.536+0000] {processor.py:840} INFO - DAG(s) 'example_complex' retrieved from /home/airflow/.local/lib/python3.8/site-packages/airflow/example_dags/example_complex.py
[2025-10-08T19:03:47.620+0000] {logging_mixin.py:188} INFO - [2025-10-08T19:03:47.619+0000] {dag.py:3036} INFO - Sync 1 DAGs
[2025-10-08T19:03:47.645+0000] {logging_mixin.py:188} INFO - [2025-10-08T19:03:47.645+0000] {dag.py:3823} INFO - Setting next_dagrun for example_complex to None, run_after=None
[2025-10-08T19:03:47.699+0000] {processor.py:183} INFO - Processing /home/airflow/.local/lib/python3.8/site-packages/airflow/example_dags/example_complex.py took 0.201 seconds
[2025-10-08T19:04:18.248+0000] {processor.py:161} INFO - Started process (PID=792) to work on /home/airflow/.local/lib/python3.8/site-packages/airflow/example_dags/example_complex.py
[2025-10-08T19:04:18.252+0000] {processor.py:830} INFO - Processing file /home/airflow/.local/lib/python3.8/site-packages/airflow/example_dags/example_complex.py for tasks to queue
[2025-10-08T19:04:18.262+0000] {logging_mixin.py:188} INFO - [2025-10-08T19:04:18.261+0000] {dagbag.py:538} INFO - Filling up the DagBag from /home/airflow/.local/lib/python3.8/site-packages/airflow/example_dags/example_complex.py
[2025-10-08T19:04:18.324+0000] {processor.py:840} INFO - DAG(s) 'example_complex' retrieved from /home/airflow/.local/lib/python3.8/site-packages/airflow/example_dags/example_complex.py
[2025-10-08T19:04:18.477+0000] {logging_mixin.py:188} INFO - [2025-10-08T19:04:18.476+0000] {dag.py:3036} INFO - Sync 1 DAGs
[2025-10-08T19:04:18.504+0000] {logging_mixin.py:188} INFO - [2025-10-08T19:04:18.504+0000] {dag.py:3823} INFO - Setting next_dagrun for example_complex to None, run_after=None
[2025-10-08T19:04:18.588+0000] {processor.py:183} INFO - Processing /home/airflow/.local/lib/python3.8/site-packages/airflow/example_dags/example_complex.py took 0.362 seconds
[2025-10-08T19:04:48.673+0000] {processor.py:161} INFO - Started process (PID=851) to work on /home/airflow/.local/lib/python3.8/site-packages/airflow/example_dags/example_complex.py
[2025-10-08T19:04:48.674+0000] {processor.py:830} INFO - Processing file /home/airflow/.local/lib/python3.8/site-packages/airflow/example_dags/example_complex.py for tasks to queue
[2025-10-08T19:04:48.677+0000] {logging_mixin.py:188} INFO - [2025-10-08T19:04:48.676+0000] {dagbag.py:538} INFO - Filling up the DagBag from /home/airflow/.local/lib/python3.8/site-packages/airflow/example_dags/example_complex.py
[2025-10-08T19:04:48.698+0000] {processor.py:840} INFO - DAG(s) 'example_complex' retrieved from /home/airflow/.local/lib/python3.8/site-packages/airflow/example_dags/example_complex.py
[2025-10-08T19:04:48.747+0000] {logging_mixin.py:188} INFO - [2025-10-08T19:04:48.747+0000] {dag.py:3036} INFO - Sync 1 DAGs
[2025-10-08T19:04:48.763+0000] {logging_mixin.py:188} INFO - [2025-10-08T19:04:48.763+0000] {dag.py:3823} INFO - Setting next_dagrun for example_complex to None, run_after=None
[2025-10-08T19:04:48.811+0000] {processor.py:183} INFO - Processing /home/airflow/.local/lib/python3.8/site-packages/airflow/example_dags/example_complex.py took 0.142 seconds
